bango_drop_id,native_rate_id
1,1
2,2
4,4
4,5
5,6
5,7
6,8
6,9
7,10
8,11
9,12
10,13
18,15
20,16
21,17
22,18
23,19
25,21
25,22
26,23
26,24
27,25
27,26
28,27
29,28
30,29
31,30
39,32
41,33
41,41
41,44
42,34
42,42
42,45
43,35
43,43
43,46
44,36
46,38
47,39
48,40
49,47
50,48
51,49
52,50
52,53
53,51
53,54
54,52
54,55
55,56
56,57
57,58
58,59
66,61
68,62
69,63
69,69
69,72
70,64
70,70
70,73
71,65
71,71
71,74
72,66
73,67
74,68
75,75
76,76
77,77
78,78
78,81
79,79
79,82
80,80
80,83
81,84
82,85
83,86
84,87
91,89
93,90
94,91
95,92
96,93
98,95
98,96
99,97
99,98
100,99
100,100
101,101
102,102
103,103
104,104
105,105
106,106
107,107
112,109
113,110
113,124
113,125
113,126
113,127
113,135
114,111
114,128
114,129
114,130
114,131
115,112
116,113
117,114
118,115
119,116
120,117
121,118
122,119
123,120
124,121
125,122
127,132
127,133
128,134
129,137
130,138
131,139
132,140
138,157
138,158
138,159
138,160
138,168
138,169
139,161
139,162
139,163
139,164
140,145
141,146
142,147
143,148
144,149
145,150
151,156
152,165
152,166
153,167
154,170
155,171
156,172
157,173
163,175
164,176
166,177
167,178
168,179
170,181
170,184
171,182
171,186
172,183
172,185
174,188
175,189
177,191
177,194
178,192
178,196
179,193
179,195
180,197
181,198
182,199
183,200
188,202
189,203
189,211
189,212
189,213
189,214
189,215
189,216
190,204
191,205
192,206
193,207
194,208
195,209
197,217
197,218
197,219
198,220
199,221
200,222
201,223
202,224
203,225
204,226
209,228
216,229
217,230
218,231
218,242
218,243
219,232
219,244
220,233
221,234
222,235
223,236
225,238
225,239
225,240
225,241
225,248
225,249
226,245
226,246
226,247
227,250
228,251
229,252
230,253
231,254
232,255
233,256
234,257
235,258
236,259
237,260
238,261
239,262
240,263
241,264
242,265
243,266
244,267
245,268
246,269
247,270
248,271
257,273
258,274
265,275
265,284
265,285
265,293
266,276
267,277
268,278
269,279
270,280
271,281
272,282
274,286
274,287
274,288
274,289
275,290
275,291
276,292
277,294
278,295
279,296
280,297
281,298
282,299
283,300
284,301
285,302
286,303
287,304
288,305
289,306
290,307
291,308
292,309
293,310
294,311
295,312
296,313
297,314
297,11294
298,315
307,317
309,318
310,319
310,328
310,329
310,337
311,320
312,321
313,322
314,323
315,324
316,325
317,326
319,330
319,331
319,332
319,333
320,334
320,335
321,336
322,338
323,339
324,340
325,341
326,342
327,343
328,344
329,345
330,346
331,347
332,348
333,349
334,350
335,351
336,352
337,353
338,354
339,355
340,356
341,357
342,358
343,359
352,361
353,362
355,363
355,373
355,374
355,381
356,364
357,365
358,366
359,367
360,368
361,369
362,370
363,371
365,375
365,376
365,377
365,378
366,379
367,380
368,382
369,383
370,384
371,385
372,386
373,387
374,388
375,389
376,390
377,391
378,392
379,393
380,394
381,395
382,396
383,397
384,398
385,399
386,400
387,401
388,402
389,403
398,405
399,406
400,407
401,408
403,409
404,410
405,411
406,412
408,414
408,417
408,420
409,415
409,418
409,421
410,416
410,419
410,422
411,423
412,424
413,425
414,426
415,427
416,428
417,429
418,430
419,431
420,432
421,433
422,434
423,435
424,436
425,437
426,438
427,439
428,440
429,441
430,442
431,443
432,444
441,446
442,447
443,448
444,449
448,450
448,461
448,470
448,473
449,451
449,462
449,471
449,474
450,452
450,463
450,472
450,475
451,453
452,454
453,455
454,456
455,457
456,458
457,459
459,464
459,465
460,466
460,467
461,468
461,469
462,476
463,477
464,478
465,479
466,480
467,481
468,482
469,483
470,484
471,485
472,486
473,487
474,488
475,489
476,490
477,491
478,492
479,493
480,494
481,495
482,496
483,497
492,499
493,500
500,501
500,511
500,512
501,502
502,503
503,504
504,505
505,506
506,507
507,508
508,509
510,513
510,514
510,515
511,516
512,517
513,518
514,519
515,520
516,521
517,522
518,523
519,524
520,525
521,526
522,527
523,528
524,529
525,530
526,531
527,532
528,533
529,534
530,535
531,536
532,537
541,539
542,540
544,541
544,551
544,552
545,542
546,543
547,544
548,545
549,546
550,547
551,548
553,549
555,553
555,558
556,554
556,555
557,556
557,557
558,559
559,560
560,561
561,562
562,563
563,564
564,565
565,566
566,567
567,568
568,569
569,570
570,571
571,572
572,573
573,574
574,575
575,576
576,577
577,578
578,579
579,580
588,582
589,583
590,584
591,585
593,586
593,591
593,594
594,587
594,592
594,595
595,588
595,593
595,596
598,597
599,598
600,599
601,600
602,601
603,602
604,603
605,604
606,605
607,606
608,607
609,608
610,609
611,610
612,611
613,612
614,613
615,614
616,615
617,616
618,617
619,618
627,620
628,621
629,622
631,623
631,642
631,643
631,644
632,624
632,645
632,646
632,647
633,625
633,648
633,649
633,650
635,627
636,628
637,629
638,630
639,631
640,632
641,633
642,634
643,635
644,636
645,637
646,638
647,639
648,640
649,641
650,651
651,652
652,653
653,654
654,655
655,656
656,657
657,658
658,659
659,660
660,661
661,662
662,663
663,664
664,665
665,666
666,667
667,668
668,669
669,670
670,671
671,672
672,673
673,674
674,675
675,676
676,677
677,678
678,679
679,680
680,681
685,684
686,685
688,686
688,703
689,687
689,704
690,688
690,705
691,689
693,691
693,692
693,693
693,694
694,695
694,696
694,697
694,698
695,699
695,700
695,701
695,702
696,706
697,707
698,708
699,709
700,710
701,711
702,712
703,713
704,714
705,715
706,716
707,717
708,718
709,719
710,720
711,721
712,722
713,723
714,724
715,725
716,726
717,727
718,728
719,729
720,730
729,733
729,743
729,744
730,734
731,735
732,736
733,737
734,738
735,739
736,740
737,741
739,745
739,750
740,746
740,747
741,748
741,749
742,751
743,752
744,753
745,754
746,755
747,756
748,757
749,758
750,759
751,760
752,761
753,762
754,763
755,764
756,765
757,766
758,767
759,768
760,769
761,770
762,771
763,772
771,775
772,776
774,777
775,778
776,779
778,781
778,784
779,782
779,785
780,783
780,786
781,787
782,788
783,789
784,790
785,791
786,792
787,793
788,794
789,795
790,796
791,797
792,798
793,799
794,800
795,801
796,802
797,803
798,804
799,805
800,806
801,807
802,808
809,810
811,811
811,839
812,812
812,840
813,813
813,841
815,815
816,816
817,817
818,818
819,819
820,820
821,821
822,822
823,823
824,824
825,825
826,826
827,827
828,828
829,829
830,830
830,831
830,832
831,833
831,834
831,835
832,836
832,837
832,838
833,842
834,843
835,844
836,845
837,846
838,847
839,848
840,849
841,850
842,851
843,852
844,853
845,854
846,855
847,856
848,857
849,858
850,859
851,860
852,861
853,862
854,863
855,864
856,865
857,866
858,867
861,869
868,870
868,878
868,879
868,880
868,881
868,882
868,883
869,871
870,872
871,873
872,874
873,875
874,876
876,884
876,885
876,886
877,887
878,888
879,889
880,890
881,891
882,892
883,893
884,894
885,895
886,896
887,897
888,898
889,899
890,900
891,901
895,903
902,904
902,912
902,913
902,914
902,915
902,916
902,917
903,905
904,906
905,907
906,908
907,909
908,910
910,918
910,919
910,920
911,921
912,922
913,923
914,924
915,925
916,926
917,927
918,928
919,929
920,930
921,931
922,932
923,933
924,934
925,935
932,937
939,938
940,939
940,951
940,952
941,940
941,953
942,941
943,942
944,943
945,944
946,945
948,947
948,948
948,949
948,950
948,957
948,958
949,954
949,955
949,956
950,959
951,960
952,961
953,962
954,963
955,964
956,965
957,966
958,967
967,969
974,970
975,971
975,983
975,984
976,972
976,985
977,973
978,974
979,975
980,976
981,977
983,979
983,980
983,981
983,982
983,989
983,990
984,986
984,987
984,988
985,991
986,992
987,993
988,994
989,995
990,996
991,997
992,998
993,999
1002,1001
1003,1002
1003,1004
1003,1005
1003,1006
1004,1003
1006,1007
1007,1008
1008,1009
1009,1010
1010,1011
1011,1012
1012,1013
1013,1014
1014,1015
1015,1016
1016,1017
1017,1018
1018,1019
1019,1020
1020,1021
1021,1022
1022,1023
1032,1026
1033,1027
1033,1029
1033,1030
1033,1031
1034,1028
1035,1032
1036,1033
1037,1034
1038,1035
1039,1036
1040,1037
1041,1038
1042,1039
1043,1040
1044,1041
1045,1042
1046,1043
1047,1044
1048,1045
1049,1046
1050,1047
1051,1048
1061,1051
1062,1052
1062,1054
1062,1055
1062,1056
1063,1053
1064,1057
1065,1058
1066,1059
1067,1060
1068,1061
1069,1062
1070,1063
1071,1064
1072,1065
1073,1066
1074,1067
1075,1068
1076,1069
1077,1070
1078,1071
1079,1072
1080,1073
1094,1076
1095,1077
1096,1078
1097,1079
1098,1080
1099,1081
1100,1082
1101,1083
1102,1084
1103,1085
1104,1086
1105,1087
1106,1088
1107,1089
1108,1090
1109,1091
1110,1092
1111,1093
1112,1094
1113,1095
1114,1096
1115,1097
1116,1098
1117,1099
1131,1102
1132,1103
1133,1104
1134,1105
1135,1106
1136,1107
1137,1108
1138,1109
1139,1110
1140,1111
1141,1112
1142,1113
1143,1114
1144,1115
1145,1116
1146,1117
1147,1118
1148,1119
1149,1120
1150,1121
1151,1122
1152,1123
1153,1124
1154,1125
1168,1128
1169,1129
1170,1130
1171,1131
1172,1132
1173,1133
1174,1134
1175,1135
1176,1136
1177,1137
1178,1138
1179,1139
1180,1140
1181,1141
1182,1142
1183,1143
1184,1144
1185,1145
1186,1146
1187,1147
1188,1148
1189,1149
1190,1150
1191,1151
1204,1154
1205,1155
1206,1156
1207,1157
1208,1158
1209,1159
1210,1160
1211,1161
1212,1162
1213,1163
1214,1164
1215,1165
1216,1166
1217,1167
1218,1168
1219,1169
1220,1170
1221,1171
1222,1172
1223,1173
1224,1174
1225,1175
1226,1176
1227,1177
1228,1178
1229,1179
1230,1180
1231,1181
1232,1182
1233,1183
1234,1184
1235,1185
1236,1186
1245,1189
1246,1190
1248,1192
1248,1193
1249,1194
1249,1195
1250,1196
1250,1197
1251,1198
1252,1199
1253,1200
1254,1201
1259,1203
1260,1204
1261,1205
1262,1206
1263,1207
1264,1208
1265,1209
1266,1210
1267,1211
1268,1212
1269,1213
1270,1214
1271,1215
1272,1216
1273,1217
1274,1218
1275,1219
1276,1220
1277,1221
1278,1222
1279,1223
1280,1224
1281,1225
1289,1228
1290,1229
1291,1230
1291,1232
1291,1233
1292,1231
1293,1234
1294,1235
1295,1236
1296,1237
1297,1238
1298,1239
1299,1240
1300,1241
1301,1242
1302,1243
1303,1244
1304,1245
1305,1246
1306,1247
1307,1248
1308,1249
1309,1250
1317,1253
1318,1254
1319,1255
1319,1257
1319,1258
1320,1256
1321,1259
1322,1260
1323,1261
1324,1262
1325,1263
1326,1264
1327,1265
1328,1266
1329,1267
1330,1268
1331,1269
1332,1270
1333,1271
1334,1272
1335,1273
1336,1274
1337,1275
1346,1278
1347,1279
1348,1280
1348,1282
1348,1283
1349,1281
1350,1284
1351,1285
1352,1286
1353,1287
1354,1288
1355,1289
1356,1290
1357,1291
1358,1292
1359,1293
1360,1294
1361,1295
1362,1296
1363,1297
1364,1298
1365,1299
1366,1300
1374,1303
1375,1304
1377,1305
1378,1306
1379,1307
1380,1308
1381,1309
1382,1310
1383,1311
1384,1312
1385,1313
1386,1314
1387,1315
1388,1316
1389,1317
1390,1318
1391,1319
1392,1320
1393,1321
1394,1322
1395,1323
1396,1324
1397,1325
1398,1326
1399,1327
1400,1328
1401,1329
1402,1330
1403,1331
1404,1332
1413,1335
1414,1336
1416,1337
1417,1338
1418,1339
1419,1340
1419,1345
1419,1346
1419,1347
1420,1341
1420,1348
1420,1349
1420,1350
1421,1342
1421,1351
1421,1352
1421,1353
1422,1343
1424,1354
1425,1355
1426,1356
1427,1357
1428,1358
1429,1359
1430,1360
1431,1361
1432,1362
1433,1363
1434,1364
1435,1365
1436,1366
1437,1367
1438,1368
1439,1369
1440,1370
1441,1371
1442,1372
1443,1373
1444,1374
1445,1375
1446,1376
1449,1378
1450,1379
1456,1380
1457,1381
1458,1382
1459,1383
1460,1384
1461,1385
1462,1386
1463,1387
1464,1388
1465,1389
1466,1390
1467,1391
1468,1392
1469,1393
1470,1394
1471,1395
1474,1397
1474,1398
1474,1399
1475,1400
1475,1401
1475,1402
1476,1403
1476,1404
1476,1405
1477,1406
1478,1407
1479,1408
1480,1409
1481,1410
1482,1411
1483,1412
1484,1413
1485,1414
1486,1415
1487,1416
1488,1417
1489,1418
1490,1419
1491,1420
1492,1421
1493,1422
1494,1423
1495,1424
1503,1427
1504,1428
1505,1429
1506,1430
1507,1431
1508,1432
1509,1433
1510,1434
1511,1435
1511,1438
1511,1439
1512,1436
1512,1440
1512,1441
1513,1437
1514,1442
1515,1443
1516,1444
1517,1445
1518,1446
1519,1447
1520,1448
1521,1449
1522,1450
1523,1451
1524,1452
1525,1453
1526,1454
1527,1455
1528,1456
1529,1457
1530,1458
1531,1459
1532,1460
1533,1461
1534,1462
1535,1463
1536,1464
1537,1465
1538,1466
1539,1467
1540,1468
1541,1469
1542,1470
1543,1471
1544,1472
1545,1473
1546,1474
1558,1476
1559,1477
1560,1478
1561,1479
1562,1480
1563,1481
1564,1482
1565,1483
1566,1484
1566,1487
1566,1488
1567,1485
1567,1489
1567,1490
1568,1486
1569,1491
1570,1492
1571,1493
1572,1494
1573,1495
1574,1496
1576,1497
1577,1498
1578,1499
1579,1500
1580,1501
1581,1502
1582,1503
1583,1504
1584,1505
1585,1506
1586,1507
1587,1508
1588,1509
1589,1510
1590,1511
1591,1512
1592,1513
1593,1514
1594,1515
1595,1516
1596,1517
1597,1518
1598,1519
1599,1520
1600,1521
1601,1522
1602,1523
1603,1524
1615,1526
1616,1527
1617,1528
1618,1529
1619,1530
1620,1531
1621,1532
1622,1533
1623,1534
1623,1537
1623,1538
1624,1535
1624,1539
1624,1540
1625,1536
1626,1541
1627,1542
1628,1543
1629,1544
1630,1545
1631,1546
1632,1547
1633,1548
1634,1549
1635,1550
1636,1551
1637,1552
1638,1553
1639,1554
1640,1555
1641,1556
1642,1557
1643,1558
1644,1559
1645,1560
1646,1561
1647,1562
1648,1563
1649,1564
1650,1565
1651,1566
1652,1567
1653,1568
1654,1569
1655,1570
1656,1571
1657,1572
1658,1573
1670,1575
1671,1576
1672,1577
1673,1578
1673,1579
1674,1580
1674,1581
1675,1582
1676,1583
1676,1584
1677,1585
1677,1586
1678,1587
1679,1588
1679,1589
1680,1590
1680,1591
1681,1592
1682,1593
1683,1594
1684,1595
1685,1596
1686,1597
1687,1598
1688,1599
1689,1600
1690,1601
1691,1602
1692,1603
1693,1604
1694,1605
1695,1606
1696,1607
1697,1608
1698,1609
1699,1610
1700,1611
1701,1612
1702,1613
1703,1614
1704,1615
1705,1616
1706,1617
1707,1618
1708,1619
1709,1620
1710,1621
1711,1622
1713,1623
1714,1624
1715,1625
1716,1626
1717,1627
1718,1628
1719,1629
1720,1630
1721,1631
1722,1632
1723,1633
1724,1634
1725,1635
1726,1636
1727,1637
1728,1638
1729,1639
1730,1640
1731,1641
1732,1642
1733,1643
1734,1644
1735,1645
1736,1646
1737,1647
1738,1648
1749,1650
1750,1651
1751,1652
1752,1653
1753,1654
1754,1655
1755,1656
1756,1657
1757,1658
1757,1661
1757,1662
1758,1659
1758,1663
1758,1664
1759,1660
1760,1665
1761,1666
1762,1667
1763,1668
1764,1669
1765,1670
1766,1671
1767,1672
1768,1673
1769,1674
1770,1675
1771,1676
1772,1677
1773,1678
1774,1679
1775,1680
1776,1681
1777,1682
1778,1683
1779,1684
1780,1685
1781,1686
1782,1687
1783,1688
1784,1689
1785,1690
1786,1691
1787,1692
1788,1693
1789,1694
1790,1695
1791,1696
1792,1697
1804,1699
1805,1700
1806,1701
1807,1702
1808,1703
1809,1704
1810,1705
1811,1706
1812,1707
1812,1710
1812,1711
1813,1708
1813,1712
1813,1713
1814,1709
1815,1714
1816,1715
1817,1716
1818,1717
1819,1718
1820,1719
1822,1720
1823,1721
1824,1722
1825,1723
1826,1724
1827,1725
1828,1726
1829,1727
1830,1728
1831,1729
1832,1730
1833,1731
1834,1732
1835,1733
1836,1734
1837,1735
1838,1736
1839,1737
1840,1738
1841,1739
1842,1740
1843,1741
1844,1742
1845,1743
1846,1744
1847,1745
1848,1746
1849,1747
1850,1748
1862,1750
1863,1751
1864,1752
1865,1753
1866,1754
1867,1755
1868,1756
1869,1757
1870,1758
1870,1761
1870,1762
1871,1759
1871,1763
1871,1764
1872,1760
1873,1765
1874,1766
1875,1767
1876,1768
1877,1769
1878,1770
1879,1771
1880,1772
1881,1773
1882,1774
1883,1775
1884,1776
1885,1777
1886,1778
1887,1779
1888,1780
1889,1781
1890,1782
1891,1783
1892,1784
1893,1785
1894,1786
1895,1787
1896,1788
1897,1789
1898,1790
1899,1791
1900,1792
1901,1793
1902,1794
1903,1795
1904,1796
1905,1797
1906,1798
1918,1814
1919,1815
1920,1816
1921,1817
1922,1818
1923,1819
1924,1820
1925,1821
1925,1825
1925,1826
1926,1822
1927,1823
1928,1824
1929,1827
1930,1828
1931,1829
1932,1830
1933,1831
1934,1832
1935,1833
1936,1834
1937,1835
1938,1836
1939,1837
1940,1838
1941,1839
1942,1840
1943,1841
1944,1842
1945,1843
1946,1844
1947,1845
1948,1846
1949,1847
1950,1848
1951,1849
1952,1850
1953,1851
1954,1852
1956,1854
1957,1855
1958,1856
1959,1857
1960,1858
1961,1859
1962,1860
1963,1861
1963,1865
1963,1866
1964,1862
1965,1863
1966,1864
1967,1867
1968,1868
1969,1869
1970,1870
1971,1871
1972,1872
1973,1873
1974,1874
1975,1875
1976,1876
1977,1877
1978,1878
1979,1879
1980,1880
1981,1881
1982,1882
1983,1883
1984,1884
1985,1885
1986,1886
1987,1887
1988,1888
1989,1889
1990,1890
1991,1891
1992,1892
1995,1894
1996,1895
1997,1896
1998,1897
1999,1898
2000,1899
2001,1900
2002,1901
2002,1905
2002,1906
2003,1902
2004,1903
2005,1904
2007,1907
2008,1908
2009,1909
2010,1910
2011,1911
2012,1912
2013,1913
2014,1914
2015,1915
2016,1916
2017,1917
2018,1918
2019,1919
2020,1920
2021,1921
2022,1922
2023,1923
2024,1924
2025,1925
2026,1926
2027,1927
2028,1928
2029,1929
2030,1930
2031,1931
2032,1932
2035,1934
2036,1935
2038,1936
2039,1937
2040,1938
2041,1939
2042,1940
2043,1941
2043,1945
2043,1946
2044,1942
2045,1943
2046,1944
2048,1947
2049,1948
2050,1949
2051,1950
2052,1951
2053,1952
2054,1953
2055,1954
2056,1955
2057,1956
2058,1957
2059,1958
2060,1959
2061,1960
2062,1961
2063,1962
2064,1963
2065,1964
2066,1965
2067,1966
2068,1967
2069,1968
2070,1969
2071,1970
2072,1971
2073,1972
2076,1974
2077,1975
2079,1976
2080,1977
2081,1978
2082,1979
2083,1980
2084,1981
2084,1985
2084,1986
2085,1982
2086,1983
2087,1984
2088,1987
2089,1988
2090,1989
2091,1990
2092,1991
2093,1992
2094,1993
2095,1994
2096,1995
2097,1996
2098,1997
2099,1998
2100,1999
2101,2000
2102,2001
2103,2002
2104,2003
2105,2004
2106,2005
2107,2006
2108,2007
2109,2008
2110,2009
2111,2010
2112,2011
2113,2012
2117,2014
2118,2015
2120,2016
2121,2017
2122,2018
2123,2019
2124,2020
2125,2021
2125,2025
2125,2026
2126,2022
2127,2023
2128,2024
2129,2027
2130,2028
2131,2029
2132,2030
2133,2031
2134,2032
2135,2033
2136,2034
2137,2035
2138,2036
2139,2037
2140,2038
2141,2039
2142,2040
2143,2041
2144,2042
2145,2043
2146,2044
2147,2045
2148,2046
2149,2047
2150,2048
2151,2049
2152,2050
2153,2051
2154,2052
2157,2054
2158,2055
2160,2056
2161,2057
2162,2058
2163,2059
2164,2060
2165,2061
2166,2062
2167,2063
2168,2064
2169,2065
2170,2066
2171,2067
2172,2068
2173,2069
2174,2070
2175,2071
2176,2072
2177,2073
2178,2074
2179,2075
2180,2076
2181,2077
2182,2078
2183,2079
2184,2080
2186,2081
2187,2082
2188,2083
2189,2084
2190,2085
2191,2086
2192,2087
2193,2088
2194,2089
2195,2090
2196,2091
2197,2092
2198,2093
2199,2094
2200,2095
2201,2096
2202,2097
2203,2098
2204,2099
2205,2100
2206,2101
2207,2102
2208,2103
2209,2104
2210,2105
2211,2106
2497,2340
2497,2394
2497,5377
2498,2341
2498,2395
2499,2342
2499,2396
2500,2343
2500,2397
2501,2344
2501,2398
2502,2345
2502,2399
2503,2346
2503,2400
2504,2347
2504,2401
2504,5378
2505,2348
2505,2402
2505,5379
2506,2349
2506,2403
2506,5380
2507,2350
2507,2404
2507,5381
2508,2351
2508,2405
2508,5382
2509,2352
2509,2406
2509,5383
2510,2353
2510,2407
2510,5384
2511,2354
2511,2408
2511,5385
2512,2355
2512,2409
2512,5386
2513,2356
2513,2410
2513,5387
2514,2357
2514,2411
2514,2413
2515,2358
2515,2412
2515,2414
2516,2359
2516,2415
2516,2417
2516,5388
2516,5390
2517,2360
2517,2416
2517,2418
2517,5389
2517,5391
2518,2361
2518,2419
2518,2421
2518,5392
2518,5394
2519,2362
2519,2420
2519,2422
2519,5393
2519,5395
2525,2363
2525,2423
2525,5396
2526,2364
2526,2424
2526,5397
2527,2365
2527,2425
2527,5398
2528,2366
2528,2426
2528,5399
2529,2367
2529,2427
2529,5400
2530,2368
2530,2428
2530,5401
2531,2369
2531,2429
2531,5402
2532,2370
2532,2430
2532,5403
2533,2371
2533,2431
2533,5404
2534,2372
2534,2432
2534,5405
2535,2373
2535,2433
2535,5406
2536,2374
2536,2434
2536,5407
2537,2375
2537,2435
2537,5408
2538,2376
2538,2436
2538,5409
2539,2377
2539,2437
2539,5410
2540,2378
2540,2438
2540,5411
2541,2379
2541,2439
2541,5412
2542,2380
2542,2440
2542,5413
2543,2381
2543,2441
2543,5414
2544,2382
2544,2442
2544,5415
2545,2383
2545,2443
2545,5416
2546,2384
2546,2444
2546,5417
2547,2385
2547,2445
2547,5418
2548,2386
2548,2446
2548,5419
2549,2387
2549,2447
2549,5420
2550,2388
2550,2448
2550,5421
2551,2389
2551,2449
2551,5422
2552,2390
2552,2450
2553,2391
2553,5423
2554,2392
2554,2452
2554,5425
2562,2340
2562,2394
2562,5377
2563,2341
2563,2395
2564,2342
2564,2396
2565,2343
2565,2397
2566,2344
2566,2398
2567,2345
2567,2399
2568,2346
2568,2400
2569,2347
2569,2401
2569,5378
2570,2348
2570,2402
2570,5379
2571,2349
2571,2403
2571,5380
2572,2350
2572,2404
2572,5381
2573,2351
2573,2405
2573,5382
2574,2352
2574,2406
2574,5383
2575,2353
2575,2407
2575,5384
2576,2354
2576,2408
2576,5385
2577,2355
2577,2409
2577,5386
2578,2356
2578,2410
2578,5387
2579,2357
2579,2411
2579,2413
2580,2358
2580,2412
2580,2414
2581,2359
2581,2415
2581,2417
2581,5388
2581,5390
2582,2360
2582,2416
2582,2418
2582,5389
2582,5391
2583,2361
2583,2419
2583,2421
2583,5392
2583,5394
2584,2362
2584,2420
2584,2422
2584,5393
2584,5395
2592,2363
2592,2423
2592,5396
2593,2364
2593,2424
2593,5397
2594,2365
2594,2425
2594,5398
2595,2366
2595,2426
2595,5399
2596,2367
2596,2427
2596,5400
2597,2368
2597,2428
2597,5401
2598,2369
2598,2429
2598,5402
2599,2370
2599,2430
2599,5403
2600,2371
2600,2431
2600,5404
2601,2372
2601,2432
2601,5405
2602,2373
2602,2433
2602,5406
2603,2374
2603,2434
2603,5407
2604,2375
2604,2435
2604,5408
2605,2376
2605,2436
2605,5409
2606,2377
2606,2437
2606,5410
2607,2378
2607,2438
2607,5411
2608,2379
2608,2439
2608,5412
2609,2380
2609,2440
2609,5413
2610,2381
2610,2441
2610,5414
2611,2382
2611,2442
2611,5415
2612,2383
2612,2443
2612,5416
2613,2384
2613,2444
2613,5417
2614,2385
2614,2445
2614,5418
2615,2386
2615,2446
2615,5419
2616,2387
2616,2447
2616,5420
2617,2388
2617,2448
2617,5421
2618,2389
2618,2449
2618,5422
2619,2390
2619,2450
2620,2451
2620,5424
2621,2392
2621,2452
2621,5425
2629,2454
2629,2508
2629,5427
2630,2455
2630,2509
2631,2456
2631,2510
2631,5428
2632,2457
2632,2511
2632,5429
2633,2458
2633,2512
2633,5430
2634,2459
2634,2513
2634,5431
2635,2460
2635,2514
2635,5432
2636,2461
2636,2515
2637,2462
2637,2516
2638,2463
2638,2517
2639,2464
2639,2518
2640,2465
2640,2519
2641,2466
2641,2520
2641,5433
2642,2467
2642,2521
2642,5434
2643,2468
2643,2522
2643,5435
2644,2469
2644,2523
2644,5436
2645,2470
2645,2524
2645,5437
2646,2471
2646,2525
2646,2527
2646,5438
2646,5440
2647,2472
2647,2526
2647,2528
2647,5439
2647,5441
2648,2473
2648,2529
2648,2531
2649,2474
2649,2530
2649,2532
2650,2475
2650,2533
2650,2535
2650,5442
2650,5444
2651,2476
2651,2534
2651,2536
2651,5443
2651,5445
2657,2477
2657,2537
2657,5446
2658,2478
2658,2538
2658,5447
2659,2479
2659,2539
2659,5448
2660,2480
2660,2540
2660,5449
2661,2481
2661,2541
2661,5450
2662,2482
2662,2542
2662,5451
2663,2483
2663,2543
2663,5452
2664,2484
2664,2544
2664,5453
2665,2485
2665,2545
2665,5454
2666,2486
2666,2546
2666,5455
2667,2487
2667,2547
2667,5456
2668,2488
2668,2548
2668,5457
2669,2489
2669,2549
2669,5458
2670,2490
2670,2550
2670,5459
2671,2491
2671,2551
2671,5460
2672,2492
2672,2552
2672,5461
2673,2493
2673,2553
2673,5462
2674,2494
2674,2554
2674,5463
2675,2495
2675,2555
2675,5464
2676,2496
2676,2556
2676,5465
2677,2497
2677,2557
2677,5466
2678,2498
2678,2558
2678,5467
2679,2499
2679,2559
2679,5468
2680,2500
2680,2560
2680,5469
2681,2501
2681,2561
2681,5470
2682,2502
2682,2562
2682,5471
2683,2503
2683,2563
2683,5472
2684,2504
2684,2564
2684,5473
2685,2505
2686,2506
2686,2566
2686,5474
2694,2454
2694,2508
2694,5427
2695,2455
2695,2509
2696,2456
2696,2510
2696,5428
2697,2457
2697,2511
2697,5429
2698,2458
2698,2512
2698,5430
2699,2459
2699,2513
2699,5431
2700,2460
2700,2514
2700,5432
2701,2461
2701,2515
2702,2462
2702,2516
2703,2463
2703,2517
2704,2464
2704,2518
2705,2465
2705,2519
2706,2466
2706,2520
2706,5433
2707,2467
2707,2521
2707,5434
2708,2468
2708,2522
2708,5435
2709,2469
2709,2523
2709,5436
2710,2470
2710,2524
2710,5437
2711,2471
2711,2525
2711,2527
2711,5438
2711,5440
2712,2472
2712,2526
2712,2528
2712,5439
2712,5441
2713,2473
2713,2529
2713,2531
2714,2474
2714,2530
2714,2532
2715,2475
2715,2533
2715,2535
2715,5442
2715,5444
2716,2476
2716,2534
2716,2536
2716,5443
2716,5445
2724,2477
2724,2537
2724,5446
2725,2478
2725,2538
2725,5447
2726,2479
2726,2539
2726,5448
2727,2480
2727,2540
2727,5449
2728,2481
2728,2541
2728,5450
2729,2482
2729,2542
2729,5451
2730,2483
2730,2543
2730,5452
2731,2484
2731,2544
2731,5453
2732,2485
2732,2545
2732,5454
2733,2486
2733,2546
2733,5455
2734,2487
2734,2547
2734,5456
2735,2488
2735,2548
2735,5457
2736,2489
2736,2549
2736,5458
2737,2490
2737,2550
2737,5459
2738,2491
2738,2551
2738,5460
2739,2492
2739,2552
2739,5461
2740,2493
2740,2553
2740,5462
2741,2494
2741,2554
2741,5463
2742,2495
2742,2555
2742,5464
2743,2496
2743,2556
2743,5465
2744,2497
2744,2557
2744,5466
2745,2498
2745,2558
2745,5467
2746,2499
2746,2559
2746,5468
2747,2500
2747,2560
2747,5469
2748,2501
2748,2561
2748,5470
2749,2502
2749,2562
2749,5471
2750,2503
2750,2563
2750,5472
2751,2504
2751,2564
2751,5473
2752,2565
2753,2506
2753,2566
2753,5474
3683,3366
3683,3411
3683,3456
3684,3367
3685,3368
3686,3369
3687,3370
3688,3371
3689,3372
3690,3373
3691,3374
3692,3375
3693,3376
3694,3377
3694,3379
3695,3378
3695,3380
3696,3381
3697,3382
3698,3383
3699,3384
3699,3429
3699,3474
3700,3385
3700,3430
3700,3475
3701,3386
3701,3431
3701,3476
3702,3387
3702,3432
3702,3477
3703,3388
3703,3433
3703,3478
3704,3389
3704,3434
3704,3479
3705,3390
3705,3435
3705,3480
3706,3391
3706,3436
3706,3481
3707,3392
3707,3437
3707,3482
3708,3393
3708,3438
3708,3483
3709,3394
3709,3439
3709,3484
3710,3395
3710,3440
3710,3485
3711,3396
3711,3441
3711,3486
3712,3397
3712,3442
3712,3487
3713,3398
3713,3443
3713,3488
3714,3399
3714,3444
3714,3489
3715,3400
3715,3445
3715,3490
3716,3401
3716,3446
3716,3491
3717,3402
3717,3447
3717,3492
3718,3403
3718,3448
3718,3493
3719,3404
3719,3449
3719,3494
3720,3405
3720,3450
3720,3495
3721,3406
3721,3451
3721,3496
3722,3407
3722,3452
3722,3497
3723,3408
3723,3453
3723,3498
3724,3409
3726,3366
3726,3411
3726,3456
3727,3412
3728,3413
3729,3414
3730,3415
3731,3416
3732,3417
3733,3418
3734,3419
3735,3420
3736,3421
3737,3422
3737,3424
3738,3423
3738,3425
3739,3426
3740,3427
3741,3428
3752,3384
3752,3429
3752,3474
3753,3385
3753,3430
3753,3475
3754,3386
3754,3431
3754,3476
3755,3387
3755,3432
3755,3477
3756,3388
3756,3433
3756,3478
3757,3389
3757,3434
3757,3479
3758,3390
3758,3435
3758,3480
3759,3391
3759,3436
3759,3481
3760,3392
3760,3437
3760,3482
3761,3393
3761,3438
3761,3483
3762,3394
3762,3439
3762,3484
3763,3395
3763,3440
3763,3485
3764,3396
3764,3441
3764,3486
3765,3397
3765,3442
3765,3487
3766,3398
3766,3443
3766,3488
3767,3399
3767,3444
3767,3489
3768,3400
3768,3445
3768,3490
3769,3401
3769,3446
3769,3491
3770,3402
3770,3447
3770,3492
3771,3403
3771,3448
3771,3493
3772,3404
3772,3449
3772,3494
3773,3405
3773,3450
3773,3495
3774,3406
3774,3451
3774,3496
3775,3407
3775,3452
3775,3497
3776,3408
3776,3453
3776,3498
3777,3454
3779,3366
3779,3411
3779,3456
3780,3457
3781,3458
3782,3459
3783,3460
3784,3461
3785,3462
3786,3463
3787,3464
3788,3465
3789,3466
3790,3467
3790,3469
3791,3468
3791,3470
3792,3471
3793,3472
3794,3473
3795,3384
3795,3429
3795,3474
3796,3385
3796,3430
3796,3475
3797,3386
3797,3431
3797,3476
3798,3387
3798,3432
3798,3477
3799,3388
3799,3433
3799,3478
3800,3389
3800,3434
3800,3479
3801,3390
3801,3435
3801,3480
3802,3391
3802,3436
3802,3481
3803,3392
3803,3437
3803,3482
3804,3393
3804,3438
3804,3483
3805,3394
3805,3439
3805,3484
3806,3395
3806,3440
3806,3485
3807,3396
3807,3441
3807,3486
3808,3397
3808,3442
3808,3487
3809,3398
3809,3443
3809,3488
3810,3399
3810,3444
3810,3489
3811,3400
3811,3445
3811,3490
3812,3401
3812,3446
3812,3491
3813,3402
3813,3447
3813,3492
3814,3403
3814,3448
3814,3493
3815,3404
3815,3449
3815,3494
3816,3405
3816,3450
3816,3495
3817,3406
3817,3451
3817,3496
3818,3407
3818,3452
3818,3497
3819,3408
3819,3453
3819,3498
3820,3499
3822,3501
3822,3546
3822,3591
3823,3502
3824,3503
3825,3504
3826,3505
3827,3506
3828,3507
3829,3508
3830,3509
3831,3510
3832,3511
3833,3512
3833,3514
3834,3513
3834,3515
3835,3516
3836,3517
3837,3518
3838,3519
3838,3564
3838,3609
3839,3520
3839,3565
3839,3610
3840,3521
3840,3566
3840,3611
3841,3522
3841,3567
3841,3612
3842,3523
3842,3568
3842,3613
3843,3524
3843,3569
3843,3614
3844,3525
3844,3570
3844,3615
3845,3526
3845,3571
3845,3616
3846,3527
3846,3572
3846,3617
3847,3528
3847,3573
3847,3618
3848,3529
3848,3574
3848,3619
3849,3530
3849,3575
3849,3620
3850,3531
3850,3576
3850,3621
3851,3532
3851,3577
3851,3622
3852,3533
3852,3578
3852,3623
3853,3534
3853,3579
3853,3624
3854,3535
3854,3580
3854,3625
3855,3536
3855,3581
3855,3626
3856,3537
3856,3582
3856,3627
3857,3538
3857,3583
3857,3628
3858,3539
3858,3584
3858,3629
3859,3540
3859,3585
3859,3630
3860,3541
3860,3586
3860,3631
3861,3542
3861,3587
3861,3632
3862,3543
3862,3588
3862,3633
3863,3544
3865,3501
3865,3546
3865,3591
3866,3547
3867,3548
3868,3549
3869,3550
3870,3551
3871,3552
3872,3553
3873,3554
3874,3555
3875,3556
3876,3557
3876,3559
3877,3558
3877,3560
3878,3561
3879,3562
3880,3563
3881,3519
3881,3564
3881,3609
3882,3520
3882,3565
3882,3610
3883,3521
3883,3566
3883,3611
3884,3522
3884,3567
3884,3612
3885,3523
3885,3568
3885,3613
3886,3524
3886,3569
3886,3614
3887,3525
3887,3570
3887,3615
3888,3526
3888,3571
3888,3616
3889,3527
3889,3572
3889,3617
3890,3528
3890,3573
3890,3618
3891,3529
3891,3574
3891,3619
3892,3530
3892,3575
3892,3620
3893,3531
3893,3576
3893,3621
3894,3532
3894,3577
3894,3622
3895,3533
3895,3578
3895,3623
3896,3534
3896,3579
3896,3624
3897,3535
3897,3580
3897,3625
3898,3536
3898,3581
3898,3626
3899,3537
3899,3582
3899,3627
3900,3538
3900,3583
3900,3628
3901,3539
3901,3584
3901,3629
3902,3540
3902,3585
3902,3630
3903,3541
3903,3586
3903,3631
3904,3542
3904,3587
3904,3632
3905,3543
3905,3588
3905,3633
3906,3589
3908,3501
3908,3546
3908,3591
3909,3592
3910,3593
3911,3594
3912,3595
3913,3596
3914,3597
3915,3598
3916,3599
3917,3600
3918,3601
3919,3602
3919,3604
3920,3603
3920,3605
3921,3606
3922,3607
3923,3608
3934,3519
3934,3564
3934,3609
3935,3520
3935,3565
3935,3610
3936,3521
3936,3566
3936,3611
3937,3522
3937,3567
3937,3612
3938,3523
3938,3568
3938,3613
3939,3524
3939,3569
3939,3614
3940,3525
3940,3570
3940,3615
3941,3526
3941,3571
3941,3616
3942,3527
3942,3572
3942,3617
3943,3528
3943,3573
3943,3618
3944,3529
3944,3574
3944,3619
3945,3530
3945,3575
3945,3620
3946,3531
3946,3576
3946,3621
3947,3532
3947,3577
3947,3622
3948,3533
3948,3578
3948,3623
3949,3534
3949,3579
3949,3624
3950,3535
3950,3580
3950,3625
3951,3536
3951,3581
3951,3626
3952,3537
3952,3582
3952,3627
3953,3538
3953,3583
3953,3628
3954,3539
3954,3584
3954,3629
3955,3540
3955,3585
3955,3630
3956,3541
3956,3586
3956,3631
3957,3542
3957,3587
3957,3632
3958,3543
3958,3588
3958,3633
3959,3634
3961,3636
3961,3681
3961,3726
3962,3637
3963,3638
3964,3639
3965,3640
3966,3641
3967,3642
3968,3643
3969,3644
3970,3645
3971,3646
3972,3647
3972,3649
3973,3648
3973,3650
3974,3651
3975,3652
3976,3653
3977,3654
3977,3699
3977,3744
3978,3655
3978,3700
3978,3745
3979,3656
3979,3701
3979,3746
3980,3657
3980,3702
3980,3747
3981,3658
3981,3703
3981,3748
3982,3659
3982,3704
3982,3749
3983,3660
3983,3705
3983,3750
3984,3661
3984,3706
3984,3751
3985,3662
3985,3707
3985,3752
3986,3663
3986,3708
3986,3753
3987,3664
3987,3709
3987,3754
3988,3665
3988,3710
3988,3755
3989,3666
3989,3711
3989,3756
3990,3667
3990,3712
3990,3757
3991,3668
3991,3713
3991,3758
3992,3669
3992,3714
3992,3759
3993,3670
3993,3715
3993,3760
3994,3671
3994,3716
3994,3761
3995,3672
3995,3717
3995,3762
3996,3673
3996,3718
3996,3763
3997,3674
3997,3719
3997,3764
3998,3675
3998,3720
3998,3765
3999,3676
3999,3721
3999,3766
4000,3677
4000,3722
4000,3767
4001,3678
4001,3723
4001,3768
4002,3679
4004,3636
4004,3681
4004,3726
4005,3682
4006,3683
4007,3684
4008,3685
4009,3686
4010,3687
4011,3688
4012,3689
4013,3690
4014,3691
4015,3692
4015,3694
4016,3693
4016,3695
4017,3696
4018,3697
4019,3698
4030,3654
4030,3699
4030,3744
4031,3655
4031,3700
4031,3745
4032,3656
4032,3701
4032,3746
4033,3657
4033,3702
4033,3747
4034,3658
4034,3703
4034,3748
4035,3659
4035,3704
4035,3749
4036,3660
4036,3705
4036,3750
4037,3661
4037,3706
4037,3751
4038,3662
4038,3707
4038,3752
4039,3663
4039,3708
4039,3753
4040,3664
4040,3709
4040,3754
4041,3665
4041,3710
4041,3755
4042,3666
4042,3711
4042,3756
4043,3667
4043,3712
4043,3757
4044,3668
4044,3713
4044,3758
4045,3669
4045,3714
4045,3759
4046,3670
4046,3715
4046,3760
4047,3671
4047,3716
4047,3761
4048,3672
4048,3717
4048,3762
4049,3673
4049,3718
4049,3763
4050,3674
4050,3719
4050,3764
4051,3675
4051,3720
4051,3765
4052,3676
4052,3721
4052,3766
4053,3677
4053,3722
4053,3767
4054,3678
4054,3723
4054,3768
4055,3724
4057,3636
4057,3681
4057,3726
4058,3727
4059,3728
4060,3729
4061,3730
4062,3731
4063,3732
4064,3733
4065,3734
4066,3735
4067,3736
4068,3737
4068,3739
4069,3738
4069,3740
4070,3741
4071,3742
4072,3743
4083,3654
4083,3699
4083,3744
4084,3655
4084,3700
4084,3745
4085,3656
4085,3701
4085,3746
4086,3657
4086,3702
4086,3747
4087,3658
4087,3703
4087,3748
4088,3659
4088,3704
4088,3749
4089,3660
4089,3705
4089,3750
4090,3661
4090,3706
4090,3751
4091,3662
4091,3707
4091,3752
4092,3663
4092,3708
4092,3753
4093,3664
4093,3709
4093,3754
4094,3665
4094,3710
4094,3755
4095,3666
4095,3711
4095,3756
4096,3667
4096,3712
4096,3757
4097,3668
4097,3713
4097,3758
4098,3669
4098,3714
4098,3759
4099,3670
4099,3715
4099,3760
4100,3671
4100,3716
4100,3761
4101,3672
4101,3717
4101,3762
4102,3673
4102,3718
4102,3763
4103,3674
4103,3719
4103,3764
4104,3675
4104,3720
4104,3765
4105,3676
4105,3721
4105,3766
4106,3677
4106,3722
4106,3767
4107,3678
4107,3723
4107,3768
4108,3769
4110,3771
4110,3816
4110,3861
4111,3772
4112,3773
4113,3774
4114,3775
4115,3776
4116,3777
4117,3778
4118,3779
4119,3780
4120,3781
4121,3782
4121,3784
4122,3783
4122,3785
4123,3786
4124,3787
4125,3788
4136,3789
4136,3834
4136,3879
4137,3790
4137,3835
4137,3880
4138,3791
4138,3836
4138,3881
4139,3792
4139,3837
4139,3882
4140,3793
4140,3838
4140,3883
4141,3794
4141,3839
4141,3884
4142,3795
4142,3840
4142,3885
4143,3796
4143,3841
4143,3886
4144,3797
4144,3842
4144,3887
4145,3798
4145,3843
4145,3888
4146,3799
4146,3844
4146,3889
4147,3800
4147,3845
4147,3890
4148,3801
4148,3846
4148,3891
4149,3802
4149,3847
4149,3892
4150,3803
4150,3848
4150,3893
4151,3804
4151,3849
4151,3894
4152,3805
4152,3850
4152,3895
4153,3806
4153,3851
4153,3896
4154,3807
4154,3852
4154,3897
4155,3808
4155,3853
4155,3898
4156,3809
4156,3854
4156,3899
4157,3810
4157,3855
4157,3900
4158,3811
4158,3856
4158,3901
4159,3812
4159,3857
4159,3902
4160,3813
4160,3858
4160,3903
4161,3814
4163,3771
4163,3816
4163,3861
4164,3817
4165,3818
4166,3819
4167,3820
4168,3821
4169,3822
4170,3823
4171,3824
4172,3825
4173,3826
4174,3827
4174,3829
4175,3828
4175,3830
4176,3831
4177,3832
4178,3833
4179,3789
4179,3834
4179,3879
4180,3790
4180,3835
4180,3880
4181,3791
4181,3836
4181,3881
4182,3792
4182,3837
4182,3882
4183,3793
4183,3838
4183,3883
4184,3794
4184,3839
4184,3884
4185,3795
4185,3840
4185,3885
4186,3796
4186,3841
4186,3886
4187,3797
4187,3842
4187,3887
4188,3798
4188,3843
4188,3888
4189,3799
4189,3844
4189,3889
4190,3800
4190,3845
4190,3890
4191,3801
4191,3846
4191,3891
4192,3802
4192,3847
4192,3892
4193,3803
4193,3848
4193,3893
4194,3804
4194,3849
4194,3894
4195,3805
4195,3850
4195,3895
4196,3806
4196,3851
4196,3896
4197,3807
4197,3852
4197,3897
4198,3808
4198,3853
4198,3898
4199,3809
4199,3854
4199,3899
4200,3810
4200,3855
4200,3900
4201,3811
4201,3856
4201,3901
4202,3812
4202,3857
4202,3902
4203,3813
4203,3858
4203,3903
4204,3859
4206,3771
4206,3816
4206,3861
4207,3862
4208,3863
4209,3864
4210,3865
4211,3866
4212,3867
4213,3868
4214,3869
4215,3870
4216,3871
4217,3872
4217,3874
4218,3873
4218,3875
4219,3876
4220,3877
4221,3878
4222,3789
4222,3834
4222,3879
4223,3790
4223,3835
4223,3880
4224,3791
4224,3836
4224,3881
4225,3792
4225,3837
4225,3882
4226,3793
4226,3838
4226,3883
4227,3794
4227,3839
4227,3884
4228,3795
4228,3840
4228,3885
4229,3796
4229,3841
4229,3886
4230,3797
4230,3842
4230,3887
4231,3798
4231,3843
4231,3888
4232,3799
4232,3844
4232,3889
4233,3800
4233,3845
4233,3890
4234,3801
4234,3846
4234,3891
4235,3802
4235,3847
4235,3892
4236,3803
4236,3848
4236,3893
4237,3804
4237,3849
4237,3894
4238,3805
4238,3850
4238,3895
4239,3806
4239,3851
4239,3896
4240,3807
4240,3852
4240,3897
4241,3808
4241,3853
4241,3898
4242,3809
4242,3854
4242,3899
4243,3810
4243,3855
4243,3900
4244,3811
4244,3856
4244,3901
4245,3812
4245,3857
4245,3902
4246,3813
4246,3858
4246,3903
4247,3904
4249,3906
4249,3951
4249,3996
4250,3907
4251,3908
4252,3909
4253,3910
4254,3911
4255,3912
4256,3913
4257,3914
4258,3915
4259,3916
4260,3917
4260,3919
4261,3918
4261,3920
4262,3921
4263,3922
4264,3923
4265,3924
4265,3969
4265,4014
4266,3925
4266,3970
4266,4015
4267,3926
4267,3971
4267,4016
4268,3927
4268,3972
4268,4017
4269,3928
4269,3973
4269,4018
4270,3929
4270,3974
4270,4019
4271,3930
4271,3975
4271,4020
4272,3931
4272,3976
4272,4021
4273,3932
4273,3977
4273,4022
4274,3933
4274,3978
4274,4023
4275,3934
4275,3979
4275,4024
4276,3935
4276,3980
4276,4025
4277,3936
4277,3981
4277,4026
4278,3937
4278,3982
4278,4027
4279,3938
4279,3983
4279,4028
4280,3939
4280,3984
4280,4029
4281,3940
4281,3985
4281,4030
4282,3941
4282,3986
4282,4031
4283,3942
4283,3987
4283,4032
4284,3943
4284,3988
4284,4033
4285,3944
4285,3989
4285,4034
4286,3945
4286,3990
4286,4035
4287,3946
4287,3991
4287,4036
4288,3947
4288,3992
4288,4037
4289,3948
4289,3993
4289,4038
4290,3949
4292,3906
4292,3951
4292,3996
4293,3952
4294,3953
4295,3954
4296,3955
4297,3956
4298,3957
4299,3958
4300,3959
4301,3960
4302,3961
4303,3962
4303,3964
4304,3963
4304,3965
4305,3966
4306,3967
4307,3968
4308,3924
4308,3969
4308,4014
4309,3925
4309,3970
4309,4015
4310,3926
4310,3971
4310,4016
4311,3927
4311,3972
4311,4017
4312,3928
4312,3973
4312,4018
4313,3929
4313,3974
4313,4019
4314,3930
4314,3975
4314,4020
4315,3931
4315,3976
4315,4021
4316,3932
4316,3977
4316,4022
4317,3933
4317,3978
4317,4023
4318,3934
4318,3979
4318,4024
4319,3935
4319,3980
4319,4025
4320,3936
4320,3981
4320,4026
4321,3937
4321,3982
4321,4027
4322,3938
4322,3983
4322,4028
4323,3939
4323,3984
4323,4029
4324,3940
4324,3985
4324,4030
4325,3941
4325,3986
4325,4031
4326,3942
4326,3987
4326,4032
4327,3943
4327,3988
4327,4033
4328,3944
4328,3989
4328,4034
4329,3945
4329,3990
4329,4035
4330,3946
4330,3991
4330,4036
4331,3947
4331,3992
4331,4037
4332,3948
4332,3993
4332,4038
4333,3994
4335,3906
4335,3951
4335,3996
4336,3997
4337,3998
4338,3999
4339,4000
4340,4001
4341,4002
4342,4003
4343,4004
4344,4005
4345,4006
4346,4007
4346,4009
4347,4008
4347,4010
4348,4011
4349,4012
4350,4013
4351,3924
4351,3969
4351,4014
4352,3925
4352,3970
4352,4015
4353,3926
4353,3971
4353,4016
4354,3927
4354,3972
4354,4017
4355,3928
4355,3973
4355,4018
4356,3929
4356,3974
4356,4019
4357,3930
4357,3975
4357,4020
4358,3931
4358,3976
4358,4021
4359,3932
4359,3977
4359,4022
4360,3933
4360,3978
4360,4023
4361,3934
4361,3979
4361,4024
4362,3935
4362,3980
4362,4025
4363,3936
4363,3981
4363,4026
4364,3937
4364,3982
4364,4027
4365,3938
4365,3983
4365,4028
4366,3939
4366,3984
4366,4029
4367,3940
4367,3985
4367,4030
4368,3941
4368,3986
4368,4031
4369,3942
4369,3987
4369,4032
4370,3943
4370,3988
4370,4033
4371,3944
4371,3989
4371,4034
4372,3945
4372,3990
4372,4035
4373,3946
4373,3991
4373,4036
4374,3947
4374,3992
4374,4037
4375,3948
4375,3993
4375,4038
4376,4039
4378,4041
4378,4086
4378,4131
4379,4042
4380,4043
4381,4044
4382,4045
4383,4046
4384,4047
4385,4048
4386,4049
4387,4050
4388,4051
4389,4052
4389,4054
4390,4053
4390,4055
4391,4056
4392,4057
4393,4058
4396,4059
4396,4104
4396,4152
4397,4060
4397,4105
4397,4153
4398,4061
4398,4106
4398,4154
4399,4062
4399,4107
4399,4155
4400,4063
4400,4108
4400,4156
4401,4064
4401,4109
4401,4157
4402,4065
4402,4110
4402,4158
4403,4066
4403,4111
4403,4159
4404,4067
4404,4112
4404,4160
4405,4068
4405,4113
4405,4161
4406,4069
4406,4114
4406,4162
4407,4070
4407,4115
4407,4163
4408,4071
4408,4116
4408,4164
4409,4072
4409,4117
4409,4165
4410,4073
4410,4118
4410,4166
4411,4074
4411,4119
4411,4167
4412,4075
4412,4120
4412,4168
4413,4076
4413,4121
4413,4169
4414,4077
4414,4122
4414,4170
4415,4078
4415,4123
4415,4171
4416,4079
4416,4124
4416,4172
4417,4080
4417,4125
4417,4173
4418,4081
4418,4126
4418,4174
4419,4082
4419,4127
4419,4175
4420,4083
4420,4128
4420,4176
4421,4084
4423,4041
4423,4086
4423,4131
4424,4087
4425,4088
4426,4089
4427,4090
4428,4091
4429,4092
4430,4093
4431,4094
4432,4095
4433,4096
4434,4097
4434,4099
4435,4098
4435,4100
4436,4101
4437,4102
4438,4103
4441,4059
4441,4104
4441,4152
4442,4060
4442,4105
4442,4153
4443,4061
4443,4106
4443,4154
4444,4062
4444,4107
4444,4155
4445,4063
4445,4108
4445,4156
4446,4064
4446,4109
4446,4157
4447,4065
4447,4110
4447,4158
4448,4066
4448,4111
4448,4159
4449,4067
4449,4112
4449,4160
4450,4068
4450,4113
4450,4161
4451,4069
4451,4114
4451,4162
4452,4070
4452,4115
4452,4163
4453,4071
4453,4116
4453,4164
4454,4072
4454,4117
4454,4165
4455,4073
4455,4118
4455,4166
4456,4074
4456,4119
4456,4167
4457,4075
4457,4120
4457,4168
4458,4076
4458,4121
4458,4169
4459,4077
4459,4122
4459,4170
4460,4078
4460,4123
4460,4171
4461,4079
4461,4124
4461,4172
4462,4080
4462,4125
4462,4173
4463,4081
4463,4126
4463,4174
4464,4082
4464,4127
4464,4175
4465,4083
4465,4128
4465,4176
4466,4129
4468,4041
4468,4086
4468,4131
4469,4132
4470,4133
4471,4134
4472,4135
4473,4136
4474,4137
4475,4138
4476,4139
4477,4140
4478,4141
4479,4142
4479,4144
4480,4143
4480,4145
4481,4146
4482,4147
4483,4148
4484,4149
4485,4150
4486,4151
4487,4059
4487,4104
4487,4152
4488,4060
4488,4105
4488,4153
4489,4061
4489,4106
4489,4154
4490,4062
4490,4107
4490,4155
4491,4063
4491,4108
4491,4156
4492,4064
4492,4109
4492,4157
4493,4065
4493,4110
4493,4158
4494,4066
4494,4111
4494,4159
4495,4067
4495,4112
4495,4160
4496,4068
4496,4113
4496,4161
4497,4069
4497,4114
4497,4162
4498,4070
4498,4115
4498,4163
4499,4071
4499,4116
4499,4164
4500,4072
4500,4117
4500,4165
4501,4073
4501,4118
4501,4166
4502,4074
4502,4119
4502,4167
4503,4075
4503,4120
4503,4168
4504,4076
4504,4121
4504,4169
4505,4077
4505,4122
4505,4170
4506,4078
4506,4123
4506,4171
4507,4079
4507,4124
4507,4172
4508,4080
4508,4125
4508,4173
4509,4081
4509,4126
4509,4174
4510,4082
4510,4127
4510,4175
4511,4083
4511,4128
4511,4176
4512,4177
4513,4178
4515,4180
4516,4181
4517,4182
4518,4183
4519,4184
4520,4185
4521,4186
4522,4187
4523,4188
4524,4189
4525,4190
4526,4191
4527,4192
4528,4193
4529,4194
4530,4195
4531,4196
4532,4197
4533,4198
4534,4199
4535,4200
4536,4201
4537,4202
4538,4203
4539,4204
4540,4205
4541,4206
4542,4207
4543,4208
4544,4209
4545,4210
4546,4211
4553,4212
4554,4213
4555,4214
4556,4215
4557,4216
4558,4217
4559,4218
4560,4219
4561,4220
4562,4221
4563,4222
4564,4223
4565,4224
4566,4225
4567,4226
4568,4227
4569,4228
4570,4229
4571,4230
4572,4231
4573,4232
4574,4233
4575,4234
4576,4235
4577,4236
4580,4238
4580,4283
4580,4328
4581,4239
4582,4240
4583,4241
4584,4242
4585,4243
4586,4244
4587,4245
4588,4246
4589,4247
4590,4248
4591,4249
4591,4251
4592,4250
4592,4252
4593,4253
4594,4254
4595,4255
4606,4256
4606,4301
4606,4346
4607,4257
4607,4302
4607,4347
4608,4258
4608,4303
4608,4348
4609,4259
4609,4304
4609,4349
4610,4260
4610,4305
4610,4350
4611,4261
4611,4306
4611,4351
4612,4262
4612,4307
4612,4352
4613,4263
4613,4308
4613,4353
4614,4264
4614,4309
4614,4354
4615,4265
4615,4310
4615,4355
4616,4266
4616,4311
4616,4356
4617,4267
4617,4312
4617,4357
4618,4268
4618,4313
4618,4358
4619,4269
4619,4314
4619,4359
4620,4270
4620,4315
4620,4360
4621,4271
4621,4316
4621,4361
4622,4272
4622,4317
4622,4362
4623,4273
4623,4318
4623,4363
4624,4274
4624,4319
4624,4364
4625,4275
4625,4320
4625,4365
4626,4276
4626,4321
4626,4366
4627,4277
4627,4322
4627,4367
4628,4278
4628,4323
4628,4368
4629,4279
4629,4324
4629,4369
4630,4280
4630,4325
4630,4370
4631,4281
4633,4238
4633,4283
4633,4328
4634,4284
4635,4285
4636,4286
4637,4287
4638,4288
4639,4289
4640,4290
4641,4291
4642,4292
4643,4293
4644,4294
4644,4296
4645,4295
4645,4297
4646,4298
4647,4299
4648,4300
4649,4256
4649,4301
4649,4346
4650,4257
4650,4302
4650,4347
4651,4258
4651,4303
4651,4348
4652,4259
4652,4304
4652,4349
4653,4260
4653,4305
4653,4350
4654,4261
4654,4306
4654,4351
4655,4262
4655,4307
4655,4352
4656,4263
4656,4308
4656,4353
4657,4264
4657,4309
4657,4354
4658,4265
4658,4310
4658,4355
4659,4266
4659,4311
4659,4356
4660,4267
4660,4312
4660,4357
4661,4268
4661,4313
4661,4358
4662,4269
4662,4314
4662,4359
4663,4270
4663,4315
4663,4360
4664,4271
4664,4316
4664,4361
4665,4272
4665,4317
4665,4362
4666,4273
4666,4318
4666,4363
4667,4274
4667,4319
4667,4364
4668,4275
4668,4320
4668,4365
4669,4276
4669,4321
4669,4366
4670,4277
4670,4322
4670,4367
4671,4278
4671,4323
4671,4368
4672,4279
4672,4324
4672,4369
4673,4280
4673,4325
4673,4370
4674,4326
4676,4238
4676,4283
4676,4328
4677,4329
4678,4330
4679,4331
4680,4332
4681,4333
4682,4334
4683,4335
4684,4336
4685,4337
4686,4338
4687,4339
4687,4341
4688,4340
4688,4342
4689,4343
4690,4344
4691,4345
4692,4256
4692,4301
4692,4346
4693,4257
4693,4302
4693,4347
4694,4258
4694,4303
4694,4348
4695,4259
4695,4304
4695,4349
4696,4260
4696,4305
4696,4350
4697,4261
4697,4306
4697,4351
4698,4262
4698,4307
4698,4352
4699,4263
4699,4308
4699,4353
4700,4264
4700,4309
4700,4354
4701,4265
4701,4310
4701,4355
4702,4266
4702,4311
4702,4356
4703,4267
4703,4312
4703,4357
4704,4268
4704,4313
4704,4358
4705,4269
4705,4314
4705,4359
4706,4270
4706,4315
4706,4360
4707,4271
4707,4316
4707,4361
4708,4272
4708,4317
4708,4362
4709,4273
4709,4318
4709,4363
4710,4274
4710,4319
4710,4364
4711,4275
4711,4320
4711,4365
4712,4276
4712,4321
4712,4366
4713,4277
4713,4322
4713,4367
4714,4278
4714,4323
4714,4368
4715,4279
4715,4324
4715,4369
4716,4280
4716,4325
4716,4370
4717,4371
4719,4373
4719,4418
4719,4463
4720,4374
4721,4375
4722,4376
4723,4377
4724,4378
4725,4379
4726,4380
4727,4381
4728,4382
4729,4383
4730,4384
4730,4386
4731,4385
4731,4387
4732,4388
4733,4389
4734,4390
4745,4391
4745,4436
4745,4481
4746,4392
4746,4437
4746,4482
4747,4393
4747,4438
4747,4483
4748,4394
4748,4439
4748,4484
4749,4395
4749,4440
4749,4485
4750,4396
4750,4441
4750,4486
4751,4397
4751,4442
4751,4487
4752,4398
4752,4443
4752,4488
4753,4399
4753,4444
4753,4489
4754,4400
4754,4445
4754,4490
4755,4401
4755,4446
4755,4491
4756,4402
4756,4447
4756,4492
4757,4403
4757,4448
4757,4493
4758,4404
4758,4449
4758,4494
4759,4405
4759,4450
4759,4495
4760,4406
4760,4451
4760,4496
4761,4407
4761,4452
4761,4497
4762,4408
4762,4453
4762,4498
4763,4409
4763,4454
4763,4499
4764,4410
4764,4455
4764,4500
4765,4411
4765,4456
4765,4501
4766,4412
4766,4457
4766,4502
4767,4413
4767,4458
4767,4503
4768,4414
4768,4459
4768,4504
4769,4415
4769,4460
4769,4505
4770,4416
4772,4373
4772,4418
4772,4463
4773,4419
4774,4420
4775,4421
4776,4422
4777,4423
4778,4424
4779,4425
4780,4426
4781,4427
4782,4428
4783,4429
4783,4431
4784,4430
4784,4432
4785,4433
4786,4434
4787,4435
4798,4391
4798,4436
4798,4481
4799,4392
4799,4437
4799,4482
4800,4393
4800,4438
4800,4483
4801,4394
4801,4439
4801,4484
4802,4395
4802,4440
4802,4485
4803,4396
4803,4441
4803,4486
4804,4397
4804,4442
4804,4487
4805,4398
4805,4443
4805,4488
4806,4399
4806,4444
4806,4489
4807,4400
4807,4445
4807,4490
4808,4401
4808,4446
4808,4491
4809,4402
4809,4447
4809,4492
4810,4403
4810,4448
4810,4493
4811,4404
4811,4449
4811,4494
4812,4405
4812,4450
4812,4495
4813,4406
4813,4451
4813,4496
4814,4407
4814,4452
4814,4497
4815,4408
4815,4453
4815,4498
4816,4409
4816,4454
4816,4499
4817,4410
4817,4455
4817,4500
4818,4411
4818,4456
4818,4501
4819,4412
4819,4457
4819,4502
4820,4413
4820,4458
4820,4503
4821,4414
4821,4459
4821,4504
4822,4415
4822,4460
4822,4505
4823,4461
4825,4373
4825,4418
4825,4463
4826,4464
4827,4465
4828,4466
4829,4467
4830,4468
4831,4469
4832,4470
4833,4471
4834,4472
4835,4473
4836,4474
4836,4476
4837,4475
4837,4477
4838,4478
4839,4479
4840,4480
4841,4391
4841,4436
4841,4481
4842,4392
4842,4437
4842,4482
4843,4393
4843,4438
4843,4483
4844,4394
4844,4439
4844,4484
4845,4395
4845,4440
4845,4485
4846,4396
4846,4441
4846,4486
4847,4397
4847,4442
4847,4487
4848,4398
4848,4443
4848,4488
4849,4399
4849,4444
4849,4489
4850,4400
4850,4445
4850,4490
4851,4401
4851,4446
4851,4491
4852,4402
4852,4447
4852,4492
4853,4403
4853,4448
4853,4493
4854,4404
4854,4449
4854,4494
4855,4405
4855,4450
4855,4495
4856,4406
4856,4451
4856,4496
4857,4407
4857,4452
4857,4497
4858,4408
4858,4453
4858,4498
4859,4409
4859,4454
4859,4499
4860,4410
4860,4455
4860,4500
4861,4411
4861,4456
4861,4501
4862,4412
4862,4457
4862,4502
4863,4413
4863,4458
4863,4503
4864,4414
4864,4459
4864,4504
4865,4415
4865,4460
4865,4505
4866,4506
4868,4508
4868,4553
4868,4598
4869,4509
4870,4510
4871,4511
4872,4512
4873,4513
4874,4514
4875,4515
4876,4516
4877,4517
4878,4518
4879,4519
4879,4521
4880,4520
4880,4522
4881,4523
4882,4524
4883,4525
4884,4526
4884,4571
4884,4616
4885,4527
4885,4572
4885,4617
4886,4528
4886,4573
4886,4618
4887,4529
4887,4574
4887,4619
4888,4530
4888,4575
4888,4620
4889,4531
4889,4576
4889,4621
4890,4532
4890,4577
4890,4622
4891,4533
4891,4578
4891,4623
4892,4534
4892,4579
4892,4624
4893,4535
4893,4580
4893,4625
4894,4536
4894,4581
4894,4626
4895,4537
4895,4582
4895,4627
4896,4538
4896,4583
4896,4628
4897,4539
4897,4584
4897,4629
4898,4540
4898,4585
4898,4630
4899,4541
4899,4586
4899,4631
4900,4542
4900,4587
4900,4632
4901,4543
4901,4588
4901,4633
4902,4544
4902,4589
4902,4634
4903,4545
4903,4590
4903,4635
4904,4546
4904,4591
4904,4636
4905,4547
4905,4592
4905,4637
4906,4548
4906,4593
4906,4638
4907,4549
4907,4594
4907,4639
4908,4550
4908,4595
4908,4640
4909,4551
4911,4508
4911,4553
4911,4598
4912,4554
4913,4555
4914,4556
4915,4557
4916,4558
4917,4559
4918,4560
4919,4561
4920,4562
4921,4563
4922,4564
4922,4566
4923,4565
4923,4567
4924,4568
4925,4569
4926,4570
4927,4526
4927,4571
4927,4616
4928,4527
4928,4572
4928,4617
4929,4528
4929,4573
4929,4618
4930,4529
4930,4574
4930,4619
4931,4530
4931,4575
4931,4620
4932,4531
4932,4576
4932,4621
4933,4532
4933,4577
4933,4622
4934,4533
4934,4578
4934,4623
4935,4534
4935,4579
4935,4624
4936,4535
4936,4580
4936,4625
4937,4536
4937,4581
4937,4626
4938,4537
4938,4582
4938,4627
4939,4538
4939,4583
4939,4628
4940,4539
4940,4584
4940,4629
4941,4540
4941,4585
4941,4630
4942,4541
4942,4586
4942,4631
4943,4542
4943,4587
4943,4632
4944,4543
4944,4588
4944,4633
4945,4544
4945,4589
4945,4634
4946,4545
4946,4590
4946,4635
4947,4546
4947,4591
4947,4636
4948,4547
4948,4592
4948,4637
4949,4548
4949,4593
4949,4638
4950,4549
4950,4594
4950,4639
4951,4550
4951,4595
4951,4640
4952,4596
4954,4508
4954,4553
4954,4598
4955,4599
4956,4600
4957,4601
4958,4602
4959,4603
4960,4604
4961,4605
4962,4606
4963,4607
4964,4608
4965,4609
4965,4611
4966,4610
4966,4612
4967,4613
4968,4614
4969,4615
4980,4526
4980,4571
4980,4616
4981,4527
4981,4572
4981,4617
4982,4528
4982,4573
4982,4618
4983,4529
4983,4574
4983,4619
4984,4530
4984,4575
4984,4620
4985,4531
4985,4576
4985,4621
4986,4532
4986,4577
4986,4622
4987,4533
4987,4578
4987,4623
4988,4534
4988,4579
4988,4624
4989,4535
4989,4580
4989,4625
4990,4536
4990,4581
4990,4626
4991,4537
4991,4582
4991,4627
4992,4538
4992,4583
4992,4628
4993,4539
4993,4584
4993,4629
4994,4540
4994,4585
4994,4630
4995,4541
4995,4586
4995,4631
4996,4542
4996,4587
4996,4632
4997,4543
4997,4588
4997,4633
4998,4544
4998,4589
4998,4634
4999,4545
4999,4590
4999,4635
5000,4546
5000,4591
5000,4636
5001,4547
5001,4592
5001,4637
5002,4548
5002,4593
5002,4638
5003,4549
5003,4594
5003,4639
5004,4550
5004,4595
5004,4640
5005,4641
5007,4643
5007,4688
5007,4733
5008,4644
5009,4645
5010,4646
5011,4647
5012,4648
5013,4649
5014,4650
5015,4651
5016,4652
5017,4653
5018,4654
5018,4656
5019,4655
5019,4657
5020,4658
5021,4659
5022,4660
5023,4661
5023,4706
5023,4751
5024,4662
5024,4707
5024,4752
5025,4663
5025,4708
5025,4753
5026,4664
5026,4709
5026,4754
5027,4665
5027,4710
5027,4755
5028,4666
5028,4711
5028,4756
5029,4667
5029,4712
5029,4757
5030,4668
5030,4713
5030,4758
5031,4669
5031,4714
5031,4759
5032,4670
5032,4715
5032,4760
5033,4671
5033,4716
5033,4761
5034,4672
5034,4717
5034,4762
5035,4673
5035,4718
5035,4763
5036,4674
5036,4719
5036,4764
5037,4675
5037,4720
5037,4765
5038,4676
5038,4721
5038,4766
5039,4677
5039,4722
5039,4767
5040,4678
5040,4723
5040,4768
5041,4679
5041,4724
5041,4769
5042,4680
5042,4725
5042,4770
5043,4681
5043,4726
5043,4771
5044,4682
5044,4727
5044,4772
5045,4683
5045,4728
5045,4773
5046,4684
5046,4729
5046,4774
5047,4685
5047,4730
5047,4775
5048,4686
5050,4643
5050,4688
5050,4733
5051,4689
5052,4690
5053,4691
5054,4692
5055,4693
5056,4694
5057,4695
5058,4696
5059,4697
5060,4698
5061,4699
5061,4701
5062,4700
5062,4702
5063,4703
5064,4704
5065,4705
5066,4661
5066,4706
5066,4751
5067,4662
5067,4707
5067,4752
5068,4663
5068,4708
5068,4753
5069,4664
5069,4709
5069,4754
5070,4665
5070,4710
5070,4755
5071,4666
5071,4711
5071,4756
5072,4667
5072,4712
5072,4757
5073,4668
5073,4713
5073,4758
5074,4669
5074,4714
5074,4759
5075,4670
5075,4715
5075,4760
5076,4671
5076,4716
5076,4761
5077,4672
5077,4717
5077,4762
5078,4673
5078,4718
5078,4763
5079,4674
5079,4719
5079,4764
5080,4675
5080,4720
5080,4765
5081,4676
5081,4721
5081,4766
5082,4677
5082,4722
5082,4767
5083,4678
5083,4723
5083,4768
5084,4679
5084,4724
5084,4769
5085,4680
5085,4725
5085,4770
5086,4681
5086,4726
5086,4771
5087,4682
5087,4727
5087,4772
5088,4683
5088,4728
5088,4773
5089,4684
5089,4729
5089,4774
5090,4685
5090,4730
5090,4775
5091,4731
5093,4643
5093,4688
5093,4733
5094,4734
5095,4735
5096,4736
5097,4737
5098,4738
5099,4739
5100,4740
5101,4741
5102,4742
5103,4743
5104,4744
5104,4746
5105,4745
5105,4747
5106,4748
5107,4749
5108,4750
5109,4661
5109,4706
5109,4751
5110,4662
5110,4707
5110,4752
5111,4663
5111,4708
5111,4753
5112,4664
5112,4709
5112,4754
5113,4665
5113,4710
5113,4755
5114,4666
5114,4711
5114,4756
5115,4667
5115,4712
5115,4757
5116,4668
5116,4713
5116,4758
5117,4669
5117,4714
5117,4759
5118,4670
5118,4715
5118,4760
5119,4671
5119,4716
5119,4761
5120,4672
5120,4717
5120,4762
5121,4673
5121,4718
5121,4763
5122,4674
5122,4719
5122,4764
5123,4675
5123,4720
5123,4765
5124,4676
5124,4721
5124,4766
5125,4677
5125,4722
5125,4767
5126,4678
5126,4723
5126,4768
5127,4679
5127,4724
5127,4769
5128,4680
5128,4725
5128,4770
5129,4681
5129,4726
5129,4771
5130,4682
5130,4727
5130,4772
5131,4683
5131,4728
5131,4773
5132,4684
5132,4729
5132,4774
5133,4685
5133,4730
5133,4775
5134,4776
5136,4778
5136,4823
5136,4868
5137,4779
5138,4780
5139,4781
5140,4782
5141,4783
5142,4784
5143,4785
5144,4786
5145,4787
5146,4788
5147,4789
5147,4791
5148,4790
5148,4792
5149,4793
5150,4794
5151,4795
5152,4796
5152,4841
5152,4886
5153,4797
5153,4842
5153,4887
5154,4798
5154,4843
5154,4888
5155,4799
5155,4844
5155,4889
5156,4800
5156,4845
5156,4890
5157,4801
5157,4846
5157,4891
5158,4802
5158,4847
5158,4892
5159,4803
5159,4848
5159,4893
5160,4804
5160,4849
5160,4894
5161,4805
5161,4850
5161,4895
5162,4806
5162,4851
5162,4896
5163,4807
5163,4852
5163,4897
5164,4808
5164,4853
5164,4898
5165,4809
5165,4854
5165,4899
5166,4810
5166,4855
5166,4900
5167,4811
5167,4856
5167,4901
5168,4812
5168,4857
5168,4902
5169,4813
5169,4858
5169,4903
5170,4814
5170,4859
5170,4904
5171,4815
5171,4860
5171,4905
5172,4816
5172,4861
5172,4906
5173,4817
5173,4862
5173,4907
5174,4818
5174,4863
5174,4908
5175,4819
5175,4864
5175,4909
5176,4820
5176,4865
5176,4910
5177,4821
5179,4778
5179,4823
5179,4868
5180,4824
5181,4825
5182,4826
5183,4827
5184,4828
5185,4829
5186,4830
5187,4831
5188,4832
5189,4833
5190,4834
5190,4836
5191,4835
5191,4837
5192,4838
5193,4839
5194,4840
5205,4796
5205,4841
5205,4886
5206,4797
5206,4842
5206,4887
5207,4798
5207,4843
5207,4888
5208,4799
5208,4844
5208,4889
5209,4800
5209,4845
5209,4890
5210,4801
5210,4846
5210,4891
5211,4802
5211,4847
5211,4892
5212,4803
5212,4848
5212,4893
5213,4804
5213,4849
5213,4894
5214,4805
5214,4850
5214,4895
5215,4806
5215,4851
5215,4896
5216,4807
5216,4852
5216,4897
5217,4808
5217,4853
5217,4898
5218,4809
5218,4854
5218,4899
5219,4810
5219,4855
5219,4900
5220,4811
5220,4856
5220,4901
5221,4812
5221,4857
5221,4902
5222,4813
5222,4858
5222,4903
5223,4814
5223,4859
5223,4904
5224,4815
5224,4860
5224,4905
5225,4816
5225,4861
5225,4906
5226,4817
5226,4862
5226,4907
5227,4818
5227,4863
5227,4908
5228,4819
5228,4864
5228,4909
5229,4820
5229,4865
5229,4910
5230,4866
5232,4778
5232,4823
5232,4868
5233,4869
5234,4870
5235,4871
5236,4872
5237,4873
5238,4874
5239,4875
5240,4876
5241,4877
5242,4878
5243,4879
5243,4881
5244,4880
5244,4882
5245,4883
5246,4884
5247,4885
5248,4796
5248,4841
5248,4886
5249,4797
5249,4842
5249,4887
5250,4798
5250,4843
5250,4888
5251,4799
5251,4844
5251,4889
5252,4800
5252,4845
5252,4890
5253,4801
5253,4846
5253,4891
5254,4802
5254,4847
5254,4892
5255,4803
5255,4848
5255,4893
5256,4804
5256,4849
5256,4894
5257,4805
5257,4850
5257,4895
5258,4806
5258,4851
5258,4896
5259,4807
5259,4852
5259,4897
5260,4808
5260,4853
5260,4898
5261,4809
5261,4854
5261,4899
5262,4810
5262,4855
5262,4900
5263,4811
5263,4856
5263,4901
5264,4812
5264,4857
5264,4902
5265,4813
5265,4858
5265,4903
5266,4814
5266,4859
5266,4904
5267,4815
5267,4860
5267,4905
5268,4816
5268,4861
5268,4906
5269,4817
5269,4862
5269,4907
5270,4818
5270,4863
5270,4908
5271,4819
5271,4864
5271,4909
5272,4820
5272,4865
5272,4910
5273,4911
5275,4913
5276,4914
5277,4915
5278,4916
5279,4917
5280,4918
5281,4919
5282,4920
5283,4921
5284,4922
5285,4923
5286,4924
5286,4926
5287,4925
5287,4927
5288,4928
5289,4929
5290,4930
5291,4931
5292,4932
5293,4933
5294,4934
5295,4935
5296,4936
5297,4937
5298,4938
5299,4939
5300,4940
5301,4941
5302,4942
5303,4943
5304,4944
5305,4945
5306,4946
5307,4947
5308,4948
5309,4949
5310,4950
5311,4951
5312,4952
5313,4953
5314,4954
5315,4955
5316,4956
5317,4957
5318,4958
5319,4959
5320,4960
5322,4962
5322,5007
5323,4963
5324,4964
5325,4965
5326,4966
5327,4967
5328,4968
5329,4969
5330,4970
5331,4971
5332,4972
5333,4973
5333,4975
5334,4974
5334,4976
5335,4977
5336,4978
5337,4979
5340,4980
5340,5025
5341,4981
5341,5026
5342,4982
5342,5027
5343,4983
5343,5028
5344,4984
5344,5029
5345,4985
5345,5030
5346,4986
5346,5031
5347,4987
5347,5032
5348,4988
5348,5033
5349,4989
5349,5034
5350,4990
5350,5035
5351,4991
5351,5036
5352,4992
5352,5037
5353,4993
5353,5038
5354,4994
5354,5039
5355,4995
5355,5040
5356,4996
5356,5041
5357,4997
5357,5042
5358,4998
5358,5043
5359,4999
5359,5044
5360,5000
5360,5045
5361,5001
5361,5046
5362,5002
5362,5047
5363,5003
5363,5048
5364,5004
5364,5049
5365,5005
5367,4962
5367,5007
5368,5008
5369,5009
5370,5010
5371,5011
5372,5012
5373,5013
5374,5014
5375,5015
5376,5016
5377,5017
5378,5018
5378,5020
5379,5019
5379,5021
5380,5022
5381,5023
5382,5024
5385,4980
5385,5025
5386,4981
5386,5026
5387,4982
5387,5027
5388,4983
5388,5028
5389,4984
5389,5029
5390,4985
5390,5030
5391,4986
5391,5031
5392,4987
5392,5032
5393,4988
5393,5033
5394,4989
5394,5034
5395,4990
5395,5035
5396,4991
5396,5036
5397,4992
5397,5037
5398,4993
5398,5038
5399,4994
5399,5039
5400,4995
5400,5040
5401,4996
5401,5041
5402,4997
5402,5042
5403,4998
5403,5043
5404,4999
5404,5044
5405,5000
5405,5045
5406,5001
5406,5046
5407,5002
5407,5047
5408,5003
5408,5048
5409,5004
5409,5049
5410,5050
5412,5052
5413,5053
5414,5054
5415,5055
5416,5056
5417,5057
5418,5058
5419,5059
5420,5060
5421,5061
5422,5062
5423,5063
5424,5064
5425,5065
5426,5066
5427,5067
5428,5068
5429,5069
5430,5070
5431,5071
5432,5072
5433,5073
5434,5074
5435,5075
5436,5076
5437,5077
5438,5078
5439,5079
5440,5080
5441,5081
5442,5082
5443,5083
5450,5084
5451,5085
5452,5086
5453,5087
5454,5088
5455,5089
5456,5090
5457,5091
5458,5092
5459,5093
5460,5094
5461,5095
5462,5096
5463,5097
5464,5098
5465,5099
5466,5100
5467,5101
5468,5102
5469,5103
5470,5104
5471,5105
5472,5106
5473,5107
5474,5108
5485,5110
5486,5111
5487,5112
5488,5113
5489,5114
5490,5115
5491,5116
5492,5117
5493,5118
5494,5119
5495,5120
5496,5121
5497,5122
5498,5123
5499,5124
5500,5125
5501,5126
5502,5127
5503,5128
5504,5129
5505,5130
5506,5131
5507,5132
5508,5133
5509,5134
5510,5135
5511,5136
5512,5137
5513,5138
5514,5139
5515,5140
5516,5141
5517,5142
5518,5143
5537,5145
5538,5146
5539,5147
5540,5148
5541,5149
5542,5150
5543,5151
5544,5152
5545,5153
5546,5154
5547,5155
5548,5156
5549,5157
5550,5158
5551,5159
5552,5160
5553,5161
5554,5162
5555,5163
5556,5164
5557,5165
5558,5166
5559,5167
5560,5168
5561,5169
5562,5170
5563,5171
5564,5172
5565,5173
5566,5174
5567,5175
5568,5176
5569,5177
5570,5178
5589,5180
5590,5181
5591,5182
5592,5183
5593,5184
5594,5185
5595,5186
5596,5187
5597,5188
5598,5189
5599,5190
5600,5191
5601,5192
5602,5193
5603,5194
5604,5195
5605,5196
5606,5197
5607,5198
5608,5199
5609,5200
5610,5201
5611,5202
5612,5203
5613,5204
5614,5205
5615,5206
5616,5207
5617,5208
5618,5209
5619,5210
5620,5211
5621,5212
5622,5213
5641,5215
5642,5216
5643,5217
5644,5218
5645,5219
5646,5220
5647,5221
5648,5222
5649,5223
5650,5224
5651,5225
5652,5226
5653,5227
5654,5228
5655,5229
5656,5230
5657,5231
5658,5232
5659,5233
5660,5234
5661,5235
5662,5236
5663,5237
5664,5238
5671,5239
5672,5240
5673,5241
5674,5242
5675,5243
5676,5244
5677,5245
5678,5246
5679,5247
5680,5248
5681,5249
5682,5250
5683,5251
5684,5252
5685,5253
5686,5254
5687,5255
5688,5256
5689,5257
5690,5258
5691,5259
5692,5260
5693,5261
5694,5262
5695,5263
5696,5264
5697,5265
5698,5266
5699,5267
5718,5269
5719,5270
5720,5271
5721,5272
5722,5273
5723,5274
5724,5275
5725,5276
5726,5277
5727,5278
5728,5279
5729,5280
5730,5281
5731,5282
5732,5283
5733,5284
5734,5285
5735,5286
5736,5287
5737,5288
5738,5289
5739,5290
5740,5291
5741,5292
5748,5293
5749,5294
5750,5295
5751,5296
5752,5297
5753,5298
5754,5299
5755,5300
5756,5301
5757,5302
5758,5303
5759,5304
5760,5305
5761,5306
5762,5307
5763,5308
5764,5309
5765,5310
5766,5311
5767,5312
5768,5313
5769,5314
5770,5315
5771,5316
5772,5317
5773,5318
5774,5319
5775,5320
5776,5321
5795,5323
5796,5324
5797,5325
5798,5326
5799,5327
5800,5328
5801,5329
5802,5330
5803,5331
5804,5332
5805,5333
5806,5334
5807,5335
5808,5336
5809,5337
5810,5338
5811,5339
5812,5340
5813,5341
5814,5342
5815,5343
5816,5344
5817,5345
5818,5346
5825,5347
5826,5348
5827,5349
5828,5350
5829,5351
5830,5352
5831,5353
5832,5354
5833,5355
5834,5356
5835,5357
5836,5358
5837,5359
5838,5360
5839,5361
5840,5362
5841,5363
5842,5364
5843,5365
5844,5366
5845,5367
5846,5368
5847,5369
5848,5370
5849,5371
5850,5372
5851,5373
5852,5374
5853,5375
5863,2340
5863,2394
5863,5377
5864,2347
5864,2401
5864,5378
5865,2348
5865,2402
5865,5379
5866,2349
5866,2403
5866,5380
5867,2350
5867,2404
5867,5381
5868,2351
5868,2405
5868,5382
5869,2352
5869,2406
5869,5383
5870,2353
5870,2407
5870,5384
5871,2354
5871,2408
5871,5385
5872,2355
5872,2409
5872,5386
5873,2356
5873,2410
5873,5387
5874,2359
5874,2415
5874,2417
5874,5388
5874,5390
5875,2360
5875,2416
5875,2418
5875,5389
5875,5391
5876,2361
5876,2419
5876,2421
5876,5392
5876,5394
5877,2362
5877,2420
5877,2422
5877,5393
5877,5395
5878,2363
5878,2423
5878,5396
5879,2364
5879,2424
5879,5397
5880,2365
5880,2425
5880,5398
5881,2366
5881,2426
5881,5399
5882,2367
5882,2427
5882,5400
5883,2368
5883,2428
5883,5401
5884,2369
5884,2429
5884,5402
5885,2370
5885,2430
5885,5403
5886,2371
5886,2431
5886,5404
5887,2372
5887,2432
5887,5405
5888,2373
5888,2433
5888,5406
5889,2374
5889,2434
5889,5407
5890,2375
5890,2435
5890,5408
5891,2376
5891,2436
5891,5409
5892,2377
5892,2437
5892,5410
5893,2378
5893,2438
5893,5411
5894,2379
5894,2439
5894,5412
5895,2380
5895,2440
5895,5413
5896,2381
5896,2441
5896,5414
5897,2382
5897,2442
5897,5415
5898,2383
5898,2443
5898,5416
5899,2384
5899,2444
5899,5417
5900,2385
5900,2445
5900,5418
5901,2386
5901,2446
5901,5419
5902,2387
5902,2447
5902,5420
5903,2388
5903,2448
5903,5421
5904,2389
5904,2449
5904,5422
5905,2391
5905,5423
5906,2451
5906,5424
5907,2392
5907,2452
5907,5425
5910,2454
5910,2508
5910,5427
5911,2456
5911,2510
5911,5428
5912,2457
5912,2511
5912,5429
5913,2458
5913,2512
5913,5430
5914,2459
5914,2513
5914,5431
5915,2460
5915,2514
5915,5432
5916,2466
5916,2520
5916,5433
5917,2467
5917,2521
5917,5434
5918,2468
5918,2522
5918,5435
5919,2469
5919,2523
5919,5436
5920,2470
5920,2524
5920,5437
5921,2471
5921,2525
5921,2527
5921,5438
5921,5440
5922,2472
5922,2526
5922,2528
5922,5439
5922,5441
5923,2475
5923,2533
5923,2535
5923,5442
5923,5444
5924,2476
5924,2534
5924,2536
5924,5443
5924,5445
5925,2477
5925,2537
5925,5446
5926,2478
5926,2538
5926,5447
5927,2479
5927,2539
5927,5448
5928,2480
5928,2540
5928,5449
5929,2481
5929,2541
5929,5450
5930,2482
5930,2542
5930,5451
5931,2483
5931,2543
5931,5452
5932,2484
5932,2544
5932,5453
5933,2485
5933,2545
5933,5454
5934,2486
5934,2546
5934,5455
5935,2487
5935,2547
5935,5456
5936,2488
5936,2548
5936,5457
5937,2489
5937,2549
5937,5458
5938,2490
5938,2550
5938,5459
5939,2491
5939,2551
5939,5460
5940,2492
5940,2552
5940,5461
5941,2493
5941,2553
5941,5462
5942,2494
5942,2554
5942,5463
5943,2495
5943,2555
5943,5464
5944,2496
5944,2556
5944,5465
5945,2497
5945,2557
5945,5466
5946,2498
5946,2558
5946,5467
5947,2499
5947,2559
5947,5468
5948,2500
5948,2560
5948,5469
5949,2501
5949,2561
5949,5470
5950,2502
5950,2562
5950,5471
5951,2503
5951,2563
5951,5472
5952,2504
5952,2564
5952,5473
5953,2506
5953,2566
5953,5474
5956,2568
5956,2614
5956,2660
5956,2709
5956,2756
5956,2798
5956,2840
5956,2885
5956,2928
5956,2970
5956,3012
5956,3057
5956,3100
5956,3165
5956,3230
5956,3301
5956,5476
5956,5517
5956,5560
5956,5611
5956,5662
5956,5703
5956,5746
5956,5797
5956,5848
5956,5889
5956,5932
5956,5983
5956,6034
5956,6075
5956,6118
5956,6169
5957,2758
5957,2800
5957,2842
5957,2887
5957,3107
5957,3172
5957,3237
5957,3308
5957,5477
5957,5518
5957,5561
5957,5612
5958,2759
5958,2801
5958,2843
5958,2888
5958,3108
5958,3173
5958,3238
5958,3309
5958,5478
5958,5519
5958,5562
5958,5613
5959,2760
5959,2802
5959,2844
5959,2889
5959,3109
5959,3174
5959,3239
5959,3310
5959,5479
5959,5520
5959,5563
5959,5614
5960,2761
5960,2803
5960,2845
5960,2890
5960,3110
5960,3175
5960,3240
5960,3311
5960,5480
5960,5521
5960,5564
5960,5615
5961,2762
5961,2804
5961,2846
5961,2891
5961,3111
5961,3176
5961,3241
5961,3312
5961,5481
5961,5522
5961,5565
5961,5616
5962,2763
5962,2765
5962,2805
5962,2807
5962,2847
5962,2849
5962,2851
5962,2892
5962,2894
5962,3119
5962,3125
5962,3184
5962,3190
5962,3251
5962,3253
5962,3261
5962,3320
5962,3326
5962,5482
5962,5484
5962,5523
5962,5525
5962,5527
5962,5571
5962,5573
5962,5622
5962,5624
5963,2764
5963,2766
5963,2806
5963,2808
5963,2848
5963,2850
5963,2852
5963,2893
5963,2895
5963,3120
5963,3126
5963,3185
5963,3191
5963,3252
5963,3254
5963,3262
5963,3321
5963,3327
5963,5483
5963,5485
5963,5524
5963,5526
5963,5528
5963,5572
5963,5574
5963,5623
5963,5625
5964,2767
5964,2809
5964,2853
5964,2896
5964,3131
5964,3196
5964,3267
5964,3332
5964,5486
5964,5529
5964,5575
5964,5626
5965,2582
5965,2628
5965,2676
5965,2723
5965,2768
5965,2810
5965,2854
5965,2897
5965,2940
5965,2982
5965,3026
5965,3069
5965,3133
5965,3198
5965,3269
5965,3334
5965,5487
5965,5530
5965,5578
5965,5629
5965,5673
5965,5716
5965,5764
5965,5815
5965,5859
5965,5902
5965,5950
5965,6001
5965,6045
5965,6088
5965,6136
5965,6187
5966,2583
5966,2629
5966,2677
5966,2724
5966,2769
5966,2811
5966,2855
5966,2898
5966,2941
5966,2983
5966,3027
5966,3070
5966,3134
5966,3199
5966,3270
5966,3335
5966,5488
5966,5531
5966,5580
5966,5631
5966,5674
5966,5717
5966,5766
5966,5817
5966,5860
5966,5903
5966,5952
5966,6003
5966,6046
5966,6089
5966,6138
5966,6189
5967,2584
5967,2630
5967,2678
5967,2725
5967,2770
5967,2812
5967,2856
5967,2899
5967,2942
5967,2984
5967,3028
5967,3071
5967,3135
5967,3200
5967,3271
5967,3336
5967,5489
5967,5532
5967,5582
5967,5633
5967,5675
5967,5718
5967,5768
5967,5819
5967,5861
5967,5904
5967,5954
5967,6005
5967,6047
5967,6090
5967,6140
5967,6191
5968,2585
5968,2631
5968,2679
5968,2726
5968,2771
5968,2813
5968,2857
5968,2900
5968,2943
5968,2985
5968,3029
5968,3072
5968,3136
5968,3201
5968,3272
5968,3337
5968,5490
5968,5533
5968,5584
5968,5635
5968,5676
5968,5719
5968,5770
5968,5821
5968,5862
5968,5905
5968,5956
5968,6007
5968,6048
5968,6091
5968,6142
5968,6193
5969,2586
5969,2632
5969,2680
5969,2727
5969,2772
5969,2814
5969,2858
5969,2901
5969,2944
5969,2986
5969,3030
5969,3073
5969,3137
5969,3202
5969,3273
5969,3338
5969,5491
5969,5534
5969,5586
5969,5637
5969,5677
5969,5720
5969,5772
5969,5823
5969,5863
5969,5906
5969,5958
5969,6009
5969,6049
5969,6092
5969,6144
5969,6195
5970,2587
5970,2633
5970,2681
5970,2728
5970,2773
5970,2815
5970,2859
5970,2902
5970,2945
5970,2987
5970,3031
5970,3074
5970,3138
5970,3203
5970,3274
5970,3339
5970,5492
5970,5535
5970,5588
5970,5639
5970,5678
5970,5721
5970,5774
5970,5825
5970,5864
5970,5907
5970,5960
5970,6011
5970,6050
5970,6093
5970,6146
5970,6197
5971,2588
5971,2634
5971,2682
5971,2729
5971,2774
5971,2816
5971,2860
5971,2903
5971,2946
5971,2988
5971,3032
5971,3075
5971,3139
5971,3204
5971,3275
5971,3340
5971,5493
5971,5536
5971,5589
5971,5640
5971,5679
5971,5722
5971,5775
5971,5826
5971,5865
5971,5908
5971,5961
5971,6012
5971,6051
5971,6094
5971,6147
5971,6198
5972,2589
5972,2635
5972,2683
5972,2730
5972,2775
5972,2817
5972,2861
5972,2904
5972,2947
5972,2989
5972,3033
5972,3076
5972,3140
5972,3205
5972,3276
5972,3341
5972,5494
5972,5537
5972,5590
5972,5641
5972,5680
5972,5723
5972,5776
5972,5827
5972,5866
5972,5909
5972,5962
5972,6013
5972,6052
5972,6095
5972,6148
5972,6199
5973,2590
5973,2636
5973,2684
5973,2731
5973,2776
5973,2818
5973,2862
5973,2905
5973,2948
5973,2990
5973,3034
5973,3077
5973,3141
5973,3206
5973,3277
5973,3342
5973,5495
5973,5538
5973,5591
5973,5642
5973,5681
5973,5724
5973,5777
5973,5828
5973,5867
5973,5910
5973,5963
5973,6014
5973,6053
5973,6096
5973,6149
5973,6200
5974,2591
5974,2637
5974,2685
5974,2732
5974,2777
5974,2819
5974,2863
5974,2906
5974,2949
5974,2991
5974,3035
5974,3078
5974,3142
5974,3207
5974,3278
5974,3343
5974,5496
5974,5539
5974,5592
5974,5643
5974,5682
5974,5725
5974,5778
5974,5829
5974,5868
5974,5911
5974,5964
5974,6015
5974,6054
5974,6097
5974,6150
5974,6201
5975,2592
5975,2638
5975,2686
5975,2733
5975,2778
5975,2820
5975,2864
5975,2907
5975,2950
5975,2992
5975,3036
5975,3079
5975,3143
5975,3208
5975,3279
5975,3344
5975,5497
5975,5540
5975,5593
5975,5644
5975,5683
5975,5726
5975,5779
5975,5830
5975,5869
5975,5912
5975,5965
5975,6016
5975,6055
5975,6098
5975,6151
5975,6202
5976,2593
5976,2639
5976,2687
5976,2734
5976,2779
5976,2821
5976,2865
5976,2908
5976,2951
5976,2993
5976,3037
5976,3080
5976,3144
5976,3209
5976,3280
5976,3345
5976,5498
5976,5541
5976,5594
5976,5645
5976,5684
5976,5727
5976,5780
5976,5831
5976,5870
5976,5913
5976,5966
5976,6017
5976,6056
5976,6099
5976,6152
5976,6203
5977,2594
5977,2640
5977,2688
5977,2735
5977,2780
5977,2822
5977,2866
5977,2909
5977,2952
5977,2994
5977,3038
5977,3081
5977,3145
5977,3210
5977,3281
5977,3346
5977,5499
5977,5542
5977,5595
5977,5646
5977,5685
5977,5728
5977,5781
5977,5832
5977,5871
5977,5914
5977,5967
5977,6018
5977,6057
5977,6100
5977,6153
5977,6204
5978,2595
5978,2641
5978,2689
5978,2736
5978,2781
5978,2823
5978,2867
5978,2910
5978,2953
5978,2995
5978,3039
5978,3082
5978,3146
5978,3211
5978,3282
5978,3347
5978,5500
5978,5543
5978,5596
5978,5647
5978,5686
5978,5729
5978,5782
5978,5833
5978,5872
5978,5915
5978,5968
5978,6019
5978,6058
5978,6101
5978,6154
5978,6205
5979,2596
5979,2642
5979,2690
5979,2737
5979,2782
5979,2824
5979,2868
5979,2911
5979,2954
5979,2996
5979,3040
5979,3083
5979,3147
5979,3212
5979,3283
5979,3348
5979,5501
5979,5544
5979,5597
5979,5648
5979,5687
5979,5730
5979,5783
5979,5834
5979,5873
5979,5916
5979,5969
5979,6020
5979,6059
5979,6102
5979,6155
5979,6206
5980,2597
5980,2643
5980,2691
5980,2738
5980,2783
5980,2825
5980,2869
5980,2912
5980,2955
5980,2997
5980,3041
5980,3084
5980,3148
5980,3213
5980,3284
5980,3349
5980,5502
5980,5545
5980,5598
5980,5649
5980,5688
5980,5731
5980,5784
5980,5835
5980,5874
5980,5917
5980,5970
5980,6021
5980,6060
5980,6103
5980,6156
5980,6207
5981,2598
5981,2644
5981,2692
5981,2739
5981,2784
5981,2826
5981,2870
5981,2913
5981,2956
5981,2998
5981,3042
5981,3085
5981,3149
5981,3214
5981,3285
5981,3350
5981,5503
5981,5546
5981,5599
5981,5650
5981,5689
5981,5732
5981,5785
5981,5836
5981,5875
5981,5918
5981,5971
5981,6022
5981,6061
5981,6104
5981,6157
5981,6208
5982,2599
5982,2645
5982,2693
5982,2740
5982,2785
5982,2827
5982,2871
5982,2914
5982,2957
5982,2999
5982,3043
5982,3086
5982,3150
5982,3215
5982,3286
5982,3351
5982,5504
5982,5547
5982,5600
5982,5651
5982,5690
5982,5733
5982,5786
5982,5837
5982,5876
5982,5919
5982,5972
5982,6023
5982,6062
5982,6105
5982,6158
5982,6209
5983,2600
5983,2646
5983,2694
5983,2741
5983,2786
5983,2828
5983,2872
5983,2915
5983,2958
5983,3000
5983,3044
5983,3087
5983,3151
5983,3216
5983,3287
5983,3352
5983,5505
5983,5548
5983,5601
5983,5652
5983,5691
5983,5734
5983,5787
5983,5838
5983,5877
5983,5920
5983,5973
5983,6024
5983,6063
5983,6106
5983,6159
5983,6210
5984,2601
5984,2647
5984,2695
5984,2742
5984,2787
5984,2829
5984,2873
5984,2916
5984,2959
5984,3001
5984,3045
5984,3088
5984,3152
5984,3217
5984,3288
5984,3353
5984,5506
5984,5549
5984,5602
5984,5653
5984,5692
5984,5735
5984,5788
5984,5839
5984,5878
5984,5921
5984,5974
5984,6025
5984,6064
5984,6107
5984,6160
5984,6211
5985,2602
5985,2648
5985,2696
5985,2743
5985,2788
5985,2830
5985,2874
5985,2917
5985,2960
5985,3002
5985,3046
5985,3089
5985,3153
5985,3218
5985,3289
5985,3354
5985,5507
5985,5550
5985,5603
5985,5654
5985,5693
5985,5736
5985,5789
5985,5840
5985,5879
5985,5922
5985,5975
5985,6026
5985,6065
5985,6108
5985,6161
5985,6212
5986,2603
5986,2649
5986,2697
5986,2744
5986,2789
5986,2831
5986,2875
5986,2918
5986,2961
5986,3003
5986,3047
5986,3090
5986,3154
5986,3219
5986,3290
5986,3355
5986,5508
5986,5551
5986,5604
5986,5655
5986,5694
5986,5737
5986,5790
5986,5841
5986,5880
5986,5923
5986,5976
5986,6027
5986,6066
5986,6109
5986,6162
5986,6213
5987,2604
5987,2650
5987,2698
5987,2745
5987,2790
5987,2832
5987,2876
5987,2919
5987,2962
5987,3004
5987,3048
5987,3091
5987,3155
5987,3220
5987,3291
5987,3356
5987,5509
5987,5552
5987,5695
5987,5738
5987,5881
5987,5924
5987,6067
5987,6110
5988,2605
5988,2651
5988,2699
5988,2746
5988,2791
5988,2833
5988,2877
5988,2920
5988,2963
5988,3005
5988,3049
5988,3092
5988,3156
5988,3221
5988,3292
5988,3357
5988,5510
5988,5553
5988,5696
5988,5739
5988,5882
5988,5925
5988,6068
5988,6111
5989,2606
5989,2652
5989,2700
5989,2747
5989,2792
5989,2834
5989,2878
5989,2921
5989,2964
5989,3006
5989,3050
5989,3093
5989,3157
5989,3222
5989,3293
5989,3358
5989,5511
5989,5554
5989,5697
5989,5740
5989,5883
5989,5926
5989,6069
5989,6112
5990,2607
5990,2653
5990,2701
5990,2748
5990,2793
5990,2835
5990,2879
5990,2922
5990,2965
5990,3007
5990,3051
5990,3094
5990,3158
5990,3223
5990,3294
5990,3359
5990,5512
5990,5555
5990,5606
5990,5657
5990,5698
5990,5741
5990,5792
5990,5843
5990,5884
5990,5927
5990,5978
5990,6029
5990,6070
5990,6113
5990,6164
5990,6215
5991,2608
5991,2654
5991,2702
5991,2749
5991,2794
5991,2836
5991,2880
5991,2923
5991,2966
5991,3008
5991,3052
5991,3095
5991,3159
5991,3224
5991,3295
5991,3360
5991,5513
5991,5556
5991,5607
5991,5658
5991,5699
5991,5742
5991,5793
5991,5844
5991,5885
5991,5928
5991,5979
5991,6030
5991,6071
5991,6114
5991,6165
5991,6216
5992,2795
5992,2837
5992,2881
5992,2924
5992,3162
5992,3298
5992,5514
5992,5557
5992,5576
5992,5627
5993,2796
5993,2838
5993,2882
5993,2925
5993,3227
5993,3363
5993,5515
5993,5558
5993,5577
5993,5628
5996,2568
5996,2614
5996,2660
5996,2709
5996,2756
5996,2798
5996,2840
5996,2885
5996,2928
5996,2970
5996,3012
5996,3057
5996,3100
5996,3165
5996,3230
5996,3301
5996,5476
5996,5517
5996,5560
5996,5611
5996,5662
5996,5703
5996,5746
5996,5797
5996,5848
5996,5889
5996,5932
5996,5983
5996,6034
5996,6075
5996,6118
5996,6169
5997,2758
5997,2800
5997,2842
5997,2887
5997,3107
5997,3172
5997,3237
5997,3308
5997,5477
5997,5518
5997,5561
5997,5612
5998,2759
5998,2801
5998,2843
5998,2888
5998,3108
5998,3173
5998,3238
5998,3309
5998,5478
5998,5519
5998,5562
5998,5613
5999,2760
5999,2802
5999,2844
5999,2889
5999,3109
5999,3174
5999,3239
5999,3310
5999,5479
5999,5520
5999,5563
5999,5614
6000,2761
6000,2803
6000,2845
6000,2890
6000,3110
6000,3175
6000,3240
6000,3311
6000,5480
6000,5521
6000,5564
6000,5615
6001,2762
6001,2804
6001,2846
6001,2891
6001,3111
6001,3176
6001,3241
6001,3312
6001,5481
6001,5522
6001,5565
6001,5616
6002,2763
6002,2765
6002,2805
6002,2807
6002,2847
6002,2849
6002,2851
6002,2892
6002,2894
6002,3119
6002,3125
6002,3184
6002,3190
6002,3251
6002,3253
6002,3261
6002,3320
6002,3326
6002,5482
6002,5484
6002,5523
6002,5525
6002,5527
6002,5571
6002,5573
6002,5622
6002,5624
6003,2764
6003,2766
6003,2806
6003,2808
6003,2848
6003,2850
6003,2852
6003,2893
6003,2895
6003,3120
6003,3126
6003,3185
6003,3191
6003,3252
6003,3254
6003,3262
6003,3321
6003,3327
6003,5483
6003,5485
6003,5524
6003,5526
6003,5528
6003,5572
6003,5574
6003,5623
6003,5625
6004,2767
6004,2809
6004,2853
6004,2896
6004,3131
6004,3196
6004,3267
6004,3332
6004,5486
6004,5529
6004,5575
6004,5626
6012,2582
6012,2628
6012,2676
6012,2723
6012,2768
6012,2810
6012,2854
6012,2897
6012,2940
6012,2982
6012,3026
6012,3069
6012,3133
6012,3198
6012,3269
6012,3334
6012,5487
6012,5530
6012,5578
6012,5629
6012,5673
6012,5716
6012,5764
6012,5815
6012,5859
6012,5902
6012,5950
6012,6001
6012,6045
6012,6088
6012,6136
6012,6187
6013,2583
6013,2629
6013,2677
6013,2724
6013,2769
6013,2811
6013,2855
6013,2898
6013,2941
6013,2983
6013,3027
6013,3070
6013,3134
6013,3199
6013,3270
6013,3335
6013,5488
6013,5531
6013,5580
6013,5631
6013,5674
6013,5717
6013,5766
6013,5817
6013,5860
6013,5903
6013,5952
6013,6003
6013,6046
6013,6089
6013,6138
6013,6189
6014,2584
6014,2630
6014,2678
6014,2725
6014,2770
6014,2812
6014,2856
6014,2899
6014,2942
6014,2984
6014,3028
6014,3071
6014,3135
6014,3200
6014,3271
6014,3336
6014,5489
6014,5532
6014,5582
6014,5633
6014,5675
6014,5718
6014,5768
6014,5819
6014,5861
6014,5904
6014,5954
6014,6005
6014,6047
6014,6090
6014,6140
6014,6191
6015,2585
6015,2631
6015,2679
6015,2726
6015,2771
6015,2813
6015,2857
6015,2900
6015,2943
6015,2985
6015,3029
6015,3072
6015,3136
6015,3201
6015,3272
6015,3337
6015,5490
6015,5533
6015,5584
6015,5635
6015,5676
6015,5719
6015,5770
6015,5821
6015,5862
6015,5905
6015,5956
6015,6007
6015,6048
6015,6091
6015,6142
6015,6193
6016,2586
6016,2632
6016,2680
6016,2727
6016,2772
6016,2814
6016,2858
6016,2901
6016,2944
6016,2986
6016,3030
6016,3073
6016,3137
6016,3202
6016,3273
6016,3338
6016,5491
6016,5534
6016,5586
6016,5637
6016,5677
6016,5720
6016,5772
6016,5823
6016,5863
6016,5906
6016,5958
6016,6009
6016,6049
6016,6092
6016,6144
6016,6195
6017,2587
6017,2633
6017,2681
6017,2728
6017,2773
6017,2815
6017,2859
6017,2902
6017,2945
6017,2987
6017,3031
6017,3074
6017,3138
6017,3203
6017,3274
6017,3339
6017,5492
6017,5535
6017,5588
6017,5639
6017,5678
6017,5721
6017,5774
6017,5825
6017,5864
6017,5907
6017,5960
6017,6011
6017,6050
6017,6093
6017,6146
6017,6197
6018,2588
6018,2634
6018,2682
6018,2729
6018,2774
6018,2816
6018,2860
6018,2903
6018,2946
6018,2988
6018,3032
6018,3075
6018,3139
6018,3204
6018,3275
6018,3340
6018,5493
6018,5536
6018,5589
6018,5640
6018,5679
6018,5722
6018,5775
6018,5826
6018,5865
6018,5908
6018,5961
6018,6012
6018,6051
6018,6094
6018,6147
6018,6198
6019,2589
6019,2635
6019,2683
6019,2730
6019,2775
6019,2817
6019,2861
6019,2904
6019,2947
6019,2989
6019,3033
6019,3076
6019,3140
6019,3205
6019,3276
6019,3341
6019,5494
6019,5537
6019,5590
6019,5641
6019,5680
6019,5723
6019,5776
6019,5827
6019,5866
6019,5909
6019,5962
6019,6013
6019,6052
6019,6095
6019,6148
6019,6199
6020,2590
6020,2636
6020,2684
6020,2731
6020,2776
6020,2818
6020,2862
6020,2905
6020,2948
6020,2990
6020,3034
6020,3077
6020,3141
6020,3206
6020,3277
6020,3342
6020,5495
6020,5538
6020,5591
6020,5642
6020,5681
6020,5724
6020,5777
6020,5828
6020,5867
6020,5910
6020,5963
6020,6014
6020,6053
6020,6096
6020,6149
6020,6200
6021,2591
6021,2637
6021,2685
6021,2732
6021,2777
6021,2819
6021,2863
6021,2906
6021,2949
6021,2991
6021,3035
6021,3078
6021,3142
6021,3207
6021,3278
6021,3343
6021,5496
6021,5539
6021,5592
6021,5643
6021,5682
6021,5725
6021,5778
6021,5829
6021,5868
6021,5911
6021,5964
6021,6015
6021,6054
6021,6097
6021,6150
6021,6201
6022,2592
6022,2638
6022,2686
6022,2733
6022,2778
6022,2820
6022,2864
6022,2907
6022,2950
6022,2992
6022,3036
6022,3079
6022,3143
6022,3208
6022,3279
6022,3344
6022,5497
6022,5540
6022,5593
6022,5644
6022,5683
6022,5726
6022,5779
6022,5830
6022,5869
6022,5912
6022,5965
6022,6016
6022,6055
6022,6098
6022,6151
6022,6202
6023,2593
6023,2639
6023,2687
6023,2734
6023,2779
6023,2821
6023,2865
6023,2908
6023,2951
6023,2993
6023,3037
6023,3080
6023,3144
6023,3209
6023,3280
6023,3345
6023,5498
6023,5541
6023,5594
6023,5645
6023,5684
6023,5727
6023,5780
6023,5831
6023,5870
6023,5913
6023,5966
6023,6017
6023,6056
6023,6099
6023,6152
6023,6203
6024,2594
6024,2640
6024,2688
6024,2735
6024,2780
6024,2822
6024,2866
6024,2909
6024,2952
6024,2994
6024,3038
6024,3081
6024,3145
6024,3210
6024,3281
6024,3346
6024,5499
6024,5542
6024,5595
6024,5646
6024,5685
6024,5728
6024,5781
6024,5832
6024,5871
6024,5914
6024,5967
6024,6018
6024,6057
6024,6100
6024,6153
6024,6204
6025,2595
6025,2641
6025,2689
6025,2736
6025,2781
6025,2823
6025,2867
6025,2910
6025,2953
6025,2995
6025,3039
6025,3082
6025,3146
6025,3211
6025,3282
6025,3347
6025,5500
6025,5543
6025,5596
6025,5647
6025,5686
6025,5729
6025,5782
6025,5833
6025,5872
6025,5915
6025,5968
6025,6019
6025,6058
6025,6101
6025,6154
6025,6205
6026,2596
6026,2642
6026,2690
6026,2737
6026,2782
6026,2824
6026,2868
6026,2911
6026,2954
6026,2996
6026,3040
6026,3083
6026,3147
6026,3212
6026,3283
6026,3348
6026,5501
6026,5544
6026,5597
6026,5648
6026,5687
6026,5730
6026,5783
6026,5834
6026,5873
6026,5916
6026,5969
6026,6020
6026,6059
6026,6102
6026,6155
6026,6206
6027,2597
6027,2643
6027,2691
6027,2738
6027,2783
6027,2825
6027,2869
6027,2912
6027,2955
6027,2997
6027,3041
6027,3084
6027,3148
6027,3213
6027,3284
6027,3349
6027,5502
6027,5545
6027,5598
6027,5649
6027,5688
6027,5731
6027,5784
6027,5835
6027,5874
6027,5917
6027,5970
6027,6021
6027,6060
6027,6103
6027,6156
6027,6207
6028,2598
6028,2644
6028,2692
6028,2739
6028,2784
6028,2826
6028,2870
6028,2913
6028,2956
6028,2998
6028,3042
6028,3085
6028,3149
6028,3214
6028,3285
6028,3350
6028,5503
6028,5546
6028,5599
6028,5650
6028,5689
6028,5732
6028,5785
6028,5836
6028,5875
6028,5918
6028,5971
6028,6022
6028,6061
6028,6104
6028,6157
6028,6208
6029,2599
6029,2645
6029,2693
6029,2740
6029,2785
6029,2827
6029,2871
6029,2914
6029,2957
6029,2999
6029,3043
6029,3086
6029,3150
6029,3215
6029,3286
6029,3351
6029,5504
6029,5547
6029,5600
6029,5651
6029,5690
6029,5733
6029,5786
6029,5837
6029,5876
6029,5919
6029,5972
6029,6023
6029,6062
6029,6105
6029,6158
6029,6209
6030,2600
6030,2646
6030,2694
6030,2741
6030,2786
6030,2828
6030,2872
6030,2915
6030,2958
6030,3000
6030,3044
6030,3087
6030,3151
6030,3216
6030,3287
6030,3352
6030,5505
6030,5548
6030,5601
6030,5652
6030,5691
6030,5734
6030,5787
6030,5838
6030,5877
6030,5920
6030,5973
6030,6024
6030,6063
6030,6106
6030,6159
6030,6210
6031,2601
6031,2647
6031,2695
6031,2742
6031,2787
6031,2829
6031,2873
6031,2916
6031,2959
6031,3001
6031,3045
6031,3088
6031,3152
6031,3217
6031,3288
6031,3353
6031,5506
6031,5549
6031,5602
6031,5653
6031,5692
6031,5735
6031,5788
6031,5839
6031,5878
6031,5921
6031,5974
6031,6025
6031,6064
6031,6107
6031,6160
6031,6211
6032,2602
6032,2648
6032,2696
6032,2743
6032,2788
6032,2830
6032,2874
6032,2917
6032,2960
6032,3002
6032,3046
6032,3089
6032,3153
6032,3218
6032,3289
6032,3354
6032,5507
6032,5550
6032,5603
6032,5654
6032,5693
6032,5736
6032,5789
6032,5840
6032,5879
6032,5922
6032,5975
6032,6026
6032,6065
6032,6108
6032,6161
6032,6212
6033,2603
6033,2649
6033,2697
6033,2744
6033,2789
6033,2831
6033,2875
6033,2918
6033,2961
6033,3003
6033,3047
6033,3090
6033,3154
6033,3219
6033,3290
6033,3355
6033,5508
6033,5551
6033,5604
6033,5655
6033,5694
6033,5737
6033,5790
6033,5841
6033,5880
6033,5923
6033,5976
6033,6027
6033,6066
6033,6109
6033,6162
6033,6213
6034,2604
6034,2650
6034,2698
6034,2745
6034,2790
6034,2832
6034,2876
6034,2919
6034,2962
6034,3004
6034,3048
6034,3091
6034,3155
6034,3220
6034,3291
6034,3356
6034,5509
6034,5552
6034,5695
6034,5738
6034,5881
6034,5924
6034,6067
6034,6110
6035,2605
6035,2651
6035,2699
6035,2746
6035,2791
6035,2833
6035,2877
6035,2920
6035,2963
6035,3005
6035,3049
6035,3092
6035,3156
6035,3221
6035,3292
6035,3357
6035,5510
6035,5553
6035,5696
6035,5739
6035,5882
6035,5925
6035,6068
6035,6111
6036,2606
6036,2652
6036,2700
6036,2747
6036,2792
6036,2834
6036,2878
6036,2921
6036,2964
6036,3006
6036,3050
6036,3093
6036,3157
6036,3222
6036,3293
6036,3358
6036,5511
6036,5554
6036,5697
6036,5740
6036,5883
6036,5926
6036,6069
6036,6112
6037,2607
6037,2653
6037,2701
6037,2748
6037,2793
6037,2835
6037,2879
6037,2922
6037,2965
6037,3007
6037,3051
6037,3094
6037,3158
6037,3223
6037,3294
6037,3359
6037,5512
6037,5555
6037,5606
6037,5657
6037,5698
6037,5741
6037,5792
6037,5843
6037,5884
6037,5927
6037,5978
6037,6029
6037,6070
6037,6113
6037,6164
6037,6215
6038,2608
6038,2654
6038,2702
6038,2749
6038,2794
6038,2836
6038,2880
6038,2923
6038,2966
6038,3008
6038,3052
6038,3095
6038,3159
6038,3224
6038,3295
6038,3360
6038,5513
6038,5556
6038,5607
6038,5658
6038,5699
6038,5742
6038,5793
6038,5844
6038,5885
6038,5928
6038,5979
6038,6030
6038,6071
6038,6114
6038,6165
6038,6216
6039,2795
6039,2837
6039,2881
6039,2924
6039,3162
6039,3298
6039,5514
6039,5557
6039,5576
6039,5627
6040,2796
6040,2838
6040,2882
6040,2925
6040,3227
6040,3363
6040,5515
6040,5558
6040,5577
6040,5628
6043,2568
6043,2614
6043,2660
6043,2709
6043,2756
6043,2798
6043,2840
6043,2885
6043,2928
6043,2970
6043,3012
6043,3057
6043,3100
6043,3165
6043,3230
6043,3301
6043,5476
6043,5517
6043,5560
6043,5611
6043,5662
6043,5703
6043,5746
6043,5797
6043,5848
6043,5889
6043,5932
6043,5983
6043,6034
6043,6075
6043,6118
6043,6169
6044,2758
6044,2800
6044,2842
6044,2887
6044,3107
6044,3172
6044,3237
6044,3308
6044,5477
6044,5518
6044,5561
6044,5612
6045,2759
6045,2801
6045,2843
6045,2888
6045,3108
6045,3173
6045,3238
6045,3309
6045,5478
6045,5519
6045,5562
6045,5613
6046,2760
6046,2802
6046,2844
6046,2889
6046,3109
6046,3174
6046,3239
6046,3310
6046,5479
6046,5520
6046,5563
6046,5614
6047,2761
6047,2803
6047,2845
6047,2890
6047,3110
6047,3175
6047,3240
6047,3311
6047,5480
6047,5521
6047,5564
6047,5615
6048,2762
6048,2804
6048,2846
6048,2891
6048,3111
6048,3176
6048,3241
6048,3312
6048,5481
6048,5522
6048,5565
6048,5616
6049,5566
6049,5617
6050,5567
6050,5618
6051,5568
6051,5619
6052,5569
6052,5620
6053,5570
6053,5621
6054,2763
6054,2765
6054,2805
6054,2807
6054,2847
6054,2849
6054,2851
6054,2892
6054,2894
6054,3119
6054,3125
6054,3184
6054,3190
6054,3251
6054,3253
6054,3261
6054,3320
6054,3326
6054,5482
6054,5484
6054,5523
6054,5525
6054,5527
6054,5571
6054,5573
6054,5622
6054,5624
6055,2764
6055,2766
6055,2806
6055,2808
6055,2848
6055,2850
6055,2852
6055,2893
6055,2895
6055,3120
6055,3126
6055,3185
6055,3191
6055,3252
6055,3254
6055,3262
6055,3321
6055,3327
6055,5483
6055,5485
6055,5524
6055,5526
6055,5528
6055,5572
6055,5574
6055,5623
6055,5625
6056,2767
6056,2809
6056,2853
6056,2896
6056,3131
6056,3196
6056,3267
6056,3332
6056,5486
6056,5529
6056,5575
6056,5626
6057,2795
6057,2837
6057,2881
6057,2924
6057,3162
6057,3298
6057,5514
6057,5557
6057,5576
6057,5627
6058,2796
6058,2838
6058,2882
6058,2925
6058,3227
6058,3363
6058,5515
6058,5558
6058,5577
6058,5628
6059,2582
6059,2628
6059,2676
6059,2723
6059,2768
6059,2810
6059,2854
6059,2897
6059,2940
6059,2982
6059,3026
6059,3069
6059,3133
6059,3198
6059,3269
6059,3334
6059,5487
6059,5530
6059,5578
6059,5629
6059,5673
6059,5716
6059,5764
6059,5815
6059,5859
6059,5902
6059,5950
6059,6001
6059,6045
6059,6088
6059,6136
6059,6187
6060,5579
6060,5630
6060,5765
6060,5816
6060,5951
6060,6002
6060,6137
6060,6188
6061,2583
6061,2629
6061,2677
6061,2724
6061,2769
6061,2811
6061,2855
6061,2898
6061,2941
6061,2983
6061,3027
6061,3070
6061,3134
6061,3199
6061,3270
6061,3335
6061,5488
6061,5531
6061,5580
6061,5631
6061,5674
6061,5717
6061,5766
6061,5817
6061,5860
6061,5903
6061,5952
6061,6003
6061,6046
6061,6089
6061,6138
6061,6189
6062,5581
6062,5632
6062,5767
6062,5818
6062,5953
6062,6004
6062,6139
6062,6190
6063,2584
6063,2630
6063,2678
6063,2725
6063,2770
6063,2812
6063,2856
6063,2899
6063,2942
6063,2984
6063,3028
6063,3071
6063,3135
6063,3200
6063,3271
6063,3336
6063,5489
6063,5532
6063,5582
6063,5633
6063,5675
6063,5718
6063,5768
6063,5819
6063,5861
6063,5904
6063,5954
6063,6005
6063,6047
6063,6090
6063,6140
6063,6191
6064,5583
6064,5634
6064,5769
6064,5820
6064,5955
6064,6006
6064,6141
6064,6192
6065,2585
6065,2631
6065,2679
6065,2726
6065,2771
6065,2813
6065,2857
6065,2900
6065,2943
6065,2985
6065,3029
6065,3072
6065,3136
6065,3201
6065,3272
6065,3337
6065,5490
6065,5533
6065,5584
6065,5635
6065,5676
6065,5719
6065,5770
6065,5821
6065,5862
6065,5905
6065,5956
6065,6007
6065,6048
6065,6091
6065,6142
6065,6193
6066,5585
6066,5636
6066,5771
6066,5822
6066,5957
6066,6008
6066,6143
6066,6194
6067,2586
6067,2632
6067,2680
6067,2727
6067,2772
6067,2814
6067,2858
6067,2901
6067,2944
6067,2986
6067,3030
6067,3073
6067,3137
6067,3202
6067,3273
6067,3338
6067,5491
6067,5534
6067,5586
6067,5637
6067,5677
6067,5720
6067,5772
6067,5823
6067,5863
6067,5906
6067,5958
6067,6009
6067,6049
6067,6092
6067,6144
6067,6195
6068,5587
6068,5638
6068,5773
6068,5824
6068,5959
6068,6010
6068,6145
6068,6196
6069,2587
6069,2633
6069,2681
6069,2728
6069,2773
6069,2815
6069,2859
6069,2902
6069,2945
6069,2987
6069,3031
6069,3074
6069,3138
6069,3203
6069,3274
6069,3339
6069,5492
6069,5535
6069,5588
6069,5639
6069,5678
6069,5721
6069,5774
6069,5825
6069,5864
6069,5907
6069,5960
6069,6011
6069,6050
6069,6093
6069,6146
6069,6197
6070,2588
6070,2634
6070,2682
6070,2729
6070,2774
6070,2816
6070,2860
6070,2903
6070,2946
6070,2988
6070,3032
6070,3075
6070,3139
6070,3204
6070,3275
6070,3340
6070,5493
6070,5536
6070,5589
6070,5640
6070,5679
6070,5722
6070,5775
6070,5826
6070,5865
6070,5908
6070,5961
6070,6012
6070,6051
6070,6094
6070,6147
6070,6198
6071,2589
6071,2635
6071,2683
6071,2730
6071,2775
6071,2817
6071,2861
6071,2904
6071,2947
6071,2989
6071,3033
6071,3076
6071,3140
6071,3205
6071,3276
6071,3341
6071,5494
6071,5537
6071,5590
6071,5641
6071,5680
6071,5723
6071,5776
6071,5827
6071,5866
6071,5909
6071,5962
6071,6013
6071,6052
6071,6095
6071,6148
6071,6199
6072,2590
6072,2636
6072,2684
6072,2731
6072,2776
6072,2818
6072,2862
6072,2905
6072,2948
6072,2990
6072,3034
6072,3077
6072,3141
6072,3206
6072,3277
6072,3342
6072,5495
6072,5538
6072,5591
6072,5642
6072,5681
6072,5724
6072,5777
6072,5828
6072,5867
6072,5910
6072,5963
6072,6014
6072,6053
6072,6096
6072,6149
6072,6200
6073,2591
6073,2637
6073,2685
6073,2732
6073,2777
6073,2819
6073,2863
6073,2906
6073,2949
6073,2991
6073,3035
6073,3078
6073,3142
6073,3207
6073,3278
6073,3343
6073,5496
6073,5539
6073,5592
6073,5643
6073,5682
6073,5725
6073,5778
6073,5829
6073,5868
6073,5911
6073,5964
6073,6015
6073,6054
6073,6097
6073,6150
6073,6201
6074,2592
6074,2638
6074,2686
6074,2733
6074,2778
6074,2820
6074,2864
6074,2907
6074,2950
6074,2992
6074,3036
6074,3079
6074,3143
6074,3208
6074,3279
6074,3344
6074,5497
6074,5540
6074,5593
6074,5644
6074,5683
6074,5726
6074,5779
6074,5830
6074,5869
6074,5912
6074,5965
6074,6016
6074,6055
6074,6098
6074,6151
6074,6202
6075,2593
6075,2639
6075,2687
6075,2734
6075,2779
6075,2821
6075,2865
6075,2908
6075,2951
6075,2993
6075,3037
6075,3080
6075,3144
6075,3209
6075,3280
6075,3345
6075,5498
6075,5541
6075,5594
6075,5645
6075,5684
6075,5727
6075,5780
6075,5831
6075,5870
6075,5913
6075,5966
6075,6017
6075,6056
6075,6099
6075,6152
6075,6203
6076,2594
6076,2640
6076,2688
6076,2735
6076,2780
6076,2822
6076,2866
6076,2909
6076,2952
6076,2994
6076,3038
6076,3081
6076,3145
6076,3210
6076,3281
6076,3346
6076,5499
6076,5542
6076,5595
6076,5646
6076,5685
6076,5728
6076,5781
6076,5832
6076,5871
6076,5914
6076,5967
6076,6018
6076,6057
6076,6100
6076,6153
6076,6204
6077,2595
6077,2641
6077,2689
6077,2736
6077,2781
6077,2823
6077,2867
6077,2910
6077,2953
6077,2995
6077,3039
6077,3082
6077,3146
6077,3211
6077,3282
6077,3347
6077,5500
6077,5543
6077,5596
6077,5647
6077,5686
6077,5729
6077,5782
6077,5833
6077,5872
6077,5915
6077,5968
6077,6019
6077,6058
6077,6101
6077,6154
6077,6205
6078,2596
6078,2642
6078,2690
6078,2737
6078,2782
6078,2824
6078,2868
6078,2911
6078,2954
6078,2996
6078,3040
6078,3083
6078,3147
6078,3212
6078,3283
6078,3348
6078,5501
6078,5544
6078,5597
6078,5648
6078,5687
6078,5730
6078,5783
6078,5834
6078,5873
6078,5916
6078,5969
6078,6020
6078,6059
6078,6102
6078,6155
6078,6206
6079,2597
6079,2643
6079,2691
6079,2738
6079,2783
6079,2825
6079,2869
6079,2912
6079,2955
6079,2997
6079,3041
6079,3084
6079,3148
6079,3213
6079,3284
6079,3349
6079,5502
6079,5545
6079,5598
6079,5649
6079,5688
6079,5731
6079,5784
6079,5835
6079,5874
6079,5917
6079,5970
6079,6021
6079,6060
6079,6103
6079,6156
6079,6207
6080,2598
6080,2644
6080,2692
6080,2739
6080,2784
6080,2826
6080,2870
6080,2913
6080,2956
6080,2998
6080,3042
6080,3085
6080,3149
6080,3214
6080,3285
6080,3350
6080,5503
6080,5546
6080,5599
6080,5650
6080,5689
6080,5732
6080,5785
6080,5836
6080,5875
6080,5918
6080,5971
6080,6022
6080,6061
6080,6104
6080,6157
6080,6208
6081,2599
6081,2645
6081,2693
6081,2740
6081,2785
6081,2827
6081,2871
6081,2914
6081,2957
6081,2999
6081,3043
6081,3086
6081,3150
6081,3215
6081,3286
6081,3351
6081,5504
6081,5547
6081,5600
6081,5651
6081,5690
6081,5733
6081,5786
6081,5837
6081,5876
6081,5919
6081,5972
6081,6023
6081,6062
6081,6105
6081,6158
6081,6209
6082,2600
6082,2646
6082,2694
6082,2741
6082,2786
6082,2828
6082,2872
6082,2915
6082,2958
6082,3000
6082,3044
6082,3087
6082,3151
6082,3216
6082,3287
6082,3352
6082,5505
6082,5548
6082,5601
6082,5652
6082,5691
6082,5734
6082,5787
6082,5838
6082,5877
6082,5920
6082,5973
6082,6024
6082,6063
6082,6106
6082,6159
6082,6210
6083,2601
6083,2647
6083,2695
6083,2742
6083,2787
6083,2829
6083,2873
6083,2916
6083,2959
6083,3001
6083,3045
6083,3088
6083,3152
6083,3217
6083,3288
6083,3353
6083,5506
6083,5549
6083,5602
6083,5653
6083,5692
6083,5735
6083,5788
6083,5839
6083,5878
6083,5921
6083,5974
6083,6025
6083,6064
6083,6107
6083,6160
6083,6211
6084,2602
6084,2648
6084,2696
6084,2743
6084,2788
6084,2830
6084,2874
6084,2917
6084,2960
6084,3002
6084,3046
6084,3089
6084,3153
6084,3218
6084,3289
6084,3354
6084,5507
6084,5550
6084,5603
6084,5654
6084,5693
6084,5736
6084,5789
6084,5840
6084,5879
6084,5922
6084,5975
6084,6026
6084,6065
6084,6108
6084,6161
6084,6212
6085,2603
6085,2649
6085,2697
6085,2744
6085,2789
6085,2831
6085,2875
6085,2918
6085,2961
6085,3003
6085,3047
6085,3090
6085,3154
6085,3219
6085,3290
6085,3355
6085,5508
6085,5551
6085,5604
6085,5655
6085,5694
6085,5737
6085,5790
6085,5841
6085,5880
6085,5923
6085,5976
6085,6027
6085,6066
6085,6109
6085,6162
6085,6213
6086,5605
6086,5656
6086,5791
6086,5842
6086,5977
6086,6028
6086,6163
6086,6214
6087,2607
6087,2653
6087,2701
6087,2748
6087,2793
6087,2835
6087,2879
6087,2922
6087,2965
6087,3007
6087,3051
6087,3094
6087,3158
6087,3223
6087,3294
6087,3359
6087,5512
6087,5555
6087,5606
6087,5657
6087,5698
6087,5741
6087,5792
6087,5843
6087,5884
6087,5927
6087,5978
6087,6029
6087,6070
6087,6113
6087,6164
6087,6215
6088,2608
6088,2654
6088,2702
6088,2749
6088,2794
6088,2836
6088,2880
6088,2923
6088,2966
6088,3008
6088,3052
6088,3095
6088,3159
6088,3224
6088,3295
6088,3360
6088,5513
6088,5556
6088,5607
6088,5658
6088,5699
6088,5742
6088,5793
6088,5844
6088,5885
6088,5928
6088,5979
6088,6030
6088,6071
6088,6114
6088,6165
6088,6216
6089,2883
6089,2926
6089,5608
6089,5659
6090,5609
6090,5660
6093,2568
6093,2614
6093,2660
6093,2709
6093,2756
6093,2798
6093,2840
6093,2885
6093,2928
6093,2970
6093,3012
6093,3057
6093,3100
6093,3165
6093,3230
6093,3301
6093,5476
6093,5517
6093,5560
6093,5611
6093,5662
6093,5703
6093,5746
6093,5797
6093,5848
6093,5889
6093,5932
6093,5983
6093,6034
6093,6075
6093,6118
6093,6169
6094,2758
6094,2800
6094,2842
6094,2887
6094,3107
6094,3172
6094,3237
6094,3308
6094,5477
6094,5518
6094,5561
6094,5612
6095,2759
6095,2801
6095,2843
6095,2888
6095,3108
6095,3173
6095,3238
6095,3309
6095,5478
6095,5519
6095,5562
6095,5613
6096,2760
6096,2802
6096,2844
6096,2889
6096,3109
6096,3174
6096,3239
6096,3310
6096,5479
6096,5520
6096,5563
6096,5614
6097,2761
6097,2803
6097,2845
6097,2890
6097,3110
6097,3175
6097,3240
6097,3311
6097,5480
6097,5521
6097,5564
6097,5615
6098,2762
6098,2804
6098,2846
6098,2891
6098,3111
6098,3176
6098,3241
6098,3312
6098,5481
6098,5522
6098,5565
6098,5616
6099,5566
6099,5617
6100,5567
6100,5618
6101,5568
6101,5619
6102,5569
6102,5620
6103,5570
6103,5621
6104,2763
6104,2765
6104,2805
6104,2807
6104,2847
6104,2849
6104,2851
6104,2892
6104,2894
6104,3119
6104,3125
6104,3184
6104,3190
6104,3251
6104,3253
6104,3261
6104,3320
6104,3326
6104,5482
6104,5484
6104,5523
6104,5525
6104,5527
6104,5571
6104,5573
6104,5622
6104,5624
6105,2764
6105,2766
6105,2806
6105,2808
6105,2848
6105,2850
6105,2852
6105,2893
6105,2895
6105,3120
6105,3126
6105,3185
6105,3191
6105,3252
6105,3254
6105,3262
6105,3321
6105,3327
6105,5483
6105,5485
6105,5524
6105,5526
6105,5528
6105,5572
6105,5574
6105,5623
6105,5625
6106,2767
6106,2809
6106,2853
6106,2896
6106,3131
6106,3196
6106,3267
6106,3332
6106,5486
6106,5529
6106,5575
6106,5626
6107,2795
6107,2837
6107,2881
6107,2924
6107,3162
6107,3298
6107,5514
6107,5557
6107,5576
6107,5627
6108,2796
6108,2838
6108,2882
6108,2925
6108,3227
6108,3363
6108,5515
6108,5558
6108,5577
6108,5628
6117,2582
6117,2628
6117,2676
6117,2723
6117,2768
6117,2810
6117,2854
6117,2897
6117,2940
6117,2982
6117,3026
6117,3069
6117,3133
6117,3198
6117,3269
6117,3334
6117,5487
6117,5530
6117,5578
6117,5629
6117,5673
6117,5716
6117,5764
6117,5815
6117,5859
6117,5902
6117,5950
6117,6001
6117,6045
6117,6088
6117,6136
6117,6187
6118,5579
6118,5630
6118,5765
6118,5816
6118,5951
6118,6002
6118,6137
6118,6188
6119,2583
6119,2629
6119,2677
6119,2724
6119,2769
6119,2811
6119,2855
6119,2898
6119,2941
6119,2983
6119,3027
6119,3070
6119,3134
6119,3199
6119,3270
6119,3335
6119,5488
6119,5531
6119,5580
6119,5631
6119,5674
6119,5717
6119,5766
6119,5817
6119,5860
6119,5903
6119,5952
6119,6003
6119,6046
6119,6089
6119,6138
6119,6189
6120,5581
6120,5632
6120,5767
6120,5818
6120,5953
6120,6004
6120,6139
6120,6190
6121,2584
6121,2630
6121,2678
6121,2725
6121,2770
6121,2812
6121,2856
6121,2899
6121,2942
6121,2984
6121,3028
6121,3071
6121,3135
6121,3200
6121,3271
6121,3336
6121,5489
6121,5532
6121,5582
6121,5633
6121,5675
6121,5718
6121,5768
6121,5819
6121,5861
6121,5904
6121,5954
6121,6005
6121,6047
6121,6090
6121,6140
6121,6191
6122,5583
6122,5634
6122,5769
6122,5820
6122,5955
6122,6006
6122,6141
6122,6192
6123,2585
6123,2631
6123,2679
6123,2726
6123,2771
6123,2813
6123,2857
6123,2900
6123,2943
6123,2985
6123,3029
6123,3072
6123,3136
6123,3201
6123,3272
6123,3337
6123,5490
6123,5533
6123,5584
6123,5635
6123,5676
6123,5719
6123,5770
6123,5821
6123,5862
6123,5905
6123,5956
6123,6007
6123,6048
6123,6091
6123,6142
6123,6193
6124,5585
6124,5636
6124,5771
6124,5822
6124,5957
6124,6008
6124,6143
6124,6194
6125,2586
6125,2632
6125,2680
6125,2727
6125,2772
6125,2814
6125,2858
6125,2901
6125,2944
6125,2986
6125,3030
6125,3073
6125,3137
6125,3202
6125,3273
6125,3338
6125,5491
6125,5534
6125,5586
6125,5637
6125,5677
6125,5720
6125,5772
6125,5823
6125,5863
6125,5906
6125,5958
6125,6009
6125,6049
6125,6092
6125,6144
6125,6195
6126,5587
6126,5638
6126,5773
6126,5824
6126,5959
6126,6010
6126,6145
6126,6196
6127,2587
6127,2633
6127,2681
6127,2728
6127,2773
6127,2815
6127,2859
6127,2902
6127,2945
6127,2987
6127,3031
6127,3074
6127,3138
6127,3203
6127,3274
6127,3339
6127,5492
6127,5535
6127,5588
6127,5639
6127,5678
6127,5721
6127,5774
6127,5825
6127,5864
6127,5907
6127,5960
6127,6011
6127,6050
6127,6093
6127,6146
6127,6197
6128,2588
6128,2634
6128,2682
6128,2729
6128,2774
6128,2816
6128,2860
6128,2903
6128,2946
6128,2988
6128,3032
6128,3075
6128,3139
6128,3204
6128,3275
6128,3340
6128,5493
6128,5536
6128,5589
6128,5640
6128,5679
6128,5722
6128,5775
6128,5826
6128,5865
6128,5908
6128,5961
6128,6012
6128,6051
6128,6094
6128,6147
6128,6198
6129,2589
6129,2635
6129,2683
6129,2730
6129,2775
6129,2817
6129,2861
6129,2904
6129,2947
6129,2989
6129,3033
6129,3076
6129,3140
6129,3205
6129,3276
6129,3341
6129,5494
6129,5537
6129,5590
6129,5641
6129,5680
6129,5723
6129,5776
6129,5827
6129,5866
6129,5909
6129,5962
6129,6013
6129,6052
6129,6095
6129,6148
6129,6199
6130,2590
6130,2636
6130,2684
6130,2731
6130,2776
6130,2818
6130,2862
6130,2905
6130,2948
6130,2990
6130,3034
6130,3077
6130,3141
6130,3206
6130,3277
6130,3342
6130,5495
6130,5538
6130,5591
6130,5642
6130,5681
6130,5724
6130,5777
6130,5828
6130,5867
6130,5910
6130,5963
6130,6014
6130,6053
6130,6096
6130,6149
6130,6200
6131,2591
6131,2637
6131,2685
6131,2732
6131,2777
6131,2819
6131,2863
6131,2906
6131,2949
6131,2991
6131,3035
6131,3078
6131,3142
6131,3207
6131,3278
6131,3343
6131,5496
6131,5539
6131,5592
6131,5643
6131,5682
6131,5725
6131,5778
6131,5829
6131,5868
6131,5911
6131,5964
6131,6015
6131,6054
6131,6097
6131,6150
6131,6201
6132,2592
6132,2638
6132,2686
6132,2733
6132,2778
6132,2820
6132,2864
6132,2907
6132,2950
6132,2992
6132,3036
6132,3079
6132,3143
6132,3208
6132,3279
6132,3344
6132,5497
6132,5540
6132,5593
6132,5644
6132,5683
6132,5726
6132,5779
6132,5830
6132,5869
6132,5912
6132,5965
6132,6016
6132,6055
6132,6098
6132,6151
6132,6202
6133,2593
6133,2639
6133,2687
6133,2734
6133,2779
6133,2821
6133,2865
6133,2908
6133,2951
6133,2993
6133,3037
6133,3080
6133,3144
6133,3209
6133,3280
6133,3345
6133,5498
6133,5541
6133,5594
6133,5645
6133,5684
6133,5727
6133,5780
6133,5831
6133,5870
6133,5913
6133,5966
6133,6017
6133,6056
6133,6099
6133,6152
6133,6203
6134,2594
6134,2640
6134,2688
6134,2735
6134,2780
6134,2822
6134,2866
6134,2909
6134,2952
6134,2994
6134,3038
6134,3081
6134,3145
6134,3210
6134,3281
6134,3346
6134,5499
6134,5542
6134,5595
6134,5646
6134,5685
6134,5728
6134,5781
6134,5832
6134,5871
6134,5914
6134,5967
6134,6018
6134,6057
6134,6100
6134,6153
6134,6204
6135,2595
6135,2641
6135,2689
6135,2736
6135,2781
6135,2823
6135,2867
6135,2910
6135,2953
6135,2995
6135,3039
6135,3082
6135,3146
6135,3211
6135,3282
6135,3347
6135,5500
6135,5543
6135,5596
6135,5647
6135,5686
6135,5729
6135,5782
6135,5833
6135,5872
6135,5915
6135,5968
6135,6019
6135,6058
6135,6101
6135,6154
6135,6205
6136,2596
6136,2642
6136,2690
6136,2737
6136,2782
6136,2824
6136,2868
6136,2911
6136,2954
6136,2996
6136,3040
6136,3083
6136,3147
6136,3212
6136,3283
6136,3348
6136,5501
6136,5544
6136,5597
6136,5648
6136,5687
6136,5730
6136,5783
6136,5834
6136,5873
6136,5916
6136,5969
6136,6020
6136,6059
6136,6102
6136,6155
6136,6206
6137,2597
6137,2643
6137,2691
6137,2738
6137,2783
6137,2825
6137,2869
6137,2912
6137,2955
6137,2997
6137,3041
6137,3084
6137,3148
6137,3213
6137,3284
6137,3349
6137,5502
6137,5545
6137,5598
6137,5649
6137,5688
6137,5731
6137,5784
6137,5835
6137,5874
6137,5917
6137,5970
6137,6021
6137,6060
6137,6103
6137,6156
6137,6207
6138,2598
6138,2644
6138,2692
6138,2739
6138,2784
6138,2826
6138,2870
6138,2913
6138,2956
6138,2998
6138,3042
6138,3085
6138,3149
6138,3214
6138,3285
6138,3350
6138,5503
6138,5546
6138,5599
6138,5650
6138,5689
6138,5732
6138,5785
6138,5836
6138,5875
6138,5918
6138,5971
6138,6022
6138,6061
6138,6104
6138,6157
6138,6208
6139,2599
6139,2645
6139,2693
6139,2740
6139,2785
6139,2827
6139,2871
6139,2914
6139,2957
6139,2999
6139,3043
6139,3086
6139,3150
6139,3215
6139,3286
6139,3351
6139,5504
6139,5547
6139,5600
6139,5651
6139,5690
6139,5733
6139,5786
6139,5837
6139,5876
6139,5919
6139,5972
6139,6023
6139,6062
6139,6105
6139,6158
6139,6209
6140,2600
6140,2646
6140,2694
6140,2741
6140,2786
6140,2828
6140,2872
6140,2915
6140,2958
6140,3000
6140,3044
6140,3087
6140,3151
6140,3216
6140,3287
6140,3352
6140,5505
6140,5548
6140,5601
6140,5652
6140,5691
6140,5734
6140,5787
6140,5838
6140,5877
6140,5920
6140,5973
6140,6024
6140,6063
6140,6106
6140,6159
6140,6210
6141,2601
6141,2647
6141,2695
6141,2742
6141,2787
6141,2829
6141,2873
6141,2916
6141,2959
6141,3001
6141,3045
6141,3088
6141,3152
6141,3217
6141,3288
6141,3353
6141,5506
6141,5549
6141,5602
6141,5653
6141,5692
6141,5735
6141,5788
6141,5839
6141,5878
6141,5921
6141,5974
6141,6025
6141,6064
6141,6107
6141,6160
6141,6211
6142,2602
6142,2648
6142,2696
6142,2743
6142,2788
6142,2830
6142,2874
6142,2917
6142,2960
6142,3002
6142,3046
6142,3089
6142,3153
6142,3218
6142,3289
6142,3354
6142,5507
6142,5550
6142,5603
6142,5654
6142,5693
6142,5736
6142,5789
6142,5840
6142,5879
6142,5922
6142,5975
6142,6026
6142,6065
6142,6108
6142,6161
6142,6212
6143,2603
6143,2649
6143,2697
6143,2744
6143,2789
6143,2831
6143,2875
6143,2918
6143,2961
6143,3003
6143,3047
6143,3090
6143,3154
6143,3219
6143,3290
6143,3355
6143,5508
6143,5551
6143,5604
6143,5655
6143,5694
6143,5737
6143,5790
6143,5841
6143,5880
6143,5923
6143,5976
6143,6027
6143,6066
6143,6109
6143,6162
6143,6213
6144,5605
6144,5656
6144,5791
6144,5842
6144,5977
6144,6028
6144,6163
6144,6214
6145,2607
6145,2653
6145,2701
6145,2748
6145,2793
6145,2835
6145,2879
6145,2922
6145,2965
6145,3007
6145,3051
6145,3094
6145,3158
6145,3223
6145,3294
6145,3359
6145,5512
6145,5555
6145,5606
6145,5657
6145,5698
6145,5741
6145,5792
6145,5843
6145,5884
6145,5927
6145,5978
6145,6029
6145,6070
6145,6113
6145,6164
6145,6215
6146,2608
6146,2654
6146,2702
6146,2749
6146,2794
6146,2836
6146,2880
6146,2923
6146,2966
6146,3008
6146,3052
6146,3095
6146,3159
6146,3224
6146,3295
6146,3360
6146,5513
6146,5556
6146,5607
6146,5658
6146,5699
6146,5742
6146,5793
6146,5844
6146,5885
6146,5928
6146,5979
6146,6030
6146,6071
6146,6114
6146,6165
6146,6216
6147,2883
6147,2926
6147,5608
6147,5659
6148,5609
6148,5660
6150,2568
6150,2614
6150,2660
6150,2709
6150,2756
6150,2798
6150,2840
6150,2885
6150,2928
6150,2970
6150,3012
6150,3057
6150,3100
6150,3165
6150,3230
6150,3301
6150,5476
6150,5517
6150,5560
6150,5611
6150,5662
6150,5703
6150,5746
6150,5797
6150,5848
6150,5889
6150,5932
6150,5983
6150,6034
6150,6075
6150,6118
6150,6169
6151,2570
6151,2616
6151,2662
6151,2711
6151,3102
6151,3167
6151,3232
6151,3303
6151,5663
6151,5704
6151,5747
6151,5798
6151,5849
6151,5890
6151,5933
6151,5984
6152,2571
6152,2617
6152,2663
6152,2712
6152,3103
6152,3168
6152,3233
6152,3304
6152,5664
6152,5705
6152,5748
6152,5799
6152,5850
6152,5891
6152,5934
6152,5985
6153,2572
6153,2618
6153,2664
6153,2713
6153,3104
6153,3169
6153,3234
6153,3305
6153,5665
6153,5706
6153,5749
6153,5800
6153,5851
6153,5892
6153,5935
6153,5986
6154,2573
6154,2619
6154,2665
6154,2714
6154,3105
6154,3170
6154,3235
6154,3306
6154,5666
6154,5707
6154,5750
6154,5801
6154,5852
6154,5893
6154,5936
6154,5987
6155,2574
6155,2620
6155,2666
6155,2715
6155,3106
6155,3171
6155,3236
6155,3307
6155,5667
6155,5708
6155,5751
6155,5802
6155,5853
6155,5894
6155,5937
6155,5988
6156,2575
6156,2577
6156,2621
6156,2623
6156,2667
6156,2669
6156,2671
6156,2716
6156,2718
6156,3117
6156,3123
6156,3182
6156,3188
6156,3247
6156,3249
6156,3259
6156,3318
6156,3324
6156,5668
6156,5670
6156,5709
6156,5711
6156,5713
6156,5757
6156,5759
6156,5808
6156,5810
6156,5854
6156,5856
6156,5895
6156,5897
6156,5899
6156,5943
6156,5945
6156,5994
6156,5996
6157,2576
6157,2578
6157,2622
6157,2624
6157,2668
6157,2670
6157,2672
6157,2717
6157,2719
6157,3118
6157,3124
6157,3183
6157,3189
6157,3248
6157,3250
6157,3260
6157,3319
6157,3325
6157,5669
6157,5671
6157,5710
6157,5712
6157,5714
6157,5758
6157,5760
6157,5809
6157,5811
6157,5855
6157,5857
6157,5896
6157,5898
6157,5900
6157,5944
6157,5946
6157,5995
6157,5997
6158,2579
6158,2625
6158,2673
6158,2720
6158,3129
6158,3194
6158,3265
6158,3330
6158,5672
6158,5715
6158,5761
6158,5812
6159,2582
6159,2628
6159,2676
6159,2723
6159,2768
6159,2810
6159,2854
6159,2897
6159,2940
6159,2982
6159,3026
6159,3069
6159,3133
6159,3198
6159,3269
6159,3334
6159,5487
6159,5530
6159,5578
6159,5629
6159,5673
6159,5716
6159,5764
6159,5815
6159,5859
6159,5902
6159,5950
6159,6001
6159,6045
6159,6088
6159,6136
6159,6187
6160,2583
6160,2629
6160,2677
6160,2724
6160,2769
6160,2811
6160,2855
6160,2898
6160,2941
6160,2983
6160,3027
6160,3070
6160,3134
6160,3199
6160,3270
6160,3335
6160,5488
6160,5531
6160,5580
6160,5631
6160,5674
6160,5717
6160,5766
6160,5817
6160,5860
6160,5903
6160,5952
6160,6003
6160,6046
6160,6089
6160,6138
6160,6189
6161,2584
6161,2630
6161,2678
6161,2725
6161,2770
6161,2812
6161,2856
6161,2899
6161,2942
6161,2984
6161,3028
6161,3071
6161,3135
6161,3200
6161,3271
6161,3336
6161,5489
6161,5532
6161,5582
6161,5633
6161,5675
6161,5718
6161,5768
6161,5819
6161,5861
6161,5904
6161,5954
6161,6005
6161,6047
6161,6090
6161,6140
6161,6191
6162,2585
6162,2631
6162,2679
6162,2726
6162,2771
6162,2813
6162,2857
6162,2900
6162,2943
6162,2985
6162,3029
6162,3072
6162,3136
6162,3201
6162,3272
6162,3337
6162,5490
6162,5533
6162,5584
6162,5635
6162,5676
6162,5719
6162,5770
6162,5821
6162,5862
6162,5905
6162,5956
6162,6007
6162,6048
6162,6091
6162,6142
6162,6193
6163,2586
6163,2632
6163,2680
6163,2727
6163,2772
6163,2814
6163,2858
6163,2901
6163,2944
6163,2986
6163,3030
6163,3073
6163,3137
6163,3202
6163,3273
6163,3338
6163,5491
6163,5534
6163,5586
6163,5637
6163,5677
6163,5720
6163,5772
6163,5823
6163,5863
6163,5906
6163,5958
6163,6009
6163,6049
6163,6092
6163,6144
6163,6195
6164,2587
6164,2633
6164,2681
6164,2728
6164,2773
6164,2815
6164,2859
6164,2902
6164,2945
6164,2987
6164,3031
6164,3074
6164,3138
6164,3203
6164,3274
6164,3339
6164,5492
6164,5535
6164,5588
6164,5639
6164,5678
6164,5721
6164,5774
6164,5825
6164,5864
6164,5907
6164,5960
6164,6011
6164,6050
6164,6093
6164,6146
6164,6197
6165,2588
6165,2634
6165,2682
6165,2729
6165,2774
6165,2816
6165,2860
6165,2903
6165,2946
6165,2988
6165,3032
6165,3075
6165,3139
6165,3204
6165,3275
6165,3340
6165,5493
6165,5536
6165,5589
6165,5640
6165,5679
6165,5722
6165,5775
6165,5826
6165,5865
6165,5908
6165,5961
6165,6012
6165,6051
6165,6094
6165,6147
6165,6198
6166,2589
6166,2635
6166,2683
6166,2730
6166,2775
6166,2817
6166,2861
6166,2904
6166,2947
6166,2989
6166,3033
6166,3076
6166,3140
6166,3205
6166,3276
6166,3341
6166,5494
6166,5537
6166,5590
6166,5641
6166,5680
6166,5723
6166,5776
6166,5827
6166,5866
6166,5909
6166,5962
6166,6013
6166,6052
6166,6095
6166,6148
6166,6199
6167,2590
6167,2636
6167,2684
6167,2731
6167,2776
6167,2818
6167,2862
6167,2905
6167,2948
6167,2990
6167,3034
6167,3077
6167,3141
6167,3206
6167,3277
6167,3342
6167,5495
6167,5538
6167,5591
6167,5642
6167,5681
6167,5724
6167,5777
6167,5828
6167,5867
6167,5910
6167,5963
6167,6014
6167,6053
6167,6096
6167,6149
6167,6200
6168,2591
6168,2637
6168,2685
6168,2732
6168,2777
6168,2819
6168,2863
6168,2906
6168,2949
6168,2991
6168,3035
6168,3078
6168,3142
6168,3207
6168,3278
6168,3343
6168,5496
6168,5539
6168,5592
6168,5643
6168,5682
6168,5725
6168,5778
6168,5829
6168,5868
6168,5911
6168,5964
6168,6015
6168,6054
6168,6097
6168,6150
6168,6201
6169,2592
6169,2638
6169,2686
6169,2733
6169,2778
6169,2820
6169,2864
6169,2907
6169,2950
6169,2992
6169,3036
6169,3079
6169,3143
6169,3208
6169,3279
6169,3344
6169,5497
6169,5540
6169,5593
6169,5644
6169,5683
6169,5726
6169,5779
6169,5830
6169,5869
6169,5912
6169,5965
6169,6016
6169,6055
6169,6098
6169,6151
6169,6202
6170,2593
6170,2639
6170,2687
6170,2734
6170,2779
6170,2821
6170,2865
6170,2908
6170,2951
6170,2993
6170,3037
6170,3080
6170,3144
6170,3209
6170,3280
6170,3345
6170,5498
6170,5541
6170,5594
6170,5645
6170,5684
6170,5727
6170,5780
6170,5831
6170,5870
6170,5913
6170,5966
6170,6017
6170,6056
6170,6099
6170,6152
6170,6203
6171,2594
6171,2640
6171,2688
6171,2735
6171,2780
6171,2822
6171,2866
6171,2909
6171,2952
6171,2994
6171,3038
6171,3081
6171,3145
6171,3210
6171,3281
6171,3346
6171,5499
6171,5542
6171,5595
6171,5646
6171,5685
6171,5728
6171,5781
6171,5832
6171,5871
6171,5914
6171,5967
6171,6018
6171,6057
6171,6100
6171,6153
6171,6204
6172,2595
6172,2641
6172,2689
6172,2736
6172,2781
6172,2823
6172,2867
6172,2910
6172,2953
6172,2995
6172,3039
6172,3082
6172,3146
6172,3211
6172,3282
6172,3347
6172,5500
6172,5543
6172,5596
6172,5647
6172,5686
6172,5729
6172,5782
6172,5833
6172,5872
6172,5915
6172,5968
6172,6019
6172,6058
6172,6101
6172,6154
6172,6205
6173,2596
6173,2642
6173,2690
6173,2737
6173,2782
6173,2824
6173,2868
6173,2911
6173,2954
6173,2996
6173,3040
6173,3083
6173,3147
6173,3212
6173,3283
6173,3348
6173,5501
6173,5544
6173,5597
6173,5648
6173,5687
6173,5730
6173,5783
6173,5834
6173,5873
6173,5916
6173,5969
6173,6020
6173,6059
6173,6102
6173,6155
6173,6206
6174,2597
6174,2643
6174,2691
6174,2738
6174,2783
6174,2825
6174,2869
6174,2912
6174,2955
6174,2997
6174,3041
6174,3084
6174,3148
6174,3213
6174,3284
6174,3349
6174,5502
6174,5545
6174,5598
6174,5649
6174,5688
6174,5731
6174,5784
6174,5835
6174,5874
6174,5917
6174,5970
6174,6021
6174,6060
6174,6103
6174,6156
6174,6207
6175,2598
6175,2644
6175,2692
6175,2739
6175,2784
6175,2826
6175,2870
6175,2913
6175,2956
6175,2998
6175,3042
6175,3085
6175,3149
6175,3214
6175,3285
6175,3350
6175,5503
6175,5546
6175,5599
6175,5650
6175,5689
6175,5732
6175,5785
6175,5836
6175,5875
6175,5918
6175,5971
6175,6022
6175,6061
6175,6104
6175,6157
6175,6208
6176,2599
6176,2645
6176,2693
6176,2740
6176,2785
6176,2827
6176,2871
6176,2914
6176,2957
6176,2999
6176,3043
6176,3086
6176,3150
6176,3215
6176,3286
6176,3351
6176,5504
6176,5547
6176,5600
6176,5651
6176,5690
6176,5733
6176,5786
6176,5837
6176,5876
6176,5919
6176,5972
6176,6023
6176,6062
6176,6105
6176,6158
6176,6209
6177,2600
6177,2646
6177,2694
6177,2741
6177,2786
6177,2828
6177,2872
6177,2915
6177,2958
6177,3000
6177,3044
6177,3087
6177,3151
6177,3216
6177,3287
6177,3352
6177,5505
6177,5548
6177,5601
6177,5652
6177,5691
6177,5734
6177,5787
6177,5838
6177,5877
6177,5920
6177,5973
6177,6024
6177,6063
6177,6106
6177,6159
6177,6210
6178,2601
6178,2647
6178,2695
6178,2742
6178,2787
6178,2829
6178,2873
6178,2916
6178,2959
6178,3001
6178,3045
6178,3088
6178,3152
6178,3217
6178,3288
6178,3353
6178,5506
6178,5549
6178,5602
6178,5653
6178,5692
6178,5735
6178,5788
6178,5839
6178,5878
6178,5921
6178,5974
6178,6025
6178,6064
6178,6107
6178,6160
6178,6211
6179,2602
6179,2648
6179,2696
6179,2743
6179,2788
6179,2830
6179,2874
6179,2917
6179,2960
6179,3002
6179,3046
6179,3089
6179,3153
6179,3218
6179,3289
6179,3354
6179,5507
6179,5550
6179,5603
6179,5654
6179,5693
6179,5736
6179,5789
6179,5840
6179,5879
6179,5922
6179,5975
6179,6026
6179,6065
6179,6108
6179,6161
6179,6212
6180,2603
6180,2649
6180,2697
6180,2744
6180,2789
6180,2831
6180,2875
6180,2918
6180,2961
6180,3003
6180,3047
6180,3090
6180,3154
6180,3219
6180,3290
6180,3355
6180,5508
6180,5551
6180,5604
6180,5655
6180,5694
6180,5737
6180,5790
6180,5841
6180,5880
6180,5923
6180,5976
6180,6027
6180,6066
6180,6109
6180,6162
6180,6213
6181,2604
6181,2650
6181,2698
6181,2745
6181,2790
6181,2832
6181,2876
6181,2919
6181,2962
6181,3004
6181,3048
6181,3091
6181,3155
6181,3220
6181,3291
6181,3356
6181,5509
6181,5552
6181,5695
6181,5738
6181,5881
6181,5924
6181,6067
6181,6110
6182,2605
6182,2651
6182,2699
6182,2746
6182,2791
6182,2833
6182,2877
6182,2920
6182,2963
6182,3005
6182,3049
6182,3092
6182,3156
6182,3221
6182,3292
6182,3357
6182,5510
6182,5553
6182,5696
6182,5739
6182,5882
6182,5925
6182,6068
6182,6111
6183,2606
6183,2652
6183,2700
6183,2747
6183,2792
6183,2834
6183,2878
6183,2921
6183,2964
6183,3006
6183,3050
6183,3093
6183,3157
6183,3222
6183,3293
6183,3358
6183,5511
6183,5554
6183,5697
6183,5740
6183,5883
6183,5926
6183,6069
6183,6112
6184,2607
6184,2653
6184,2701
6184,2748
6184,2793
6184,2835
6184,2879
6184,2922
6184,2965
6184,3007
6184,3051
6184,3094
6184,3158
6184,3223
6184,3294
6184,3359
6184,5512
6184,5555
6184,5606
6184,5657
6184,5698
6184,5741
6184,5792
6184,5843
6184,5884
6184,5927
6184,5978
6184,6029
6184,6070
6184,6113
6184,6164
6184,6215
6185,2608
6185,2654
6185,2702
6185,2749
6185,2794
6185,2836
6185,2880
6185,2923
6185,2966
6185,3008
6185,3052
6185,3095
6185,3159
6185,3224
6185,3295
6185,3360
6185,5513
6185,5556
6185,5607
6185,5658
6185,5699
6185,5742
6185,5793
6185,5844
6185,5885
6185,5928
6185,5979
6185,6030
6185,6071
6185,6114
6185,6165
6185,6216
6186,2609
6186,2655
6186,2703
6186,2750
6186,3160
6186,3296
6186,5700
6186,5743
6186,5762
6186,5813
6187,2610
6187,2656
6187,2704
6187,2751
6187,3225
6187,3361
6187,5701
6187,5744
6187,5763
6187,5814
6190,2568
6190,2614
6190,2660
6190,2709
6190,2756
6190,2798
6190,2840
6190,2885
6190,2928
6190,2970
6190,3012
6190,3057
6190,3100
6190,3165
6190,3230
6190,3301
6190,5476
6190,5517
6190,5560
6190,5611
6190,5662
6190,5703
6190,5746
6190,5797
6190,5848
6190,5889
6190,5932
6190,5983
6190,6034
6190,6075
6190,6118
6190,6169
6191,2570
6191,2616
6191,2662
6191,2711
6191,3102
6191,3167
6191,3232
6191,3303
6191,5663
6191,5704
6191,5747
6191,5798
6191,5849
6191,5890
6191,5933
6191,5984
6192,2571
6192,2617
6192,2663
6192,2712
6192,3103
6192,3168
6192,3233
6192,3304
6192,5664
6192,5705
6192,5748
6192,5799
6192,5850
6192,5891
6192,5934
6192,5985
6193,2572
6193,2618
6193,2664
6193,2713
6193,3104
6193,3169
6193,3234
6193,3305
6193,5665
6193,5706
6193,5749
6193,5800
6193,5851
6193,5892
6193,5935
6193,5986
6194,2573
6194,2619
6194,2665
6194,2714
6194,3105
6194,3170
6194,3235
6194,3306
6194,5666
6194,5707
6194,5750
6194,5801
6194,5852
6194,5893
6194,5936
6194,5987
6195,2574
6195,2620
6195,2666
6195,2715
6195,3106
6195,3171
6195,3236
6195,3307
6195,5667
6195,5708
6195,5751
6195,5802
6195,5853
6195,5894
6195,5937
6195,5988
6196,2575
6196,2577
6196,2621
6196,2623
6196,2667
6196,2669
6196,2671
6196,2716
6196,2718
6196,3117
6196,3123
6196,3182
6196,3188
6196,3247
6196,3249
6196,3259
6196,3318
6196,3324
6196,5668
6196,5670
6196,5709
6196,5711
6196,5713
6196,5757
6196,5759
6196,5808
6196,5810
6196,5854
6196,5856
6196,5895
6196,5897
6196,5899
6196,5943
6196,5945
6196,5994
6196,5996
6197,2576
6197,2578
6197,2622
6197,2624
6197,2668
6197,2670
6197,2672
6197,2717
6197,2719
6197,3118
6197,3124
6197,3183
6197,3189
6197,3248
6197,3250
6197,3260
6197,3319
6197,3325
6197,5669
6197,5671
6197,5710
6197,5712
6197,5714
6197,5758
6197,5760
6197,5809
6197,5811
6197,5855
6197,5857
6197,5896
6197,5898
6197,5900
6197,5944
6197,5946
6197,5995
6197,5997
6198,2579
6198,2625
6198,2673
6198,2720
6198,3129
6198,3194
6198,3265
6198,3330
6198,5672
6198,5715
6198,5761
6198,5812
6207,2582
6207,2628
6207,2676
6207,2723
6207,2768
6207,2810
6207,2854
6207,2897
6207,2940
6207,2982
6207,3026
6207,3069
6207,3133
6207,3198
6207,3269
6207,3334
6207,5487
6207,5530
6207,5578
6207,5629
6207,5673
6207,5716
6207,5764
6207,5815
6207,5859
6207,5902
6207,5950
6207,6001
6207,6045
6207,6088
6207,6136
6207,6187
6208,2583
6208,2629
6208,2677
6208,2724
6208,2769
6208,2811
6208,2855
6208,2898
6208,2941
6208,2983
6208,3027
6208,3070
6208,3134
6208,3199
6208,3270
6208,3335
6208,5488
6208,5531
6208,5580
6208,5631
6208,5674
6208,5717
6208,5766
6208,5817
6208,5860
6208,5903
6208,5952
6208,6003
6208,6046
6208,6089
6208,6138
6208,6189
6209,2584
6209,2630
6209,2678
6209,2725
6209,2770
6209,2812
6209,2856
6209,2899
6209,2942
6209,2984
6209,3028
6209,3071
6209,3135
6209,3200
6209,3271
6209,3336
6209,5489
6209,5532
6209,5582
6209,5633
6209,5675
6209,5718
6209,5768
6209,5819
6209,5861
6209,5904
6209,5954
6209,6005
6209,6047
6209,6090
6209,6140
6209,6191
6210,2585
6210,2631
6210,2679
6210,2726
6210,2771
6210,2813
6210,2857
6210,2900
6210,2943
6210,2985
6210,3029
6210,3072
6210,3136
6210,3201
6210,3272
6210,3337
6210,5490
6210,5533
6210,5584
6210,5635
6210,5676
6210,5719
6210,5770
6210,5821
6210,5862
6210,5905
6210,5956
6210,6007
6210,6048
6210,6091
6210,6142
6210,6193
6211,2586
6211,2632
6211,2680
6211,2727
6211,2772
6211,2814
6211,2858
6211,2901
6211,2944
6211,2986
6211,3030
6211,3073
6211,3137
6211,3202
6211,3273
6211,3338
6211,5491
6211,5534
6211,5586
6211,5637
6211,5677
6211,5720
6211,5772
6211,5823
6211,5863
6211,5906
6211,5958
6211,6009
6211,6049
6211,6092
6211,6144
6211,6195
6212,2587
6212,2633
6212,2681
6212,2728
6212,2773
6212,2815
6212,2859
6212,2902
6212,2945
6212,2987
6212,3031
6212,3074
6212,3138
6212,3203
6212,3274
6212,3339
6212,5492
6212,5535
6212,5588
6212,5639
6212,5678
6212,5721
6212,5774
6212,5825
6212,5864
6212,5907
6212,5960
6212,6011
6212,6050
6212,6093
6212,6146
6212,6197
6213,2588
6213,2634
6213,2682
6213,2729
6213,2774
6213,2816
6213,2860
6213,2903
6213,2946
6213,2988
6213,3032
6213,3075
6213,3139
6213,3204
6213,3275
6213,3340
6213,5493
6213,5536
6213,5589
6213,5640
6213,5679
6213,5722
6213,5775
6213,5826
6213,5865
6213,5908
6213,5961
6213,6012
6213,6051
6213,6094
6213,6147
6213,6198
6214,2589
6214,2635
6214,2683
6214,2730
6214,2775
6214,2817
6214,2861
6214,2904
6214,2947
6214,2989
6214,3033
6214,3076
6214,3140
6214,3205
6214,3276
6214,3341
6214,5494
6214,5537
6214,5590
6214,5641
6214,5680
6214,5723
6214,5776
6214,5827
6214,5866
6214,5909
6214,5962
6214,6013
6214,6052
6214,6095
6214,6148
6214,6199
6215,2590
6215,2636
6215,2684
6215,2731
6215,2776
6215,2818
6215,2862
6215,2905
6215,2948
6215,2990
6215,3034
6215,3077
6215,3141
6215,3206
6215,3277
6215,3342
6215,5495
6215,5538
6215,5591
6215,5642
6215,5681
6215,5724
6215,5777
6215,5828
6215,5867
6215,5910
6215,5963
6215,6014
6215,6053
6215,6096
6215,6149
6215,6200
6216,2591
6216,2637
6216,2685
6216,2732
6216,2777
6216,2819
6216,2863
6216,2906
6216,2949
6216,2991
6216,3035
6216,3078
6216,3142
6216,3207
6216,3278
6216,3343
6216,5496
6216,5539
6216,5592
6216,5643
6216,5682
6216,5725
6216,5778
6216,5829
6216,5868
6216,5911
6216,5964
6216,6015
6216,6054
6216,6097
6216,6150
6216,6201
6217,2592
6217,2638
6217,2686
6217,2733
6217,2778
6217,2820
6217,2864
6217,2907
6217,2950
6217,2992
6217,3036
6217,3079
6217,3143
6217,3208
6217,3279
6217,3344
6217,5497
6217,5540
6217,5593
6217,5644
6217,5683
6217,5726
6217,5779
6217,5830
6217,5869
6217,5912
6217,5965
6217,6016
6217,6055
6217,6098
6217,6151
6217,6202
6218,2593
6218,2639
6218,2687
6218,2734
6218,2779
6218,2821
6218,2865
6218,2908
6218,2951
6218,2993
6218,3037
6218,3080
6218,3144
6218,3209
6218,3280
6218,3345
6218,5498
6218,5541
6218,5594
6218,5645
6218,5684
6218,5727
6218,5780
6218,5831
6218,5870
6218,5913
6218,5966
6218,6017
6218,6056
6218,6099
6218,6152
6218,6203
6219,2594
6219,2640
6219,2688
6219,2735
6219,2780
6219,2822
6219,2866
6219,2909
6219,2952
6219,2994
6219,3038
6219,3081
6219,3145
6219,3210
6219,3281
6219,3346
6219,5499
6219,5542
6219,5595
6219,5646
6219,5685
6219,5728
6219,5781
6219,5832
6219,5871
6219,5914
6219,5967
6219,6018
6219,6057
6219,6100
6219,6153
6219,6204
6220,2595
6220,2641
6220,2689
6220,2736
6220,2781
6220,2823
6220,2867
6220,2910
6220,2953
6220,2995
6220,3039
6220,3082
6220,3146
6220,3211
6220,3282
6220,3347
6220,5500
6220,5543
6220,5596
6220,5647
6220,5686
6220,5729
6220,5782
6220,5833
6220,5872
6220,5915
6220,5968
6220,6019
6220,6058
6220,6101
6220,6154
6220,6205
6221,2596
6221,2642
6221,2690
6221,2737
6221,2782
6221,2824
6221,2868
6221,2911
6221,2954
6221,2996
6221,3040
6221,3083
6221,3147
6221,3212
6221,3283
6221,3348
6221,5501
6221,5544
6221,5597
6221,5648
6221,5687
6221,5730
6221,5783
6221,5834
6221,5873
6221,5916
6221,5969
6221,6020
6221,6059
6221,6102
6221,6155
6221,6206
6222,2597
6222,2643
6222,2691
6222,2738
6222,2783
6222,2825
6222,2869
6222,2912
6222,2955
6222,2997
6222,3041
6222,3084
6222,3148
6222,3213
6222,3284
6222,3349
6222,5502
6222,5545
6222,5598
6222,5649
6222,5688
6222,5731
6222,5784
6222,5835
6222,5874
6222,5917
6222,5970
6222,6021
6222,6060
6222,6103
6222,6156
6222,6207
6223,2598
6223,2644
6223,2692
6223,2739
6223,2784
6223,2826
6223,2870
6223,2913
6223,2956
6223,2998
6223,3042
6223,3085
6223,3149
6223,3214
6223,3285
6223,3350
6223,5503
6223,5546
6223,5599
6223,5650
6223,5689
6223,5732
6223,5785
6223,5836
6223,5875
6223,5918
6223,5971
6223,6022
6223,6061
6223,6104
6223,6157
6223,6208
6224,2599
6224,2645
6224,2693
6224,2740
6224,2785
6224,2827
6224,2871
6224,2914
6224,2957
6224,2999
6224,3043
6224,3086
6224,3150
6224,3215
6224,3286
6224,3351
6224,5504
6224,5547
6224,5600
6224,5651
6224,5690
6224,5733
6224,5786
6224,5837
6224,5876
6224,5919
6224,5972
6224,6023
6224,6062
6224,6105
6224,6158
6224,6209
6225,2600
6225,2646
6225,2694
6225,2741
6225,2786
6225,2828
6225,2872
6225,2915
6225,2958
6225,3000
6225,3044
6225,3087
6225,3151
6225,3216
6225,3287
6225,3352
6225,5505
6225,5548
6225,5601
6225,5652
6225,5691
6225,5734
6225,5787
6225,5838
6225,5877
6225,5920
6225,5973
6225,6024
6225,6063
6225,6106
6225,6159
6225,6210
6226,2601
6226,2647
6226,2695
6226,2742
6226,2787
6226,2829
6226,2873
6226,2916
6226,2959
6226,3001
6226,3045
6226,3088
6226,3152
6226,3217
6226,3288
6226,3353
6226,5506
6226,5549
6226,5602
6226,5653
6226,5692
6226,5735
6226,5788
6226,5839
6226,5878
6226,5921
6226,5974
6226,6025
6226,6064
6226,6107
6226,6160
6226,6211
6227,2602
6227,2648
6227,2696
6227,2743
6227,2788
6227,2830
6227,2874
6227,2917
6227,2960
6227,3002
6227,3046
6227,3089
6227,3153
6227,3218
6227,3289
6227,3354
6227,5507
6227,5550
6227,5603
6227,5654
6227,5693
6227,5736
6227,5789
6227,5840
6227,5879
6227,5922
6227,5975
6227,6026
6227,6065
6227,6108
6227,6161
6227,6212
6228,2603
6228,2649
6228,2697
6228,2744
6228,2789
6228,2831
6228,2875
6228,2918
6228,2961
6228,3003
6228,3047
6228,3090
6228,3154
6228,3219
6228,3290
6228,3355
6228,5508
6228,5551
6228,5604
6228,5655
6228,5694
6228,5737
6228,5790
6228,5841
6228,5880
6228,5923
6228,5976
6228,6027
6228,6066
6228,6109
6228,6162
6228,6213
6229,2604
6229,2650
6229,2698
6229,2745
6229,2790
6229,2832
6229,2876
6229,2919
6229,2962
6229,3004
6229,3048
6229,3091
6229,3155
6229,3220
6229,3291
6229,3356
6229,5509
6229,5552
6229,5695
6229,5738
6229,5881
6229,5924
6229,6067
6229,6110
6230,2605
6230,2651
6230,2699
6230,2746
6230,2791
6230,2833
6230,2877
6230,2920
6230,2963
6230,3005
6230,3049
6230,3092
6230,3156
6230,3221
6230,3292
6230,3357
6230,5510
6230,5553
6230,5696
6230,5739
6230,5882
6230,5925
6230,6068
6230,6111
6231,2606
6231,2652
6231,2700
6231,2747
6231,2792
6231,2834
6231,2878
6231,2921
6231,2964
6231,3006
6231,3050
6231,3093
6231,3157
6231,3222
6231,3293
6231,3358
6231,5511
6231,5554
6231,5697
6231,5740
6231,5883
6231,5926
6231,6069
6231,6112
6232,2607
6232,2653
6232,2701
6232,2748
6232,2793
6232,2835
6232,2879
6232,2922
6232,2965
6232,3007
6232,3051
6232,3094
6232,3158
6232,3223
6232,3294
6232,3359
6232,5512
6232,5555
6232,5606
6232,5657
6232,5698
6232,5741
6232,5792
6232,5843
6232,5884
6232,5927
6232,5978
6232,6029
6232,6070
6232,6113
6232,6164
6232,6215
6233,2608
6233,2654
6233,2702
6233,2749
6233,2794
6233,2836
6233,2880
6233,2923
6233,2966
6233,3008
6233,3052
6233,3095
6233,3159
6233,3224
6233,3295
6233,3360
6233,5513
6233,5556
6233,5607
6233,5658
6233,5699
6233,5742
6233,5793
6233,5844
6233,5885
6233,5928
6233,5979
6233,6030
6233,6071
6233,6114
6233,6165
6233,6216
6234,2609
6234,2655
6234,2703
6234,2750
6234,3160
6234,3296
6234,5700
6234,5743
6234,5762
6234,5813
6235,2610
6235,2656
6235,2704
6235,2751
6235,3225
6235,3361
6235,5701
6235,5744
6235,5763
6235,5814
6237,2568
6237,2614
6237,2660
6237,2709
6237,2756
6237,2798
6237,2840
6237,2885
6237,2928
6237,2970
6237,3012
6237,3057
6237,3100
6237,3165
6237,3230
6237,3301
6237,5476
6237,5517
6237,5560
6237,5611
6237,5662
6237,5703
6237,5746
6237,5797
6237,5848
6237,5889
6237,5932
6237,5983
6237,6034
6237,6075
6237,6118
6237,6169
6238,2570
6238,2616
6238,2662
6238,2711
6238,3102
6238,3167
6238,3232
6238,3303
6238,5663
6238,5704
6238,5747
6238,5798
6238,5849
6238,5890
6238,5933
6238,5984
6239,2571
6239,2617
6239,2663
6239,2712
6239,3103
6239,3168
6239,3233
6239,3304
6239,5664
6239,5705
6239,5748
6239,5799
6239,5850
6239,5891
6239,5934
6239,5985
6240,2572
6240,2618
6240,2664
6240,2713
6240,3104
6240,3169
6240,3234
6240,3305
6240,5665
6240,5706
6240,5749
6240,5800
6240,5851
6240,5892
6240,5935
6240,5986
6241,2573
6241,2619
6241,2665
6241,2714
6241,3105
6241,3170
6241,3235
6241,3306
6241,5666
6241,5707
6241,5750
6241,5801
6241,5852
6241,5893
6241,5936
6241,5987
6242,2574
6242,2620
6242,2666
6242,2715
6242,3106
6242,3171
6242,3236
6242,3307
6242,5667
6242,5708
6242,5751
6242,5802
6242,5853
6242,5894
6242,5937
6242,5988
6243,5752
6243,5803
6243,5938
6243,5989
6244,5753
6244,5804
6244,5939
6244,5990
6245,5754
6245,5805
6245,5940
6245,5991
6246,5755
6246,5806
6246,5941
6246,5992
6247,5756
6247,5807
6247,5942
6247,5993
6248,2575
6248,2577
6248,2621
6248,2623
6248,2667
6248,2669
6248,2671
6248,2716
6248,2718
6248,3117
6248,3123
6248,3182
6248,3188
6248,3247
6248,3249
6248,3259
6248,3318
6248,3324
6248,5668
6248,5670
6248,5709
6248,5711
6248,5713
6248,5757
6248,5759
6248,5808
6248,5810
6248,5854
6248,5856
6248,5895
6248,5897
6248,5899
6248,5943
6248,5945
6248,5994
6248,5996
6249,2576
6249,2578
6249,2622
6249,2624
6249,2668
6249,2670
6249,2672
6249,2717
6249,2719
6249,3118
6249,3124
6249,3183
6249,3189
6249,3248
6249,3250
6249,3260
6249,3319
6249,3325
6249,5669
6249,5671
6249,5710
6249,5712
6249,5714
6249,5758
6249,5760
6249,5809
6249,5811
6249,5855
6249,5857
6249,5896
6249,5898
6249,5900
6249,5944
6249,5946
6249,5995
6249,5997
6250,2579
6250,2625
6250,2673
6250,2720
6250,3129
6250,3194
6250,3265
6250,3330
6250,5672
6250,5715
6250,5761
6250,5812
6251,2609
6251,2655
6251,2703
6251,2750
6251,3160
6251,3296
6251,5700
6251,5743
6251,5762
6251,5813
6252,2610
6252,2656
6252,2704
6252,2751
6252,3225
6252,3361
6252,5701
6252,5744
6252,5763
6252,5814
6253,2582
6253,2628
6253,2676
6253,2723
6253,2768
6253,2810
6253,2854
6253,2897
6253,2940
6253,2982
6253,3026
6253,3069
6253,3133
6253,3198
6253,3269
6253,3334
6253,5487
6253,5530
6253,5578
6253,5629
6253,5673
6253,5716
6253,5764
6253,5815
6253,5859
6253,5902
6253,5950
6253,6001
6253,6045
6253,6088
6253,6136
6253,6187
6254,5579
6254,5630
6254,5765
6254,5816
6254,5951
6254,6002
6254,6137
6254,6188
6255,2583
6255,2629
6255,2677
6255,2724
6255,2769
6255,2811
6255,2855
6255,2898
6255,2941
6255,2983
6255,3027
6255,3070
6255,3134
6255,3199
6255,3270
6255,3335
6255,5488
6255,5531
6255,5580
6255,5631
6255,5674
6255,5717
6255,5766
6255,5817
6255,5860
6255,5903
6255,5952
6255,6003
6255,6046
6255,6089
6255,6138
6255,6189
6256,5581
6256,5632
6256,5767
6256,5818
6256,5953
6256,6004
6256,6139
6256,6190
6257,2584
6257,2630
6257,2678
6257,2725
6257,2770
6257,2812
6257,2856
6257,2899
6257,2942
6257,2984
6257,3028
6257,3071
6257,3135
6257,3200
6257,3271
6257,3336
6257,5489
6257,5532
6257,5582
6257,5633
6257,5675
6257,5718
6257,5768
6257,5819
6257,5861
6257,5904
6257,5954
6257,6005
6257,6047
6257,6090
6257,6140
6257,6191
6258,5583
6258,5634
6258,5769
6258,5820
6258,5955
6258,6006
6258,6141
6258,6192
6259,2585
6259,2631
6259,2679
6259,2726
6259,2771
6259,2813
6259,2857
6259,2900
6259,2943
6259,2985
6259,3029
6259,3072
6259,3136
6259,3201
6259,3272
6259,3337
6259,5490
6259,5533
6259,5584
6259,5635
6259,5676
6259,5719
6259,5770
6259,5821
6259,5862
6259,5905
6259,5956
6259,6007
6259,6048
6259,6091
6259,6142
6259,6193
6260,5585
6260,5636
6260,5771
6260,5822
6260,5957
6260,6008
6260,6143
6260,6194
6261,2586
6261,2632
6261,2680
6261,2727
6261,2772
6261,2814
6261,2858
6261,2901
6261,2944
6261,2986
6261,3030
6261,3073
6261,3137
6261,3202
6261,3273
6261,3338
6261,5491
6261,5534
6261,5586
6261,5637
6261,5677
6261,5720
6261,5772
6261,5823
6261,5863
6261,5906
6261,5958
6261,6009
6261,6049
6261,6092
6261,6144
6261,6195
6262,5587
6262,5638
6262,5773
6262,5824
6262,5959
6262,6010
6262,6145
6262,6196
6263,2587
6263,2633
6263,2681
6263,2728
6263,2773
6263,2815
6263,2859
6263,2902
6263,2945
6263,2987
6263,3031
6263,3074
6263,3138
6263,3203
6263,3274
6263,3339
6263,5492
6263,5535
6263,5588
6263,5639
6263,5678
6263,5721
6263,5774
6263,5825
6263,5864
6263,5907
6263,5960
6263,6011
6263,6050
6263,6093
6263,6146
6263,6197
6264,2588
6264,2634
6264,2682
6264,2729
6264,2774
6264,2816
6264,2860
6264,2903
6264,2946
6264,2988
6264,3032
6264,3075
6264,3139
6264,3204
6264,3275
6264,3340
6264,5493
6264,5536
6264,5589
6264,5640
6264,5679
6264,5722
6264,5775
6264,5826
6264,5865
6264,5908
6264,5961
6264,6012
6264,6051
6264,6094
6264,6147
6264,6198
6265,2589
6265,2635
6265,2683
6265,2730
6265,2775
6265,2817
6265,2861
6265,2904
6265,2947
6265,2989
6265,3033
6265,3076
6265,3140
6265,3205
6265,3276
6265,3341
6265,5494
6265,5537
6265,5590
6265,5641
6265,5680
6265,5723
6265,5776
6265,5827
6265,5866
6265,5909
6265,5962
6265,6013
6265,6052
6265,6095
6265,6148
6265,6199
6266,2590
6266,2636
6266,2684
6266,2731
6266,2776
6266,2818
6266,2862
6266,2905
6266,2948
6266,2990
6266,3034
6266,3077
6266,3141
6266,3206
6266,3277
6266,3342
6266,5495
6266,5538
6266,5591
6266,5642
6266,5681
6266,5724
6266,5777
6266,5828
6266,5867
6266,5910
6266,5963
6266,6014
6266,6053
6266,6096
6266,6149
6266,6200
6267,2591
6267,2637
6267,2685
6267,2732
6267,2777
6267,2819
6267,2863
6267,2906
6267,2949
6267,2991
6267,3035
6267,3078
6267,3142
6267,3207
6267,3278
6267,3343
6267,5496
6267,5539
6267,5592
6267,5643
6267,5682
6267,5725
6267,5778
6267,5829
6267,5868
6267,5911
6267,5964
6267,6015
6267,6054
6267,6097
6267,6150
6267,6201
6268,2592
6268,2638
6268,2686
6268,2733
6268,2778
6268,2820
6268,2864
6268,2907
6268,2950
6268,2992
6268,3036
6268,3079
6268,3143
6268,3208
6268,3279
6268,3344
6268,5497
6268,5540
6268,5593
6268,5644
6268,5683
6268,5726
6268,5779
6268,5830
6268,5869
6268,5912
6268,5965
6268,6016
6268,6055
6268,6098
6268,6151
6268,6202
6269,2593
6269,2639
6269,2687
6269,2734
6269,2779
6269,2821
6269,2865
6269,2908
6269,2951
6269,2993
6269,3037
6269,3080
6269,3144
6269,3209
6269,3280
6269,3345
6269,5498
6269,5541
6269,5594
6269,5645
6269,5684
6269,5727
6269,5780
6269,5831
6269,5870
6269,5913
6269,5966
6269,6017
6269,6056
6269,6099
6269,6152
6269,6203
6270,2594
6270,2640
6270,2688
6270,2735
6270,2780
6270,2822
6270,2866
6270,2909
6270,2952
6270,2994
6270,3038
6270,3081
6270,3145
6270,3210
6270,3281
6270,3346
6270,5499
6270,5542
6270,5595
6270,5646
6270,5685
6270,5728
6270,5781
6270,5832
6270,5871
6270,5914
6270,5967
6270,6018
6270,6057
6270,6100
6270,6153
6270,6204
6271,2595
6271,2641
6271,2689
6271,2736
6271,2781
6271,2823
6271,2867
6271,2910
6271,2953
6271,2995
6271,3039
6271,3082
6271,3146
6271,3211
6271,3282
6271,3347
6271,5500
6271,5543
6271,5596
6271,5647
6271,5686
6271,5729
6271,5782
6271,5833
6271,5872
6271,5915
6271,5968
6271,6019
6271,6058
6271,6101
6271,6154
6271,6205
6272,2596
6272,2642
6272,2690
6272,2737
6272,2782
6272,2824
6272,2868
6272,2911
6272,2954
6272,2996
6272,3040
6272,3083
6272,3147
6272,3212
6272,3283
6272,3348
6272,5501
6272,5544
6272,5597
6272,5648
6272,5687
6272,5730
6272,5783
6272,5834
6272,5873
6272,5916
6272,5969
6272,6020
6272,6059
6272,6102
6272,6155
6272,6206
6273,2597
6273,2643
6273,2691
6273,2738
6273,2783
6273,2825
6273,2869
6273,2912
6273,2955
6273,2997
6273,3041
6273,3084
6273,3148
6273,3213
6273,3284
6273,3349
6273,5502
6273,5545
6273,5598
6273,5649
6273,5688
6273,5731
6273,5784
6273,5835
6273,5874
6273,5917
6273,5970
6273,6021
6273,6060
6273,6103
6273,6156
6273,6207
6274,2598
6274,2644
6274,2692
6274,2739
6274,2784
6274,2826
6274,2870
6274,2913
6274,2956
6274,2998
6274,3042
6274,3085
6274,3149
6274,3214
6274,3285
6274,3350
6274,5503
6274,5546
6274,5599
6274,5650
6274,5689
6274,5732
6274,5785
6274,5836
6274,5875
6274,5918
6274,5971
6274,6022
6274,6061
6274,6104
6274,6157
6274,6208
6275,2599
6275,2645
6275,2693
6275,2740
6275,2785
6275,2827
6275,2871
6275,2914
6275,2957
6275,2999
6275,3043
6275,3086
6275,3150
6275,3215
6275,3286
6275,3351
6275,5504
6275,5547
6275,5600
6275,5651
6275,5690
6275,5733
6275,5786
6275,5837
6275,5876
6275,5919
6275,5972
6275,6023
6275,6062
6275,6105
6275,6158
6275,6209
6276,2600
6276,2646
6276,2694
6276,2741
6276,2786
6276,2828
6276,2872
6276,2915
6276,2958
6276,3000
6276,3044
6276,3087
6276,3151
6276,3216
6276,3287
6276,3352
6276,5505
6276,5548
6276,5601
6276,5652
6276,5691
6276,5734
6276,5787
6276,5838
6276,5877
6276,5920
6276,5973
6276,6024
6276,6063
6276,6106
6276,6159
6276,6210
6277,2601
6277,2647
6277,2695
6277,2742
6277,2787
6277,2829
6277,2873
6277,2916
6277,2959
6277,3001
6277,3045
6277,3088
6277,3152
6277,3217
6277,3288
6277,3353
6277,5506
6277,5549
6277,5602
6277,5653
6277,5692
6277,5735
6277,5788
6277,5839
6277,5878
6277,5921
6277,5974
6277,6025
6277,6064
6277,6107
6277,6160
6277,6211
6278,2602
6278,2648
6278,2696
6278,2743
6278,2788
6278,2830
6278,2874
6278,2917
6278,2960
6278,3002
6278,3046
6278,3089
6278,3153
6278,3218
6278,3289
6278,3354
6278,5507
6278,5550
6278,5603
6278,5654
6278,5693
6278,5736
6278,5789
6278,5840
6278,5879
6278,5922
6278,5975
6278,6026
6278,6065
6278,6108
6278,6161
6278,6212
6279,2603
6279,2649
6279,2697
6279,2744
6279,2789
6279,2831
6279,2875
6279,2918
6279,2961
6279,3003
6279,3047
6279,3090
6279,3154
6279,3219
6279,3290
6279,3355
6279,5508
6279,5551
6279,5604
6279,5655
6279,5694
6279,5737
6279,5790
6279,5841
6279,5880
6279,5923
6279,5976
6279,6027
6279,6066
6279,6109
6279,6162
6279,6213
6280,5605
6280,5656
6280,5791
6280,5842
6280,5977
6280,6028
6280,6163
6280,6214
6281,2607
6281,2653
6281,2701
6281,2748
6281,2793
6281,2835
6281,2879
6281,2922
6281,2965
6281,3007
6281,3051
6281,3094
6281,3158
6281,3223
6281,3294
6281,3359
6281,5512
6281,5555
6281,5606
6281,5657
6281,5698
6281,5741
6281,5792
6281,5843
6281,5884
6281,5927
6281,5978
6281,6029
6281,6070
6281,6113
6281,6164
6281,6215
6282,2608
6282,2654
6282,2702
6282,2749
6282,2794
6282,2836
6282,2880
6282,2923
6282,2966
6282,3008
6282,3052
6282,3095
6282,3159
6282,3224
6282,3295
6282,3360
6282,5513
6282,5556
6282,5607
6282,5658
6282,5699
6282,5742
6282,5793
6282,5844
6282,5885
6282,5928
6282,5979
6282,6030
6282,6071
6282,6114
6282,6165
6282,6216
6283,2754
6283,5794
6283,5845
6284,5795
6284,5846
6296,2568
6296,2614
6296,2660
6296,2709
6296,2756
6296,2798
6296,2840
6296,2885
6296,2928
6296,2970
6296,3012
6296,3057
6296,3100
6296,3165
6296,3230
6296,3301
6296,5476
6296,5517
6296,5560
6296,5611
6296,5662
6296,5703
6296,5746
6296,5797
6296,5848
6296,5889
6296,5932
6296,5983
6296,6034
6296,6075
6296,6118
6296,6169
6297,2570
6297,2616
6297,2662
6297,2711
6297,3102
6297,3167
6297,3232
6297,3303
6297,5663
6297,5704
6297,5747
6297,5798
6297,5849
6297,5890
6297,5933
6297,5984
6298,2571
6298,2617
6298,2663
6298,2712
6298,3103
6298,3168
6298,3233
6298,3304
6298,5664
6298,5705
6298,5748
6298,5799
6298,5850
6298,5891
6298,5934
6298,5985
6299,2572
6299,2618
6299,2664
6299,2713
6299,3104
6299,3169
6299,3234
6299,3305
6299,5665
6299,5706
6299,5749
6299,5800
6299,5851
6299,5892
6299,5935
6299,5986
6300,2573
6300,2619
6300,2665
6300,2714
6300,3105
6300,3170
6300,3235
6300,3306
6300,5666
6300,5707
6300,5750
6300,5801
6300,5852
6300,5893
6300,5936
6300,5987
6301,2574
6301,2620
6301,2666
6301,2715
6301,3106
6301,3171
6301,3236
6301,3307
6301,5667
6301,5708
6301,5751
6301,5802
6301,5853
6301,5894
6301,5937
6301,5988
6302,5752
6302,5803
6302,5938
6302,5989
6303,5753
6303,5804
6303,5939
6303,5990
6304,5754
6304,5805
6304,5940
6304,5991
6305,5755
6305,5806
6305,5941
6305,5992
6306,5756
6306,5807
6306,5942
6306,5993
6307,2575
6307,2577
6307,2621
6307,2623
6307,2667
6307,2669
6307,2671
6307,2716
6307,2718
6307,3117
6307,3123
6307,3182
6307,3188
6307,3247
6307,3249
6307,3259
6307,3318
6307,3324
6307,5668
6307,5670
6307,5709
6307,5711
6307,5713
6307,5757
6307,5759
6307,5808
6307,5810
6307,5854
6307,5856
6307,5895
6307,5897
6307,5899
6307,5943
6307,5945
6307,5994
6307,5996
6308,2576
6308,2578
6308,2622
6308,2624
6308,2668
6308,2670
6308,2672
6308,2717
6308,2719
6308,3118
6308,3124
6308,3183
6308,3189
6308,3248
6308,3250
6308,3260
6308,3319
6308,3325
6308,5669
6308,5671
6308,5710
6308,5712
6308,5714
6308,5758
6308,5760
6308,5809
6308,5811
6308,5855
6308,5857
6308,5896
6308,5898
6308,5900
6308,5944
6308,5946
6308,5995
6308,5997
6309,2579
6309,2625
6309,2673
6309,2720
6309,3129
6309,3194
6309,3265
6309,3330
6309,5672
6309,5715
6309,5761
6309,5812
6310,2609
6310,2655
6310,2703
6310,2750
6310,3160
6310,3296
6310,5700
6310,5743
6310,5762
6310,5813
6311,2610
6311,2656
6311,2704
6311,2751
6311,3225
6311,3361
6311,5701
6311,5744
6311,5763
6311,5814
6320,2582
6320,2628
6320,2676
6320,2723
6320,2768
6320,2810
6320,2854
6320,2897
6320,2940
6320,2982
6320,3026
6320,3069
6320,3133
6320,3198
6320,3269
6320,3334
6320,5487
6320,5530
6320,5578
6320,5629
6320,5673
6320,5716
6320,5764
6320,5815
6320,5859
6320,5902
6320,5950
6320,6001
6320,6045
6320,6088
6320,6136
6320,6187
6321,5579
6321,5630
6321,5765
6321,5816
6321,5951
6321,6002
6321,6137
6321,6188
6322,2583
6322,2629
6322,2677
6322,2724
6322,2769
6322,2811
6322,2855
6322,2898
6322,2941
6322,2983
6322,3027
6322,3070
6322,3134
6322,3199
6322,3270
6322,3335
6322,5488
6322,5531
6322,5580
6322,5631
6322,5674
6322,5717
6322,5766
6322,5817
6322,5860
6322,5903
6322,5952
6322,6003
6322,6046
6322,6089
6322,6138
6322,6189
6323,5581
6323,5632
6323,5767
6323,5818
6323,5953
6323,6004
6323,6139
6323,6190
6324,2584
6324,2630
6324,2678
6324,2725
6324,2770
6324,2812
6324,2856
6324,2899
6324,2942
6324,2984
6324,3028
6324,3071
6324,3135
6324,3200
6324,3271
6324,3336
6324,5489
6324,5532
6324,5582
6324,5633
6324,5675
6324,5718
6324,5768
6324,5819
6324,5861
6324,5904
6324,5954
6324,6005
6324,6047
6324,6090
6324,6140
6324,6191
6325,5583
6325,5634
6325,5769
6325,5820
6325,5955
6325,6006
6325,6141
6325,6192
6326,2585
6326,2631
6326,2679
6326,2726
6326,2771
6326,2813
6326,2857
6326,2900
6326,2943
6326,2985
6326,3029
6326,3072
6326,3136
6326,3201
6326,3272
6326,3337
6326,5490
6326,5533
6326,5584
6326,5635
6326,5676
6326,5719
6326,5770
6326,5821
6326,5862
6326,5905
6326,5956
6326,6007
6326,6048
6326,6091
6326,6142
6326,6193
6327,5585
6327,5636
6327,5771
6327,5822
6327,5957
6327,6008
6327,6143
6327,6194
6328,2586
6328,2632
6328,2680
6328,2727
6328,2772
6328,2814
6328,2858
6328,2901
6328,2944
6328,2986
6328,3030
6328,3073
6328,3137
6328,3202
6328,3273
6328,3338
6328,5491
6328,5534
6328,5586
6328,5637
6328,5677
6328,5720
6328,5772
6328,5823
6328,5863
6328,5906
6328,5958
6328,6009
6328,6049
6328,6092
6328,6144
6328,6195
6329,5587
6329,5638
6329,5773
6329,5824
6329,5959
6329,6010
6329,6145
6329,6196
6330,2587
6330,2633
6330,2681
6330,2728
6330,2773
6330,2815
6330,2859
6330,2902
6330,2945
6330,2987
6330,3031
6330,3074
6330,3138
6330,3203
6330,3274
6330,3339
6330,5492
6330,5535
6330,5588
6330,5639
6330,5678
6330,5721
6330,5774
6330,5825
6330,5864
6330,5907
6330,5960
6330,6011
6330,6050
6330,6093
6330,6146
6330,6197
6331,2588
6331,2634
6331,2682
6331,2729
6331,2774
6331,2816
6331,2860
6331,2903
6331,2946
6331,2988
6331,3032
6331,3075
6331,3139
6331,3204
6331,3275
6331,3340
6331,5493
6331,5536
6331,5589
6331,5640
6331,5679
6331,5722
6331,5775
6331,5826
6331,5865
6331,5908
6331,5961
6331,6012
6331,6051
6331,6094
6331,6147
6331,6198
6332,2589
6332,2635
6332,2683
6332,2730
6332,2775
6332,2817
6332,2861
6332,2904
6332,2947
6332,2989
6332,3033
6332,3076
6332,3140
6332,3205
6332,3276
6332,3341
6332,5494
6332,5537
6332,5590
6332,5641
6332,5680
6332,5723
6332,5776
6332,5827
6332,5866
6332,5909
6332,5962
6332,6013
6332,6052
6332,6095
6332,6148
6332,6199
6333,2590
6333,2636
6333,2684
6333,2731
6333,2776
6333,2818
6333,2862
6333,2905
6333,2948
6333,2990
6333,3034
6333,3077
6333,3141
6333,3206
6333,3277
6333,3342
6333,5495
6333,5538
6333,5591
6333,5642
6333,5681
6333,5724
6333,5777
6333,5828
6333,5867
6333,5910
6333,5963
6333,6014
6333,6053
6333,6096
6333,6149
6333,6200
6334,2591
6334,2637
6334,2685
6334,2732
6334,2777
6334,2819
6334,2863
6334,2906
6334,2949
6334,2991
6334,3035
6334,3078
6334,3142
6334,3207
6334,3278
6334,3343
6334,5496
6334,5539
6334,5592
6334,5643
6334,5682
6334,5725
6334,5778
6334,5829
6334,5868
6334,5911
6334,5964
6334,6015
6334,6054
6334,6097
6334,6150
6334,6201
6335,2592
6335,2638
6335,2686
6335,2733
6335,2778
6335,2820
6335,2864
6335,2907
6335,2950
6335,2992
6335,3036
6335,3079
6335,3143
6335,3208
6335,3279
6335,3344
6335,5497
6335,5540
6335,5593
6335,5644
6335,5683
6335,5726
6335,5779
6335,5830
6335,5869
6335,5912
6335,5965
6335,6016
6335,6055
6335,6098
6335,6151
6335,6202
6336,2593
6336,2639
6336,2687
6336,2734
6336,2779
6336,2821
6336,2865
6336,2908
6336,2951
6336,2993
6336,3037
6336,3080
6336,3144
6336,3209
6336,3280
6336,3345
6336,5498
6336,5541
6336,5594
6336,5645
6336,5684
6336,5727
6336,5780
6336,5831
6336,5870
6336,5913
6336,5966
6336,6017
6336,6056
6336,6099
6336,6152
6336,6203
6337,2594
6337,2640
6337,2688
6337,2735
6337,2780
6337,2822
6337,2866
6337,2909
6337,2952
6337,2994
6337,3038
6337,3081
6337,3145
6337,3210
6337,3281
6337,3346
6337,5499
6337,5542
6337,5595
6337,5646
6337,5685
6337,5728
6337,5781
6337,5832
6337,5871
6337,5914
6337,5967
6337,6018
6337,6057
6337,6100
6337,6153
6337,6204
6338,2595
6338,2641
6338,2689
6338,2736
6338,2781
6338,2823
6338,2867
6338,2910
6338,2953
6338,2995
6338,3039
6338,3082
6338,3146
6338,3211
6338,3282
6338,3347
6338,5500
6338,5543
6338,5596
6338,5647
6338,5686
6338,5729
6338,5782
6338,5833
6338,5872
6338,5915
6338,5968
6338,6019
6338,6058
6338,6101
6338,6154
6338,6205
6339,2596
6339,2642
6339,2690
6339,2737
6339,2782
6339,2824
6339,2868
6339,2911
6339,2954
6339,2996
6339,3040
6339,3083
6339,3147
6339,3212
6339,3283
6339,3348
6339,5501
6339,5544
6339,5597
6339,5648
6339,5687
6339,5730
6339,5783
6339,5834
6339,5873
6339,5916
6339,5969
6339,6020
6339,6059
6339,6102
6339,6155
6339,6206
6340,2597
6340,2643
6340,2691
6340,2738
6340,2783
6340,2825
6340,2869
6340,2912
6340,2955
6340,2997
6340,3041
6340,3084
6340,3148
6340,3213
6340,3284
6340,3349
6340,5502
6340,5545
6340,5598
6340,5649
6340,5688
6340,5731
6340,5784
6340,5835
6340,5874
6340,5917
6340,5970
6340,6021
6340,6060
6340,6103
6340,6156
6340,6207
6341,2598
6341,2644
6341,2692
6341,2739
6341,2784
6341,2826
6341,2870
6341,2913
6341,2956
6341,2998
6341,3042
6341,3085
6341,3149
6341,3214
6341,3285
6341,3350
6341,5503
6341,5546
6341,5599
6341,5650
6341,5689
6341,5732
6341,5785
6341,5836
6341,5875
6341,5918
6341,5971
6341,6022
6341,6061
6341,6104
6341,6157
6341,6208
6342,2599
6342,2645
6342,2693
6342,2740
6342,2785
6342,2827
6342,2871
6342,2914
6342,2957
6342,2999
6342,3043
6342,3086
6342,3150
6342,3215
6342,3286
6342,3351
6342,5504
6342,5547
6342,5600
6342,5651
6342,5690
6342,5733
6342,5786
6342,5837
6342,5876
6342,5919
6342,5972
6342,6023
6342,6062
6342,6105
6342,6158
6342,6209
6343,2600
6343,2646
6343,2694
6343,2741
6343,2786
6343,2828
6343,2872
6343,2915
6343,2958
6343,3000
6343,3044
6343,3087
6343,3151
6343,3216
6343,3287
6343,3352
6343,5505
6343,5548
6343,5601
6343,5652
6343,5691
6343,5734
6343,5787
6343,5838
6343,5877
6343,5920
6343,5973
6343,6024
6343,6063
6343,6106
6343,6159
6343,6210
6344,2601
6344,2647
6344,2695
6344,2742
6344,2787
6344,2829
6344,2873
6344,2916
6344,2959
6344,3001
6344,3045
6344,3088
6344,3152
6344,3217
6344,3288
6344,3353
6344,5506
6344,5549
6344,5602
6344,5653
6344,5692
6344,5735
6344,5788
6344,5839
6344,5878
6344,5921
6344,5974
6344,6025
6344,6064
6344,6107
6344,6160
6344,6211
6345,2602
6345,2648
6345,2696
6345,2743
6345,2788
6345,2830
6345,2874
6345,2917
6345,2960
6345,3002
6345,3046
6345,3089
6345,3153
6345,3218
6345,3289
6345,3354
6345,5507
6345,5550
6345,5603
6345,5654
6345,5693
6345,5736
6345,5789
6345,5840
6345,5879
6345,5922
6345,5975
6345,6026
6345,6065
6345,6108
6345,6161
6345,6212
6346,2603
6346,2649
6346,2697
6346,2744
6346,2789
6346,2831
6346,2875
6346,2918
6346,2961
6346,3003
6346,3047
6346,3090
6346,3154
6346,3219
6346,3290
6346,3355
6346,5508
6346,5551
6346,5604
6346,5655
6346,5694
6346,5737
6346,5790
6346,5841
6346,5880
6346,5923
6346,5976
6346,6027
6346,6066
6346,6109
6346,6162
6346,6213
6347,5605
6347,5656
6347,5791
6347,5842
6347,5977
6347,6028
6347,6163
6347,6214
6348,2607
6348,2653
6348,2701
6348,2748
6348,2793
6348,2835
6348,2879
6348,2922
6348,2965
6348,3007
6348,3051
6348,3094
6348,3158
6348,3223
6348,3294
6348,3359
6348,5512
6348,5555
6348,5606
6348,5657
6348,5698
6348,5741
6348,5792
6348,5843
6348,5884
6348,5927
6348,5978
6348,6029
6348,6070
6348,6113
6348,6164
6348,6215
6349,2608
6349,2654
6349,2702
6349,2749
6349,2794
6349,2836
6349,2880
6349,2923
6349,2966
6349,3008
6349,3052
6349,3095
6349,3159
6349,3224
6349,3295
6349,3360
6349,5513
6349,5556
6349,5607
6349,5658
6349,5699
6349,5742
6349,5793
6349,5844
6349,5885
6349,5928
6349,5979
6349,6030
6349,6071
6349,6114
6349,6165
6349,6216
6350,2754
6350,5794
6350,5845
6351,5795
6351,5846
6353,2568
6353,2614
6353,2660
6353,2709
6353,2756
6353,2798
6353,2840
6353,2885
6353,2928
6353,2970
6353,3012
6353,3057
6353,3100
6353,3165
6353,3230
6353,3301
6353,5476
6353,5517
6353,5560
6353,5611
6353,5662
6353,5703
6353,5746
6353,5797
6353,5848
6353,5889
6353,5932
6353,5983
6353,6034
6353,6075
6353,6118
6353,6169
6354,2570
6354,2616
6354,2662
6354,2711
6354,3102
6354,3167
6354,3232
6354,3303
6354,5663
6354,5704
6354,5747
6354,5798
6354,5849
6354,5890
6354,5933
6354,5984
6355,2571
6355,2617
6355,2663
6355,2712
6355,3103
6355,3168
6355,3233
6355,3304
6355,5664
6355,5705
6355,5748
6355,5799
6355,5850
6355,5891
6355,5934
6355,5985
6356,2572
6356,2618
6356,2664
6356,2713
6356,3104
6356,3169
6356,3234
6356,3305
6356,5665
6356,5706
6356,5749
6356,5800
6356,5851
6356,5892
6356,5935
6356,5986
6357,2573
6357,2619
6357,2665
6357,2714
6357,3105
6357,3170
6357,3235
6357,3306
6357,5666
6357,5707
6357,5750
6357,5801
6357,5852
6357,5893
6357,5936
6357,5987
6358,2574
6358,2620
6358,2666
6358,2715
6358,3106
6358,3171
6358,3236
6358,3307
6358,5667
6358,5708
6358,5751
6358,5802
6358,5853
6358,5894
6358,5937
6358,5988
6359,2575
6359,2577
6359,2621
6359,2623
6359,2667
6359,2669
6359,2671
6359,2716
6359,2718
6359,3117
6359,3123
6359,3182
6359,3188
6359,3247
6359,3249
6359,3259
6359,3318
6359,3324
6359,5668
6359,5670
6359,5709
6359,5711
6359,5713
6359,5757
6359,5759
6359,5808
6359,5810
6359,5854
6359,5856
6359,5895
6359,5897
6359,5899
6359,5943
6359,5945
6359,5994
6359,5996
6360,2576
6360,2578
6360,2622
6360,2624
6360,2668
6360,2670
6360,2672
6360,2717
6360,2719
6360,3118
6360,3124
6360,3183
6360,3189
6360,3248
6360,3250
6360,3260
6360,3319
6360,3325
6360,5669
6360,5671
6360,5710
6360,5712
6360,5714
6360,5758
6360,5760
6360,5809
6360,5811
6360,5855
6360,5857
6360,5896
6360,5898
6360,5900
6360,5944
6360,5946
6360,5995
6360,5997
6361,2580
6361,2626
6361,2674
6361,2721
6361,3130
6361,3195
6361,3266
6361,3331
6361,5858
6361,5901
6361,5947
6361,5998
6362,2582
6362,2628
6362,2676
6362,2723
6362,2768
6362,2810
6362,2854
6362,2897
6362,2940
6362,2982
6362,3026
6362,3069
6362,3133
6362,3198
6362,3269
6362,3334
6362,5487
6362,5530
6362,5578
6362,5629
6362,5673
6362,5716
6362,5764
6362,5815
6362,5859
6362,5902
6362,5950
6362,6001
6362,6045
6362,6088
6362,6136
6362,6187
6363,2583
6363,2629
6363,2677
6363,2724
6363,2769
6363,2811
6363,2855
6363,2898
6363,2941
6363,2983
6363,3027
6363,3070
6363,3134
6363,3199
6363,3270
6363,3335
6363,5488
6363,5531
6363,5580
6363,5631
6363,5674
6363,5717
6363,5766
6363,5817
6363,5860
6363,5903
6363,5952
6363,6003
6363,6046
6363,6089
6363,6138
6363,6189
6364,2584
6364,2630
6364,2678
6364,2725
6364,2770
6364,2812
6364,2856
6364,2899
6364,2942
6364,2984
6364,3028
6364,3071
6364,3135
6364,3200
6364,3271
6364,3336
6364,5489
6364,5532
6364,5582
6364,5633
6364,5675
6364,5718
6364,5768
6364,5819
6364,5861
6364,5904
6364,5954
6364,6005
6364,6047
6364,6090
6364,6140
6364,6191
6365,2585
6365,2631
6365,2679
6365,2726
6365,2771
6365,2813
6365,2857
6365,2900
6365,2943
6365,2985
6365,3029
6365,3072
6365,3136
6365,3201
6365,3272
6365,3337
6365,5490
6365,5533
6365,5584
6365,5635
6365,5676
6365,5719
6365,5770
6365,5821
6365,5862
6365,5905
6365,5956
6365,6007
6365,6048
6365,6091
6365,6142
6365,6193
6366,2586
6366,2632
6366,2680
6366,2727
6366,2772
6366,2814
6366,2858
6366,2901
6366,2944
6366,2986
6366,3030
6366,3073
6366,3137
6366,3202
6366,3273
6366,3338
6366,5491
6366,5534
6366,5586
6366,5637
6366,5677
6366,5720
6366,5772
6366,5823
6366,5863
6366,5906
6366,5958
6366,6009
6366,6049
6366,6092
6366,6144
6366,6195
6367,2587
6367,2633
6367,2681
6367,2728
6367,2773
6367,2815
6367,2859
6367,2902
6367,2945
6367,2987
6367,3031
6367,3074
6367,3138
6367,3203
6367,3274
6367,3339
6367,5492
6367,5535
6367,5588
6367,5639
6367,5678
6367,5721
6367,5774
6367,5825
6367,5864
6367,5907
6367,5960
6367,6011
6367,6050
6367,6093
6367,6146
6367,6197
6368,2588
6368,2634
6368,2682
6368,2729
6368,2774
6368,2816
6368,2860
6368,2903
6368,2946
6368,2988
6368,3032
6368,3075
6368,3139
6368,3204
6368,3275
6368,3340
6368,5493
6368,5536
6368,5589
6368,5640
6368,5679
6368,5722
6368,5775
6368,5826
6368,5865
6368,5908
6368,5961
6368,6012
6368,6051
6368,6094
6368,6147
6368,6198
6369,2589
6369,2635
6369,2683
6369,2730
6369,2775
6369,2817
6369,2861
6369,2904
6369,2947
6369,2989
6369,3033
6369,3076
6369,3140
6369,3205
6369,3276
6369,3341
6369,5494
6369,5537
6369,5590
6369,5641
6369,5680
6369,5723
6369,5776
6369,5827
6369,5866
6369,5909
6369,5962
6369,6013
6369,6052
6369,6095
6369,6148
6369,6199
6370,2590
6370,2636
6370,2684
6370,2731
6370,2776
6370,2818
6370,2862
6370,2905
6370,2948
6370,2990
6370,3034
6370,3077
6370,3141
6370,3206
6370,3277
6370,3342
6370,5495
6370,5538
6370,5591
6370,5642
6370,5681
6370,5724
6370,5777
6370,5828
6370,5867
6370,5910
6370,5963
6370,6014
6370,6053
6370,6096
6370,6149
6370,6200
6371,2591
6371,2637
6371,2685
6371,2732
6371,2777
6371,2819
6371,2863
6371,2906
6371,2949
6371,2991
6371,3035
6371,3078
6371,3142
6371,3207
6371,3278
6371,3343
6371,5496
6371,5539
6371,5592
6371,5643
6371,5682
6371,5725
6371,5778
6371,5829
6371,5868
6371,5911
6371,5964
6371,6015
6371,6054
6371,6097
6371,6150
6371,6201
6372,2592
6372,2638
6372,2686
6372,2733
6372,2778
6372,2820
6372,2864
6372,2907
6372,2950
6372,2992
6372,3036
6372,3079
6372,3143
6372,3208
6372,3279
6372,3344
6372,5497
6372,5540
6372,5593
6372,5644
6372,5683
6372,5726
6372,5779
6372,5830
6372,5869
6372,5912
6372,5965
6372,6016
6372,6055
6372,6098
6372,6151
6372,6202
6373,2593
6373,2639
6373,2687
6373,2734
6373,2779
6373,2821
6373,2865
6373,2908
6373,2951
6373,2993
6373,3037
6373,3080
6373,3144
6373,3209
6373,3280
6373,3345
6373,5498
6373,5541
6373,5594
6373,5645
6373,5684
6373,5727
6373,5780
6373,5831
6373,5870
6373,5913
6373,5966
6373,6017
6373,6056
6373,6099
6373,6152
6373,6203
6374,2594
6374,2640
6374,2688
6374,2735
6374,2780
6374,2822
6374,2866
6374,2909
6374,2952
6374,2994
6374,3038
6374,3081
6374,3145
6374,3210
6374,3281
6374,3346
6374,5499
6374,5542
6374,5595
6374,5646
6374,5685
6374,5728
6374,5781
6374,5832
6374,5871
6374,5914
6374,5967
6374,6018
6374,6057
6374,6100
6374,6153
6374,6204
6375,2595
6375,2641
6375,2689
6375,2736
6375,2781
6375,2823
6375,2867
6375,2910
6375,2953
6375,2995
6375,3039
6375,3082
6375,3146
6375,3211
6375,3282
6375,3347
6375,5500
6375,5543
6375,5596
6375,5647
6375,5686
6375,5729
6375,5782
6375,5833
6375,5872
6375,5915
6375,5968
6375,6019
6375,6058
6375,6101
6375,6154
6375,6205
6376,2596
6376,2642
6376,2690
6376,2737
6376,2782
6376,2824
6376,2868
6376,2911
6376,2954
6376,2996
6376,3040
6376,3083
6376,3147
6376,3212
6376,3283
6376,3348
6376,5501
6376,5544
6376,5597
6376,5648
6376,5687
6376,5730
6376,5783
6376,5834
6376,5873
6376,5916
6376,5969
6376,6020
6376,6059
6376,6102
6376,6155
6376,6206
6377,2597
6377,2643
6377,2691
6377,2738
6377,2783
6377,2825
6377,2869
6377,2912
6377,2955
6377,2997
6377,3041
6377,3084
6377,3148
6377,3213
6377,3284
6377,3349
6377,5502
6377,5545
6377,5598
6377,5649
6377,5688
6377,5731
6377,5784
6377,5835
6377,5874
6377,5917
6377,5970
6377,6021
6377,6060
6377,6103
6377,6156
6377,6207
6378,2598
6378,2644
6378,2692
6378,2739
6378,2784
6378,2826
6378,2870
6378,2913
6378,2956
6378,2998
6378,3042
6378,3085
6378,3149
6378,3214
6378,3285
6378,3350
6378,5503
6378,5546
6378,5599
6378,5650
6378,5689
6378,5732
6378,5785
6378,5836
6378,5875
6378,5918
6378,5971
6378,6022
6378,6061
6378,6104
6378,6157
6378,6208
6379,2599
6379,2645
6379,2693
6379,2740
6379,2785
6379,2827
6379,2871
6379,2914
6379,2957
6379,2999
6379,3043
6379,3086
6379,3150
6379,3215
6379,3286
6379,3351
6379,5504
6379,5547
6379,5600
6379,5651
6379,5690
6379,5733
6379,5786
6379,5837
6379,5876
6379,5919
6379,5972
6379,6023
6379,6062
6379,6105
6379,6158
6379,6209
6380,2600
6380,2646
6380,2694
6380,2741
6380,2786
6380,2828
6380,2872
6380,2915
6380,2958
6380,3000
6380,3044
6380,3087
6380,3151
6380,3216
6380,3287
6380,3352
6380,5505
6380,5548
6380,5601
6380,5652
6380,5691
6380,5734
6380,5787
6380,5838
6380,5877
6380,5920
6380,5973
6380,6024
6380,6063
6380,6106
6380,6159
6380,6210
6381,2601
6381,2647
6381,2695
6381,2742
6381,2787
6381,2829
6381,2873
6381,2916
6381,2959
6381,3001
6381,3045
6381,3088
6381,3152
6381,3217
6381,3288
6381,3353
6381,5506
6381,5549
6381,5602
6381,5653
6381,5692
6381,5735
6381,5788
6381,5839
6381,5878
6381,5921
6381,5974
6381,6025
6381,6064
6381,6107
6381,6160
6381,6211
6382,2602
6382,2648
6382,2696
6382,2743
6382,2788
6382,2830
6382,2874
6382,2917
6382,2960
6382,3002
6382,3046
6382,3089
6382,3153
6382,3218
6382,3289
6382,3354
6382,5507
6382,5550
6382,5603
6382,5654
6382,5693
6382,5736
6382,5789
6382,5840
6382,5879
6382,5922
6382,5975
6382,6026
6382,6065
6382,6108
6382,6161
6382,6212
6383,2603
6383,2649
6383,2697
6383,2744
6383,2789
6383,2831
6383,2875
6383,2918
6383,2961
6383,3003
6383,3047
6383,3090
6383,3154
6383,3219
6383,3290
6383,3355
6383,5508
6383,5551
6383,5604
6383,5655
6383,5694
6383,5737
6383,5790
6383,5841
6383,5880
6383,5923
6383,5976
6383,6027
6383,6066
6383,6109
6383,6162
6383,6213
6384,2604
6384,2650
6384,2698
6384,2745
6384,2790
6384,2832
6384,2876
6384,2919
6384,2962
6384,3004
6384,3048
6384,3091
6384,3155
6384,3220
6384,3291
6384,3356
6384,5509
6384,5552
6384,5695
6384,5738
6384,5881
6384,5924
6384,6067
6384,6110
6385,2605
6385,2651
6385,2699
6385,2746
6385,2791
6385,2833
6385,2877
6385,2920
6385,2963
6385,3005
6385,3049
6385,3092
6385,3156
6385,3221
6385,3292
6385,3357
6385,5510
6385,5553
6385,5696
6385,5739
6385,5882
6385,5925
6385,6068
6385,6111
6386,2606
6386,2652
6386,2700
6386,2747
6386,2792
6386,2834
6386,2878
6386,2921
6386,2964
6386,3006
6386,3050
6386,3093
6386,3157
6386,3222
6386,3293
6386,3358
6386,5511
6386,5554
6386,5697
6386,5740
6386,5883
6386,5926
6386,6069
6386,6112
6387,2607
6387,2653
6387,2701
6387,2748
6387,2793
6387,2835
6387,2879
6387,2922
6387,2965
6387,3007
6387,3051
6387,3094
6387,3158
6387,3223
6387,3294
6387,3359
6387,5512
6387,5555
6387,5606
6387,5657
6387,5698
6387,5741
6387,5792
6387,5843
6387,5884
6387,5927
6387,5978
6387,6029
6387,6070
6387,6113
6387,6164
6387,6215
6388,2608
6388,2654
6388,2702
6388,2749
6388,2794
6388,2836
6388,2880
6388,2923
6388,2966
6388,3008
6388,3052
6388,3095
6388,3159
6388,3224
6388,3295
6388,3360
6388,5513
6388,5556
6388,5607
6388,5658
6388,5699
6388,5742
6388,5793
6388,5844
6388,5885
6388,5928
6388,5979
6388,6030
6388,6071
6388,6114
6388,6165
6388,6216
6389,2611
6389,2657
6389,2705
6389,2752
6389,3161
6389,3297
6389,5886
6389,5929
6389,5948
6389,5999
6390,2612
6390,2658
6390,2706
6390,2753
6390,3226
6390,3362
6390,5887
6390,5930
6390,5949
6390,6000
6393,2568
6393,2614
6393,2660
6393,2709
6393,2756
6393,2798
6393,2840
6393,2885
6393,2928
6393,2970
6393,3012
6393,3057
6393,3100
6393,3165
6393,3230
6393,3301
6393,5476
6393,5517
6393,5560
6393,5611
6393,5662
6393,5703
6393,5746
6393,5797
6393,5848
6393,5889
6393,5932
6393,5983
6393,6034
6393,6075
6393,6118
6393,6169
6394,2570
6394,2616
6394,2662
6394,2711
6394,3102
6394,3167
6394,3232
6394,3303
6394,5663
6394,5704
6394,5747
6394,5798
6394,5849
6394,5890
6394,5933
6394,5984
6395,2571
6395,2617
6395,2663
6395,2712
6395,3103
6395,3168
6395,3233
6395,3304
6395,5664
6395,5705
6395,5748
6395,5799
6395,5850
6395,5891
6395,5934
6395,5985
6396,2572
6396,2618
6396,2664
6396,2713
6396,3104
6396,3169
6396,3234
6396,3305
6396,5665
6396,5706
6396,5749
6396,5800
6396,5851
6396,5892
6396,5935
6396,5986
6397,2573
6397,2619
6397,2665
6397,2714
6397,3105
6397,3170
6397,3235
6397,3306
6397,5666
6397,5707
6397,5750
6397,5801
6397,5852
6397,5893
6397,5936
6397,5987
6398,2574
6398,2620
6398,2666
6398,2715
6398,3106
6398,3171
6398,3236
6398,3307
6398,5667
6398,5708
6398,5751
6398,5802
6398,5853
6398,5894
6398,5937
6398,5988
6399,2575
6399,2577
6399,2621
6399,2623
6399,2667
6399,2669
6399,2671
6399,2716
6399,2718
6399,3117
6399,3123
6399,3182
6399,3188
6399,3247
6399,3249
6399,3259
6399,3318
6399,3324
6399,5668
6399,5670
6399,5709
6399,5711
6399,5713
6399,5757
6399,5759
6399,5808
6399,5810
6399,5854
6399,5856
6399,5895
6399,5897
6399,5899
6399,5943
6399,5945
6399,5994
6399,5996
6400,2576
6400,2578
6400,2622
6400,2624
6400,2668
6400,2670
6400,2672
6400,2717
6400,2719
6400,3118
6400,3124
6400,3183
6400,3189
6400,3248
6400,3250
6400,3260
6400,3319
6400,3325
6400,5669
6400,5671
6400,5710
6400,5712
6400,5714
6400,5758
6400,5760
6400,5809
6400,5811
6400,5855
6400,5857
6400,5896
6400,5898
6400,5900
6400,5944
6400,5946
6400,5995
6400,5997
6401,2580
6401,2626
6401,2674
6401,2721
6401,3130
6401,3195
6401,3266
6401,3331
6401,5858
6401,5901
6401,5947
6401,5998
6410,2582
6410,2628
6410,2676
6410,2723
6410,2768
6410,2810
6410,2854
6410,2897
6410,2940
6410,2982
6410,3026
6410,3069
6410,3133
6410,3198
6410,3269
6410,3334
6410,5487
6410,5530
6410,5578
6410,5629
6410,5673
6410,5716
6410,5764
6410,5815
6410,5859
6410,5902
6410,5950
6410,6001
6410,6045
6410,6088
6410,6136
6410,6187
6411,2583
6411,2629
6411,2677
6411,2724
6411,2769
6411,2811
6411,2855
6411,2898
6411,2941
6411,2983
6411,3027
6411,3070
6411,3134
6411,3199
6411,3270
6411,3335
6411,5488
6411,5531
6411,5580
6411,5631
6411,5674
6411,5717
6411,5766
6411,5817
6411,5860
6411,5903
6411,5952
6411,6003
6411,6046
6411,6089
6411,6138
6411,6189
6412,2584
6412,2630
6412,2678
6412,2725
6412,2770
6412,2812
6412,2856
6412,2899
6412,2942
6412,2984
6412,3028
6412,3071
6412,3135
6412,3200
6412,3271
6412,3336
6412,5489
6412,5532
6412,5582
6412,5633
6412,5675
6412,5718
6412,5768
6412,5819
6412,5861
6412,5904
6412,5954
6412,6005
6412,6047
6412,6090
6412,6140
6412,6191
6413,2585
6413,2631
6413,2679
6413,2726
6413,2771
6413,2813
6413,2857
6413,2900
6413,2943
6413,2985
6413,3029
6413,3072
6413,3136
6413,3201
6413,3272
6413,3337
6413,5490
6413,5533
6413,5584
6413,5635
6413,5676
6413,5719
6413,5770
6413,5821
6413,5862
6413,5905
6413,5956
6413,6007
6413,6048
6413,6091
6413,6142
6413,6193
6414,2586
6414,2632
6414,2680
6414,2727
6414,2772
6414,2814
6414,2858
6414,2901
6414,2944
6414,2986
6414,3030
6414,3073
6414,3137
6414,3202
6414,3273
6414,3338
6414,5491
6414,5534
6414,5586
6414,5637
6414,5677
6414,5720
6414,5772
6414,5823
6414,5863
6414,5906
6414,5958
6414,6009
6414,6049
6414,6092
6414,6144
6414,6195
6415,2587
6415,2633
6415,2681
6415,2728
6415,2773
6415,2815
6415,2859
6415,2902
6415,2945
6415,2987
6415,3031
6415,3074
6415,3138
6415,3203
6415,3274
6415,3339
6415,5492
6415,5535
6415,5588
6415,5639
6415,5678
6415,5721
6415,5774
6415,5825
6415,5864
6415,5907
6415,5960
6415,6011
6415,6050
6415,6093
6415,6146
6415,6197
6416,2588
6416,2634
6416,2682
6416,2729
6416,2774
6416,2816
6416,2860
6416,2903
6416,2946
6416,2988
6416,3032
6416,3075
6416,3139
6416,3204
6416,3275
6416,3340
6416,5493
6416,5536
6416,5589
6416,5640
6416,5679
6416,5722
6416,5775
6416,5826
6416,5865
6416,5908
6416,5961
6416,6012
6416,6051
6416,6094
6416,6147
6416,6198
6417,2589
6417,2635
6417,2683
6417,2730
6417,2775
6417,2817
6417,2861
6417,2904
6417,2947
6417,2989
6417,3033
6417,3076
6417,3140
6417,3205
6417,3276
6417,3341
6417,5494
6417,5537
6417,5590
6417,5641
6417,5680
6417,5723
6417,5776
6417,5827
6417,5866
6417,5909
6417,5962
6417,6013
6417,6052
6417,6095
6417,6148
6417,6199
6418,2590
6418,2636
6418,2684
6418,2731
6418,2776
6418,2818
6418,2862
6418,2905
6418,2948
6418,2990
6418,3034
6418,3077
6418,3141
6418,3206
6418,3277
6418,3342
6418,5495
6418,5538
6418,5591
6418,5642
6418,5681
6418,5724
6418,5777
6418,5828
6418,5867
6418,5910
6418,5963
6418,6014
6418,6053
6418,6096
6418,6149
6418,6200
6419,2591
6419,2637
6419,2685
6419,2732
6419,2777
6419,2819
6419,2863
6419,2906
6419,2949
6419,2991
6419,3035
6419,3078
6419,3142
6419,3207
6419,3278
6419,3343
6419,5496
6419,5539
6419,5592
6419,5643
6419,5682
6419,5725
6419,5778
6419,5829
6419,5868
6419,5911
6419,5964
6419,6015
6419,6054
6419,6097
6419,6150
6419,6201
6420,2592
6420,2638
6420,2686
6420,2733
6420,2778
6420,2820
6420,2864
6420,2907
6420,2950
6420,2992
6420,3036
6420,3079
6420,3143
6420,3208
6420,3279
6420,3344
6420,5497
6420,5540
6420,5593
6420,5644
6420,5683
6420,5726
6420,5779
6420,5830
6420,5869
6420,5912
6420,5965
6420,6016
6420,6055
6420,6098
6420,6151
6420,6202
6421,2593
6421,2639
6421,2687
6421,2734
6421,2779
6421,2821
6421,2865
6421,2908
6421,2951
6421,2993
6421,3037
6421,3080
6421,3144
6421,3209
6421,3280
6421,3345
6421,5498
6421,5541
6421,5594
6421,5645
6421,5684
6421,5727
6421,5780
6421,5831
6421,5870
6421,5913
6421,5966
6421,6017
6421,6056
6421,6099
6421,6152
6421,6203
6422,2594
6422,2640
6422,2688
6422,2735
6422,2780
6422,2822
6422,2866
6422,2909
6422,2952
6422,2994
6422,3038
6422,3081
6422,3145
6422,3210
6422,3281
6422,3346
6422,5499
6422,5542
6422,5595
6422,5646
6422,5685
6422,5728
6422,5781
6422,5832
6422,5871
6422,5914
6422,5967
6422,6018
6422,6057
6422,6100
6422,6153
6422,6204
6423,2595
6423,2641
6423,2689
6423,2736
6423,2781
6423,2823
6423,2867
6423,2910
6423,2953
6423,2995
6423,3039
6423,3082
6423,3146
6423,3211
6423,3282
6423,3347
6423,5500
6423,5543
6423,5596
6423,5647
6423,5686
6423,5729
6423,5782
6423,5833
6423,5872
6423,5915
6423,5968
6423,6019
6423,6058
6423,6101
6423,6154
6423,6205
6424,2596
6424,2642
6424,2690
6424,2737
6424,2782
6424,2824
6424,2868
6424,2911
6424,2954
6424,2996
6424,3040
6424,3083
6424,3147
6424,3212
6424,3283
6424,3348
6424,5501
6424,5544
6424,5597
6424,5648
6424,5687
6424,5730
6424,5783
6424,5834
6424,5873
6424,5916
6424,5969
6424,6020
6424,6059
6424,6102
6424,6155
6424,6206
6425,2597
6425,2643
6425,2691
6425,2738
6425,2783
6425,2825
6425,2869
6425,2912
6425,2955
6425,2997
6425,3041
6425,3084
6425,3148
6425,3213
6425,3284
6425,3349
6425,5502
6425,5545
6425,5598
6425,5649
6425,5688
6425,5731
6425,5784
6425,5835
6425,5874
6425,5917
6425,5970
6425,6021
6425,6060
6425,6103
6425,6156
6425,6207
6426,2598
6426,2644
6426,2692
6426,2739
6426,2784
6426,2826
6426,2870
6426,2913
6426,2956
6426,2998
6426,3042
6426,3085
6426,3149
6426,3214
6426,3285
6426,3350
6426,5503
6426,5546
6426,5599
6426,5650
6426,5689
6426,5732
6426,5785
6426,5836
6426,5875
6426,5918
6426,5971
6426,6022
6426,6061
6426,6104
6426,6157
6426,6208
6427,2599
6427,2645
6427,2693
6427,2740
6427,2785
6427,2827
6427,2871
6427,2914
6427,2957
6427,2999
6427,3043
6427,3086
6427,3150
6427,3215
6427,3286
6427,3351
6427,5504
6427,5547
6427,5600
6427,5651
6427,5690
6427,5733
6427,5786
6427,5837
6427,5876
6427,5919
6427,5972
6427,6023
6427,6062
6427,6105
6427,6158
6427,6209
6428,2600
6428,2646
6428,2694
6428,2741
6428,2786
6428,2828
6428,2872
6428,2915
6428,2958
6428,3000
6428,3044
6428,3087
6428,3151
6428,3216
6428,3287
6428,3352
6428,5505
6428,5548
6428,5601
6428,5652
6428,5691
6428,5734
6428,5787
6428,5838
6428,5877
6428,5920
6428,5973
6428,6024
6428,6063
6428,6106
6428,6159
6428,6210
6429,2601
6429,2647
6429,2695
6429,2742
6429,2787
6429,2829
6429,2873
6429,2916
6429,2959
6429,3001
6429,3045
6429,3088
6429,3152
6429,3217
6429,3288
6429,3353
6429,5506
6429,5549
6429,5602
6429,5653
6429,5692
6429,5735
6429,5788
6429,5839
6429,5878
6429,5921
6429,5974
6429,6025
6429,6064
6429,6107
6429,6160
6429,6211
6430,2602
6430,2648
6430,2696
6430,2743
6430,2788
6430,2830
6430,2874
6430,2917
6430,2960
6430,3002
6430,3046
6430,3089
6430,3153
6430,3218
6430,3289
6430,3354
6430,5507
6430,5550
6430,5603
6430,5654
6430,5693
6430,5736
6430,5789
6430,5840
6430,5879
6430,5922
6430,5975
6430,6026
6430,6065
6430,6108
6430,6161
6430,6212
6431,2603
6431,2649
6431,2697
6431,2744
6431,2789
6431,2831
6431,2875
6431,2918
6431,2961
6431,3003
6431,3047
6431,3090
6431,3154
6431,3219
6431,3290
6431,3355
6431,5508
6431,5551
6431,5604
6431,5655
6431,5694
6431,5737
6431,5790
6431,5841
6431,5880
6431,5923
6431,5976
6431,6027
6431,6066
6431,6109
6431,6162
6431,6213
6432,2604
6432,2650
6432,2698
6432,2745
6432,2790
6432,2832
6432,2876
6432,2919
6432,2962
6432,3004
6432,3048
6432,3091
6432,3155
6432,3220
6432,3291
6432,3356
6432,5509
6432,5552
6432,5695
6432,5738
6432,5881
6432,5924
6432,6067
6432,6110
6433,2605
6433,2651
6433,2699
6433,2746
6433,2791
6433,2833
6433,2877
6433,2920
6433,2963
6433,3005
6433,3049
6433,3092
6433,3156
6433,3221
6433,3292
6433,3357
6433,5510
6433,5553
6433,5696
6433,5739
6433,5882
6433,5925
6433,6068
6433,6111
6434,2606
6434,2652
6434,2700
6434,2747
6434,2792
6434,2834
6434,2878
6434,2921
6434,2964
6434,3006
6434,3050
6434,3093
6434,3157
6434,3222
6434,3293
6434,3358
6434,5511
6434,5554
6434,5697
6434,5740
6434,5883
6434,5926
6434,6069
6434,6112
6435,2607
6435,2653
6435,2701
6435,2748
6435,2793
6435,2835
6435,2879
6435,2922
6435,2965
6435,3007
6435,3051
6435,3094
6435,3158
6435,3223
6435,3294
6435,3359
6435,5512
6435,5555
6435,5606
6435,5657
6435,5698
6435,5741
6435,5792
6435,5843
6435,5884
6435,5927
6435,5978
6435,6029
6435,6070
6435,6113
6435,6164
6435,6215
6436,2608
6436,2654
6436,2702
6436,2749
6436,2794
6436,2836
6436,2880
6436,2923
6436,2966
6436,3008
6436,3052
6436,3095
6436,3159
6436,3224
6436,3295
6436,3360
6436,5513
6436,5556
6436,5607
6436,5658
6436,5699
6436,5742
6436,5793
6436,5844
6436,5885
6436,5928
6436,5979
6436,6030
6436,6071
6436,6114
6436,6165
6436,6216
6437,2611
6437,2657
6437,2705
6437,2752
6437,3161
6437,3297
6437,5886
6437,5929
6437,5948
6437,5999
6438,2612
6438,2658
6438,2706
6438,2753
6438,3226
6438,3362
6438,5887
6438,5930
6438,5949
6438,6000
6440,2568
6440,2614
6440,2660
6440,2709
6440,2756
6440,2798
6440,2840
6440,2885
6440,2928
6440,2970
6440,3012
6440,3057
6440,3100
6440,3165
6440,3230
6440,3301
6440,5476
6440,5517
6440,5560
6440,5611
6440,5662
6440,5703
6440,5746
6440,5797
6440,5848
6440,5889
6440,5932
6440,5983
6440,6034
6440,6075
6440,6118
6440,6169
6441,2570
6441,2616
6441,2662
6441,2711
6441,3102
6441,3167
6441,3232
6441,3303
6441,5663
6441,5704
6441,5747
6441,5798
6441,5849
6441,5890
6441,5933
6441,5984
6442,2571
6442,2617
6442,2663
6442,2712
6442,3103
6442,3168
6442,3233
6442,3304
6442,5664
6442,5705
6442,5748
6442,5799
6442,5850
6442,5891
6442,5934
6442,5985
6443,2572
6443,2618
6443,2664
6443,2713
6443,3104
6443,3169
6443,3234
6443,3305
6443,5665
6443,5706
6443,5749
6443,5800
6443,5851
6443,5892
6443,5935
6443,5986
6444,2573
6444,2619
6444,2665
6444,2714
6444,3105
6444,3170
6444,3235
6444,3306
6444,5666
6444,5707
6444,5750
6444,5801
6444,5852
6444,5893
6444,5936
6444,5987
6445,2574
6445,2620
6445,2666
6445,2715
6445,3106
6445,3171
6445,3236
6445,3307
6445,5667
6445,5708
6445,5751
6445,5802
6445,5853
6445,5894
6445,5937
6445,5988
6446,5752
6446,5803
6446,5938
6446,5989
6447,5753
6447,5804
6447,5939
6447,5990
6448,5754
6448,5805
6448,5940
6448,5991
6449,5755
6449,5806
6449,5941
6449,5992
6450,5756
6450,5807
6450,5942
6450,5993
6451,2575
6451,2577
6451,2621
6451,2623
6451,2667
6451,2669
6451,2671
6451,2716
6451,2718
6451,3117
6451,3123
6451,3182
6451,3188
6451,3247
6451,3249
6451,3259
6451,3318
6451,3324
6451,5668
6451,5670
6451,5709
6451,5711
6451,5713
6451,5757
6451,5759
6451,5808
6451,5810
6451,5854
6451,5856
6451,5895
6451,5897
6451,5899
6451,5943
6451,5945
6451,5994
6451,5996
6452,2576
6452,2578
6452,2622
6452,2624
6452,2668
6452,2670
6452,2672
6452,2717
6452,2719
6452,3118
6452,3124
6452,3183
6452,3189
6452,3248
6452,3250
6452,3260
6452,3319
6452,3325
6452,5669
6452,5671
6452,5710
6452,5712
6452,5714
6452,5758
6452,5760
6452,5809
6452,5811
6452,5855
6452,5857
6452,5896
6452,5898
6452,5900
6452,5944
6452,5946
6452,5995
6452,5997
6453,2580
6453,2626
6453,2674
6453,2721
6453,3130
6453,3195
6453,3266
6453,3331
6453,5858
6453,5901
6453,5947
6453,5998
6454,2611
6454,2657
6454,2705
6454,2752
6454,3161
6454,3297
6454,5886
6454,5929
6454,5948
6454,5999
6455,2612
6455,2658
6455,2706
6455,2753
6455,3226
6455,3362
6455,5887
6455,5930
6455,5949
6455,6000
6456,2582
6456,2628
6456,2676
6456,2723
6456,2768
6456,2810
6456,2854
6456,2897
6456,2940
6456,2982
6456,3026
6456,3069
6456,3133
6456,3198
6456,3269
6456,3334
6456,5487
6456,5530
6456,5578
6456,5629
6456,5673
6456,5716
6456,5764
6456,5815
6456,5859
6456,5902
6456,5950
6456,6001
6456,6045
6456,6088
6456,6136
6456,6187
6457,5579
6457,5630
6457,5765
6457,5816
6457,5951
6457,6002
6457,6137
6457,6188
6458,2583
6458,2629
6458,2677
6458,2724
6458,2769
6458,2811
6458,2855
6458,2898
6458,2941
6458,2983
6458,3027
6458,3070
6458,3134
6458,3199
6458,3270
6458,3335
6458,5488
6458,5531
6458,5580
6458,5631
6458,5674
6458,5717
6458,5766
6458,5817
6458,5860
6458,5903
6458,5952
6458,6003
6458,6046
6458,6089
6458,6138
6458,6189
6459,5581
6459,5632
6459,5767
6459,5818
6459,5953
6459,6004
6459,6139
6459,6190
6460,2584
6460,2630
6460,2678
6460,2725
6460,2770
6460,2812
6460,2856
6460,2899
6460,2942
6460,2984
6460,3028
6460,3071
6460,3135
6460,3200
6460,3271
6460,3336
6460,5489
6460,5532
6460,5582
6460,5633
6460,5675
6460,5718
6460,5768
6460,5819
6460,5861
6460,5904
6460,5954
6460,6005
6460,6047
6460,6090
6460,6140
6460,6191
6461,5583
6461,5634
6461,5769
6461,5820
6461,5955
6461,6006
6461,6141
6461,6192
6462,2585
6462,2631
6462,2679
6462,2726
6462,2771
6462,2813
6462,2857
6462,2900
6462,2943
6462,2985
6462,3029
6462,3072
6462,3136
6462,3201
6462,3272
6462,3337
6462,5490
6462,5533
6462,5584
6462,5635
6462,5676
6462,5719
6462,5770
6462,5821
6462,5862
6462,5905
6462,5956
6462,6007
6462,6048
6462,6091
6462,6142
6462,6193
6463,5585
6463,5636
6463,5771
6463,5822
6463,5957
6463,6008
6463,6143
6463,6194
6464,2586
6464,2632
6464,2680
6464,2727
6464,2772
6464,2814
6464,2858
6464,2901
6464,2944
6464,2986
6464,3030
6464,3073
6464,3137
6464,3202
6464,3273
6464,3338
6464,5491
6464,5534
6464,5586
6464,5637
6464,5677
6464,5720
6464,5772
6464,5823
6464,5863
6464,5906
6464,5958
6464,6009
6464,6049
6464,6092
6464,6144
6464,6195
6465,5587
6465,5638
6465,5773
6465,5824
6465,5959
6465,6010
6465,6145
6465,6196
6466,2587
6466,2633
6466,2681
6466,2728
6466,2773
6466,2815
6466,2859
6466,2902
6466,2945
6466,2987
6466,3031
6466,3074
6466,3138
6466,3203
6466,3274
6466,3339
6466,5492
6466,5535
6466,5588
6466,5639
6466,5678
6466,5721
6466,5774
6466,5825
6466,5864
6466,5907
6466,5960
6466,6011
6466,6050
6466,6093
6466,6146
6466,6197
6467,2588
6467,2634
6467,2682
6467,2729
6467,2774
6467,2816
6467,2860
6467,2903
6467,2946
6467,2988
6467,3032
6467,3075
6467,3139
6467,3204
6467,3275
6467,3340
6467,5493
6467,5536
6467,5589
6467,5640
6467,5679
6467,5722
6467,5775
6467,5826
6467,5865
6467,5908
6467,5961
6467,6012
6467,6051
6467,6094
6467,6147
6467,6198
6468,2589
6468,2635
6468,2683
6468,2730
6468,2775
6468,2817
6468,2861
6468,2904
6468,2947
6468,2989
6468,3033
6468,3076
6468,3140
6468,3205
6468,3276
6468,3341
6468,5494
6468,5537
6468,5590
6468,5641
6468,5680
6468,5723
6468,5776
6468,5827
6468,5866
6468,5909
6468,5962
6468,6013
6468,6052
6468,6095
6468,6148
6468,6199
6469,2590
6469,2636
6469,2684
6469,2731
6469,2776
6469,2818
6469,2862
6469,2905
6469,2948
6469,2990
6469,3034
6469,3077
6469,3141
6469,3206
6469,3277
6469,3342
6469,5495
6469,5538
6469,5591
6469,5642
6469,5681
6469,5724
6469,5777
6469,5828
6469,5867
6469,5910
6469,5963
6469,6014
6469,6053
6469,6096
6469,6149
6469,6200
6470,2591
6470,2637
6470,2685
6470,2732
6470,2777
6470,2819
6470,2863
6470,2906
6470,2949
6470,2991
6470,3035
6470,3078
6470,3142
6470,3207
6470,3278
6470,3343
6470,5496
6470,5539
6470,5592
6470,5643
6470,5682
6470,5725
6470,5778
6470,5829
6470,5868
6470,5911
6470,5964
6470,6015
6470,6054
6470,6097
6470,6150
6470,6201
6471,2592
6471,2638
6471,2686
6471,2733
6471,2778
6471,2820
6471,2864
6471,2907
6471,2950
6471,2992
6471,3036
6471,3079
6471,3143
6471,3208
6471,3279
6471,3344
6471,5497
6471,5540
6471,5593
6471,5644
6471,5683
6471,5726
6471,5779
6471,5830
6471,5869
6471,5912
6471,5965
6471,6016
6471,6055
6471,6098
6471,6151
6471,6202
6472,2593
6472,2639
6472,2687
6472,2734
6472,2779
6472,2821
6472,2865
6472,2908
6472,2951
6472,2993
6472,3037
6472,3080
6472,3144
6472,3209
6472,3280
6472,3345
6472,5498
6472,5541
6472,5594
6472,5645
6472,5684
6472,5727
6472,5780
6472,5831
6472,5870
6472,5913
6472,5966
6472,6017
6472,6056
6472,6099
6472,6152
6472,6203
6473,2594
6473,2640
6473,2688
6473,2735
6473,2780
6473,2822
6473,2866
6473,2909
6473,2952
6473,2994
6473,3038
6473,3081
6473,3145
6473,3210
6473,3281
6473,3346
6473,5499
6473,5542
6473,5595
6473,5646
6473,5685
6473,5728
6473,5781
6473,5832
6473,5871
6473,5914
6473,5967
6473,6018
6473,6057
6473,6100
6473,6153
6473,6204
6474,2595
6474,2641
6474,2689
6474,2736
6474,2781
6474,2823
6474,2867
6474,2910
6474,2953
6474,2995
6474,3039
6474,3082
6474,3146
6474,3211
6474,3282
6474,3347
6474,5500
6474,5543
6474,5596
6474,5647
6474,5686
6474,5729
6474,5782
6474,5833
6474,5872
6474,5915
6474,5968
6474,6019
6474,6058
6474,6101
6474,6154
6474,6205
6475,2596
6475,2642
6475,2690
6475,2737
6475,2782
6475,2824
6475,2868
6475,2911
6475,2954
6475,2996
6475,3040
6475,3083
6475,3147
6475,3212
6475,3283
6475,3348
6475,5501
6475,5544
6475,5597
6475,5648
6475,5687
6475,5730
6475,5783
6475,5834
6475,5873
6475,5916
6475,5969
6475,6020
6475,6059
6475,6102
6475,6155
6475,6206
6476,2597
6476,2643
6476,2691
6476,2738
6476,2783
6476,2825
6476,2869
6476,2912
6476,2955
6476,2997
6476,3041
6476,3084
6476,3148
6476,3213
6476,3284
6476,3349
6476,5502
6476,5545
6476,5598
6476,5649
6476,5688
6476,5731
6476,5784
6476,5835
6476,5874
6476,5917
6476,5970
6476,6021
6476,6060
6476,6103
6476,6156
6476,6207
6477,2598
6477,2644
6477,2692
6477,2739
6477,2784
6477,2826
6477,2870
6477,2913
6477,2956
6477,2998
6477,3042
6477,3085
6477,3149
6477,3214
6477,3285
6477,3350
6477,5503
6477,5546
6477,5599
6477,5650
6477,5689
6477,5732
6477,5785
6477,5836
6477,5875
6477,5918
6477,5971
6477,6022
6477,6061
6477,6104
6477,6157
6477,6208
6478,2599
6478,2645
6478,2693
6478,2740
6478,2785
6478,2827
6478,2871
6478,2914
6478,2957
6478,2999
6478,3043
6478,3086
6478,3150
6478,3215
6478,3286
6478,3351
6478,5504
6478,5547
6478,5600
6478,5651
6478,5690
6478,5733
6478,5786
6478,5837
6478,5876
6478,5919
6478,5972
6478,6023
6478,6062
6478,6105
6478,6158
6478,6209
6479,2600
6479,2646
6479,2694
6479,2741
6479,2786
6479,2828
6479,2872
6479,2915
6479,2958
6479,3000
6479,3044
6479,3087
6479,3151
6479,3216
6479,3287
6479,3352
6479,5505
6479,5548
6479,5601
6479,5652
6479,5691
6479,5734
6479,5787
6479,5838
6479,5877
6479,5920
6479,5973
6479,6024
6479,6063
6479,6106
6479,6159
6479,6210
6480,2601
6480,2647
6480,2695
6480,2742
6480,2787
6480,2829
6480,2873
6480,2916
6480,2959
6480,3001
6480,3045
6480,3088
6480,3152
6480,3217
6480,3288
6480,3353
6480,5506
6480,5549
6480,5602
6480,5653
6480,5692
6480,5735
6480,5788
6480,5839
6480,5878
6480,5921
6480,5974
6480,6025
6480,6064
6480,6107
6480,6160
6480,6211
6481,2602
6481,2648
6481,2696
6481,2743
6481,2788
6481,2830
6481,2874
6481,2917
6481,2960
6481,3002
6481,3046
6481,3089
6481,3153
6481,3218
6481,3289
6481,3354
6481,5507
6481,5550
6481,5603
6481,5654
6481,5693
6481,5736
6481,5789
6481,5840
6481,5879
6481,5922
6481,5975
6481,6026
6481,6065
6481,6108
6481,6161
6481,6212
6482,2603
6482,2649
6482,2697
6482,2744
6482,2789
6482,2831
6482,2875
6482,2918
6482,2961
6482,3003
6482,3047
6482,3090
6482,3154
6482,3219
6482,3290
6482,3355
6482,5508
6482,5551
6482,5604
6482,5655
6482,5694
6482,5737
6482,5790
6482,5841
6482,5880
6482,5923
6482,5976
6482,6027
6482,6066
6482,6109
6482,6162
6482,6213
6483,5605
6483,5656
6483,5791
6483,5842
6483,5977
6483,6028
6483,6163
6483,6214
6484,2607
6484,2653
6484,2701
6484,2748
6484,2793
6484,2835
6484,2879
6484,2922
6484,2965
6484,3007
6484,3051
6484,3094
6484,3158
6484,3223
6484,3294
6484,3359
6484,5512
6484,5555
6484,5606
6484,5657
6484,5698
6484,5741
6484,5792
6484,5843
6484,5884
6484,5927
6484,5978
6484,6029
6484,6070
6484,6113
6484,6164
6484,6215
6485,2608
6485,2654
6485,2702
6485,2749
6485,2794
6485,2836
6485,2880
6485,2923
6485,2966
6485,3008
6485,3052
6485,3095
6485,3159
6485,3224
6485,3295
6485,3360
6485,5513
6485,5556
6485,5607
6485,5658
6485,5699
6485,5742
6485,5793
6485,5844
6485,5885
6485,5928
6485,5979
6485,6030
6485,6071
6485,6114
6485,6165
6485,6216
6486,2707
6486,5980
6486,6031
6487,5981
6487,6032
6499,2568
6499,2614
6499,2660
6499,2709
6499,2756
6499,2798
6499,2840
6499,2885
6499,2928
6499,2970
6499,3012
6499,3057
6499,3100
6499,3165
6499,3230
6499,3301
6499,5476
6499,5517
6499,5560
6499,5611
6499,5662
6499,5703
6499,5746
6499,5797
6499,5848
6499,5889
6499,5932
6499,5983
6499,6034
6499,6075
6499,6118
6499,6169
6500,2570
6500,2616
6500,2662
6500,2711
6500,3102
6500,3167
6500,3232
6500,3303
6500,5663
6500,5704
6500,5747
6500,5798
6500,5849
6500,5890
6500,5933
6500,5984
6501,2571
6501,2617
6501,2663
6501,2712
6501,3103
6501,3168
6501,3233
6501,3304
6501,5664
6501,5705
6501,5748
6501,5799
6501,5850
6501,5891
6501,5934
6501,5985
6502,2572
6502,2618
6502,2664
6502,2713
6502,3104
6502,3169
6502,3234
6502,3305
6502,5665
6502,5706
6502,5749
6502,5800
6502,5851
6502,5892
6502,5935
6502,5986
6503,2573
6503,2619
6503,2665
6503,2714
6503,3105
6503,3170
6503,3235
6503,3306
6503,5666
6503,5707
6503,5750
6503,5801
6503,5852
6503,5893
6503,5936
6503,5987
6504,2574
6504,2620
6504,2666
6504,2715
6504,3106
6504,3171
6504,3236
6504,3307
6504,5667
6504,5708
6504,5751
6504,5802
6504,5853
6504,5894
6504,5937
6504,5988
6505,5752
6505,5803
6505,5938
6505,5989
6506,5753
6506,5804
6506,5939
6506,5990
6507,5754
6507,5805
6507,5940
6507,5991
6508,5755
6508,5806
6508,5941
6508,5992
6509,5756
6509,5807
6509,5942
6509,5993
6510,2575
6510,2577
6510,2621
6510,2623
6510,2667
6510,2669
6510,2671
6510,2716
6510,2718
6510,3117
6510,3123
6510,3182
6510,3188
6510,3247
6510,3249
6510,3259
6510,3318
6510,3324
6510,5668
6510,5670
6510,5709
6510,5711
6510,5713
6510,5757
6510,5759
6510,5808
6510,5810
6510,5854
6510,5856
6510,5895
6510,5897
6510,5899
6510,5943
6510,5945
6510,5994
6510,5996
6511,2576
6511,2578
6511,2622
6511,2624
6511,2668
6511,2670
6511,2672
6511,2717
6511,2719
6511,3118
6511,3124
6511,3183
6511,3189
6511,3248
6511,3250
6511,3260
6511,3319
6511,3325
6511,5669
6511,5671
6511,5710
6511,5712
6511,5714
6511,5758
6511,5760
6511,5809
6511,5811
6511,5855
6511,5857
6511,5896
6511,5898
6511,5900
6511,5944
6511,5946
6511,5995
6511,5997
6512,2580
6512,2626
6512,2674
6512,2721
6512,3130
6512,3195
6512,3266
6512,3331
6512,5858
6512,5901
6512,5947
6512,5998
6513,2611
6513,2657
6513,2705
6513,2752
6513,3161
6513,3297
6513,5886
6513,5929
6513,5948
6513,5999
6514,2612
6514,2658
6514,2706
6514,2753
6514,3226
6514,3362
6514,5887
6514,5930
6514,5949
6514,6000
6523,2582
6523,2628
6523,2676
6523,2723
6523,2768
6523,2810
6523,2854
6523,2897
6523,2940
6523,2982
6523,3026
6523,3069
6523,3133
6523,3198
6523,3269
6523,3334
6523,5487
6523,5530
6523,5578
6523,5629
6523,5673
6523,5716
6523,5764
6523,5815
6523,5859
6523,5902
6523,5950
6523,6001
6523,6045
6523,6088
6523,6136
6523,6187
6524,5579
6524,5630
6524,5765
6524,5816
6524,5951
6524,6002
6524,6137
6524,6188
6525,2583
6525,2629
6525,2677
6525,2724
6525,2769
6525,2811
6525,2855
6525,2898
6525,2941
6525,2983
6525,3027
6525,3070
6525,3134
6525,3199
6525,3270
6525,3335
6525,5488
6525,5531
6525,5580
6525,5631
6525,5674
6525,5717
6525,5766
6525,5817
6525,5860
6525,5903
6525,5952
6525,6003
6525,6046
6525,6089
6525,6138
6525,6189
6526,5581
6526,5632
6526,5767
6526,5818
6526,5953
6526,6004
6526,6139
6526,6190
6527,2584
6527,2630
6527,2678
6527,2725
6527,2770
6527,2812
6527,2856
6527,2899
6527,2942
6527,2984
6527,3028
6527,3071
6527,3135
6527,3200
6527,3271
6527,3336
6527,5489
6527,5532
6527,5582
6527,5633
6527,5675
6527,5718
6527,5768
6527,5819
6527,5861
6527,5904
6527,5954
6527,6005
6527,6047
6527,6090
6527,6140
6527,6191
6528,5583
6528,5634
6528,5769
6528,5820
6528,5955
6528,6006
6528,6141
6528,6192
6529,2585
6529,2631
6529,2679
6529,2726
6529,2771
6529,2813
6529,2857
6529,2900
6529,2943
6529,2985
6529,3029
6529,3072
6529,3136
6529,3201
6529,3272
6529,3337
6529,5490
6529,5533
6529,5584
6529,5635
6529,5676
6529,5719
6529,5770
6529,5821
6529,5862
6529,5905
6529,5956
6529,6007
6529,6048
6529,6091
6529,6142
6529,6193
6530,5585
6530,5636
6530,5771
6530,5822
6530,5957
6530,6008
6530,6143
6530,6194
6531,2586
6531,2632
6531,2680
6531,2727
6531,2772
6531,2814
6531,2858
6531,2901
6531,2944
6531,2986
6531,3030
6531,3073
6531,3137
6531,3202
6531,3273
6531,3338
6531,5491
6531,5534
6531,5586
6531,5637
6531,5677
6531,5720
6531,5772
6531,5823
6531,5863
6531,5906
6531,5958
6531,6009
6531,6049
6531,6092
6531,6144
6531,6195
6532,5587
6532,5638
6532,5773
6532,5824
6532,5959
6532,6010
6532,6145
6532,6196
6533,2587
6533,2633
6533,2681
6533,2728
6533,2773
6533,2815
6533,2859
6533,2902
6533,2945
6533,2987
6533,3031
6533,3074
6533,3138
6533,3203
6533,3274
6533,3339
6533,5492
6533,5535
6533,5588
6533,5639
6533,5678
6533,5721
6533,5774
6533,5825
6533,5864
6533,5907
6533,5960
6533,6011
6533,6050
6533,6093
6533,6146
6533,6197
6534,2588
6534,2634
6534,2682
6534,2729
6534,2774
6534,2816
6534,2860
6534,2903
6534,2946
6534,2988
6534,3032
6534,3075
6534,3139
6534,3204
6534,3275
6534,3340
6534,5493
6534,5536
6534,5589
6534,5640
6534,5679
6534,5722
6534,5775
6534,5826
6534,5865
6534,5908
6534,5961
6534,6012
6534,6051
6534,6094
6534,6147
6534,6198
6535,2589
6535,2635
6535,2683
6535,2730
6535,2775
6535,2817
6535,2861
6535,2904
6535,2947
6535,2989
6535,3033
6535,3076
6535,3140
6535,3205
6535,3276
6535,3341
6535,5494
6535,5537
6535,5590
6535,5641
6535,5680
6535,5723
6535,5776
6535,5827
6535,5866
6535,5909
6535,5962
6535,6013
6535,6052
6535,6095
6535,6148
6535,6199
6536,2590
6536,2636
6536,2684
6536,2731
6536,2776
6536,2818
6536,2862
6536,2905
6536,2948
6536,2990
6536,3034
6536,3077
6536,3141
6536,3206
6536,3277
6536,3342
6536,5495
6536,5538
6536,5591
6536,5642
6536,5681
6536,5724
6536,5777
6536,5828
6536,5867
6536,5910
6536,5963
6536,6014
6536,6053
6536,6096
6536,6149
6536,6200
6537,2591
6537,2637
6537,2685
6537,2732
6537,2777
6537,2819
6537,2863
6537,2906
6537,2949
6537,2991
6537,3035
6537,3078
6537,3142
6537,3207
6537,3278
6537,3343
6537,5496
6537,5539
6537,5592
6537,5643
6537,5682
6537,5725
6537,5778
6537,5829
6537,5868
6537,5911
6537,5964
6537,6015
6537,6054
6537,6097
6537,6150
6537,6201
6538,2592
6538,2638
6538,2686
6538,2733
6538,2778
6538,2820
6538,2864
6538,2907
6538,2950
6538,2992
6538,3036
6538,3079
6538,3143
6538,3208
6538,3279
6538,3344
6538,5497
6538,5540
6538,5593
6538,5644
6538,5683
6538,5726
6538,5779
6538,5830
6538,5869
6538,5912
6538,5965
6538,6016
6538,6055
6538,6098
6538,6151
6538,6202
6539,2593
6539,2639
6539,2687
6539,2734
6539,2779
6539,2821
6539,2865
6539,2908
6539,2951
6539,2993
6539,3037
6539,3080
6539,3144
6539,3209
6539,3280
6539,3345
6539,5498
6539,5541
6539,5594
6539,5645
6539,5684
6539,5727
6539,5780
6539,5831
6539,5870
6539,5913
6539,5966
6539,6017
6539,6056
6539,6099
6539,6152
6539,6203
6540,2594
6540,2640
6540,2688
6540,2735
6540,2780
6540,2822
6540,2866
6540,2909
6540,2952
6540,2994
6540,3038
6540,3081
6540,3145
6540,3210
6540,3281
6540,3346
6540,5499
6540,5542
6540,5595
6540,5646
6540,5685
6540,5728
6540,5781
6540,5832
6540,5871
6540,5914
6540,5967
6540,6018
6540,6057
6540,6100
6540,6153
6540,6204
6541,2595
6541,2641
6541,2689
6541,2736
6541,2781
6541,2823
6541,2867
6541,2910
6541,2953
6541,2995
6541,3039
6541,3082
6541,3146
6541,3211
6541,3282
6541,3347
6541,5500
6541,5543
6541,5596
6541,5647
6541,5686
6541,5729
6541,5782
6541,5833
6541,5872
6541,5915
6541,5968
6541,6019
6541,6058
6541,6101
6541,6154
6541,6205
6542,2596
6542,2642
6542,2690
6542,2737
6542,2782
6542,2824
6542,2868
6542,2911
6542,2954
6542,2996
6542,3040
6542,3083
6542,3147
6542,3212
6542,3283
6542,3348
6542,5501
6542,5544
6542,5597
6542,5648
6542,5687
6542,5730
6542,5783
6542,5834
6542,5873
6542,5916
6542,5969
6542,6020
6542,6059
6542,6102
6542,6155
6542,6206
6543,2597
6543,2643
6543,2691
6543,2738
6543,2783
6543,2825
6543,2869
6543,2912
6543,2955
6543,2997
6543,3041
6543,3084
6543,3148
6543,3213
6543,3284
6543,3349
6543,5502
6543,5545
6543,5598
6543,5649
6543,5688
6543,5731
6543,5784
6543,5835
6543,5874
6543,5917
6543,5970
6543,6021
6543,6060
6543,6103
6543,6156
6543,6207
6544,2598
6544,2644
6544,2692
6544,2739
6544,2784
6544,2826
6544,2870
6544,2913
6544,2956
6544,2998
6544,3042
6544,3085
6544,3149
6544,3214
6544,3285
6544,3350
6544,5503
6544,5546
6544,5599
6544,5650
6544,5689
6544,5732
6544,5785
6544,5836
6544,5875
6544,5918
6544,5971
6544,6022
6544,6061
6544,6104
6544,6157
6544,6208
6545,2599
6545,2645
6545,2693
6545,2740
6545,2785
6545,2827
6545,2871
6545,2914
6545,2957
6545,2999
6545,3043
6545,3086
6545,3150
6545,3215
6545,3286
6545,3351
6545,5504
6545,5547
6545,5600
6545,5651
6545,5690
6545,5733
6545,5786
6545,5837
6545,5876
6545,5919
6545,5972
6545,6023
6545,6062
6545,6105
6545,6158
6545,6209
6546,2600
6546,2646
6546,2694
6546,2741
6546,2786
6546,2828
6546,2872
6546,2915
6546,2958
6546,3000
6546,3044
6546,3087
6546,3151
6546,3216
6546,3287
6546,3352
6546,5505
6546,5548
6546,5601
6546,5652
6546,5691
6546,5734
6546,5787
6546,5838
6546,5877
6546,5920
6546,5973
6546,6024
6546,6063
6546,6106
6546,6159
6546,6210
6547,2601
6547,2647
6547,2695
6547,2742
6547,2787
6547,2829
6547,2873
6547,2916
6547,2959
6547,3001
6547,3045
6547,3088
6547,3152
6547,3217
6547,3288
6547,3353
6547,5506
6547,5549
6547,5602
6547,5653
6547,5692
6547,5735
6547,5788
6547,5839
6547,5878
6547,5921
6547,5974
6547,6025
6547,6064
6547,6107
6547,6160
6547,6211
6548,2602
6548,2648
6548,2696
6548,2743
6548,2788
6548,2830
6548,2874
6548,2917
6548,2960
6548,3002
6548,3046
6548,3089
6548,3153
6548,3218
6548,3289
6548,3354
6548,5507
6548,5550
6548,5603
6548,5654
6548,5693
6548,5736
6548,5789
6548,5840
6548,5879
6548,5922
6548,5975
6548,6026
6548,6065
6548,6108
6548,6161
6548,6212
6549,2603
6549,2649
6549,2697
6549,2744
6549,2789
6549,2831
6549,2875
6549,2918
6549,2961
6549,3003
6549,3047
6549,3090
6549,3154
6549,3219
6549,3290
6549,3355
6549,5508
6549,5551
6549,5604
6549,5655
6549,5694
6549,5737
6549,5790
6549,5841
6549,5880
6549,5923
6549,5976
6549,6027
6549,6066
6549,6109
6549,6162
6549,6213
6550,5605
6550,5656
6550,5791
6550,5842
6550,5977
6550,6028
6550,6163
6550,6214
6551,2607
6551,2653
6551,2701
6551,2748
6551,2793
6551,2835
6551,2879
6551,2922
6551,2965
6551,3007
6551,3051
6551,3094
6551,3158
6551,3223
6551,3294
6551,3359
6551,5512
6551,5555
6551,5606
6551,5657
6551,5698
6551,5741
6551,5792
6551,5843
6551,5884
6551,5927
6551,5978
6551,6029
6551,6070
6551,6113
6551,6164
6551,6215
6552,2608
6552,2654
6552,2702
6552,2749
6552,2794
6552,2836
6552,2880
6552,2923
6552,2966
6552,3008
6552,3052
6552,3095
6552,3159
6552,3224
6552,3295
6552,3360
6552,5513
6552,5556
6552,5607
6552,5658
6552,5699
6552,5742
6552,5793
6552,5844
6552,5885
6552,5928
6552,5979
6552,6030
6552,6071
6552,6114
6552,6165
6552,6216
6553,2707
6553,5980
6553,6031
6554,5981
6554,6032
6556,2568
6556,2614
6556,2660
6556,2709
6556,2756
6556,2798
6556,2840
6556,2885
6556,2928
6556,2970
6556,3012
6556,3057
6556,3100
6556,3165
6556,3230
6556,3301
6556,5476
6556,5517
6556,5560
6556,5611
6556,5662
6556,5703
6556,5746
6556,5797
6556,5848
6556,5889
6556,5932
6556,5983
6556,6034
6556,6075
6556,6118
6556,6169
6557,2930
6557,2972
6557,3014
6557,3059
6557,3112
6557,3177
6557,3242
6557,3313
6557,6035
6557,6076
6557,6119
6557,6170
6558,2931
6558,2973
6558,3015
6558,3060
6558,3113
6558,3178
6558,3243
6558,3314
6558,6036
6558,6077
6558,6120
6558,6171
6559,2932
6559,2974
6559,3016
6559,3061
6559,3114
6559,3179
6559,3244
6559,3315
6559,6037
6559,6078
6559,6121
6559,6172
6560,2933
6560,2975
6560,3017
6560,3062
6560,3115
6560,3180
6560,3245
6560,3316
6560,6038
6560,6079
6560,6122
6560,6173
6561,2934
6561,2976
6561,3018
6561,3063
6561,3116
6561,3181
6561,3246
6561,3317
6561,6039
6561,6080
6561,6123
6561,6174
6562,2935
6562,2937
6562,2977
6562,2979
6562,3019
6562,3021
6562,3023
6562,3064
6562,3066
6562,3121
6562,3127
6562,3186
6562,3192
6562,3255
6562,3257
6562,3263
6562,3322
6562,3328
6562,6040
6562,6042
6562,6081
6562,6083
6562,6085
6562,6129
6562,6131
6562,6180
6562,6182
6563,2936
6563,2938
6563,2978
6563,2980
6563,3020
6563,3022
6563,3024
6563,3065
6563,3067
6563,3122
6563,3128
6563,3187
6563,3193
6563,3256
6563,3258
6563,3264
6563,3323
6563,3329
6563,6041
6563,6043
6563,6082
6563,6084
6563,6086
6563,6130
6563,6132
6563,6181
6563,6183
6564,2939
6564,2981
6564,3025
6564,3068
6564,3132
6564,3197
6564,3268
6564,3333
6564,6044
6564,6087
6564,6133
6564,6184
6565,2582
6565,2628
6565,2676
6565,2723
6565,2768
6565,2810
6565,2854
6565,2897
6565,2940
6565,2982
6565,3026
6565,3069
6565,3133
6565,3198
6565,3269
6565,3334
6565,5487
6565,5530
6565,5578
6565,5629
6565,5673
6565,5716
6565,5764
6565,5815
6565,5859
6565,5902
6565,5950
6565,6001
6565,6045
6565,6088
6565,6136
6565,6187
6566,2583
6566,2629
6566,2677
6566,2724
6566,2769
6566,2811
6566,2855
6566,2898
6566,2941
6566,2983
6566,3027
6566,3070
6566,3134
6566,3199
6566,3270
6566,3335
6566,5488
6566,5531
6566,5580
6566,5631
6566,5674
6566,5717
6566,5766
6566,5817
6566,5860
6566,5903
6566,5952
6566,6003
6566,6046
6566,6089
6566,6138
6566,6189
6567,2584
6567,2630
6567,2678
6567,2725
6567,2770
6567,2812
6567,2856
6567,2899
6567,2942
6567,2984
6567,3028
6567,3071
6567,3135
6567,3200
6567,3271
6567,3336
6567,5489
6567,5532
6567,5582
6567,5633
6567,5675
6567,5718
6567,5768
6567,5819
6567,5861
6567,5904
6567,5954
6567,6005
6567,6047
6567,6090
6567,6140
6567,6191
6568,2585
6568,2631
6568,2679
6568,2726
6568,2771
6568,2813
6568,2857
6568,2900
6568,2943
6568,2985
6568,3029
6568,3072
6568,3136
6568,3201
6568,3272
6568,3337
6568,5490
6568,5533
6568,5584
6568,5635
6568,5676
6568,5719
6568,5770
6568,5821
6568,5862
6568,5905
6568,5956
6568,6007
6568,6048
6568,6091
6568,6142
6568,6193
6569,2586
6569,2632
6569,2680
6569,2727
6569,2772
6569,2814
6569,2858
6569,2901
6569,2944
6569,2986
6569,3030
6569,3073
6569,3137
6569,3202
6569,3273
6569,3338
6569,5491
6569,5534
6569,5586
6569,5637
6569,5677
6569,5720
6569,5772
6569,5823
6569,5863
6569,5906
6569,5958
6569,6009
6569,6049
6569,6092
6569,6144
6569,6195
6570,2587
6570,2633
6570,2681
6570,2728
6570,2773
6570,2815
6570,2859
6570,2902
6570,2945
6570,2987
6570,3031
6570,3074
6570,3138
6570,3203
6570,3274
6570,3339
6570,5492
6570,5535
6570,5588
6570,5639
6570,5678
6570,5721
6570,5774
6570,5825
6570,5864
6570,5907
6570,5960
6570,6011
6570,6050
6570,6093
6570,6146
6570,6197
6571,2588
6571,2634
6571,2682
6571,2729
6571,2774
6571,2816
6571,2860
6571,2903
6571,2946
6571,2988
6571,3032
6571,3075
6571,3139
6571,3204
6571,3275
6571,3340
6571,5493
6571,5536
6571,5589
6571,5640
6571,5679
6571,5722
6571,5775
6571,5826
6571,5865
6571,5908
6571,5961
6571,6012
6571,6051
6571,6094
6571,6147
6571,6198
6572,2589
6572,2635
6572,2683
6572,2730
6572,2775
6572,2817
6572,2861
6572,2904
6572,2947
6572,2989
6572,3033
6572,3076
6572,3140
6572,3205
6572,3276
6572,3341
6572,5494
6572,5537
6572,5590
6572,5641
6572,5680
6572,5723
6572,5776
6572,5827
6572,5866
6572,5909
6572,5962
6572,6013
6572,6052
6572,6095
6572,6148
6572,6199
6573,2590
6573,2636
6573,2684
6573,2731
6573,2776
6573,2818
6573,2862
6573,2905
6573,2948
6573,2990
6573,3034
6573,3077
6573,3141
6573,3206
6573,3277
6573,3342
6573,5495
6573,5538
6573,5591
6573,5642
6573,5681
6573,5724
6573,5777
6573,5828
6573,5867
6573,5910
6573,5963
6573,6014
6573,6053
6573,6096
6573,6149
6573,6200
6574,2591
6574,2637
6574,2685
6574,2732
6574,2777
6574,2819
6574,2863
6574,2906
6574,2949
6574,2991
6574,3035
6574,3078
6574,3142
6574,3207
6574,3278
6574,3343
6574,5496
6574,5539
6574,5592
6574,5643
6574,5682
6574,5725
6574,5778
6574,5829
6574,5868
6574,5911
6574,5964
6574,6015
6574,6054
6574,6097
6574,6150
6574,6201
6575,2592
6575,2638
6575,2686
6575,2733
6575,2778
6575,2820
6575,2864
6575,2907
6575,2950
6575,2992
6575,3036
6575,3079
6575,3143
6575,3208
6575,3279
6575,3344
6575,5497
6575,5540
6575,5593
6575,5644
6575,5683
6575,5726
6575,5779
6575,5830
6575,5869
6575,5912
6575,5965
6575,6016
6575,6055
6575,6098
6575,6151
6575,6202
6576,2593
6576,2639
6576,2687
6576,2734
6576,2779
6576,2821
6576,2865
6576,2908
6576,2951
6576,2993
6576,3037
6576,3080
6576,3144
6576,3209
6576,3280
6576,3345
6576,5498
6576,5541
6576,5594
6576,5645
6576,5684
6576,5727
6576,5780
6576,5831
6576,5870
6576,5913
6576,5966
6576,6017
6576,6056
6576,6099
6576,6152
6576,6203
6577,2594
6577,2640
6577,2688
6577,2735
6577,2780
6577,2822
6577,2866
6577,2909
6577,2952
6577,2994
6577,3038
6577,3081
6577,3145
6577,3210
6577,3281
6577,3346
6577,5499
6577,5542
6577,5595
6577,5646
6577,5685
6577,5728
6577,5781
6577,5832
6577,5871
6577,5914
6577,5967
6577,6018
6577,6057
6577,6100
6577,6153
6577,6204
6578,2595
6578,2641
6578,2689
6578,2736
6578,2781
6578,2823
6578,2867
6578,2910
6578,2953
6578,2995
6578,3039
6578,3082
6578,3146
6578,3211
6578,3282
6578,3347
6578,5500
6578,5543
6578,5596
6578,5647
6578,5686
6578,5729
6578,5782
6578,5833
6578,5872
6578,5915
6578,5968
6578,6019
6578,6058
6578,6101
6578,6154
6578,6205
6579,2596
6579,2642
6579,2690
6579,2737
6579,2782
6579,2824
6579,2868
6579,2911
6579,2954
6579,2996
6579,3040
6579,3083
6579,3147
6579,3212
6579,3283
6579,3348
6579,5501
6579,5544
6579,5597
6579,5648
6579,5687
6579,5730
6579,5783
6579,5834
6579,5873
6579,5916
6579,5969
6579,6020
6579,6059
6579,6102
6579,6155
6579,6206
6580,2597
6580,2643
6580,2691
6580,2738
6580,2783
6580,2825
6580,2869
6580,2912
6580,2955
6580,2997
6580,3041
6580,3084
6580,3148
6580,3213
6580,3284
6580,3349
6580,5502
6580,5545
6580,5598
6580,5649
6580,5688
6580,5731
6580,5784
6580,5835
6580,5874
6580,5917
6580,5970
6580,6021
6580,6060
6580,6103
6580,6156
6580,6207
6581,2598
6581,2644
6581,2692
6581,2739
6581,2784
6581,2826
6581,2870
6581,2913
6581,2956
6581,2998
6581,3042
6581,3085
6581,3149
6581,3214
6581,3285
6581,3350
6581,5503
6581,5546
6581,5599
6581,5650
6581,5689
6581,5732
6581,5785
6581,5836
6581,5875
6581,5918
6581,5971
6581,6022
6581,6061
6581,6104
6581,6157
6581,6208
6582,2599
6582,2645
6582,2693
6582,2740
6582,2785
6582,2827
6582,2871
6582,2914
6582,2957
6582,2999
6582,3043
6582,3086
6582,3150
6582,3215
6582,3286
6582,3351
6582,5504
6582,5547
6582,5600
6582,5651
6582,5690
6582,5733
6582,5786
6582,5837
6582,5876
6582,5919
6582,5972
6582,6023
6582,6062
6582,6105
6582,6158
6582,6209
6583,2600
6583,2646
6583,2694
6583,2741
6583,2786
6583,2828
6583,2872
6583,2915
6583,2958
6583,3000
6583,3044
6583,3087
6583,3151
6583,3216
6583,3287
6583,3352
6583,5505
6583,5548
6583,5601
6583,5652
6583,5691
6583,5734
6583,5787
6583,5838
6583,5877
6583,5920
6583,5973
6583,6024
6583,6063
6583,6106
6583,6159
6583,6210
6584,2601
6584,2647
6584,2695
6584,2742
6584,2787
6584,2829
6584,2873
6584,2916
6584,2959
6584,3001
6584,3045
6584,3088
6584,3152
6584,3217
6584,3288
6584,3353
6584,5506
6584,5549
6584,5602
6584,5653
6584,5692
6584,5735
6584,5788
6584,5839
6584,5878
6584,5921
6584,5974
6584,6025
6584,6064
6584,6107
6584,6160
6584,6211
6585,2602
6585,2648
6585,2696
6585,2743
6585,2788
6585,2830
6585,2874
6585,2917
6585,2960
6585,3002
6585,3046
6585,3089
6585,3153
6585,3218
6585,3289
6585,3354
6585,5507
6585,5550
6585,5603
6585,5654
6585,5693
6585,5736
6585,5789
6585,5840
6585,5879
6585,5922
6585,5975
6585,6026
6585,6065
6585,6108
6585,6161
6585,6212
6586,2603
6586,2649
6586,2697
6586,2744
6586,2789
6586,2831
6586,2875
6586,2918
6586,2961
6586,3003
6586,3047
6586,3090
6586,3154
6586,3219
6586,3290
6586,3355
6586,5508
6586,5551
6586,5604
6586,5655
6586,5694
6586,5737
6586,5790
6586,5841
6586,5880
6586,5923
6586,5976
6586,6027
6586,6066
6586,6109
6586,6162
6586,6213
6587,2604
6587,2650
6587,2698
6587,2745
6587,2790
6587,2832
6587,2876
6587,2919
6587,2962
6587,3004
6587,3048
6587,3091
6587,3155
6587,3220
6587,3291
6587,3356
6587,5509
6587,5552
6587,5695
6587,5738
6587,5881
6587,5924
6587,6067
6587,6110
6588,2605
6588,2651
6588,2699
6588,2746
6588,2791
6588,2833
6588,2877
6588,2920
6588,2963
6588,3005
6588,3049
6588,3092
6588,3156
6588,3221
6588,3292
6588,3357
6588,5510
6588,5553
6588,5696
6588,5739
6588,5882
6588,5925
6588,6068
6588,6111
6589,2606
6589,2652
6589,2700
6589,2747
6589,2792
6589,2834
6589,2878
6589,2921
6589,2964
6589,3006
6589,3050
6589,3093
6589,3157
6589,3222
6589,3293
6589,3358
6589,5511
6589,5554
6589,5697
6589,5740
6589,5883
6589,5926
6589,6069
6589,6112
6590,2607
6590,2653
6590,2701
6590,2748
6590,2793
6590,2835
6590,2879
6590,2922
6590,2965
6590,3007
6590,3051
6590,3094
6590,3158
6590,3223
6590,3294
6590,3359
6590,5512
6590,5555
6590,5606
6590,5657
6590,5698
6590,5741
6590,5792
6590,5843
6590,5884
6590,5927
6590,5978
6590,6029
6590,6070
6590,6113
6590,6164
6590,6215
6591,2608
6591,2654
6591,2702
6591,2749
6591,2794
6591,2836
6591,2880
6591,2923
6591,2966
6591,3008
6591,3052
6591,3095
6591,3159
6591,3224
6591,3295
6591,3360
6591,5513
6591,5556
6591,5607
6591,5658
6591,5699
6591,5742
6591,5793
6591,5844
6591,5885
6591,5928
6591,5979
6591,6030
6591,6071
6591,6114
6591,6165
6591,6216
6592,2967
6592,3009
6592,3053
6592,3096
6592,3163
6592,3299
6592,6072
6592,6115
6592,6134
6592,6185
6593,2968
6593,3010
6593,3054
6593,3097
6593,3228
6593,3364
6593,6073
6593,6116
6593,6135
6593,6186
6596,2568
6596,2614
6596,2660
6596,2709
6596,2756
6596,2798
6596,2840
6596,2885
6596,2928
6596,2970
6596,3012
6596,3057
6596,3100
6596,3165
6596,3230
6596,3301
6596,5476
6596,5517
6596,5560
6596,5611
6596,5662
6596,5703
6596,5746
6596,5797
6596,5848
6596,5889
6596,5932
6596,5983
6596,6034
6596,6075
6596,6118
6596,6169
6597,2930
6597,2972
6597,3014
6597,3059
6597,3112
6597,3177
6597,3242
6597,3313
6597,6035
6597,6076
6597,6119
6597,6170
6598,2931
6598,2973
6598,3015
6598,3060
6598,3113
6598,3178
6598,3243
6598,3314
6598,6036
6598,6077
6598,6120
6598,6171
6599,2932
6599,2974
6599,3016
6599,3061
6599,3114
6599,3179
6599,3244
6599,3315
6599,6037
6599,6078
6599,6121
6599,6172
6600,2933
6600,2975
6600,3017
6600,3062
6600,3115
6600,3180
6600,3245
6600,3316
6600,6038
6600,6079
6600,6122
6600,6173
6601,2934
6601,2976
6601,3018
6601,3063
6601,3116
6601,3181
6601,3246
6601,3317
6601,6039
6601,6080
6601,6123
6601,6174
6602,2935
6602,2937
6602,2977
6602,2979
6602,3019
6602,3021
6602,3023
6602,3064
6602,3066
6602,3121
6602,3127
6602,3186
6602,3192
6602,3255
6602,3257
6602,3263
6602,3322
6602,3328
6602,6040
6602,6042
6602,6081
6602,6083
6602,6085
6602,6129
6602,6131
6602,6180
6602,6182
6603,2936
6603,2938
6603,2978
6603,2980
6603,3020
6603,3022
6603,3024
6603,3065
6603,3067
6603,3122
6603,3128
6603,3187
6603,3193
6603,3256
6603,3258
6603,3264
6603,3323
6603,3329
6603,6041
6603,6043
6603,6082
6603,6084
6603,6086
6603,6130
6603,6132
6603,6181
6603,6183
6604,2939
6604,2981
6604,3025
6604,3068
6604,3132
6604,3197
6604,3268
6604,3333
6604,6044
6604,6087
6604,6133
6604,6184
6605,2582
6605,2628
6605,2676
6605,2723
6605,2768
6605,2810
6605,2854
6605,2897
6605,2940
6605,2982
6605,3026
6605,3069
6605,3133
6605,3198
6605,3269
6605,3334
6605,5487
6605,5530
6605,5578
6605,5629
6605,5673
6605,5716
6605,5764
6605,5815
6605,5859
6605,5902
6605,5950
6605,6001
6605,6045
6605,6088
6605,6136
6605,6187
6606,2583
6606,2629
6606,2677
6606,2724
6606,2769
6606,2811
6606,2855
6606,2898
6606,2941
6606,2983
6606,3027
6606,3070
6606,3134
6606,3199
6606,3270
6606,3335
6606,5488
6606,5531
6606,5580
6606,5631
6606,5674
6606,5717
6606,5766
6606,5817
6606,5860
6606,5903
6606,5952
6606,6003
6606,6046
6606,6089
6606,6138
6606,6189
6607,2584
6607,2630
6607,2678
6607,2725
6607,2770
6607,2812
6607,2856
6607,2899
6607,2942
6607,2984
6607,3028
6607,3071
6607,3135
6607,3200
6607,3271
6607,3336
6607,5489
6607,5532
6607,5582
6607,5633
6607,5675
6607,5718
6607,5768
6607,5819
6607,5861
6607,5904
6607,5954
6607,6005
6607,6047
6607,6090
6607,6140
6607,6191
6608,2585
6608,2631
6608,2679
6608,2726
6608,2771
6608,2813
6608,2857
6608,2900
6608,2943
6608,2985
6608,3029
6608,3072
6608,3136
6608,3201
6608,3272
6608,3337
6608,5490
6608,5533
6608,5584
6608,5635
6608,5676
6608,5719
6608,5770
6608,5821
6608,5862
6608,5905
6608,5956
6608,6007
6608,6048
6608,6091
6608,6142
6608,6193
6609,2586
6609,2632
6609,2680
6609,2727
6609,2772
6609,2814
6609,2858
6609,2901
6609,2944
6609,2986
6609,3030
6609,3073
6609,3137
6609,3202
6609,3273
6609,3338
6609,5491
6609,5534
6609,5586
6609,5637
6609,5677
6609,5720
6609,5772
6609,5823
6609,5863
6609,5906
6609,5958
6609,6009
6609,6049
6609,6092
6609,6144
6609,6195
6610,2587
6610,2633
6610,2681
6610,2728
6610,2773
6610,2815
6610,2859
6610,2902
6610,2945
6610,2987
6610,3031
6610,3074
6610,3138
6610,3203
6610,3274
6610,3339
6610,5492
6610,5535
6610,5588
6610,5639
6610,5678
6610,5721
6610,5774
6610,5825
6610,5864
6610,5907
6610,5960
6610,6011
6610,6050
6610,6093
6610,6146
6610,6197
6611,2588
6611,2634
6611,2682
6611,2729
6611,2774
6611,2816
6611,2860
6611,2903
6611,2946
6611,2988
6611,3032
6611,3075
6611,3139
6611,3204
6611,3275
6611,3340
6611,5493
6611,5536
6611,5589
6611,5640
6611,5679
6611,5722
6611,5775
6611,5826
6611,5865
6611,5908
6611,5961
6611,6012
6611,6051
6611,6094
6611,6147
6611,6198
6612,2589
6612,2635
6612,2683
6612,2730
6612,2775
6612,2817
6612,2861
6612,2904
6612,2947
6612,2989
6612,3033
6612,3076
6612,3140
6612,3205
6612,3276
6612,3341
6612,5494
6612,5537
6612,5590
6612,5641
6612,5680
6612,5723
6612,5776
6612,5827
6612,5866
6612,5909
6612,5962
6612,6013
6612,6052
6612,6095
6612,6148
6612,6199
6613,2590
6613,2636
6613,2684
6613,2731
6613,2776
6613,2818
6613,2862
6613,2905
6613,2948
6613,2990
6613,3034
6613,3077
6613,3141
6613,3206
6613,3277
6613,3342
6613,5495
6613,5538
6613,5591
6613,5642
6613,5681
6613,5724
6613,5777
6613,5828
6613,5867
6613,5910
6613,5963
6613,6014
6613,6053
6613,6096
6613,6149
6613,6200
6614,2591
6614,2637
6614,2685
6614,2732
6614,2777
6614,2819
6614,2863
6614,2906
6614,2949
6614,2991
6614,3035
6614,3078
6614,3142
6614,3207
6614,3278
6614,3343
6614,5496
6614,5539
6614,5592
6614,5643
6614,5682
6614,5725
6614,5778
6614,5829
6614,5868
6614,5911
6614,5964
6614,6015
6614,6054
6614,6097
6614,6150
6614,6201
6615,2592
6615,2638
6615,2686
6615,2733
6615,2778
6615,2820
6615,2864
6615,2907
6615,2950
6615,2992
6615,3036
6615,3079
6615,3143
6615,3208
6615,3279
6615,3344
6615,5497
6615,5540
6615,5593
6615,5644
6615,5683
6615,5726
6615,5779
6615,5830
6615,5869
6615,5912
6615,5965
6615,6016
6615,6055
6615,6098
6615,6151
6615,6202
6616,2593
6616,2639
6616,2687
6616,2734
6616,2779
6616,2821
6616,2865
6616,2908
6616,2951
6616,2993
6616,3037
6616,3080
6616,3144
6616,3209
6616,3280
6616,3345
6616,5498
6616,5541
6616,5594
6616,5645
6616,5684
6616,5727
6616,5780
6616,5831
6616,5870
6616,5913
6616,5966
6616,6017
6616,6056
6616,6099
6616,6152
6616,6203
6617,2594
6617,2640
6617,2688
6617,2735
6617,2780
6617,2822
6617,2866
6617,2909
6617,2952
6617,2994
6617,3038
6617,3081
6617,3145
6617,3210
6617,3281
6617,3346
6617,5499
6617,5542
6617,5595
6617,5646
6617,5685
6617,5728
6617,5781
6617,5832
6617,5871
6617,5914
6617,5967
6617,6018
6617,6057
6617,6100
6617,6153
6617,6204
6618,2595
6618,2641
6618,2689
6618,2736
6618,2781
6618,2823
6618,2867
6618,2910
6618,2953
6618,2995
6618,3039
6618,3082
6618,3146
6618,3211
6618,3282
6618,3347
6618,5500
6618,5543
6618,5596
6618,5647
6618,5686
6618,5729
6618,5782
6618,5833
6618,5872
6618,5915
6618,5968
6618,6019
6618,6058
6618,6101
6618,6154
6618,6205
6619,2596
6619,2642
6619,2690
6619,2737
6619,2782
6619,2824
6619,2868
6619,2911
6619,2954
6619,2996
6619,3040
6619,3083
6619,3147
6619,3212
6619,3283
6619,3348
6619,5501
6619,5544
6619,5597
6619,5648
6619,5687
6619,5730
6619,5783
6619,5834
6619,5873
6619,5916
6619,5969
6619,6020
6619,6059
6619,6102
6619,6155
6619,6206
6620,2597
6620,2643
6620,2691
6620,2738
6620,2783
6620,2825
6620,2869
6620,2912
6620,2955
6620,2997
6620,3041
6620,3084
6620,3148
6620,3213
6620,3284
6620,3349
6620,5502
6620,5545
6620,5598
6620,5649
6620,5688
6620,5731
6620,5784
6620,5835
6620,5874
6620,5917
6620,5970
6620,6021
6620,6060
6620,6103
6620,6156
6620,6207
6621,2598
6621,2644
6621,2692
6621,2739
6621,2784
6621,2826
6621,2870
6621,2913
6621,2956
6621,2998
6621,3042
6621,3085
6621,3149
6621,3214
6621,3285
6621,3350
6621,5503
6621,5546
6621,5599
6621,5650
6621,5689
6621,5732
6621,5785
6621,5836
6621,5875
6621,5918
6621,5971
6621,6022
6621,6061
6621,6104
6621,6157
6621,6208
6622,2599
6622,2645
6622,2693
6622,2740
6622,2785
6622,2827
6622,2871
6622,2914
6622,2957
6622,2999
6622,3043
6622,3086
6622,3150
6622,3215
6622,3286
6622,3351
6622,5504
6622,5547
6622,5600
6622,5651
6622,5690
6622,5733
6622,5786
6622,5837
6622,5876
6622,5919
6622,5972
6622,6023
6622,6062
6622,6105
6622,6158
6622,6209
6623,2600
6623,2646
6623,2694
6623,2741
6623,2786
6623,2828
6623,2872
6623,2915
6623,2958
6623,3000
6623,3044
6623,3087
6623,3151
6623,3216
6623,3287
6623,3352
6623,5505
6623,5548
6623,5601
6623,5652
6623,5691
6623,5734
6623,5787
6623,5838
6623,5877
6623,5920
6623,5973
6623,6024
6623,6063
6623,6106
6623,6159
6623,6210
6624,2601
6624,2647
6624,2695
6624,2742
6624,2787
6624,2829
6624,2873
6624,2916
6624,2959
6624,3001
6624,3045
6624,3088
6624,3152
6624,3217
6624,3288
6624,3353
6624,5506
6624,5549
6624,5602
6624,5653
6624,5692
6624,5735
6624,5788
6624,5839
6624,5878
6624,5921
6624,5974
6624,6025
6624,6064
6624,6107
6624,6160
6624,6211
6625,2602
6625,2648
6625,2696
6625,2743
6625,2788
6625,2830
6625,2874
6625,2917
6625,2960
6625,3002
6625,3046
6625,3089
6625,3153
6625,3218
6625,3289
6625,3354
6625,5507
6625,5550
6625,5603
6625,5654
6625,5693
6625,5736
6625,5789
6625,5840
6625,5879
6625,5922
6625,5975
6625,6026
6625,6065
6625,6108
6625,6161
6625,6212
6626,2603
6626,2649
6626,2697
6626,2744
6626,2789
6626,2831
6626,2875
6626,2918
6626,2961
6626,3003
6626,3047
6626,3090
6626,3154
6626,3219
6626,3290
6626,3355
6626,5508
6626,5551
6626,5604
6626,5655
6626,5694
6626,5737
6626,5790
6626,5841
6626,5880
6626,5923
6626,5976
6626,6027
6626,6066
6626,6109
6626,6162
6626,6213
6627,2604
6627,2650
6627,2698
6627,2745
6627,2790
6627,2832
6627,2876
6627,2919
6627,2962
6627,3004
6627,3048
6627,3091
6627,3155
6627,3220
6627,3291
6627,3356
6627,5509
6627,5552
6627,5695
6627,5738
6627,5881
6627,5924
6627,6067
6627,6110
6628,2605
6628,2651
6628,2699
6628,2746
6628,2791
6628,2833
6628,2877
6628,2920
6628,2963
6628,3005
6628,3049
6628,3092
6628,3156
6628,3221
6628,3292
6628,3357
6628,5510
6628,5553
6628,5696
6628,5739
6628,5882
6628,5925
6628,6068
6628,6111
6629,2606
6629,2652
6629,2700
6629,2747
6629,2792
6629,2834
6629,2878
6629,2921
6629,2964
6629,3006
6629,3050
6629,3093
6629,3157
6629,3222
6629,3293
6629,3358
6629,5511
6629,5554
6629,5697
6629,5740
6629,5883
6629,5926
6629,6069
6629,6112
6630,2607
6630,2653
6630,2701
6630,2748
6630,2793
6630,2835
6630,2879
6630,2922
6630,2965
6630,3007
6630,3051
6630,3094
6630,3158
6630,3223
6630,3294
6630,3359
6630,5512
6630,5555
6630,5606
6630,5657
6630,5698
6630,5741
6630,5792
6630,5843
6630,5884
6630,5927
6630,5978
6630,6029
6630,6070
6630,6113
6630,6164
6630,6215
6631,2608
6631,2654
6631,2702
6631,2749
6631,2794
6631,2836
6631,2880
6631,2923
6631,2966
6631,3008
6631,3052
6631,3095
6631,3159
6631,3224
6631,3295
6631,3360
6631,5513
6631,5556
6631,5607
6631,5658
6631,5699
6631,5742
6631,5793
6631,5844
6631,5885
6631,5928
6631,5979
6631,6030
6631,6071
6631,6114
6631,6165
6631,6216
6632,2967
6632,3009
6632,3053
6632,3096
6632,3163
6632,3299
6632,6072
6632,6115
6632,6134
6632,6185
6633,2968
6633,3010
6633,3054
6633,3097
6633,3228
6633,3364
6633,6073
6633,6116
6633,6135
6633,6186
6636,2568
6636,2614
6636,2660
6636,2709
6636,2756
6636,2798
6636,2840
6636,2885
6636,2928
6636,2970
6636,3012
6636,3057
6636,3100
6636,3165
6636,3230
6636,3301
6636,5476
6636,5517
6636,5560
6636,5611
6636,5662
6636,5703
6636,5746
6636,5797
6636,5848
6636,5889
6636,5932
6636,5983
6636,6034
6636,6075
6636,6118
6636,6169
6637,2930
6637,2972
6637,3014
6637,3059
6637,3112
6637,3177
6637,3242
6637,3313
6637,6035
6637,6076
6637,6119
6637,6170
6638,2931
6638,2973
6638,3015
6638,3060
6638,3113
6638,3178
6638,3243
6638,3314
6638,6036
6638,6077
6638,6120
6638,6171
6639,2932
6639,2974
6639,3016
6639,3061
6639,3114
6639,3179
6639,3244
6639,3315
6639,6037
6639,6078
6639,6121
6639,6172
6640,2933
6640,2975
6640,3017
6640,3062
6640,3115
6640,3180
6640,3245
6640,3316
6640,6038
6640,6079
6640,6122
6640,6173
6641,2934
6641,2976
6641,3018
6641,3063
6641,3116
6641,3181
6641,3246
6641,3317
6641,6039
6641,6080
6641,6123
6641,6174
6642,6124
6642,6175
6643,6125
6643,6176
6644,6126
6644,6177
6645,6127
6645,6178
6646,6128
6646,6179
6647,2935
6647,2937
6647,2977
6647,2979
6647,3019
6647,3021
6647,3023
6647,3064
6647,3066
6647,3121
6647,3127
6647,3186
6647,3192
6647,3255
6647,3257
6647,3263
6647,3322
6647,3328
6647,6040
6647,6042
6647,6081
6647,6083
6647,6085
6647,6129
6647,6131
6647,6180
6647,6182
6648,2936
6648,2938
6648,2978
6648,2980
6648,3020
6648,3022
6648,3024
6648,3065
6648,3067
6648,3122
6648,3128
6648,3187
6648,3193
6648,3256
6648,3258
6648,3264
6648,3323
6648,3329
6648,6041
6648,6043
6648,6082
6648,6084
6648,6086
6648,6130
6648,6132
6648,6181
6648,6183
6649,2939
6649,2981
6649,3025
6649,3068
6649,3132
6649,3197
6649,3268
6649,3333
6649,6044
6649,6087
6649,6133
6649,6184
6650,2967
6650,3009
6650,3053
6650,3096
6650,3163
6650,3299
6650,6072
6650,6115
6650,6134
6650,6185
6651,2968
6651,3010
6651,3054
6651,3097
6651,3228
6651,3364
6651,6073
6651,6116
6651,6135
6651,6186
6660,2582
6660,2628
6660,2676
6660,2723
6660,2768
6660,2810
6660,2854
6660,2897
6660,2940
6660,2982
6660,3026
6660,3069
6660,3133
6660,3198
6660,3269
6660,3334
6660,5487
6660,5530
6660,5578
6660,5629
6660,5673
6660,5716
6660,5764
6660,5815
6660,5859
6660,5902
6660,5950
6660,6001
6660,6045
6660,6088
6660,6136
6660,6187
6661,5579
6661,5630
6661,5765
6661,5816
6661,5951
6661,6002
6661,6137
6661,6188
6662,2583
6662,2629
6662,2677
6662,2724
6662,2769
6662,2811
6662,2855
6662,2898
6662,2941
6662,2983
6662,3027
6662,3070
6662,3134
6662,3199
6662,3270
6662,3335
6662,5488
6662,5531
6662,5580
6662,5631
6662,5674
6662,5717
6662,5766
6662,5817
6662,5860
6662,5903
6662,5952
6662,6003
6662,6046
6662,6089
6662,6138
6662,6189
6663,5581
6663,5632
6663,5767
6663,5818
6663,5953
6663,6004
6663,6139
6663,6190
6664,2584
6664,2630
6664,2678
6664,2725
6664,2770
6664,2812
6664,2856
6664,2899
6664,2942
6664,2984
6664,3028
6664,3071
6664,3135
6664,3200
6664,3271
6664,3336
6664,5489
6664,5532
6664,5582
6664,5633
6664,5675
6664,5718
6664,5768
6664,5819
6664,5861
6664,5904
6664,5954
6664,6005
6664,6047
6664,6090
6664,6140
6664,6191
6665,5583
6665,5634
6665,5769
6665,5820
6665,5955
6665,6006
6665,6141
6665,6192
6666,2585
6666,2631
6666,2679
6666,2726
6666,2771
6666,2813
6666,2857
6666,2900
6666,2943
6666,2985
6666,3029
6666,3072
6666,3136
6666,3201
6666,3272
6666,3337
6666,5490
6666,5533
6666,5584
6666,5635
6666,5676
6666,5719
6666,5770
6666,5821
6666,5862
6666,5905
6666,5956
6666,6007
6666,6048
6666,6091
6666,6142
6666,6193
6667,5585
6667,5636
6667,5771
6667,5822
6667,5957
6667,6008
6667,6143
6667,6194
6668,2586
6668,2632
6668,2680
6668,2727
6668,2772
6668,2814
6668,2858
6668,2901
6668,2944
6668,2986
6668,3030
6668,3073
6668,3137
6668,3202
6668,3273
6668,3338
6668,5491
6668,5534
6668,5586
6668,5637
6668,5677
6668,5720
6668,5772
6668,5823
6668,5863
6668,5906
6668,5958
6668,6009
6668,6049
6668,6092
6668,6144
6668,6195
6669,5587
6669,5638
6669,5773
6669,5824
6669,5959
6669,6010
6669,6145
6669,6196
6670,2587
6670,2633
6670,2681
6670,2728
6670,2773
6670,2815
6670,2859
6670,2902
6670,2945
6670,2987
6670,3031
6670,3074
6670,3138
6670,3203
6670,3274
6670,3339
6670,5492
6670,5535
6670,5588
6670,5639
6670,5678
6670,5721
6670,5774
6670,5825
6670,5864
6670,5907
6670,5960
6670,6011
6670,6050
6670,6093
6670,6146
6670,6197
6671,2588
6671,2634
6671,2682
6671,2729
6671,2774
6671,2816
6671,2860
6671,2903
6671,2946
6671,2988
6671,3032
6671,3075
6671,3139
6671,3204
6671,3275
6671,3340
6671,5493
6671,5536
6671,5589
6671,5640
6671,5679
6671,5722
6671,5775
6671,5826
6671,5865
6671,5908
6671,5961
6671,6012
6671,6051
6671,6094
6671,6147
6671,6198
6672,2589
6672,2635
6672,2683
6672,2730
6672,2775
6672,2817
6672,2861
6672,2904
6672,2947
6672,2989
6672,3033
6672,3076
6672,3140
6672,3205
6672,3276
6672,3341
6672,5494
6672,5537
6672,5590
6672,5641
6672,5680
6672,5723
6672,5776
6672,5827
6672,5866
6672,5909
6672,5962
6672,6013
6672,6052
6672,6095
6672,6148
6672,6199
6673,2590
6673,2636
6673,2684
6673,2731
6673,2776
6673,2818
6673,2862
6673,2905
6673,2948
6673,2990
6673,3034
6673,3077
6673,3141
6673,3206
6673,3277
6673,3342
6673,5495
6673,5538
6673,5591
6673,5642
6673,5681
6673,5724
6673,5777
6673,5828
6673,5867
6673,5910
6673,5963
6673,6014
6673,6053
6673,6096
6673,6149
6673,6200
6674,2591
6674,2637
6674,2685
6674,2732
6674,2777
6674,2819
6674,2863
6674,2906
6674,2949
6674,2991
6674,3035
6674,3078
6674,3142
6674,3207
6674,3278
6674,3343
6674,5496
6674,5539
6674,5592
6674,5643
6674,5682
6674,5725
6674,5778
6674,5829
6674,5868
6674,5911
6674,5964
6674,6015
6674,6054
6674,6097
6674,6150
6674,6201
6675,2592
6675,2638
6675,2686
6675,2733
6675,2778
6675,2820
6675,2864
6675,2907
6675,2950
6675,2992
6675,3036
6675,3079
6675,3143
6675,3208
6675,3279
6675,3344
6675,5497
6675,5540
6675,5593
6675,5644
6675,5683
6675,5726
6675,5779
6675,5830
6675,5869
6675,5912
6675,5965
6675,6016
6675,6055
6675,6098
6675,6151
6675,6202
6676,2593
6676,2639
6676,2687
6676,2734
6676,2779
6676,2821
6676,2865
6676,2908
6676,2951
6676,2993
6676,3037
6676,3080
6676,3144
6676,3209
6676,3280
6676,3345
6676,5498
6676,5541
6676,5594
6676,5645
6676,5684
6676,5727
6676,5780
6676,5831
6676,5870
6676,5913
6676,5966
6676,6017
6676,6056
6676,6099
6676,6152
6676,6203
6677,2594
6677,2640
6677,2688
6677,2735
6677,2780
6677,2822
6677,2866
6677,2909
6677,2952
6677,2994
6677,3038
6677,3081
6677,3145
6677,3210
6677,3281
6677,3346
6677,5499
6677,5542
6677,5595
6677,5646
6677,5685
6677,5728
6677,5781
6677,5832
6677,5871
6677,5914
6677,5967
6677,6018
6677,6057
6677,6100
6677,6153
6677,6204
6678,2595
6678,2641
6678,2689
6678,2736
6678,2781
6678,2823
6678,2867
6678,2910
6678,2953
6678,2995
6678,3039
6678,3082
6678,3146
6678,3211
6678,3282
6678,3347
6678,5500
6678,5543
6678,5596
6678,5647
6678,5686
6678,5729
6678,5782
6678,5833
6678,5872
6678,5915
6678,5968
6678,6019
6678,6058
6678,6101
6678,6154
6678,6205
6679,2596
6679,2642
6679,2690
6679,2737
6679,2782
6679,2824
6679,2868
6679,2911
6679,2954
6679,2996
6679,3040
6679,3083
6679,3147
6679,3212
6679,3283
6679,3348
6679,5501
6679,5544
6679,5597
6679,5648
6679,5687
6679,5730
6679,5783
6679,5834
6679,5873
6679,5916
6679,5969
6679,6020
6679,6059
6679,6102
6679,6155
6679,6206
6680,2597
6680,2643
6680,2691
6680,2738
6680,2783
6680,2825
6680,2869
6680,2912
6680,2955
6680,2997
6680,3041
6680,3084
6680,3148
6680,3213
6680,3284
6680,3349
6680,5502
6680,5545
6680,5598
6680,5649
6680,5688
6680,5731
6680,5784
6680,5835
6680,5874
6680,5917
6680,5970
6680,6021
6680,6060
6680,6103
6680,6156
6680,6207
6681,2598
6681,2644
6681,2692
6681,2739
6681,2784
6681,2826
6681,2870
6681,2913
6681,2956
6681,2998
6681,3042
6681,3085
6681,3149
6681,3214
6681,3285
6681,3350
6681,5503
6681,5546
6681,5599
6681,5650
6681,5689
6681,5732
6681,5785
6681,5836
6681,5875
6681,5918
6681,5971
6681,6022
6681,6061
6681,6104
6681,6157
6681,6208
6682,2599
6682,2645
6682,2693
6682,2740
6682,2785
6682,2827
6682,2871
6682,2914
6682,2957
6682,2999
6682,3043
6682,3086
6682,3150
6682,3215
6682,3286
6682,3351
6682,5504
6682,5547
6682,5600
6682,5651
6682,5690
6682,5733
6682,5786
6682,5837
6682,5876
6682,5919
6682,5972
6682,6023
6682,6062
6682,6105
6682,6158
6682,6209
6683,2600
6683,2646
6683,2694
6683,2741
6683,2786
6683,2828
6683,2872
6683,2915
6683,2958
6683,3000
6683,3044
6683,3087
6683,3151
6683,3216
6683,3287
6683,3352
6683,5505
6683,5548
6683,5601
6683,5652
6683,5691
6683,5734
6683,5787
6683,5838
6683,5877
6683,5920
6683,5973
6683,6024
6683,6063
6683,6106
6683,6159
6683,6210
6684,2601
6684,2647
6684,2695
6684,2742
6684,2787
6684,2829
6684,2873
6684,2916
6684,2959
6684,3001
6684,3045
6684,3088
6684,3152
6684,3217
6684,3288
6684,3353
6684,5506
6684,5549
6684,5602
6684,5653
6684,5692
6684,5735
6684,5788
6684,5839
6684,5878
6684,5921
6684,5974
6684,6025
6684,6064
6684,6107
6684,6160
6684,6211
6685,2602
6685,2648
6685,2696
6685,2743
6685,2788
6685,2830
6685,2874
6685,2917
6685,2960
6685,3002
6685,3046
6685,3089
6685,3153
6685,3218
6685,3289
6685,3354
6685,5507
6685,5550
6685,5603
6685,5654
6685,5693
6685,5736
6685,5789
6685,5840
6685,5879
6685,5922
6685,5975
6685,6026
6685,6065
6685,6108
6685,6161
6685,6212
6686,2603
6686,2649
6686,2697
6686,2744
6686,2789
6686,2831
6686,2875
6686,2918
6686,2961
6686,3003
6686,3047
6686,3090
6686,3154
6686,3219
6686,3290
6686,3355
6686,5508
6686,5551
6686,5604
6686,5655
6686,5694
6686,5737
6686,5790
6686,5841
6686,5880
6686,5923
6686,5976
6686,6027
6686,6066
6686,6109
6686,6162
6686,6213
6687,5605
6687,5656
6687,5791
6687,5842
6687,5977
6687,6028
6687,6163
6687,6214
6688,2607
6688,2653
6688,2701
6688,2748
6688,2793
6688,2835
6688,2879
6688,2922
6688,2965
6688,3007
6688,3051
6688,3094
6688,3158
6688,3223
6688,3294
6688,3359
6688,5512
6688,5555
6688,5606
6688,5657
6688,5698
6688,5741
6688,5792
6688,5843
6688,5884
6688,5927
6688,5978
6688,6029
6688,6070
6688,6113
6688,6164
6688,6215
6689,2608
6689,2654
6689,2702
6689,2749
6689,2794
6689,2836
6689,2880
6689,2923
6689,2966
6689,3008
6689,3052
6689,3095
6689,3159
6689,3224
6689,3295
6689,3360
6689,5513
6689,5556
6689,5607
6689,5658
6689,5699
6689,5742
6689,5793
6689,5844
6689,5885
6689,5928
6689,5979
6689,6030
6689,6071
6689,6114
6689,6165
6689,6216
6690,3055
6690,3098
6690,6166
6690,6217
6691,6167
6691,6218
6702,2568
6702,2614
6702,2660
6702,2709
6702,2756
6702,2798
6702,2840
6702,2885
6702,2928
6702,2970
6702,3012
6702,3057
6702,3100
6702,3165
6702,3230
6702,3301
6702,5476
6702,5517
6702,5560
6702,5611
6702,5662
6702,5703
6702,5746
6702,5797
6702,5848
6702,5889
6702,5932
6702,5983
6702,6034
6702,6075
6702,6118
6702,6169
6703,2930
6703,2972
6703,3014
6703,3059
6703,3112
6703,3177
6703,3242
6703,3313
6703,6035
6703,6076
6703,6119
6703,6170
6704,2931
6704,2973
6704,3015
6704,3060
6704,3113
6704,3178
6704,3243
6704,3314
6704,6036
6704,6077
6704,6120
6704,6171
6705,2932
6705,2974
6705,3016
6705,3061
6705,3114
6705,3179
6705,3244
6705,3315
6705,6037
6705,6078
6705,6121
6705,6172
6706,2933
6706,2975
6706,3017
6706,3062
6706,3115
6706,3180
6706,3245
6706,3316
6706,6038
6706,6079
6706,6122
6706,6173
6707,2934
6707,2976
6707,3018
6707,3063
6707,3116
6707,3181
6707,3246
6707,3317
6707,6039
6707,6080
6707,6123
6707,6174
6708,6124
6708,6175
6709,6125
6709,6176
6710,6126
6710,6177
6711,6127
6711,6178
6712,6128
6712,6179
6713,2935
6713,2937
6713,2977
6713,2979
6713,3019
6713,3021
6713,3023
6713,3064
6713,3066
6713,3121
6713,3127
6713,3186
6713,3192
6713,3255
6713,3257
6713,3263
6713,3322
6713,3328
6713,6040
6713,6042
6713,6081
6713,6083
6713,6085
6713,6129
6713,6131
6713,6180
6713,6182
6714,2936
6714,2938
6714,2978
6714,2980
6714,3020
6714,3022
6714,3024
6714,3065
6714,3067
6714,3122
6714,3128
6714,3187
6714,3193
6714,3256
6714,3258
6714,3264
6714,3323
6714,3329
6714,6041
6714,6043
6714,6082
6714,6084
6714,6086
6714,6130
6714,6132
6714,6181
6714,6183
6715,2939
6715,2981
6715,3025
6715,3068
6715,3132
6715,3197
6715,3268
6715,3333
6715,6044
6715,6087
6715,6133
6715,6184
6716,2967
6716,3009
6716,3053
6716,3096
6716,3163
6716,3299
6716,6072
6716,6115
6716,6134
6716,6185
6717,2968
6717,3010
6717,3054
6717,3097
6717,3228
6717,3364
6717,6073
6717,6116
6717,6135
6717,6186
6718,2582
6718,2628
6718,2676
6718,2723
6718,2768
6718,2810
6718,2854
6718,2897
6718,2940
6718,2982
6718,3026
6718,3069
6718,3133
6718,3198
6718,3269
6718,3334
6718,5487
6718,5530
6718,5578
6718,5629
6718,5673
6718,5716
6718,5764
6718,5815
6718,5859
6718,5902
6718,5950
6718,6001
6718,6045
6718,6088
6718,6136
6718,6187
6719,5579
6719,5630
6719,5765
6719,5816
6719,5951
6719,6002
6719,6137
6719,6188
6720,2583
6720,2629
6720,2677
6720,2724
6720,2769
6720,2811
6720,2855
6720,2898
6720,2941
6720,2983
6720,3027
6720,3070
6720,3134
6720,3199
6720,3270
6720,3335
6720,5488
6720,5531
6720,5580
6720,5631
6720,5674
6720,5717
6720,5766
6720,5817
6720,5860
6720,5903
6720,5952
6720,6003
6720,6046
6720,6089
6720,6138
6720,6189
6721,5581
6721,5632
6721,5767
6721,5818
6721,5953
6721,6004
6721,6139
6721,6190
6722,2584
6722,2630
6722,2678
6722,2725
6722,2770
6722,2812
6722,2856
6722,2899
6722,2942
6722,2984
6722,3028
6722,3071
6722,3135
6722,3200
6722,3271
6722,3336
6722,5489
6722,5532
6722,5582
6722,5633
6722,5675
6722,5718
6722,5768
6722,5819
6722,5861
6722,5904
6722,5954
6722,6005
6722,6047
6722,6090
6722,6140
6722,6191
6723,5583
6723,5634
6723,5769
6723,5820
6723,5955
6723,6006
6723,6141
6723,6192
6724,2585
6724,2631
6724,2679
6724,2726
6724,2771
6724,2813
6724,2857
6724,2900
6724,2943
6724,2985
6724,3029
6724,3072
6724,3136
6724,3201
6724,3272
6724,3337
6724,5490
6724,5533
6724,5584
6724,5635
6724,5676
6724,5719
6724,5770
6724,5821
6724,5862
6724,5905
6724,5956
6724,6007
6724,6048
6724,6091
6724,6142
6724,6193
6725,5585
6725,5636
6725,5771
6725,5822
6725,5957
6725,6008
6725,6143
6725,6194
6726,2586
6726,2632
6726,2680
6726,2727
6726,2772
6726,2814
6726,2858
6726,2901
6726,2944
6726,2986
6726,3030
6726,3073
6726,3137
6726,3202
6726,3273
6726,3338
6726,5491
6726,5534
6726,5586
6726,5637
6726,5677
6726,5720
6726,5772
6726,5823
6726,5863
6726,5906
6726,5958
6726,6009
6726,6049
6726,6092
6726,6144
6726,6195
6727,5587
6727,5638
6727,5773
6727,5824
6727,5959
6727,6010
6727,6145
6727,6196
6728,2587
6728,2633
6728,2681
6728,2728
6728,2773
6728,2815
6728,2859
6728,2902
6728,2945
6728,2987
6728,3031
6728,3074
6728,3138
6728,3203
6728,3274
6728,3339
6728,5492
6728,5535
6728,5588
6728,5639
6728,5678
6728,5721
6728,5774
6728,5825
6728,5864
6728,5907
6728,5960
6728,6011
6728,6050
6728,6093
6728,6146
6728,6197
6729,2588
6729,2634
6729,2682
6729,2729
6729,2774
6729,2816
6729,2860
6729,2903
6729,2946
6729,2988
6729,3032
6729,3075
6729,3139
6729,3204
6729,3275
6729,3340
6729,5493
6729,5536
6729,5589
6729,5640
6729,5679
6729,5722
6729,5775
6729,5826
6729,5865
6729,5908
6729,5961
6729,6012
6729,6051
6729,6094
6729,6147
6729,6198
6730,2589
6730,2635
6730,2683
6730,2730
6730,2775
6730,2817
6730,2861
6730,2904
6730,2947
6730,2989
6730,3033
6730,3076
6730,3140
6730,3205
6730,3276
6730,3341
6730,5494
6730,5537
6730,5590
6730,5641
6730,5680
6730,5723
6730,5776
6730,5827
6730,5866
6730,5909
6730,5962
6730,6013
6730,6052
6730,6095
6730,6148
6730,6199
6731,2590
6731,2636
6731,2684
6731,2731
6731,2776
6731,2818
6731,2862
6731,2905
6731,2948
6731,2990
6731,3034
6731,3077
6731,3141
6731,3206
6731,3277
6731,3342
6731,5495
6731,5538
6731,5591
6731,5642
6731,5681
6731,5724
6731,5777
6731,5828
6731,5867
6731,5910
6731,5963
6731,6014
6731,6053
6731,6096
6731,6149
6731,6200
6732,2591
6732,2637
6732,2685
6732,2732
6732,2777
6732,2819
6732,2863
6732,2906
6732,2949
6732,2991
6732,3035
6732,3078
6732,3142
6732,3207
6732,3278
6732,3343
6732,5496
6732,5539
6732,5592
6732,5643
6732,5682
6732,5725
6732,5778
6732,5829
6732,5868
6732,5911
6732,5964
6732,6015
6732,6054
6732,6097
6732,6150
6732,6201
6733,2592
6733,2638
6733,2686
6733,2733
6733,2778
6733,2820
6733,2864
6733,2907
6733,2950
6733,2992
6733,3036
6733,3079
6733,3143
6733,3208
6733,3279
6733,3344
6733,5497
6733,5540
6733,5593
6733,5644
6733,5683
6733,5726
6733,5779
6733,5830
6733,5869
6733,5912
6733,5965
6733,6016
6733,6055
6733,6098
6733,6151
6733,6202
6734,2593
6734,2639
6734,2687
6734,2734
6734,2779
6734,2821
6734,2865
6734,2908
6734,2951
6734,2993
6734,3037
6734,3080
6734,3144
6734,3209
6734,3280
6734,3345
6734,5498
6734,5541
6734,5594
6734,5645
6734,5684
6734,5727
6734,5780
6734,5831
6734,5870
6734,5913
6734,5966
6734,6017
6734,6056
6734,6099
6734,6152
6734,6203
6735,2594
6735,2640
6735,2688
6735,2735
6735,2780
6735,2822
6735,2866
6735,2909
6735,2952
6735,2994
6735,3038
6735,3081
6735,3145
6735,3210
6735,3281
6735,3346
6735,5499
6735,5542
6735,5595
6735,5646
6735,5685
6735,5728
6735,5781
6735,5832
6735,5871
6735,5914
6735,5967
6735,6018
6735,6057
6735,6100
6735,6153
6735,6204
6736,2595
6736,2641
6736,2689
6736,2736
6736,2781
6736,2823
6736,2867
6736,2910
6736,2953
6736,2995
6736,3039
6736,3082
6736,3146
6736,3211
6736,3282
6736,3347
6736,5500
6736,5543
6736,5596
6736,5647
6736,5686
6736,5729
6736,5782
6736,5833
6736,5872
6736,5915
6736,5968
6736,6019
6736,6058
6736,6101
6736,6154
6736,6205
6737,2596
6737,2642
6737,2690
6737,2737
6737,2782
6737,2824
6737,2868
6737,2911
6737,2954
6737,2996
6737,3040
6737,3083
6737,3147
6737,3212
6737,3283
6737,3348
6737,5501
6737,5544
6737,5597
6737,5648
6737,5687
6737,5730
6737,5783
6737,5834
6737,5873
6737,5916
6737,5969
6737,6020
6737,6059
6737,6102
6737,6155
6737,6206
6738,2597
6738,2643
6738,2691
6738,2738
6738,2783
6738,2825
6738,2869
6738,2912
6738,2955
6738,2997
6738,3041
6738,3084
6738,3148
6738,3213
6738,3284
6738,3349
6738,5502
6738,5545
6738,5598
6738,5649
6738,5688
6738,5731
6738,5784
6738,5835
6738,5874
6738,5917
6738,5970
6738,6021
6738,6060
6738,6103
6738,6156
6738,6207
6739,2598
6739,2644
6739,2692
6739,2739
6739,2784
6739,2826
6739,2870
6739,2913
6739,2956
6739,2998
6739,3042
6739,3085
6739,3149
6739,3214
6739,3285
6739,3350
6739,5503
6739,5546
6739,5599
6739,5650
6739,5689
6739,5732
6739,5785
6739,5836
6739,5875
6739,5918
6739,5971
6739,6022
6739,6061
6739,6104
6739,6157
6739,6208
6740,2599
6740,2645
6740,2693
6740,2740
6740,2785
6740,2827
6740,2871
6740,2914
6740,2957
6740,2999
6740,3043
6740,3086
6740,3150
6740,3215
6740,3286
6740,3351
6740,5504
6740,5547
6740,5600
6740,5651
6740,5690
6740,5733
6740,5786
6740,5837
6740,5876
6740,5919
6740,5972
6740,6023
6740,6062
6740,6105
6740,6158
6740,6209
6741,2600
6741,2646
6741,2694
6741,2741
6741,2786
6741,2828
6741,2872
6741,2915
6741,2958
6741,3000
6741,3044
6741,3087
6741,3151
6741,3216
6741,3287
6741,3352
6741,5505
6741,5548
6741,5601
6741,5652
6741,5691
6741,5734
6741,5787
6741,5838
6741,5877
6741,5920
6741,5973
6741,6024
6741,6063
6741,6106
6741,6159
6741,6210
6742,2601
6742,2647
6742,2695
6742,2742
6742,2787
6742,2829
6742,2873
6742,2916
6742,2959
6742,3001
6742,3045
6742,3088
6742,3152
6742,3217
6742,3288
6742,3353
6742,5506
6742,5549
6742,5602
6742,5653
6742,5692
6742,5735
6742,5788
6742,5839
6742,5878
6742,5921
6742,5974
6742,6025
6742,6064
6742,6107
6742,6160
6742,6211
6743,2602
6743,2648
6743,2696
6743,2743
6743,2788
6743,2830
6743,2874
6743,2917
6743,2960
6743,3002
6743,3046
6743,3089
6743,3153
6743,3218
6743,3289
6743,3354
6743,5507
6743,5550
6743,5603
6743,5654
6743,5693
6743,5736
6743,5789
6743,5840
6743,5879
6743,5922
6743,5975
6743,6026
6743,6065
6743,6108
6743,6161
6743,6212
6744,2603
6744,2649
6744,2697
6744,2744
6744,2789
6744,2831
6744,2875
6744,2918
6744,2961
6744,3003
6744,3047
6744,3090
6744,3154
6744,3219
6744,3290
6744,3355
6744,5508
6744,5551
6744,5604
6744,5655
6744,5694
6744,5737
6744,5790
6744,5841
6744,5880
6744,5923
6744,5976
6744,6027
6744,6066
6744,6109
6744,6162
6744,6213
6745,5605
6745,5656
6745,5791
6745,5842
6745,5977
6745,6028
6745,6163
6745,6214
6746,2607
6746,2653
6746,2701
6746,2748
6746,2793
6746,2835
6746,2879
6746,2922
6746,2965
6746,3007
6746,3051
6746,3094
6746,3158
6746,3223
6746,3294
6746,3359
6746,5512
6746,5555
6746,5606
6746,5657
6746,5698
6746,5741
6746,5792
6746,5843
6746,5884
6746,5927
6746,5978
6746,6029
6746,6070
6746,6113
6746,6164
6746,6215
6747,2608
6747,2654
6747,2702
6747,2749
6747,2794
6747,2836
6747,2880
6747,2923
6747,2966
6747,3008
6747,3052
6747,3095
6747,3159
6747,3224
6747,3295
6747,3360
6747,5513
6747,5556
6747,5607
6747,5658
6747,5699
6747,5742
6747,5793
6747,5844
6747,5885
6747,5928
6747,5979
6747,6030
6747,6071
6747,6114
6747,6165
6747,6216
6748,3055
6748,3098
6748,6166
6748,6217
6749,6167
6749,6218
6752,6220
6752,6271
6752,6322
6752,6373
6753,6221
6754,6222
6755,6223
6756,6224
6757,6225
6758,6226
6759,6227
6760,6228
6761,6229
6762,6230
6763,6231
6763,6233
6764,6232
6764,6234
6765,6235
6766,6236
6767,6237
6776,6238
6776,6289
6776,6340
6776,6391
6777,6239
6777,6290
6777,6341
6777,6392
6778,6240
6778,6291
6778,6342
6778,6393
6779,6241
6779,6292
6779,6343
6779,6394
6780,6242
6780,6293
6780,6344
6780,6395
6781,6243
6781,6294
6781,6345
6781,6396
6782,6244
6782,6295
6782,6346
6782,6397
6783,6245
6783,6296
6783,6347
6783,6398
6784,6246
6784,6297
6784,6348
6784,6399
6785,6247
6785,6298
6785,6349
6785,6400
6786,6248
6786,6299
6786,6350
6786,6401
6787,6249
6787,6300
6787,6351
6787,6402
6788,6250
6788,6301
6788,6352
6788,6403
6789,6251
6789,6302
6789,6353
6789,6404
6790,6252
6790,6303
6790,6354
6790,6405
6791,6253
6791,6304
6791,6355
6791,6406
6792,6254
6792,6305
6792,6356
6792,6407
6793,6255
6793,6306
6793,6357
6793,6408
6794,6256
6794,6307
6794,6358
6794,6409
6795,6257
6795,6308
6795,6359
6795,6410
6796,6258
6796,6309
6796,6360
6796,6411
6797,6259
6797,6310
6797,6361
6797,6412
6798,6260
6798,6311
6798,6362
6798,6413
6799,6261
6799,6312
6799,6363
6799,6414
6800,6262
6800,6313
6800,6364
6800,6415
6801,6263
6801,6314
6801,6365
6801,6416
6802,6264
6802,6315
6802,6366
6802,6417
6803,6265
6803,6316
6803,6367
6803,6418
6804,6266
6804,6317
6804,6368
6804,6419
6805,6267
6805,6318
6805,6369
6805,6420
6806,6268
6807,6269
6809,6220
6809,6271
6809,6322
6809,6373
6810,6272
6811,6273
6812,6274
6813,6275
6814,6276
6815,6277
6816,6278
6817,6279
6818,6280
6819,6281
6820,6282
6820,6284
6821,6283
6821,6285
6822,6286
6823,6287
6824,6288
6825,6238
6825,6289
6825,6340
6825,6391
6826,6239
6826,6290
6826,6341
6826,6392
6827,6240
6827,6291
6827,6342
6827,6393
6828,6241
6828,6292
6828,6343
6828,6394
6829,6242
6829,6293
6829,6344
6829,6395
6830,6243
6830,6294
6830,6345
6830,6396
6831,6244
6831,6295
6831,6346
6831,6397
6832,6245
6832,6296
6832,6347
6832,6398
6833,6246
6833,6297
6833,6348
6833,6399
6834,6247
6834,6298
6834,6349
6834,6400
6835,6248
6835,6299
6835,6350
6835,6401
6836,6249
6836,6300
6836,6351
6836,6402
6837,6250
6837,6301
6837,6352
6837,6403
6838,6251
6838,6302
6838,6353
6838,6404
6839,6252
6839,6303
6839,6354
6839,6405
6840,6253
6840,6304
6840,6355
6840,6406
6841,6254
6841,6305
6841,6356
6841,6407
6842,6255
6842,6306
6842,6357
6842,6408
6843,6256
6843,6307
6843,6358
6843,6409
6844,6257
6844,6308
6844,6359
6844,6410
6845,6258
6845,6309
6845,6360
6845,6411
6846,6259
6846,6310
6846,6361
6846,6412
6847,6260
6847,6311
6847,6362
6847,6413
6848,6261
6848,6312
6848,6363
6848,6414
6849,6262
6849,6313
6849,6364
6849,6415
6850,6263
6850,6314
6850,6365
6850,6416
6851,6264
6851,6315
6851,6366
6851,6417
6852,6265
6852,6316
6852,6367
6852,6418
6853,6266
6853,6317
6853,6368
6853,6419
6854,6267
6854,6318
6854,6369
6854,6420
6855,6319
6856,6320
6868,6220
6868,6271
6868,6322
6868,6373
6869,6323
6869,6374
6870,6324
6870,6375
6871,6325
6871,6376
6872,6326
6872,6377
6873,6327
6873,6378
6874,6328
6874,6379
6875,6329
6875,6380
6876,6330
6876,6381
6877,6331
6877,6382
6878,6332
6878,6383
6879,6333
6879,6335
6879,6384
6879,6386
6880,6334
6880,6336
6880,6385
6880,6387
6881,6337
6882,6338
6883,6339
6892,6238
6892,6289
6892,6340
6892,6391
6893,6239
6893,6290
6893,6341
6893,6392
6894,6240
6894,6291
6894,6342
6894,6393
6895,6241
6895,6292
6895,6343
6895,6394
6896,6242
6896,6293
6896,6344
6896,6395
6897,6243
6897,6294
6897,6345
6897,6396
6898,6244
6898,6295
6898,6346
6898,6397
6899,6245
6899,6296
6899,6347
6899,6398
6900,6246
6900,6297
6900,6348
6900,6399
6901,6247
6901,6298
6901,6349
6901,6400
6902,6248
6902,6299
6902,6350
6902,6401
6903,6249
6903,6300
6903,6351
6903,6402
6904,6250
6904,6301
6904,6352
6904,6403
6905,6251
6905,6302
6905,6353
6905,6404
6906,6252
6906,6303
6906,6354
6906,6405
6907,6253
6907,6304
6907,6355
6907,6406
6908,6254
6908,6305
6908,6356
6908,6407
6909,6255
6909,6306
6909,6357
6909,6408
6910,6256
6910,6307
6910,6358
6910,6409
6911,6257
6911,6308
6911,6359
6911,6410
6912,6258
6912,6309
6912,6360
6912,6411
6913,6259
6913,6310
6913,6361
6913,6412
6914,6260
6914,6311
6914,6362
6914,6413
6915,6261
6915,6312
6915,6363
6915,6414
6916,6262
6916,6313
6916,6364
6916,6415
6917,6263
6917,6314
6917,6365
6917,6416
6918,6264
6918,6315
6918,6366
6918,6417
6919,6265
6919,6316
6919,6367
6919,6418
6920,6266
6920,6317
6920,6368
6920,6419
6921,6267
6921,6318
6921,6369
6921,6420
6922,6370
6923,6371
6934,6220
6934,6271
6934,6322
6934,6373
6935,6323
6935,6374
6936,6324
6936,6375
6937,6325
6937,6376
6938,6326
6938,6377
6939,6327
6939,6378
6940,6328
6940,6379
6941,6329
6941,6380
6942,6330
6942,6381
6943,6331
6943,6382
6944,6332
6944,6383
6945,6333
6945,6335
6945,6384
6945,6386
6946,6334
6946,6336
6946,6385
6946,6387
6947,6388
6948,6389
6949,6390
6958,6238
6958,6289
6958,6340
6958,6391
6959,6239
6959,6290
6959,6341
6959,6392
6960,6240
6960,6291
6960,6342
6960,6393
6961,6241
6961,6292
6961,6343
6961,6394
6962,6242
6962,6293
6962,6344
6962,6395
6963,6243
6963,6294
6963,6345
6963,6396
6964,6244
6964,6295
6964,6346
6964,6397
6965,6245
6965,6296
6965,6347
6965,6398
6966,6246
6966,6297
6966,6348
6966,6399
6967,6247
6967,6298
6967,6349
6967,6400
6968,6248
6968,6299
6968,6350
6968,6401
6969,6249
6969,6300
6969,6351
6969,6402
6970,6250
6970,6301
6970,6352
6970,6403
6971,6251
6971,6302
6971,6353
6971,6404
6972,6252
6972,6303
6972,6354
6972,6405
6973,6253
6973,6304
6973,6355
6973,6406
6974,6254
6974,6305
6974,6356
6974,6407
6975,6255
6975,6306
6975,6357
6975,6408
6976,6256
6976,6307
6976,6358
6976,6409
6977,6257
6977,6308
6977,6359
6977,6410
6978,6258
6978,6309
6978,6360
6978,6411
6979,6259
6979,6310
6979,6361
6979,6412
6980,6260
6980,6311
6980,6362
6980,6413
6981,6261
6981,6312
6981,6363
6981,6414
6982,6262
6982,6313
6982,6364
6982,6415
6983,6263
6983,6314
6983,6365
6983,6416
6984,6264
6984,6315
6984,6366
6984,6417
6985,6265
6985,6316
6985,6367
6985,6418
6986,6266
6986,6317
6986,6368
6986,6419
6987,6267
6987,6318
6987,6369
6987,6420
6988,6421
6989,6422
7000,6424
7000,6494
7001,6425
7001,6495
7002,6426
7002,6496
7003,6427
7003,6497
7004,6428
7004,6498
7005,6429
7005,6499
7006,6430
7007,6431
7008,6432
7009,6433
7010,6434
7011,6435
7011,6505
7012,6436
7012,6506
7013,6437
7013,6507
7014,6438
7014,6508
7015,6439
7015,6509
7016,6440
7017,6441
7018,6442
7019,6443
7020,6444
7021,6445
7021,6449
7021,6515
7021,6519
7022,6446
7022,6450
7022,6516
7022,6520
7023,6447
7023,6451
7024,6448
7024,6452
7025,6453
7025,6523
7026,6454
7026,6524
7027,6455
7027,6525
7028,6456
7029,6457
7030,6458
7039,6459
7039,6532
7040,6460
7040,6533
7041,6461
7041,6534
7042,6462
7042,6535
7043,6463
7043,6536
7044,6464
7044,6537
7045,6465
7045,6538
7046,6466
7046,6539
7047,6467
7047,6540
7048,6468
7048,6541
7049,6469
7049,6542
7050,6470
7050,6543
7051,6471
7051,6544
7052,6472
7052,6545
7053,6473
7053,6546
7054,6474
7054,6547
7055,6475
7055,6548
7056,6476
7056,6549
7057,6477
7057,6550
7058,6478
7058,6551
7059,6479
7059,6552
7060,6480
7060,6553
7061,6481
7061,6554
7062,6482
7062,6555
7063,6483
7063,6556
7064,6484
7064,6557
7065,6485
7065,6558
7066,6486
7066,6559
7067,6487
7067,6560
7068,6488
7068,6561
7069,6489
7069,6562
7070,6490
7071,6491
7072,6492
7084,6424
7084,6494
7085,6425
7085,6495
7086,6426
7086,6496
7087,6427
7087,6497
7088,6428
7088,6498
7089,6429
7089,6499
7090,6500
7091,6501
7092,6502
7093,6503
7094,6504
7095,6435
7095,6505
7096,6436
7096,6506
7097,6437
7097,6507
7098,6438
7098,6508
7099,6439
7099,6509
7100,6510
7101,6511
7102,6512
7103,6513
7104,6514
7105,6445
7105,6449
7105,6515
7105,6519
7106,6446
7106,6450
7106,6516
7106,6520
7107,6517
7107,6521
7108,6518
7108,6522
7109,6453
7109,6523
7110,6454
7110,6524
7111,6455
7111,6525
7112,6526
7113,6527
7114,6528
7115,6529
7116,6530
7117,6531
7126,6459
7126,6532
7127,6460
7127,6533
7128,6461
7128,6534
7129,6462
7129,6535
7130,6463
7130,6536
7131,6464
7131,6537
7132,6465
7132,6538
7133,6466
7133,6539
7134,6467
7134,6540
7135,6468
7135,6541
7136,6469
7136,6542
7137,6470
7137,6543
7138,6471
7138,6544
7139,6472
7139,6545
7140,6473
7140,6546
7141,6474
7141,6547
7142,6475
7142,6548
7143,6476
7143,6549
7144,6477
7144,6550
7145,6478
7145,6551
7146,6479
7146,6552
7147,6480
7147,6553
7148,6481
7148,6554
7149,6482
7149,6555
7150,6483
7150,6556
7151,6484
7151,6557
7152,6485
7152,6558
7153,6486
7153,6559
7154,6487
7154,6560
7155,6488
7155,6561
7156,6489
7156,6562
7157,6563
7158,6564
7159,6565
7160,6566
7172,6568
7172,6643
7173,6569
7173,6644
7174,6570
7174,6645
7175,6571
7175,6646
7176,6572
7176,6647
7177,6573
7177,6648
7178,6574
7179,6575
7180,6576
7181,6577
7182,6578
7183,6579
7183,6654
7184,6580
7184,6655
7185,6581
7185,6656
7186,6582
7186,6657
7187,6583
7187,6658
7188,6584
7189,6585
7190,6586
7191,6587
7192,6588
7193,6589
7193,6593
7193,6664
7193,6668
7194,6590
7194,6594
7194,6665
7194,6669
7195,6591
7195,6595
7196,6592
7196,6596
7197,6597
7197,6672
7198,6598
7198,6673
7199,6599
7199,6674
7200,6600
7201,6601
7202,6602
7203,6603
7204,6604
7205,6605
7214,6606
7214,6678
7215,6607
7215,6679
7216,6608
7216,6680
7217,6609
7217,6681
7218,6610
7218,6682
7219,6611
7219,6683
7220,6612
7220,6684
7221,6613
7221,6685
7222,6614
7222,6686
7223,6615
7223,6687
7224,6616
7224,6688
7225,6617
7225,6689
7226,6618
7226,6690
7227,6619
7227,6691
7228,6620
7228,6692
7229,6621
7229,6693
7230,6622
7230,6694
7231,6623
7231,6695
7232,6624
7232,6696
7233,6625
7233,6697
7234,6626
7234,6698
7235,6627
7235,6699
7236,6628
7236,6700
7237,6629
7237,6701
7238,6630
7238,6702
7239,6631
7239,6703
7240,6632
7240,6704
7241,6633
7241,6705
7242,6634
7242,6706
7243,6635
7243,6707
7244,6636
7244,6708
7245,6637
7246,6638
7247,6639
7248,6640
7249,6641
7249,6710
7261,6568
7261,6643
7262,6569
7262,6644
7263,6570
7263,6645
7264,6571
7264,6646
7265,6572
7265,6647
7266,6573
7266,6648
7267,6649
7268,6650
7269,6651
7270,6652
7271,6653
7272,6579
7272,6654
7273,6580
7273,6655
7274,6581
7274,6656
7275,6582
7275,6657
7276,6583
7276,6658
7277,6659
7278,6660
7279,6661
7280,6662
7281,6663
7282,6589
7282,6593
7282,6664
7282,6668
7283,6590
7283,6594
7283,6665
7283,6669
7284,6666
7284,6670
7285,6667
7285,6671
7286,6597
7286,6672
7287,6598
7287,6673
7288,6599
7288,6674
7289,6675
7290,6676
7291,6677
7292,6606
7292,6678
7293,6607
7293,6679
7294,6608
7294,6680
7295,6609
7295,6681
7296,6610
7296,6682
7297,6611
7297,6683
7298,6612
7298,6684
7299,6613
7299,6685
7300,6614
7300,6686
7301,6615
7301,6687
7302,6616
7302,6688
7303,6617
7303,6689
7304,6618
7304,6690
7305,6619
7305,6691
7306,6620
7306,6692
7307,6621
7307,6693
7308,6622
7308,6694
7309,6623
7309,6695
7310,6624
7310,6696
7311,6625
7311,6697
7312,6626
7312,6698
7313,6627
7313,6699
7314,6628
7314,6700
7315,6629
7315,6701
7316,6630
7316,6702
7317,6631
7317,6703
7318,6632
7318,6704
7319,6633
7319,6705
7320,6634
7320,6706
7321,6635
7321,6707
7322,6636
7322,6708
7323,6709
7324,6641
7324,6710
7325,6711
7337,6713
7337,6788
7338,6714
7338,6789
7339,6715
7339,6790
7340,6716
7340,6791
7341,6717
7341,6792
7342,6718
7342,6793
7343,6719
7344,6720
7345,6721
7346,6722
7347,6723
7348,6724
7348,6799
7349,6725
7349,6800
7350,6726
7350,6801
7351,6727
7351,6802
7352,6728
7352,6803
7353,6729
7354,6730
7355,6731
7356,6732
7357,6733
7358,6734
7358,6738
7358,6809
7358,6813
7359,6735
7359,6739
7359,6810
7359,6814
7360,6736
7360,6740
7361,6737
7361,6741
7362,6742
7362,6817
7363,6743
7363,6818
7364,6744
7364,6819
7365,6745
7365,6820
7366,6746
7366,6821
7367,6747
7367,6822
7368,6748
7369,6749
7370,6750
7379,6751
7379,6826
7380,6752
7380,6827
7381,6753
7381,6828
7382,6754
7382,6829
7383,6755
7383,6830
7384,6756
7384,6831
7385,6757
7385,6832
7386,6758
7386,6833
7387,6759
7387,6834
7388,6760
7388,6835
7389,6761
7389,6836
7390,6762
7390,6837
7391,6763
7391,6838
7392,6764
7392,6839
7393,6765
7393,6840
7394,6766
7394,6841
7395,6767
7395,6842
7396,6768
7396,6843
7397,6769
7397,6844
7398,6770
7398,6845
7399,6771
7399,6846
7400,6772
7400,6847
7401,6773
7401,6848
7402,6774
7402,6849
7403,6775
7403,6850
7404,6776
7404,6851
7405,6777
7405,6852
7406,6778
7406,6853
7407,6779
7407,6854
7408,6780
7408,6855
7409,6781
7409,6856
7410,6782
7410,6857
7411,6783
7412,6784
7412,6859
7413,6785
7413,6860
7414,6786
7426,6713
7426,6788
7427,6714
7427,6789
7428,6715
7428,6790
7429,6716
7429,6791
7430,6717
7430,6792
7431,6718
7431,6793
7432,6794
7433,6795
7434,6796
7435,6797
7436,6798
7437,6724
7437,6799
7438,6725
7438,6800
7439,6726
7439,6801
7440,6727
7440,6802
7441,6728
7441,6803
7442,6804
7443,6805
7444,6806
7445,6807
7446,6808
7447,6734
7447,6738
7447,6809
7447,6813
7448,6735
7448,6739
7448,6810
7448,6814
7449,6811
7449,6815
7450,6812
7450,6816
7451,6742
7451,6817
7452,6743
7452,6818
7453,6744
7453,6819
7454,6745
7454,6820
7455,6746
7455,6821
7456,6747
7456,6822
7457,6823
7458,6824
7459,6825
7460,6751
7460,6826
7461,6752
7461,6827
7462,6753
7462,6828
7463,6754
7463,6829
7464,6755
7464,6830
7465,6756
7465,6831
7466,6757
7466,6832
7467,6758
7467,6833
7468,6759
7468,6834
7469,6760
7469,6835
7470,6761
7470,6836
7471,6762
7471,6837
7472,6763
7472,6838
7473,6764
7473,6839
7474,6765
7474,6840
7475,6766
7475,6841
7476,6767
7476,6842
7477,6768
7477,6843
7478,6769
7478,6844
7479,6770
7479,6845
7480,6771
7480,6846
7481,6772
7481,6847
7482,6773
7482,6848
7483,6774
7483,6849
7484,6775
7484,6850
7485,6776
7485,6851
7486,6777
7486,6852
7487,6778
7487,6853
7488,6779
7488,6854
7489,6780
7489,6855
7490,6781
7490,6856
7491,6782
7491,6857
7492,6858
7493,6784
7493,6859
7494,6785
7494,6860
7495,6861
7507,6863
7507,6933
7508,6864
7508,6934
7509,6865
7509,6935
7510,6866
7510,6936
7511,6867
7511,6937
7512,6868
7512,6938
7513,6869
7514,6870
7515,6871
7516,6872
7517,6873
7518,6874
7518,6944
7519,6875
7519,6945
7520,6876
7520,6946
7521,6877
7521,6947
7522,6878
7522,6948
7523,6879
7524,6880
7525,6881
7526,6882
7527,6883
7528,6884
7528,6888
7528,6954
7528,6958
7529,6885
7529,6889
7529,6955
7529,6959
7530,6886
7530,6890
7531,6887
7531,6891
7532,6892
7532,6962
7533,6893
7533,6963
7534,6894
7534,6964
7535,6895
7536,6896
7537,6897
7546,6898
7546,6971
7547,6899
7547,6972
7548,6900
7548,6973
7549,6901
7549,6974
7550,6902
7550,6975
7551,6903
7551,6976
7552,6904
7552,6977
7553,6905
7553,6978
7554,6906
7554,6979
7555,6907
7555,6980
7556,6908
7556,6981
7557,6909
7557,6982
7558,6910
7558,6983
7559,6911
7559,6984
7560,6912
7560,6985
7561,6913
7561,6986
7562,6914
7562,6987
7563,6915
7563,6988
7564,6916
7564,6989
7565,6917
7565,6990
7566,6918
7566,6991
7567,6919
7567,6992
7568,6920
7568,6993
7569,6921
7569,6994
7570,6922
7570,6995
7571,6923
7571,6996
7572,6924
7572,6997
7573,6925
7573,6998
7574,6926
7574,6999
7575,6927
7575,7000
7576,6928
7576,7001
7577,6929
7578,6930
7578,7006
7579,6931
7591,6863
7591,6933
7592,6864
7592,6934
7593,6865
7593,6935
7594,6866
7594,6936
7595,6867
7595,6937
7596,6868
7596,6938
7597,6939
7598,6940
7599,6941
7600,6942
7601,6943
7602,6874
7602,6944
7603,6875
7603,6945
7604,6876
7604,6946
7605,6877
7605,6947
7606,6878
7606,6948
7607,6949
7608,6950
7609,6951
7610,6952
7611,6953
7612,6884
7612,6888
7612,6954
7612,6958
7613,6885
7613,6889
7613,6955
7613,6959
7614,6956
7614,6960
7615,6957
7615,6961
7616,6892
7616,6962
7617,6893
7617,6963
7618,6894
7618,6964
7619,6965
7620,6966
7621,6967
7622,6968
7623,6969
7624,6970
7625,6898
7625,6971
7626,6899
7626,6972
7627,6900
7627,6973
7628,6901
7628,6974
7629,6902
7629,6975
7630,6903
7630,6976
7631,6904
7631,6977
7632,6905
7632,6978
7633,6906
7633,6979
7634,6907
7634,6980
7635,6908
7635,6981
7636,6909
7636,6982
7637,6910
7637,6983
7638,6911
7638,6984
7639,6912
7639,6985
7640,6913
7640,6986
7641,6914
7641,6987
7642,6915
7642,6988
7643,6916
7643,6989
7644,6917
7644,6990
7645,6918
7645,6991
7646,6919
7646,6992
7647,6920
7647,6993
7648,6921
7648,6994
7649,6922
7649,6995
7650,6923
7650,6996
7651,6924
7651,6997
7652,6925
7652,6998
7653,6926
7653,6999
7654,6927
7654,7000
7655,6928
7655,7001
7656,7002
7657,7003
7658,7004
7659,7005
7660,6930
7660,7006
7672,7008
7673,7009
7674,7010
7675,7011
7676,7012
7677,7013
7678,7014
7679,7015
7680,7016
7681,7017
7682,7018
7683,7019
7684,7020
7685,7021
7686,7022
7687,7023
7688,7024
7689,7025
7690,7026
7691,7027
7692,7028
7693,7029
7694,7030
7695,7031
7702,7032
7703,7033
7704,7034
7705,7035
7706,7036
7707,7037
7708,7038
7709,7039
7710,7040
7711,7041
7712,7042
7713,7043
7714,7044
7715,7045
7716,7046
7717,7047
7718,7048
7719,7049
7720,7050
7721,7051
7722,7052
7723,7053
7724,7054
7725,7055
7726,7056
7727,7057
7728,7058
7729,7059
7730,7060
7733,7062
7734,7063
7736,7064
7737,7065
7738,7066
7739,7067
7740,7068
7740,7071
7740,7073
7741,7069
7741,7072
7741,7074
7742,7070
7743,7075
7744,7076
7745,7077
7746,7078
7747,7079
7748,7080
7749,7081
7750,7082
7751,7083
7752,7084
7753,7085
7754,7086
7755,7087
7756,7088
7757,7089
7758,7090
7759,7091
7760,7092
7761,7093
7762,7094
7763,7095
7764,7096
7765,7097
7766,7098
7767,7099
7768,7100
7769,7101
7770,7102
7771,7103
7772,7104
7773,7105
7774,7106
7775,7107
7778,7109
7779,7110
7781,7111
7782,7112
7783,7113
7784,7114
7785,7115
7785,7118
7785,7120
7786,7116
7786,7119
7786,7121
7787,7117
7788,7122
7789,7123
7790,7124
7791,7125
7792,7126
7793,7127
7794,7128
7795,7129
7796,7130
7797,7131
7798,7132
7799,7133
7800,7134
7801,7135
7802,7136
7803,7137
7804,7138
7805,7139
7806,7140
7807,7141
7808,7142
7809,7143
7810,7144
7811,7145
7812,7146
7813,7147
7814,7148
7815,7149
7816,7150
7817,7151
7818,7152
7819,7153
7820,7154
7821,7155
7822,7156
7825,7158
7826,7159
7828,7160
7829,7161
7830,7162
7831,7163
7832,7164
7832,7167
7832,7169
7833,7165
7833,7168
7833,7170
7834,7166
7835,7171
7836,7172
7837,7173
7838,7174
7839,7175
7840,7176
7841,7177
7842,7178
7843,7179
7844,7180
7845,7181
7846,7182
7847,7183
7848,7184
7849,7185
7850,7186
7851,7187
7852,7188
7853,7189
7854,7190
7855,7191
7856,7192
7857,7193
7858,7194
7859,7195
7860,7196
7861,7197
7862,7198
7863,7199
7864,7200
7865,7201
7866,7202
7867,7203
7870,7205
7871,7206
7873,7207
7874,7208
7874,7210
7875,7209
7875,7211
7876,7212
7877,7213
7877,7215
7878,7214
7878,7216
7879,7217
7880,7218
7880,7220
7881,7219
7881,7221
7882,7222
7883,7223
7884,7224
7885,7225
7886,7226
7887,7227
7888,7228
7889,7229
7890,7230
7891,7231
7892,7232
7893,7233
7894,7234
7895,7235
7896,7236
7897,7237
7898,7238
7899,7239
7900,7240
7901,7241
7902,7242
7903,7243
7904,7244
7905,7245
7906,7246
7914,7247
7915,7248
7916,7249
7917,7250
7918,7251
7919,7252
7920,7253
7921,7254
7922,7255
7923,7256
7924,7257
7925,7258
7926,7259
7927,7260
7928,7261
7929,7262
7930,7263
7931,7264
7932,7265
7933,7266
7934,7267
7935,7268
7936,7269
7937,7270
7938,7271
7939,7272
7940,7273
7943,7275
7944,7276
7946,7277
7947,7278
7948,7279
7949,7280
7950,7281
7950,7284
7950,7286
7951,7282
7951,7285
7951,7287
7952,7283
7953,7288
7954,7289
7955,7290
7956,7291
7957,7292
7958,7293
7959,7294
7960,7295
7961,7296
7962,7297
7963,7298
7964,7299
7965,7300
7966,7301
7967,7302
7968,7303
7969,7304
7970,7305
7971,7306
7972,7307
7973,7308
7974,7309
7975,7310
7976,7311
7977,7312
7978,7313
7979,7314
7980,7315
7981,7316
7982,7317
7983,7318
7984,7319
7985,7320
7988,7322
7989,7323
7991,7324
7992,7325
7993,7326
7994,7327
7995,7328
7995,7331
7995,7333
7996,7329
7996,7332
7996,7334
7997,7330
7998,7335
7999,7336
8000,7337
8001,7338
8002,7339
8003,7340
8007,7341
8008,7342
8009,7343
8010,7344
8011,7345
8012,7346
8013,7347
8014,7348
8015,7349
8016,7350
8017,7351
8018,7352
8019,7353
8020,7354
8021,7355
8022,7356
8023,7357
8024,7358
8025,7359
8026,7360
8027,7361
8028,7362
8029,7363
8030,7364
8031,7365
8032,7366
8033,7367
8034,7368
8035,7369
8038,7371
8039,7372
8040,7373
8041,7374
8042,7375
8043,7376
8044,7377
8044,7380
8044,7382
8045,7378
8045,7381
8045,7383
8046,7379
8047,7384
8048,7385
8049,7386
8050,7387
8051,7388
8052,7389
8053,7390
8054,7391
8055,7392
8056,7393
8057,7394
8058,7395
8059,7396
8060,7397
8061,7398
8062,7399
8063,7400
8064,7401
8065,7402
8066,7403
8067,7404
8068,7405
8069,7406
8070,7407
8071,7408
8072,7409
8073,7410
8074,7411
8075,7412
8076,7413
8077,7414
8078,7415
8079,7416
8082,7418
8083,7419
8085,7420
8086,7421
8087,7422
8088,7423
8089,7424
8089,7427
8089,7429
8090,7425
8090,7428
8090,7430
8091,7426
8092,7431
8093,7432
8094,7433
8095,7434
8096,7435
8097,7436
8098,7437
8099,7438
8100,7439
8101,7440
8102,7441
8103,7442
8104,7443
8105,7444
8106,7445
8107,7446
8108,7447
8109,7448
8110,7449
8111,7450
8112,7451
8113,7452
8114,7453
8115,7454
8116,7455
8117,7456
8118,7457
8119,7458
8120,7459
8121,7460
8122,7461
8123,7462
8124,7463
8126,7465
8127,7466
8129,7467
8130,7468
8131,7469
8132,7470
8133,7471
8133,7474
8133,7476
8134,7472
8134,7475
8134,7477
8135,7473
8136,7478
8137,7479
8138,7480
8139,7481
8140,7482
8141,7483
8142,7484
8143,7485
8144,7486
8145,7487
8146,7488
8147,7489
8148,7490
8149,7491
8150,7492
8151,7493
8152,7494
8153,7495
8154,7496
8155,7497
8156,7498
8157,7499
8158,7500
8159,7501
8160,7502
8161,7503
8162,7504
8163,7505
8164,7506
8165,7507
8166,7508
8167,7509
8168,7510
8169,7511
8170,7512
8172,7514
8173,7515
8175,7516
8176,7517
8177,7518
8178,7519
8179,7520
8179,7523
8179,7525
8180,7521
8180,7524
8180,7526
8181,7522
8182,7527
8183,7528
8184,7529
8185,7530
8186,7531
8187,7532
8188,7533
8189,7534
8190,7535
8191,7536
8192,7537
8193,7538
8194,7539
8195,7540
8196,7541
8197,7542
8198,7543
8199,7544
8200,7545
8201,7546
8202,7547
8203,7548
8204,7549
8205,7550
8206,7551
8207,7552
8208,7553
8209,7554
8210,7555
8211,7556
8212,7557
8213,7558
8214,7559
8216,7561
8217,7562
8219,7563
8220,7564
8220,7566
8221,7565
8221,7567
8222,7568
8223,7569
8223,7571
8224,7570
8224,7572
8225,7573
8226,7574
8226,7576
8227,7575
8227,7577
8228,7578
8229,7579
8230,7580
8231,7581
8232,7582
8233,7583
8234,7584
8235,7585
8236,7586
8237,7587
8238,7588
8239,7589
8240,7590
8241,7591
8242,7592
8243,7593
8244,7594
8245,7595
8246,7596
8247,7597
8248,7598
8249,7599
8250,7600
8251,7601
8252,7602
8260,7603
8261,7604
8262,7605
8263,7606
8264,7607
8265,7608
8266,7609
8267,7610
8268,7611
8269,7612
8270,7613
8271,7614
8272,7615
8273,7616
8274,7617
8275,7618
8276,7619
8277,7620
8278,7621
8279,7622
8280,7623
8281,7624
8282,7625
8283,7626
8284,7627
8285,7628
8286,7629
8288,7631
8289,7632
8291,7633
8292,7634
8293,7635
8294,7636
8295,7637
8295,7640
8295,7642
8296,7638
8296,7641
8296,7643
8297,7639
8298,7644
8299,7645
8300,7646
8301,7647
8302,7648
8303,7649
8304,7650
8305,7651
8306,7652
8307,7653
8308,7654
8309,7655
8310,7656
8311,7657
8312,7658
8313,7659
8314,7660
8315,7661
8316,7662
8317,7663
8318,7664
8319,7665
8320,7666
8321,7667
8322,7668
8323,7669
8324,7670
8325,7671
8326,7672
8327,7673
8328,7674
8329,7675
8330,7676
8332,7678
8333,7679
8335,7680
8336,7681
8337,7682
8338,7683
8339,7684
8339,7687
8339,7689
8340,7685
8340,7688
8340,7690
8341,7686
8342,7691
8343,7692
8344,7693
8345,7694
8346,7695
8347,7696
8351,7697
8352,7698
8353,7699
8354,7700
8355,7701
8356,7702
8357,7703
8358,7704
8359,7705
8360,7706
8361,7707
8362,7708
8363,7709
8364,7710
8365,7711
8366,7712
8367,7713
8368,7714
8369,7715
8370,7716
8371,7717
8372,7718
8373,7719
8374,7720
8375,7721
8376,7722
8377,7723
8378,7724
8379,7725
8381,7727
8382,7728
8383,7729
8384,7730
8385,7731
8386,7732
8387,7733
8387,7736
8387,7738
8388,7734
8388,7737
8388,7739
8389,7735
8390,7740
8391,7741
8392,7742
8393,7743
8394,7744
8395,7745
8396,7746
8397,7747
8398,7748
8399,7749
8400,7750
8401,7751
8402,7752
8403,7753
8404,7754
8405,7755
8406,7756
8407,7757
8408,7758
8409,7759
8410,7760
8411,7761
8412,7762
8413,7763
8414,7764
8415,7765
8416,7766
8417,7767
8418,7768
8419,7769
8420,7770
8421,7771
8422,7772
8439,7800
8440,7801
8441,7802
8442,7803
8443,7804
8444,7805
8445,7806
8446,7807
8447,7808
8448,7809
8449,7810
8450,7811
8451,7812
8459,7800
8472,7818
8472,7856
8472,7891
8473,7819
8473,7857
8473,7892
8474,7820
8475,7821
8476,7822
8477,7823
8478,7824
8479,7825
8480,7858
8481,7859
8482,7860
8483,7893
8484,7894
8485,7895
8486,7826
8486,7861
8486,7896
8487,7827
8487,7862
8487,7897
8488,7828
8488,7863
8488,7898
8489,7829
8489,7864
8489,7899
8490,7830
8490,7865
8490,7900
8491,7831
8491,7866
8491,7901
8492,7832
8492,7867
8492,7902
8493,7833
8493,7868
8493,7903
8494,7834
8494,7869
8494,7904
8495,7835
8495,7870
8495,7905
8496,7836
8496,7871
8496,7906
8497,7837
8497,7872
8497,7907
8498,7838
8498,7873
8498,7908
8499,7839
8499,7874
8499,7909
8500,7840
8500,7875
8500,7910
8501,7841
8501,7876
8501,7911
8502,7842
8502,7877
8502,7912
8503,7843
8503,7878
8503,7913
8504,7844
8504,7879
8504,7914
8505,7845
8505,7880
8505,7915
8506,7846
8506,7881
8506,7916
8507,7847
8507,7882
8507,7917
8508,7848
8508,7883
8508,7918
8509,7849
8509,7884
8509,7919
8510,7850
8510,7885
8510,7920
8511,7851
8511,7886
8511,7921
8512,7852
8512,7887
8512,7922
8513,7853
8513,7888
8513,7923
8514,7854
8514,7889
8514,7924
8517,7818
8517,7856
8517,7891
8518,7819
8518,7857
8518,7892
8519,7820
8520,7821
8521,7822
8522,7823
8523,7824
8524,7825
8525,7858
8526,7859
8527,7860
8528,7893
8529,7894
8530,7895
8531,7826
8531,7861
8531,7896
8532,7827
8532,7862
8532,7897
8533,7828
8533,7863
8533,7898
8534,7829
8534,7864
8534,7899
8535,7830
8535,7865
8535,7900
8536,7831
8536,7866
8536,7901
8537,7832
8537,7867
8537,7902
8538,7833
8538,7868
8538,7903
8539,7834
8539,7869
8539,7904
8540,7835
8540,7870
8540,7905
8541,7836
8541,7871
8541,7906
8542,7837
8542,7872
8542,7907
8543,7838
8543,7873
8543,7908
8544,7839
8544,7874
8544,7909
8545,7840
8545,7875
8545,7910
8546,7841
8546,7876
8546,7911
8547,7842
8547,7877
8547,7912
8548,7843
8548,7878
8548,7913
8549,7844
8549,7879
8549,7914
8550,7845
8550,7880
8550,7915
8551,7846
8551,7881
8551,7916
8552,7847
8552,7882
8552,7917
8553,7848
8553,7883
8553,7918
8554,7849
8554,7884
8554,7919
8555,7850
8555,7885
8555,7920
8556,7851
8556,7886
8556,7921
8557,7852
8557,7887
8557,7922
8558,7853
8558,7888
8558,7923
8559,7854
8559,7889
8559,7924
8562,7818
8562,7856
8562,7891
8563,7819
8563,7857
8563,7892
8564,7820
8565,7821
8566,7822
8567,7823
8568,7824
8569,7825
8570,7858
8571,7859
8572,7860
8573,7893
8574,7894
8575,7895
8576,7826
8576,7861
8576,7896
8577,7827
8577,7862
8577,7897
8578,7828
8578,7863
8578,7898
8579,7829
8579,7864
8579,7899
8580,7830
8580,7865
8580,7900
8581,7831
8581,7866
8581,7901
8582,7832
8582,7867
8582,7902
8583,7833
8583,7868
8583,7903
8584,7834
8584,7869
8584,7904
8585,7835
8585,7870
8585,7905
8586,7836
8586,7871
8586,7906
8587,7837
8587,7872
8587,7907
8588,7838
8588,7873
8588,7908
8589,7839
8589,7874
8589,7909
8590,7840
8590,7875
8590,7910
8591,7841
8591,7876
8591,7911
8592,7842
8592,7877
8592,7912
8593,7843
8593,7878
8593,7913
8594,7844
8594,7879
8594,7914
8595,7845
8595,7880
8595,7915
8596,7846
8596,7881
8596,7916
8597,7847
8597,7882
8597,7917
8598,7848
8598,7883
8598,7918
8599,7849
8599,7884
8599,7919
8600,7850
8600,7885
8600,7920
8601,7851
8601,7886
8601,7921
8602,7852
8602,7887
8602,7922
8603,7853
8603,7888
8603,7923
8604,7854
8604,7889
8604,7924
8607,7926
8607,7964
8607,7999
8608,7927
8608,7965
8608,8000
8610,7928
8611,7929
8612,7930
8613,7931
8614,7932
8615,7933
8616,7966
8617,7967
8618,7968
8619,8001
8620,8002
8621,8003
8622,7934
8622,7969
8622,8004
8623,7935
8623,7970
8623,8005
8624,7936
8624,7971
8624,8006
8625,7937
8625,7972
8625,8007
8626,7938
8626,7973
8626,8008
8627,7939
8627,7974
8627,8009
8628,7940
8628,7975
8628,8010
8629,7941
8629,7976
8629,8011
8630,7942
8630,7977
8630,8012
8631,7943
8631,7978
8631,8013
8632,7944
8632,7979
8632,8014
8633,7945
8633,7980
8633,8015
8634,7946
8634,7981
8634,8016
8635,7947
8635,7982
8635,8017
8636,7948
8636,7983
8636,8018
8637,7949
8637,7984
8637,8019
8638,7950
8638,7985
8638,8020
8639,7951
8639,7986
8639,8021
8640,7952
8640,7987
8640,8022
8641,7953
8641,7988
8641,8023
8642,7954
8642,7989
8642,8024
8643,7955
8643,7990
8643,8025
8644,7956
8644,7991
8644,8026
8645,7957
8645,7992
8645,8027
8646,7958
8646,7993
8646,8028
8647,7959
8647,7994
8647,8029
8648,7960
8648,7995
8648,8030
8649,7961
8649,7996
8649,8031
8650,7962
8650,7997
8650,8032
8653,7926
8653,7964
8653,7999
8654,7927
8654,7965
8654,8000
8656,7928
8657,7929
8658,7930
8659,7931
8660,7932
8661,7933
8662,7966
8663,7967
8664,7968
8665,8001
8666,8002
8667,8003
8668,7934
8668,7969
8668,8004
8669,7935
8669,7970
8669,8005
8670,7936
8670,7971
8670,8006
8671,7937
8671,7972
8671,8007
8672,7938
8672,7973
8672,8008
8673,7939
8673,7974
8673,8009
8674,7940
8674,7975
8674,8010
8675,7941
8675,7976
8675,8011
8676,7942
8676,7977
8676,8012
8677,7943
8677,7978
8677,8013
8678,7944
8678,7979
8678,8014
8679,7945
8679,7980
8679,8015
8680,7946
8680,7981
8680,8016
8681,7947
8681,7982
8681,8017
8682,7948
8682,7983
8682,8018
8683,7949
8683,7984
8683,8019
8684,7950
8684,7985
8684,8020
8685,7951
8685,7986
8685,8021
8686,7952
8686,7987
8686,8022
8687,7953
8687,7988
8687,8023
8688,7954
8688,7989
8688,8024
8689,7955
8689,7990
8689,8025
8690,7956
8690,7991
8690,8026
8691,7957
8691,7992
8691,8027
8692,7958
8692,7993
8692,8028
8693,7959
8693,7994
8693,8029
8694,7960
8694,7995
8694,8030
8695,7961
8695,7996
8695,8031
8696,7962
8696,7997
8696,8032
8699,7926
8699,7964
8699,7999
8700,7927
8700,7965
8700,8000
8702,7928
8703,7929
8704,7930
8705,7931
8706,7932
8707,7933
8708,7966
8709,7967
8710,7968
8711,8001
8712,8002
8713,8003
8714,7934
8714,7969
8714,8004
8715,7935
8715,7970
8715,8005
8716,7936
8716,7971
8716,8006
8717,7937
8717,7972
8717,8007
8718,7938
8718,7973
8718,8008
8719,7939
8719,7974
8719,8009
8720,7940
8720,7975
8720,8010
8721,7941
8721,7976
8721,8011
8722,7942
8722,7977
8722,8012
8723,7943
8723,7978
8723,8013
8724,7944
8724,7979
8724,8014
8725,7945
8725,7980
8725,8015
8726,7946
8726,7981
8726,8016
8727,7947
8727,7982
8727,8017
8728,7948
8728,7983
8728,8018
8729,7949
8729,7984
8729,8019
8730,7950
8730,7985
8730,8020
8731,7951
8731,7986
8731,8021
8732,7952
8732,7987
8732,8022
8733,7953
8733,7988
8733,8023
8734,7954
8734,7989
8734,8024
8735,7955
8735,7990
8735,8025
8736,7956
8736,7991
8736,8026
8737,7957
8737,7992
8737,8027
8738,7958
8738,7993
8738,8028
8739,7959
8739,7994
8739,8029
8740,7960
8740,7995
8740,8030
8741,7961
8741,7996
8741,8031
8742,7962
8742,7997
8742,8032
8745,8034
8745,8072
8745,8107
8746,8035
8746,8073
8746,8108
8748,8036
8749,8037
8750,8038
8751,8039
8752,8040
8753,8041
8754,8074
8755,8075
8756,8076
8757,8109
8758,8110
8759,8111
8760,8042
8760,8077
8760,8112
8761,8043
8761,8078
8761,8113
8762,8044
8762,8079
8762,8114
8763,8045
8763,8080
8763,8115
8764,8046
8764,8081
8764,8116
8765,8047
8765,8082
8765,8117
8766,8048
8766,8083
8766,8118
8767,8049
8767,8084
8767,8119
8768,8050
8768,8085
8768,8120
8769,8051
8769,8086
8769,8121
8770,8052
8770,8087
8770,8122
8771,8053
8771,8088
8771,8123
8772,8054
8772,8089
8772,8124
8773,8055
8773,8090
8773,8125
8774,8056
8774,8091
8774,8126
8775,8057
8775,8092
8775,8127
8776,8058
8776,8093
8776,8128
8777,8059
8777,8094
8777,8129
8778,8060
8778,8095
8778,8130
8779,8061
8779,8096
8779,8131
8780,8062
8780,8097
8780,8132
8781,8063
8781,8098
8781,8133
8782,8064
8782,8099
8782,8134
8783,8065
8783,8100
8783,8135
8784,8066
8784,8101
8784,8136
8785,8067
8785,8102
8785,8137
8786,8068
8786,8103
8786,8138
8787,8069
8787,8104
8787,8139
8788,8070
8788,8105
8788,8140
8791,8034
8791,8072
8791,8107
8792,8035
8792,8073
8792,8108
8794,8036
8795,8037
8796,8038
8797,8039
8798,8040
8799,8041
8800,8074
8801,8075
8802,8076
8803,8109
8804,8110
8805,8111
8806,8042
8806,8077
8806,8112
8807,8043
8807,8078
8807,8113
8808,8044
8808,8079
8808,8114
8809,8045
8809,8080
8809,8115
8810,8046
8810,8081
8810,8116
8811,8047
8811,8082
8811,8117
8812,8048
8812,8083
8812,8118
8813,8049
8813,8084
8813,8119
8814,8050
8814,8085
8814,8120
8815,8051
8815,8086
8815,8121
8816,8052
8816,8087
8816,8122
8817,8053
8817,8088
8817,8123
8818,8054
8818,8089
8818,8124
8819,8055
8819,8090
8819,8125
8820,8056
8820,8091
8820,8126
8821,8057
8821,8092
8821,8127
8822,8058
8822,8093
8822,8128
8823,8059
8823,8094
8823,8129
8824,8060
8824,8095
8824,8130
8825,8061
8825,8096
8825,8131
8826,8062
8826,8097
8826,8132
8827,8063
8827,8098
8827,8133
8828,8064
8828,8099
8828,8134
8829,8065
8829,8100
8829,8135
8830,8066
8830,8101
8830,8136
8831,8067
8831,8102
8831,8137
8832,8068
8832,8103
8832,8138
8833,8069
8833,8104
8833,8139
8834,8070
8834,8105
8834,8140
8837,8034
8837,8072
8837,8107
8838,8035
8838,8073
8838,8108
8840,8036
8841,8037
8842,8038
8843,8039
8844,8040
8845,8041
8846,8074
8847,8075
8848,8076
8849,8109
8850,8110
8851,8111
8852,8042
8852,8077
8852,8112
8853,8043
8853,8078
8853,8113
8854,8044
8854,8079
8854,8114
8855,8045
8855,8080
8855,8115
8856,8046
8856,8081
8856,8116
8857,8047
8857,8082
8857,8117
8858,8048
8858,8083
8858,8118
8859,8049
8859,8084
8859,8119
8860,8050
8860,8085
8860,8120
8861,8051
8861,8086
8861,8121
8862,8052
8862,8087
8862,8122
8863,8053
8863,8088
8863,8123
8864,8054
8864,8089
8864,8124
8865,8055
8865,8090
8865,8125
8866,8056
8866,8091
8866,8126
8867,8057
8867,8092
8867,8127
8868,8058
8868,8093
8868,8128
8869,8059
8869,8094
8869,8129
8870,8060
8870,8095
8870,8130
8871,8061
8871,8096
8871,8131
8872,8062
8872,8097
8872,8132
8873,8063
8873,8098
8873,8133
8874,8064
8874,8099
8874,8134
8875,8065
8875,8100
8875,8135
8876,8066
8876,8101
8876,8136
8877,8067
8877,8102
8877,8137
8878,8068
8878,8103
8878,8138
8879,8069
8879,8104
8879,8139
8880,8070
8880,8105
8880,8140
8883,8142
8883,8180
8883,8215
8884,8143
8884,8181
8884,8216
8886,8144
8887,8145
8888,8146
8889,8147
8890,8148
8891,8149
8892,8182
8893,8183
8894,8184
8895,8217
8896,8218
8897,8219
8898,8150
8898,8185
8898,8220
8899,8151
8899,8186
8899,8221
8900,8152
8900,8187
8900,8222
8901,8153
8901,8188
8901,8223
8902,8154
8902,8189
8902,8224
8903,8155
8903,8190
8903,8225
8904,8156
8904,8191
8904,8226
8905,8157
8905,8192
8905,8227
8906,8158
8906,8193
8906,8228
8907,8159
8907,8194
8907,8229
8908,8160
8908,8195
8908,8230
8909,8161
8909,8196
8909,8231
8910,8162
8910,8197
8910,8232
8911,8163
8911,8198
8911,8233
8912,8164
8912,8199
8912,8234
8913,8165
8913,8200
8913,8235
8914,8166
8914,8201
8914,8236
8915,8167
8915,8202
8915,8237
8916,8168
8916,8203
8916,8238
8917,8169
8917,8204
8917,8239
8918,8170
8918,8205
8918,8240
8919,8171
8919,8206
8919,8241
8920,8172
8920,8207
8920,8242
8921,8173
8921,8208
8921,8243
8922,8174
8922,8209
8922,8244
8923,8175
8923,8210
8923,8245
8924,8176
8924,8211
8924,8246
8925,8177
8925,8212
8925,8247
8926,8178
8926,8213
8926,8248
8929,8142
8929,8180
8929,8215
8930,8143
8930,8181
8930,8216
8932,8144
8933,8145
8934,8146
8935,8147
8936,8148
8937,8149
8938,8182
8939,8183
8940,8184
8941,8217
8942,8218
8943,8219
8944,8150
8944,8185
8944,8220
8945,8151
8945,8186
8945,8221
8946,8152
8946,8187
8946,8222
8947,8153
8947,8188
8947,8223
8948,8154
8948,8189
8948,8224
8949,8155
8949,8190
8949,8225
8950,8156
8950,8191
8950,8226
8951,8157
8951,8192
8951,8227
8952,8158
8952,8193
8952,8228
8953,8159
8953,8194
8953,8229
8954,8160
8954,8195
8954,8230
8955,8161
8955,8196
8955,8231
8956,8162
8956,8197
8956,8232
8957,8163
8957,8198
8957,8233
8958,8164
8958,8199
8958,8234
8959,8165
8959,8200
8959,8235
8960,8166
8960,8201
8960,8236
8961,8167
8961,8202
8961,8237
8962,8168
8962,8203
8962,8238
8963,8169
8963,8204
8963,8239
8964,8170
8964,8205
8964,8240
8965,8171
8965,8206
8965,8241
8966,8172
8966,8207
8966,8242
8967,8173
8967,8208
8967,8243
8968,8174
8968,8209
8968,8244
8969,8175
8969,8210
8969,8245
8970,8176
8970,8211
8970,8246
8971,8177
8971,8212
8971,8247
8972,8178
8972,8213
8972,8248
8975,8142
8975,8180
8975,8215
8976,8143
8976,8181
8976,8216
8978,8144
8979,8145
8980,8146
8981,8147
8982,8148
8983,8149
8984,8182
8985,8183
8986,8184
8987,8217
8988,8218
8989,8219
8990,8150
8990,8185
8990,8220
8991,8151
8991,8186
8991,8221
8992,8152
8992,8187
8992,8222
8993,8153
8993,8188
8993,8223
8994,8154
8994,8189
8994,8224
8995,8155
8995,8190
8995,8225
8996,8156
8996,8191
8996,8226
8997,8157
8997,8192
8997,8227
8998,8158
8998,8193
8998,8228
8999,8159
8999,8194
8999,8229
9000,8160
9000,8195
9000,8230
9001,8161
9001,8196
9001,8231
9002,8162
9002,8197
9002,8232
9003,8163
9003,8198
9003,8233
9004,8164
9004,8199
9004,8234
9005,8165
9005,8200
9005,8235
9006,8166
9006,8201
9006,8236
9007,8167
9007,8202
9007,8237
9008,8168
9008,8203
9008,8238
9009,8169
9009,8204
9009,8239
9010,8170
9010,8205
9010,8240
9011,8171
9011,8206
9011,8241
9012,8172
9012,8207
9012,8242
9013,8173
9013,8208
9013,8243
9014,8174
9014,8209
9014,8244
9015,8175
9015,8210
9015,8245
9016,8176
9016,8211
9016,8246
9017,8177
9017,8212
9017,8247
9018,8178
9018,8213
9018,8248
9021,8250
9021,8288
9021,8323
9022,8251
9022,8289
9022,8324
9024,8252
9025,8253
9026,8254
9027,8255
9028,8256
9029,8257
9030,8290
9031,8291
9032,8292
9033,8325
9034,8326
9035,8327
9036,8258
9036,8293
9036,8328
9037,8259
9037,8294
9037,8329
9038,8260
9038,8295
9038,8330
9039,8261
9039,8296
9039,8331
9040,8262
9040,8297
9040,8332
9041,8263
9041,8298
9041,8333
9042,8264
9042,8299
9042,8334
9043,8265
9043,8300
9043,8335
9044,8266
9044,8301
9044,8336
9045,8267
9045,8302
9045,8337
9046,8268
9046,8303
9046,8338
9047,8269
9047,8304
9047,8339
9048,8270
9048,8305
9048,8340
9049,8271
9049,8306
9049,8341
9050,8272
9050,8307
9050,8342
9051,8273
9051,8308
9051,8343
9052,8274
9052,8309
9052,8344
9053,8275
9053,8310
9053,8345
9054,8276
9054,8311
9054,8346
9055,8277
9055,8312
9055,8347
9056,8278
9056,8313
9056,8348
9057,8279
9057,8314
9057,8349
9058,8280
9058,8315
9058,8350
9059,8281
9059,8316
9059,8351
9060,8282
9060,8317
9060,8352
9061,8283
9061,8318
9061,8353
9062,8284
9062,8319
9062,8354
9063,8285
9063,8320
9063,8355
9064,8286
9064,8321
9064,8356
9066,8250
9066,8288
9066,8323
9067,8251
9067,8289
9067,8324
9069,8252
9070,8253
9071,8254
9072,8255
9073,8256
9074,8257
9075,8290
9076,8291
9077,8292
9078,8325
9079,8326
9080,8327
9081,8258
9081,8293
9081,8328
9082,8259
9082,8294
9082,8329
9083,8260
9083,8295
9083,8330
9084,8261
9084,8296
9084,8331
9085,8262
9085,8297
9085,8332
9086,8263
9086,8298
9086,8333
9087,8264
9087,8299
9087,8334
9088,8265
9088,8300
9088,8335
9089,8266
9089,8301
9089,8336
9090,8267
9090,8302
9090,8337
9091,8268
9091,8303
9091,8338
9092,8269
9092,8304
9092,8339
9093,8270
9093,8305
9093,8340
9094,8271
9094,8306
9094,8341
9095,8272
9095,8307
9095,8342
9096,8273
9096,8308
9096,8343
9097,8274
9097,8309
9097,8344
9098,8275
9098,8310
9098,8345
9099,8276
9099,8311
9099,8346
9100,8277
9100,8312
9100,8347
9101,8278
9101,8313
9101,8348
9102,8279
9102,8314
9102,8349
9103,8280
9103,8315
9103,8350
9104,8281
9104,8316
9104,8351
9105,8282
9105,8317
9105,8352
9106,8283
9106,8318
9106,8353
9107,8284
9107,8319
9107,8354
9108,8285
9108,8320
9108,8355
9109,8286
9109,8321
9109,8356
9120,8250
9120,8288
9120,8323
9121,8251
9121,8289
9121,8324
9123,8252
9124,8253
9125,8254
9126,8255
9127,8256
9128,8257
9129,8290
9130,8291
9131,8292
9132,8325
9133,8326
9134,8327
9135,8258
9135,8293
9135,8328
9136,8259
9136,8294
9136,8329
9137,8260
9137,8295
9137,8330
9138,8261
9138,8296
9138,8331
9139,8262
9139,8297
9139,8332
9140,8263
9140,8298
9140,8333
9141,8264
9141,8299
9141,8334
9142,8265
9142,8300
9142,8335
9143,8266
9143,8301
9143,8336
9144,8267
9144,8302
9144,8337
9145,8268
9145,8303
9145,8338
9146,8269
9146,8304
9146,8339
9147,8270
9147,8305
9147,8340
9148,8271
9148,8306
9148,8341
9149,8272
9149,8307
9149,8342
9150,8273
9150,8308
9150,8343
9151,8274
9151,8309
9151,8344
9152,8275
9152,8310
9152,8345
9153,8276
9153,8311
9153,8346
9154,8277
9154,8312
9154,8347
9155,8278
9155,8313
9155,8348
9156,8279
9156,8314
9156,8349
9157,8280
9157,8315
9157,8350
9158,8281
9158,8316
9158,8351
9159,8282
9159,8317
9159,8352
9160,8283
9160,8318
9160,8353
9161,8284
9161,8319
9161,8354
9162,8285
9162,8320
9162,8355
9163,8286
9163,8321
9163,8356
9174,8358
9174,8396
9174,8431
9175,8359
9175,8397
9175,8432
9176,8360
9177,8361
9178,8362
9179,8363
9180,8364
9181,8365
9182,8398
9183,8399
9184,8400
9185,8433
9186,8434
9187,8435
9188,8366
9188,8401
9188,8436
9189,8367
9189,8402
9189,8437
9190,8368
9190,8403
9190,8438
9191,8369
9191,8404
9191,8439
9192,8370
9192,8405
9192,8440
9193,8371
9193,8406
9193,8441
9194,8372
9194,8407
9194,8442
9195,8373
9195,8408
9195,8443
9196,8374
9196,8409
9196,8444
9197,8375
9197,8410
9197,8445
9198,8376
9198,8411
9198,8446
9199,8377
9199,8412
9199,8447
9200,8378
9200,8413
9200,8448
9201,8379
9201,8414
9201,8449
9202,8380
9202,8415
9202,8450
9203,8381
9203,8416
9203,8451
9204,8382
9204,8417
9204,8452
9205,8383
9205,8418
9205,8453
9206,8384
9206,8419
9206,8454
9207,8385
9207,8420
9207,8455
9208,8386
9208,8421
9208,8456
9209,8387
9209,8422
9209,8457
9210,8388
9210,8423
9210,8458
9211,8389
9211,8424
9211,8459
9212,8390
9212,8425
9212,8460
9213,8391
9213,8426
9213,8461
9214,8392
9214,8427
9214,8462
9215,8393
9215,8428
9215,8463
9216,8394
9216,8429
9216,8464
9227,8358
9227,8396
9227,8431
9228,8359
9228,8397
9228,8432
9229,8360
9230,8361
9231,8362
9232,8363
9233,8364
9234,8365
9235,8398
9236,8399
9237,8400
9238,8433
9239,8434
9240,8435
9241,8366
9241,8401
9241,8436
9242,8367
9242,8402
9242,8437
9243,8368
9243,8403
9243,8438
9244,8369
9244,8404
9244,8439
9245,8370
9245,8405
9245,8440
9246,8371
9246,8406
9246,8441
9247,8372
9247,8407
9247,8442
9248,8373
9248,8408
9248,8443
9249,8374
9249,8409
9249,8444
9250,8375
9250,8410
9250,8445
9251,8376
9251,8411
9251,8446
9252,8377
9252,8412
9252,8447
9253,8378
9253,8413
9253,8448
9254,8379
9254,8414
9254,8449
9255,8380
9255,8415
9255,8450
9256,8381
9256,8416
9256,8451
9257,8382
9257,8417
9257,8452
9258,8383
9258,8418
9258,8453
9259,8384
9259,8419
9259,8454
9260,8385
9260,8420
9260,8455
9261,8386
9261,8421
9261,8456
9262,8387
9262,8422
9262,8457
9263,8388
9263,8423
9263,8458
9264,8389
9264,8424
9264,8459
9265,8390
9265,8425
9265,8460
9266,8391
9266,8426
9266,8461
9267,8392
9267,8427
9267,8462
9268,8393
9268,8428
9268,8463
9269,8394
9269,8429
9269,8464
9280,8358
9280,8396
9280,8431
9281,8359
9281,8397
9281,8432
9282,8360
9283,8361
9284,8362
9285,8363
9286,8364
9287,8365
9288,8398
9289,8399
9290,8400
9291,8433
9292,8434
9293,8435
9294,8366
9294,8401
9294,8436
9295,8367
9295,8402
9295,8437
9296,8368
9296,8403
9296,8438
9297,8369
9297,8404
9297,8439
9298,8370
9298,8405
9298,8440
9299,8371
9299,8406
9299,8441
9300,8372
9300,8407
9300,8442
9301,8373
9301,8408
9301,8443
9302,8374
9302,8409
9302,8444
9303,8375
9303,8410
9303,8445
9304,8376
9304,8411
9304,8446
9305,8377
9305,8412
9305,8447
9306,8378
9306,8413
9306,8448
9307,8379
9307,8414
9307,8449
9308,8380
9308,8415
9308,8450
9309,8381
9309,8416
9309,8451
9310,8382
9310,8417
9310,8452
9311,8383
9311,8418
9311,8453
9312,8384
9312,8419
9312,8454
9313,8385
9313,8420
9313,8455
9314,8386
9314,8421
9314,8456
9315,8387
9315,8422
9315,8457
9316,8388
9316,8423
9316,8458
9317,8389
9317,8424
9317,8459
9318,8390
9318,8425
9318,8460
9319,8391
9319,8426
9319,8461
9320,8392
9320,8427
9320,8462
9321,8393
9321,8428
9321,8463
9322,8394
9322,8429
9322,8464
9333,8466
9333,8504
9333,8539
9334,8467
9334,8505
9334,8540
9335,8468
9336,8469
9337,8470
9338,8471
9339,8472
9340,8473
9341,8506
9342,8507
9343,8508
9344,8541
9345,8542
9346,8543
9347,8474
9347,8509
9347,8544
9348,8475
9348,8510
9348,8545
9349,8476
9349,8511
9349,8546
9350,8477
9350,8512
9350,8547
9351,8478
9351,8513
9351,8548
9352,8479
9352,8514
9352,8549
9353,8480
9353,8515
9353,8550
9354,8481
9354,8516
9354,8551
9355,8482
9355,8517
9355,8552
9356,8483
9356,8518
9356,8553
9357,8484
9357,8519
9357,8554
9358,8485
9358,8520
9358,8555
9359,8486
9359,8521
9359,8556
9360,8487
9360,8522
9360,8557
9361,8488
9361,8523
9361,8558
9362,8489
9362,8524
9362,8559
9363,8490
9363,8525
9363,8560
9364,8491
9364,8526
9364,8561
9365,8492
9365,8527
9365,8562
9366,8493
9366,8528
9366,8563
9367,8494
9367,8529
9367,8564
9368,8495
9368,8530
9368,8565
9369,8496
9369,8531
9369,8566
9370,8497
9370,8532
9370,8567
9371,8498
9371,8533
9371,8568
9372,8499
9372,8534
9372,8569
9373,8500
9373,8535
9373,8570
9374,8501
9374,8536
9374,8571
9375,8502
9375,8537
9375,8572
9386,8466
9386,8504
9386,8539
9387,8467
9387,8505
9387,8540
9388,8468
9389,8469
9390,8470
9391,8471
9392,8472
9393,8473
9394,8506
9395,8507
9396,8508
9397,8541
9398,8542
9399,8543
9400,8474
9400,8509
9400,8544
9401,8475
9401,8510
9401,8545
9402,8476
9402,8511
9402,8546
9403,8477
9403,8512
9403,8547
9404,8478
9404,8513
9404,8548
9405,8479
9405,8514
9405,8549
9406,8480
9406,8515
9406,8550
9407,8481
9407,8516
9407,8551
9408,8482
9408,8517
9408,8552
9409,8483
9409,8518
9409,8553
9410,8484
9410,8519
9410,8554
9411,8485
9411,8520
9411,8555
9412,8486
9412,8521
9412,8556
9413,8487
9413,8522
9413,8557
9414,8488
9414,8523
9414,8558
9415,8489
9415,8524
9415,8559
9416,8490
9416,8525
9416,8560
9417,8491
9417,8526
9417,8561
9418,8492
9418,8527
9418,8562
9419,8493
9419,8528
9419,8563
9420,8494
9420,8529
9420,8564
9421,8495
9421,8530
9421,8565
9422,8496
9422,8531
9422,8566
9423,8497
9423,8532
9423,8567
9424,8498
9424,8533
9424,8568
9425,8499
9425,8534
9425,8569
9426,8500
9426,8535
9426,8570
9427,8501
9427,8536
9427,8571
9428,8502
9428,8537
9428,8572
9439,8466
9439,8504
9439,8539
9440,8467
9440,8505
9440,8540
9441,8468
9442,8469
9443,8470
9444,8471
9445,8472
9446,8473
9447,8506
9448,8507
9449,8508
9450,8541
9451,8542
9452,8543
9453,8474
9453,8509
9453,8544
9454,8475
9454,8510
9454,8545
9455,8476
9455,8511
9455,8546
9456,8477
9456,8512
9456,8547
9457,8478
9457,8513
9457,8548
9458,8479
9458,8514
9458,8549
9459,8480
9459,8515
9459,8550
9460,8481
9460,8516
9460,8551
9461,8482
9461,8517
9461,8552
9462,8483
9462,8518
9462,8553
9463,8484
9463,8519
9463,8554
9464,8485
9464,8520
9464,8555
9465,8486
9465,8521
9465,8556
9466,8487
9466,8522
9466,8557
9467,8488
9467,8523
9467,8558
9468,8489
9468,8524
9468,8559
9469,8490
9469,8525
9469,8560
9470,8491
9470,8526
9470,8561
9471,8492
9471,8527
9471,8562
9472,8493
9472,8528
9472,8563
9473,8494
9473,8529
9473,8564
9474,8495
9474,8530
9474,8565
9475,8496
9475,8531
9475,8566
9476,8497
9476,8532
9476,8567
9477,8498
9477,8533
9477,8568
9478,8499
9478,8534
9478,8569
9479,8500
9479,8535
9479,8570
9480,8501
9480,8536
9480,8571
9481,8502
9481,8537
9481,8572
9492,8574
9492,8612
9492,8650
9493,8575
9493,8613
9493,8651
9494,8576
9495,8577
9496,8578
9497,8579
9498,8580
9499,8614
9500,8615
9501,8616
9502,8617
9503,8618
9504,8652
9505,8653
9506,8654
9507,8655
9508,8656
9509,8581
9509,8619
9509,8657
9510,8582
9510,8620
9510,8658
9511,8583
9511,8621
9511,8659
9512,8584
9512,8622
9512,8660
9513,8585
9513,8623
9513,8661
9514,8586
9514,8624
9514,8662
9515,8587
9515,8625
9515,8663
9516,8588
9516,8626
9516,8664
9517,8589
9517,8627
9517,8665
9518,8590
9518,8628
9518,8666
9519,8591
9519,8629
9519,8667
9520,8592
9520,8630
9520,8668
9521,8593
9521,8631
9521,8669
9522,8594
9522,8632
9522,8670
9523,8595
9523,8633
9523,8671
9524,8596
9524,8634
9524,8672
9525,8597
9525,8635
9525,8673
9526,8598
9526,8636
9526,8674
9527,8599
9527,8637
9527,8675
9528,8600
9528,8638
9528,8676
9529,8601
9529,8639
9529,8677
9530,8602
9530,8640
9530,8678
9531,8603
9531,8641
9531,8679
9532,8604
9532,8642
9532,8680
9533,8605
9533,8643
9533,8681
9534,8606
9534,8644
9534,8682
9535,8607
9535,8645
9535,8683
9536,8608
9536,8646
9536,8684
9537,8609
9537,8647
9537,8685
9538,8610
9538,8648
9538,8686
9549,8574
9549,8612
9549,8650
9550,8575
9550,8613
9550,8651
9551,8576
9552,8577
9553,8578
9554,8579
9555,8580
9556,8614
9557,8615
9558,8616
9559,8617
9560,8618
9561,8652
9562,8653
9563,8654
9564,8655
9565,8656
9566,8581
9566,8619
9566,8657
9567,8582
9567,8620
9567,8658
9568,8583
9568,8621
9568,8659
9569,8584
9569,8622
9569,8660
9570,8585
9570,8623
9570,8661
9571,8586
9571,8624
9571,8662
9572,8587
9572,8625
9572,8663
9573,8588
9573,8626
9573,8664
9574,8589
9574,8627
9574,8665
9575,8590
9575,8628
9575,8666
9576,8591
9576,8629
9576,8667
9577,8592
9577,8630
9577,8668
9578,8593
9578,8631
9578,8669
9579,8594
9579,8632
9579,8670
9580,8595
9580,8633
9580,8671
9581,8596
9581,8634
9581,8672
9582,8597
9582,8635
9582,8673
9583,8598
9583,8636
9583,8674
9584,8599
9584,8637
9584,8675
9585,8600
9585,8638
9585,8676
9586,8601
9586,8639
9586,8677
9587,8602
9587,8640
9587,8678
9588,8603
9588,8641
9588,8679
9589,8604
9589,8642
9589,8680
9590,8605
9590,8643
9590,8681
9591,8606
9591,8644
9591,8682
9592,8607
9592,8645
9592,8683
9593,8608
9593,8646
9593,8684
9594,8609
9594,8647
9594,8685
9595,8610
9595,8648
9595,8686
9606,8574
9606,8612
9606,8650
9607,8575
9607,8613
9607,8651
9608,8576
9609,8577
9610,8578
9611,8579
9612,8580
9613,8614
9614,8615
9615,8616
9616,8617
9617,8618
9618,8652
9619,8653
9620,8654
9621,8655
9622,8656
9623,8581
9623,8619
9623,8657
9624,8582
9624,8620
9624,8658
9625,8583
9625,8621
9625,8659
9626,8584
9626,8622
9626,8660
9627,8585
9627,8623
9627,8661
9628,8586
9628,8624
9628,8662
9629,8587
9629,8625
9629,8663
9630,8588
9630,8626
9630,8664
9631,8589
9631,8627
9631,8665
9632,8590
9632,8628
9632,8666
9633,8591
9633,8629
9633,8667
9634,8592
9634,8630
9634,8668
9635,8593
9635,8631
9635,8669
9636,8594
9636,8632
9636,8670
9637,8595
9637,8633
9637,8671
9638,8596
9638,8634
9638,8672
9639,8597
9639,8635
9639,8673
9640,8598
9640,8636
9640,8674
9641,8599
9641,8637
9641,8675
9642,8600
9642,8638
9642,8676
9643,8601
9643,8639
9643,8677
9644,8602
9644,8640
9644,8678
9645,8603
9645,8641
9645,8679
9646,8604
9646,8642
9646,8680
9647,8605
9647,8643
9647,8681
9648,8606
9648,8644
9648,8682
9649,8607
9649,8645
9649,8683
9650,8608
9650,8646
9650,8684
9651,8609
9651,8647
9651,8685
9652,8610
9652,8648
9652,8686
9663,8688
9663,8726
9663,8764
9664,8689
9664,8727
9664,8765
9665,8766
9666,8767
9667,8768
9668,8769
9669,8770
9670,8728
9671,8729
9672,8730
9673,8731
9674,8732
9675,8690
9676,8691
9677,8692
9678,8693
9679,8694
9680,8695
9680,8733
9680,8771
9681,8696
9681,8734
9681,8772
9682,8697
9682,8735
9682,8773
9683,8698
9683,8736
9683,8774
9684,8699
9684,8737
9684,8775
9685,8700
9685,8738
9685,8776
9686,8701
9686,8739
9686,8777
9687,8702
9687,8740
9687,8778
9688,8703
9688,8741
9688,8779
9689,8704
9689,8742
9689,8780
9690,8705
9690,8743
9690,8781
9691,8706
9691,8744
9691,8782
9692,8707
9692,8745
9692,8783
9693,8708
9693,8746
9693,8784
9694,8709
9694,8747
9694,8785
9695,8710
9695,8748
9695,8786
9696,8711
9696,8749
9696,8787
9697,8712
9697,8750
9697,8788
9698,8713
9698,8751
9698,8789
9699,8714
9699,8752
9699,8790
9700,8715
9700,8753
9700,8791
9701,8716
9701,8754
9701,8792
9702,8717
9702,8755
9702,8793
9703,8718
9703,8756
9703,8794
9704,8719
9704,8757
9704,8795
9705,8720
9705,8758
9705,8796
9706,8721
9706,8759
9706,8797
9707,8722
9707,8760
9707,8798
9708,8723
9708,8761
9708,8799
9709,8724
9709,8762
9709,8800
9720,8688
9720,8726
9720,8764
9721,8689
9721,8727
9721,8765
9722,8766
9723,8767
9724,8768
9725,8769
9726,8770
9727,8728
9728,8729
9729,8730
9730,8731
9731,8732
9732,8690
9733,8691
9734,8692
9735,8693
9736,8694
9737,8695
9737,8733
9737,8771
9738,8696
9738,8734
9738,8772
9739,8697
9739,8735
9739,8773
9740,8698
9740,8736
9740,8774
9741,8699
9741,8737
9741,8775
9742,8700
9742,8738
9742,8776
9743,8701
9743,8739
9743,8777
9744,8702
9744,8740
9744,8778
9745,8703
9745,8741
9745,8779
9746,8704
9746,8742
9746,8780
9747,8705
9747,8743
9747,8781
9748,8706
9748,8744
9748,8782
9749,8707
9749,8745
9749,8783
9750,8708
9750,8746
9750,8784
9751,8709
9751,8747
9751,8785
9752,8710
9752,8748
9752,8786
9753,8711
9753,8749
9753,8787
9754,8712
9754,8750
9754,8788
9755,8713
9755,8751
9755,8789
9756,8714
9756,8752
9756,8790
9757,8715
9757,8753
9757,8791
9758,8716
9758,8754
9758,8792
9759,8717
9759,8755
9759,8793
9760,8718
9760,8756
9760,8794
9761,8719
9761,8757
9761,8795
9762,8720
9762,8758
9762,8796
9763,8721
9763,8759
9763,8797
9764,8722
9764,8760
9764,8798
9765,8723
9765,8761
9765,8799
9766,8724
9766,8762
9766,8800
9777,8688
9777,8726
9777,8764
9778,8689
9778,8727
9778,8765
9779,8766
9780,8767
9781,8768
9782,8769
9783,8770
9784,8728
9785,8729
9786,8730
9787,8731
9788,8732
9789,8690
9790,8691
9791,8692
9792,8693
9793,8694
9794,8695
9794,8733
9794,8771
9795,8696
9795,8734
9795,8772
9796,8697
9796,8735
9796,8773
9797,8698
9797,8736
9797,8774
9798,8699
9798,8737
9798,8775
9799,8700
9799,8738
9799,8776
9800,8701
9800,8739
9800,8777
9801,8702
9801,8740
9801,8778
9802,8703
9802,8741
9802,8779
9803,8704
9803,8742
9803,8780
9804,8705
9804,8743
9804,8781
9805,8706
9805,8744
9805,8782
9806,8707
9806,8745
9806,8783
9807,8708
9807,8746
9807,8784
9808,8709
9808,8747
9808,8785
9809,8710
9809,8748
9809,8786
9810,8711
9810,8749
9810,8787
9811,8712
9811,8750
9811,8788
9812,8713
9812,8751
9812,8789
9813,8714
9813,8752
9813,8790
9814,8715
9814,8753
9814,8791
9815,8716
9815,8754
9815,8792
9816,8717
9816,8755
9816,8793
9817,8718
9817,8756
9817,8794
9818,8719
9818,8757
9818,8795
9819,8720
9819,8758
9819,8796
9820,8721
9820,8759
9820,8797
9821,8722
9821,8760
9821,8798
9822,8723
9822,8761
9822,8799
9823,8724
9823,8762
9823,8800
9834,8802
9834,8840
9834,8878
9835,8803
9835,8841
9835,8879
9836,8804
9837,8805
9838,8806
9839,8807
9840,8808
9841,8842
9842,8843
9843,8844
9844,8845
9845,8846
9846,8880
9847,8881
9848,8882
9849,8883
9850,8884
9851,8809
9851,8847
9851,8885
9852,8810
9852,8848
9852,8886
9853,8811
9853,8849
9853,8887
9854,8812
9854,8850
9854,8888
9855,8813
9855,8851
9855,8889
9856,8814
9856,8852
9856,8890
9857,8815
9857,8853
9857,8891
9858,8816
9858,8854
9858,8892
9859,8817
9859,8855
9859,8893
9860,8818
9860,8856
9860,8894
9861,8819
9861,8857
9861,8895
9862,8820
9862,8858
9862,8896
9863,8821
9863,8859
9863,8897
9864,8822
9864,8860
9864,8898
9865,8823
9865,8861
9865,8899
9866,8824
9866,8862
9866,8900
9867,8825
9867,8863
9867,8901
9868,8826
9868,8864
9868,8902
9869,8827
9869,8865
9869,8903
9870,8828
9870,8866
9870,8904
9871,8829
9871,8867
9871,8905
9872,8830
9872,8868
9872,8906
9873,8831
9873,8869
9873,8907
9874,8832
9874,8870
9874,8908
9875,8833
9875,8871
9875,8909
9876,8834
9876,8872
9876,8910
9877,8835
9877,8873
9877,8911
9878,8836
9878,8874
9878,8912
9879,8837
9879,8875
9879,8913
9880,8838
9880,8876
9880,8914
9891,8802
9891,8840
9891,8878
9892,8803
9892,8841
9892,8879
9893,8804
9894,8805
9895,8806
9896,8807
9897,8808
9898,8842
9899,8843
9900,8844
9901,8845
9902,8846
9903,8880
9904,8881
9905,8882
9906,8883
9907,8884
9908,8809
9908,8847
9908,8885
9909,8810
9909,8848
9909,8886
9910,8811
9910,8849
9910,8887
9911,8812
9911,8850
9911,8888
9912,8813
9912,8851
9912,8889
9913,8814
9913,8852
9913,8890
9914,8815
9914,8853
9914,8891
9915,8816
9915,8854
9915,8892
9916,8817
9916,8855
9916,8893
9917,8818
9917,8856
9917,8894
9918,8819
9918,8857
9918,8895
9919,8820
9919,8858
9919,8896
9920,8821
9920,8859
9920,8897
9921,8822
9921,8860
9921,8898
9922,8823
9922,8861
9922,8899
9923,8824
9923,8862
9923,8900
9924,8825
9924,8863
9924,8901
9925,8826
9925,8864
9925,8902
9926,8827
9926,8865
9926,8903
9927,8828
9927,8866
9927,8904
9928,8829
9928,8867
9928,8905
9929,8830
9929,8868
9929,8906
9930,8831
9930,8869
9930,8907
9931,8832
9931,8870
9931,8908
9932,8833
9932,8871
9932,8909
9933,8834
9933,8872
9933,8910
9934,8835
9934,8873
9934,8911
9935,8836
9935,8874
9935,8912
9936,8837
9936,8875
9936,8913
9937,8838
9937,8876
9937,8914
9948,8802
9948,8840
9948,8878
9949,8803
9949,8841
9949,8879
9950,8804
9951,8805
9952,8806
9953,8807
9954,8808
9955,8842
9956,8843
9957,8844
9958,8845
9959,8846
9960,8880
9961,8881
9962,8882
9963,8883
9964,8884
9965,8809
9965,8847
9965,8885
9966,8810
9966,8848
9966,8886
9967,8811
9967,8849
9967,8887
9968,8812
9968,8850
9968,8888
9969,8813
9969,8851
9969,8889
9970,8814
9970,8852
9970,8890
9971,8815
9971,8853
9971,8891
9972,8816
9972,8854
9972,8892
9973,8817
9973,8855
9973,8893
9974,8818
9974,8856
9974,8894
9975,8819
9975,8857
9975,8895
9976,8820
9976,8858
9976,8896
9977,8821
9977,8859
9977,8897
9978,8822
9978,8860
9978,8898
9979,8823
9979,8861
9979,8899
9980,8824
9980,8862
9980,8900
9981,8825
9981,8863
9981,8901
9982,8826
9982,8864
9982,8902
9983,8827
9983,8865
9983,8903
9984,8828
9984,8866
9984,8904
9985,8829
9985,8867
9985,8905
9986,8830
9986,8868
9986,8906
9987,8831
9987,8869
9987,8907
9988,8832
9988,8870
9988,8908
9989,8833
9989,8871
9989,8909
9990,8834
9990,8872
9990,8910
9991,8835
9991,8873
9991,8911
9992,8836
9992,8874
9992,8912
9993,8837
9993,8875
9993,8913
9994,8838
9994,8876
9994,8914
10005,8916
10005,8957
10005,8998
10006,8917
10006,8958
10006,8999
10007,9006
10008,9007
10009,9008
10010,9009
10011,9010
10012,8962
10013,8963
10014,8964
10015,8965
10016,8966
10017,8921
10018,8922
10019,8923
10020,8924
10021,8925
10022,8926
10022,8967
10022,9011
10023,9000
10024,9001
10025,9002
10026,9003
10027,9004
10028,9005
10029,8959
10030,8960
10031,8961
10032,8918
10033,8919
10034,8920
10053,8927
10053,8968
10053,9012
10054,8928
10054,8969
10054,9013
10055,8929
10055,8970
10055,9014
10056,8930
10056,8971
10056,9015
10057,8931
10057,8972
10057,9016
10058,8932
10058,8973
10058,9017
10059,8933
10059,8974
10059,9018
10060,8934
10060,8975
10060,9019
10061,8935
10061,8976
10061,9020
10062,8936
10062,8977
10062,9021
10063,8937
10063,8978
10063,9022
10064,8938
10064,8979
10064,9023
10065,8939
10065,8980
10065,9024
10066,8940
10066,8981
10066,9025
10067,8941
10067,8982
10067,9026
10068,8942
10068,8983
10068,9027
10069,8943
10069,8984
10069,9028
10070,8944
10070,8985
10070,9029
10071,8945
10071,8986
10071,9030
10072,8946
10072,8987
10072,9031
10073,8947
10073,8988
10073,9032
10074,8948
10074,8989
10074,9033
10075,8949
10075,8990
10075,9034
10076,8950
10076,8991
10076,9035
10077,8951
10077,8992
10077,9036
10078,8952
10078,8993
10078,9037
10079,8953
10079,8994
10079,9038
10080,8954
10080,8995
10080,9039
10081,8955
10081,8996
10081,9040
10092,8916
10092,8957
10092,8998
10093,8917
10093,8958
10093,8999
10094,9006
10095,9007
10096,9008
10097,9009
10098,9010
10099,8962
10100,8963
10101,8964
10102,8965
10103,8966
10104,8921
10105,8922
10106,8923
10107,8924
10108,8925
10109,8926
10109,8967
10109,9011
10110,9000
10111,9001
10112,9002
10113,9003
10114,9004
10115,9005
10116,8959
10117,8960
10118,8961
10119,8918
10120,8919
10121,8920
10140,8927
10140,8968
10140,9012
10141,8928
10141,8969
10141,9013
10142,8929
10142,8970
10142,9014
10143,8930
10143,8971
10143,9015
10144,8931
10144,8972
10144,9016
10145,8932
10145,8973
10145,9017
10146,8933
10146,8974
10146,9018
10147,8934
10147,8975
10147,9019
10148,8935
10148,8976
10148,9020
10149,8936
10149,8977
10149,9021
10150,8937
10150,8978
10150,9022
10151,8938
10151,8979
10151,9023
10152,8939
10152,8980
10152,9024
10153,8940
10153,8981
10153,9025
10154,8941
10154,8982
10154,9026
10155,8942
10155,8983
10155,9027
10156,8943
10156,8984
10156,9028
10157,8944
10157,8985
10157,9029
10158,8945
10158,8986
10158,9030
10159,8946
10159,8987
10159,9031
10160,8947
10160,8988
10160,9032
10161,8948
10161,8989
10161,9033
10162,8949
10162,8990
10162,9034
10163,8950
10163,8991
10163,9035
10164,8951
10164,8992
10164,9036
10165,8952
10165,8993
10165,9037
10166,8953
10166,8994
10166,9038
10167,8954
10167,8995
10167,9039
10168,8955
10168,8996
10168,9040
10170,8916
10170,8957
10170,8998
10171,8917
10171,8958
10171,8999
10172,9006
10173,9007
10174,9008
10175,9009
10176,9010
10177,8962
10178,8963
10179,8964
10180,8965
10181,8966
10182,8921
10183,8922
10184,8923
10185,8924
10186,8925
10187,8926
10187,8967
10187,9011
10188,9000
10189,9001
10190,9002
10191,9003
10192,9004
10193,9005
10194,8959
10195,8960
10196,8961
10197,8918
10198,8919
10199,8920
10218,8927
10218,8968
10218,9012
10219,8928
10219,8969
10219,9013
10220,8929
10220,8970
10220,9014
10221,8930
10221,8971
10221,9015
10222,8931
10222,8972
10222,9016
10223,8932
10223,8973
10223,9017
10224,8933
10224,8974
10224,9018
10225,8934
10225,8975
10225,9019
10226,8935
10226,8976
10226,9020
10227,8936
10227,8977
10227,9021
10228,8937
10228,8978
10228,9022
10229,8938
10229,8979
10229,9023
10230,8939
10230,8980
10230,9024
10231,8940
10231,8981
10231,9025
10232,8941
10232,8982
10232,9026
10233,8942
10233,8983
10233,9027
10234,8943
10234,8984
10234,9028
10235,8944
10235,8985
10235,9029
10236,8945
10236,8986
10236,9030
10237,8946
10237,8987
10237,9031
10238,8947
10238,8988
10238,9032
10239,8948
10239,8989
10239,9033
10240,8949
10240,8990
10240,9034
10241,8950
10241,8991
10241,9035
10242,8951
10242,8992
10242,9036
10243,8952
10243,8993
10243,9037
10244,8953
10244,8994
10244,9038
10245,8954
10245,8995
10245,9039
10246,8955
10246,8996
10246,9040
10257,9042
10257,9086
10257,9127
10258,9043
10258,9087
10258,9128
10259,9050
10260,9051
10261,9052
10262,9053
10263,9054
10264,9091
10265,9092
10266,9093
10267,9094
10268,9095
10269,9132
10270,9133
10271,9134
10272,9135
10273,9136
10274,9055
10274,9096
10274,9137
10275,9044
10276,9045
10277,9046
10278,9047
10279,9048
10280,9049
10281,9088
10282,9089
10283,9090
10284,9129
10285,9130
10286,9131
10305,9056
10305,9097
10305,9138
10306,9057
10306,9098
10306,9139
10307,9058
10307,9099
10307,9140
10308,9059
10308,9100
10308,9141
10309,9060
10309,9101
10309,9142
10310,9061
10310,9102
10310,9143
10311,9062
10311,9103
10311,9144
10312,9063
10312,9104
10312,9145
10313,9064
10313,9105
10313,9146
10314,9065
10314,9106
10314,9147
10315,9066
10315,9107
10315,9148
10316,9067
10316,9108
10316,9149
10317,9068
10317,9109
10317,9150
10318,9069
10318,9110
10318,9151
10319,9070
10319,9111
10319,9152
10320,9071
10320,9112
10320,9153
10321,9072
10321,9113
10321,9154
10322,9073
10322,9114
10322,9155
10323,9074
10323,9115
10323,9156
10324,9075
10324,9116
10324,9157
10325,9076
10325,9117
10325,9158
10326,9077
10326,9118
10326,9159
10327,9078
10327,9119
10327,9160
10328,9079
10328,9120
10328,9161
10329,9080
10329,9121
10329,9162
10330,9081
10330,9122
10330,9163
10331,9082
10331,9123
10331,9164
10332,9083
10332,9124
10332,9165
10333,9084
10333,9125
10333,9166
10344,9042
10344,9086
10344,9127
10345,9043
10345,9087
10345,9128
10346,9050
10347,9051
10348,9052
10349,9053
10350,9054
10351,9091
10352,9092
10353,9093
10354,9094
10355,9095
10356,9132
10357,9133
10358,9134
10359,9135
10360,9136
10361,9055
10361,9096
10361,9137
10362,9044
10363,9045
10364,9046
10365,9047
10366,9048
10367,9049
10368,9088
10369,9089
10370,9090
10371,9129
10372,9130
10373,9131
10392,9056
10392,9097
10392,9138
10393,9057
10393,9098
10393,9139
10394,9058
10394,9099
10394,9140
10395,9059
10395,9100
10395,9141
10396,9060
10396,9101
10396,9142
10397,9061
10397,9102
10397,9143
10398,9062
10398,9103
10398,9144
10399,9063
10399,9104
10399,9145
10400,9064
10400,9105
10400,9146
10401,9065
10401,9106
10401,9147
10402,9066
10402,9107
10402,9148
10403,9067
10403,9108
10403,9149
10404,9068
10404,9109
10404,9150
10405,9069
10405,9110
10405,9151
10406,9070
10406,9111
10406,9152
10407,9071
10407,9112
10407,9153
10408,9072
10408,9113
10408,9154
10409,9073
10409,9114
10409,9155
10410,9074
10410,9115
10410,9156
10411,9075
10411,9116
10411,9157
10412,9076
10412,9117
10412,9158
10413,9077
10413,9118
10413,9159
10414,9078
10414,9119
10414,9160
10415,9079
10415,9120
10415,9161
10416,9080
10416,9121
10416,9162
10417,9081
10417,9122
10417,9163
10418,9082
10418,9123
10418,9164
10419,9083
10419,9124
10419,9165
10420,9084
10420,9125
10420,9166
10431,9042
10431,9086
10431,9127
10432,9043
10432,9087
10432,9128
10433,9050
10434,9051
10435,9052
10436,9053
10437,9054
10438,9091
10439,9092
10440,9093
10441,9094
10442,9095
10443,9132
10444,9133
10445,9134
10446,9135
10447,9136
10448,9055
10448,9096
10448,9137
10449,9044
10450,9045
10451,9046
10452,9047
10453,9048
10454,9049
10455,9088
10456,9089
10457,9090
10458,9129
10459,9130
10460,9131
10479,9056
10479,9097
10479,9138
10480,9057
10480,9098
10480,9139
10481,9058
10481,9099
10481,9140
10482,9059
10482,9100
10482,9141
10483,9060
10483,9101
10483,9142
10484,9061
10484,9102
10484,9143
10485,9062
10485,9103
10485,9144
10486,9063
10486,9104
10486,9145
10487,9064
10487,9105
10487,9146
10488,9065
10488,9106
10488,9147
10489,9066
10489,9107
10489,9148
10490,9067
10490,9108
10490,9149
10491,9068
10491,9109
10491,9150
10492,9069
10492,9110
10492,9151
10493,9070
10493,9111
10493,9152
10494,9071
10494,9112
10494,9153
10495,9072
10495,9113
10495,9154
10496,9073
10496,9114
10496,9155
10497,9074
10497,9115
10497,9156
10498,9075
10498,9116
10498,9157
10499,9076
10499,9117
10499,9158
10500,9077
10500,9118
10500,9159
10501,9078
10501,9119
10501,9160
10502,9079
10502,9120
10502,9161
10503,9080
10503,9121
10503,9162
10504,9081
10504,9122
10504,9163
10505,9082
10505,9123
10505,9164
10506,9083
10506,9124
10506,9165
10507,9084
10507,9125
10507,9166
10518,9168
10518,9209
10518,9250
10519,9169
10519,9210
10519,9251
10520,9258
10521,9259
10522,9260
10523,9261
10524,9262
10525,9214
10526,9215
10527,9216
10528,9217
10529,9218
10530,9173
10531,9174
10532,9175
10533,9176
10534,9177
10535,9178
10535,9219
10535,9263
10536,9252
10537,9253
10538,9254
10539,9255
10540,9256
10541,9257
10542,9211
10543,9212
10544,9213
10545,9170
10546,9171
10547,9172
10566,9179
10566,9220
10566,9264
10567,9180
10567,9221
10567,9265
10568,9181
10568,9222
10568,9266
10569,9182
10569,9223
10569,9267
10570,9183
10570,9224
10570,9268
10571,9184
10571,9225
10571,9269
10572,9185
10572,9226
10572,9270
10573,9186
10573,9227
10573,9271
10574,9187
10574,9228
10574,9272
10575,9188
10575,9229
10575,9273
10576,9189
10576,9230
10576,9274
10577,9190
10577,9231
10577,9275
10578,9191
10578,9232
10578,9276
10579,9192
10579,9233
10579,9277
10580,9193
10580,9234
10580,9278
10581,9194
10581,9235
10581,9279
10582,9195
10582,9236
10582,9280
10583,9196
10583,9237
10583,9281
10584,9197
10584,9238
10584,9282
10585,9198
10585,9239
10585,9283
10586,9199
10586,9240
10586,9284
10587,9200
10587,9241
10587,9285
10588,9201
10588,9242
10588,9286
10589,9202
10589,9243
10589,9287
10590,9203
10590,9244
10590,9288
10591,9204
10591,9245
10591,9289
10592,9205
10592,9246
10592,9290
10593,9206
10593,9247
10593,9291
10594,9207
10594,9248
10594,9292
10605,9168
10605,9209
10605,9250
10606,9169
10606,9210
10606,9251
10607,9258
10608,9259
10609,9260
10610,9261
10611,9262
10612,9214
10613,9215
10614,9216
10615,9217
10616,9218
10617,9173
10618,9174
10619,9175
10620,9176
10621,9177
10622,9178
10622,9219
10622,9263
10623,9252
10624,9253
10625,9254
10626,9255
10627,9256
10628,9257
10629,9211
10630,9212
10631,9213
10632,9170
10633,9171
10634,9172
10653,9179
10653,9220
10653,9264
10654,9180
10654,9221
10654,9265
10655,9181
10655,9222
10655,9266
10656,9182
10656,9223
10656,9267
10657,9183
10657,9224
10657,9268
10658,9184
10658,9225
10658,9269
10659,9185
10659,9226
10659,9270
10660,9186
10660,9227
10660,9271
10661,9187
10661,9228
10661,9272
10662,9188
10662,9229
10662,9273
10663,9189
10663,9230
10663,9274
10664,9190
10664,9231
10664,9275
10665,9191
10665,9232
10665,9276
10666,9192
10666,9233
10666,9277
10667,9193
10667,9234
10667,9278
10668,9194
10668,9235
10668,9279
10669,9195
10669,9236
10669,9280
10670,9196
10670,9237
10670,9281
10671,9197
10671,9238
10671,9282
10672,9198
10672,9239
10672,9283
10673,9199
10673,9240
10673,9284
10674,9200
10674,9241
10674,9285
10675,9201
10675,9242
10675,9286
10676,9202
10676,9243
10676,9287
10677,9203
10677,9244
10677,9288
10678,9204
10678,9245
10678,9289
10679,9205
10679,9246
10679,9290
10680,9206
10680,9247
10680,9291
10681,9207
10681,9248
10681,9292
10692,9168
10692,9209
10692,9250
10693,9169
10693,9210
10693,9251
10694,9258
10695,9259
10696,9260
10697,9261
10698,9262
10699,9214
10700,9215
10701,9216
10702,9217
10703,9218
10704,9173
10705,9174
10706,9175
10707,9176
10708,9177
10709,9178
10709,9219
10709,9263
10710,9252
10711,9253
10712,9254
10713,9255
10714,9256
10715,9257
10716,9211
10717,9212
10718,9213
10719,9170
10720,9171
10721,9172
10740,9179
10740,9220
10740,9264
10741,9180
10741,9221
10741,9265
10742,9181
10742,9222
10742,9266
10743,9182
10743,9223
10743,9267
10744,9183
10744,9224
10744,9268
10745,9184
10745,9225
10745,9269
10746,9185
10746,9226
10746,9270
10747,9186
10747,9227
10747,9271
10748,9187
10748,9228
10748,9272
10749,9188
10749,9229
10749,9273
10750,9189
10750,9230
10750,9274
10751,9190
10751,9231
10751,9275
10752,9191
10752,9232
10752,9276
10753,9192
10753,9233
10753,9277
10754,9193
10754,9234
10754,9278
10755,9194
10755,9235
10755,9279
10756,9195
10756,9236
10756,9280
10757,9196
10757,9237
10757,9281
10758,9197
10758,9238
10758,9282
10759,9198
10759,9239
10759,9283
10760,9199
10760,9240
10760,9284
10761,9200
10761,9241
10761,9285
10762,9201
10762,9242
10762,9286
10763,9202
10763,9243
10763,9287
10764,9203
10764,9244
10764,9288
10765,9204
10765,9245
10765,9289
10766,9205
10766,9246
10766,9290
10767,9206
10767,9247
10767,9291
10768,9207
10768,9248
10768,9292
10779,9294
10779,9338
10779,9379
10780,9295
10780,9339
10780,9380
10781,9302
10782,9303
10783,9304
10784,9305
10785,9306
10786,9343
10787,9344
10788,9345
10789,9346
10790,9347
10791,9384
10792,9385
10793,9386
10794,9387
10795,9388
10796,9307
10796,9348
10796,9389
10797,9296
10798,9297
10799,9298
10800,9299
10801,9300
10802,9301
10803,9340
10804,9341
10805,9342
10806,9381
10807,9382
10808,9383
10827,9308
10827,9349
10827,9390
10828,9309
10828,9350
10828,9391
10829,9310
10829,9351
10829,9392
10830,9311
10830,9352
10830,9393
10831,9312
10831,9353
10831,9394
10832,9313
10832,9354
10832,9395
10833,9314
10833,9355
10833,9396
10834,9315
10834,9356
10834,9397
10835,9316
10835,9357
10835,9398
10836,9317
10836,9358
10836,9399
10837,9318
10837,9359
10837,9400
10838,9319
10838,9360
10838,9401
10839,9320
10839,9361
10839,9402
10840,9321
10840,9362
10840,9403
10841,9322
10841,9363
10841,9404
10842,9323
10842,9364
10842,9405
10843,9324
10843,9365
10843,9406
10844,9325
10844,9366
10844,9407
10845,9326
10845,9367
10845,9408
10846,9327
10846,9368
10846,9409
10847,9328
10847,9369
10847,9410
10848,9329
10848,9370
10848,9411
10849,9330
10849,9371
10849,9412
10850,9331
10850,9372
10850,9413
10851,9332
10851,9373
10851,9414
10852,9333
10852,9374
10852,9415
10853,9334
10853,9375
10853,9416
10854,9335
10854,9376
10854,9417
10855,9336
10855,9377
10855,9418
10866,9294
10866,9338
10866,9379
10867,9295
10867,9339
10867,9380
10868,9302
10869,9303
10870,9304
10871,9305
10872,9306
10873,9343
10874,9344
10875,9345
10876,9346
10877,9347
10878,9384
10879,9385
10880,9386
10881,9387
10882,9388
10883,9307
10883,9348
10883,9389
10884,9296
10885,9297
10886,9298
10887,9299
10888,9300
10889,9301
10890,9340
10891,9341
10892,9342
10893,9381
10894,9382
10895,9383
10914,9308
10914,9349
10914,9390
10915,9309
10915,9350
10915,9391
10916,9310
10916,9351
10916,9392
10917,9311
10917,9352
10917,9393
10918,9312
10918,9353
10918,9394
10919,9313
10919,9354
10919,9395
10920,9314
10920,9355
10920,9396
10921,9315
10921,9356
10921,9397
10922,9316
10922,9357
10922,9398
10923,9317
10923,9358
10923,9399
10924,9318
10924,9359
10924,9400
10925,9319
10925,9360
10925,9401
10926,9320
10926,9361
10926,9402
10927,9321
10927,9362
10927,9403
10928,9322
10928,9363
10928,9404
10929,9323
10929,9364
10929,9405
10930,9324
10930,9365
10930,9406
10931,9325
10931,9366
10931,9407
10932,9326
10932,9367
10932,9408
10933,9327
10933,9368
10933,9409
10934,9328
10934,9369
10934,9410
10935,9329
10935,9370
10935,9411
10936,9330
10936,9371
10936,9412
10937,9331
10937,9372
10937,9413
10938,9332
10938,9373
10938,9414
10939,9333
10939,9374
10939,9415
10940,9334
10940,9375
10940,9416
10941,9335
10941,9376
10941,9417
10942,9336
10942,9377
10942,9418
10953,9294
10953,9338
10953,9379
10954,9295
10954,9339
10954,9380
10955,9302
10956,9303
10957,9304
10958,9305
10959,9306
10960,9343
10961,9344
10962,9345
10963,9346
10964,9347
10965,9384
10966,9385
10967,9386
10968,9387
10969,9388
10970,9307
10970,9348
10970,9389
10971,9296
10972,9297
10973,9298
10974,9299
10975,9300
10976,9301
10977,9340
10978,9341
10979,9342
10980,9381
10981,9382
10982,9383
11001,9308
11001,9349
11001,9390
11002,9309
11002,9350
11002,9391
11003,9310
11003,9351
11003,9392
11004,9311
11004,9352
11004,9393
11005,9312
11005,9353
11005,9394
11006,9313
11006,9354
11006,9395
11007,9314
11007,9355
11007,9396
11008,9315
11008,9356
11008,9397
11009,9316
11009,9357
11009,9398
11010,9317
11010,9358
11010,9399
11011,9318
11011,9359
11011,9400
11012,9319
11012,9360
11012,9401
11013,9320
11013,9361
11013,9402
11014,9321
11014,9362
11014,9403
11015,9322
11015,9363
11015,9404
11016,9323
11016,9364
11016,9405
11017,9324
11017,9365
11017,9406
11018,9325
11018,9366
11018,9407
11019,9326
11019,9367
11019,9408
11020,9327
11020,9368
11020,9409
11021,9328
11021,9369
11021,9410
11022,9329
11022,9370
11022,9411
11023,9330
11023,9371
11023,9412
11024,9331
11024,9372
11024,9413
11025,9332
11025,9373
11025,9414
11026,9333
11026,9374
11026,9415
11027,9334
11027,9375
11027,9416
11028,9335
11028,9376
11028,9417
11029,9336
11029,9377
11029,9418
11040,9420
11040,9461
11040,9502
11041,9421
11041,9462
11041,9503
11042,9510
11043,9511
11044,9512
11045,9513
11046,9514
11047,9466
11048,9467
11049,9468
11050,9469
11051,9470
11052,9425
11053,9426
11054,9427
11055,9428
11056,9429
11057,9430
11057,9471
11057,9515
11058,9504
11059,9505
11060,9506
11061,9507
11062,9508
11063,9509
11064,9463
11065,9464
11066,9465
11067,9422
11068,9423
11069,9424
11088,9431
11088,9472
11088,9516
11089,9432
11089,9473
11089,9517
11090,9433
11090,9474
11090,9518
11091,9434
11091,9475
11091,9519
11092,9435
11092,9476
11092,9520
11093,9436
11093,9477
11093,9521
11094,9437
11094,9478
11094,9522
11095,9438
11095,9479
11095,9523
11096,9439
11096,9480
11096,9524
11097,9440
11097,9481
11097,9525
11098,9441
11098,9482
11098,9526
11099,9442
11099,9483
11099,9527
11100,9443
11100,9484
11100,9528
11101,9444
11101,9485
11101,9529
11102,9445
11102,9486
11102,9530
11103,9446
11103,9487
11103,9531
11104,9447
11104,9488
11104,9532
11105,9448
11105,9489
11105,9533
11106,9449
11106,9490
11106,9534
11107,9450
11107,9491
11107,9535
11108,9451
11108,9492
11108,9536
11109,9452
11109,9493
11109,9537
11110,9453
11110,9494
11110,9538
11111,9454
11111,9495
11111,9539
11112,9455
11112,9496
11112,9540
11113,9456
11113,9497
11113,9541
11114,9457
11114,9498
11114,9542
11115,9458
11115,9499
11115,9543
11116,9459
11116,9500
11116,9544
11118,9420
11118,9461
11118,9502
11119,9421
11119,9462
11119,9503
11120,9510
11121,9511
11122,9512
11123,9513
11124,9514
11125,9466
11126,9467
11127,9468
11128,9469
11129,9470
11130,9425
11131,9426
11132,9427
11133,9428
11134,9429
11135,9430
11135,9471
11135,9515
11136,9504
11137,9505
11138,9506
11139,9507
11140,9508
11141,9509
11142,9463
11143,9464
11144,9465
11145,9422
11146,9423
11147,9424
11166,9431
11166,9472
11166,9516
11167,9432
11167,9473
11167,9517
11168,9433
11168,9474
11168,9518
11169,9434
11169,9475
11169,9519
11170,9435
11170,9476
11170,9520
11171,9436
11171,9477
11171,9521
11172,9437
11172,9478
11172,9522
11173,9438
11173,9479
11173,9523
11174,9439
11174,9480
11174,9524
11175,9440
11175,9481
11175,9525
11176,9441
11176,9482
11176,9526
11177,9442
11177,9483
11177,9527
11178,9443
11178,9484
11178,9528
11179,9444
11179,9485
11179,9529
11180,9445
11180,9486
11180,9530
11181,9446
11181,9487
11181,9531
11182,9447
11182,9488
11182,9532
11183,9448
11183,9489
11183,9533
11184,9449
11184,9490
11184,9534
11185,9450
11185,9491
11185,9535
11186,9451
11186,9492
11186,9536
11187,9452
11187,9493
11187,9537
11188,9453
11188,9494
11188,9538
11189,9454
11189,9495
11189,9539
11190,9455
11190,9496
11190,9540
11191,9456
11191,9497
11191,9541
11192,9457
11192,9498
11192,9542
11193,9458
11193,9499
11193,9543
11194,9459
11194,9500
11194,9544
11205,9420
11205,9461
11205,9502
11206,9421
11206,9462
11206,9503
11207,9510
11208,9511
11209,9512
11210,9513
11211,9514
11212,9466
11213,9467
11214,9468
11215,9469
11216,9470
11217,9425
11218,9426
11219,9427
11220,9428
11221,9429
11222,9430
11222,9471
11222,9515
11223,9504
11224,9505
11225,9506
11226,9507
11227,9508
11228,9509
11229,9463
11230,9464
11231,9465
11232,9422
11233,9423
11234,9424
11253,9431
11253,9472
11253,9516
11254,9432
11254,9473
11254,9517
11255,9433
11255,9474
11255,9518
11256,9434
11256,9475
11256,9519
11257,9435
11257,9476
11257,9520
11258,9436
11258,9477
11258,9521
11259,9437
11259,9478
11259,9522
11260,9438
11260,9479
11260,9523
11261,9439
11261,9480
11261,9524
11262,9440
11262,9481
11262,9525
11263,9441
11263,9482
11263,9526
11264,9442
11264,9483
11264,9527
11265,9443
11265,9484
11265,9528
11266,9444
11266,9485
11266,9529
11267,9445
11267,9486
11267,9530
11268,9446
11268,9487
11268,9531
11269,9447
11269,9488
11269,9532
11270,9448
11270,9489
11270,9533
11271,9449
11271,9490
11271,9534
11272,9450
11272,9491
11272,9535
11273,9451
11273,9492
11273,9536
11274,9452
11274,9493
11274,9537
11275,9453
11275,9494
11275,9538
11276,9454
11276,9495
11276,9539
11277,9455
11277,9496
11277,9540
11278,9456
11278,9497
11278,9541
11279,9457
11279,9498
11279,9542
11280,9458
11280,9499
11280,9543
11281,9459
11281,9500
11281,9544
11292,9546
11292,9590
11292,9631
11293,9547
11293,9591
11293,9632
11294,9554
11295,9555
11296,9556
11297,9557
11298,9558
11299,9595
11300,9596
11301,9597
11302,9598
11303,9599
11304,9636
11305,9637
11306,9638
11307,9639
11308,9640
11309,9559
11309,9600
11309,9641
11310,9548
11311,9549
11312,9550
11313,9551
11314,9552
11315,9553
11316,9592
11317,9593
11318,9594
11319,9633
11320,9634
11321,9635
11340,9560
11340,9601
11340,9642
11341,9561
11341,9602
11341,9643
11342,9562
11342,9603
11342,9644
11343,9563
11343,9604
11343,9645
11344,9564
11344,9605
11344,9646
11345,9565
11345,9606
11345,9647
11346,9566
11346,9607
11346,9648
11347,9567
11347,9608
11347,9649
11348,9568
11348,9609
11348,9650
11349,9569
11349,9610
11349,9651
11350,9570
11350,9611
11350,9652
11351,9571
11351,9612
11351,9653
11352,9572
11352,9613
11352,9654
11353,9573
11353,9614
11353,9655
11354,9574
11354,9615
11354,9656
11355,9575
11355,9616
11355,9657
11356,9576
11356,9617
11356,9658
11357,9577
11357,9618
11357,9659
11358,9578
11358,9619
11358,9660
11359,9579
11359,9620
11359,9661
11360,9580
11360,9621
11360,9662
11361,9581
11361,9622
11361,9663
11362,9582
11362,9623
11362,9664
11363,9583
11363,9624
11363,9665
11364,9584
11364,9625
11364,9666
11365,9585
11365,9626
11365,9667
11366,9586
11366,9627
11366,9668
11367,9587
11367,9628
11367,9669
11368,9588
11368,9629
11368,9670
11379,9546
11379,9590
11379,9631
11380,9547
11380,9591
11380,9632
11381,9554
11382,9555
11383,9556
11384,9557
11385,9558
11386,9595
11387,9596
11388,9597
11389,9598
11390,9599
11391,9636
11392,9637
11393,9638
11394,9639
11395,9640
11396,9559
11396,9600
11396,9641
11397,9548
11398,9549
11399,9550
11400,9551
11401,9552
11402,9553
11403,9592
11404,9593
11405,9594
11406,9633
11407,9634
11408,9635
11427,9560
11427,9601
11427,9642
11428,9561
11428,9602
11428,9643
11429,9562
11429,9603
11429,9644
11430,9563
11430,9604
11430,9645
11431,9564
11431,9605
11431,9646
11432,9565
11432,9606
11432,9647
11433,9566
11433,9607
11433,9648
11434,9567
11434,9608
11434,9649
11435,9568
11435,9609
11435,9650
11436,9569
11436,9610
11436,9651
11437,9570
11437,9611
11437,9652
11438,9571
11438,9612
11438,9653
11439,9572
11439,9613
11439,9654
11440,9573
11440,9614
11440,9655
11441,9574
11441,9615
11441,9656
11442,9575
11442,9616
11442,9657
11443,9576
11443,9617
11443,9658
11444,9577
11444,9618
11444,9659
11445,9578
11445,9619
11445,9660
11446,9579
11446,9620
11446,9661
11447,9580
11447,9621
11447,9662
11448,9581
11448,9622
11448,9663
11449,9582
11449,9623
11449,9664
11450,9583
11450,9624
11450,9665
11451,9584
11451,9625
11451,9666
11452,9585
11452,9626
11452,9667
11453,9586
11453,9627
11453,9668
11454,9587
11454,9628
11454,9669
11455,9588
11455,9629
11455,9670
11466,9546
11466,9590
11466,9631
11467,9547
11467,9591
11467,9632
11468,9554
11469,9555
11470,9556
11471,9557
11472,9558
11473,9595
11474,9596
11475,9597
11476,9598
11477,9599
11478,9636
11479,9637
11480,9638
11481,9639
11482,9640
11483,9559
11483,9600
11483,9641
11484,9548
11485,9549
11486,9550
11487,9551
11488,9552
11489,9553
11490,9592
11491,9593
11492,9594
11493,9633
11494,9634
11495,9635
11514,9560
11514,9601
11514,9642
11515,9561
11515,9602
11515,9643
11516,9562
11516,9603
11516,9644
11517,9563
11517,9604
11517,9645
11518,9564
11518,9605
11518,9646
11519,9565
11519,9606
11519,9647
11520,9566
11520,9607
11520,9648
11521,9567
11521,9608
11521,9649
11522,9568
11522,9609
11522,9650
11523,9569
11523,9610
11523,9651
11524,9570
11524,9611
11524,9652
11525,9571
11525,9612
11525,9653
11526,9572
11526,9613
11526,9654
11527,9573
11527,9614
11527,9655
11528,9574
11528,9615
11528,9656
11529,9575
11529,9616
11529,9657
11530,9576
11530,9617
11530,9658
11531,9577
11531,9618
11531,9659
11532,9578
11532,9619
11532,9660
11533,9579
11533,9620
11533,9661
11534,9580
11534,9621
11534,9662
11535,9581
11535,9622
11535,9663
11536,9582
11536,9623
11536,9664
11537,9583
11537,9624
11537,9665
11538,9584
11538,9625
11538,9666
11539,9585
11539,9626
11539,9667
11540,9586
11540,9627
11540,9668
11541,9587
11541,9628
11541,9669
11542,9588
11542,9629
11542,9670
11561,9672
11561,9713
11561,9754
11562,9673
11562,9714
11562,9755
11563,9762
11564,9763
11565,9764
11566,9765
11567,9766
11568,9718
11569,9719
11570,9720
11571,9721
11572,9722
11573,9677
11574,9678
11575,9679
11576,9680
11577,9681
11578,9682
11578,9723
11578,9767
11579,9756
11580,9757
11581,9758
11582,9759
11583,9760
11584,9761
11585,9715
11586,9716
11587,9717
11588,9674
11589,9675
11590,9676
11609,9683
11609,9724
11609,9768
11610,9684
11610,9725
11610,9769
11611,9685
11611,9726
11611,9770
11612,9686
11612,9727
11612,9771
11613,9687
11613,9728
11613,9772
11614,9688
11614,9729
11614,9773
11615,9689
11615,9730
11615,9774
11616,9690
11616,9731
11616,9775
11617,9691
11617,9732
11617,9776
11618,9692
11618,9733
11618,9777
11619,9693
11619,9734
11619,9778
11620,9694
11620,9735
11620,9779
11621,9695
11621,9736
11621,9780
11622,9696
11622,9737
11622,9781
11623,9697
11623,9738
11623,9782
11624,9698
11624,9739
11624,9783
11625,9699
11625,9740
11625,9784
11626,9700
11626,9741
11626,9785
11627,9701
11627,9742
11627,9786
11628,9702
11628,9743
11628,9787
11629,9703
11629,9744
11629,9788
11630,9704
11630,9745
11630,9789
11631,9705
11631,9746
11631,9790
11632,9706
11632,9747
11632,9791
11633,9707
11633,9748
11633,9792
11634,9708
11634,9749
11634,9793
11635,9709
11635,9750
11635,9794
11636,9710
11636,9751
11636,9795
11637,9711
11637,9752
11637,9796
11649,9672
11649,9713
11649,9754
11650,9673
11650,9714
11650,9755
11651,9762
11652,9763
11653,9764
11654,9765
11655,9766
11656,9718
11657,9719
11658,9720
11659,9721
11660,9722
11661,9677
11662,9678
11663,9679
11664,9680
11665,9681
11666,9682
11666,9723
11666,9767
11667,9756
11668,9757
11669,9758
11670,9759
11671,9760
11672,9761
11673,9715
11674,9716
11675,9717
11676,9674
11677,9675
11678,9676
11697,9683
11697,9724
11697,9768
11698,9684
11698,9725
11698,9769
11699,9685
11699,9726
11699,9770
11700,9686
11700,9727
11700,9771
11701,9687
11701,9728
11701,9772
11702,9688
11702,9729
11702,9773
11703,9689
11703,9730
11703,9774
11704,9690
11704,9731
11704,9775
11705,9691
11705,9732
11705,9776
11706,9692
11706,9733
11706,9777
11707,9693
11707,9734
11707,9778
11708,9694
11708,9735
11708,9779
11709,9695
11709,9736
11709,9780
11710,9696
11710,9737
11710,9781
11711,9697
11711,9738
11711,9782
11712,9698
11712,9739
11712,9783
11713,9699
11713,9740
11713,9784
11714,9700
11714,9741
11714,9785
11715,9701
11715,9742
11715,9786
11716,9702
11716,9743
11716,9787
11717,9703
11717,9744
11717,9788
11718,9704
11718,9745
11718,9789
11719,9705
11719,9746
11719,9790
11720,9706
11720,9747
11720,9791
11721,9707
11721,9748
11721,9792
11722,9708
11722,9749
11722,9793
11723,9709
11723,9750
11723,9794
11724,9710
11724,9751
11724,9795
11725,9711
11725,9752
11725,9796
11737,9672
11737,9713
11737,9754
11738,9673
11738,9714
11738,9755
11739,9762
11740,9763
11741,9764
11742,9765
11743,9766
11744,9718
11745,9719
11746,9720
11747,9721
11748,9722
11749,9677
11750,9678
11751,9679
11752,9680
11753,9681
11754,9682
11754,9723
11754,9767
11755,9756
11756,9757
11757,9758
11758,9759
11759,9760
11760,9761
11761,9715
11762,9716
11763,9717
11764,9674
11765,9675
11766,9676
11785,9683
11785,9724
11785,9768
11786,9684
11786,9725
11786,9769
11787,9685
11787,9726
11787,9770
11788,9686
11788,9727
11788,9771
11789,9687
11789,9728
11789,9772
11790,9688
11790,9729
11790,9773
11791,9689
11791,9730
11791,9774
11792,9690
11792,9731
11792,9775
11793,9691
11793,9732
11793,9776
11794,9692
11794,9733
11794,9777
11795,9693
11795,9734
11795,9778
11796,9694
11796,9735
11796,9779
11797,9695
11797,9736
11797,9780
11798,9696
11798,9737
11798,9781
11799,9697
11799,9738
11799,9782
11800,9698
11800,9739
11800,9783
11801,9699
11801,9740
11801,9784
11802,9700
11802,9741
11802,9785
11803,9701
11803,9742
11803,9786
11804,9702
11804,9743
11804,9787
11805,9703
11805,9744
11805,9788
11806,9704
11806,9745
11806,9789
11807,9705
11807,9746
11807,9790
11808,9706
11808,9747
11808,9791
11809,9707
11809,9748
11809,9792
11810,9708
11810,9749
11810,9793
11811,9709
11811,9750
11811,9794
11812,9710
11812,9751
11812,9795
11813,9711
11813,9752
11813,9796
11833,9798
11833,9842
11833,9883
11834,9799
11834,9843
11834,9884
11835,9806
11836,9807
11837,9808
11838,9809
11839,9810
11840,9847
11841,9848
11842,9849
11843,9850
11844,9851
11845,9888
11846,9889
11847,9890
11848,9891
11849,9892
11850,9811
11850,9852
11850,9893
11851,9800
11852,9801
11853,9802
11854,9803
11855,9804
11856,9805
11857,9844
11858,9845
11859,9846
11860,9885
11861,9886
11862,9887
11881,9812
11881,9853
11881,9894
11882,9813
11882,9854
11882,9895
11883,9814
11883,9855
11883,9896
11884,9815
11884,9856
11884,9897
11885,9816
11885,9857
11885,9898
11886,9817
11886,9858
11886,9899
11887,9818
11887,9859
11887,9900
11888,9819
11888,9860
11888,9901
11889,9820
11889,9861
11889,9902
11890,9821
11890,9862
11890,9903
11891,9822
11891,9863
11891,9904
11892,9823
11892,9864
11892,9905
11893,9824
11893,9865
11893,9906
11894,9825
11894,9866
11894,9907
11895,9826
11895,9867
11895,9908
11896,9827
11896,9868
11896,9909
11897,9828
11897,9869
11897,9910
11898,9829
11898,9870
11898,9911
11899,9830
11899,9871
11899,9912
11900,9831
11900,9872
11900,9913
11901,9832
11901,9873
11901,9914
11902,9833
11902,9874
11902,9915
11903,9834
11903,9875
11903,9916
11904,9835
11904,9876
11904,9917
11905,9836
11905,9877
11905,9918
11906,9837
11906,9878
11906,9919
11907,9838
11907,9879
11907,9920
11908,9839
11908,9880
11908,9921
11909,9840
11909,9881
11909,9922
11921,9798
11921,9842
11921,9883
11922,9799
11922,9843
11922,9884
11923,9806
11924,9807
11925,9808
11926,9809
11927,9810
11928,9847
11929,9848
11930,9849
11931,9850
11932,9851
11933,9888
11934,9889
11935,9890
11936,9891
11937,9892
11938,9811
11938,9852
11938,9893
11939,9800
11940,9801
11941,9802
11942,9803
11943,9804
11944,9805
11945,9844
11946,9845
11947,9846
11948,9885
11949,9886
11950,9887
11969,9812
11969,9853
11969,9894
11970,9813
11970,9854
11970,9895
11971,9814
11971,9855
11971,9896
11972,9815
11972,9856
11972,9897
11973,9816
11973,9857
11973,9898
11974,9817
11974,9858
11974,9899
11975,9818
11975,9859
11975,9900
11976,9819
11976,9860
11976,9901
11977,9820
11977,9861
11977,9902
11978,9821
11978,9862
11978,9903
11979,9822
11979,9863
11979,9904
11980,9823
11980,9864
11980,9905
11981,9824
11981,9865
11981,9906
11982,9825
11982,9866
11982,9907
11983,9826
11983,9867
11983,9908
11984,9827
11984,9868
11984,9909
11985,9828
11985,9869
11985,9910
11986,9829
11986,9870
11986,9911
11987,9830
11987,9871
11987,9912
11988,9831
11988,9872
11988,9913
11989,9832
11989,9873
11989,9914
11990,9833
11990,9874
11990,9915
11991,9834
11991,9875
11991,9916
11992,9835
11992,9876
11992,9917
11993,9836
11993,9877
11993,9918
11994,9837
11994,9878
11994,9919
11995,9838
11995,9879
11995,9920
11996,9839
11996,9880
11996,9921
11997,9840
11997,9881
11997,9922
12009,9798
12009,9842
12009,9883
12010,9799
12010,9843
12010,9884
12011,9806
12012,9807
12013,9808
12014,9809
12015,9810
12016,9847
12017,9848
12018,9849
12019,9850
12020,9851
12021,9888
12022,9889
12023,9890
12024,9891
12025,9892
12026,9811
12026,9852
12026,9893
12027,9800
12028,9801
12029,9802
12030,9803
12031,9804
12032,9805
12033,9844
12034,9845
12035,9846
12036,9885
12037,9886
12038,9887
12057,9812
12057,9853
12057,9894
12058,9813
12058,9854
12058,9895
12059,9814
12059,9855
12059,9896
12060,9815
12060,9856
12060,9897
12061,9816
12061,9857
12061,9898
12062,9817
12062,9858
12062,9899
12063,9818
12063,9859
12063,9900
12064,9819
12064,9860
12064,9901
12065,9820
12065,9861
12065,9902
12066,9821
12066,9862
12066,9903
12067,9822
12067,9863
12067,9904
12068,9823
12068,9864
12068,9905
12069,9824
12069,9865
12069,9906
12070,9825
12070,9866
12070,9907
12071,9826
12071,9867
12071,9908
12072,9827
12072,9868
12072,9909
12073,9828
12073,9869
12073,9910
12074,9829
12074,9870
12074,9911
12075,9830
12075,9871
12075,9912
12076,9831
12076,9872
12076,9913
12077,9832
12077,9873
12077,9914
12078,9833
12078,9874
12078,9915
12079,9834
12079,9875
12079,9916
12080,9835
12080,9876
12080,9917
12081,9836
12081,9877
12081,9918
12082,9837
12082,9878
12082,9919
12083,9838
12083,9879
12083,9920
12084,9839
12084,9880
12084,9921
12085,9840
12085,9881
12085,9922
12105,9924
12105,9965
12105,10006
12106,9925
12106,9966
12106,10007
12107,10014
12108,10015
12109,10016
12110,10017
12111,10018
12112,9970
12113,9971
12114,9972
12115,9973
12116,9974
12117,9929
12118,9930
12119,9931
12120,9932
12121,9933
12122,9934
12122,9975
12122,10019
12123,10008
12124,10009
12125,10010
12126,10011
12127,10012
12128,10013
12129,9967
12130,9968
12131,9969
12132,9926
12133,9927
12134,9928
12153,9935
12153,9976
12153,10020
12154,9936
12154,9977
12154,10021
12155,9937
12155,9978
12155,10022
12156,9938
12156,9979
12156,10023
12157,9939
12157,9980
12157,10024
12158,9940
12158,9981
12158,10025
12159,9941
12159,9982
12159,10026
12160,9942
12160,9983
12160,10027
12161,9943
12161,9984
12161,10028
12162,9944
12162,9985
12162,10029
12163,9945
12163,9986
12163,10030
12164,9946
12164,9987
12164,10031
12165,9947
12165,9988
12165,10032
12166,9948
12166,9989
12166,10033
12167,9949
12167,9990
12167,10034
12168,9950
12168,9991
12168,10035
12169,9951
12169,9992
12169,10036
12170,9952
12170,9993
12170,10037
12171,9953
12171,9994
12171,10038
12172,9954
12172,9995
12172,10039
12173,9955
12173,9996
12173,10040
12174,9956
12174,9997
12174,10041
12175,9957
12175,9998
12175,10042
12176,9958
12176,9999
12176,10043
12177,9959
12177,10000
12177,10044
12178,9960
12178,10001
12178,10045
12179,9961
12179,10002
12179,10046
12180,9962
12180,10003
12180,10047
12181,9963
12181,10004
12181,10048
12193,9924
12193,9965
12193,10006
12194,9925
12194,9966
12194,10007
12195,10014
12196,10015
12197,10016
12198,10017
12199,10018
12200,9970
12201,9971
12202,9972
12203,9973
12204,9974
12205,9929
12206,9930
12207,9931
12208,9932
12209,9933
12210,9934
12210,9975
12210,10019
12211,10008
12212,10009
12213,10010
12214,10011
12215,10012
12216,10013
12217,9967
12218,9968
12219,9969
12220,9926
12221,9927
12222,9928
12241,9935
12241,9976
12241,10020
12242,9936
12242,9977
12242,10021
12243,9937
12243,9978
12243,10022
12244,9938
12244,9979
12244,10023
12245,9939
12245,9980
12245,10024
12246,9940
12246,9981
12246,10025
12247,9941
12247,9982
12247,10026
12248,9942
12248,9983
12248,10027
12249,9943
12249,9984
12249,10028
12250,9944
12250,9985
12250,10029
12251,9945
12251,9986
12251,10030
12252,9946
12252,9987
12252,10031
12253,9947
12253,9988
12253,10032
12254,9948
12254,9989
12254,10033
12255,9949
12255,9990
12255,10034
12256,9950
12256,9991
12256,10035
12257,9951
12257,9992
12257,10036
12258,9952
12258,9993
12258,10037
12259,9953
12259,9994
12259,10038
12260,9954
12260,9995
12260,10039
12261,9955
12261,9996
12261,10040
12262,9956
12262,9997
12262,10041
12263,9957
12263,9998
12263,10042
12264,9958
12264,9999
12264,10043
12265,9959
12265,10000
12265,10044
12266,9960
12266,10001
12266,10045
12267,9961
12267,10002
12267,10046
12268,9962
12268,10003
12268,10047
12269,9963
12269,10004
12269,10048
12281,9924
12281,9965
12281,10006
12282,9925
12282,9966
12282,10007
12283,10014
12284,10015
12285,10016
12286,10017
12287,10018
12288,9970
12289,9971
12290,9972
12291,9973
12292,9974
12293,9929
12294,9930
12295,9931
12296,9932
12297,9933
12298,9934
12298,9975
12298,10019
12299,10008
12300,10009
12301,10010
12302,10011
12303,10012
12304,10013
12305,9967
12306,9968
12307,9969
12308,9926
12309,9927
12310,9928
12329,9935
12329,9976
12329,10020
12330,9936
12330,9977
12330,10021
12331,9937
12331,9978
12331,10022
12332,9938
12332,9979
12332,10023
12333,9939
12333,9980
12333,10024
12334,9940
12334,9981
12334,10025
12335,9941
12335,9982
12335,10026
12336,9942
12336,9983
12336,10027
12337,9943
12337,9984
12337,10028
12338,9944
12338,9985
12338,10029
12339,9945
12339,9986
12339,10030
12340,9946
12340,9987
12340,10031
12341,9947
12341,9988
12341,10032
12342,9948
12342,9989
12342,10033
12343,9949
12343,9990
12343,10034
12344,9950
12344,9991
12344,10035
12345,9951
12345,9992
12345,10036
12346,9952
12346,9993
12346,10037
12347,9953
12347,9994
12347,10038
12348,9954
12348,9995
12348,10039
12349,9955
12349,9996
12349,10040
12350,9956
12350,9997
12350,10041
12351,9957
12351,9998
12351,10042
12352,9958
12352,9999
12352,10043
12353,9959
12353,10000
12353,10044
12354,9960
12354,10001
12354,10045
12355,9961
12355,10002
12355,10046
12356,9962
12356,10003
12356,10047
12357,9963
12357,10004
12357,10048
12368,10052
12368,10056
12369,10052
12369,10056
12370,10060
12370,10064
12371,10060
12371,10064
12372,10068
12373,10072
12374,10076
12377,10079
12377,10198
12378,10080
12378,10199
12379,10081
12379,10200
12380,10082
12380,10201
12381,10083
12381,10202
12382,10084
12382,10203
12383,10085
12383,10204
12384,10086
12384,10205
12385,10087
12385,10206
12386,10088
12386,10207
12387,10089
12387,10208
12388,10090
12388,10209
12389,10091
12389,10210
12390,10092
12390,10211
12391,10093
12391,10212
12392,10094
12392,10213
12393,10095
12393,10214
12394,10096
12394,10215
12395,10097
12395,10216
12396,10098
12396,10217
12397,10099
12397,10218
12398,10100
12398,10219
12399,10101
12399,10220
12400,10102
12400,10221
12401,10103
12401,10222
12402,10104
12402,10223
12403,10105
12403,10224
12404,10106
12404,10225
12405,10107
12405,10226
12406,10108
12406,10227
12407,10109
12407,10228
12408,10110
12408,10229
12409,10111
12409,10230
12410,10112
12410,10231
12411,10113
12411,10232
12412,10114
12412,10233
12413,10115
12413,10234
12414,10116
12414,10235
12415,10117
12415,10236
12416,10118
12416,10237
12417,10119
12417,10238
12418,10120
12418,10239
12419,10121
12419,10240
12420,10122
12420,10241
12421,10123
12421,10242
12422,10124
12422,10243
12423,10125
12423,10244
12424,10126
12424,10245
12425,10127
12425,10246
12426,10128
12426,10247
12427,10129
12427,10248
12428,10130
12428,10249
12429,10131
12429,10250
12430,10132
12430,10251
12431,10133
12431,10252
12432,10134
12432,10253
12433,10135
12433,10254
12434,10136
12434,10255
12435,10137
12435,10256
12444,10138
12444,10257
12447,10139
12447,10258
12450,10140
12450,10259
12453,10141
12453,10260
12456,10142
12456,10261
12457,10143
12457,10262
12458,10144
12458,10263
12459,10145
12459,10264
12460,10146
12460,10265
12461,10147
12461,10266
12462,10148
12462,10267
12463,10149
12463,10268
12464,10150
12464,10269
12465,10151
12465,10270
12466,10152
12466,10271
12467,10153
12467,10272
12468,10154
12468,10273
12469,10155
12469,10274
12470,10156
12470,10275
12471,10157
12471,10276
12482,10079
12482,10198
12483,10080
12483,10199
12484,10081
12484,10200
12485,10082
12485,10201
12486,10083
12486,10202
12487,10084
12487,10203
12488,10085
12488,10204
12489,10086
12489,10205
12490,10087
12490,10206
12491,10088
12491,10207
12492,10089
12492,10208
12493,10090
12493,10209
12494,10091
12494,10210
12495,10092
12495,10211
12496,10093
12496,10212
12497,10094
12497,10213
12498,10095
12498,10214
12499,10096
12499,10215
12500,10097
12500,10216
12501,10098
12501,10217
12502,10099
12502,10218
12503,10100
12503,10219
12504,10101
12504,10220
12505,10102
12505,10221
12506,10103
12506,10222
12507,10104
12507,10223
12508,10105
12508,10224
12509,10106
12509,10225
12510,10107
12510,10226
12511,10108
12511,10227
12512,10109
12512,10228
12513,10110
12513,10229
12514,10111
12514,10230
12515,10112
12515,10231
12516,10113
12516,10232
12517,10114
12517,10233
12518,10115
12518,10234
12519,10116
12519,10235
12520,10117
12520,10236
12521,10118
12521,10237
12522,10119
12522,10238
12523,10120
12523,10239
12524,10121
12524,10240
12525,10122
12525,10241
12526,10123
12526,10242
12527,10124
12527,10243
12528,10125
12528,10244
12529,10126
12529,10245
12530,10127
12530,10246
12531,10128
12531,10247
12532,10129
12532,10248
12533,10130
12533,10249
12534,10131
12534,10250
12535,10132
12535,10251
12536,10133
12536,10252
12537,10134
12537,10253
12538,10135
12538,10254
12539,10136
12539,10255
12540,10137
12540,10256
12549,10138
12549,10257
12552,10139
12552,10258
12555,10140
12555,10259
12558,10141
12558,10260
12561,10142
12561,10261
12562,10143
12562,10262
12563,10144
12563,10263
12564,10145
12564,10264
12565,10146
12565,10265
12566,10147
12566,10266
12567,10148
12567,10267
12568,10149
12568,10268
12569,10150
12569,10269
12570,10151
12570,10270
12571,10152
12571,10271
12572,10153
12572,10272
12573,10154
12573,10273
12574,10155
12574,10274
12575,10156
12575,10275
12576,10157
12576,10276
12587,10317
12587,10436
12588,10318
12588,10437
12589,10319
12589,10438
12590,10320
12590,10439
12591,10321
12591,10440
12592,10322
12592,10441
12593,10323
12593,10442
12594,10324
12594,10443
12595,10325
12595,10444
12596,10326
12596,10445
12597,10327
12597,10446
12598,10328
12598,10447
12599,10329
12599,10448
12600,10330
12600,10449
12601,10331
12601,10450
12602,10332
12602,10451
12603,10333
12603,10452
12604,10334
12604,10453
12605,10335
12605,10454
12606,10336
12606,10455
12607,10337
12607,10456
12608,10338
12608,10457
12609,10339
12609,10458
12610,10340
12610,10459
12611,10341
12611,10460
12612,10342
12612,10461
12613,10343
12613,10462
12614,10344
12614,10463
12615,10345
12615,10464
12616,10346
12616,10465
12617,10347
12617,10466
12618,10348
12618,10467
12619,10349
12619,10468
12620,10350
12620,10469
12621,10351
12621,10470
12622,10352
12622,10471
12623,10353
12623,10472
12624,10354
12624,10473
12625,10355
12625,10474
12626,10356
12626,10475
12627,10357
12627,10476
12628,10358
12628,10477
12629,10359
12629,10478
12630,10360
12630,10479
12631,10361
12631,10480
12632,10362
12632,10481
12633,10363
12633,10482
12634,10364
12634,10483
12635,10365
12635,10484
12636,10366
12636,10485
12637,10367
12637,10486
12638,10368
12638,10487
12639,10369
12639,10488
12640,10370
12640,10489
12641,10371
12641,10490
12642,10372
12642,10491
12643,10373
12643,10492
12644,10374
12644,10493
12645,10375
12645,10494
12654,10376
12654,10495
12657,10377
12657,10496
12660,10378
12660,10497
12663,10379
12663,10498
12666,10380
12666,10499
12667,10381
12667,10500
12668,10382
12668,10501
12669,10383
12669,10502
12670,10384
12670,10503
12671,10385
12671,10504
12672,10386
12672,10505
12673,10387
12673,10506
12674,10388
12674,10507
12675,10389
12675,10508
12676,10390
12676,10509
12677,10391
12677,10510
12678,10392
12678,10511
12679,10393
12679,10512
12680,10394
12680,10513
12681,10395
12681,10514
12692,10317
12692,10436
12693,10318
12693,10437
12694,10319
12694,10438
12695,10320
12695,10439
12696,10321
12696,10440
12697,10322
12697,10441
12698,10323
12698,10442
12699,10324
12699,10443
12700,10325
12700,10444
12701,10326
12701,10445
12702,10327
12702,10446
12703,10328
12703,10447
12704,10329
12704,10448
12705,10330
12705,10449
12706,10331
12706,10450
12707,10332
12707,10451
12708,10333
12708,10452
12709,10334
12709,10453
12710,10335
12710,10454
12711,10336
12711,10455
12712,10337
12712,10456
12713,10338
12713,10457
12714,10339
12714,10458
12715,10340
12715,10459
12716,10341
12716,10460
12717,10342
12717,10461
12718,10343
12718,10462
12719,10344
12719,10463
12720,10345
12720,10464
12721,10346
12721,10465
12722,10347
12722,10466
12723,10348
12723,10467
12724,10349
12724,10468
12725,10350
12725,10469
12726,10351
12726,10470
12727,10352
12727,10471
12728,10353
12728,10472
12729,10354
12729,10473
12730,10355
12730,10474
12731,10356
12731,10475
12732,10357
12732,10476
12733,10358
12733,10477
12734,10359
12734,10478
12735,10360
12735,10479
12736,10361
12736,10480
12737,10362
12737,10481
12738,10363
12738,10482
12739,10364
12739,10483
12740,10365
12740,10484
12741,10366
12741,10485
12742,10367
12742,10486
12743,10368
12743,10487
12744,10369
12744,10488
12745,10370
12745,10489
12746,10371
12746,10490
12747,10372
12747,10491
12748,10373
12748,10492
12749,10374
12749,10493
12750,10375
12750,10494
12759,10376
12759,10495
12762,10377
12762,10496
12765,10378
12765,10497
12768,10379
12768,10498
12771,10380
12771,10499
12772,10381
12772,10500
12773,10382
12773,10501
12774,10383
12774,10502
12775,10384
12775,10503
12776,10385
12776,10504
12777,10386
12777,10505
12778,10387
12778,10506
12779,10388
12779,10507
12780,10389
12780,10508
12781,10390
12781,10509
12782,10391
12782,10510
12783,10392
12783,10511
12784,10393
12784,10512
12785,10394
12785,10513
12786,10395
12786,10514
12797,10555
12798,10556
12799,10557
12800,10558
12801,10559
12802,10560
12803,10561
12804,10562
12805,10563
12806,10564
12807,10565
12808,10566
12809,10567
12810,10568
12811,10569
12812,10570
12813,10571
12814,10572
12815,10573
12816,10574
12817,10575
12818,10576
12819,10577
12820,10578
12821,10579
12822,10580
12823,10581
12824,10582
12825,10583
12826,10584
12827,10585
12828,10586
12829,10587
12830,10588
12831,10589
12832,10590
12833,10591
12834,10592
12835,10593
12836,10594
12837,10595
12838,10596
12839,10597
12840,10598
12841,10599
12842,10600
12843,10601
12844,10602
12845,10603
12846,10604
12847,10605
12848,10606
12849,10607
12850,10608
12851,10609
12852,10610
12853,10611
12854,10612
12855,10613
12864,10661
12865,10662
12866,10663
12867,10664
12868,10665
12869,10666
12870,10667
12871,10668
12872,10669
12873,10670
12874,10671
12875,10672
12876,10633
12887,10634
12888,10635
12889,10636
12890,10637
12891,10638
12892,10639
12893,10640
12894,10641
12895,10642
12896,10643
12897,10644
12898,10645
12899,10646
12900,10647
12901,10648
12902,10649
12903,10650
12904,10651
12905,10652
12906,10653
12907,10654
12908,10655
12909,10656
12910,10657
12911,10658
12912,10659
12913,10660
12924,10674
12924,10793
12925,10675
12925,10794
12926,10676
12926,10795
12927,10677
12927,10796
12928,10678
12928,10797
12929,10679
12929,10798
12930,10680
12930,10799
12931,10681
12931,10800
12932,10682
12932,10801
12933,10683
12933,10802
12934,10684
12934,10803
12935,10685
12935,10804
12936,10686
12936,10805
12937,10687
12937,10806
12938,10688
12938,10807
12939,10689
12939,10808
12940,10690
12940,10809
12941,10691
12941,10810
12942,10692
12942,10811
12943,10693
12943,10812
12944,10694
12944,10813
12945,10695
12945,10814
12946,10696
12946,10815
12947,10697
12947,10816
12948,10698
12948,10817
12949,10699
12949,10818
12950,10700
12950,10819
12951,10701
12951,10820
12952,10702
12952,10821
12953,10703
12953,10822
12954,10704
12954,10823
12955,10705
12955,10824
12956,10706
12956,10825
12957,10707
12957,10826
12958,10708
12958,10827
12959,10709
12959,10828
12960,10710
12960,10829
12961,10711
12961,10830
12962,10712
12962,10831
12963,10713
12963,10832
12964,10714
12964,10833
12965,10715
12965,10834
12966,10716
12966,10835
12967,10717
12967,10836
12968,10718
12968,10837
12969,10719
12969,10838
12970,10720
12970,10839
12971,10721
12971,10840
12972,10722
12972,10841
12973,10723
12973,10842
12974,10724
12974,10843
12975,10725
12975,10844
12976,10726
12976,10845
12977,10727
12977,10846
12978,10728
12978,10847
12979,10729
12979,10848
12980,10730
12980,10849
12981,10731
12981,10850
12982,10732
12982,10851
12991,10733
12991,10852
12994,10734
12994,10853
12997,10735
12997,10854
13000,10736
13000,10855
13003,10737
13003,10856
13004,10738
13004,10857
13005,10739
13005,10858
13006,10740
13006,10859
13007,10741
13007,10860
13008,10742
13008,10861
13009,10743
13009,10862
13010,10744
13010,10863
13011,10745
13011,10864
13012,10746
13012,10865
13013,10747
13013,10866
13014,10748
13014,10867
13015,10749
13015,10868
13016,10750
13016,10869
13017,10751
13017,10870
13018,10752
13018,10871
13029,10674
13029,10793
13030,10675
13030,10794
13031,10676
13031,10795
13032,10677
13032,10796
13033,10678
13033,10797
13034,10679
13034,10798
13035,10680
13035,10799
13036,10681
13036,10800
13037,10682
13037,10801
13038,10683
13038,10802
13039,10684
13039,10803
13040,10685
13040,10804
13041,10686
13041,10805
13042,10687
13042,10806
13043,10688
13043,10807
13044,10689
13044,10808
13045,10690
13045,10809
13046,10691
13046,10810
13047,10692
13047,10811
13048,10693
13048,10812
13049,10694
13049,10813
13050,10695
13050,10814
13051,10696
13051,10815
13052,10697
13052,10816
13053,10698
13053,10817
13054,10699
13054,10818
13055,10700
13055,10819
13056,10701
13056,10820
13057,10702
13057,10821
13058,10703
13058,10822
13059,10704
13059,10823
13060,10705
13060,10824
13061,10706
13061,10825
13062,10707
13062,10826
13063,10708
13063,10827
13064,10709
13064,10828
13065,10710
13065,10829
13066,10711
13066,10830
13067,10712
13067,10831
13068,10713
13068,10832
13069,10714
13069,10833
13070,10715
13070,10834
13071,10716
13071,10835
13072,10717
13072,10836
13073,10718
13073,10837
13074,10719
13074,10838
13075,10720
13075,10839
13076,10721
13076,10840
13077,10722
13077,10841
13078,10723
13078,10842
13079,10724
13079,10843
13080,10725
13080,10844
13081,10726
13081,10845
13082,10727
13082,10846
13083,10728
13083,10847
13084,10729
13084,10848
13085,10730
13085,10849
13086,10731
13086,10850
13087,10732
13087,10851
13096,10733
13096,10852
13099,10734
13099,10853
13102,10735
13102,10854
13105,10736
13105,10855
13108,10737
13108,10856
13109,10738
13109,10857
13110,10739
13110,10858
13111,10740
13111,10859
13112,10741
13112,10860
13113,10742
13113,10861
13114,10743
13114,10862
13115,10744
13115,10863
13116,10745
13116,10864
13117,10746
13117,10865
13118,10747
13118,10866
13119,10748
13119,10867
13120,10749
13120,10868
13121,10750
13121,10869
13122,10751
13122,10870
13123,10752
13123,10871
13143,10912
13143,11031
13144,10913
13144,11032
13145,10914
13145,11033
13146,10915
13146,11034
13147,10916
13147,11035
13148,10917
13148,11036
13149,10918
13149,11037
13150,10919
13150,11038
13151,10920
13151,11039
13152,10921
13152,11040
13153,10922
13153,11041
13154,10923
13154,11042
13155,10924
13155,11043
13156,10925
13156,11044
13157,10926
13157,11045
13158,10927
13158,11046
13159,10928
13159,11047
13160,10929
13160,11048
13161,10930
13161,11049
13162,10931
13162,11050
13163,10932
13163,11051
13164,10933
13164,11052
13165,10934
13165,11053
13166,10935
13166,11054
13167,10936
13167,11055
13168,10937
13168,11056
13169,10938
13169,11057
13170,10939
13170,11058
13171,10940
13171,11059
13172,10941
13172,11060
13173,10942
13173,11061
13174,10943
13174,11062
13175,10944
13175,11063
13176,10945
13176,11064
13177,10946
13177,11065
13178,10947
13178,11066
13179,10948
13179,11067
13180,10949
13180,11068
13181,10950
13181,11069
13182,10951
13182,11070
13183,10952
13183,11071
13184,10953
13184,11072
13185,10954
13185,11073
13186,10955
13186,11074
13187,10956
13187,11075
13188,10957
13188,11076
13189,10958
13189,11077
13190,10959
13190,11078
13191,10960
13191,11079
13192,10961
13192,11080
13193,10962
13193,11081
13194,10963
13194,11082
13195,10964
13195,11083
13196,10965
13196,11084
13197,10966
13197,11085
13198,10967
13198,11086
13199,10968
13199,11087
13200,10969
13200,11088
13201,10970
13201,11089
13210,10971
13210,11090
13213,10972
13213,11091
13216,10973
13216,11092
13219,10974
13219,11093
13222,10975
13222,11094
13223,10976
13223,11095
13224,10977
13224,11096
13225,10978
13225,11097
13226,10979
13226,11098
13227,10980
13227,11099
13228,10981
13228,11100
13229,10982
13229,11101
13230,10983
13230,11102
13231,10984
13231,11103
13232,10985
13232,11104
13233,10986
13233,11105
13234,10987
13234,11106
13235,10988
13235,11107
13236,10989
13236,11108
13237,10990
13237,11109
13257,10912
13257,11031
13258,10913
13258,11032
13259,10914
13259,11033
13260,10915
13260,11034
13261,10916
13261,11035
13262,10917
13262,11036
13263,10918
13263,11037
13264,10919
13264,11038
13265,10920
13265,11039
13266,10921
13266,11040
13267,10922
13267,11041
13268,10923
13268,11042
13269,10924
13269,11043
13270,10925
13270,11044
13271,10926
13271,11045
13272,10927
13272,11046
13273,10928
13273,11047
13274,10929
13274,11048
13275,10930
13275,11049
13276,10931
13276,11050
13277,10932
13277,11051
13278,10933
13278,11052
13279,10934
13279,11053
13280,10935
13280,11054
13281,10936
13281,11055
13282,10937
13282,11056
13283,10938
13283,11057
13284,10939
13284,11058
13285,10940
13285,11059
13286,10941
13286,11060
13287,10942
13287,11061
13288,10943
13288,11062
13289,10944
13289,11063
13290,10945
13290,11064
13291,10946
13291,11065
13292,10947
13292,11066
13293,10948
13293,11067
13294,10949
13294,11068
13295,10950
13295,11069
13296,10951
13296,11070
13297,10952
13297,11071
13298,10953
13298,11072
13299,10954
13299,11073
13300,10955
13300,11074
13301,10956
13301,11075
13302,10957
13302,11076
13303,10958
13303,11077
13304,10959
13304,11078
13305,10960
13305,11079
13306,10961
13306,11080
13307,10962
13307,11081
13308,10963
13308,11082
13309,10964
13309,11083
13310,10965
13310,11084
13311,10966
13311,11085
13312,10967
13312,11086
13313,10968
13313,11087
13314,10969
13314,11088
13315,10970
13315,11089
13324,10991
13324,11110
13325,10992
13325,11111
13326,10993
13326,11112
13327,10994
13327,11113
13328,10995
13328,11114
13329,10996
13329,11115
13330,10997
13330,11116
13331,10998
13331,11117
13332,10999
13332,11118
13333,11000
13333,11119
13334,11001
13334,11120
13335,11002
13335,11121
13336,11003
13336,11122
13337,11004
13337,11123
13338,11005
13338,11124
13339,11006
13339,11125
13340,11007
13340,11126
13341,11008
13341,11127
13342,11009
13342,11128
13343,11010
13343,11129
13344,11011
13344,11130
13345,11012
13345,11131
13346,11013
13346,11132
13347,11014
13347,11133
13348,11015
13348,11134
13349,11016
13349,11135
13350,11017
13350,11136
13351,10990
13351,11109
13371,11150
13372,11151
13373,11152
13374,11153
13375,11154
13376,11155
13377,11156
13378,11157
13379,11158
13380,11159
13381,11160
13382,11161
13383,11162
13384,11163
13385,11164
13386,11165
13387,11166
13388,11167
13389,11168
13390,11169
13391,11170
13392,11171
13393,11172
13394,11173
13395,11174
13396,11175
13397,11176
13398,11177
13399,11178
13400,11179
13401,11180
13402,11181
13403,11182
13404,11183
13405,11184
13406,11185
13407,11186
13408,11187
13409,11188
13410,11189
13411,11190
13412,11191
13413,11192
13414,11193
13415,11194
13416,11195
13417,11196
13418,11197
13419,11198
13420,11199
13421,11200
13422,11201
13423,11202
13424,11203
13425,11204
13426,11205
13427,11206
13428,11207
13429,11208
13438,11229
13439,11230
13440,11231
13441,11232
13442,11233
13443,11234
13444,11235
13445,11236
13446,11237
13447,11238
13448,11239
13449,11240
13450,11241
13451,11242
13452,11243
13453,11244
13454,11245
13455,11246
13456,11247
13457,11248
13458,11249
13459,11250
13460,11251
13461,11252
13462,11253
13463,11254
13464,11255
13465,11228
13485,11269
13486,11270
13487,11271
13488,11272
13489,11273
13490,11274
13491,11275
13492,11276
13493,11277
13494,11278
13495,11279
13496,11280
13497,11281
13498,11282
13499,11283
13500,11284
13501,11285
13502,11286
13503,11287
13504,11288
13505,11289
13506,11290
13507,11291
13508,11292
13509,11293
13510,314
13510,11294
13511,11295
13512,11296
13513,11297
13514,11298
13515,11299
13516,11300
13517,11301
13518,11302
13519,11303
13520,11304
13521,11305
13522,11306
13523,11307
13524,11308
13525,11309
13526,11310
13527,11311
13528,11312
13529,11313
13530,11314
13531,11315
13532,11316
13533,11317
13534,11318
13535,11319
13536,11320
13537,11321
13538,11322
13539,11323
13540,11324
13541,11325
13542,11326
13543,11327
13552,11348
13553,11349
13554,11350
13555,11351
13556,11352
13557,11353
13558,11354
13559,11355
13560,11356
13561,11357
13562,11358
13563,11359
13564,11360
13565,11361
13566,11362
13567,11363
13568,11364
13569,11365
13570,11366
13571,11367
13572,11368
13573,11369
13574,11370
13575,11371
13576,11372
13577,11373
13578,11374
13579,11347
13599,11388
13600,11389
13601,11390
13602,11391
13603,11392
13604,11393
13605,11394
13606,11395
13607,11396
13608,11397
13609,11398
13610,11399
13611,11400
13612,11401
13613,11402
13614,11403
13615,11404
13616,11405
13617,11406
13618,11407
13619,11408
13620,11409
13621,11410
13622,11411
13623,11412
13624,11413
13625,11414
13626,11415
13627,11416
13628,11417
13629,11418
13630,11419
13631,11420
13632,11421
13633,11422
13634,11423
13635,11424
13636,11425
13637,11426
13638,11427
13639,11428
13640,11429
13641,11430
13642,11431
13643,11432
13644,11433
13645,11434
13646,11435
13647,11436
13648,11437
13649,11438
13650,11439
13651,11440
13652,11441
13653,11442
13654,11443
13655,11444
13656,11445
13657,11446
13666,11494
13667,11495
13668,11496
13669,11497
13670,11498
13671,11499
13672,11500
13673,11501
13674,11502
13675,11503
13676,11504
13677,11505
13678,11466
13689,11467
13690,11468
13691,11469
13692,11470
13693,11471
13694,11472
13695,11473
13696,11474
13697,11475
13698,11476
13699,11477
13700,11478
13701,11479
13702,11480
13703,11481
13704,11482
13705,11483
13706,11484
13707,11485
13708,11486
13709,11487
13710,11488
13711,11489
13712,11490
13713,11491
13714,11492
13715,11493
13735,11507
13736,11508
13737,11509
13738,11510
13739,11511
13740,11512
13741,11513
13742,11514
13743,11515
13744,11516
13745,11517
13746,11518
13747,11519
13748,11520
13749,11521
13750,11522
13751,11523
13752,11524
13753,11525
13754,11526
13755,11527
13756,11528
13757,11529
13758,11530
13759,11531
13760,11532
13761,11533
13762,11534
13763,11535
13764,11536
13765,11537
13766,11538
13767,11539
13768,11540
13769,11541
13770,11542
13771,11543
13772,11544
13773,11545
13774,11546
13775,11547
13776,11548
13777,11549
13778,11550
13779,11551
13780,11552
13781,11553
13782,11554
13783,11555
13784,11556
13785,11557
13786,11558
13787,11559
13788,11560
13789,11561
13790,11562
13791,11563
13792,11564
13793,11565
13802,11613
13803,11614
13804,11615
13805,11616
13806,11617
13807,11618
13808,11619
13809,11620
13810,11621
13811,11622
13812,11623
13813,11624
13814,11585
13825,11586
13826,11587
13827,11588
13828,11589
13829,11590
13830,11591
13831,11592
13832,11593
13833,11594
13834,11595
13835,11596
13836,11597
13837,11598
13838,11599
13839,11600
13840,11601
13841,11602
13842,11603
13843,11604
13844,11605
13845,11606
13846,11607
13847,11608
13848,11609
13849,11610
13850,11611
13851,11612
13871,11626
13872,11627
13873,11628
13874,11629
13875,11630
13876,11631
13877,11632
13878,11633
13879,11634
13880,11635
13881,11636
13882,11637
13883,11638
13884,11639
13885,11640
13886,11641
13887,11642
13888,11643
13889,11644
13890,11645
13891,11646
13892,11647
13893,11648
13894,11649
13895,11650
13896,11651
13897,11652
13898,11653
13899,11654
13900,11655
13901,11656
13902,11657
13903,11658
13904,11659
13905,11660
13906,11661
13907,11662
13908,11663
13909,11664
13910,11665
13911,11666
13912,11667
13913,11668
13914,11669
13915,11670
13916,11671
13917,11672
13918,11673
13919,11674
13920,11675
13921,11676
13922,11677
13923,11678
13924,11679
13925,11680
13926,11681
13927,11682
13928,11683
13929,11684
13938,11705
13939,11706
13940,11707
13941,11708
13942,11709
13943,11710
13944,11711
13945,11712
13946,11713
13947,11714
13948,11715
13949,11716
13950,11717
13951,11718
13952,11719
13953,11720
13954,11721
13955,11722
13956,11723
13957,11724
13958,11725
13959,11726
13960,11727
13961,11728
13962,11729
13963,11730
13964,11731
13965,11704
13976,11745
13976,11898
13977,11746
13977,11899
13978,11747
13978,11900
13979,11748
13979,11901
13980,11749
13980,11902
13981,11750
13981,11903
13982,11751
13982,11904
13983,11752
13983,11905
13984,11753
13984,11906
13985,11754
13985,11907
13986,11755
13986,11908
13987,11756
13987,11909
13988,11757
13988,11910
13989,11758
13989,11911
13990,11759
13990,11912
13991,11760
13991,11913
13992,11761
13992,11914
13993,11762
13993,11915
13994,11763
13994,11916
13995,11764
13995,11917
13996,11765
13996,11918
13997,11766
13997,11919
13998,11767
13998,11920
13999,11768
13999,11921
14000,11769
14000,11922
14001,11770
14001,11923
14002,11771
14002,11924
14003,11772
14003,11925
14004,11773
14004,11926
14005,11774
14005,11927
14006,11775
14006,11928
14007,11776
14007,11929
14008,11777
14008,11930
14009,11778
14009,11931
14010,11779
14010,11932
14011,11780
14011,11933
14012,11781
14012,11934
14013,11782
14013,11935
14014,11783
14014,11936
14015,11784
14015,11937
14016,11785
14016,11938
14017,11786
14017,11939
14018,11787
14018,11940
14019,11788
14019,11941
14020,11789
14020,11942
14021,11790
14021,11943
14022,11791
14022,11944
14023,11792
14023,11945
14024,11793
14024,11946
14025,11794
14025,11947
14026,11795
14026,11948
14027,11796
14027,11949
14028,11797
14028,11950
14029,11798
14029,11951
14030,11799
14030,11952
14031,11800
14031,11953
14032,11801
14032,11954
14033,11802
14033,11955
14034,11803
14034,11956
14043,11824
14043,11977
14044,11825
14044,11978
14045,11826
14045,11979
14046,11827
14046,11980
14047,11828
14047,11981
14048,11829
14048,11982
14049,11830
14049,11983
14050,11831
14050,11984
14051,11832
14051,11985
14052,11833
14052,11986
14053,11834
14053,11987
14054,11835
14054,11988
14055,11836
14055,11989
14056,11837
14056,11990
14057,11838
14057,11991
14058,11839
14058,11992
14059,11840
14059,11993
14060,11841
14060,11994
14061,11842
14061,11995
14062,11843
14062,11996
14063,11844
14063,11997
14064,11845
14064,11998
14065,11846
14065,11999
14066,11847
14066,12000
14067,11848
14067,12001
14068,11849
14068,12002
14069,11850
14069,12003
14070,11851
14070,12004
14071,11852
14071,12005
14072,11853
14072,12006
14073,11854
14073,12007
14074,11855
14074,12008
14075,11856
14075,12009
14076,11857
14076,12010
14077,11858
14077,12011
14078,11859
14078,12012
14079,11860
14079,12013
14080,11861
14080,12014
14081,11862
14081,12015
14082,11823
14082,11976
14093,11863
14095,11864
14107,11896
14116,11880
14127,11745
14127,11898
14128,11746
14128,11899
14129,11747
14129,11900
14130,11748
14130,11901
14131,11749
14131,11902
14132,11750
14132,11903
14133,11751
14133,11904
14134,11752
14134,11905
14135,11753
14135,11906
14136,11754
14136,11907
14137,11755
14137,11908
14138,11756
14138,11909
14139,11757
14139,11910
14140,11758
14140,11911
14141,11759
14141,11912
14142,11760
14142,11913
14143,11761
14143,11914
14144,11762
14144,11915
14145,11763
14145,11916
14146,11764
14146,11917
14147,11765
14147,11918
14148,11766
14148,11919
14149,11767
14149,11920
14150,11768
14150,11921
14151,11769
14151,11922
14152,11770
14152,11923
14153,11771
14153,11924
14154,11772
14154,11925
14155,11773
14155,11926
14156,11774
14156,11927
14157,11775
14157,11928
14158,11776
14158,11929
14159,11777
14159,11930
14160,11778
14160,11931
14161,11779
14161,11932
14162,11780
14162,11933
14163,11781
14163,11934
14164,11782
14164,11935
14165,11783
14165,11936
14166,11784
14166,11937
14167,11785
14167,11938
14168,11786
14168,11939
14169,11787
14169,11940
14170,11788
14170,11941
14171,11789
14171,11942
14172,11790
14172,11943
14173,11791
14173,11944
14174,11792
14174,11945
14175,11793
14175,11946
14176,11794
14176,11947
14177,11795
14177,11948
14178,11796
14178,11949
14179,11797
14179,11950
14180,11798
14180,11951
14181,11799
14181,11952
14182,11800
14182,11953
14183,11801
14183,11954
14184,11802
14184,11955
14185,11803
14185,11956
14194,11824
14194,11977
14195,11825
14195,11978
14196,11826
14196,11979
14197,11827
14197,11980
14198,11828
14198,11981
14199,11829
14199,11982
14200,11830
14200,11983
14201,11831
14201,11984
14202,11832
14202,11985
14203,11833
14203,11986
14204,11834
14204,11987
14205,11835
14205,11988
14206,11836
14206,11989
14207,11837
14207,11990
14208,11838
14208,11991
14209,11839
14209,11992
14210,11840
14210,11993
14211,11841
14211,11994
14212,11842
14212,11995
14213,11843
14213,11996
14214,11844
14214,11997
14215,11845
14215,11998
14216,11846
14216,11999
14217,11847
14217,12000
14218,11848
14218,12001
14219,11849
14219,12002
14220,11850
14220,12003
14221,11851
14221,12004
14222,11852
14222,12005
14223,11853
14223,12006
14224,11854
14224,12007
14225,11855
14225,12008
14226,11856
14226,12009
14227,11857
14227,12010
14228,11858
14228,12011
14229,11859
14229,12012
14230,11860
14230,12013
14231,11861
14231,12014
14232,11862
14232,12015
14233,11823
14233,11976
19222,4041
19222,4086
19222,4131
19223,4042
19224,4043
19225,4044
19226,4045
19227,4046
19228,4047
19229,4048
19230,4049
19231,4050
19232,4051
19233,4052
19233,4054
19234,4053
19234,4055
19235,4056
19236,4057
19237,4058
19240,4059
19240,4104
19240,4152
19241,4060
19241,4105
19241,4153
19242,4061
19242,4106
19242,4154
19243,4062
19243,4107
19243,4155
19244,4063
19244,4108
19244,4156
19245,4064
19245,4109
19245,4157
19246,4065
19246,4110
19246,4158
19247,4066
19247,4111
19247,4159
19248,4067
19248,4112
19248,4160
19249,4068
19249,4113
19249,4161
19250,4069
19250,4114
19250,4162
19251,4070
19251,4115
19251,4163
19252,4071
19252,4116
19252,4164
19253,4072
19253,4117
19253,4165
19254,4073
19254,4118
19254,4166
19255,4074
19255,4119
19255,4167
19256,4075
19256,4120
19256,4168
19257,4076
19257,4121
19257,4169
19258,4077
19258,4122
19258,4170
19259,4078
19259,4123
19259,4171
19260,4079
19260,4124
19260,4172
19261,4080
19261,4125
19261,4173
19262,4081
19262,4126
19262,4174
19263,4082
19263,4127
19263,4175
19264,4083
19264,4128
19264,4176
19265,4084
19267,4041
19267,4086
19267,4131
19268,4087
19269,4088
19270,4089
19271,4090
19272,4091
19273,4092
19274,4093
19275,4094
19276,4095
19277,4096
19278,4097
19278,4099
19279,4098
19279,4100
19280,4101
19281,4102
19282,4103
19285,4059
19285,4104
19285,4152
19286,4060
19286,4105
19286,4153
19287,4061
19287,4106
19287,4154
19288,4062
19288,4107
19288,4155
19289,4063
19289,4108
19289,4156
19290,4064
19290,4109
19290,4157
19291,4065
19291,4110
19291,4158
19292,4066
19292,4111
19292,4159
19293,4067
19293,4112
19293,4160
19294,4068
19294,4113
19294,4161
19295,4069
19295,4114
19295,4162
19296,4070
19296,4115
19296,4163
19297,4071
19297,4116
19297,4164
19298,4072
19298,4117
19298,4165
19299,4073
19299,4118
19299,4166
19300,4074
19300,4119
19300,4167
19301,4075
19301,4120
19301,4168
19302,4076
19302,4121
19302,4169
19303,4077
19303,4122
19303,4170
19304,4078
19304,4123
19304,4171
19305,4079
19305,4124
19305,4172
19306,4080
19306,4125
19306,4173
19307,4081
19307,4126
19307,4174
19308,4082
19308,4127
19308,4175
19309,4083
19309,4128
19309,4176
19310,4129
19312,4041
19312,4086
19312,4131
19313,4132
19314,4133
19315,4134
19316,4135
19317,4136
19318,4137
19319,4138
19320,4139
19321,4140
19322,4141
19323,4142
19323,4144
19324,4143
19324,4145
19325,4146
19326,4147
19327,4148
19328,4149
19329,4150
19330,4151
19331,4059
19331,4104
19331,4152
19332,4060
19332,4105
19332,4153
19333,4061
19333,4106
19333,4154
19334,4062
19334,4107
19334,4155
19335,4063
19335,4108
19335,4156
19336,4064
19336,4109
19336,4157
19337,4065
19337,4110
19337,4158
19338,4066
19338,4111
19338,4159
19339,4067
19339,4112
19339,4160
19340,4068
19340,4113
19340,4161
19341,4069
19341,4114
19341,4162
19342,4070
19342,4115
19342,4163
19343,4071
19343,4116
19343,4164
19344,4072
19344,4117
19344,4165
19345,4073
19345,4118
19345,4166
19346,4074
19346,4119
19346,4167
19347,4075
19347,4120
19347,4168
19348,4076
19348,4121
19348,4169
19349,4077
19349,4122
19349,4170
19350,4078
19350,4123
19350,4171
19351,4079
19351,4124
19351,4172
19352,4080
19352,4125
19352,4173
19353,4081
19353,4126
19353,4174
19354,4082
19354,4127
19354,4175
19355,4083
19355,4128
19355,4176
19356,4177
19357,4178
19359,4238
19359,4283
19359,4328
19360,4239
19361,4240
19362,4241
19363,4242
19364,4243
19365,4244
19366,4245
19367,4246
19368,4247
19369,4248
19370,4249
19370,4251
19371,4250
19371,4252
19372,4253
19373,4254
19374,4255
19385,4256
19385,4301
19385,4346
19386,4257
19386,4302
19386,4347
19387,4258
19387,4303
19387,4348
19388,4259
19388,4304
19388,4349
19389,4260
19389,4305
19389,4350
19390,4261
19390,4306
19390,4351
19391,4262
19391,4307
19391,4352
19392,4263
19392,4308
19392,4353
19393,4264
19393,4309
19393,4354
19394,4265
19394,4310
19394,4355
19395,4266
19395,4311
19395,4356
19396,4267
19396,4312
19396,4357
19397,4268
19397,4313
19397,4358
19398,4269
19398,4314
19398,4359
19399,4270
19399,4315
19399,4360
19400,4271
19400,4316
19400,4361
19401,4272
19401,4317
19401,4362
19402,4273
19402,4318
19402,4363
19403,4274
19403,4319
19403,4364
19404,4275
19404,4320
19404,4365
19405,4276
19405,4321
19405,4366
19406,4277
19406,4322
19406,4367
19407,4278
19407,4323
19407,4368
19408,4279
19408,4324
19408,4369
19409,4280
19409,4325
19409,4370
19410,4281
19412,4238
19412,4283
19412,4328
19413,4284
19414,4285
19415,4286
19416,4287
19417,4288
19418,4289
19419,4290
19420,4291
19421,4292
19422,4293
19423,4294
19423,4296
19424,4295
19424,4297
19425,4298
19426,4299
19427,4300
19428,4256
19428,4301
19428,4346
19429,4257
19429,4302
19429,4347
19430,4258
19430,4303
19430,4348
19431,4259
19431,4304
19431,4349
19432,4260
19432,4305
19432,4350
19433,4261
19433,4306
19433,4351
19434,4262
19434,4307
19434,4352
19435,4263
19435,4308
19435,4353
19436,4264
19436,4309
19436,4354
19437,4265
19437,4310
19437,4355
19438,4266
19438,4311
19438,4356
19439,4267
19439,4312
19439,4357
19440,4268
19440,4313
19440,4358
19441,4269
19441,4314
19441,4359
19442,4270
19442,4315
19442,4360
19443,4271
19443,4316
19443,4361
19444,4272
19444,4317
19444,4362
19445,4273
19445,4318
19445,4363
19446,4274
19446,4319
19446,4364
19447,4275
19447,4320
19447,4365
19448,4276
19448,4321
19448,4366
19449,4277
19449,4322
19449,4367
19450,4278
19450,4323
19450,4368
19451,4279
19451,4324
19451,4369
19452,4280
19452,4325
19452,4370
19453,4326
19455,4238
19455,4283
19455,4328
19456,4329
19457,4330
19458,4331
19459,4332
19460,4333
19461,4334
19462,4335
19463,4336
19464,4337
19465,4338
19466,4339
19466,4341
19467,4340
19467,4342
19468,4343
19469,4344
19470,4345
19471,4256
19471,4301
19471,4346
19472,4257
19472,4302
19472,4347
19473,4258
19473,4303
19473,4348
19474,4259
19474,4304
19474,4349
19475,4260
19475,4305
19475,4350
19476,4261
19476,4306
19476,4351
19477,4262
19477,4307
19477,4352
19478,4263
19478,4308
19478,4353
19479,4264
19479,4309
19479,4354
19480,4265
19480,4310
19480,4355
19481,4266
19481,4311
19481,4356
19482,4267
19482,4312
19482,4357
19483,4268
19483,4313
19483,4358
19484,4269
19484,4314
19484,4359
19485,4270
19485,4315
19485,4360
19486,4271
19486,4316
19486,4361
19487,4272
19487,4317
19487,4362
19488,4273
19488,4318
19488,4363
19489,4274
19489,4319
19489,4364
19490,4275
19490,4320
19490,4365
19491,4276
19491,4321
19491,4366
19492,4277
19492,4322
19492,4367
19493,4278
19493,4323
19493,4368
19494,4279
19494,4324
19494,4369
19495,4280
19495,4325
19495,4370
19496,4371
19498,4373
19498,4418
19498,4463
19499,4374
19500,4375
19501,4376
19502,4377
19503,4378
19504,4379
19505,4380
19506,4381
19507,4382
19508,4383
19509,4384
19509,4386
19510,4385
19510,4387
19511,4388
19512,4389
19513,4390
19524,4391
19524,4436
19524,4481
19525,4392
19525,4437
19525,4482
19526,4393
19526,4438
19526,4483
19527,4394
19527,4439
19527,4484
19528,4395
19528,4440
19528,4485
19529,4396
19529,4441
19529,4486
19530,4397
19530,4442
19530,4487
19531,4398
19531,4443
19531,4488
19532,4399
19532,4444
19532,4489
19533,4400
19533,4445
19533,4490
19534,4401
19534,4446
19534,4491
19535,4402
19535,4447
19535,4492
19536,4403
19536,4448
19536,4493
19537,4404
19537,4449
19537,4494
19538,4405
19538,4450
19538,4495
19539,4406
19539,4451
19539,4496
19540,4407
19540,4452
19540,4497
19541,4408
19541,4453
19541,4498
19542,4409
19542,4454
19542,4499
19543,4410
19543,4455
19543,4500
19544,4411
19544,4456
19544,4501
19545,4412
19545,4457
19545,4502
19546,4413
19546,4458
19546,4503
19547,4414
19547,4459
19547,4504
19548,4415
19548,4460
19548,4505
19549,4416
19551,4373
19551,4418
19551,4463
19552,4419
19553,4420
19554,4421
19555,4422
19556,4423
19557,4424
19558,4425
19559,4426
19560,4427
19561,4428
19562,4429
19562,4431
19563,4430
19563,4432
19564,4433
19565,4434
19566,4435
19577,4391
19577,4436
19577,4481
19578,4392
19578,4437
19578,4482
19579,4393
19579,4438
19579,4483
19580,4394
19580,4439
19580,4484
19581,4395
19581,4440
19581,4485
19582,4396
19582,4441
19582,4486
19583,4397
19583,4442
19583,4487
19584,4398
19584,4443
19584,4488
19585,4399
19585,4444
19585,4489
19586,4400
19586,4445
19586,4490
19587,4401
19587,4446
19587,4491
19588,4402
19588,4447
19588,4492
19589,4403
19589,4448
19589,4493
19590,4404
19590,4449
19590,4494
19591,4405
19591,4450
19591,4495
19592,4406
19592,4451
19592,4496
19593,4407
19593,4452
19593,4497
19594,4408
19594,4453
19594,4498
19595,4409
19595,4454
19595,4499
19596,4410
19596,4455
19596,4500
19597,4411
19597,4456
19597,4501
19598,4412
19598,4457
19598,4502
19599,4413
19599,4458
19599,4503
19600,4414
19600,4459
19600,4504
19601,4415
19601,4460
19601,4505
19602,4461
19604,4373
19604,4418
19604,4463
19605,4464
19606,4465
19607,4466
19608,4467
19609,4468
19610,4469
19611,4470
19612,4471
19613,4472
19614,4473
19615,4474
19615,4476
19616,4475
19616,4477
19617,4478
19618,4479
19619,4480
19620,4391
19620,4436
19620,4481
19621,4392
19621,4437
19621,4482
19622,4393
19622,4438
19622,4483
19623,4394
19623,4439
19623,4484
19624,4395
19624,4440
19624,4485
19625,4396
19625,4441
19625,4486
19626,4397
19626,4442
19626,4487
19627,4398
19627,4443
19627,4488
19628,4399
19628,4444
19628,4489
19629,4400
19629,4445
19629,4490
19630,4401
19630,4446
19630,4491
19631,4402
19631,4447
19631,4492
19632,4403
19632,4448
19632,4493
19633,4404
19633,4449
19633,4494
19634,4405
19634,4450
19634,4495
19635,4406
19635,4451
19635,4496
19636,4407
19636,4452
19636,4497
19637,4408
19637,4453
19637,4498
19638,4409
19638,4454
19638,4499
19639,4410
19639,4455
19639,4500
19640,4411
19640,4456
19640,4501
19641,4412
19641,4457
19641,4502
19642,4413
19642,4458
19642,4503
19643,4414
19643,4459
19643,4504
19644,4415
19644,4460
19644,4505
19645,4506
19647,4508
19647,4553
19647,4598
19648,4509
19649,4510
19650,4511
19651,4512
19652,4513
19653,4514
19654,4515
19655,4516
19656,4517
19657,4518
19658,4519
19658,4521
19659,4520
19659,4522
19660,4523
19661,4524
19662,4525
19663,4526
19663,4571
19663,4616
19664,4527
19664,4572
19664,4617
19665,4528
19665,4573
19665,4618
19666,4529
19666,4574
19666,4619
19667,4530
19667,4575
19667,4620
19668,4531
19668,4576
19668,4621
19669,4532
19669,4577
19669,4622
19670,4533
19670,4578
19670,4623
19671,4534
19671,4579
19671,4624
19672,4535
19672,4580
19672,4625
19673,4536
19673,4581
19673,4626
19674,4537
19674,4582
19674,4627
19675,4538
19675,4583
19675,4628
19676,4539
19676,4584
19676,4629
19677,4540
19677,4585
19677,4630
19678,4541
19678,4586
19678,4631
19679,4542
19679,4587
19679,4632
19680,4543
19680,4588
19680,4633
19681,4544
19681,4589
19681,4634
19682,4545
19682,4590
19682,4635
19683,4546
19683,4591
19683,4636
19684,4547
19684,4592
19684,4637
19685,4548
19685,4593
19685,4638
19686,4549
19686,4594
19686,4639
19687,4550
19687,4595
19687,4640
19688,4551
19690,4508
19690,4553
19690,4598
19691,4554
19692,4555
19693,4556
19694,4557
19695,4558
19696,4559
19697,4560
19698,4561
19699,4562
19700,4563
19701,4564
19701,4566
19702,4565
19702,4567
19703,4568
19704,4569
19705,4570
19706,4526
19706,4571
19706,4616
19707,4527
19707,4572
19707,4617
19708,4528
19708,4573
19708,4618
19709,4529
19709,4574
19709,4619
19710,4530
19710,4575
19710,4620
19711,4531
19711,4576
19711,4621
19712,4532
19712,4577
19712,4622
19713,4533
19713,4578
19713,4623
19714,4534
19714,4579
19714,4624
19715,4535
19715,4580
19715,4625
19716,4536
19716,4581
19716,4626
19717,4537
19717,4582
19717,4627
19718,4538
19718,4583
19718,4628
19719,4539
19719,4584
19719,4629
19720,4540
19720,4585
19720,4630
19721,4541
19721,4586
19721,4631
19722,4542
19722,4587
19722,4632
19723,4543
19723,4588
19723,4633
19724,4544
19724,4589
19724,4634
19725,4545
19725,4590
19725,4635
19726,4546
19726,4591
19726,4636
19727,4547
19727,4592
19727,4637
19728,4548
19728,4593
19728,4638
19729,4549
19729,4594
19729,4639
19730,4550
19730,4595
19730,4640
19731,4596
19733,4508
19733,4553
19733,4598
19734,4599
19735,4600
19736,4601
19737,4602
19738,4603
19739,4604
19740,4605
19741,4606
19742,4607
19743,4608
19744,4609
19744,4611
19745,4610
19745,4612
19746,4613
19747,4614
19748,4615
19759,4526
19759,4571
19759,4616
19760,4527
19760,4572
19760,4617
19761,4528
19761,4573
19761,4618
19762,4529
19762,4574
19762,4619
19763,4530
19763,4575
19763,4620
19764,4531
19764,4576
19764,4621
19765,4532
19765,4577
19765,4622
19766,4533
19766,4578
19766,4623
19767,4534
19767,4579
19767,4624
19768,4535
19768,4580
19768,4625
19769,4536
19769,4581
19769,4626
19770,4537
19770,4582
19770,4627
19771,4538
19771,4583
19771,4628
19772,4539
19772,4584
19772,4629
19773,4540
19773,4585
19773,4630
19774,4541
19774,4586
19774,4631
19775,4542
19775,4587
19775,4632
19776,4543
19776,4588
19776,4633
19777,4544
19777,4589
19777,4634
19778,4545
19778,4590
19778,4635
19779,4546
19779,4591
19779,4636
19780,4547
19780,4592
19780,4637
19781,4548
19781,4593
19781,4638
19782,4549
19782,4594
19782,4639
19783,4550
19783,4595
19783,4640
19784,4641
19786,4643
19786,4688
19786,4733
19787,4644
19788,4645
19789,4646
19790,4647
19791,4648
19792,4649
19793,4650
19794,4651
19795,4652
19796,4653
19797,4654
19797,4656
19798,4655
19798,4657
19799,4658
19800,4659
19801,4660
19802,4661
19802,4706
19802,4751
19803,4662
19803,4707
19803,4752
19804,4663
19804,4708
19804,4753
19805,4664
19805,4709
19805,4754
19806,4665
19806,4710
19806,4755
19807,4666
19807,4711
19807,4756
19808,4667
19808,4712
19808,4757
19809,4668
19809,4713
19809,4758
19810,4669
19810,4714
19810,4759
19811,4670
19811,4715
19811,4760
19812,4671
19812,4716
19812,4761
19813,4672
19813,4717
19813,4762
19814,4673
19814,4718
19814,4763
19815,4674
19815,4719
19815,4764
19816,4675
19816,4720
19816,4765
19817,4676
19817,4721
19817,4766
19818,4677
19818,4722
19818,4767
19819,4678
19819,4723
19819,4768
19820,4679
19820,4724
19820,4769
19821,4680
19821,4725
19821,4770
19822,4681
19822,4726
19822,4771
19823,4682
19823,4727
19823,4772
19824,4683
19824,4728
19824,4773
19825,4684
19825,4729
19825,4774
19826,4685
19826,4730
19826,4775
19827,4686
19829,4643
19829,4688
19829,4733
19830,4689
19831,4690
19832,4691
19833,4692
19834,4693
19835,4694
19836,4695
19837,4696
19838,4697
19839,4698
19840,4699
19840,4701
19841,4700
19841,4702
19842,4703
19843,4704
19844,4705
19845,4661
19845,4706
19845,4751
19846,4662
19846,4707
19846,4752
19847,4663
19847,4708
19847,4753
19848,4664
19848,4709
19848,4754
19849,4665
19849,4710
19849,4755
19850,4666
19850,4711
19850,4756
19851,4667
19851,4712
19851,4757
19852,4668
19852,4713
19852,4758
19853,4669
19853,4714
19853,4759
19854,4670
19854,4715
19854,4760
19855,4671
19855,4716
19855,4761
19856,4672
19856,4717
19856,4762
19857,4673
19857,4718
19857,4763
19858,4674
19858,4719
19858,4764
19859,4675
19859,4720
19859,4765
19860,4676
19860,4721
19860,4766
19861,4677
19861,4722
19861,4767
19862,4678
19862,4723
19862,4768
19863,4679
19863,4724
19863,4769
19864,4680
19864,4725
19864,4770
19865,4681
19865,4726
19865,4771
19866,4682
19866,4727
19866,4772
19867,4683
19867,4728
19867,4773
19868,4684
19868,4729
19868,4774
19869,4685
19869,4730
19869,4775
19870,4731
19872,4643
19872,4688
19872,4733
19873,4734
19874,4735
19875,4736
19876,4737
19877,4738
19878,4739
19879,4740
19880,4741
19881,4742
19882,4743
19883,4744
19883,4746
19884,4745
19884,4747
19885,4748
19886,4749
19887,4750
19888,4661
19888,4706
19888,4751
19889,4662
19889,4707
19889,4752
19890,4663
19890,4708
19890,4753
19891,4664
19891,4709
19891,4754
19892,4665
19892,4710
19892,4755
19893,4666
19893,4711
19893,4756
19894,4667
19894,4712
19894,4757
19895,4668
19895,4713
19895,4758
19896,4669
19896,4714
19896,4759
19897,4670
19897,4715
19897,4760
19898,4671
19898,4716
19898,4761
19899,4672
19899,4717
19899,4762
19900,4673
19900,4718
19900,4763
19901,4674
19901,4719
19901,4764
19902,4675
19902,4720
19902,4765
19903,4676
19903,4721
19903,4766
19904,4677
19904,4722
19904,4767
19905,4678
19905,4723
19905,4768
19906,4679
19906,4724
19906,4769
19907,4680
19907,4725
19907,4770
19908,4681
19908,4726
19908,4771
19909,4682
19909,4727
19909,4772
19910,4683
19910,4728
19910,4773
19911,4684
19911,4729
19911,4774
19912,4685
19912,4730
19912,4775
19913,4776
19915,4778
19915,4823
19915,4868
19916,4779
19917,4780
19918,4781
19919,4782
19920,4783
19921,4784
19922,4785
19923,4786
19924,4787
19925,4788
19926,4789
19926,4791
19927,4790
19927,4792
19928,4793
19929,4794
19930,4795
19931,4796
19931,4841
19931,4886
19932,4797
19932,4842
19932,4887
19933,4798
19933,4843
19933,4888
19934,4799
19934,4844
19934,4889
19935,4800
19935,4845
19935,4890
19936,4801
19936,4846
19936,4891
19937,4802
19937,4847
19937,4892
19938,4803
19938,4848
19938,4893
19939,4804
19939,4849
19939,4894
19940,4805
19940,4850
19940,4895
19941,4806
19941,4851
19941,4896
19942,4807
19942,4852
19942,4897
19943,4808
19943,4853
19943,4898
19944,4809
19944,4854
19944,4899
19945,4810
19945,4855
19945,4900
19946,4811
19946,4856
19946,4901
19947,4812
19947,4857
19947,4902
19948,4813
19948,4858
19948,4903
19949,4814
19949,4859
19949,4904
19950,4815
19950,4860
19950,4905
19951,4816
19951,4861
19951,4906
19952,4817
19952,4862
19952,4907
19953,4818
19953,4863
19953,4908
19954,4819
19954,4864
19954,4909
19955,4820
19955,4865
19955,4910
19956,4821
19958,4778
19958,4823
19958,4868
19959,4824
19960,4825
19961,4826
19962,4827
19963,4828
19964,4829
19965,4830
19966,4831
19967,4832
19968,4833
19969,4834
19969,4836
19970,4835
19970,4837
19971,4838
19972,4839
19973,4840
19984,4796
19984,4841
19984,4886
19985,4797
19985,4842
19985,4887
19986,4798
19986,4843
19986,4888
19987,4799
19987,4844
19987,4889
19988,4800
19988,4845
19988,4890
19989,4801
19989,4846
19989,4891
19990,4802
19990,4847
19990,4892
19991,4803
19991,4848
19991,4893
19992,4804
19992,4849
19992,4894
19993,4805
19993,4850
19993,4895
19994,4806
19994,4851
19994,4896
19995,4807
19995,4852
19995,4897
19996,4808
19996,4853
19996,4898
19997,4809
19997,4854
19997,4899
19998,4810
19998,4855
19998,4900
19999,4811
19999,4856
19999,4901
20000,4812
20000,4857
20000,4902
20001,4813
20001,4858
20001,4903
20002,4814
20002,4859
20002,4904
20003,4815
20003,4860
20003,4905
20004,4816
20004,4861
20004,4906
20005,4817
20005,4862
20005,4907
20006,4818
20006,4863
20006,4908
20007,4819
20007,4864
20007,4909
20008,4820
20008,4865
20008,4910
20009,4866
20011,4778
20011,4823
20011,4868
20012,4869
20013,4870
20014,4871
20015,4872
20016,4873
20017,4874
20018,4875
20019,4876
20020,4877
20021,4878
20022,4879
20022,4881
20023,4880
20023,4882
20024,4883
20025,4884
20026,4885
20027,4796
20027,4841
20027,4886
20028,4797
20028,4842
20028,4887
20029,4798
20029,4843
20029,4888
20030,4799
20030,4844
20030,4889
20031,4800
20031,4845
20031,4890
20032,4801
20032,4846
20032,4891
20033,4802
20033,4847
20033,4892
20034,4803
20034,4848
20034,4893
20035,4804
20035,4849
20035,4894
20036,4805
20036,4850
20036,4895
20037,4806
20037,4851
20037,4896
20038,4807
20038,4852
20038,4897
20039,4808
20039,4853
20039,4898
20040,4809
20040,4854
20040,4899
20041,4810
20041,4855
20041,4900
20042,4811
20042,4856
20042,4901
20043,4812
20043,4857
20043,4902
20044,4813
20044,4858
20044,4903
20045,4814
20045,4859
20045,4904
20046,4815
20046,4860
20046,4905
20047,4816
20047,4861
20047,4906
20048,4817
20048,4862
20048,4907
20049,4818
20049,4863
20049,4908
20050,4819
20050,4864
20050,4909
20051,4820
20051,4865
20051,4910
20052,4911
20054,4913
20055,4914
20056,4915
20057,4916
20058,4917
20059,4918
20060,4919
20061,4920
20062,4921
20063,4922
20064,4923
20065,4924
20065,4926
20066,4925
20066,4927
20067,4928
20068,4929
20069,4930
20070,4931
20071,4932
20072,4933
20073,4934
20074,4935
20075,4936
20076,4937
20077,4938
20078,4939
20079,4940
20080,4941
20081,4942
20082,4943
20083,4944
20084,4945
20085,4946
20086,4947
20087,4948
20088,4949
20089,4950
20090,4951
20091,4952
20092,4953
20093,4954
20094,4955
20095,4956
20096,4957
20097,4958
20098,4959
20099,4960
20101,4913
20119,4934
20120,4935
20121,4936
20122,4937
20123,4938
20124,4939
20125,4940
20126,4941
20127,4942
20128,4943
20129,4944
20130,4945
20131,4946
20132,4947
20133,4948
20134,4949
20135,4950
20136,4951
20137,4952
20138,4953
20139,4954
20140,4955
20141,4956
20142,4957
20143,4958
20146,4913
20164,4934
20165,4935
20166,4936
20167,4937
20168,4938
20169,4939
20170,4940
20171,4941
20172,4942
20173,4943
20174,4944
20175,4945
20176,4946
20177,4947
20178,4948
20179,4949
20180,4950
20181,4951
20182,4952
20183,4953
20184,4954
20185,4955
20186,4956
20187,4957
20188,4958
20191,5052
20192,5053
20193,5054
20194,5055
20195,5056
20196,5057
20197,5058
20198,5059
20199,5060
20200,5061
20201,5062
20202,5063
20203,5064
20204,5065
20205,5066
20206,5067
20207,5068
20208,5069
20209,5070
20210,5071
20211,5072
20212,5073
20213,5074
20214,5075
20215,5076
20216,5077
20217,5078
20218,5079
20219,5080
20220,5081
20221,5082
20222,5083
20229,5084
20230,5085
20231,5086
20232,5087
20233,5088
20234,5089
20235,5090
20236,5091
20237,5092
20238,5093
20239,5094
20240,5095
20241,5096
20242,5097
20243,5098
20244,5099
20245,5100
20246,5101
20247,5102
20248,5103
20249,5104
20250,5105
20251,5106
20252,5107
20253,5108
