ita_azon,ita_name,ita_class,ita_type,ita_grade,ita_lvllim,slot_index,stat_name,value,raw_vector
98,Intensified Steel Armor,Knight,Armor,G46,43,12,Evasion,15,||||||||||||15|36|4
98,Intensified Steel Armor,Knight,Armor,G46,43,13,Defense,36,||||||||||||15|36|4
98,Intensified Steel Armor,Knight,Armor,G46,43,14,Absorb,4,||||||||||||15|36|4
99,Intensified Steel Boots,Knight,Boots,G46,37,12,Evasion,17,||||||||||||17|27|2
99,Intensified Steel Boots,Knight,Boots,G46,37,13,Defense,27,||||||||||||17|27|2
99,Intensified Steel Boots,Knight,Boots,G46,37,14,Absorb,2,||||||||||||17|27|2
100,Intensified Steel Gloves,Knight,Gloves,G46,35,12,Evasion,4,||||||||||||4|33|1
100,Intensified Steel Gloves,Knight,Gloves,G46,35,13,Defense,33,||||||||||||4|33|1
100,Intensified Steel Gloves,Knight,Gloves,G46,35,14,Absorb,1,||||||||||||4|33|1
101,Intensified Steel Helmet,Knight,Helmet,G46,39,12,Evasion,7,||||||||||||7|35|1
101,Intensified Steel Helmet,Knight,Helmet,G46,39,13,Defense,35,||||||||||||7|35|1
101,Intensified Steel Helmet,Knight,Helmet,G46,39,14,Absorb,1,||||||||||||7|35|1
102,Intensified Steel Shorts,Knight,Shorts,G46,41,12,Evasion,17,||||||||||||17|24|2
102,Intensified Steel Shorts,Knight,Shorts,G46,41,13,Defense,24,||||||||||||17|24|2
102,Intensified Steel Shorts,Knight,Shorts,G46,41,14,Absorb,2,||||||||||||17|24|2
103,BeeDan DaeChangEau,Magician,All,G46,35,12,Evasion,75,||||||||||||75|95|0|19|19|19|13|13
103,BeeDan DaeChangEau,Magician,All,G46,35,13,Defense,95,||||||||||||75|95|0|19|19|19|13|13
103,BeeDan DaeChangEau,Magician,All,G46,35,14,Absorb,0,||||||||||||75|95|0|19|19|19|13|13
103,BeeDan DaeChangEau,Magician,All,G46,35,15,Fire,19,||||||||||||75|95|0|19|19|19|13|13
103,BeeDan DaeChangEau,Magician,All,G46,35,16,Ice,19,||||||||||||75|95|0|19|19|19|13|13
103,BeeDan DaeChangEau,Magician,All,G46,35,17,Lightening,19,||||||||||||75|95|0|19|19|19|13|13
103,BeeDan DaeChangEau,Magician,All,G46,35,18,NonElemental,13,||||||||||||75|95|0|19|19|19|13|13
103,BeeDan DaeChangEau,Magician,All,G46,35,19,Curse,13,||||||||||||75|95|0|19|19|19|13|13
104,BeeDan DaeChangEau Clothes,Magician,Armor,G46,43,12,Evasion,19,||||||||||||19|22|0|5|5|5|2|2
104,BeeDan DaeChangEau Clothes,Magician,Armor,G46,43,13,Defense,22,||||||||||||19|22|0|5|5|5|2|2
104,BeeDan DaeChangEau Clothes,Magician,Armor,G46,43,14,Absorb,0,||||||||||||19|22|0|5|5|5|2|2
104,BeeDan DaeChangEau Clothes,Magician,Armor,G46,43,15,Fire,5,||||||||||||19|22|0|5|5|5|2|2
104,BeeDan DaeChangEau Clothes,Magician,Armor,G46,43,16,Ice,5,||||||||||||19|22|0|5|5|5|2|2
104,BeeDan DaeChangEau Clothes,Magician,Armor,G46,43,17,Lightening,5,||||||||||||19|22|0|5|5|5|2|2
104,BeeDan DaeChangEau Clothes,Magician,Armor,G46,43,18,NonElemental,2,||||||||||||19|22|0|5|5|5|2|2
104,BeeDan DaeChangEau Clothes,Magician,Armor,G46,43,19,Curse,2,||||||||||||19|22|0|5|5|5|2|2
105,BeeDan DaeChangEau Boots,Magician,Boots,G46,37,12,Evasion,18,||||||||||||18|20|0|3|3|3|3|3
105,BeeDan DaeChangEau Boots,Magician,Boots,G46,37,13,Defense,20,||||||||||||18|20|0|3|3|3|3|3
105,BeeDan DaeChangEau Boots,Magician,Boots,G46,37,14,Absorb,0,||||||||||||18|20|0|3|3|3|3|3
105,BeeDan DaeChangEau Boots,Magician,Boots,G46,37,15,Fire,3,||||||||||||18|20|0|3|3|3|3|3
105,BeeDan DaeChangEau Boots,Magician,Boots,G46,37,16,Ice,3,||||||||||||18|20|0|3|3|3|3|3
105,BeeDan DaeChangEau Boots,Magician,Boots,G46,37,17,Lightening,3,||||||||||||18|20|0|3|3|3|3|3
105,BeeDan DaeChangEau Boots,Magician,Boots,G46,37,18,NonElemental,3,||||||||||||18|20|0|3|3|3|3|3
105,BeeDan DaeChangEau Boots,Magician,Boots,G46,37,19,Curse,3,||||||||||||18|20|0|3|3|3|3|3
106,BeeDan DaeChangEau Gloves,Magician,Gloves,G46,35,12,Evasion,8,||||||||||||8|18|0|4|4|4|3|3
106,BeeDan DaeChangEau Gloves,Magician,Gloves,G46,35,13,Defense,18,||||||||||||8|18|0|4|4|4|3|3
106,BeeDan DaeChangEau Gloves,Magician,Gloves,G46,35,14,Absorb,0,||||||||||||8|18|0|4|4|4|3|3
106,BeeDan DaeChangEau Gloves,Magician,Gloves,G46,35,15,Fire,4,||||||||||||8|18|0|4|4|4|3|3
106,BeeDan DaeChangEau Gloves,Magician,Gloves,G46,35,16,Ice,4,||||||||||||8|18|0|4|4|4|3|3
106,BeeDan DaeChangEau Gloves,Magician,Gloves,G46,35,17,Lightening,4,||||||||||||8|18|0|4|4|4|3|3
106,BeeDan DaeChangEau Gloves,Magician,Gloves,G46,35,18,NonElemental,3,||||||||||||8|18|0|4|4|4|3|3
106,BeeDan DaeChangEau Gloves,Magician,Gloves,G46,35,19,Curse,3,||||||||||||8|18|0|4|4|4|3|3
107,BeeDan DaeChangEau Hair Decoration,Magician,Helmet,G46,39,12,Evasion,10,||||||||||||10|18|0|4|4|4|2|2
107,BeeDan DaeChangEau Hair Decoration,Magician,Helmet,G46,39,13,Defense,18,||||||||||||10|18|0|4|4|4|2|2
107,BeeDan DaeChangEau Hair Decoration,Magician,Helmet,G46,39,14,Absorb,0,||||||||||||10|18|0|4|4|4|2|2
107,BeeDan DaeChangEau Hair Decoration,Magician,Helmet,G46,39,15,Fire,4,||||||||||||10|18|0|4|4|4|2|2
107,BeeDan DaeChangEau Hair Decoration,Magician,Helmet,G46,39,16,Ice,4,||||||||||||10|18|0|4|4|4|2|2
107,BeeDan DaeChangEau Hair Decoration,Magician,Helmet,G46,39,17,Lightening,4,||||||||||||10|18|0|4|4|4|2|2
107,BeeDan DaeChangEau Hair Decoration,Magician,Helmet,G46,39,18,NonElemental,2,||||||||||||10|18|0|4|4|4|2|2
107,BeeDan DaeChangEau Hair Decoration,Magician,Helmet,G46,39,19,Curse,2,||||||||||||10|18|0|4|4|4|2|2
108,BeeDan DaeChangEau Shorts,Magician,Shorts,G46,41,12,Evasion,20,||||||||||||20|17|0|3|3|3|3|3
108,BeeDan DaeChangEau Shorts,Magician,Shorts,G46,41,13,Defense,17,||||||||||||20|17|0|3|3|3|3|3
108,BeeDan DaeChangEau Shorts,Magician,Shorts,G46,41,14,Absorb,0,||||||||||||20|17|0|3|3|3|3|3
108,BeeDan DaeChangEau Shorts,Magician,Shorts,G46,41,15,Fire,3,||||||||||||20|17|0|3|3|3|3|3
108,BeeDan DaeChangEau Shorts,Magician,Shorts,G46,41,16,Ice,3,||||||||||||20|17|0|3|3|3|3|3
108,BeeDan DaeChangEau Shorts,Magician,Shorts,G46,41,17,Lightening,3,||||||||||||20|17|0|3|3|3|3|3
108,BeeDan DaeChangEau Shorts,Magician,Shorts,G46,41,18,NonElemental,3,||||||||||||20|17|0|3|3|3|3|3
108,BeeDan DaeChangEau Shorts,Magician,Shorts,G46,41,19,Curse,3,||||||||||||20|17|0|3|3|3|3|3
109,Diamond Armor,Archer,All,G50,46,0,Strength,1,1|4|||4||||||||93|151|7
109,Diamond Armor,Archer,All,G50,46,1,Health,4,1|4|||4||||||||93|151|7
109,Diamond Armor,Archer,All,G50,46,4,Agility,4,1|4|||4||||||||93|151|7
109,Diamond Armor,Archer,All,G50,46,12,Evasion,93,1|4|||4||||||||93|151|7
109,Diamond Armor,Archer,All,G50,46,13,Defense,151,1|4|||4||||||||93|151|7
109,Diamond Armor,Archer,All,G50,46,14,Absorb,7,1|4|||4||||||||93|151|7
110,Diamond Armor,Archer,Armor,G50,50,1,Health,2,|2|||3||||||||16|46|3
110,Diamond Armor,Archer,Armor,G50,50,4,Agility,3,|2|||3||||||||16|46|3
110,Diamond Armor,Archer,Armor,G50,50,12,Evasion,16,|2|||3||||||||16|46|3
110,Diamond Armor,Archer,Armor,G50,50,13,Defense,46,|2|||3||||||||16|46|3
110,Diamond Armor,Archer,Armor,G50,50,14,Absorb,3,|2|||3||||||||16|46|3
111,Diamond Boots,Archer,Boots,G50,47,4,Agility,1,||||1||||||||26|28|1
111,Diamond Boots,Archer,Boots,G50,47,12,Evasion,26,||||1||||||||26|28|1
111,Diamond Boots,Archer,Boots,G50,47,13,Defense,28,||||1||||||||26|28|1
111,Diamond Boots,Archer,Boots,G50,47,14,Absorb,1,||||1||||||||26|28|1
112,Diamond Gloves,Archer,Gloves,G50,46,0,Strength,1,1||||||||||||9|28|1
112,Diamond Gloves,Archer,Gloves,G50,46,12,Evasion,9,1||||||||||||9|28|1
112,Diamond Gloves,Archer,Gloves,G50,46,13,Defense,28,1||||||||||||9|28|1
112,Diamond Gloves,Archer,Gloves,G50,46,14,Absorb,1,1||||||||||||9|28|1
113,Diamond Hood,Archer,Helmet,G50,48,1,Health,1,|1|||||||||||10|30|1
113,Diamond Hood,Archer,Helmet,G50,48,12,Evasion,10,|1|||||||||||10|30|1
113,Diamond Hood,Archer,Helmet,G50,48,13,Defense,30,|1|||||||||||10|30|1
113,Diamond Hood,Archer,Helmet,G50,48,14,Absorb,1,|1|||||||||||10|30|1
114,Diamond Shorts,Archer,Shorts,G50,49,1,Health,1,|1|||||||||||32|19|1
114,Diamond Shorts,Archer,Shorts,G50,49,12,Evasion,32,|1|||||||||||32|19|1
114,Diamond Shorts,Archer,Shorts,G50,49,13,Defense,19,|1|||||||||||32|19|1
114,Diamond Shorts,Archer,Shorts,G50,49,14,Absorb,1,|1|||||||||||32|19|1
115,Diamond Scaled Armor,Knight,All,G50,46,0,Strength,4,4|4|||1||||||||70|189|13
115,Diamond Scaled Armor,Knight,All,G50,46,1,Health,4,4|4|||1||||||||70|189|13
115,Diamond Scaled Armor,Knight,All,G50,46,4,Agility,1,4|4|||1||||||||70|189|13
115,Diamond Scaled Armor,Knight,All,G50,46,12,Evasion,70,4|4|||1||||||||70|189|13
115,Diamond Scaled Armor,Knight,All,G50,46,13,Defense,189,4|4|||1||||||||70|189|13
115,Diamond Scaled Armor,Knight,All,G50,46,14,Absorb,13,4|4|||1||||||||70|189|13
116,Diamond Scaled Armor,Knight,Armor,G50,50,0,Strength,3,3|2|||||||||||17|44|5
116,Diamond Scaled Armor,Knight,Armor,G50,50,1,Health,2,3|2|||||||||||17|44|5
116,Diamond Scaled Armor,Knight,Armor,G50,50,12,Evasion,17,3|2|||||||||||17|44|5
116,Diamond Scaled Armor,Knight,Armor,G50,50,13,Defense,44,3|2|||||||||||17|44|5
116,Diamond Scaled Armor,Knight,Armor,G50,50,14,Absorb,5,3|2|||||||||||17|44|5
117,Diamond Scaled Boots,Knight,Boots,G50,47,4,Agility,1,||||1||||||||19|32|2
117,Diamond Scaled Boots,Knight,Boots,G50,47,12,Evasion,19,||||1||||||||19|32|2
117,Diamond Scaled Boots,Knight,Boots,G50,47,13,Defense,32,||||1||||||||19|32|2
117,Diamond Scaled Boots,Knight,Boots,G50,47,14,Absorb,2,||||1||||||||19|32|2
118,Diamond Scaled Gloves,Knight,Gloves,G50,46,0,Strength,1,1||||||||||||6|43|1
118,Diamond Scaled Gloves,Knight,Gloves,G50,46,12,Evasion,6,1||||||||||||6|43|1
118,Diamond Scaled Gloves,Knight,Gloves,G50,46,13,Defense,43,1||||||||||||6|43|1
118,Diamond Scaled Gloves,Knight,Gloves,G50,46,14,Absorb,1,1||||||||||||6|43|1
119,Diamond Scaled Helmet,Knight,Helmet,G50,48,1,Health,1,|1|||||||||||9|42|2
119,Diamond Scaled Helmet,Knight,Helmet,G50,48,12,Evasion,9,|1|||||||||||9|42|2
119,Diamond Scaled Helmet,Knight,Helmet,G50,48,13,Defense,42,|1|||||||||||9|42|2
119,Diamond Scaled Helmet,Knight,Helmet,G50,48,14,Absorb,2,|1|||||||||||9|42|2
120,Diamond Scaled Shorts,Knight,Shorts,G50,49,1,Health,1,|1|||||||||||19|28|3
120,Diamond Scaled Shorts,Knight,Shorts,G50,49,12,Evasion,19,|1|||||||||||19|28|3
120,Diamond Scaled Shorts,Knight,Shorts,G50,49,13,Defense,28,|1|||||||||||19|28|3
120,Diamond Scaled Shorts,Knight,Shorts,G50,49,14,Absorb,3,|1|||||||||||19|28|3
121,White DaeChangEau,Magician,All,G50,46,1,Health,4,|4|3|2|||||||||91|122|0|21|21|21|15|15
121,White DaeChangEau,Magician,All,G50,46,2,Intelligence,3,|4|3|2|||||||||91|122|0|21|21|21|15|15
121,White DaeChangEau,Magician,All,G50,46,3,Wisdom,2,|4|3|2|||||||||91|122|0|21|21|21|15|15
121,White DaeChangEau,Magician,All,G50,46,12,Evasion,91,|4|3|2|||||||||91|122|0|21|21|21|15|15
121,White DaeChangEau,Magician,All,G50,46,13,Defense,122,|4|3|2|||||||||91|122|0|21|21|21|15|15
121,White DaeChangEau,Magician,All,G50,46,14,Absorb,0,|4|3|2|||||||||91|122|0|21|21|21|15|15
121,White DaeChangEau,Magician,All,G50,46,15,Fire,21,|4|3|2|||||||||91|122|0|21|21|21|15|15
121,White DaeChangEau,Magician,All,G50,46,16,Ice,21,|4|3|2|||||||||91|122|0|21|21|21|15|15
121,White DaeChangEau,Magician,All,G50,46,17,Lightening,21,|4|3|2|||||||||91|122|0|21|21|21|15|15
121,White DaeChangEau,Magician,All,G50,46,18,NonElemental,15,|4|3|2|||||||||91|122|0|21|21|21|15|15
121,White DaeChangEau,Magician,All,G50,46,19,Curse,15,|4|3|2|||||||||91|122|0|21|21|21|15|15
122,White DaeChangEau Clothes,Magician,Armor,G50,50,1,Health,2,|2|3||||||||||23|29|0|6|6|6|3|3
122,White DaeChangEau Clothes,Magician,Armor,G50,50,2,Intelligence,3,|2|3||||||||||23|29|0|6|6|6|3|3
122,White DaeChangEau Clothes,Magician,Armor,G50,50,12,Evasion,23,|2|3||||||||||23|29|0|6|6|6|3|3
122,White DaeChangEau Clothes,Magician,Armor,G50,50,13,Defense,29,|2|3||||||||||23|29|0|6|6|6|3|3
122,White DaeChangEau Clothes,Magician,Armor,G50,50,14,Absorb,0,|2|3||||||||||23|29|0|6|6|6|3|3
122,White DaeChangEau Clothes,Magician,Armor,G50,50,15,Fire,6,|2|3||||||||||23|29|0|6|6|6|3|3
122,White DaeChangEau Clothes,Magician,Armor,G50,50,16,Ice,6,|2|3||||||||||23|29|0|6|6|6|3|3
122,White DaeChangEau Clothes,Magician,Armor,G50,50,17,Lightening,6,|2|3||||||||||23|29|0|6|6|6|3|3
122,White DaeChangEau Clothes,Magician,Armor,G50,50,18,NonElemental,3,|2|3||||||||||23|29|0|6|6|6|3|3
122,White DaeChangEau Clothes,Magician,Armor,G50,50,19,Curse,3,|2|3||||||||||23|29|0|6|6|6|3|3
123,White DaeChangEau Boots,Magician,Boots,G50,47,3,Wisdom,1,|||1|||||||||21|26|0|3|3|3|3|3
123,White DaeChangEau Boots,Magician,Boots,G50,47,12,Evasion,21,|||1|||||||||21|26|0|3|3|3|3|3
123,White DaeChangEau Boots,Magician,Boots,G50,47,13,Defense,26,|||1|||||||||21|26|0|3|3|3|3|3
123,White DaeChangEau Boots,Magician,Boots,G50,47,14,Absorb,0,|||1|||||||||21|26|0|3|3|3|3|3
123,White DaeChangEau Boots,Magician,Boots,G50,47,15,Fire,3,|||1|||||||||21|26|0|3|3|3|3|3
123,White DaeChangEau Boots,Magician,Boots,G50,47,16,Ice,3,|||1|||||||||21|26|0|3|3|3|3|3
123,White DaeChangEau Boots,Magician,Boots,G50,47,17,Lightening,3,|||1|||||||||21|26|0|3|3|3|3|3
123,White DaeChangEau Boots,Magician,Boots,G50,47,18,NonElemental,3,|||1|||||||||21|26|0|3|3|3|3|3
123,White DaeChangEau Boots,Magician,Boots,G50,47,19,Curse,3,|||1|||||||||21|26|0|3|3|3|3|3
124,White DaeChangEau Gloves,Magician,Gloves,G50,46,3,Wisdom,1,|||1|||||||||10|23|0|4|4|4|3|3
124,White DaeChangEau Gloves,Magician,Gloves,G50,46,12,Evasion,10,|||1|||||||||10|23|0|4|4|4|3|3
124,White DaeChangEau Gloves,Magician,Gloves,G50,46,13,Defense,23,|||1|||||||||10|23|0|4|4|4|3|3
124,White DaeChangEau Gloves,Magician,Gloves,G50,46,14,Absorb,0,|||1|||||||||10|23|0|4|4|4|3|3
124,White DaeChangEau Gloves,Magician,Gloves,G50,46,15,Fire,4,|||1|||||||||10|23|0|4|4|4|3|3
124,White DaeChangEau Gloves,Magician,Gloves,G50,46,16,Ice,4,|||1|||||||||10|23|0|4|4|4|3|3
124,White DaeChangEau Gloves,Magician,Gloves,G50,46,17,Lightening,4,|||1|||||||||10|23|0|4|4|4|3|3
124,White DaeChangEau Gloves,Magician,Gloves,G50,46,18,NonElemental,3,|||1|||||||||10|23|0|4|4|4|3|3
124,White DaeChangEau Gloves,Magician,Gloves,G50,46,19,Curse,3,|||1|||||||||10|23|0|4|4|4|3|3
125,White DaeChangEau Hair Decoration,Magician,Helmet,G50,48,1,Health,1,|1|||||||||||12|23|0|5|5|5|2|2
125,White DaeChangEau Hair Decoration,Magician,Helmet,G50,48,12,Evasion,12,|1|||||||||||12|23|0|5|5|5|2|2
125,White DaeChangEau Hair Decoration,Magician,Helmet,G50,48,13,Defense,23,|1|||||||||||12|23|0|5|5|5|2|2
125,White DaeChangEau Hair Decoration,Magician,Helmet,G50,48,14,Absorb,0,|1|||||||||||12|23|0|5|5|5|2|2
125,White DaeChangEau Hair Decoration,Magician,Helmet,G50,48,15,Fire,5,|1|||||||||||12|23|0|5|5|5|2|2
125,White DaeChangEau Hair Decoration,Magician,Helmet,G50,48,16,Ice,5,|1|||||||||||12|23|0|5|5|5|2|2
125,White DaeChangEau Hair Decoration,Magician,Helmet,G50,48,17,Lightening,5,|1|||||||||||12|23|0|5|5|5|2|2
125,White DaeChangEau Hair Decoration,Magician,Helmet,G50,48,18,NonElemental,2,|1|||||||||||12|23|0|5|5|5|2|2
125,White DaeChangEau Hair Decoration,Magician,Helmet,G50,48,19,Curse,2,|1|||||||||||12|23|0|5|5|5|2|2
126,White DaeChangEau Shorts,Magician,Shorts,G50,49,1,Health,1,|1|||||||||||25|21|0|3|3|3|3|3
126,White DaeChangEau Shorts,Magician,Shorts,G50,49,12,Evasion,25,|1|||||||||||25|21|0|3|3|3|3|3
126,White DaeChangEau Shorts,Magician,Shorts,G50,49,13,Defense,21,|1|||||||||||25|21|0|3|3|3|3|3
126,White DaeChangEau Shorts,Magician,Shorts,G50,49,14,Absorb,0,|1|||||||||||25|21|0|3|3|3|3|3
126,White DaeChangEau Shorts,Magician,Shorts,G50,49,15,Fire,3,|1|||||||||||25|21|0|3|3|3|3|3
126,White DaeChangEau Shorts,Magician,Shorts,G50,49,16,Ice,3,|1|||||||||||25|21|0|3|3|3|3|3
126,White DaeChangEau Shorts,Magician,Shorts,G50,49,17,Lightening,3,|1|||||||||||25|21|0|3|3|3|3|3
126,White DaeChangEau Shorts,Magician,Shorts,G50,49,18,NonElemental,3,|1|||||||||||25|21|0|3|3|3|3|3
126,White DaeChangEau Shorts,Magician,Shorts,G50,49,19,Curse,3,|1|||||||||||25|21|0|3|3|3|3|3
127,Armor of Doggebi,Archer,All,G55,51,0,Strength,2,2|7|||6||||||||115|176|11
127,Armor of Doggebi,Archer,All,G55,51,1,Health,7,2|7|||6||||||||115|176|11
127,Armor of Doggebi,Archer,All,G55,51,4,Agility,6,2|7|||6||||||||115|176|11
127,Armor of Doggebi,Archer,All,G55,51,12,Evasion,115,2|7|||6||||||||115|176|11
127,Armor of Doggebi,Archer,All,G55,51,13,Defense,176,2|7|||6||||||||115|176|11
127,Armor of Doggebi,Archer,All,G55,51,14,Absorb,11,2|7|||6||||||||115|176|11
128,Armor of Doggebi,Archer,Armor,G55,55,1,Health,3,|3|||4||||||||19|54|4
128,Armor of Doggebi,Archer,Armor,G55,55,4,Agility,4,|3|||4||||||||19|54|4
128,Armor of Doggebi,Archer,Armor,G55,55,12,Evasion,19,|3|||4||||||||19|54|4
128,Armor of Doggebi,Archer,Armor,G55,55,13,Defense,54,|3|||4||||||||19|54|4
128,Armor of Doggebi,Archer,Armor,G55,55,14,Absorb,4,|3|||4||||||||19|54|4
129,Boots of Doggebi,Archer,Boots,G55,52,4,Agility,2,||||2||||||||34|32|1
129,Boots of Doggebi,Archer,Boots,G55,52,12,Evasion,34,||||2||||||||34|32|1
129,Boots of Doggebi,Archer,Boots,G55,52,13,Defense,32,||||2||||||||34|32|1
129,Boots of Doggebi,Archer,Boots,G55,52,14,Absorb,1,||||2||||||||34|32|1
130,Gloves of Doggebi,Archer,Gloves,G55,51,0,Strength,2,2||||||||||||11|33|2
130,Gloves of Doggebi,Archer,Gloves,G55,51,12,Evasion,11,2||||||||||||11|33|2
130,Gloves of Doggebi,Archer,Gloves,G55,51,13,Defense,33,2||||||||||||11|33|2
130,Gloves of Doggebi,Archer,Gloves,G55,51,14,Absorb,2,2||||||||||||11|33|2
1,Leather Armor,Archer,All,G08,1,12,Evasion,15,||||||||||||15|23|0
1,Leather Armor,Archer,All,G08,1,13,Defense,23,||||||||||||15|23|0
1,Leather Armor,Archer,All,G08,1,14,Absorb,0,||||||||||||15|23|0
2,Leather Armor,Archer,Armor,G08,1,12,Evasion,0,||||||||||||0|9|0
2,Leather Armor,Archer,Armor,G08,1,13,Defense,9,||||||||||||0|9|0
2,Leather Armor,Archer,Armor,G08,1,14,Absorb,0,||||||||||||0|9|0
3,Leather Armor Boots,Archer,Boots,G08,1,12,Evasion,5,||||||||||||5|4|0
3,Leather Armor Boots,Archer,Boots,G08,1,13,Defense,4,||||||||||||5|4|0
3,Leather Armor Boots,Archer,Boots,G08,1,14,Absorb,0,||||||||||||5|4|0
4,Leather Armor Gloves,Archer,Gloves,G08,1,12,Evasion,1,||||||||||||1|4|0
4,Leather Armor Gloves,Archer,Gloves,G08,1,13,Defense,4,||||||||||||1|4|0
4,Leather Armor Gloves,Archer,Gloves,G08,1,14,Absorb,0,||||||||||||1|4|0
5,Leather Armor Hood,Archer,Helmet,G08,1,12,Evasion,2,||||||||||||2|4|0
5,Leather Armor Hood,Archer,Helmet,G08,1,13,Defense,4,||||||||||||2|4|0
5,Leather Armor Hood,Archer,Helmet,G08,1,14,Absorb,0,||||||||||||2|4|0
6,Leather Armor Shorts,Archer,Shorts,G08,1,12,Evasion,7,||||||||||||7|2|0
6,Leather Armor Shorts,Archer,Shorts,G08,1,13,Defense,2,||||||||||||7|2|0
6,Leather Armor Shorts,Archer,Shorts,G08,1,14,Absorb,0,||||||||||||7|2|0
7,SaSaEul Armor,Knight,All,G08,1,12,Evasion,12,||||||||||||12|30|3
7,SaSaEul Armor,Knight,All,G08,1,13,Defense,30,||||||||||||12|30|3
7,SaSaEul Armor,Knight,All,G08,1,14,Absorb,3,||||||||||||12|30|3
8,SaSaEul Armor,Knight,Armor,G08,1,12,Evasion,1,||||||||||||1|12|1
8,SaSaEul Armor,Knight,Armor,G08,1,13,Defense,12,||||||||||||1|12|1
8,SaSaEul Armor,Knight,Armor,G08,1,14,Absorb,1,||||||||||||1|12|1
9,SaSaEul Boots,Knight,Boots,G08,1,12,Evasion,4,||||||||||||4|3|1
9,SaSaEul Boots,Knight,Boots,G08,1,13,Defense,3,||||||||||||4|3|1
9,SaSaEul Boots,Knight,Boots,G08,1,14,Absorb,1,||||||||||||4|3|1
10,SaSaEul Gloves,Knight,Gloves,G08,1,12,Evasion,1,||||||||||||1|7|0
10,SaSaEul Gloves,Knight,Gloves,G08,1,13,Defense,7,||||||||||||1|7|0
10,SaSaEul Gloves,Knight,Gloves,G08,1,14,Absorb,0,||||||||||||1|7|0
11,SaSaEul Helmet,Knight,Helmet,G08,1,12,Evasion,1,||||||||||||1|5|1
11,SaSaEul Helmet,Knight,Helmet,G08,1,13,Defense,5,||||||||||||1|5|1
11,SaSaEul Helmet,Knight,Helmet,G08,1,14,Absorb,1,||||||||||||1|5|1
12,SaSaEul Shorts,Knight,Shorts,G08,1,12,Evasion,5,||||||||||||5|3|0
12,SaSaEul Shorts,Knight,Shorts,G08,1,13,Defense,3,||||||||||||5|3|0
12,SaSaEul Shorts,Knight,Shorts,G08,1,14,Absorb,0,||||||||||||5|3|0
13,MyungJoo HakChangEau,Magician,All,G08,1,12,Evasion,20,||||||||||||20|20|0|0|0|0|0|0
13,MyungJoo HakChangEau,Magician,All,G08,1,13,Defense,20,||||||||||||20|20|0|0|0|0|0|0
13,MyungJoo HakChangEau,Magician,All,G08,1,14,Absorb,0,||||||||||||20|20|0|0|0|0|0|0
13,MyungJoo HakChangEau,Magician,All,G08,1,15,Fire,0,||||||||||||20|20|0|0|0|0|0|0
13,MyungJoo HakChangEau,Magician,All,G08,1,16,Ice,0,||||||||||||20|20|0|0|0|0|0|0
13,MyungJoo HakChangEau,Magician,All,G08,1,17,Lightening,0,||||||||||||20|20|0|0|0|0|0|0
13,MyungJoo HakChangEau,Magician,All,G08,1,18,NonElemental,0,||||||||||||20|20|0|0|0|0|0|0
13,MyungJoo HakChangEau,Magician,All,G08,1,19,Curse,0,||||||||||||20|20|0|0|0|0|0|0
14,MyungJoo HakChangEau Clothes,Magician,Armor,G08,1,12,Evasion,3,||||||||||||3|7|0|0|0|0|0|0
14,MyungJoo HakChangEau Clothes,Magician,Armor,G08,1,13,Defense,7,||||||||||||3|7|0|0|0|0|0|0
14,MyungJoo HakChangEau Clothes,Magician,Armor,G08,1,14,Absorb,0,||||||||||||3|7|0|0|0|0|0|0
14,MyungJoo HakChangEau Clothes,Magician,Armor,G08,1,15,Fire,0,||||||||||||3|7|0|0|0|0|0|0
14,MyungJoo HakChangEau Clothes,Magician,Armor,G08,1,16,Ice,0,||||||||||||3|7|0|0|0|0|0|0
14,MyungJoo HakChangEau Clothes,Magician,Armor,G08,1,17,Lightening,0,||||||||||||3|7|0|0|0|0|0|0
14,MyungJoo HakChangEau Clothes,Magician,Armor,G08,1,18,NonElemental,0,||||||||||||3|7|0|0|0|0|0|0
14,MyungJoo HakChangEau Clothes,Magician,Armor,G08,1,19,Curse,0,||||||||||||3|7|0|0|0|0|0|0
15,MyungJoo HakChangEau Boots,Magician,Boots,G08,1,12,Evasion,6,||||||||||||6|4|0|0|0|0|0|0
15,MyungJoo HakChangEau Boots,Magician,Boots,G08,1,13,Defense,4,||||||||||||6|4|0|0|0|0|0|0
15,MyungJoo HakChangEau Boots,Magician,Boots,G08,1,14,Absorb,0,||||||||||||6|4|0|0|0|0|0|0
15,MyungJoo HakChangEau Boots,Magician,Boots,G08,1,15,Fire,0,||||||||||||6|4|0|0|0|0|0|0
15,MyungJoo HakChangEau Boots,Magician,Boots,G08,1,16,Ice,0,||||||||||||6|4|0|0|0|0|0|0
15,MyungJoo HakChangEau Boots,Magician,Boots,G08,1,17,Lightening,0,||||||||||||6|4|0|0|0|0|0|0
15,MyungJoo HakChangEau Boots,Magician,Boots,G08,1,18,NonElemental,0,||||||||||||6|4|0|0|0|0|0|0
15,MyungJoo HakChangEau Boots,Magician,Boots,G08,1,19,Curse,0,||||||||||||6|4|0|0|0|0|0|0
16,MyungJoo HakChangEau Gloves,Magician,Gloves,G08,1,12,Evasion,2,||||||||||||2|3|0|0|0|0|0|0
16,MyungJoo HakChangEau Gloves,Magician,Gloves,G08,1,13,Defense,3,||||||||||||2|3|0|0|0|0|0|0
16,MyungJoo HakChangEau Gloves,Magician,Gloves,G08,1,14,Absorb,0,||||||||||||2|3|0|0|0|0|0|0
16,MyungJoo HakChangEau Gloves,Magician,Gloves,G08,1,15,Fire,0,||||||||||||2|3|0|0|0|0|0|0
16,MyungJoo HakChangEau Gloves,Magician,Gloves,G08,1,16,Ice,0,||||||||||||2|3|0|0|0|0|0|0
16,MyungJoo HakChangEau Gloves,Magician,Gloves,G08,1,17,Lightening,0,||||||||||||2|3|0|0|0|0|0|0
16,MyungJoo HakChangEau Gloves,Magician,Gloves,G08,1,18,NonElemental,0,||||||||||||2|3|0|0|0|0|0|0
16,MyungJoo HakChangEau Gloves,Magician,Gloves,G08,1,19,Curse,0,||||||||||||2|3|0|0|0|0|0|0
17,MyungJoo HakChangEau Hair Decoration,Magician,Helmet,G08,1,12,Evasion,4,||||||||||||4|5|0|0|0|0|0|0
17,MyungJoo HakChangEau Hair Decoration,Magician,Helmet,G08,1,13,Defense,5,||||||||||||4|5|0|0|0|0|0|0
17,MyungJoo HakChangEau Hair Decoration,Magician,Helmet,G08,1,14,Absorb,0,||||||||||||4|5|0|0|0|0|0|0
17,MyungJoo HakChangEau Hair Decoration,Magician,Helmet,G08,1,15,Fire,0,||||||||||||4|5|0|0|0|0|0|0
17,MyungJoo HakChangEau Hair Decoration,Magician,Helmet,G08,1,16,Ice,0,||||||||||||4|5|0|0|0|0|0|0
17,MyungJoo HakChangEau Hair Decoration,Magician,Helmet,G08,1,17,Lightening,0,||||||||||||4|5|0|0|0|0|0|0
17,MyungJoo HakChangEau Hair Decoration,Magician,Helmet,G08,1,18,NonElemental,0,||||||||||||4|5|0|0|0|0|0|0
17,MyungJoo HakChangEau Hair Decoration,Magician,Helmet,G08,1,19,Curse,0,||||||||||||4|5|0|0|0|0|0|0
18,MyungJoo HakChangEau Shorts,Magician,Shorts,G08,1,12,Evasion,5,||||||||||||5|1|0|0|0|0|0|0
18,MyungJoo HakChangEau Shorts,Magician,Shorts,G08,1,13,Defense,1,||||||||||||5|1|0|0|0|0|0|0
18,MyungJoo HakChangEau Shorts,Magician,Shorts,G08,1,14,Absorb,0,||||||||||||5|1|0|0|0|0|0|0
18,MyungJoo HakChangEau Shorts,Magician,Shorts,G08,1,15,Fire,0,||||||||||||5|1|0|0|0|0|0|0
18,MyungJoo HakChangEau Shorts,Magician,Shorts,G08,1,16,Ice,0,||||||||||||5|1|0|0|0|0|0|0
18,MyungJoo HakChangEau Shorts,Magician,Shorts,G08,1,17,Lightening,0,||||||||||||5|1|0|0|0|0|0|0
18,MyungJoo HakChangEau Shorts,Magician,Shorts,G08,1,18,NonElemental,0,||||||||||||5|1|0|0|0|0|0|0
18,MyungJoo HakChangEau Shorts,Magician,Shorts,G08,1,19,Curse,0,||||||||||||5|1|0|0|0|0|0|0
19,DooJungPeeGap Armor,Archer,All,G16,1,12,Evasion,25,||||||||||||25|42|0
19,DooJungPeeGap Armor,Archer,All,G16,1,13,Defense,42,||||||||||||25|42|0
19,DooJungPeeGap Armor,Archer,All,G16,1,14,Absorb,0,||||||||||||25|42|0
20,DooJungPeeGap Armor,Archer,Armor,G16,1,12,Evasion,0,||||||||||||0|12|0
20,DooJungPeeGap Armor,Archer,Armor,G16,1,13,Defense,12,||||||||||||0|12|0
20,DooJungPeeGap Armor,Archer,Armor,G16,1,14,Absorb,0,||||||||||||0|12|0
21,DooJungPeeGap Boots,Archer,Boots,G16,1,12,Evasion,10,||||||||||||10|8|0
21,DooJungPeeGap Boots,Archer,Boots,G16,1,13,Defense,8,||||||||||||10|8|0
21,DooJungPeeGap Boots,Archer,Boots,G16,1,14,Absorb,0,||||||||||||10|8|0
22,DooJungPeeGap Gloves,Archer,Gloves,G16,1,12,Evasion,1,||||||||||||1|8|0
22,DooJungPeeGap Gloves,Archer,Gloves,G16,1,13,Defense,8,||||||||||||1|8|0
22,DooJungPeeGap Gloves,Archer,Gloves,G16,1,14,Absorb,0,||||||||||||1|8|0
23,DooJungPeeGap Hood,Archer,Helmet,G16,1,12,Evasion,2,||||||||||||2|9|0
23,DooJungPeeGap Hood,Archer,Helmet,G16,1,13,Defense,9,||||||||||||2|9|0
23,DooJungPeeGap Hood,Archer,Helmet,G16,1,14,Absorb,0,||||||||||||2|9|0
24,DooJungPeeGap Shorts,Archer,Shorts,G16,1,12,Evasion,12,||||||||||||12|5|0
24,DooJungPeeGap Shorts,Archer,Shorts,G16,1,13,Defense,5,||||||||||||12|5|0
24,DooJungPeeGap Shorts,Archer,Shorts,G16,1,14,Absorb,0,||||||||||||12|5|0
25,GyungBunGap Armor,Knight,All,G16,1,12,Evasion,25,||||||||||||25|51|4
25,GyungBunGap Armor,Knight,All,G16,1,13,Defense,51,||||||||||||25|51|4
25,GyungBunGap Armor,Knight,All,G16,1,14,Absorb,4,||||||||||||25|51|4
26,GyungBunGap Armor,Knight,Armor,G16,1,12,Evasion,3,||||||||||||3|15|2
26,GyungBunGap Armor,Knight,Armor,G16,1,13,Defense,15,||||||||||||3|15|2
26,GyungBunGap Armor,Knight,Armor,G16,1,14,Absorb,2,||||||||||||3|15|2
27,GyungBunGap Boots,Knight,Boots,G16,1,12,Evasion,8,||||||||||||8|8|1
27,GyungBunGap Boots,Knight,Boots,G16,1,13,Defense,8,||||||||||||8|8|1
27,GyungBunGap Boots,Knight,Boots,G16,1,14,Absorb,1,||||||||||||8|8|1
28,GyungBunGap Gloves,Knight,Gloves,G16,1,12,Evasion,2,||||||||||||2|11|0
28,GyungBunGap Gloves,Knight,Gloves,G16,1,13,Defense,11,||||||||||||2|11|0
28,GyungBunGap Gloves,Knight,Gloves,G16,1,14,Absorb,0,||||||||||||2|11|0
29,GyungBunGap Helmet,Knight,Helmet,G16,1,12,Evasion,3,||||||||||||3|10|1
29,GyungBunGap Helmet,Knight,Helmet,G16,1,13,Defense,10,||||||||||||3|10|1
29,GyungBunGap Helmet,Knight,Helmet,G16,1,14,Absorb,1,||||||||||||3|10|1
30,GyungBunGap Shorts,Knight,Shorts,G16,1,12,Evasion,9,||||||||||||9|7|0
30,GyungBunGap Shorts,Knight,Shorts,G16,1,13,Defense,7,||||||||||||9|7|0
30,GyungBunGap Shorts,Knight,Shorts,G16,1,14,Absorb,0,||||||||||||9|7|0
31,BeeDan HakChangEau,Magician,All,G16,1,12,Evasion,30,||||||||||||30|33|0|3|3|3|0|0
31,BeeDan HakChangEau,Magician,All,G16,1,13,Defense,33,||||||||||||30|33|0|3|3|3|0|0
31,BeeDan HakChangEau,Magician,All,G16,1,14,Absorb,0,||||||||||||30|33|0|3|3|3|0|0
31,BeeDan HakChangEau,Magician,All,G16,1,15,Fire,3,||||||||||||30|33|0|3|3|3|0|0
31,BeeDan HakChangEau,Magician,All,G16,1,16,Ice,3,||||||||||||30|33|0|3|3|3|0|0
31,BeeDan HakChangEau,Magician,All,G16,1,17,Lightening,3,||||||||||||30|33|0|3|3|3|0|0
31,BeeDan HakChangEau,Magician,All,G16,1,18,NonElemental,0,||||||||||||30|33|0|3|3|3|0|0
31,BeeDan HakChangEau,Magician,All,G16,1,19,Curse,0,||||||||||||30|33|0|3|3|3|0|0
32,BeeDan HakChangEau Clothes,Magician,Armor,G16,1,12,Evasion,5,||||||||||||5|10|0|2|2|2|0|0
32,BeeDan HakChangEau Clothes,Magician,Armor,G16,1,13,Defense,10,||||||||||||5|10|0|2|2|2|0|0
32,BeeDan HakChangEau Clothes,Magician,Armor,G16,1,14,Absorb,0,||||||||||||5|10|0|2|2|2|0|0
32,BeeDan HakChangEau Clothes,Magician,Armor,G16,1,15,Fire,2,||||||||||||5|10|0|2|2|2|0|0
32,BeeDan HakChangEau Clothes,Magician,Armor,G16,1,16,Ice,2,||||||||||||5|10|0|2|2|2|0|0
32,BeeDan HakChangEau Clothes,Magician,Armor,G16,1,17,Lightening,2,||||||||||||5|10|0|2|2|2|0|0
32,BeeDan HakChangEau Clothes,Magician,Armor,G16,1,18,NonElemental,0,||||||||||||5|10|0|2|2|2|0|0
32,BeeDan HakChangEau Clothes,Magician,Armor,G16,1,19,Curse,0,||||||||||||5|10|0|2|2|2|0|0
33,BeeDan HakChangEau Boots,Magician,Boots,G16,1,12,Evasion,8,||||||||||||8|6|0|0|0|0|0|0
33,BeeDan HakChangEau Boots,Magician,Boots,G16,1,13,Defense,6,||||||||||||8|6|0|0|0|0|0|0
33,BeeDan HakChangEau Boots,Magician,Boots,G16,1,14,Absorb,0,||||||||||||8|6|0|0|0|0|0|0
33,BeeDan HakChangEau Boots,Magician,Boots,G16,1,15,Fire,0,||||||||||||8|6|0|0|0|0|0|0
33,BeeDan HakChangEau Boots,Magician,Boots,G16,1,16,Ice,0,||||||||||||8|6|0|0|0|0|0|0
33,BeeDan HakChangEau Boots,Magician,Boots,G16,1,17,Lightening,0,||||||||||||8|6|0|0|0|0|0|0
33,BeeDan HakChangEau Boots,Magician,Boots,G16,1,18,NonElemental,0,||||||||||||8|6|0|0|0|0|0|0
33,BeeDan HakChangEau Boots,Magician,Boots,G16,1,19,Curse,0,||||||||||||8|6|0|0|0|0|0|0
34,BeeDan HakChangEau Gloves,Magician,Gloves,G16,1,12,Evasion,3,||||||||||||3|6|0|0|0|0|0|0
34,BeeDan HakChangEau Gloves,Magician,Gloves,G16,1,13,Defense,6,||||||||||||3|6|0|0|0|0|0|0
34,BeeDan HakChangEau Gloves,Magician,Gloves,G16,1,14,Absorb,0,||||||||||||3|6|0|0|0|0|0|0
34,BeeDan HakChangEau Gloves,Magician,Gloves,G16,1,15,Fire,0,||||||||||||3|6|0|0|0|0|0|0
34,BeeDan HakChangEau Gloves,Magician,Gloves,G16,1,16,Ice,0,||||||||||||3|6|0|0|0|0|0|0
34,BeeDan HakChangEau Gloves,Magician,Gloves,G16,1,17,Lightening,0,||||||||||||3|6|0|0|0|0|0|0
34,BeeDan HakChangEau Gloves,Magician,Gloves,G16,1,18,NonElemental,0,||||||||||||3|6|0|0|0|0|0|0
34,BeeDan HakChangEau Gloves,Magician,Gloves,G16,1,19,Curse,0,||||||||||||3|6|0|0|0|0|0|0
35,BeeDan HakChangEau Hair Decoration,Magician,Helmet,G16,1,12,Evasion,5,||||||||||||5|7|0|1|1|1|0|0
35,BeeDan HakChangEau Hair Decoration,Magician,Helmet,G16,1,13,Defense,7,||||||||||||5|7|0|1|1|1|0|0
35,BeeDan HakChangEau Hair Decoration,Magician,Helmet,G16,1,14,Absorb,0,||||||||||||5|7|0|1|1|1|0|0
35,BeeDan HakChangEau Hair Decoration,Magician,Helmet,G16,1,15,Fire,1,||||||||||||5|7|0|1|1|1|0|0
35,BeeDan HakChangEau Hair Decoration,Magician,Helmet,G16,1,16,Ice,1,||||||||||||5|7|0|1|1|1|0|0
35,BeeDan HakChangEau Hair Decoration,Magician,Helmet,G16,1,17,Lightening,1,||||||||||||5|7|0|1|1|1|0|0
35,BeeDan HakChangEau Hair Decoration,Magician,Helmet,G16,1,18,NonElemental,0,||||||||||||5|7|0|1|1|1|0|0
35,BeeDan HakChangEau Hair Decoration,Magician,Helmet,G16,1,19,Curse,0,||||||||||||5|7|0|1|1|1|0|0
36,BeeDan HakChangEau Shorts,Magician,Shorts,G16,1,12,Evasion,9,||||||||||||9|4|0|0|0|0|0|0
36,BeeDan HakChangEau Shorts,Magician,Shorts,G16,1,13,Defense,4,||||||||||||9|4|0|0|0|0|0|0
36,BeeDan HakChangEau Shorts,Magician,Shorts,G16,1,14,Absorb,0,||||||||||||9|4|0|0|0|0|0|0
36,BeeDan HakChangEau Shorts,Magician,Shorts,G16,1,15,Fire,0,||||||||||||9|4|0|0|0|0|0|0
36,BeeDan HakChangEau Shorts,Magician,Shorts,G16,1,16,Ice,0,||||||||||||9|4|0|0|0|0|0|0
36,BeeDan HakChangEau Shorts,Magician,Shorts,G16,1,17,Lightening,0,||||||||||||9|4|0|0|0|0|0|0
36,BeeDan HakChangEau Shorts,Magician,Shorts,G16,1,18,NonElemental,0,||||||||||||9|4|0|0|0|0|0|0
36,BeeDan HakChangEau Shorts,Magician,Shorts,G16,1,19,Curse,0,||||||||||||9|4|0|0|0|0|0|0
37,ShaeJaGap Armor,Archer,All,G24,1,12,Evasion,35,||||||||||||35|70|1
37,ShaeJaGap Armor,Archer,All,G24,1,13,Defense,70,||||||||||||35|70|1
37,ShaeJaGap Armor,Archer,All,G24,1,14,Absorb,1,||||||||||||35|70|1
38,ShaeJaGap Armor,Archer,Armor,G24,1,12,Evasion,2,||||||||||||2|16|1
38,ShaeJaGap Armor,Archer,Armor,G24,1,13,Defense,16,||||||||||||2|16|1
38,ShaeJaGap Armor,Archer,Armor,G24,1,14,Absorb,1,||||||||||||2|16|1
39,ShaeJaGap Boots,Archer,Boots,G24,1,12,Evasion,13,||||||||||||13|11|0
39,ShaeJaGap Boots,Archer,Boots,G24,1,13,Defense,11,||||||||||||13|11|0
39,ShaeJaGap Boots,Archer,Boots,G24,1,14,Absorb,0,||||||||||||13|11|0
40,ShaeJaGap Gloves,Archer,Gloves,G24,1,12,Evasion,2,||||||||||||2|11|0
40,ShaeJaGap Gloves,Archer,Gloves,G24,1,13,Defense,11,||||||||||||2|11|0
40,ShaeJaGap Gloves,Archer,Gloves,G24,1,14,Absorb,0,||||||||||||2|11|0
41,ShaeJaGap Hood,Archer,Helmet,G24,1,12,Evasion,3,||||||||||||3|13|0
41,ShaeJaGap Hood,Archer,Helmet,G24,1,13,Defense,13,||||||||||||3|13|0
41,ShaeJaGap Hood,Archer,Helmet,G24,1,14,Absorb,0,||||||||||||3|13|0
42,ShaeJaGap Shorts,Archer,Shorts,G24,1,12,Evasion,15,||||||||||||15|9|0
42,ShaeJaGap Shorts,Archer,Shorts,G24,1,13,Defense,9,||||||||||||15|9|0
42,ShaeJaGap Shorts,Archer,Shorts,G24,1,14,Absorb,0,||||||||||||15|9|0
43,PanGap Armor,Knight,All,G24,1,12,Evasion,33,||||||||||||33|75|5
43,PanGap Armor,Knight,All,G24,1,13,Defense,75,||||||||||||33|75|5
43,PanGap Armor,Knight,All,G24,1,14,Absorb,5,||||||||||||33|75|5
44,PanGap Armor,Knight,Armor,G24,1,12,Evasion,4,||||||||||||4|22|2
44,PanGap Armor,Knight,Armor,G24,1,13,Defense,22,||||||||||||4|22|2
44,PanGap Armor,Knight,Armor,G24,1,14,Absorb,2,||||||||||||4|22|2
45,PanGap Boots,Knight,Boots,G24,1,12,Evasion,11,||||||||||||11|12|2
45,PanGap Boots,Knight,Boots,G24,1,13,Defense,12,||||||||||||11|12|2
45,PanGap Boots,Knight,Boots,G24,1,14,Absorb,2,||||||||||||11|12|2
46,PanGap Gloves,Knight,Gloves,G24,1,12,Evasion,3,||||||||||||3|15|0
46,PanGap Gloves,Knight,Gloves,G24,1,13,Defense,15,||||||||||||3|15|0
46,PanGap Gloves,Knight,Gloves,G24,1,14,Absorb,0,||||||||||||3|15|0
47,PanGap Helmet,Knight,Helmet,G24,1,12,Evasion,4,||||||||||||4|14|1
47,PanGap Helmet,Knight,Helmet,G24,1,13,Defense,14,||||||||||||4|14|1
47,PanGap Helmet,Knight,Helmet,G24,1,14,Absorb,1,||||||||||||4|14|1
48,PanGap Shorts,Knight,Shorts,G24,1,12,Evasion,11,||||||||||||11|12|0
48,PanGap Shorts,Knight,Shorts,G24,1,13,Defense,12,||||||||||||11|12|0
48,PanGap Shorts,Knight,Shorts,G24,1,14,Absorb,0,||||||||||||11|12|0
49,MyungJoo SoChangEau,Magician,All,G24,1,12,Evasion,40,||||||||||||40|45|0|6|6|6|0|0
49,MyungJoo SoChangEau,Magician,All,G24,1,13,Defense,45,||||||||||||40|45|0|6|6|6|0|0
49,MyungJoo SoChangEau,Magician,All,G24,1,14,Absorb,0,||||||||||||40|45|0|6|6|6|0|0
49,MyungJoo SoChangEau,Magician,All,G24,1,15,Fire,6,||||||||||||40|45|0|6|6|6|0|0
49,MyungJoo SoChangEau,Magician,All,G24,1,16,Ice,6,||||||||||||40|45|0|6|6|6|0|0
49,MyungJoo SoChangEau,Magician,All,G24,1,17,Lightening,6,||||||||||||40|45|0|6|6|6|0|0
49,MyungJoo SoChangEau,Magician,All,G24,1,18,NonElemental,0,||||||||||||40|45|0|6|6|6|0|0
49,MyungJoo SoChangEau,Magician,All,G24,1,19,Curse,0,||||||||||||40|45|0|6|6|6|0|0
50,MyungJoo SoChangEau Clothes,Magician,Armor,G24,1,12,Evasion,7,||||||||||||7|13|0|3|3|3|0|0
50,MyungJoo SoChangEau Clothes,Magician,Armor,G24,1,13,Defense,13,||||||||||||7|13|0|3|3|3|0|0
50,MyungJoo SoChangEau Clothes,Magician,Armor,G24,1,14,Absorb,0,||||||||||||7|13|0|3|3|3|0|0
50,MyungJoo SoChangEau Clothes,Magician,Armor,G24,1,15,Fire,3,||||||||||||7|13|0|3|3|3|0|0
50,MyungJoo SoChangEau Clothes,Magician,Armor,G24,1,16,Ice,3,||||||||||||7|13|0|3|3|3|0|0
50,MyungJoo SoChangEau Clothes,Magician,Armor,G24,1,17,Lightening,3,||||||||||||7|13|0|3|3|3|0|0
50,MyungJoo SoChangEau Clothes,Magician,Armor,G24,1,18,NonElemental,0,||||||||||||7|13|0|3|3|3|0|0
50,MyungJoo SoChangEau Clothes,Magician,Armor,G24,1,19,Curse,0,||||||||||||7|13|0|3|3|3|0|0
51,MyungJoo SoChangEau Boots,Magician,Boots,G24,1,12,Evasion,12,||||||||||||12|9|0|0|0|0|0|0
51,MyungJoo SoChangEau Boots,Magician,Boots,G24,1,13,Defense,9,||||||||||||12|9|0|0|0|0|0|0
51,MyungJoo SoChangEau Boots,Magician,Boots,G24,1,14,Absorb,0,||||||||||||12|9|0|0|0|0|0|0
51,MyungJoo SoChangEau Boots,Magician,Boots,G24,1,15,Fire,0,||||||||||||12|9|0|0|0|0|0|0
51,MyungJoo SoChangEau Boots,Magician,Boots,G24,1,16,Ice,0,||||||||||||12|9|0|0|0|0|0|0
51,MyungJoo SoChangEau Boots,Magician,Boots,G24,1,17,Lightening,0,||||||||||||12|9|0|0|0|0|0|0
51,MyungJoo SoChangEau Boots,Magician,Boots,G24,1,18,NonElemental,0,||||||||||||12|9|0|0|0|0|0|0
51,MyungJoo SoChangEau Boots,Magician,Boots,G24,1,19,Curse,0,||||||||||||12|9|0|0|0|0|0|0
52,MyungJoo SoChangEau Gloves,Magician,Gloves,G24,1,12,Evasion,4,||||||||||||4|8|0|1|1|1|0|0
52,MyungJoo SoChangEau Gloves,Magician,Gloves,G24,1,13,Defense,8,||||||||||||4|8|0|1|1|1|0|0
52,MyungJoo SoChangEau Gloves,Magician,Gloves,G24,1,14,Absorb,0,||||||||||||4|8|0|1|1|1|0|0
52,MyungJoo SoChangEau Gloves,Magician,Gloves,G24,1,15,Fire,1,||||||||||||4|8|0|1|1|1|0|0
52,MyungJoo SoChangEau Gloves,Magician,Gloves,G24,1,16,Ice,1,||||||||||||4|8|0|1|1|1|0|0
52,MyungJoo SoChangEau Gloves,Magician,Gloves,G24,1,17,Lightening,1,||||||||||||4|8|0|1|1|1|0|0
52,MyungJoo SoChangEau Gloves,Magician,Gloves,G24,1,18,NonElemental,0,||||||||||||4|8|0|1|1|1|0|0
52,MyungJoo SoChangEau Gloves,Magician,Gloves,G24,1,19,Curse,0,||||||||||||4|8|0|1|1|1|0|0
53,MyungJoo SoChangEau Hair Decoration,Magician,Helmet,G24,1,12,Evasion,5,||||||||||||5|9|0|2|2|2|0|0
53,MyungJoo SoChangEau Hair Decoration,Magician,Helmet,G24,1,13,Defense,9,||||||||||||5|9|0|2|2|2|0|0
53,MyungJoo SoChangEau Hair Decoration,Magician,Helmet,G24,1,14,Absorb,0,||||||||||||5|9|0|2|2|2|0|0
53,MyungJoo SoChangEau Hair Decoration,Magician,Helmet,G24,1,15,Fire,2,||||||||||||5|9|0|2|2|2|0|0
53,MyungJoo SoChangEau Hair Decoration,Magician,Helmet,G24,1,16,Ice,2,||||||||||||5|9|0|2|2|2|0|0
53,MyungJoo SoChangEau Hair Decoration,Magician,Helmet,G24,1,17,Lightening,2,||||||||||||5|9|0|2|2|2|0|0
53,MyungJoo SoChangEau Hair Decoration,Magician,Helmet,G24,1,18,NonElemental,0,||||||||||||5|9|0|2|2|2|0|0
53,MyungJoo SoChangEau Hair Decoration,Magician,Helmet,G24,1,19,Curse,0,||||||||||||5|9|0|2|2|2|0|0
54,MyungJoo SoChangEau Shorts,Magician,Shorts,G24,1,12,Evasion,12,||||||||||||12|6|0|0|0|0|0|0
54,MyungJoo SoChangEau Shorts,Magician,Shorts,G24,1,13,Defense,6,||||||||||||12|6|0|0|0|0|0|0
54,MyungJoo SoChangEau Shorts,Magician,Shorts,G24,1,14,Absorb,0,||||||||||||12|6|0|0|0|0|0|0
54,MyungJoo SoChangEau Shorts,Magician,Shorts,G24,1,15,Fire,0,||||||||||||12|6|0|0|0|0|0|0
54,MyungJoo SoChangEau Shorts,Magician,Shorts,G24,1,16,Ice,0,||||||||||||12|6|0|0|0|0|0|0
54,MyungJoo SoChangEau Shorts,Magician,Shorts,G24,1,17,Lightening,0,||||||||||||12|6|0|0|0|0|0|0
54,MyungJoo SoChangEau Shorts,Magician,Shorts,G24,1,18,NonElemental,0,||||||||||||12|6|0|0|0|0|0|0
54,MyungJoo SoChangEau Shorts,Magician,Shorts,G24,1,19,Curse,0,||||||||||||12|6|0|0|0|0|0|0
55,Intensified ShaeJaGap Armor,Archer,All,G32,1,12,Evasion,45,||||||||||||45|85|1
55,Intensified ShaeJaGap Armor,Archer,All,G32,1,13,Defense,85,||||||||||||45|85|1
55,Intensified ShaeJaGap Armor,Archer,All,G32,1,14,Absorb,1,||||||||||||45|85|1
56,Intensified ShaeJaGap Armor,Archer,Armor,G32,1,12,Evasion,3,||||||||||||3|24|1
56,Intensified ShaeJaGap Armor,Archer,Armor,G32,1,13,Defense,24,||||||||||||3|24|1
56,Intensified ShaeJaGap Armor,Archer,Armor,G32,1,14,Absorb,1,||||||||||||3|24|1
57,Intensified ShaeJaGap Boots,Archer,Boots,G32,1,12,Evasion,18,||||||||||||18|15|0
57,Intensified ShaeJaGap Boots,Archer,Boots,G32,1,13,Defense,15,||||||||||||18|15|0
57,Intensified ShaeJaGap Boots,Archer,Boots,G32,1,14,Absorb,0,||||||||||||18|15|0
58,Intensified ShaeJaGap Gloves,Archer,Gloves,G32,1,12,Evasion,2,||||||||||||2|15|0
58,Intensified ShaeJaGap Gloves,Archer,Gloves,G32,1,13,Defense,15,||||||||||||2|15|0
58,Intensified ShaeJaGap Gloves,Archer,Gloves,G32,1,14,Absorb,0,||||||||||||2|15|0
59,Intensified ShaeJaGap Hood,Archer,Helmet,G32,1,12,Evasion,3,||||||||||||3|19|0
59,Intensified ShaeJaGap Hood,Archer,Helmet,G32,1,13,Defense,19,||||||||||||3|19|0
59,Intensified ShaeJaGap Hood,Archer,Helmet,G32,1,14,Absorb,0,||||||||||||3|19|0
60,Intensified ShaeJaGap Shorts,Archer,Shorts,G32,1,12,Evasion,19,||||||||||||19|12|0
60,Intensified ShaeJaGap Shorts,Archer,Shorts,G32,1,13,Defense,12,||||||||||||19|12|0
60,Intensified ShaeJaGap Shorts,Archer,Shorts,G32,1,14,Absorb,0,||||||||||||19|12|0
61,Steel Armor,Knight,All,G32,1,12,Evasion,40,||||||||||||40|105|6
61,Steel Armor,Knight,All,G32,1,13,Defense,105,||||||||||||40|105|6
61,Steel Armor,Knight,All,G32,1,14,Absorb,6,||||||||||||40|105|6
62,Steel Armor,Knight,Armor,G32,1,12,Evasion,5,||||||||||||5|27|3
62,Steel Armor,Knight,Armor,G32,1,13,Defense,27,||||||||||||5|27|3
62,Steel Armor,Knight,Armor,G32,1,14,Absorb,3,||||||||||||5|27|3
63,Steel Armor Boots,Knight,Boots,G32,1,12,Evasion,13,||||||||||||13|18|2
63,Steel Armor Boots,Knight,Boots,G32,1,13,Defense,18,||||||||||||13|18|2
63,Steel Armor Boots,Knight,Boots,G32,1,14,Absorb,2,||||||||||||13|18|2
64,Steel Armor Gloves,Knight,Gloves,G32,1,12,Evasion,3,||||||||||||3|21|0
64,Steel Armor Gloves,Knight,Gloves,G32,1,13,Defense,21,||||||||||||3|21|0
64,Steel Armor Gloves,Knight,Gloves,G32,1,14,Absorb,0,||||||||||||3|21|0
65,Steel Armor Helmet,Knight,Helmet,G32,1,12,Evasion,5,||||||||||||5|22|1
65,Steel Armor Helmet,Knight,Helmet,G32,1,13,Defense,22,||||||||||||5|22|1
65,Steel Armor Helmet,Knight,Helmet,G32,1,14,Absorb,1,||||||||||||5|22|1
66,Steel Armor Shorts,Knight,Shorts,G32,1,12,Evasion,14,||||||||||||14|17|0
66,Steel Armor Shorts,Knight,Shorts,G32,1,13,Defense,17,||||||||||||14|17|0
66,Steel Armor Shorts,Knight,Shorts,G32,1,14,Absorb,0,||||||||||||14|17|0
67,BeeDan SoChangEau,Magician,All,G32,1,12,Evasion,52,||||||||||||52|60|0|10|10|10|0|0
67,BeeDan SoChangEau,Magician,All,G32,1,13,Defense,60,||||||||||||52|60|0|10|10|10|0|0
67,BeeDan SoChangEau,Magician,All,G32,1,14,Absorb,0,||||||||||||52|60|0|10|10|10|0|0
67,BeeDan SoChangEau,Magician,All,G32,1,15,Fire,10,||||||||||||52|60|0|10|10|10|0|0
67,BeeDan SoChangEau,Magician,All,G32,1,16,Ice,10,||||||||||||52|60|0|10|10|10|0|0
67,BeeDan SoChangEau,Magician,All,G32,1,17,Lightening,10,||||||||||||52|60|0|10|10|10|0|0
67,BeeDan SoChangEau,Magician,All,G32,1,18,NonElemental,0,||||||||||||52|60|0|10|10|10|0|0
67,BeeDan SoChangEau,Magician,All,G32,1,19,Curse,0,||||||||||||52|60|0|10|10|10|0|0
68,BeeDan SoChangEau Clothes,Magician,Armor,G32,1,12,Evasion,8,||||||||||||8|16|0|4|4|4|0|0
68,BeeDan SoChangEau Clothes,Magician,Armor,G32,1,13,Defense,16,||||||||||||8|16|0|4|4|4|0|0
68,BeeDan SoChangEau Clothes,Magician,Armor,G32,1,14,Absorb,0,||||||||||||8|16|0|4|4|4|0|0
68,BeeDan SoChangEau Clothes,Magician,Armor,G32,1,15,Fire,4,||||||||||||8|16|0|4|4|4|0|0
68,BeeDan SoChangEau Clothes,Magician,Armor,G32,1,16,Ice,4,||||||||||||8|16|0|4|4|4|0|0
68,BeeDan SoChangEau Clothes,Magician,Armor,G32,1,17,Lightening,4,||||||||||||8|16|0|4|4|4|0|0
68,BeeDan SoChangEau Clothes,Magician,Armor,G32,1,18,NonElemental,0,||||||||||||8|16|0|4|4|4|0|0
68,BeeDan SoChangEau Clothes,Magician,Armor,G32,1,19,Curse,0,||||||||||||8|16|0|4|4|4|0|0
69,BeeDan SoChangEau Boots,Magician,Boots,G32,1,12,Evasion,14,||||||||||||14|12|0|1|1|1|0|0
69,BeeDan SoChangEau Boots,Magician,Boots,G32,1,13,Defense,12,||||||||||||14|12|0|1|1|1|0|0
69,BeeDan SoChangEau Boots,Magician,Boots,G32,1,14,Absorb,0,||||||||||||14|12|0|1|1|1|0|0
69,BeeDan SoChangEau Boots,Magician,Boots,G32,1,15,Fire,1,||||||||||||14|12|0|1|1|1|0|0
69,BeeDan SoChangEau Boots,Magician,Boots,G32,1,16,Ice,1,||||||||||||14|12|0|1|1|1|0|0
69,BeeDan SoChangEau Boots,Magician,Boots,G32,1,17,Lightening,1,||||||||||||14|12|0|1|1|1|0|0
69,BeeDan SoChangEau Boots,Magician,Boots,G32,1,18,NonElemental,0,||||||||||||14|12|0|1|1|1|0|0
69,BeeDan SoChangEau Boots,Magician,Boots,G32,1,19,Curse,0,||||||||||||14|12|0|1|1|1|0|0
70,BeeDan SoChangEau Gloves,Magician,Gloves,G32,1,12,Evasion,7,||||||||||||7|11|0|2|2|2|0|0
70,BeeDan SoChangEau Gloves,Magician,Gloves,G32,1,13,Defense,11,||||||||||||7|11|0|2|2|2|0|0
70,BeeDan SoChangEau Gloves,Magician,Gloves,G32,1,14,Absorb,0,||||||||||||7|11|0|2|2|2|0|0
70,BeeDan SoChangEau Gloves,Magician,Gloves,G32,1,15,Fire,2,||||||||||||7|11|0|2|2|2|0|0
70,BeeDan SoChangEau Gloves,Magician,Gloves,G32,1,16,Ice,2,||||||||||||7|11|0|2|2|2|0|0
70,BeeDan SoChangEau Gloves,Magician,Gloves,G32,1,17,Lightening,2,||||||||||||7|11|0|2|2|2|0|0
70,BeeDan SoChangEau Gloves,Magician,Gloves,G32,1,18,NonElemental,0,||||||||||||7|11|0|2|2|2|0|0
70,BeeDan SoChangEau Gloves,Magician,Gloves,G32,1,19,Curse,0,||||||||||||7|11|0|2|2|2|0|0
71,BeeDan SoChangEau Hair Decoration,Magician,Helmet,G32,1,12,Evasion,7,||||||||||||7|13|0|3|3|3|0|0
71,BeeDan SoChangEau Hair Decoration,Magician,Helmet,G32,1,13,Defense,13,||||||||||||7|13|0|3|3|3|0|0
71,BeeDan SoChangEau Hair Decoration,Magician,Helmet,G32,1,14,Absorb,0,||||||||||||7|13|0|3|3|3|0|0
71,BeeDan SoChangEau Hair Decoration,Magician,Helmet,G32,1,15,Fire,3,||||||||||||7|13|0|3|3|3|0|0
71,BeeDan SoChangEau Hair Decoration,Magician,Helmet,G32,1,16,Ice,3,||||||||||||7|13|0|3|3|3|0|0
71,BeeDan SoChangEau Hair Decoration,Magician,Helmet,G32,1,17,Lightening,3,||||||||||||7|13|0|3|3|3|0|0
71,BeeDan SoChangEau Hair Decoration,Magician,Helmet,G32,1,18,NonElemental,0,||||||||||||7|13|0|3|3|3|0|0
71,BeeDan SoChangEau Hair Decoration,Magician,Helmet,G32,1,19,Curse,0,||||||||||||7|13|0|3|3|3|0|0
72,BeeDan SoChangEau Shorts,Magician,Shorts,G32,1,12,Evasion,16,||||||||||||16|8|0|0|0|0|0|0
72,BeeDan SoChangEau Shorts,Magician,Shorts,G32,1,13,Defense,8,||||||||||||16|8|0|0|0|0|0|0
72,BeeDan SoChangEau Shorts,Magician,Shorts,G32,1,14,Absorb,0,||||||||||||16|8|0|0|0|0|0|0
72,BeeDan SoChangEau Shorts,Magician,Shorts,G32,1,15,Fire,0,||||||||||||16|8|0|0|0|0|0|0
72,BeeDan SoChangEau Shorts,Magician,Shorts,G32,1,16,Ice,0,||||||||||||16|8|0|0|0|0|0|0
72,BeeDan SoChangEau Shorts,Magician,Shorts,G32,1,17,Lightening,0,||||||||||||16|8|0|0|0|0|0|0
72,BeeDan SoChangEau Shorts,Magician,Shorts,G32,1,18,NonElemental,0,||||||||||||16|8|0|0|0|0|0|0
72,BeeDan SoChangEau Shorts,Magician,Shorts,G32,1,19,Curse,0,||||||||||||16|8|0|0|0|0|0|0
73,DooSukLinGap Armor,Archer,All,G42,1,12,Evasion,60,||||||||||||60|115|2
73,DooSukLinGap Armor,Archer,All,G42,1,13,Defense,115,||||||||||||60|115|2
73,DooSukLinGap Armor,Archer,All,G42,1,14,Absorb,2,||||||||||||60|115|2
74,DooSukLinGap Armor,Archer,Armor,G42,1,12,Evasion,4,||||||||||||4|35|2
74,DooSukLinGap Armor,Archer,Armor,G42,1,13,Defense,35,||||||||||||4|35|2
74,DooSukLinGap Armor,Archer,Armor,G42,1,14,Absorb,2,||||||||||||4|35|2
75,DooSukLin Boots,Archer,Boots,G42,1,12,Evasion,22,||||||||||||22|22|0
75,DooSukLin Boots,Archer,Boots,G42,1,13,Defense,22,||||||||||||22|22|0
75,DooSukLin Boots,Archer,Boots,G42,1,14,Absorb,0,||||||||||||22|22|0
76,DooSukLin Gloves,Archer,Gloves,G42,1,12,Evasion,5,||||||||||||5|21|0
76,DooSukLin Gloves,Archer,Gloves,G42,1,13,Defense,21,||||||||||||5|21|0
76,DooSukLin Gloves,Archer,Gloves,G42,1,14,Absorb,0,||||||||||||5|21|0
77,DooSukLinGap Armor Hood,Archer,Helmet,G42,1,12,Evasion,4,||||||||||||4|23|0
77,DooSukLinGap Armor Hood,Archer,Helmet,G42,1,13,Defense,23,||||||||||||4|23|0
77,DooSukLinGap Armor Hood,Archer,Helmet,G42,1,14,Absorb,0,||||||||||||4|23|0
78,DooSukLinGap Shorts,Archer,Shorts,G42,1,12,Evasion,25,||||||||||||25|14|0
78,DooSukLinGap Shorts,Archer,Shorts,G42,1,13,Defense,14,||||||||||||25|14|0
78,DooSukLinGap Shorts,Archer,Shorts,G42,1,14,Absorb,0,||||||||||||25|14|0
79,GangChulGap Armor,Knight,All,G42,1,12,Evasion,50,||||||||||||50|138|7
79,GangChulGap Armor,Knight,All,G42,1,13,Defense,138,||||||||||||50|138|7
79,GangChulGap Armor,Knight,All,G42,1,14,Absorb,7,||||||||||||50|138|7
80,GangChulGap Armor,Knight,Armor,G42,1,12,Evasion,6,||||||||||||6|35|4
80,GangChulGap Armor,Knight,Armor,G42,1,13,Defense,35,||||||||||||6|35|4
80,GangChulGap Armor,Knight,Armor,G42,1,14,Absorb,4,||||||||||||6|35|4
81,GangChulGap Armor Boots,Knight,Boots,G42,1,12,Evasion,17,||||||||||||17|23|2
81,GangChulGap Armor Boots,Knight,Boots,G42,1,13,Defense,23,||||||||||||17|23|2
81,GangChulGap Armor Boots,Knight,Boots,G42,1,14,Absorb,2,||||||||||||17|23|2
82,GangChulGap Armor Gloves,Knight,Gloves,G42,1,12,Evasion,4,||||||||||||4|29|0
82,GangChulGap Armor Gloves,Knight,Gloves,G42,1,13,Defense,29,||||||||||||4|29|0
82,GangChulGap Armor Gloves,Knight,Gloves,G42,1,14,Absorb,0,||||||||||||4|29|0
83,GangChulGap Armor Helmet,Knight,Helmet,G42,1,12,Evasion,7,||||||||||||7|29|1
83,GangChulGap Armor Helmet,Knight,Helmet,G42,1,13,Defense,29,||||||||||||7|29|1
83,GangChulGap Armor Helmet,Knight,Helmet,G42,1,14,Absorb,1,||||||||||||7|29|1
84,GangChulGap Armor Shorts,Knight,Shorts,G42,1,12,Evasion,16,||||||||||||16|22|0
84,GangChulGap Armor Shorts,Knight,Shorts,G42,1,13,Defense,22,||||||||||||16|22|0
84,GangChulGap Armor Shorts,Knight,Shorts,G42,1,14,Absorb,0,||||||||||||16|22|0
85,MyungJoo DaeChangEau,Magician,All,G42,1,12,Evasion,60,||||||||||||60|80|0|15|15|15|5|5
85,MyungJoo DaeChangEau,Magician,All,G42,1,13,Defense,80,||||||||||||60|80|0|15|15|15|5|5
85,MyungJoo DaeChangEau,Magician,All,G42,1,14,Absorb,0,||||||||||||60|80|0|15|15|15|5|5
85,MyungJoo DaeChangEau,Magician,All,G42,1,15,Fire,15,||||||||||||60|80|0|15|15|15|5|5
85,MyungJoo DaeChangEau,Magician,All,G42,1,16,Ice,15,||||||||||||60|80|0|15|15|15|5|5
85,MyungJoo DaeChangEau,Magician,All,G42,1,17,Lightening,15,||||||||||||60|80|0|15|15|15|5|5
85,MyungJoo DaeChangEau,Magician,All,G42,1,18,NonElemental,5,||||||||||||60|80|0|15|15|15|5|5
85,MyungJoo DaeChangEau,Magician,All,G42,1,19,Curse,5,||||||||||||60|80|0|15|15|15|5|5
86,MyungJoo DaeChangEau Clothes,Magician,Armor,G42,1,12,Evasion,8,||||||||||||8|21|0|5|5|5|2|2
86,MyungJoo DaeChangEau Clothes,Magician,Armor,G42,1,13,Defense,21,||||||||||||8|21|0|5|5|5|2|2
86,MyungJoo DaeChangEau Clothes,Magician,Armor,G42,1,14,Absorb,0,||||||||||||8|21|0|5|5|5|2|2
86,MyungJoo DaeChangEau Clothes,Magician,Armor,G42,1,15,Fire,5,||||||||||||8|21|0|5|5|5|2|2
86,MyungJoo DaeChangEau Clothes,Magician,Armor,G42,1,16,Ice,5,||||||||||||8|21|0|5|5|5|2|2
86,MyungJoo DaeChangEau Clothes,Magician,Armor,G42,1,17,Lightening,5,||||||||||||8|21|0|5|5|5|2|2
86,MyungJoo DaeChangEau Clothes,Magician,Armor,G42,1,18,NonElemental,2,||||||||||||8|21|0|5|5|5|2|2
86,MyungJoo DaeChangEau Clothes,Magician,Armor,G42,1,19,Curse,2,||||||||||||8|21|0|5|5|5|2|2
87,MyungJoo DaeChangEau Boots,Magician,Boots,G42,1,12,Evasion,18,||||||||||||18|16|0|2|2|2|1|1
87,MyungJoo DaeChangEau Boots,Magician,Boots,G42,1,13,Defense,16,||||||||||||18|16|0|2|2|2|1|1
87,MyungJoo DaeChangEau Boots,Magician,Boots,G42,1,14,Absorb,0,||||||||||||18|16|0|2|2|2|1|1
87,MyungJoo DaeChangEau Boots,Magician,Boots,G42,1,15,Fire,2,||||||||||||18|16|0|2|2|2|1|1
87,MyungJoo DaeChangEau Boots,Magician,Boots,G42,1,16,Ice,2,||||||||||||18|16|0|2|2|2|1|1
87,MyungJoo DaeChangEau Boots,Magician,Boots,G42,1,17,Lightening,2,||||||||||||18|16|0|2|2|2|1|1
87,MyungJoo DaeChangEau Boots,Magician,Boots,G42,1,18,NonElemental,1,||||||||||||18|16|0|2|2|2|1|1
87,MyungJoo DaeChangEau Boots,Magician,Boots,G42,1,19,Curse,1,||||||||||||18|16|0|2|2|2|1|1
88,MyungJoo DaeChangEau Gloves,Magician,Gloves,G42,1,12,Evasion,7,||||||||||||7|15|0|3|3|3|1|1
88,MyungJoo DaeChangEau Gloves,Magician,Gloves,G42,1,13,Defense,15,||||||||||||7|15|0|3|3|3|1|1
88,MyungJoo DaeChangEau Gloves,Magician,Gloves,G42,1,14,Absorb,0,||||||||||||7|15|0|3|3|3|1|1
88,MyungJoo DaeChangEau Gloves,Magician,Gloves,G42,1,15,Fire,3,||||||||||||7|15|0|3|3|3|1|1
88,MyungJoo DaeChangEau Gloves,Magician,Gloves,G42,1,16,Ice,3,||||||||||||7|15|0|3|3|3|1|1
88,MyungJoo DaeChangEau Gloves,Magician,Gloves,G42,1,17,Lightening,3,||||||||||||7|15|0|3|3|3|1|1
88,MyungJoo DaeChangEau Gloves,Magician,Gloves,G42,1,18,NonElemental,1,||||||||||||7|15|0|3|3|3|1|1
88,MyungJoo DaeChangEau Gloves,Magician,Gloves,G42,1,19,Curse,1,||||||||||||7|15|0|3|3|3|1|1
89,MyungJoo DaeChangEau Hair Decoration,Magician,Helmet,G42,1,12,Evasion,7,||||||||||||7|17|0|4|4|4|1|1
89,MyungJoo DaeChangEau Hair Decoration,Magician,Helmet,G42,1,13,Defense,17,||||||||||||7|17|0|4|4|4|1|1
89,MyungJoo DaeChangEau Hair Decoration,Magician,Helmet,G42,1,14,Absorb,0,||||||||||||7|17|0|4|4|4|1|1
89,MyungJoo DaeChangEau Hair Decoration,Magician,Helmet,G42,1,15,Fire,4,||||||||||||7|17|0|4|4|4|1|1
89,MyungJoo DaeChangEau Hair Decoration,Magician,Helmet,G42,1,16,Ice,4,||||||||||||7|17|0|4|4|4|1|1
89,MyungJoo DaeChangEau Hair Decoration,Magician,Helmet,G42,1,17,Lightening,4,||||||||||||7|17|0|4|4|4|1|1
89,MyungJoo DaeChangEau Hair Decoration,Magician,Helmet,G42,1,18,NonElemental,1,||||||||||||7|17|0|4|4|4|1|1
89,MyungJoo DaeChangEau Hair Decoration,Magician,Helmet,G42,1,19,Curse,1,||||||||||||7|17|0|4|4|4|1|1
90,MyungJoo DaeChangEau Shorts,Magician,Shorts,G42,1,12,Evasion,20,||||||||||||20|11|0|1|1|1|0|0
90,MyungJoo DaeChangEau Shorts,Magician,Shorts,G42,1,13,Defense,11,||||||||||||20|11|0|1|1|1|0|0
90,MyungJoo DaeChangEau Shorts,Magician,Shorts,G42,1,14,Absorb,0,||||||||||||20|11|0|1|1|1|0|0
90,MyungJoo DaeChangEau Shorts,Magician,Shorts,G42,1,15,Fire,1,||||||||||||20|11|0|1|1|1|0|0
90,MyungJoo DaeChangEau Shorts,Magician,Shorts,G42,1,16,Ice,1,||||||||||||20|11|0|1|1|1|0|0
90,MyungJoo DaeChangEau Shorts,Magician,Shorts,G42,1,17,Lightening,1,||||||||||||20|11|0|1|1|1|0|0
90,MyungJoo DaeChangEau Shorts,Magician,Shorts,G42,1,18,NonElemental,0,||||||||||||20|11|0|1|1|1|0|0
90,MyungJoo DaeChangEau Shorts,Magician,Shorts,G42,1,19,Curse,0,||||||||||||20|11|0|1|1|1|0|0
91,SinGak DooSukLin Armor,Archer,All,G46,35,12,Evasion,75,||||||||||||75|125|5
91,SinGak DooSukLin Armor,Archer,All,G46,35,13,Defense,125,||||||||||||75|125|5
91,SinGak DooSukLin Armor,Archer,All,G46,35,14,Absorb,5,||||||||||||75|125|5
92,SinGak DooSukLin Armor,Archer,Armor,G46,43,12,Evasion,13,||||||||||||13|37|2
92,SinGak DooSukLin Armor,Archer,Armor,G46,43,13,Defense,37,||||||||||||13|37|2
92,SinGak DooSukLin Armor,Archer,Armor,G46,43,14,Absorb,2,||||||||||||13|37|2
93,SinGak DooSukLin Boots,Archer,Boots,G46,37,12,Evasion,22,||||||||||||22|24|1
93,SinGak DooSukLin Boots,Archer,Boots,G46,37,13,Defense,24,||||||||||||22|24|1
93,SinGak DooSukLin Boots,Archer,Boots,G46,37,14,Absorb,1,||||||||||||22|24|1
94,SinGak DooSukLin Gloves,Archer,Gloves,G46,35,12,Evasion,7,||||||||||||7|23|0
94,SinGak DooSukLin Gloves,Archer,Gloves,G46,35,13,Defense,23,||||||||||||7|23|0
94,SinGak DooSukLin Gloves,Archer,Gloves,G46,35,14,Absorb,0,||||||||||||7|23|0
95,SinGak DooSukLin Hood,Archer,Helmet,G46,39,12,Evasion,8,||||||||||||8|25|1
95,SinGak DooSukLin Hood,Archer,Helmet,G46,39,13,Defense,25,||||||||||||8|25|1
95,SinGak DooSukLin Hood,Archer,Helmet,G46,39,14,Absorb,1,||||||||||||8|25|1
96,SinGak DooSukLin Shorts,Archer,Shorts,G46,41,12,Evasion,25,||||||||||||25|16|1
96,SinGak DooSukLin Shorts,Archer,Shorts,G46,41,13,Defense,16,||||||||||||25|16|1
96,SinGak DooSukLin Shorts,Archer,Shorts,G46,41,14,Absorb,1,||||||||||||25|16|1
97,Intensified Steel Armor,Knight,All,G46,35,12,Evasion,60,||||||||||||60|155|10
97,Intensified Steel Armor,Knight,All,G46,35,13,Defense,155,||||||||||||60|155|10
97,Intensified Steel Armor,Knight,All,G46,35,14,Absorb,10,||||||||||||60|155|10
131,Hood of Doggebi,Archer,Helmet,G55,53,1,Health,2,|2|||||||||||12|35|2
131,Hood of Doggebi,Archer,Helmet,G55,53,12,Evasion,12,|2|||||||||||12|35|2
131,Hood of Doggebi,Archer,Helmet,G55,53,13,Defense,35,|2|||||||||||12|35|2
131,Hood of Doggebi,Archer,Helmet,G55,53,14,Absorb,2,|2|||||||||||12|35|2
132,Shorts of Doggebi,Archer,Shorts,G55,54,1,Health,2,|2|||||||||||39|22|2
132,Shorts of Doggebi,Archer,Shorts,G55,54,12,Evasion,39,|2|||||||||||39|22|2
132,Shorts of Doggebi,Archer,Shorts,G55,54,13,Defense,22,|2|||||||||||39|22|2
132,Shorts of Doggebi,Archer,Shorts,G55,54,14,Absorb,2,|2|||||||||||39|22|2
133,Scaled Armor of Doggebi,Knight,All,G55,51,0,Strength,6,6|7|||2||||||||80|222|17
133,Scaled Armor of Doggebi,Knight,All,G55,51,1,Health,7,6|7|||2||||||||80|222|17
133,Scaled Armor of Doggebi,Knight,All,G55,51,4,Agility,2,6|7|||2||||||||80|222|17
133,Scaled Armor of Doggebi,Knight,All,G55,51,12,Evasion,80,6|7|||2||||||||80|222|17
133,Scaled Armor of Doggebi,Knight,All,G55,51,13,Defense,222,6|7|||2||||||||80|222|17
133,Scaled Armor of Doggebi,Knight,All,G55,51,14,Absorb,17,6|7|||2||||||||80|222|17
134,Scaled Armor of Doggebi,Knight,Armor,G55,55,0,Strength,4,4|3|||||||||||19|52|6
134,Scaled Armor of Doggebi,Knight,Armor,G55,55,1,Health,3,4|3|||||||||||19|52|6
134,Scaled Armor of Doggebi,Knight,Armor,G55,55,12,Evasion,19,4|3|||||||||||19|52|6
134,Scaled Armor of Doggebi,Knight,Armor,G55,55,13,Defense,52,4|3|||||||||||19|52|6
134,Scaled Armor of Doggebi,Knight,Armor,G55,55,14,Absorb,6,4|3|||||||||||19|52|6
135,Scaled Boots of Doggebi,Knight,Boots,G55,52,4,Agility,2,||||2||||||||21|37|2
135,Scaled Boots of Doggebi,Knight,Boots,G55,52,12,Evasion,21,||||2||||||||21|37|2
135,Scaled Boots of Doggebi,Knight,Boots,G55,52,13,Defense,37,||||2||||||||21|37|2
135,Scaled Boots of Doggebi,Knight,Boots,G55,52,14,Absorb,2,||||2||||||||21|37|2
136,Scaled Gloves of Doggebi,Knight,Gloves,G55,51,0,Strength,2,2||||||||||||8|51|2
136,Scaled Gloves of Doggebi,Knight,Gloves,G55,51,12,Evasion,8,2||||||||||||8|51|2
136,Scaled Gloves of Doggebi,Knight,Gloves,G55,51,13,Defense,51,2||||||||||||8|51|2
136,Scaled Gloves of Doggebi,Knight,Gloves,G55,51,14,Absorb,2,2||||||||||||8|51|2
137,Scaled Helmet of Doggebi,Knight,Helmet,G55,53,1,Health,2,|2|||||||||||11|50|3
137,Scaled Helmet of Doggebi,Knight,Helmet,G55,53,12,Evasion,11,|2|||||||||||11|50|3
137,Scaled Helmet of Doggebi,Knight,Helmet,G55,53,13,Defense,50,|2|||||||||||11|50|3
137,Scaled Helmet of Doggebi,Knight,Helmet,G55,53,14,Absorb,3,|2|||||||||||11|50|3
138,Scaled Shorts of Doggebi,Knight,Shorts,G55,54,1,Health,2,|2|||||||||||21|32|4
138,Scaled Shorts of Doggebi,Knight,Shorts,G55,54,12,Evasion,21,|2|||||||||||21|32|4
138,Scaled Shorts of Doggebi,Knight,Shorts,G55,54,13,Defense,32,|2|||||||||||21|32|4
138,Scaled Shorts of Doggebi,Knight,Shorts,G55,54,14,Absorb,4,|2|||||||||||21|32|4
139,DaeChangEau Armor of Doggebi,Magician,All,G55,51,1,Health,7,|7|4|4|||||||||107|148|0|24|24|24|17|17
139,DaeChangEau Armor of Doggebi,Magician,All,G55,51,2,Intelligence,4,|7|4|4|||||||||107|148|0|24|24|24|17|17
139,DaeChangEau Armor of Doggebi,Magician,All,G55,51,3,Wisdom,4,|7|4|4|||||||||107|148|0|24|24|24|17|17
139,DaeChangEau Armor of Doggebi,Magician,All,G55,51,12,Evasion,107,|7|4|4|||||||||107|148|0|24|24|24|17|17
139,DaeChangEau Armor of Doggebi,Magician,All,G55,51,13,Defense,148,|7|4|4|||||||||107|148|0|24|24|24|17|17
139,DaeChangEau Armor of Doggebi,Magician,All,G55,51,14,Absorb,0,|7|4|4|||||||||107|148|0|24|24|24|17|17
139,DaeChangEau Armor of Doggebi,Magician,All,G55,51,15,Fire,24,|7|4|4|||||||||107|148|0|24|24|24|17|17
139,DaeChangEau Armor of Doggebi,Magician,All,G55,51,16,Ice,24,|7|4|4|||||||||107|148|0|24|24|24|17|17
139,DaeChangEau Armor of Doggebi,Magician,All,G55,51,17,Lightening,24,|7|4|4|||||||||107|148|0|24|24|24|17|17
139,DaeChangEau Armor of Doggebi,Magician,All,G55,51,18,NonElemental,17,|7|4|4|||||||||107|148|0|24|24|24|17|17
139,DaeChangEau Armor of Doggebi,Magician,All,G55,51,19,Curse,17,|7|4|4|||||||||107|148|0|24|24|24|17|17
140,DaeChangEau Clothes of Doggebi,Magician,Armor,G55,55,1,Health,3,|3|4||||||||||27|35|0|7|7|7|4|4
140,DaeChangEau Clothes of Doggebi,Magician,Armor,G55,55,2,Intelligence,4,|3|4||||||||||27|35|0|7|7|7|4|4
140,DaeChangEau Clothes of Doggebi,Magician,Armor,G55,55,12,Evasion,27,|3|4||||||||||27|35|0|7|7|7|4|4
140,DaeChangEau Clothes of Doggebi,Magician,Armor,G55,55,13,Defense,35,|3|4||||||||||27|35|0|7|7|7|4|4
140,DaeChangEau Clothes of Doggebi,Magician,Armor,G55,55,14,Absorb,0,|3|4||||||||||27|35|0|7|7|7|4|4
140,DaeChangEau Clothes of Doggebi,Magician,Armor,G55,55,15,Fire,7,|3|4||||||||||27|35|0|7|7|7|4|4
140,DaeChangEau Clothes of Doggebi,Magician,Armor,G55,55,16,Ice,7,|3|4||||||||||27|35|0|7|7|7|4|4
140,DaeChangEau Clothes of Doggebi,Magician,Armor,G55,55,17,Lightening,7,|3|4||||||||||27|35|0|7|7|7|4|4
140,DaeChangEau Clothes of Doggebi,Magician,Armor,G55,55,18,NonElemental,4,|3|4||||||||||27|35|0|7|7|7|4|4
140,DaeChangEau Clothes of Doggebi,Magician,Armor,G55,55,19,Curse,4,|3|4||||||||||27|35|0|7|7|7|4|4
141,DaeChangEau Boots of Doggebi,Magician,Boots,G55,52,3,Wisdom,2,|||2|||||||||24|32|0|3|3|3|4|4
141,DaeChangEau Boots of Doggebi,Magician,Boots,G55,52,12,Evasion,24,|||2|||||||||24|32|0|3|3|3|4|4
141,DaeChangEau Boots of Doggebi,Magician,Boots,G55,52,13,Defense,32,|||2|||||||||24|32|0|3|3|3|4|4
141,DaeChangEau Boots of Doggebi,Magician,Boots,G55,52,14,Absorb,0,|||2|||||||||24|32|0|3|3|3|4|4
141,DaeChangEau Boots of Doggebi,Magician,Boots,G55,52,15,Fire,3,|||2|||||||||24|32|0|3|3|3|4|4
141,DaeChangEau Boots of Doggebi,Magician,Boots,G55,52,16,Ice,3,|||2|||||||||24|32|0|3|3|3|4|4
141,DaeChangEau Boots of Doggebi,Magician,Boots,G55,52,17,Lightening,3,|||2|||||||||24|32|0|3|3|3|4|4
141,DaeChangEau Boots of Doggebi,Magician,Boots,G55,52,18,NonElemental,4,|||2|||||||||24|32|0|3|3|3|4|4
141,DaeChangEau Boots of Doggebi,Magician,Boots,G55,52,19,Curse,4,|||2|||||||||24|32|0|3|3|3|4|4
142,DaeChangEau Gloves of Doggebi,Magician,Gloves,G55,51,3,Wisdom,2,|||2|||||||||12|28|0|5|5|5|3|3
142,DaeChangEau Gloves of Doggebi,Magician,Gloves,G55,51,12,Evasion,12,|||2|||||||||12|28|0|5|5|5|3|3
142,DaeChangEau Gloves of Doggebi,Magician,Gloves,G55,51,13,Defense,28,|||2|||||||||12|28|0|5|5|5|3|3
142,DaeChangEau Gloves of Doggebi,Magician,Gloves,G55,51,14,Absorb,0,|||2|||||||||12|28|0|5|5|5|3|3
142,DaeChangEau Gloves of Doggebi,Magician,Gloves,G55,51,15,Fire,5,|||2|||||||||12|28|0|5|5|5|3|3
142,DaeChangEau Gloves of Doggebi,Magician,Gloves,G55,51,16,Ice,5,|||2|||||||||12|28|0|5|5|5|3|3
142,DaeChangEau Gloves of Doggebi,Magician,Gloves,G55,51,17,Lightening,5,|||2|||||||||12|28|0|5|5|5|3|3
142,DaeChangEau Gloves of Doggebi,Magician,Gloves,G55,51,18,NonElemental,3,|||2|||||||||12|28|0|5|5|5|3|3
142,DaeChangEau Gloves of Doggebi,Magician,Gloves,G55,51,19,Curse,3,|||2|||||||||12|28|0|5|5|5|3|3
143,DaeChangEau Hair Decoration of Doggebi,Magician,Helmet,G55,53,1,Health,2,|2|||||||||||14|28|0|6|6|6|3|3
143,DaeChangEau Hair Decoration of Doggebi,Magician,Helmet,G55,53,12,Evasion,14,|2|||||||||||14|28|0|6|6|6|3|3
143,DaeChangEau Hair Decoration of Doggebi,Magician,Helmet,G55,53,13,Defense,28,|2|||||||||||14|28|0|6|6|6|3|3
143,DaeChangEau Hair Decoration of Doggebi,Magician,Helmet,G55,53,14,Absorb,0,|2|||||||||||14|28|0|6|6|6|3|3
143,DaeChangEau Hair Decoration of Doggebi,Magician,Helmet,G55,53,15,Fire,6,|2|||||||||||14|28|0|6|6|6|3|3
143,DaeChangEau Hair Decoration of Doggebi,Magician,Helmet,G55,53,16,Ice,6,|2|||||||||||14|28|0|6|6|6|3|3
143,DaeChangEau Hair Decoration of Doggebi,Magician,Helmet,G55,53,17,Lightening,6,|2|||||||||||14|28|0|6|6|6|3|3
143,DaeChangEau Hair Decoration of Doggebi,Magician,Helmet,G55,53,18,NonElemental,3,|2|||||||||||14|28|0|6|6|6|3|3
143,DaeChangEau Hair Decoration of Doggebi,Magician,Helmet,G55,53,19,Curse,3,|2|||||||||||14|28|0|6|6|6|3|3
144,DaeChangEau Shorts of Doggebi,Magician,Shorts,G55,54,1,Health,2,|2|||||||||||30|25|0|3|3|3|3|3
144,DaeChangEau Shorts of Doggebi,Magician,Shorts,G55,54,12,Evasion,30,|2|||||||||||30|25|0|3|3|3|3|3
144,DaeChangEau Shorts of Doggebi,Magician,Shorts,G55,54,13,Defense,25,|2|||||||||||30|25|0|3|3|3|3|3
144,DaeChangEau Shorts of Doggebi,Magician,Shorts,G55,54,14,Absorb,0,|2|||||||||||30|25|0|3|3|3|3|3
144,DaeChangEau Shorts of Doggebi,Magician,Shorts,G55,54,15,Fire,3,|2|||||||||||30|25|0|3|3|3|3|3
144,DaeChangEau Shorts of Doggebi,Magician,Shorts,G55,54,16,Ice,3,|2|||||||||||30|25|0|3|3|3|3|3
144,DaeChangEau Shorts of Doggebi,Magician,Shorts,G55,54,17,Lightening,3,|2|||||||||||30|25|0|3|3|3|3|3
144,DaeChangEau Shorts of Doggebi,Magician,Shorts,G55,54,18,NonElemental,3,|2|||||||||||30|25|0|3|3|3|3|3
144,DaeChangEau Shorts of Doggebi,Magician,Shorts,G55,54,19,Curse,3,|2|||||||||||30|25|0|3|3|3|3|3
145,Blood Dragon Armor,Archer,All,G65,65,0,Strength,10,10|8|||12|||||||3|158|219|24
145,Blood Dragon Armor,Archer,All,G65,65,1,Health,8,10|8|||12|||||||3|158|219|24
145,Blood Dragon Armor,Archer,All,G65,65,4,Agility,12,10|8|||12|||||||3|158|219|24
145,Blood Dragon Armor,Archer,All,G65,65,11,OTP,3,10|8|||12|||||||3|158|219|24
145,Blood Dragon Armor,Archer,All,G65,65,12,Evasion,158,10|8|||12|||||||3|158|219|24
145,Blood Dragon Armor,Archer,All,G65,65,13,Defense,219,10|8|||12|||||||3|158|219|24
145,Blood Dragon Armor,Archer,All,G65,65,14,Absorb,24,10|8|||12|||||||3|158|219|24
146,Blood Dragon Armor,Archer,Armor,G65,65,0,Strength,3,3|3|||6|||||||1|30|68|7|1|0|1|0|1
146,Blood Dragon Armor,Archer,Armor,G65,65,1,Health,3,3|3|||6|||||||1|30|68|7|1|0|1|0|1
146,Blood Dragon Armor,Archer,Armor,G65,65,4,Agility,6,3|3|||6|||||||1|30|68|7|1|0|1|0|1
146,Blood Dragon Armor,Archer,Armor,G65,65,11,OTP,1,3|3|||6|||||||1|30|68|7|1|0|1|0|1
146,Blood Dragon Armor,Archer,Armor,G65,65,12,Evasion,30,3|3|||6|||||||1|30|68|7|1|0|1|0|1
146,Blood Dragon Armor,Archer,Armor,G65,65,13,Defense,68,3|3|||6|||||||1|30|68|7|1|0|1|0|1
146,Blood Dragon Armor,Archer,Armor,G65,65,14,Absorb,7,3|3|||6|||||||1|30|68|7|1|0|1|0|1
146,Blood Dragon Armor,Archer,Armor,G65,65,15,Fire,1,3|3|||6|||||||1|30|68|7|1|0|1|0|1
146,Blood Dragon Armor,Archer,Armor,G65,65,16,Ice,0,3|3|||6|||||||1|30|68|7|1|0|1|0|1
146,Blood Dragon Armor,Archer,Armor,G65,65,17,Lightening,1,3|3|||6|||||||1|30|68|7|1|0|1|0|1
146,Blood Dragon Armor,Archer,Armor,G65,65,18,NonElemental,0,3|3|||6|||||||1|30|68|7|1|0|1|0|1
146,Blood Dragon Armor,Archer,Armor,G65,65,19,Curse,1,3|3|||6|||||||1|30|68|7|1|0|1|0|1
147,Blood Dragon Boots,Archer,Boots,G65,62,0,Strength,1,1|1|||2||||||||44|38|3
147,Blood Dragon Boots,Archer,Boots,G65,62,1,Health,1,1|1|||2||||||||44|38|3
147,Blood Dragon Boots,Archer,Boots,G65,62,4,Agility,2,1|1|||2||||||||44|38|3
147,Blood Dragon Boots,Archer,Boots,G65,62,12,Evasion,44,1|1|||2||||||||44|38|3
147,Blood Dragon Boots,Archer,Boots,G65,62,13,Defense,38,1|1|||2||||||||44|38|3
147,Blood Dragon Boots,Archer,Boots,G65,62,14,Absorb,3,1|1|||2||||||||44|38|3
148,Blood Dragon Gloves,Archer,Gloves,G65,61,0,Strength,3,3||||1||||||||15|40|4
148,Blood Dragon Gloves,Archer,Gloves,G65,61,4,Agility,1,3||||1||||||||15|40|4
148,Blood Dragon Gloves,Archer,Gloves,G65,61,12,Evasion,15,3||||1||||||||15|40|4
148,Blood Dragon Gloves,Archer,Gloves,G65,61,13,Defense,40,3||||1||||||||15|40|4
148,Blood Dragon Gloves,Archer,Gloves,G65,61,14,Absorb,4,3||||1||||||||15|40|4
149,Blood Dragon Hood,Archer,Helmet,G65,63,0,Strength,2,2|2|||||||||||16|42|4
149,Blood Dragon Hood,Archer,Helmet,G65,63,1,Health,2,2|2|||||||||||16|42|4
149,Blood Dragon Hood,Archer,Helmet,G65,63,12,Evasion,16,2|2|||||||||||16|42|4
149,Blood Dragon Hood,Archer,Helmet,G65,63,13,Defense,42,2|2|||||||||||16|42|4
149,Blood Dragon Hood,Archer,Helmet,G65,63,14,Absorb,4,2|2|||||||||||16|42|4
150,Blood Dragon Shorts,Archer,Shorts,G65,64,0,Strength,1,1|2|||3|||||||2|53|31|6|1|0|1|0|1
150,Blood Dragon Shorts,Archer,Shorts,G65,64,1,Health,2,1|2|||3|||||||2|53|31|6|1|0|1|0|1
150,Blood Dragon Shorts,Archer,Shorts,G65,64,4,Agility,3,1|2|||3|||||||2|53|31|6|1|0|1|0|1
150,Blood Dragon Shorts,Archer,Shorts,G65,64,11,OTP,2,1|2|||3|||||||2|53|31|6|1|0|1|0|1
150,Blood Dragon Shorts,Archer,Shorts,G65,64,12,Evasion,53,1|2|||3|||||||2|53|31|6|1|0|1|0|1
150,Blood Dragon Shorts,Archer,Shorts,G65,64,13,Defense,31,1|2|||3|||||||2|53|31|6|1|0|1|0|1
150,Blood Dragon Shorts,Archer,Shorts,G65,64,14,Absorb,6,1|2|||3|||||||2|53|31|6|1|0|1|0|1
150,Blood Dragon Shorts,Archer,Shorts,G65,64,15,Fire,1,1|2|||3|||||||2|53|31|6|1|0|1|0|1
150,Blood Dragon Shorts,Archer,Shorts,G65,64,16,Ice,0,1|2|||3|||||||2|53|31|6|1|0|1|0|1
150,Blood Dragon Shorts,Archer,Shorts,G65,64,17,Lightening,1,1|2|||3|||||||2|53|31|6|1|0|1|0|1
150,Blood Dragon Shorts,Archer,Shorts,G65,64,18,NonElemental,0,1|2|||3|||||||2|53|31|6|1|0|1|0|1
150,Blood Dragon Shorts,Archer,Shorts,G65,64,19,Curse,1,1|2|||3|||||||2|53|31|6|1|0|1|0|1
151,Blood Dragon Scaled Armor,Knight,All,G65,65,0,Strength,17,17|3|||10||||||||125|317|31
151,Blood Dragon Scaled Armor,Knight,All,G65,65,1,Health,3,17|3|||10||||||||125|317|31
151,Blood Dragon Scaled Armor,Knight,All,G65,65,4,Agility,10,17|3|||10||||||||125|317|31
151,Blood Dragon Scaled Armor,Knight,All,G65,65,12,Evasion,125,17|3|||10||||||||125|317|31
151,Blood Dragon Scaled Armor,Knight,All,G65,65,13,Defense,317,17|3|||10||||||||125|317|31
151,Blood Dragon Scaled Armor,Knight,All,G65,65,14,Absorb,31,17|3|||10||||||||125|317|31
152,Blood Dragon Scaled Armor,Knight,Armor,G65,65,0,Strength,9,9||||3|||||||3|31|70|9|1|1|0|1|0
152,Blood Dragon Scaled Armor,Knight,Armor,G65,65,4,Agility,3,9||||3|||||||3|31|70|9|1|1|0|1|0
152,Blood Dragon Scaled Armor,Knight,Armor,G65,65,11,OTP,3,9||||3|||||||3|31|70|9|1|1|0|1|0
152,Blood Dragon Scaled Armor,Knight,Armor,G65,65,12,Evasion,31,9||||3|||||||3|31|70|9|1|1|0|1|0
152,Blood Dragon Scaled Armor,Knight,Armor,G65,65,13,Defense,70,9||||3|||||||3|31|70|9|1|1|0|1|0
152,Blood Dragon Scaled Armor,Knight,Armor,G65,65,14,Absorb,9,9||||3|||||||3|31|70|9|1|1|0|1|0
152,Blood Dragon Scaled Armor,Knight,Armor,G65,65,15,Fire,1,9||||3|||||||3|31|70|9|1|1|0|1|0
152,Blood Dragon Scaled Armor,Knight,Armor,G65,65,16,Ice,1,9||||3|||||||3|31|70|9|1|1|0|1|0
152,Blood Dragon Scaled Armor,Knight,Armor,G65,65,17,Lightening,0,9||||3|||||||3|31|70|9|1|1|0|1|0
152,Blood Dragon Scaled Armor,Knight,Armor,G65,65,18,NonElemental,1,9||||3|||||||3|31|70|9|1|1|0|1|0
152,Blood Dragon Scaled Armor,Knight,Armor,G65,65,19,Curse,0,9||||3|||||||3|31|70|9|1|1|0|1|0
153,Blood Dragon Scaled Boots,Knight,Boots,G65,62,1,Health,1,|1|||3||||||||30|53|5
153,Blood Dragon Scaled Boots,Knight,Boots,G65,62,4,Agility,3,|1|||3||||||||30|53|5
153,Blood Dragon Scaled Boots,Knight,Boots,G65,62,12,Evasion,30,|1|||3||||||||30|53|5
153,Blood Dragon Scaled Boots,Knight,Boots,G65,62,13,Defense,53,|1|||3||||||||30|53|5
153,Blood Dragon Scaled Boots,Knight,Boots,G65,62,14,Absorb,5,|1|||3||||||||30|53|5
154,Blood Dragon Scaled Gloves,Knight,Gloves,G65,61,0,Strength,3,3||||1||||||||12|66|4
154,Blood Dragon Scaled Gloves,Knight,Gloves,G65,61,4,Agility,1,3||||1||||||||12|66|4
154,Blood Dragon Scaled Gloves,Knight,Gloves,G65,61,12,Evasion,12,3||||1||||||||12|66|4
154,Blood Dragon Scaled Gloves,Knight,Gloves,G65,61,13,Defense,66,3||||1||||||||12|66|4
154,Blood Dragon Scaled Gloves,Knight,Gloves,G65,61,14,Absorb,4,3||||1||||||||12|66|4
155,Blood Dragon Scaled Helmet,Knight,Helmet,G65,63,0,Strength,1,1|2|||1||||||||15|65|5
155,Blood Dragon Scaled Helmet,Knight,Helmet,G65,63,1,Health,2,1|2|||1||||||||15|65|5
155,Blood Dragon Scaled Helmet,Knight,Helmet,G65,63,4,Agility,1,1|2|||1||||||||15|65|5
155,Blood Dragon Scaled Helmet,Knight,Helmet,G65,63,12,Evasion,15,1|2|||1||||||||15|65|5
155,Blood Dragon Scaled Helmet,Knight,Helmet,G65,63,13,Defense,65,1|2|||1||||||||15|65|5
155,Blood Dragon Scaled Helmet,Knight,Helmet,G65,63,14,Absorb,5,1|2|||1||||||||15|65|5
156,Blood Dragon Scaled Shorts,Knight,Shorts,G65,64,0,Strength,4,4||||2|||||||2|38|67|8|1|1|0|1|0
156,Blood Dragon Scaled Shorts,Knight,Shorts,G65,64,4,Agility,2,4||||2|||||||2|38|67|8|1|1|0|1|0
156,Blood Dragon Scaled Shorts,Knight,Shorts,G65,64,11,OTP,2,4||||2|||||||2|38|67|8|1|1|0|1|0
156,Blood Dragon Scaled Shorts,Knight,Shorts,G65,64,12,Evasion,38,4||||2|||||||2|38|67|8|1|1|0|1|0
156,Blood Dragon Scaled Shorts,Knight,Shorts,G65,64,13,Defense,67,4||||2|||||||2|38|67|8|1|1|0|1|0
156,Blood Dragon Scaled Shorts,Knight,Shorts,G65,64,14,Absorb,8,4||||2|||||||2|38|67|8|1|1|0|1|0
156,Blood Dragon Scaled Shorts,Knight,Shorts,G65,64,15,Fire,1,4||||2|||||||2|38|67|8|1|1|0|1|0
156,Blood Dragon Scaled Shorts,Knight,Shorts,G65,64,16,Ice,1,4||||2|||||||2|38|67|8|1|1|0|1|0
156,Blood Dragon Scaled Shorts,Knight,Shorts,G65,64,17,Lightening,0,4||||2|||||||2|38|67|8|1|1|0|1|0
156,Blood Dragon Scaled Shorts,Knight,Shorts,G65,64,18,NonElemental,1,4||||2|||||||2|38|67|8|1|1|0|1|0
156,Blood Dragon Scaled Shorts,Knight,Shorts,G65,64,19,Curse,0,4||||2|||||||2|38|67|8|1|1|0|1|0
157,Blood Dragon DeaChangEau,Magician,All,G65,65,1,Health,4,|4|22|8|||||||||143|194|7|34|34|34|29|29
157,Blood Dragon DeaChangEau,Magician,All,G65,65,2,Intelligence,22,|4|22|8|||||||||143|194|7|34|34|34|29|29
157,Blood Dragon DeaChangEau,Magician,All,G65,65,3,Wisdom,8,|4|22|8|||||||||143|194|7|34|34|34|29|29
157,Blood Dragon DeaChangEau,Magician,All,G65,65,12,Evasion,143,|4|22|8|||||||||143|194|7|34|34|34|29|29
157,Blood Dragon DeaChangEau,Magician,All,G65,65,13,Defense,194,|4|22|8|||||||||143|194|7|34|34|34|29|29
157,Blood Dragon DeaChangEau,Magician,All,G65,65,14,Absorb,7,|4|22|8|||||||||143|194|7|34|34|34|29|29
157,Blood Dragon DeaChangEau,Magician,All,G65,65,15,Fire,34,|4|22|8|||||||||143|194|7|34|34|34|29|29
157,Blood Dragon DeaChangEau,Magician,All,G65,65,16,Ice,34,|4|22|8|||||||||143|194|7|34|34|34|29|29
157,Blood Dragon DeaChangEau,Magician,All,G65,65,17,Lightening,34,|4|22|8|||||||||143|194|7|34|34|34|29|29
157,Blood Dragon DeaChangEau,Magician,All,G65,65,18,NonElemental,29,|4|22|8|||||||||143|194|7|34|34|34|29|29
157,Blood Dragon DeaChangEau,Magician,All,G65,65,19,Curse,29,|4|22|8|||||||||143|194|7|34|34|34|29|29
158,Blood Dragon DeaChangEau Clothes,Magician,Armor,G65,65,1,Health,1,|1|13|2|||||||||37|47|2|9|9|9|9|9
158,Blood Dragon DeaChangEau Clothes,Magician,Armor,G65,65,2,Intelligence,13,|1|13|2|||||||||37|47|2|9|9|9|9|9
158,Blood Dragon DeaChangEau Clothes,Magician,Armor,G65,65,3,Wisdom,2,|1|13|2|||||||||37|47|2|9|9|9|9|9
158,Blood Dragon DeaChangEau Clothes,Magician,Armor,G65,65,12,Evasion,37,|1|13|2|||||||||37|47|2|9|9|9|9|9
158,Blood Dragon DeaChangEau Clothes,Magician,Armor,G65,65,13,Defense,47,|1|13|2|||||||||37|47|2|9|9|9|9|9
158,Blood Dragon DeaChangEau Clothes,Magician,Armor,G65,65,14,Absorb,2,|1|13|2|||||||||37|47|2|9|9|9|9|9
158,Blood Dragon DeaChangEau Clothes,Magician,Armor,G65,65,15,Fire,9,|1|13|2|||||||||37|47|2|9|9|9|9|9
158,Blood Dragon DeaChangEau Clothes,Magician,Armor,G65,65,16,Ice,9,|1|13|2|||||||||37|47|2|9|9|9|9|9
158,Blood Dragon DeaChangEau Clothes,Magician,Armor,G65,65,17,Lightening,9,|1|13|2|||||||||37|47|2|9|9|9|9|9
158,Blood Dragon DeaChangEau Clothes,Magician,Armor,G65,65,18,NonElemental,9,|1|13|2|||||||||37|47|2|9|9|9|9|9
158,Blood Dragon DeaChangEau Clothes,Magician,Armor,G65,65,19,Curse,9,|1|13|2|||||||||37|47|2|9|9|9|9|9
159,Blood Dragon DeaChangEau Boots,Magician,Boots,G65,62,2,Intelligence,2,||2|2|||||||||30|41|1|5|5|5|6|6
159,Blood Dragon DeaChangEau Boots,Magician,Boots,G65,62,3,Wisdom,2,||2|2|||||||||30|41|1|5|5|5|6|6
159,Blood Dragon DeaChangEau Boots,Magician,Boots,G65,62,12,Evasion,30,||2|2|||||||||30|41|1|5|5|5|6|6
159,Blood Dragon DeaChangEau Boots,Magician,Boots,G65,62,13,Defense,41,||2|2|||||||||30|41|1|5|5|5|6|6
159,Blood Dragon DeaChangEau Boots,Magician,Boots,G65,62,14,Absorb,1,||2|2|||||||||30|41|1|5|5|5|6|6
159,Blood Dragon DeaChangEau Boots,Magician,Boots,G65,62,15,Fire,5,||2|2|||||||||30|41|1|5|5|5|6|6
159,Blood Dragon DeaChangEau Boots,Magician,Boots,G65,62,16,Ice,5,||2|2|||||||||30|41|1|5|5|5|6|6
159,Blood Dragon DeaChangEau Boots,Magician,Boots,G65,62,17,Lightening,5,||2|2|||||||||30|41|1|5|5|5|6|6
159,Blood Dragon DeaChangEau Boots,Magician,Boots,G65,62,18,NonElemental,6,||2|2|||||||||30|41|1|5|5|5|6|6
159,Blood Dragon DeaChangEau Boots,Magician,Boots,G65,62,19,Curse,6,||2|2|||||||||30|41|1|5|5|5|6|6
160,Blood Dragon DeaChangEau Gloves,Magician,Gloves,G65,61,2,Intelligence,2,||2|2|||||||||17|36|1|7|7|7|5|5
160,Blood Dragon DeaChangEau Gloves,Magician,Gloves,G65,61,3,Wisdom,2,||2|2|||||||||17|36|1|7|7|7|5|5
160,Blood Dragon DeaChangEau Gloves,Magician,Gloves,G65,61,12,Evasion,17,||2|2|||||||||17|36|1|7|7|7|5|5
160,Blood Dragon DeaChangEau Gloves,Magician,Gloves,G65,61,13,Defense,36,||2|2|||||||||17|36|1|7|7|7|5|5
160,Blood Dragon DeaChangEau Gloves,Magician,Gloves,G65,61,14,Absorb,1,||2|2|||||||||17|36|1|7|7|7|5|5
160,Blood Dragon DeaChangEau Gloves,Magician,Gloves,G65,61,15,Fire,7,||2|2|||||||||17|36|1|7|7|7|5|5
160,Blood Dragon DeaChangEau Gloves,Magician,Gloves,G65,61,16,Ice,7,||2|2|||||||||17|36|1|7|7|7|5|5
160,Blood Dragon DeaChangEau Gloves,Magician,Gloves,G65,61,17,Lightening,7,||2|2|||||||||17|36|1|7|7|7|5|5
160,Blood Dragon DeaChangEau Gloves,Magician,Gloves,G65,61,18,NonElemental,5,||2|2|||||||||17|36|1|7|7|7|5|5
160,Blood Dragon DeaChangEau Gloves,Magician,Gloves,G65,61,19,Curse,5,||2|2|||||||||17|36|1|7|7|7|5|5
161,Blood Dragon DeaChangEau Decoration,Magician,Helmet,G65,63,1,Health,2,|2|2||||||||||18|35|1|8|8|8|5|5
161,Blood Dragon DeaChangEau Decoration,Magician,Helmet,G65,63,2,Intelligence,2,|2|2||||||||||18|35|1|8|8|8|5|5
161,Blood Dragon DeaChangEau Decoration,Magician,Helmet,G65,63,12,Evasion,18,|2|2||||||||||18|35|1|8|8|8|5|5
161,Blood Dragon DeaChangEau Decoration,Magician,Helmet,G65,63,13,Defense,35,|2|2||||||||||18|35|1|8|8|8|5|5
161,Blood Dragon DeaChangEau Decoration,Magician,Helmet,G65,63,14,Absorb,1,|2|2||||||||||18|35|1|8|8|8|5|5
161,Blood Dragon DeaChangEau Decoration,Magician,Helmet,G65,63,15,Fire,8,|2|2||||||||||18|35|1|8|8|8|5|5
161,Blood Dragon DeaChangEau Decoration,Magician,Helmet,G65,63,16,Ice,8,|2|2||||||||||18|35|1|8|8|8|5|5
161,Blood Dragon DeaChangEau Decoration,Magician,Helmet,G65,63,17,Lightening,8,|2|2||||||||||18|35|1|8|8|8|5|5
161,Blood Dragon DeaChangEau Decoration,Magician,Helmet,G65,63,18,NonElemental,5,|2|2||||||||||18|35|1|8|8|8|5|5
161,Blood Dragon DeaChangEau Decoration,Magician,Helmet,G65,63,19,Curse,5,|2|2||||||||||18|35|1|8|8|8|5|5
162,Blood Dragon DeaChangEau Shorts,Magician,Shorts,G65,64,1,Health,1,|1|7|2|||||||||41|35|2|5|5|5|5|5
162,Blood Dragon DeaChangEau Shorts,Magician,Shorts,G65,64,2,Intelligence,7,|1|7|2|||||||||41|35|2|5|5|5|5|5
162,Blood Dragon DeaChangEau Shorts,Magician,Shorts,G65,64,3,Wisdom,2,|1|7|2|||||||||41|35|2|5|5|5|5|5
162,Blood Dragon DeaChangEau Shorts,Magician,Shorts,G65,64,12,Evasion,41,|1|7|2|||||||||41|35|2|5|5|5|5|5
162,Blood Dragon DeaChangEau Shorts,Magician,Shorts,G65,64,13,Defense,35,|1|7|2|||||||||41|35|2|5|5|5|5|5
162,Blood Dragon DeaChangEau Shorts,Magician,Shorts,G65,64,14,Absorb,2,|1|7|2|||||||||41|35|2|5|5|5|5|5
162,Blood Dragon DeaChangEau Shorts,Magician,Shorts,G65,64,15,Fire,5,|1|7|2|||||||||41|35|2|5|5|5|5|5
162,Blood Dragon DeaChangEau Shorts,Magician,Shorts,G65,64,16,Ice,5,|1|7|2|||||||||41|35|2|5|5|5|5|5
162,Blood Dragon DeaChangEau Shorts,Magician,Shorts,G65,64,17,Lightening,5,|1|7|2|||||||||41|35|2|5|5|5|5|5
162,Blood Dragon DeaChangEau Shorts,Magician,Shorts,G65,64,18,NonElemental,5,|1|7|2|||||||||41|35|2|5|5|5|5|5
162,Blood Dragon DeaChangEau Shorts,Magician,Shorts,G65,64,19,Curse,5,|1|7|2|||||||||41|35|2|5|5|5|5|5
163,Small Iron Shield,Knight,Shield,G10,1,12,Evasion,2,||||||||||||2|0|0
163,Small Iron Shield,Knight,Shield,G10,1,13,Defense,0,||||||||||||2|0|0
163,Small Iron Shield,Knight,Shield,G10,1,14,Absorb,0,||||||||||||2|0|0
164,Mid-Iron Shield,Knight,Shield,G23,1,12,Evasion,4,||||||||||||4|0|0
164,Mid-Iron Shield,Knight,Shield,G23,1,13,Defense,0,||||||||||||4|0|0
164,Mid-Iron Shield,Knight,Shield,G23,1,14,Absorb,0,||||||||||||4|0|0
165,Mid-Steel Shield,Knight,Shield,G40,1,12,Evasion,6,||||||||||||6|0|0
165,Mid-Steel Shield,Knight,Shield,G40,1,13,Defense,0,||||||||||||6|0|0
165,Mid-Steel Shield,Knight,Shield,G40,1,14,Absorb,0,||||||||||||6|0|0
166,Large Iron Shield,Knight,Shield,G44,40,12,Evasion,8,||||||||||||8|12|0
166,Large Iron Shield,Knight,Shield,G44,40,13,Defense,12,||||||||||||8|12|0
166,Large Iron Shield,Knight,Shield,G44,40,14,Absorb,0,||||||||||||8|12|0
167,Ghost Shaped Iron Shield,Knight,Shield,G48,45,12,Evasion,8,||||||||||||8|16|1
167,Ghost Shaped Iron Shield,Knight,Shield,G48,45,13,Defense,16,||||||||||||8|16|1
167,Ghost Shaped Iron Shield,Knight,Shield,G48,45,14,Absorb,1,||||||||||||8|16|1
168,Iron Shield With Gong,Knight,Shield,G52,50,12,Evasion,8,||||||||||||8|20|1
168,Iron Shield With Gong,Knight,Shield,G52,50,13,Defense,20,||||||||||||8|20|1
168,Iron Shield With Gong,Knight,Shield,G52,50,14,Absorb,1,||||||||||||8|20|1
169,Golden Shield,Knight,Shield,G60,60,12,Evasion,10,||||||||||||10|34|2
169,Golden Shield,Knight,Shield,G60,60,13,Defense,34,||||||||||||10|34|2
169,Golden Shield,Knight,Shield,G60,60,14,Absorb,2,||||||||||||10|34|2
170,Golden Bow,Archer,Bow,G62,60,0,Strength,1,1|2|||7|400||280|360|||81
170,Golden Bow,Archer,Bow,G62,60,1,Health,2,1|2|||7|400||280|360|||81
170,Golden Bow,Archer,Bow,G62,60,4,Agility,7,1|2|||7|400||280|360|||81
170,Golden Bow,Archer,Bow,G62,60,5,HP,400,1|2|||7|400||280|360|||81
170,Golden Bow,Archer,Bow,G62,60,7,PDMin,280,1|2|||7|400||280|360|||81
170,Golden Bow,Archer,Bow,G62,60,8,PDMax,360,1|2|||7|400||280|360|||81
170,Golden Bow,Archer,Bow,G62,60,11,OTP,81,1|2|||7|400||280|360|||81
171,Golden Stick,Magician,Stick,G62,60,2,Intelligence,7,||7|3||250|150|190|190|350|420|72
171,Golden Stick,Magician,Stick,G62,60,3,Wisdom,3,||7|3||250|150|190|190|350|420|72
171,Golden Stick,Magician,Stick,G62,60,5,HP,250,||7|3||250|150|190|190|350|420|72
171,Golden Stick,Magician,Stick,G62,60,6,MP,150,||7|3||250|150|190|190|350|420|72
171,Golden Stick,Magician,Stick,G62,60,7,PDMin,190,||7|3||250|150|190|190|350|420|72
171,Golden Stick,Magician,Stick,G62,60,8,PDMax,190,||7|3||250|150|190|190|350|420|72
171,Golden Stick,Magician,Stick,G62,60,9,MDMin,350,||7|3||250|150|190|190|350|420|72
171,Golden Stick,Magician,Stick,G62,60,10,MDMax,420,||7|3||250|150|190|190|350|420|72
171,Golden Stick,Magician,Stick,G62,60,11,OTP,72,||7|3||250|150|190|190|350|420|72
172,Golden Sword,Knight,Sw.1H,G62,60,0,Strength,5,5|4|||1|450||300|370|||83
172,Golden Sword,Knight,Sw.1H,G62,60,1,Health,4,5|4|||1|450||300|370|||83
172,Golden Sword,Knight,Sw.1H,G62,60,4,Agility,1,5|4|||1|450||300|370|||83
172,Golden Sword,Knight,Sw.1H,G62,60,5,HP,450,5|4|||1|450||300|370|||83
172,Golden Sword,Knight,Sw.1H,G62,60,7,PDMin,300,5|4|||1|450||300|370|||83
172,Golden Sword,Knight,Sw.1H,G62,60,8,PDMax,370,5|4|||1|450||300|370|||83
172,Golden Sword,Knight,Sw.1H,G62,60,11,OTP,83,5|4|||1|450||300|370|||83
173,Golden Giant Sword,Knight,Sw.2H,G62,60,0,Strength,7,7|3||||400||560|620|||82
173,Golden Giant Sword,Knight,Sw.2H,G62,60,1,Health,3,7|3||||400||560|620|||82
173,Golden Giant Sword,Knight,Sw.2H,G62,60,5,HP,400,7|3||||400||560|620|||82
173,Golden Giant Sword,Knight,Sw.2H,G62,60,7,PDMin,560,7|3||||400||560|620|||82
173,Golden Giant Sword,Knight,Sw.2H,G62,60,8,PDMax,620,7|3||||400||560|620|||82
173,Golden Giant Sword,Knight,Sw.2H,G62,60,11,OTP,82,7|3||||400||560|620|||82
174,Short Iron Sword,Knight,Sw.1H,G01,1,7,PDMin,3,|||||||3|10|||15
174,Short Iron Sword,Knight,Sw.1H,G01,1,8,PDMax,10,|||||||3|10|||15
174,Short Iron Sword,Knight,Sw.1H,G01,1,11,OTP,15,|||||||3|10|||15
175,Short Steel Sword,Knight,Sw.1H,G05,1,7,PDMin,16,|||||||16|24|||18
175,Short Steel Sword,Knight,Sw.1H,G05,1,8,PDMax,24,|||||||16|24|||18
175,Short Steel Sword,Knight,Sw.1H,G05,1,11,OTP,18,|||||||16|24|||18
176,Small Steel Sword,Knight,Sw.1H,G09,1,7,PDMin,25,|||||||25|37|||21
176,Small Steel Sword,Knight,Sw.1H,G09,1,8,PDMax,37,|||||||25|37|||21
176,Small Steel Sword,Knight,Sw.1H,G09,1,11,OTP,21,|||||||25|37|||21
177,Iron Sword,Knight,Sw.1H,G13,1,7,PDMin,34,|||||||34|49|||25
177,Iron Sword,Knight,Sw.1H,G13,1,8,PDMax,49,|||||||34|49|||25
177,Iron Sword,Knight,Sw.1H,G13,1,11,OTP,25,|||||||34|49|||25
178,Iron Red-Blood Sword,Knight,Sw.1H,G17,1,7,PDMin,45,|||||||45|65|||29
178,Iron Red-Blood Sword,Knight,Sw.1H,G17,1,8,PDMax,65,|||||||45|65|||29
178,Iron Red-Blood Sword,Knight,Sw.1H,G17,1,11,OTP,29,|||||||45|65|||29
179,Steel Sword,Knight,Sw.1H,G21,1,7,PDMin,51,|||||||51|75|||33
179,Steel Sword,Knight,Sw.1H,G21,1,8,PDMax,75,|||||||51|75|||33
179,Steel Sword,Knight,Sw.1H,G21,1,11,OTP,33,|||||||51|75|||33
180,Big Steel Sword,Knight,Sw.1H,G25,1,7,PDMin,55,|||||||55|80|||38
180,Big Steel Sword,Knight,Sw.1H,G25,1,8,PDMax,80,|||||||55|80|||38
180,Big Steel Sword,Knight,Sw.1H,G25,1,11,OTP,38,|||||||55|80|||38
181,Red Big Steel Sword,Knight,Sw.1H,G29,1,7,PDMin,63,|||||||63|94|||43
181,Red Big Steel Sword,Knight,Sw.1H,G29,1,8,PDMax,94,|||||||63|94|||43
181,Red Big Steel Sword,Knight,Sw.1H,G29,1,11,OTP,43,|||||||63|94|||43
182,Big Steel Sword with Pattern of Leaf,Knight,Sw.1H,G33,1,7,PDMin,92,|||||||92|96|||48
182,Big Steel Sword with Pattern of Leaf,Knight,Sw.1H,G33,1,8,PDMax,96,|||||||92|96|||48
182,Big Steel Sword with Pattern of Leaf,Knight,Sw.1H,G33,1,11,OTP,48,|||||||92|96|||48
183,HwanDoo Big Sword,Knight,Sw.1H,G37,1,7,PDMin,79,|||||||79|117|||54
183,HwanDoo Big Sword,Knight,Sw.1H,G37,1,8,PDMax,117,|||||||79|117|||54
183,HwanDoo Big Sword,Knight,Sw.1H,G37,1,11,OTP,54,|||||||79|117|||54
184,Red HwanDoo Big Sword,Knight,Sw.1H,G40,1,7,PDMin,74,|||||||74|184|||55
184,Red HwanDoo Big Sword,Knight,Sw.1H,G40,1,8,PDMax,184,|||||||74|184|||55
184,Red HwanDoo Big Sword,Knight,Sw.1H,G40,1,11,OTP,55,|||||||74|184|||55
185,White HwanDoo Big Sword,Knight,Sw.1H,G40,1,7,PDMin,98,|||||||98|139|||67
185,White HwanDoo Big Sword,Knight,Sw.1H,G40,1,8,PDMax,139,|||||||98|139|||67
185,White HwanDoo Big Sword,Knight,Sw.1H,G40,1,11,OTP,67,|||||||98|139|||67
186,HwanDoo SaeHyung Big Sword,Knight,Sw.1H,G40,1,7,PDMin,104,|||||||104|146|||60
186,HwanDoo SaeHyung Big Sword,Knight,Sw.1H,G40,1,8,PDMax,146,|||||||104|146|||60
186,HwanDoo SaeHyung Big Sword,Knight,Sw.1H,G40,1,11,OTP,60,|||||||104|146|||60
187,Maegak Hwandoo Saehyung Big Sword,Knight,Sw.1H,G45,40,1,Health,1,|1||||150||122|152|||62
187,Maegak Hwandoo Saehyung Big Sword,Knight,Sw.1H,G45,40,5,HP,150,|1||||150||122|152|||62
187,Maegak Hwandoo Saehyung Big Sword,Knight,Sw.1H,G45,40,7,PDMin,122,|1||||150||122|152|||62
187,Maegak Hwandoo Saehyung Big Sword,Knight,Sw.1H,G45,40,8,PDMax,152,|1||||150||122|152|||62
187,Maegak Hwandoo Saehyung Big Sword,Knight,Sw.1H,G45,40,11,OTP,62,|1||||150||122|152|||62
188,Hwandoo Saehyung Big Sword with PoL,Knight,Sw.1H,G45,40,4,Agility,1,||||1|100|50|80|204|||68
188,Hwandoo Saehyung Big Sword with PoL,Knight,Sw.1H,G45,40,5,HP,100,||||1|100|50|80|204|||68
188,Hwandoo Saehyung Big Sword with PoL,Knight,Sw.1H,G45,40,6,MP,50,||||1|100|50|80|204|||68
188,Hwandoo Saehyung Big Sword with PoL,Knight,Sw.1H,G45,40,7,PDMin,80,||||1|100|50|80|204|||68
188,Hwandoo Saehyung Big Sword with PoL,Knight,Sw.1H,G45,40,8,PDMax,204,||||1|100|50|80|204|||68
188,Hwandoo Saehyung Big Sword with PoL,Knight,Sw.1H,G45,40,11,OTP,68,||||1|100|50|80|204|||68
189,Savage Tribes Treasure Sword,Knight,Sw.1H,G48,45,0,Strength,1,1|1||||200||113|195|||68
189,Savage Tribes Treasure Sword,Knight,Sw.1H,G48,45,1,Health,1,1|1||||200||113|195|||68
189,Savage Tribes Treasure Sword,Knight,Sw.1H,G48,45,5,HP,200,1|1||||200||113|195|||68
189,Savage Tribes Treasure Sword,Knight,Sw.1H,G48,45,7,PDMin,113,1|1||||200||113|195|||68
189,Savage Tribes Treasure Sword,Knight,Sw.1H,G48,45,8,PDMax,195,1|1||||200||113|195|||68
189,Savage Tribes Treasure Sword,Knight,Sw.1H,G48,45,11,OTP,68,1|1||||200||113|195|||68
190,Savage Tribes Tiger Teeth Sword,Knight,Sw.1H,G48,45,0,Strength,2,2|||||150||121|203|||64
190,Savage Tribes Tiger Teeth Sword,Knight,Sw.1H,G48,45,5,HP,150,2|||||150||121|203|||64
190,Savage Tribes Tiger Teeth Sword,Knight,Sw.1H,G48,45,7,PDMin,121,2|||||150||121|203|||64
190,Savage Tribes Tiger Teeth Sword,Knight,Sw.1H,G48,45,8,PDMax,203,2|||||150||121|203|||64
190,Savage Tribes Tiger Teeth Sword,Knight,Sw.1H,G48,45,11,OTP,64,2|||||150||121|203|||64
191,Savage Tribes Truth Sword,Knight,Sw.1H,G48,45,0,Strength,1,1||||1|100|50|106|188|||72
191,Savage Tribes Truth Sword,Knight,Sw.1H,G48,45,4,Agility,1,1||||1|100|50|106|188|||72
191,Savage Tribes Truth Sword,Knight,Sw.1H,G48,45,5,HP,100,1||||1|100|50|106|188|||72
191,Savage Tribes Truth Sword,Knight,Sw.1H,G48,45,6,MP,50,1||||1|100|50|106|188|||72
191,Savage Tribes Truth Sword,Knight,Sw.1H,G48,45,7,PDMin,106,1||||1|100|50|106|188|||72
191,Savage Tribes Truth Sword,Knight,Sw.1H,G48,45,8,PDMax,188,1||||1|100|50|106|188|||72
191,Savage Tribes Truth Sword,Knight,Sw.1H,G48,45,11,OTP,72,1||||1|100|50|106|188|||72
192,Golden Treasure Sword,Knight,Sw.1H,G50,50,0,Strength,1,1|2||||200||147|187|||72
192,Golden Treasure Sword,Knight,Sw.1H,G50,50,1,Health,2,1|2||||200||147|187|||72
192,Golden Treasure Sword,Knight,Sw.1H,G50,50,5,HP,200,1|2||||200||147|187|||72
192,Golden Treasure Sword,Knight,Sw.1H,G50,50,7,PDMin,147,1|2||||200||147|187|||72
192,Golden Treasure Sword,Knight,Sw.1H,G50,50,8,PDMax,187,1|2||||200||147|187|||72
192,Golden Treasure Sword,Knight,Sw.1H,G50,50,11,OTP,72,1|2||||200||147|187|||72
193,Butterfly-Shaped Treasure Sword,Knight,Sw.1H,G50,50,0,Strength,3,3|||||150||163|203|||68
193,Butterfly-Shaped Treasure Sword,Knight,Sw.1H,G50,50,5,HP,150,3|||||150||163|203|||68
193,Butterfly-Shaped Treasure Sword,Knight,Sw.1H,G50,50,7,PDMin,163,3|||||150||163|203|||68
193,Butterfly-Shaped Treasure Sword,Knight,Sw.1H,G50,50,8,PDMax,203,3|||||150||163|203|||68
193,Butterfly-Shaped Treasure Sword,Knight,Sw.1H,G50,50,11,OTP,68,3|||||150||163|203|||68
194,Black Golden Treasure Sword,Knight,Sw.1H,G50,50,0,Strength,1,1|2|||1|100|50|132|172|||76
194,Black Golden Treasure Sword,Knight,Sw.1H,G50,50,1,Health,2,1|2|||1|100|50|132|172|||76
194,Black Golden Treasure Sword,Knight,Sw.1H,G50,50,4,Agility,1,1|2|||1|100|50|132|172|||76
194,Black Golden Treasure Sword,Knight,Sw.1H,G50,50,5,HP,100,1|2|||1|100|50|132|172|||76
194,Black Golden Treasure Sword,Knight,Sw.1H,G50,50,6,MP,50,1|2|||1|100|50|132|172|||76
194,Black Golden Treasure Sword,Knight,Sw.1H,G50,50,7,PDMin,132,1|2|||1|100|50|132|172|||76
194,Black Golden Treasure Sword,Knight,Sw.1H,G50,50,8,PDMax,172,1|2|||1|100|50|132|172|||76
194,Black Golden Treasure Sword,Knight,Sw.1H,G50,50,11,OTP,76,1|2|||1|100|50|132|172|||76
195,Giant Sword,Knight,Sw.2H,G50,50,0,Strength,3,3|||||150||360|440|||72
195,Giant Sword,Knight,Sw.2H,G50,50,5,HP,150,3|||||150||360|440|||72
195,Giant Sword,Knight,Sw.2H,G50,50,7,PDMin,360,3|||||150||360|440|||72
195,Giant Sword,Knight,Sw.2H,G50,50,8,PDMax,440,3|||||150||360|440|||72
195,Giant Sword,Knight,Sw.2H,G50,50,11,OTP,72,3|||||150||360|440|||72
196,Revengeful Sword,Knight,Sw.2H,G50,50,0,Strength,4,4|||||100||390|470|||66
196,Revengeful Sword,Knight,Sw.2H,G50,50,5,HP,100,4|||||100||390|470|||66
196,Revengeful Sword,Knight,Sw.2H,G50,50,7,PDMin,390,4|||||100||390|470|||66
196,Revengeful Sword,Knight,Sw.2H,G50,50,8,PDMax,470,4|||||100||390|470|||66
196,Revengeful Sword,Knight,Sw.2H,G50,50,11,OTP,66,4|||||100||390|470|||66
197,Butterfly-Shaped Giant Sword,Knight,Sw.2H,G50,50,0,Strength,2,2|||||100||330|410|||74
197,Butterfly-Shaped Giant Sword,Knight,Sw.2H,G50,50,5,HP,100,2|||||100||330|410|||74
197,Butterfly-Shaped Giant Sword,Knight,Sw.2H,G50,50,7,PDMin,330,2|||||100||330|410|||74
197,Butterfly-Shaped Giant Sword,Knight,Sw.2H,G50,50,8,PDMax,410,2|||||100||330|410|||74
197,Butterfly-Shaped Giant Sword,Knight,Sw.2H,G50,50,11,OTP,74,2|||||100||330|410|||74
198,Diamond Treasure Sword,Knight,Sw.1H,G53,53,0,Strength,1,1|2|||1|200||167|207|||74
198,Diamond Treasure Sword,Knight,Sw.1H,G53,53,1,Health,2,1|2|||1|200||167|207|||74
198,Diamond Treasure Sword,Knight,Sw.1H,G53,53,4,Agility,1,1|2|||1|200||167|207|||74
198,Diamond Treasure Sword,Knight,Sw.1H,G53,53,5,HP,200,1|2|||1|200||167|207|||74
198,Diamond Treasure Sword,Knight,Sw.1H,G53,53,7,PDMin,167,1|2|||1|200||167|207|||74
198,Diamond Treasure Sword,Knight,Sw.1H,G53,53,8,PDMax,207,1|2|||1|200||167|207|||74
198,Diamond Treasure Sword,Knight,Sw.1H,G53,53,11,OTP,74,1|2|||1|200||167|207|||74
199,Diamond Sword of Pain,Knight,Sw.1H,G53,53,0,Strength,4,4|||||150||182|222|||70
199,Diamond Sword of Pain,Knight,Sw.1H,G53,53,5,HP,150,4|||||150||182|222|||70
199,Diamond Sword of Pain,Knight,Sw.1H,G53,53,7,PDMin,182,4|||||150||182|222|||70
199,Diamond Sword of Pain,Knight,Sw.1H,G53,53,8,PDMax,222,4|||||150||182|222|||70
199,Diamond Sword of Pain,Knight,Sw.1H,G53,53,11,OTP,70,4|||||150||182|222|||70
200,Diamond Sword of Phantom,Knight,Sw.1H,G53,53,0,Strength,1,1|2||1|1|100||152|192|||78
200,Diamond Sword of Phantom,Knight,Sw.1H,G53,53,1,Health,2,1|2||1|1|100||152|192|||78
200,Diamond Sword of Phantom,Knight,Sw.1H,G53,53,3,Wisdom,1,1|2||1|1|100||152|192|||78
200,Diamond Sword of Phantom,Knight,Sw.1H,G53,53,4,Agility,1,1|2||1|1|100||152|192|||78
200,Diamond Sword of Phantom,Knight,Sw.1H,G53,53,5,HP,100,1|2||1|1|100||152|192|||78
200,Diamond Sword of Phantom,Knight,Sw.1H,G53,53,7,PDMin,152,1|2||1|1|100||152|192|||78
200,Diamond Sword of Phantom,Knight,Sw.1H,G53,53,8,PDMax,192,1|2||1|1|100||152|192|||78
200,Diamond Sword of Phantom,Knight,Sw.1H,G53,53,11,OTP,78,1|2||1|1|100||152|192|||78
201,Diamond Giant Sword,Knight,Sw.2H,G53,53,0,Strength,3,3||||1|150||400|480|||74
201,Diamond Giant Sword,Knight,Sw.2H,G53,53,4,Agility,1,3||||1|150||400|480|||74
201,Diamond Giant Sword,Knight,Sw.2H,G53,53,5,HP,150,3||||1|150||400|480|||74
201,Diamond Giant Sword,Knight,Sw.2H,G53,53,7,PDMin,400,3||||1|150||400|480|||74
201,Diamond Giant Sword,Knight,Sw.2H,G53,53,8,PDMax,480,3||||1|150||400|480|||74
201,Diamond Giant Sword,Knight,Sw.2H,G53,53,11,OTP,74,3||||1|150||400|480|||74
202,Diamond Giant Sword of Pain,Knight,Sw.2H,G53,53,0,Strength,5,5|||||100||440|520|||68
202,Diamond Giant Sword of Pain,Knight,Sw.2H,G53,53,5,HP,100,5|||||100||440|520|||68
202,Diamond Giant Sword of Pain,Knight,Sw.2H,G53,53,7,PDMin,440,5|||||100||440|520|||68
202,Diamond Giant Sword of Pain,Knight,Sw.2H,G53,53,8,PDMax,520,5|||||100||440|520|||68
202,Diamond Giant Sword of Pain,Knight,Sw.2H,G53,53,11,OTP,68,5|||||100||440|520|||68
203,Diamond Giant Sword of Phantom,Knight,Sw.2H,G53,53,0,Strength,2,2|||1|1|100|50|370|450|||76
203,Diamond Giant Sword of Phantom,Knight,Sw.2H,G53,53,3,Wisdom,1,2|||1|1|100|50|370|450|||76
203,Diamond Giant Sword of Phantom,Knight,Sw.2H,G53,53,4,Agility,1,2|||1|1|100|50|370|450|||76
203,Diamond Giant Sword of Phantom,Knight,Sw.2H,G53,53,5,HP,100,2|||1|1|100|50|370|450|||76
203,Diamond Giant Sword of Phantom,Knight,Sw.2H,G53,53,6,MP,50,2|||1|1|100|50|370|450|||76
203,Diamond Giant Sword of Phantom,Knight,Sw.2H,G53,53,7,PDMin,370,2|||1|1|100|50|370|450|||76
203,Diamond Giant Sword of Phantom,Knight,Sw.2H,G53,53,8,PDMax,450,2|||1|1|100|50|370|450|||76
203,Diamond Giant Sword of Phantom,Knight,Sw.2H,G53,53,11,OTP,76,2|||1|1|100|50|370|450|||76
204,Ancient Treasure Sword,Knight,Sw.1H,G56,56,0,Strength,2,2|2|||1|250||187|227|||76
204,Ancient Treasure Sword,Knight,Sw.1H,G56,56,1,Health,2,2|2|||1|250||187|227|||76
204,Ancient Treasure Sword,Knight,Sw.1H,G56,56,4,Agility,1,2|2|||1|250||187|227|||76
204,Ancient Treasure Sword,Knight,Sw.1H,G56,56,5,HP,250,2|2|||1|250||187|227|||76
204,Ancient Treasure Sword,Knight,Sw.1H,G56,56,7,PDMin,187,2|2|||1|250||187|227|||76
204,Ancient Treasure Sword,Knight,Sw.1H,G56,56,8,PDMax,227,2|2|||1|250||187|227|||76
204,Ancient Treasure Sword,Knight,Sw.1H,G56,56,11,OTP,76,2|2|||1|250||187|227|||76
205,Generals Treasure Sword,Knight,Sw.1H,G56,56,0,Strength,4,4|1||||200||202|242|||73
205,Generals Treasure Sword,Knight,Sw.1H,G56,56,1,Health,1,4|1||||200||202|242|||73
205,Generals Treasure Sword,Knight,Sw.1H,G56,56,5,HP,200,4|1||||200||202|242|||73
205,Generals Treasure Sword,Knight,Sw.1H,G56,56,7,PDMin,202,4|1||||200||202|242|||73
205,Generals Treasure Sword,Knight,Sw.1H,G56,56,8,PDMax,242,4|1||||200||202|242|||73
205,Generals Treasure Sword,Knight,Sw.1H,G56,56,11,OTP,73,4|1||||200||202|242|||73
206,Ancient Dynastys Treasure Sword,Knight,Sw.1H,G56,56,0,Strength,1,1|2||1|2|150|50|172|212|||79
206,Ancient Dynastys Treasure Sword,Knight,Sw.1H,G56,56,1,Health,2,1|2||1|2|150|50|172|212|||79
206,Ancient Dynastys Treasure Sword,Knight,Sw.1H,G56,56,3,Wisdom,1,1|2||1|2|150|50|172|212|||79
206,Ancient Dynastys Treasure Sword,Knight,Sw.1H,G56,56,4,Agility,2,1|2||1|2|150|50|172|212|||79
206,Ancient Dynastys Treasure Sword,Knight,Sw.1H,G56,56,5,HP,150,1|2||1|2|150|50|172|212|||79
206,Ancient Dynastys Treasure Sword,Knight,Sw.1H,G56,56,6,MP,50,1|2||1|2|150|50|172|212|||79
206,Ancient Dynastys Treasure Sword,Knight,Sw.1H,G56,56,7,PDMin,172,1|2||1|2|150|50|172|212|||79
206,Ancient Dynastys Treasure Sword,Knight,Sw.1H,G56,56,8,PDMax,212,1|2||1|2|150|50|172|212|||79
206,Ancient Dynastys Treasure Sword,Knight,Sw.1H,G56,56,11,OTP,79,1|2||1|2|150|50|172|212|||79
207,Ancient Giant Sword,Knight,Sw.2H,G56,56,0,Strength,4,4||||1|200||430|490|||76
207,Ancient Giant Sword,Knight,Sw.2H,G56,56,4,Agility,1,4||||1|200||430|490|||76
207,Ancient Giant Sword,Knight,Sw.2H,G56,56,5,HP,200,4||||1|200||430|490|||76
207,Ancient Giant Sword,Knight,Sw.2H,G56,56,7,PDMin,430,4||||1|200||430|490|||76
207,Ancient Giant Sword,Knight,Sw.2H,G56,56,8,PDMax,490,4||||1|200||430|490|||76
207,Ancient Giant Sword,Knight,Sw.2H,G56,56,11,OTP,76,4||||1|200||430|490|||76
208,Generals Giant Sword,Knight,Sw.2H,G56,56,0,Strength,6,6|||||150||470|530|||71
208,Generals Giant Sword,Knight,Sw.2H,G56,56,5,HP,150,6|||||150||470|530|||71
208,Generals Giant Sword,Knight,Sw.2H,G56,56,7,PDMin,470,6|||||150||470|530|||71
208,Generals Giant Sword,Knight,Sw.2H,G56,56,8,PDMax,530,6|||||150||470|530|||71
208,Generals Giant Sword,Knight,Sw.2H,G56,56,11,OTP,71,6|||||150||470|530|||71
209,Ancient Dynastys Giant Sword,Knight,Sw.2H,G56,56,0,Strength,3,3|||1|1|150|50|410|470|||77
209,Ancient Dynastys Giant Sword,Knight,Sw.2H,G56,56,3,Wisdom,1,3|||1|1|150|50|410|470|||77
209,Ancient Dynastys Giant Sword,Knight,Sw.2H,G56,56,4,Agility,1,3|||1|1|150|50|410|470|||77
209,Ancient Dynastys Giant Sword,Knight,Sw.2H,G56,56,5,HP,150,3|||1|1|150|50|410|470|||77
209,Ancient Dynastys Giant Sword,Knight,Sw.2H,G56,56,6,MP,50,3|||1|1|150|50|410|470|||77
209,Ancient Dynastys Giant Sword,Knight,Sw.2H,G56,56,7,PDMin,410,3|||1|1|150|50|410|470|||77
209,Ancient Dynastys Giant Sword,Knight,Sw.2H,G56,56,8,PDMax,470,3|||1|1|150|50|410|470|||77
209,Ancient Dynastys Giant Sword,Knight,Sw.2H,G56,56,11,OTP,77,3|||1|1|150|50|410|470|||77
210,Treasure Sword of Doggebi,Knight,Sw.1H,G59,59,0,Strength,4,4|3|||1|350||220|275|||79
210,Treasure Sword of Doggebi,Knight,Sw.1H,G59,59,1,Health,3,4|3|||1|350||220|275|||79
210,Treasure Sword of Doggebi,Knight,Sw.1H,G59,59,4,Agility,1,4|3|||1|350||220|275|||79
210,Treasure Sword of Doggebi,Knight,Sw.1H,G59,59,5,HP,350,4|3|||1|350||220|275|||79
210,Treasure Sword of Doggebi,Knight,Sw.1H,G59,59,7,PDMin,220,4|3|||1|350||220|275|||79
210,Treasure Sword of Doggebi,Knight,Sw.1H,G59,59,8,PDMax,275,4|3|||1|350||220|275|||79
210,Treasure Sword of Doggebi,Knight,Sw.1H,G59,59,11,OTP,79,4|3|||1|350||220|275|||79
211,Treasure Sword of High Class Doggebi,Knight,Sw.1H,G59,59,0,Strength,6,6|2||||300||245|300|||76
211,Treasure Sword of High Class Doggebi,Knight,Sw.1H,G59,59,1,Health,2,6|2||||300||245|300|||76
211,Treasure Sword of High Class Doggebi,Knight,Sw.1H,G59,59,5,HP,300,6|2||||300||245|300|||76
211,Treasure Sword of High Class Doggebi,Knight,Sw.1H,G59,59,7,PDMin,245,6|2||||300||245|300|||76
211,Treasure Sword of High Class Doggebi,Knight,Sw.1H,G59,59,8,PDMax,300,6|2||||300||245|300|||76
211,Treasure Sword of High Class Doggebi,Knight,Sw.1H,G59,59,11,OTP,76,6|2||||300||245|300|||76
212,Treasure Sword of Doggebi Lord,Knight,Sw.1H,G59,59,0,Strength,2,2|4||1|2|250|150|210|260|||82
212,Treasure Sword of Doggebi Lord,Knight,Sw.1H,G59,59,1,Health,4,2|4||1|2|250|150|210|260|||82
212,Treasure Sword of Doggebi Lord,Knight,Sw.1H,G59,59,3,Wisdom,1,2|4||1|2|250|150|210|260|||82
212,Treasure Sword of Doggebi Lord,Knight,Sw.1H,G59,59,4,Agility,2,2|4||1|2|250|150|210|260|||82
212,Treasure Sword of Doggebi Lord,Knight,Sw.1H,G59,59,5,HP,250,2|4||1|2|250|150|210|260|||82
212,Treasure Sword of Doggebi Lord,Knight,Sw.1H,G59,59,6,MP,150,2|4||1|2|250|150|210|260|||82
212,Treasure Sword of Doggebi Lord,Knight,Sw.1H,G59,59,7,PDMin,210,2|4||1|2|250|150|210|260|||82
212,Treasure Sword of Doggebi Lord,Knight,Sw.1H,G59,59,8,PDMax,260,2|4||1|2|250|150|210|260|||82
212,Treasure Sword of Doggebi Lord,Knight,Sw.1H,G59,59,11,OTP,82,2|4||1|2|250|150|210|260|||82
213,Giant Sword of Doggebi,Knight,Sw.2H,G59,59,0,Strength,6,6|2||||300||440|530|||79
213,Giant Sword of Doggebi,Knight,Sw.2H,G59,59,1,Health,2,6|2||||300||440|530|||79
213,Giant Sword of Doggebi,Knight,Sw.2H,G59,59,5,HP,300,6|2||||300||440|530|||79
213,Giant Sword of Doggebi,Knight,Sw.2H,G59,59,7,PDMin,440,6|2||||300||440|530|||79
213,Giant Sword of Doggebi,Knight,Sw.2H,G59,59,8,PDMax,530,6|2||||300||440|530|||79
213,Giant Sword of Doggebi,Knight,Sw.2H,G59,59,11,OTP,79,6|2||||300||440|530|||79
214,Giant Sword of High Class Doggebi,Knight,Sw.2H,G59,59,0,Strength,8,8|||||250||490|570|||74
214,Giant Sword of High Class Doggebi,Knight,Sw.2H,G59,59,5,HP,250,8|||||250||490|570|||74
214,Giant Sword of High Class Doggebi,Knight,Sw.2H,G59,59,7,PDMin,490,8|||||250||490|570|||74
214,Giant Sword of High Class Doggebi,Knight,Sw.2H,G59,59,8,PDMax,570,8|||||250||490|570|||74
214,Giant Sword of High Class Doggebi,Knight,Sw.2H,G59,59,11,OTP,74,8|||||250||490|570|||74
215,Giant Sword of Doggebi Lord,Knight,Sw.2H,G59,59,0,Strength,4,4|3||1|1|200|100|420|510|||80
215,Giant Sword of Doggebi Lord,Knight,Sw.2H,G59,59,1,Health,3,4|3||1|1|200|100|420|510|||80
215,Giant Sword of Doggebi Lord,Knight,Sw.2H,G59,59,3,Wisdom,1,4|3||1|1|200|100|420|510|||80
215,Giant Sword of Doggebi Lord,Knight,Sw.2H,G59,59,4,Agility,1,4|3||1|1|200|100|420|510|||80
215,Giant Sword of Doggebi Lord,Knight,Sw.2H,G59,59,5,HP,200,4|3||1|1|200|100|420|510|||80
215,Giant Sword of Doggebi Lord,Knight,Sw.2H,G59,59,6,MP,100,4|3||1|1|200|100|420|510|||80
215,Giant Sword of Doggebi Lord,Knight,Sw.2H,G59,59,7,PDMin,420,4|3||1|1|200|100|420|510|||80
215,Giant Sword of Doggebi Lord,Knight,Sw.2H,G59,59,8,PDMax,510,4|3||1|1|200|100|420|510|||80
215,Giant Sword of Doggebi Lord,Knight,Sw.2H,G59,59,11,OTP,80,4|3||1|1|200|100|420|510|||80
216,Birch Bow,Archer,Bow,G01,1,7,PDMin,2,|||||||2|7|||12
216,Birch Bow,Archer,Bow,G01,1,8,PDMax,7,|||||||2|7|||12
216,Birch Bow,Archer,Bow,G01,1,11,OTP,12,|||||||2|7|||12
217,Oak Bow,Archer,Bow,G05,1,7,PDMin,14,|||||||14|22|||17
217,Oak Bow,Archer,Bow,G05,1,8,PDMax,22,|||||||14|22|||17
217,Oak Bow,Archer,Bow,G05,1,11,OTP,17,|||||||14|22|||17
218,Big Oak Bow,Archer,Bow,G09,1,7,PDMin,20,|||||||20|31|||19
218,Big Oak Bow,Archer,Bow,G09,1,8,PDMax,31,|||||||20|31|||19
218,Big Oak Bow,Archer,Bow,G09,1,11,OTP,19,|||||||20|31|||19
219,YeonGak Bow,Archer,Bow,G13,1,7,PDMin,26,|||||||26|40|||24
219,YeonGak Bow,Archer,Bow,G13,1,8,PDMax,40,|||||||26|40|||24
219,YeonGak Bow,Archer,Bow,G13,1,11,OTP,24,|||||||26|40|||24
220,YeonHwang Bow,Archer,Bow,G17,1,7,PDMin,35,|||||||35|51|||28
220,YeonHwang Bow,Archer,Bow,G17,1,8,PDMax,51,|||||||35|51|||28
220,YeonHwang Bow,Archer,Bow,G17,1,11,OTP,28,|||||||35|51|||28
221,SooWoo YeonGak Bow,Archer,Bow,G21,1,7,PDMin,41,|||||||41|59|||32
221,SooWoo YeonGak Bow,Archer,Bow,G21,1,8,PDMax,59,|||||||41|59|||32
221,SooWoo YeonGak Bow,Archer,Bow,G21,1,11,OTP,32,|||||||41|59|||32
222,GangGak Bow,Archer,Bow,G25,1,7,PDMin,43,|||||||43|64|||36
222,GangGak Bow,Archer,Bow,G25,1,8,PDMax,64,|||||||43|64|||36
222,GangGak Bow,Archer,Bow,G25,1,11,OTP,36,|||||||43|64|||36
223,SooWoo GangGak Bow,Archer,Bow,G29,1,7,PDMin,51,|||||||51|74|||40
223,SooWoo GangGak Bow,Archer,Bow,G29,1,8,PDMax,74,|||||||51|74|||40
223,SooWoo GangGak Bow,Archer,Bow,G29,1,11,OTP,40,|||||||51|74|||40
224,TaeWoon GangGak Bow,Archer,Bow,G33,1,7,PDMin,60,|||||||60|83|||44
224,TaeWoon GangGak Bow,Archer,Bow,G33,1,8,PDMax,83,|||||||60|83|||44
224,TaeWoon GangGak Bow,Archer,Bow,G33,1,11,OTP,44,|||||||60|83|||44
225,HoMeeGak Bow,Archer,Bow,G37,1,7,PDMin,65,|||||||65|93|||49
225,HoMeeGak Bow,Archer,Bow,G37,1,8,PDMax,93,|||||||65|93|||49
225,HoMeeGak Bow,Archer,Bow,G37,1,11,OTP,49,|||||||65|93|||49
226,Yellow Tiger Pattern Gak Bow,Archer,Bow,G40,1,7,PDMin,58,|||||||58|151|||50
226,Yellow Tiger Pattern Gak Bow,Archer,Bow,G40,1,8,PDMax,151,|||||||58|151|||50
226,Yellow Tiger Pattern Gak Bow,Archer,Bow,G40,1,11,OTP,50,|||||||58|151|||50
227,Red Tiger Pattern Gak Bow,Archer,Bow,G40,1,7,PDMin,76,|||||||76|109|||62
227,Red Tiger Pattern Gak Bow,Archer,Bow,G40,1,8,PDMax,109,|||||||76|109|||62
227,Red Tiger Pattern Gak Bow,Archer,Bow,G40,1,11,OTP,62,|||||||76|109|||62
228,ChulTae Bow,Archer,Bow,G40,1,7,PDMin,85,|||||||85|118|||54
228,ChulTae Bow,Archer,Bow,G40,1,8,PDMax,118,|||||||85|118|||54
228,ChulTae Bow,Archer,Bow,G40,1,11,OTP,54,|||||||85|118|||54
229,Baek Dae Steel Bow,Archer,Bow,G45,40,1,Health,1,|1||||150||100|128|||60
229,Baek Dae Steel Bow,Archer,Bow,G45,40,5,HP,150,|1||||150||100|128|||60
229,Baek Dae Steel Bow,Archer,Bow,G45,40,7,PDMin,100,|1||||150||100|128|||60
229,Baek Dae Steel Bow,Archer,Bow,G45,40,8,PDMax,128,|1||||150||100|128|||60
229,Baek Dae Steel Bow,Archer,Bow,G45,40,11,OTP,60,|1||||150||100|128|||60
230,Yeon Lin Steel Bow,Archer,Bow,G45,40,4,Agility,1,||||1|100|50|72|182|||65
230,Yeon Lin Steel Bow,Archer,Bow,G45,40,5,HP,100,||||1|100|50|72|182|||65
230,Yeon Lin Steel Bow,Archer,Bow,G45,40,6,MP,50,||||1|100|50|72|182|||65
230,Yeon Lin Steel Bow,Archer,Bow,G45,40,7,PDMin,72,||||1|100|50|72|182|||65
230,Yeon Lin Steel Bow,Archer,Bow,G45,40,8,PDMax,182,||||1|100|50|72|182|||65
230,Yeon Lin Steel Bow,Archer,Bow,G45,40,11,OTP,65,||||1|100|50|72|182|||65
231,Savage Tribes ChulTae Bow,Archer,Bow,G48,45,4,Agility,2,||||2|150||92|182|||68
231,Savage Tribes ChulTae Bow,Archer,Bow,G48,45,5,HP,150,||||2|150||92|182|||68
231,Savage Tribes ChulTae Bow,Archer,Bow,G48,45,7,PDMin,92,||||2|150||92|182|||68
231,Savage Tribes ChulTae Bow,Archer,Bow,G48,45,8,PDMax,182,||||2|150||92|182|||68
231,Savage Tribes ChulTae Bow,Archer,Bow,G48,45,11,OTP,68,||||2|150||92|182|||68
232,Savage Tribes Blue ChulTae Bow,Archer,Bow,G48,45,4,Agility,2,||||2|100|50|107|197|||66
232,Savage Tribes Blue ChulTae Bow,Archer,Bow,G48,45,5,HP,100,||||2|100|50|107|197|||66
232,Savage Tribes Blue ChulTae Bow,Archer,Bow,G48,45,6,MP,50,||||2|100|50|107|197|||66
232,Savage Tribes Blue ChulTae Bow,Archer,Bow,G48,45,7,PDMin,107,||||2|100|50|107|197|||66
232,Savage Tribes Blue ChulTae Bow,Archer,Bow,G48,45,8,PDMax,197,||||2|100|50|107|197|||66
232,Savage Tribes Blue ChulTae Bow,Archer,Bow,G48,45,11,OTP,66,||||2|100|50|107|197|||66
233,Savage Tribes Red ChulTae Bow,Archer,Bow,G48,45,4,Agility,2,||||2|100||77|167|||70
233,Savage Tribes Red ChulTae Bow,Archer,Bow,G48,45,5,HP,100,||||2|100||77|167|||70
233,Savage Tribes Red ChulTae Bow,Archer,Bow,G48,45,7,PDMin,77,||||2|100||77|167|||70
233,Savage Tribes Red ChulTae Bow,Archer,Bow,G48,45,8,PDMax,167,||||2|100||77|167|||70
233,Savage Tribes Red ChulTae Bow,Archer,Bow,G48,45,11,OTP,70,||||2|100||77|167|||70
234,Steel Bow,Archer,Bow,G50,50,4,Agility,3,||||3|150||112|182|||70
234,Steel Bow,Archer,Bow,G50,50,5,HP,150,||||3|150||112|182|||70
234,Steel Bow,Archer,Bow,G50,50,7,PDMin,112,||||3|150||112|182|||70
234,Steel Bow,Archer,Bow,G50,50,8,PDMax,182,||||3|150||112|182|||70
234,Steel Bow,Archer,Bow,G50,50,11,OTP,70,||||3|150||112|182|||70
235,Steel Bow with Crows Feather,Archer,Bow,G50,50,4,Agility,3,||||3|100|50|127|197|||68
235,Steel Bow with Crows Feather,Archer,Bow,G50,50,5,HP,100,||||3|100|50|127|197|||68
235,Steel Bow with Crows Feather,Archer,Bow,G50,50,6,MP,50,||||3|100|50|127|197|||68
235,Steel Bow with Crows Feather,Archer,Bow,G50,50,7,PDMin,127,||||3|100|50|127|197|||68
235,Steel Bow with Crows Feather,Archer,Bow,G50,50,8,PDMax,197,||||3|100|50|127|197|||68
235,Steel Bow with Crows Feather,Archer,Bow,G50,50,11,OTP,68,||||3|100|50|127|197|||68
236,Steel Bow with Golden Crows Feather,Archer,Bow,G50,50,0,Strength,1,1||||3|100||97|167|||72
236,Steel Bow with Golden Crows Feather,Archer,Bow,G50,50,4,Agility,3,1||||3|100||97|167|||72
236,Steel Bow with Golden Crows Feather,Archer,Bow,G50,50,5,HP,100,1||||3|100||97|167|||72
236,Steel Bow with Golden Crows Feather,Archer,Bow,G50,50,7,PDMin,97,1||||3|100||97|167|||72
236,Steel Bow with Golden Crows Feather,Archer,Bow,G50,50,8,PDMax,167,1||||3|100||97|167|||72
236,Steel Bow with Golden Crows Feather,Archer,Bow,G50,50,11,OTP,72,1||||3|100||97|167|||72
237,Diamond Bow,Archer,Bow,G53,53,0,Strength,1,1||||3|150||132|202|||72
237,Diamond Bow,Archer,Bow,G53,53,4,Agility,3,1||||3|150||132|202|||72
237,Diamond Bow,Archer,Bow,G53,53,5,HP,150,1||||3|150||132|202|||72
237,Diamond Bow,Archer,Bow,G53,53,7,PDMin,132,1||||3|150||132|202|||72
237,Diamond Bow,Archer,Bow,G53,53,8,PDMax,202,1||||3|150||132|202|||72
237,Diamond Bow,Archer,Bow,G53,53,11,OTP,72,1||||3|150||132|202|||72
238,Diamond Bow of Pain,Archer,Bow,G53,53,4,Agility,4,||||4|100|50|147|217|||70
238,Diamond Bow of Pain,Archer,Bow,G53,53,5,HP,100,||||4|100|50|147|217|||70
238,Diamond Bow of Pain,Archer,Bow,G53,53,6,MP,50,||||4|100|50|147|217|||70
238,Diamond Bow of Pain,Archer,Bow,G53,53,7,PDMin,147,||||4|100|50|147|217|||70
238,Diamond Bow of Pain,Archer,Bow,G53,53,8,PDMax,217,||||4|100|50|147|217|||70
238,Diamond Bow of Pain,Archer,Bow,G53,53,11,OTP,70,||||4|100|50|147|217|||70
239,Diamond Bow of Phantom,Archer,Bow,G53,53,0,Strength,2,2||||3|100||117|187|||74
239,Diamond Bow of Phantom,Archer,Bow,G53,53,4,Agility,3,2||||3|100||117|187|||74
239,Diamond Bow of Phantom,Archer,Bow,G53,53,5,HP,100,2||||3|100||117|187|||74
239,Diamond Bow of Phantom,Archer,Bow,G53,53,7,PDMin,117,2||||3|100||117|187|||74
239,Diamond Bow of Phantom,Archer,Bow,G53,53,8,PDMax,187,2||||3|100||117|187|||74
239,Diamond Bow of Phantom,Archer,Bow,G53,53,11,OTP,74,2||||3|100||117|187|||74
240,Ancient Tribal Macs Bow,Archer,Bow,G56,56,0,Strength,1,1||||4|200||151|217|||74
240,Ancient Tribal Macs Bow,Archer,Bow,G56,56,4,Agility,4,1||||4|200||151|217|||74
240,Ancient Tribal Macs Bow,Archer,Bow,G56,56,5,HP,200,1||||4|200||151|217|||74
240,Ancient Tribal Macs Bow,Archer,Bow,G56,56,7,PDMin,151,1||||4|200||151|217|||74
240,Ancient Tribal Macs Bow,Archer,Bow,G56,56,8,PDMax,217,1||||4|200||151|217|||74
240,Ancient Tribal Macs Bow,Archer,Bow,G56,56,11,OTP,74,1||||4|200||151|217|||74
241,General of Ancient Tribal Macs Bow,Archer,Bow,G56,56,0,Strength,1,1||||4|150|50|172|232|||72
241,General of Ancient Tribal Macs Bow,Archer,Bow,G56,56,4,Agility,4,1||||4|150|50|172|232|||72
241,General of Ancient Tribal Macs Bow,Archer,Bow,G56,56,5,HP,150,1||||4|150|50|172|232|||72
241,General of Ancient Tribal Macs Bow,Archer,Bow,G56,56,6,MP,50,1||||4|150|50|172|232|||72
241,General of Ancient Tribal Macs Bow,Archer,Bow,G56,56,7,PDMin,172,1||||4|150|50|172|232|||72
241,General of Ancient Tribal Macs Bow,Archer,Bow,G56,56,8,PDMax,232,1||||4|150|50|172|232|||72
241,General of Ancient Tribal Macs Bow,Archer,Bow,G56,56,11,OTP,72,1||||4|150|50|172|232|||72
242,Ancient Dynasty of Tribal Macs Bow,Archer,Bow,G56,56,4,Agility,5,||||5|150||142|202|||76
242,Ancient Dynasty of Tribal Macs Bow,Archer,Bow,G56,56,5,HP,150,||||5|150||142|202|||76
242,Ancient Dynasty of Tribal Macs Bow,Archer,Bow,G56,56,7,PDMin,142,||||5|150||142|202|||76
242,Ancient Dynasty of Tribal Macs Bow,Archer,Bow,G56,56,8,PDMax,202,||||5|150||142|202|||76
242,Ancient Dynasty of Tribal Macs Bow,Archer,Bow,G56,56,11,OTP,76,||||5|150||142|202|||76
243,Bow of Doggebi,Archer,Bow,G59,59,0,Strength,1,1|1|||6|300||200|250|||77
243,Bow of Doggebi,Archer,Bow,G59,59,1,Health,1,1|1|||6|300||200|250|||77
243,Bow of Doggebi,Archer,Bow,G59,59,4,Agility,6,1|1|||6|300||200|250|||77
243,Bow of Doggebi,Archer,Bow,G59,59,5,HP,300,1|1|||6|300||200|250|||77
243,Bow of Doggebi,Archer,Bow,G59,59,7,PDMin,200,1|1|||6|300||200|250|||77
243,Bow of Doggebi,Archer,Bow,G59,59,8,PDMax,250,1|1|||6|300||200|250|||77
243,Bow of Doggebi,Archer,Bow,G59,59,11,OTP,77,1|1|||6|300||200|250|||77
244,Bow of High Class Doggebi,Archer,Bow,G59,59,0,Strength,4,4||||4|250||225|275|||75
244,Bow of High Class Doggebi,Archer,Bow,G59,59,4,Agility,4,4||||4|250||225|275|||75
244,Bow of High Class Doggebi,Archer,Bow,G59,59,5,HP,250,4||||4|250||225|275|||75
244,Bow of High Class Doggebi,Archer,Bow,G59,59,7,PDMin,225,4||||4|250||225|275|||75
244,Bow of High Class Doggebi,Archer,Bow,G59,59,8,PDMax,275,4||||4|250||225|275|||75
244,Bow of High Class Doggebi,Archer,Bow,G59,59,11,OTP,75,4||||4|250||225|275|||75
245,Bow of Doggebi Lord,Archer,Bow,G59,59,1,Health,1,|1||2|5|200|100|190|240|||79
245,Bow of Doggebi Lord,Archer,Bow,G59,59,3,Wisdom,2,|1||2|5|200|100|190|240|||79
245,Bow of Doggebi Lord,Archer,Bow,G59,59,4,Agility,5,|1||2|5|200|100|190|240|||79
245,Bow of Doggebi Lord,Archer,Bow,G59,59,5,HP,200,|1||2|5|200|100|190|240|||79
245,Bow of Doggebi Lord,Archer,Bow,G59,59,6,MP,100,|1||2|5|200|100|190|240|||79
245,Bow of Doggebi Lord,Archer,Bow,G59,59,7,PDMin,190,|1||2|5|200|100|190|240|||79
245,Bow of Doggebi Lord,Archer,Bow,G59,59,8,PDMax,240,|1||2|5|200|100|190|240|||79
245,Bow of Doggebi Lord,Archer,Bow,G59,59,11,OTP,79,|1||2|5|200|100|190|240|||79
246,Bamboo Stick,Magician,Stick,G01,1,7,PDMin,1,|||||||1|8|2|12|12
246,Bamboo Stick,Magician,Stick,G01,1,8,PDMax,8,|||||||1|8|2|12|12
246,Bamboo Stick,Magician,Stick,G01,1,9,MDMin,2,|||||||1|8|2|12|12
246,Bamboo Stick,Magician,Stick,G01,1,10,MDMax,12,|||||||1|8|2|12|12
246,Bamboo Stick,Magician,Stick,G01,1,11,OTP,12,|||||||1|8|2|12|12
247,Oak Stick,Magician,Stick,G05,1,7,PDMin,7,|||||||7|14|10|20|16
247,Oak Stick,Magician,Stick,G05,1,8,PDMax,14,|||||||7|14|10|20|16
247,Oak Stick,Magician,Stick,G05,1,9,MDMin,10,|||||||7|14|10|20|16
247,Oak Stick,Magician,Stick,G05,1,10,MDMax,20,|||||||7|14|10|20|16
247,Oak Stick,Magician,Stick,G05,1,11,OTP,16,|||||||7|14|10|20|16
248,Oak Petal Stick,Magician,Stick,G09,1,7,PDMin,13,|||||||13|20|19|31|20
248,Oak Petal Stick,Magician,Stick,G09,1,8,PDMax,20,|||||||13|20|19|31|20
248,Oak Petal Stick,Magician,Stick,G09,1,9,MDMin,19,|||||||13|20|19|31|20
248,Oak Petal Stick,Magician,Stick,G09,1,10,MDMax,31,|||||||13|20|19|31|20
248,Oak Petal Stick,Magician,Stick,G09,1,11,OTP,20,|||||||13|20|19|31|20
249,Iron Stick,Magician,Stick,G13,1,7,PDMin,20,|||||||20|27|28|42|21
249,Iron Stick,Magician,Stick,G13,1,8,PDMax,27,|||||||20|27|28|42|21
249,Iron Stick,Magician,Stick,G13,1,9,MDMin,28,|||||||20|27|28|42|21
249,Iron Stick,Magician,Stick,G13,1,10,MDMax,42,|||||||20|27|28|42|21
249,Iron Stick,Magician,Stick,G13,1,11,OTP,21,|||||||20|27|28|42|21
250,Iron JuckMo Stick,Magician,Stick,G17,1,7,PDMin,25,|||||||25|32|40|56|26
250,Iron JuckMo Stick,Magician,Stick,G17,1,8,PDMax,32,|||||||25|32|40|56|26
250,Iron JuckMo Stick,Magician,Stick,G17,1,9,MDMin,40,|||||||25|32|40|56|26
250,Iron JuckMo Stick,Magician,Stick,G17,1,10,MDMax,56,|||||||25|32|40|56|26
250,Iron JuckMo Stick,Magician,Stick,G17,1,11,OTP,26,|||||||25|32|40|56|26
251,BangChooHyung Iron Stick,Magician,Stick,G21,1,7,PDMin,33,|||||||33|40|52|68|30
251,BangChooHyung Iron Stick,Magician,Stick,G21,1,8,PDMax,40,|||||||33|40|52|68|30
251,BangChooHyung Iron Stick,Magician,Stick,G21,1,9,MDMin,52,|||||||33|40|52|68|30
251,BangChooHyung Iron Stick,Magician,Stick,G21,1,10,MDMax,68,|||||||33|40|52|68|30
251,BangChooHyung Iron Stick,Magician,Stick,G21,1,11,OTP,30,|||||||33|40|52|68|30
252,HwanDoo Stick,Magician,Stick,G25,1,7,PDMin,37,|||||||37|44|58|78|35
252,HwanDoo Stick,Magician,Stick,G25,1,8,PDMax,44,|||||||37|44|58|78|35
252,HwanDoo Stick,Magician,Stick,G25,1,9,MDMin,58,|||||||37|44|58|78|35
252,HwanDoo Stick,Magician,Stick,G25,1,10,MDMax,78,|||||||37|44|58|78|35
252,HwanDoo Stick,Magician,Stick,G25,1,11,OTP,35,|||||||37|44|58|78|35
253,YeongHwaHwanDoo Stick,Magician,Stick,G29,1,7,PDMin,44,|||||||44|51|70|92|39
253,YeongHwaHwanDoo Stick,Magician,Stick,G29,1,8,PDMax,51,|||||||44|51|70|92|39
253,YeongHwaHwanDoo Stick,Magician,Stick,G29,1,9,MDMin,70,|||||||44|51|70|92|39
253,YeongHwaHwanDoo Stick,Magician,Stick,G29,1,10,MDMax,92,|||||||44|51|70|92|39
253,YeongHwaHwanDoo Stick,Magician,Stick,G29,1,11,OTP,39,|||||||44|51|70|92|39
254,HwanRaeHwanDoo Stick,Magician,Stick,G33,1,7,PDMin,52,|||||||52|59|70|92|43
254,HwanRaeHwanDoo Stick,Magician,Stick,G33,1,8,PDMax,59,|||||||52|59|70|92|43
254,HwanRaeHwanDoo Stick,Magician,Stick,G33,1,9,MDMin,70,|||||||52|59|70|92|43
254,HwanRaeHwanDoo Stick,Magician,Stick,G33,1,10,MDMax,92,|||||||52|59|70|92|43
254,HwanRaeHwanDoo Stick,Magician,Stick,G33,1,11,OTP,43,|||||||52|59|70|92|43
255,SaeGum Chairpersons Stick,Magician,Stick,G37,1,7,PDMin,60,|||||||60|67|91|117|46
255,SaeGum Chairpersons Stick,Magician,Stick,G37,1,8,PDMax,67,|||||||60|67|91|117|46
255,SaeGum Chairpersons Stick,Magician,Stick,G37,1,9,MDMin,91,|||||||60|67|91|117|46
255,SaeGum Chairpersons Stick,Magician,Stick,G37,1,10,MDMax,117,|||||||60|67|91|117|46
255,SaeGum Chairpersons Stick,Magician,Stick,G37,1,11,OTP,46,|||||||60|67|91|117|46
256,Sae Dan Chairpersons Stick,Magician,Stick,G40,1,2,Intelligence,3,||3||3|||26|43|82|191|42
256,Sae Dan Chairpersons Stick,Magician,Stick,G40,1,4,Agility,3,||3||3|||26|43|82|191|42
256,Sae Dan Chairpersons Stick,Magician,Stick,G40,1,7,PDMin,26,||3||3|||26|43|82|191|42
256,Sae Dan Chairpersons Stick,Magician,Stick,G40,1,8,PDMax,43,||3||3|||26|43|82|191|42
256,Sae Dan Chairpersons Stick,Magician,Stick,G40,1,9,MDMin,82,||3||3|||26|43|82|191|42
256,Sae Dan Chairpersons Stick,Magician,Stick,G40,1,10,MDMax,191,||3||3|||26|43|82|191|42
256,Sae Dan Chairpersons Stick,Magician,Stick,G40,1,11,OTP,42,||3||3|||26|43|82|191|42
257,Sae Hak Chairpersons Stick,Magician,Stick,G40,1,3,Wisdom,5,|||5|2||150|95|117|84|93|72
257,Sae Hak Chairpersons Stick,Magician,Stick,G40,1,4,Agility,2,|||5|2||150|95|117|84|93|72
257,Sae Hak Chairpersons Stick,Magician,Stick,G40,1,6,MP,150,|||5|2||150|95|117|84|93|72
257,Sae Hak Chairpersons Stick,Magician,Stick,G40,1,7,PDMin,95,|||5|2||150|95|117|84|93|72
257,Sae Hak Chairpersons Stick,Magician,Stick,G40,1,8,PDMax,117,|||5|2||150|95|117|84|93|72
257,Sae Hak Chairpersons Stick,Magician,Stick,G40,1,9,MDMin,84,|||5|2||150|95|117|84|93|72
257,Sae Hak Chairpersons Stick,Magician,Stick,G40,1,10,MDMax,93,|||5|2||150|95|117|84|93|72
257,Sae Hak Chairpersons Stick,Magician,Stick,G40,1,11,OTP,72,|||5|2||150|95|117|84|93|72
258,JoongBang Chairpersons Stick,Magician,Stick,G40,1,7,PDMin,78,|||||||78|85|117|146|50
258,JoongBang Chairpersons Stick,Magician,Stick,G40,1,8,PDMax,85,|||||||78|85|117|146|50
258,JoongBang Chairpersons Stick,Magician,Stick,G40,1,9,MDMin,117,|||||||78|85|117|146|50
258,JoongBang Chairpersons Stick,Magician,Stick,G40,1,10,MDMax,146,|||||||78|85|117|146|50
258,JoongBang Chairpersons Stick,Magician,Stick,G40,1,11,OTP,50,|||||||78|85|117|146|50
259,Joong Bang Chairpersons WhiteStick,Magician,Stick,G45,40,1,Health,2,|2||||150||78|89|121|156|57
259,Joong Bang Chairpersons WhiteStick,Magician,Stick,G45,40,5,HP,150,|2||||150||78|89|121|156|57
259,Joong Bang Chairpersons WhiteStick,Magician,Stick,G45,40,7,PDMin,78,|2||||150||78|89|121|156|57
259,Joong Bang Chairpersons WhiteStick,Magician,Stick,G45,40,8,PDMax,89,|2||||150||78|89|121|156|57
259,Joong Bang Chairpersons WhiteStick,Magician,Stick,G45,40,9,MDMin,121,|2||||150||78|89|121|156|57
259,Joong Bang Chairpersons WhiteStick,Magician,Stick,G45,40,10,MDMax,156,|2||||150||78|89|121|156|57
259,Joong Bang Chairpersons WhiteStick,Magician,Stick,G45,40,11,OTP,57,|2||||150||78|89|121|156|57
260,Joong Bang Chairpersons Single Stick,Magician,Stick,G45,40,2,Intelligence,2,||2|||100|50|75|92|93|225|54
260,Joong Bang Chairpersons Single Stick,Magician,Stick,G45,40,5,HP,100,||2|||100|50|75|92|93|225|54
260,Joong Bang Chairpersons Single Stick,Magician,Stick,G45,40,6,MP,50,||2|||100|50|75|92|93|225|54
260,Joong Bang Chairpersons Single Stick,Magician,Stick,G45,40,7,PDMin,75,||2|||100|50|75|92|93|225|54
260,Joong Bang Chairpersons Single Stick,Magician,Stick,G45,40,8,PDMax,92,||2|||100|50|75|92|93|225|54
260,Joong Bang Chairpersons Single Stick,Magician,Stick,G45,40,9,MDMin,93,||2|||100|50|75|92|93|225|54
260,Joong Bang Chairpersons Single Stick,Magician,Stick,G45,40,10,MDMax,225,||2|||100|50|75|92|93|225|54
260,Joong Bang Chairpersons Single Stick,Magician,Stick,G45,40,11,OTP,54,||2|||100|50|75|92|93|225|54
261,Savage Tribes Religious Stick,Magician,Stick,G48,45,2,Intelligence,2,||2|||150||92|105|114|225|57
261,Savage Tribes Religious Stick,Magician,Stick,G48,45,5,HP,150,||2|||150||92|105|114|225|57
261,Savage Tribes Religious Stick,Magician,Stick,G48,45,7,PDMin,92,||2|||150||92|105|114|225|57
261,Savage Tribes Religious Stick,Magician,Stick,G48,45,8,PDMax,105,||2|||150||92|105|114|225|57
261,Savage Tribes Religious Stick,Magician,Stick,G48,45,9,MDMin,114,||2|||150||92|105|114|225|57
261,Savage Tribes Religious Stick,Magician,Stick,G48,45,10,MDMax,225,||2|||150||92|105|114|225|57
261,Savage Tribes Religious Stick,Magician,Stick,G48,45,11,OTP,57,||2|||150||92|105|114|225|57
262,Savage Tribes Big Stick,Magician,Stick,G48,45,3,Wisdom,6,|||6|2||200|93|110|99|195|61
262,Savage Tribes Big Stick,Magician,Stick,G48,45,4,Agility,2,|||6|2||200|93|110|99|195|61
262,Savage Tribes Big Stick,Magician,Stick,G48,45,6,MP,200,|||6|2||200|93|110|99|195|61
262,Savage Tribes Big Stick,Magician,Stick,G48,45,7,PDMin,93,|||6|2||200|93|110|99|195|61
262,Savage Tribes Big Stick,Magician,Stick,G48,45,8,PDMax,110,|||6|2||200|93|110|99|195|61
262,Savage Tribes Big Stick,Magician,Stick,G48,45,9,MDMin,99,|||6|2||200|93|110|99|195|61
262,Savage Tribes Big Stick,Magician,Stick,G48,45,10,MDMax,195,|||6|2||200|93|110|99|195|61
262,Savage Tribes Big Stick,Magician,Stick,G48,45,11,OTP,61,|||6|2||200|93|110|99|195|61
263,Savage Tribes Grand Stick,Magician,Stick,G48,45,2,Intelligence,2,||2||||150|81|102|106|240|57
263,Savage Tribes Grand Stick,Magician,Stick,G48,45,6,MP,150,||2||||150|81|102|106|240|57
263,Savage Tribes Grand Stick,Magician,Stick,G48,45,7,PDMin,81,||2||||150|81|102|106|240|57
263,Savage Tribes Grand Stick,Magician,Stick,G48,45,8,PDMax,102,||2||||150|81|102|106|240|57
263,Savage Tribes Grand Stick,Magician,Stick,G48,45,9,MDMin,106,||2||||150|81|102|106|240|57
263,Savage Tribes Grand Stick,Magician,Stick,G48,45,10,MDMax,240,||2||||150|81|102|106|240|57
263,Savage Tribes Grand Stick,Magician,Stick,G48,45,11,OTP,57,||2||||150|81|102|106|240|57
264,Stick with Black Crows Feather,Magician,Stick,G50,50,2,Intelligence,3,||3|||150||109|119|135|225|60
264,Stick with Black Crows Feather,Magician,Stick,G50,50,5,HP,150,||3|||150||109|119|135|225|60
264,Stick with Black Crows Feather,Magician,Stick,G50,50,7,PDMin,109,||3|||150||109|119|135|225|60
264,Stick with Black Crows Feather,Magician,Stick,G50,50,8,PDMax,119,||3|||150||109|119|135|225|60
264,Stick with Black Crows Feather,Magician,Stick,G50,50,9,MDMin,135,||3|||150||109|119|135|225|60
264,Stick with Black Crows Feather,Magician,Stick,G50,50,10,MDMax,225,||3|||150||109|119|135|225|60
264,Stick with Black Crows Feather,Magician,Stick,G50,50,11,OTP,60,||3|||150||109|119|135|225|60
265,Line Pattern Stick with Black Crows Feather,Magician,Stick,G50,50,3,Wisdom,7,|||7|2||200|111|129|105|195|64
265,Line Pattern Stick with Black Crows Feather,Magician,Stick,G50,50,4,Agility,2,|||7|2||200|111|129|105|195|64
265,Line Pattern Stick with Black Crows Feather,Magician,Stick,G50,50,6,MP,200,|||7|2||200|111|129|105|195|64
265,Line Pattern Stick with Black Crows Feather,Magician,Stick,G50,50,7,PDMin,111,|||7|2||200|111|129|105|195|64
265,Line Pattern Stick with Black Crows Feather,Magician,Stick,G50,50,8,PDMax,129,|||7|2||200|111|129|105|195|64
265,Line Pattern Stick with Black Crows Feather,Magician,Stick,G50,50,9,MDMin,105,|||7|2||200|111|129|105|195|64
265,Line Pattern Stick with Black Crows Feather,Magician,Stick,G50,50,10,MDMax,195,|||7|2||200|111|129|105|195|64
265,Line Pattern Stick with Black Crows Feather,Magician,Stick,G50,50,11,OTP,64,|||7|2||200|111|129|105|195|64
266,Stick with Blue Crows Feather,Magician,Stick,G50,50,2,Intelligence,3,||3||||150|88|112|120|240|60
266,Stick with Blue Crows Feather,Magician,Stick,G50,50,6,MP,150,||3||||150|88|112|120|240|60
266,Stick with Blue Crows Feather,Magician,Stick,G50,50,7,PDMin,88,||3||||150|88|112|120|240|60
266,Stick with Blue Crows Feather,Magician,Stick,G50,50,8,PDMax,112,||3||||150|88|112|120|240|60
266,Stick with Blue Crows Feather,Magician,Stick,G50,50,9,MDMin,120,||3||||150|88|112|120|240|60
266,Stick with Blue Crows Feather,Magician,Stick,G50,50,10,MDMax,240,||3||||150|88|112|120|240|60
266,Stick with Blue Crows Feather,Magician,Stick,G50,50,11,OTP,60,||3||||150|88|112|120|240|60
267,Diamond Stick,Magician,Stick,G53,53,2,Intelligence,3,||3|1||150||119|129|155|245|64
267,Diamond Stick,Magician,Stick,G53,53,3,Wisdom,1,||3|1||150||119|129|155|245|64
267,Diamond Stick,Magician,Stick,G53,53,5,HP,150,||3|1||150||119|129|155|245|64
267,Diamond Stick,Magician,Stick,G53,53,7,PDMin,119,||3|1||150||119|129|155|245|64
267,Diamond Stick,Magician,Stick,G53,53,8,PDMax,129,||3|1||150||119|129|155|245|64
267,Diamond Stick,Magician,Stick,G53,53,9,MDMin,155,||3|1||150||119|129|155|245|64
267,Diamond Stick,Magician,Stick,G53,53,10,MDMax,245,||3|1||150||119|129|155|245|64
267,Diamond Stick,Magician,Stick,G53,53,11,OTP,64,||3|1||150||119|129|155|245|64
268,Diamond Stick of Pain,Magician,Stick,G53,53,2,Intelligence,4,||4||||200|131|141|170|260|62
268,Diamond Stick of Pain,Magician,Stick,G53,53,6,MP,200,||4||||200|131|141|170|260|62
268,Diamond Stick of Pain,Magician,Stick,G53,53,7,PDMin,131,||4||||200|131|141|170|260|62
268,Diamond Stick of Pain,Magician,Stick,G53,53,8,PDMax,141,||4||||200|131|141|170|260|62
268,Diamond Stick of Pain,Magician,Stick,G53,53,9,MDMin,170,||4||||200|131|141|170|260|62
268,Diamond Stick of Pain,Magician,Stick,G53,53,10,MDMax,260,||4||||200|131|141|170|260|62
268,Diamond Stick of Pain,Magician,Stick,G53,53,11,OTP,62,||4||||200|131|141|170|260|62
269,Diamond Stick of Phantom,Magician,Stick,G53,53,3,Wisdom,8,|||8|3||150|105|115|120|200|66
269,Diamond Stick of Phantom,Magician,Stick,G53,53,4,Agility,3,|||8|3||150|105|115|120|200|66
269,Diamond Stick of Phantom,Magician,Stick,G53,53,6,MP,150,|||8|3||150|105|115|120|200|66
269,Diamond Stick of Phantom,Magician,Stick,G53,53,7,PDMin,105,|||8|3||150|105|115|120|200|66
269,Diamond Stick of Phantom,Magician,Stick,G53,53,8,PDMax,115,|||8|3||150|105|115|120|200|66
269,Diamond Stick of Phantom,Magician,Stick,G53,53,9,MDMin,120,|||8|3||150|105|115|120|200|66
269,Diamond Stick of Phantom,Magician,Stick,G53,53,10,MDMax,200,|||8|3||150|105|115|120|200|66
269,Diamond Stick of Phantom,Magician,Stick,G53,53,11,OTP,66,|||8|3||150|105|115|120|200|66
270,Ancient Stick,Magician,Stick,G56,56,2,Intelligence,4,||4|1||200||135|145|200|280|66
270,Ancient Stick,Magician,Stick,G56,56,3,Wisdom,1,||4|1||200||135|145|200|280|66
270,Ancient Stick,Magician,Stick,G56,56,5,HP,200,||4|1||200||135|145|200|280|66
270,Ancient Stick,Magician,Stick,G56,56,7,PDMin,135,||4|1||200||135|145|200|280|66
270,Ancient Stick,Magician,Stick,G56,56,8,PDMax,145,||4|1||200||135|145|200|280|66
270,Ancient Stick,Magician,Stick,G56,56,9,MDMin,200,||4|1||200||135|145|200|280|66
270,Ancient Stick,Magician,Stick,G56,56,10,MDMax,280,||4|1||200||135|145|200|280|66
270,Ancient Stick,Magician,Stick,G56,56,11,OTP,66,||4|1||200||135|145|200|280|66
271,Generals Stick,Magician,Stick,G56,56,2,Intelligence,5,||5||||250|150|160|220|300|64
271,Generals Stick,Magician,Stick,G56,56,6,MP,250,||5||||250|150|160|220|300|64
271,Generals Stick,Magician,Stick,G56,56,7,PDMin,150,||5||||250|150|160|220|300|64
271,Generals Stick,Magician,Stick,G56,56,8,PDMax,160,||5||||250|150|160|220|300|64
271,Generals Stick,Magician,Stick,G56,56,9,MDMin,220,||5||||250|150|160|220|300|64
271,Generals Stick,Magician,Stick,G56,56,10,MDMax,300,||5||||250|150|160|220|300|64
271,Generals Stick,Magician,Stick,G56,56,11,OTP,64,||5||||250|150|160|220|300|64
272,Ancient Dynastys Stick,Magician,Stick,G56,56,3,Wisdom,9,|||9|4||200|120|130|160|240|68
272,Ancient Dynastys Stick,Magician,Stick,G56,56,4,Agility,4,|||9|4||200|120|130|160|240|68
272,Ancient Dynastys Stick,Magician,Stick,G56,56,6,MP,200,|||9|4||200|120|130|160|240|68
272,Ancient Dynastys Stick,Magician,Stick,G56,56,7,PDMin,120,|||9|4||200|120|130|160|240|68
272,Ancient Dynastys Stick,Magician,Stick,G56,56,8,PDMax,130,|||9|4||200|120|130|160|240|68
272,Ancient Dynastys Stick,Magician,Stick,G56,56,9,MDMin,160,|||9|4||200|120|130|160|240|68
272,Ancient Dynastys Stick,Magician,Stick,G56,56,10,MDMax,240,|||9|4||200|120|130|160|240|68
272,Ancient Dynastys Stick,Magician,Stick,G56,56,11,OTP,68,|||9|4||200|120|130|160|240|68
273,Stick of Doggebi,Magician,Stick,G59,59,2,Intelligence,6,||6|2||150|100|151|161|270|360|69
273,Stick of Doggebi,Magician,Stick,G59,59,3,Wisdom,2,||6|2||150|100|151|161|270|360|69
273,Stick of Doggebi,Magician,Stick,G59,59,5,HP,150,||6|2||150|100|151|161|270|360|69
273,Stick of Doggebi,Magician,Stick,G59,59,6,MP,100,||6|2||150|100|151|161|270|360|69
273,Stick of Doggebi,Magician,Stick,G59,59,7,PDMin,151,||6|2||150|100|151|161|270|360|69
273,Stick of Doggebi,Magician,Stick,G59,59,8,PDMax,161,||6|2||150|100|151|161|270|360|69
273,Stick of Doggebi,Magician,Stick,G59,59,9,MDMin,270,||6|2||150|100|151|161|270|360|69
273,Stick of Doggebi,Magician,Stick,G59,59,10,MDMax,360,||6|2||150|100|151|161|270|360|69
273,Stick of Doggebi,Magician,Stick,G59,59,11,OTP,69,||6|2||150|100|151|161|270|360|69
274,Stick of High Class Doggebi,Magician,Stick,G59,59,2,Intelligence,8,||8||||300|169|179|290|380|67
274,Stick of High Class Doggebi,Magician,Stick,G59,59,6,MP,300,||8||||300|169|179|290|380|67
274,Stick of High Class Doggebi,Magician,Stick,G59,59,7,PDMin,169,||8||||300|169|179|290|380|67
274,Stick of High Class Doggebi,Magician,Stick,G59,59,8,PDMax,179,||8||||300|169|179|290|380|67
274,Stick of High Class Doggebi,Magician,Stick,G59,59,9,MDMin,290,||8||||300|169|179|290|380|67
274,Stick of High Class Doggebi,Magician,Stick,G59,59,10,MDMax,380,||8||||300|169|179|290|380|67
274,Stick of High Class Doggebi,Magician,Stick,G59,59,11,OTP,67,||8||||300|169|179|290|380|67
275,Stick of Doggebi Lord,Magician,Stick,G59,59,3,Wisdom,12,|||12|4||350|135|145|230|320|81
275,Stick of Doggebi Lord,Magician,Stick,G59,59,4,Agility,4,|||12|4||350|135|145|230|320|81
275,Stick of Doggebi Lord,Magician,Stick,G59,59,6,MP,350,|||12|4||350|135|145|230|320|81
275,Stick of Doggebi Lord,Magician,Stick,G59,59,7,PDMin,135,|||12|4||350|135|145|230|320|81
275,Stick of Doggebi Lord,Magician,Stick,G59,59,8,PDMax,145,|||12|4||350|135|145|230|320|81
275,Stick of Doggebi Lord,Magician,Stick,G59,59,9,MDMin,230,|||12|4||350|135|145|230|320|81
275,Stick of Doggebi Lord,Magician,Stick,G59,59,10,MDMax,320,|||12|4||350|135|145|230|320|81
275,Stick of Doggebi Lord,Magician,Stick,G59,59,11,OTP,81,|||12|4||350|135|145|230|320|81
281,Small Potato,,Meal,G08,0,0,Strength,It recovers 420 of your health after 30 seconds.,It recovers 420 of your health after 30 seconds.
282,Potato,,Meal,G12,0,0,Strength,It recovers 420 of your health after 30 seconds.,It recovers 420 of your health after 30 seconds.
283,Big Potato,,Meal,G16,0,0,Strength,It recovers 420 of your health after 30 seconds.,It recovers 420 of your health after 30 seconds.
285,Small Sweet Potato,,Meal,G24,0,0,Strength,It recovers 420 of your health after 30 seconds.,It recovers 420 of your health after 30 seconds.
286,Sweet Potato,,Meal,G28,0,0,Strength,It recovers 420 of your health after 30 seconds.,It recovers 420 of your health after 30 seconds.
287,Big Sweet Potato,,Meal,G32,0,0,Strength,It recovers 420 of your health after 30 seconds.,It recovers 420 of your health after 30 seconds.
288,Cooked Sweet Potato,,Meal,G36,0,0,Strength,It recovers 420 of your health after 30 seconds.,It recovers 420 of your health after 30 seconds.
290,Piece of Meat,,Meal,G40,0,0,Strength,It recovers 420 of your health after 30 seconds.,It recovers 420 of your health after 30 seconds.
291,Chop of Meat,,Meal,G44,0,0,Strength,It recovers 420 of your health after 30 seconds.,It recovers 420 of your health after 30 seconds.
293,Cooked Chop of Meat,,Meal,G52,0,0,Strength,It recovers 420 of your health after 30 seconds.,It recovers 420 of your health after 30 seconds.
294,Pork Leg of Geum-Oh Mountain,,Meal,G56,0,0,Strength,It recovers 420 of your health after 30 seconds.,It recovers 420 of your health after 30 seconds.
295,Pork Rib of Geum-Oh Mountain,,Meal,G60,0,0,Strength,It recovers 420 of your health after 30 seconds.,It recovers 420 of your health after 30 seconds.
296,Tiger Meat of Geum-Oh Mountain,,Meal,G64,0,0,Strength,It recovers 420 of your health after 30 seconds.,It recovers 420 of your health after 30 seconds.
298,Small Water of Geum-Oh Mountain,,Water,G8,0,0,Strength,It recovers 90 of your energy after 30 seconds.,It recovers 90 of your energy after 30 seconds.
299,Medium Water of Geum-Oh Mountain,,Water,G12,0,0,Strength,It recovers 120 of your energy after 30 seconds.,It recovers 120 of your energy after 30 seconds.
300,Large Water of Geum-Oh Mountain,,Water,G16,0,0,Strength,It recovers 180 of your energy after 30 seconds.,It recovers 180 of your energy after 30 seconds.
302,Small Water of Geum-Oh Valley,,Water,G24,0,0,Strength,It recovers 330 of your energy after 30 seconds.,It recovers 330 of your energy after 30 seconds.
304,Large Water of Geum-Oh Valley,,Water,G32,0,0,Strength,It recovers 510 of your energy after 30 seconds.,It recovers 510 of your energy after 30 seconds.
305,Best Water of Geum-Oh Valley,,Water,G36,0,0,Strength,It recovers 630 of your energy after 30 seconds.,It recovers 630 of your energy after 30 seconds.
306,Small Refining Water,,Water,G40,0,0,Strength,It recovers 750 of your energy after 30 seconds.,It recovers 750 of your energy after 30 seconds.
307,Medium Refining Water,,Water,G44,0,0,Strength,It recovers 870 of your energy after 30 seconds.,It recovers 870 of your energy after 30 seconds.
308,Large Refining Water,,Water,G48,0,0,Strength,It recovers 990 of your energy after 30 seconds.,It recovers 990 of your energy after 30 seconds.
309,Best Refining Water,,Water,G52,0,0,Strength,It recovers 1170 of your energy after 30 seconds.,It recovers 1170 of your energy after 30 seconds.
310,Small Boiling Water,,Water,G56,0,0,Strength,It recovers 1350 of your energy after 30 seconds.,It recovers 1350 of your energy after 30 seconds.
312,Best Boiling Water,,Water,G64,0,0,Strength,It recovers 1770 of your energy after 30 seconds.,It recovers 1770 of your energy after 30 seconds.
314,"""Heavy Blows"" / ""Extreme""",,ToI P.Attack,,0,0,Strength,51,51|56|58|14
314,"""Heavy Blows"" / ""Extreme""",,ToI P.Attack,,0,1,Health,56,51|56|58|14
314,"""Heavy Blows"" / ""Extreme""",,ToI P.Attack,,0,2,Intelligence,58,51|56|58|14
314,"""Heavy Blows"" / ""Extreme""",,ToI P.Attack,,0,3,Wisdom,14,51|56|58|14
315,"""Fundamental"" / ""High Class""",,ToI M.Attack,,0,0,Strength,60,60|56|66|14
315,"""Fundamental"" / ""High Class""",,ToI M.Attack,,0,1,Health,56,60|56|66|14
315,"""Fundamental"" / ""High Class""",,ToI M.Attack,,0,2,Intelligence,66,60|56|66|14
315,"""Fundamental"" / ""High Class""",,ToI M.Attack,,0,3,Wisdom,14,60|56|66|14
316,"""Melees"" / ""Unlawful""",,ToI Strength,,0,0,Strength,6,6|24|2|37
316,"""Melees"" / ""Unlawful""",,ToI Strength,,0,1,Health,24,6|24|2|37
316,"""Melees"" / ""Unlawful""",,ToI Strength,,0,2,Intelligence,2,6|24|2|37
316,"""Melees"" / ""Unlawful""",,ToI Strength,,0,3,Wisdom,37,6|24|2|37
317,"""Bloody Fights"" / ""Unlawful""",,ToI Strength,,0,0,Strength,7,7|20|2|38
317,"""Bloody Fights"" / ""Unlawful""",,ToI Strength,,0,1,Health,20,7|20|2|38
317,"""Bloody Fights"" / ""Unlawful""",,ToI Strength,,0,2,Intelligence,2,7|20|2|38
317,"""Bloody Fights"" / ""Unlawful""",,ToI Strength,,0,3,Wisdom,38,7|20|2|38
318,"""Mystic"" / ""Sharp""",,ToI Intelligence,,0,0,Strength,26,26|24|22|37
318,"""Mystic"" / ""Sharp""",,ToI Intelligence,,0,1,Health,24,26|24|22|37
318,"""Mystic"" / ""Sharp""",,ToI Intelligence,,0,2,Intelligence,22,26|24|22|37
318,"""Mystic"" / ""Sharp""",,ToI Intelligence,,0,3,Wisdom,37,26|24|22|37
320,"""Iron legs"" / ""Vigorous""",,ToI Health,,0,0,Strength,16,16|24|12|37
320,"""Iron legs"" / ""Vigorous""",,ToI Health,,0,1,Health,24,16|24|12|37
320,"""Iron legs"" / ""Vigorous""",,ToI Health,,0,2,Intelligence,12,16|24|12|37
320,"""Iron legs"" / ""Vigorous""",,ToI Health,,0,3,Wisdom,37,16|24|12|37
321,"""Steels"" / ""Vigorous""",,ToI Health,,0,0,Strength,17,17|20|12|38
321,"""Steels"" / ""Vigorous""",,ToI Health,,0,1,Health,20,17|20|12|38
321,"""Steels"" / ""Vigorous""",,ToI Health,,0,2,Intelligence,12,17|20|12|38
321,"""Steels"" / ""Vigorous""",,ToI Health,,0,3,Wisdom,38,17|20|12|38
322,"""Predictive"" / ""Confirmatory""",,ToI Wisdom,,0,0,Strength,36,36|24|32|37
322,"""Predictive"" / ""Confirmatory""",,ToI Wisdom,,0,1,Health,24,36|24|32|37
322,"""Predictive"" / ""Confirmatory""",,ToI Wisdom,,0,2,Intelligence,32,36|24|32|37
322,"""Predictive"" / ""Confirmatory""",,ToI Wisdom,,0,3,Wisdom,37,36|24|32|37
323,"""Foreseeable"" / ""Confirmatory""",,ToI Wisdom,,0,0,Strength,37,37|20|32|38
323,"""Foreseeable"" / ""Confirmatory""",,ToI Wisdom,,0,1,Health,20,37|20|32|38
323,"""Foreseeable"" / ""Confirmatory""",,ToI Wisdom,,0,2,Intelligence,32,37|20|32|38
323,"""Foreseeable"" / ""Confirmatory""",,ToI Wisdom,,0,3,Wisdom,38,37|20|32|38
324,"""Rush"" / ""Reflective""",,ToI Agility,,0,0,Strength,46,46|24|42|37
324,"""Rush"" / ""Reflective""",,ToI Agility,,0,1,Health,24,46|24|42|37
324,"""Rush"" / ""Reflective""",,ToI Agility,,0,2,Intelligence,42,46|24|42|37
324,"""Rush"" / ""Reflective""",,ToI Agility,,0,3,Wisdom,37,46|24|42|37
325,"""Fierce"" / ""Reflective""",,ToI Agility,,0,0,Strength,47,47|20|42|38
325,"""Fierce"" / ""Reflective""",,ToI Agility,,0,1,Health,20,47|20|42|38
325,"""Fierce"" / ""Reflective""",,ToI Agility,,0,2,Intelligence,42,47|20|42|38
325,"""Fierce"" / ""Reflective""",,ToI Agility,,0,3,Wisdom,38,47|20|42|38
327,"""Limitable"" / ""Vigorous""",,ToI Health,,0,0,Strength,18,18|16|12|39
327,"""Limitable"" / ""Vigorous""",,ToI Health,,0,1,Health,16,18|16|12|39
327,"""Limitable"" / ""Vigorous""",,ToI Health,,0,2,Intelligence,12,18|16|12|39
327,"""Limitable"" / ""Vigorous""",,ToI Health,,0,3,Wisdom,39,18|16|12|39
328,"""War Leaders"" / ""Confirmatory""",,ToI Wisdom,,0,0,Strength,38,38|16|32|39
328,"""War Leaders"" / ""Confirmatory""",,ToI Wisdom,,0,1,Health,16,38|16|32|39
328,"""War Leaders"" / ""Confirmatory""",,ToI Wisdom,,0,2,Intelligence,32,38|16|32|39
328,"""War Leaders"" / ""Confirmatory""",,ToI Wisdom,,0,3,Wisdom,39,38|16|32|39
329,"""Flashy"" / ""Reflective""",,ToI Agility,,0,0,Strength,48,48|16|42|39
329,"""Flashy"" / ""Reflective""",,ToI Agility,,0,1,Health,16,48|16|42|39
329,"""Flashy"" / ""Reflective""",,ToI Agility,,0,2,Intelligence,42,48|16|42|39
329,"""Flashy"" / ""Reflective""",,ToI Agility,,0,3,Wisdom,39,48|16|42|39
330,"""Explosive"" / ""Destructive""",,ToI P.Attack,,0,0,Strength,53,53|46|59|17
330,"""Explosive"" / ""Destructive""",,ToI P.Attack,,0,1,Health,46,53|46|59|17
330,"""Explosive"" / ""Destructive""",,ToI P.Attack,,0,2,Intelligence,59,53|46|59|17
330,"""Explosive"" / ""Destructive""",,ToI P.Attack,,0,3,Wisdom,17,53|46|59|17
331,"""Mighty"" / ""Absoluteness""",,ToI M.Attack,,0,0,Strength,62,62|46|67|17
331,"""Mighty"" / ""Absoluteness""",,ToI M.Attack,,0,1,Health,46,62|46|67|17
331,"""Mighty"" / ""Absoluteness""",,ToI M.Attack,,0,2,Intelligence,67,62|46|67|17
331,"""Mighty"" / ""Absoluteness""",,ToI M.Attack,,0,3,Wisdom,17,62|46|67|17
333,"""Pure"" / ""Keen""",,ToI Intelligence,,0,0,Strength,29,29|12|23|35
333,"""Pure"" / ""Keen""",,ToI Intelligence,,0,1,Health,12,29|12|23|35
333,"""Pure"" / ""Keen""",,ToI Intelligence,,0,2,Intelligence,23,29|12|23|35
333,"""Pure"" / ""Keen""",,ToI Intelligence,,0,3,Wisdom,35,29|12|23|35
334,"""Infinitely"" / ""Heroic""",,ToI Health,,0,0,Strength,19,19|12|13|35
334,"""Infinitely"" / ""Heroic""",,ToI Health,,0,1,Health,12,19|12|13|35
334,"""Infinitely"" / ""Heroic""",,ToI Health,,0,2,Intelligence,13,19|12|13|35
334,"""Infinitely"" / ""Heroic""",,ToI Health,,0,3,Wisdom,35,19|12|13|35
335,"""Reverent"" / ""Celebrated""",,ToI Wisdom,,0,0,Strength,39,39|12|33|35
335,"""Reverent"" / ""Celebrated""",,ToI Wisdom,,0,1,Health,12,39|12|33|35
335,"""Reverent"" / ""Celebrated""",,ToI Wisdom,,0,2,Intelligence,33,39|12|33|35
335,"""Reverent"" / ""Celebrated""",,ToI Wisdom,,0,3,Wisdom,35,39|12|33|35
336,"""Unlimited"" / ""Instant""",,ToI Agility,,0,0,Strength,49,49|12|43|35
336,"""Unlimited"" / ""Instant""",,ToI Agility,,0,1,Health,12,49|12|43|35
336,"""Unlimited"" / ""Instant""",,ToI Agility,,0,2,Intelligence,43,49|12|43|35
336,"""Unlimited"" / ""Instant""",,ToI Agility,,0,3,Wisdom,35,49|12|43|35
338,"""Absolute"" / ""Keen""",,ToI Intelligence,,0,0,Strength,30,30|8|23|36
338,"""Absolute"" / ""Keen""",,ToI Intelligence,,0,1,Health,8,30|8|23|36
338,"""Absolute"" / ""Keen""",,ToI Intelligence,,0,2,Intelligence,23,30|8|23|36
338,"""Absolute"" / ""Keen""",,ToI Intelligence,,0,3,Wisdom,36,30|8|23|36
339,"""Diamond"" / ""Heroic""",,ToI Health,,0,0,Strength,20,20|8|13|36
339,"""Diamond"" / ""Heroic""",,ToI Health,,0,1,Health,8,20|8|13|36
339,"""Diamond"" / ""Heroic""",,ToI Health,,0,2,Intelligence,13,20|8|13|36
339,"""Diamond"" / ""Heroic""",,ToI Health,,0,3,Wisdom,36,20|8|13|36
340,"""Paradoxical"" / ""Celebrated""",,ToI Wisdom,,0,0,Strength,40,40|8|33|36
340,"""Paradoxical"" / ""Celebrated""",,ToI Wisdom,,0,1,Health,8,40|8|33|36
340,"""Paradoxical"" / ""Celebrated""",,ToI Wisdom,,0,2,Intelligence,33,40|8|33|36
340,"""Paradoxical"" / ""Celebrated""",,ToI Wisdom,,0,3,Wisdom,36,40|8|33|36
341,"""Gliding"" / ""Instant""",,ToI Agility,,0,0,Strength,50,50|8|43|36
341,"""Gliding"" / ""Instant""",,ToI Agility,,0,1,Health,8,50|8|43|36
341,"""Gliding"" / ""Instant""",,ToI Agility,,0,2,Intelligence,43,50|8|43|36
341,"""Gliding"" / ""Instant""",,ToI Agility,,0,3,Wisdom,36,50|8|43|36
342,"""Distinct"" / ""Merciful""",,ToI,,0,0,Strength,80,80|24|35|38
342,"""Distinct"" / ""Merciful""",,ToI,,0,1,Health,24,80|24|35|38
342,"""Distinct"" / ""Merciful""",,ToI,,0,2,Intelligence,35,80|24|35|38
342,"""Distinct"" / ""Merciful""",,ToI,,0,3,Wisdom,38,80|24|35|38
344,"""Breakthroughs"" / ""Strongest Mans""",,ToI,,0,0,Strength,82,82|24|5|38
344,"""Breakthroughs"" / ""Strongest Mans""",,ToI,,0,1,Health,24,82|24|5|38
344,"""Breakthroughs"" / ""Strongest Mans""",,ToI,,0,2,Intelligence,5,82|24|5|38
344,"""Breakthroughs"" / ""Strongest Mans""",,ToI,,0,3,Wisdom,38,82|24|5|38
345,"""Decisional"" / ""Dashy""",,ToI,,0,0,Strength,88,88|24|45|38
345,"""Decisional"" / ""Dashy""",,ToI,,0,1,Health,24,88|24|45|38
345,"""Decisional"" / ""Dashy""",,ToI,,0,2,Intelligence,45,88|24|45|38
345,"""Decisional"" / ""Dashy""",,ToI,,0,3,Wisdom,38,88|24|45|38
346,"""Magical Powers"" / ""Wise""",,ToI,,0,0,Strength,89,89|24|25|38
346,"""Magical Powers"" / ""Wise""",,ToI,,0,1,Health,24,89|24|25|38
346,"""Magical Powers"" / ""Wise""",,ToI,,0,2,Intelligence,25,89|24|25|38
346,"""Magical Powers"" / ""Wise""",,ToI,,0,3,Wisdom,38,89|24|25|38
347,"""Legendary"" / ""Rash""",,ToI,,0,0,Strength,90,90|29|91|56
347,"""Legendary"" / ""Rash""",,ToI,,0,1,Health,29,90|29|91|56
347,"""Legendary"" / ""Rash""",,ToI,,0,2,Intelligence,91,90|29|91|56
347,"""Legendary"" / ""Rash""",,ToI,,0,3,Wisdom,56,90|29|91|56
348,"""The King, GuhBalHans"" / ""Rash""",,ToI,,0,0,Strength,92,92|15|91|45
348,"""The King, GuhBalHans"" / ""Rash""",,ToI,,0,1,Health,15,92|15|91|45
348,"""The King, GuhBalHans"" / ""Rash""",,ToI,,0,2,Intelligence,91,92|15|91|45
348,"""The King, GuhBalHans"" / ""Rash""",,ToI,,0,3,Wisdom,45,92|15|91|45
349,"""Harsh"" / ""Forced""",,ToW Strength,,0,0,Strength,3,3|34|1|46
349,"""Harsh"" / ""Forced""",,ToW Strength,,0,1,Health,34,3|34|1|46
349,"""Harsh"" / ""Forced""",,ToW Strength,,0,2,Intelligence,1,3|34|1|46
349,"""Harsh"" / ""Forced""",,ToW Strength,,0,3,Wisdom,46,3|34|1|46
350,"""Strong Mans"" / ""Forced""",,ToW Strength,,0,0,Strength,4,4|32|1|47
350,"""Strong Mans"" / ""Forced""",,ToW Strength,,0,1,Health,32,4|32|1|47
350,"""Strong Mans"" / ""Forced""",,ToW Strength,,0,2,Intelligence,1,4|32|1|47
350,"""Strong Mans"" / ""Forced""",,ToW Strength,,0,3,Wisdom,47,4|32|1|47
352,"""Heroic"" / ""Healthy""",,ToW Health,,0,0,Strength,13,13|34|11|46
352,"""Heroic"" / ""Healthy""",,ToW Health,,0,1,Health,34,13|34|11|46
352,"""Heroic"" / ""Healthy""",,ToW Health,,0,2,Intelligence,11,13|34|11|46
352,"""Heroic"" / ""Healthy""",,ToW Health,,0,3,Wisdom,46,13|34|11|46
353,"""Vital"" / ""Healthy""",,ToW Health,,0,0,Strength,14,14|32|11|47
353,"""Vital"" / ""Healthy""",,ToW Health,,0,1,Health,32,14|32|11|47
353,"""Vital"" / ""Healthy""",,ToW Health,,0,2,Intelligence,11,14|32|11|47
353,"""Vital"" / ""Healthy""",,ToW Health,,0,3,Wisdom,47,14|32|11|47
354,"""Ablaze"" / ""Healthy""",,ToW Health,,0,0,Strength,15,15|30|11|48
354,"""Ablaze"" / ""Healthy""",,ToW Health,,0,1,Health,30,15|30|11|48
354,"""Ablaze"" / ""Healthy""",,ToW Health,,0,2,Intelligence,11,15|30|11|48
354,"""Ablaze"" / ""Healthy""",,ToW Health,,0,3,Wisdom,48,15|30|11|48
355,"""Keen"" / ""Fictional""",,ToW Intelligence,,0,0,Strength,23,23|34|21|46
355,"""Keen"" / ""Fictional""",,ToW Intelligence,,0,1,Health,34,23|34|21|46
355,"""Keen"" / ""Fictional""",,ToW Intelligence,,0,2,Intelligence,21,23|34|21|46
355,"""Keen"" / ""Fictional""",,ToW Intelligence,,0,3,Wisdom,46,23|34|21|46
356,"""Ordinary"" / ""Fictional""",,ToW Intelligence,,0,0,Strength,24,24|32|21|47
356,"""Ordinary"" / ""Fictional""",,ToW Intelligence,,0,1,Health,32,24|32|21|47
356,"""Ordinary"" / ""Fictional""",,ToW Intelligence,,0,2,Intelligence,21,24|32|21|47
356,"""Ordinary"" / ""Fictional""",,ToW Intelligence,,0,3,Wisdom,47,24|32|21|47
358,"""Celebrated"" / ""Fixed""",,ToW Wisdom,,0,0,Strength,33,33|34|31|46
358,"""Celebrated"" / ""Fixed""",,ToW Wisdom,,0,1,Health,34,33|34|31|46
358,"""Celebrated"" / ""Fixed""",,ToW Wisdom,,0,2,Intelligence,31,33|34|31|46
358,"""Celebrated"" / ""Fixed""",,ToW Wisdom,,0,3,Wisdom,46,33|34|31|46
359,"""Dignified"" / ""Fixed""",,ToW Wisdom,,0,0,Strength,34,34|32|31|47
359,"""Dignified"" / ""Fixed""",,ToW Wisdom,,0,1,Health,32,34|32|31|47
359,"""Dignified"" / ""Fixed""",,ToW Wisdom,,0,2,Intelligence,31,34|32|31|47
359,"""Dignified"" / ""Fixed""",,ToW Wisdom,,0,3,Wisdom,47,34|32|31|47
360,"""Merciful"" / ""Fixed""",,ToW Wisdom,,0,0,Strength,35,35|30|31|48
360,"""Merciful"" / ""Fixed""",,ToW Wisdom,,0,1,Health,30,35|30|31|48
360,"""Merciful"" / ""Fixed""",,ToW Wisdom,,0,2,Intelligence,31,35|30|31|48
360,"""Merciful"" / ""Fixed""",,ToW Wisdom,,0,3,Wisdom,48,35|30|31|48
361,"""Instant"" / ""Agile""",,ToW Agility,,0,0,Strength,43,43|34|41|46
361,"""Instant"" / ""Agile""",,ToW Agility,,0,1,Health,34,43|34|41|46
361,"""Instant"" / ""Agile""",,ToW Agility,,0,2,Intelligence,41,43|34|41|46
361,"""Instant"" / ""Agile""",,ToW Agility,,0,3,Wisdom,46,43|34|41|46
362,"""Flexible"" / ""Agile""",,ToW Agility,,0,0,Strength,44,44|32|41|47
362,"""Flexible"" / ""Agile""",,ToW Agility,,0,1,Health,32,44|32|41|47
362,"""Flexible"" / ""Agile""",,ToW Agility,,0,2,Intelligence,41,44|32|41|47
362,"""Flexible"" / ""Agile""",,ToW Agility,,0,3,Wisdom,47,44|32|41|47
364,"""Feathery"" / ""Healthy""",,ToP,,0,0,Strength,56,56|36|11|42
364,"""Feathery"" / ""Healthy""",,ToP,,0,1,Health,36,56|36|11|42
364,"""Feathery"" / ""Healthy""",,ToP,,0,2,Intelligence,11,56|36|11|42
364,"""Feathery"" / ""Healthy""",,ToP,,0,3,Wisdom,42,56|36|11|42
365,"""Mans"" / ""Healthy""",,ToP,,0,0,Strength,57,57|36|11|42
365,"""Mans"" / ""Healthy""",,ToP,,0,1,Health,36,57|36|11|42
365,"""Mans"" / ""Healthy""",,ToP,,0,2,Intelligence,11,57|36|11|42
365,"""Mans"" / ""Healthy""",,ToP,,0,3,Wisdom,42,57|36|11|42
366,"""Wisdoms"" / ""Fixed""",,ToP,,0,0,Strength,65,65|36|31|42
366,"""Wisdoms"" / ""Fixed""",,ToP,,0,1,Health,36,65|36|31|42
366,"""Wisdoms"" / ""Fixed""",,ToP,,0,2,Intelligence,31,65|36|31|42
366,"""Wisdoms"" / ""Fixed""",,ToP,,0,3,Wisdom,42,65|36|31|42
367,"""Despotic"" / ""Forced""",,ToP,,0,0,Strength,83,83|17|1|59
367,"""Despotic"" / ""Forced""",,ToP,,0,1,Health,17,83|17|1|59
367,"""Despotic"" / ""Forced""",,ToP,,0,2,Intelligence,1,83|17|1|59
367,"""Despotic"" / ""Forced""",,ToP,,0,3,Wisdom,59,83|17|1|59
368,"""Revenges"" / ""Agile""",,ToP,,0,0,Strength,84,84|17|41|59
368,"""Revenges"" / ""Agile""",,ToP,,0,1,Health,17,84|17|41|59
368,"""Revenges"" / ""Agile""",,ToP,,0,2,Intelligence,41,84|17|41|59
368,"""Revenges"" / ""Agile""",,ToP,,0,3,Wisdom,59,84|17|41|59
370,"""Ruinous"" / ""Fictional""",,ToP,,0,0,Strength,86,86|17|21|59
370,"""Ruinous"" / ""Fictional""",,ToP,,0,1,Health,17,86|17|21|59
370,"""Ruinous"" / ""Fictional""",,ToP,,0,2,Intelligence,21,86|17|21|59
370,"""Ruinous"" / ""Fictional""",,ToP,,0,3,Wisdom,59,86|17|21|59
371,"""Glorious"" / ""Fixed""",,ToP,,0,0,Strength,87,87|17|31|59
371,"""Glorious"" / ""Fixed""",,ToP,,0,1,Health,17,87|17|31|59
371,"""Glorious"" / ""Fixed""",,ToP,,0,2,Intelligence,31,87|17|31|59
371,"""Glorious"" / ""Fixed""",,ToP,,0,3,Wisdom,59,87|17|31|59
372,Talisman of Attack,,TaoA,,0,0,Strength,"Min. / Max. Physical Attack Point Up
[1,2,4,6,9,12,16,20,25,30,35,41,47,54,61,69]","Min. / Max. Physical Attack Point Up
[1,2,4,6,9,12,16,20,25,30,35,41,47,54,61,69]"
373,Talisman of Magic,,TaoM,,0,0,Strength,"Min. / Max. Magic Point Up
[1,2,4,6,9,12,16,20,25,30,35,41,47,54,61,69]","Min. / Max. Magic Point Up
[1,2,4,6,9,12,16,20,25,30,35,41,47,54,61,69]"
375,Talisman of Defense,,ToD,,0,0,Strength,Defense +1,Defense +1
391,Apprentice Archers Trinket,,Trinket,G0,0,4,Agility,1,||||1|180|140
391,Apprentice Archers Trinket,,Trinket,G0,0,5,HP,180,||||1|180|140
391,Apprentice Archers Trinket,,Trinket,G0,0,6,MP,140,||||1|180|140
392,Apprentice Knight Trinket,,Trinket,G0,0,0,Strength,1,1|||||280|40
392,Apprentice Knight Trinket,,Trinket,G0,0,5,HP,280,1|||||280|40
392,Apprentice Knight Trinket,,Trinket,G0,0,6,MP,40,1|||||280|40
394,HwanDoo SaeHyung Big Sword (Imperial),Knight,Sw.1H,G40,1,7,PDMin,114,|||||||114|150|||60
394,HwanDoo SaeHyung Big Sword (Imperial),Knight,Sw.1H,G40,1,8,PDMax,150,|||||||114|150|||60
394,HwanDoo SaeHyung Big Sword (Imperial),Knight,Sw.1H,G40,1,11,OTP,60,|||||||114|150|||60
395,ChulTae Bow (Imperial),Archer,Bow,G40,1,7,PDMin,95,|||||||95|134|||54
395,ChulTae Bow (Imperial),Archer,Bow,G40,1,8,PDMax,134,|||||||95|134|||54
395,ChulTae Bow (Imperial),Archer,Bow,G40,1,11,OTP,54,|||||||95|134|||54
396,JoongBang Chairpersons Stick (Imperial),Magician,Stick,G40,1,7,PDMin,85,|||||||85|93|128|160|50
396,JoongBang Chairpersons Stick (Imperial),Magician,Stick,G40,1,8,PDMax,93,|||||||85|93|128|160|50
396,JoongBang Chairpersons Stick (Imperial),Magician,Stick,G40,1,9,MDMin,128,|||||||85|93|128|160|50
396,JoongBang Chairpersons Stick (Imperial),Magician,Stick,G40,1,10,MDMax,160,|||||||85|93|128|160|50
396,JoongBang Chairpersons Stick (Imperial),Magician,Stick,G40,1,11,OTP,50,|||||||85|93|128|160|50
397,Hwandoo Saehyung Big Sword with PoL (Imperial),Knight,Sw.1H,G45,40,4,Agility,1,||||1|100|50|88|224|||68
397,Hwandoo Saehyung Big Sword with PoL (Imperial),Knight,Sw.1H,G45,40,5,HP,100,||||1|100|50|88|224|||68
397,Hwandoo Saehyung Big Sword with PoL (Imperial),Knight,Sw.1H,G45,40,6,MP,50,||||1|100|50|88|224|||68
397,Hwandoo Saehyung Big Sword with PoL (Imperial),Knight,Sw.1H,G45,40,7,PDMin,88,||||1|100|50|88|224|||68
397,Hwandoo Saehyung Big Sword with PoL (Imperial),Knight,Sw.1H,G45,40,8,PDMax,224,||||1|100|50|88|224|||68
397,Hwandoo Saehyung Big Sword with PoL (Imperial),Knight,Sw.1H,G45,40,11,OTP,68,||||1|100|50|88|224|||68
398,Yeon Lin Steel Bow (Imperial),Archer,Bow,G45,40,4,Agility,1,||||1|100|50|79|200|||65
398,Yeon Lin Steel Bow (Imperial),Archer,Bow,G45,40,5,HP,100,||||1|100|50|79|200|||65
398,Yeon Lin Steel Bow (Imperial),Archer,Bow,G45,40,6,MP,50,||||1|100|50|79|200|||65
398,Yeon Lin Steel Bow (Imperial),Archer,Bow,G45,40,7,PDMin,79,||||1|100|50|79|200|||65
398,Yeon Lin Steel Bow (Imperial),Archer,Bow,G45,40,8,PDMax,200,||||1|100|50|79|200|||65
398,Yeon Lin Steel Bow (Imperial),Archer,Bow,G45,40,11,OTP,65,||||1|100|50|79|200|||65
399,Joong Bang Chairpersons WhiteStick (Imperial),Magician,Stick,G45,40,1,Health,2,|2||||150||85|97|138|181|57
399,Joong Bang Chairpersons WhiteStick (Imperial),Magician,Stick,G45,40,5,HP,150,|2||||150||85|97|138|181|57
399,Joong Bang Chairpersons WhiteStick (Imperial),Magician,Stick,G45,40,7,PDMin,85,|2||||150||85|97|138|181|57
399,Joong Bang Chairpersons WhiteStick (Imperial),Magician,Stick,G45,40,8,PDMax,97,|2||||150||85|97|138|181|57
399,Joong Bang Chairpersons WhiteStick (Imperial),Magician,Stick,G45,40,9,MDMin,138,|2||||150||85|97|138|181|57
399,Joong Bang Chairpersons WhiteStick (Imperial),Magician,Stick,G45,40,10,MDMax,181,|2||||150||85|97|138|181|57
399,Joong Bang Chairpersons WhiteStick (Imperial),Magician,Stick,G45,40,11,OTP,57,|2||||150||85|97|138|181|57
400,Savage Tribes Tiger Teeth Sword (Imperial),Knight,Sw.1H,G48,45,0,Strength,2,2|||||150||133|223|||64
400,Savage Tribes Tiger Teeth Sword (Imperial),Knight,Sw.1H,G48,45,5,HP,150,2|||||150||133|223|||64
400,Savage Tribes Tiger Teeth Sword (Imperial),Knight,Sw.1H,G48,45,7,PDMin,133,2|||||150||133|223|||64
400,Savage Tribes Tiger Teeth Sword (Imperial),Knight,Sw.1H,G48,45,8,PDMax,223,2|||||150||133|223|||64
400,Savage Tribes Tiger Teeth Sword (Imperial),Knight,Sw.1H,G48,45,11,OTP,64,2|||||150||133|223|||64
401,Savage Tribes Blue ChulTae Bow (Imperial),Archer,Bow,G48,45,4,Agility,2,||||2|100|50|117|216|||66
401,Savage Tribes Blue ChulTae Bow (Imperial),Archer,Bow,G48,45,5,HP,100,||||2|100|50|117|216|||66
401,Savage Tribes Blue ChulTae Bow (Imperial),Archer,Bow,G48,45,6,MP,50,||||2|100|50|117|216|||66
401,Savage Tribes Blue ChulTae Bow (Imperial),Archer,Bow,G48,45,7,PDMin,117,||||2|100|50|117|216|||66
401,Savage Tribes Blue ChulTae Bow (Imperial),Archer,Bow,G48,45,8,PDMax,216,||||2|100|50|117|216|||66
401,Savage Tribes Blue ChulTae Bow (Imperial),Archer,Bow,G48,45,11,OTP,66,||||2|100|50|117|216|||66
402,Savage Tribes Grand Stick (Imperial),Magician,Stick,G48,45,2,Intelligence,2,||2||||150|89|112|116|264|57
402,Savage Tribes Grand Stick (Imperial),Magician,Stick,G48,45,6,MP,150,||2||||150|89|112|116|264|57
402,Savage Tribes Grand Stick (Imperial),Magician,Stick,G48,45,7,PDMin,89,||2||||150|89|112|116|264|57
402,Savage Tribes Grand Stick (Imperial),Magician,Stick,G48,45,8,PDMax,112,||2||||150|89|112|116|264|57
402,Savage Tribes Grand Stick (Imperial),Magician,Stick,G48,45,9,MDMin,116,||2||||150|89|112|116|264|57
402,Savage Tribes Grand Stick (Imperial),Magician,Stick,G48,45,10,MDMax,264,||2||||150|89|112|116|264|57
402,Savage Tribes Grand Stick (Imperial),Magician,Stick,G48,45,11,OTP,57,||2||||150|89|112|116|264|57
403,Black Golden Tresure Sword (Imperial),Knight,Sw.1H,G50,50,0,Strength,1,1|2|||1|100|50|145|189|||76
403,Black Golden Tresure Sword (Imperial),Knight,Sw.1H,G50,50,1,Health,2,1|2|||1|100|50|145|189|||76
403,Black Golden Tresure Sword (Imperial),Knight,Sw.1H,G50,50,4,Agility,1,1|2|||1|100|50|145|189|||76
403,Black Golden Tresure Sword (Imperial),Knight,Sw.1H,G50,50,5,HP,100,1|2|||1|100|50|145|189|||76
403,Black Golden Tresure Sword (Imperial),Knight,Sw.1H,G50,50,6,MP,50,1|2|||1|100|50|145|189|||76
403,Black Golden Tresure Sword (Imperial),Knight,Sw.1H,G50,50,7,PDMin,145,1|2|||1|100|50|145|189|||76
403,Black Golden Tresure Sword (Imperial),Knight,Sw.1H,G50,50,8,PDMax,189,1|2|||1|100|50|145|189|||76
403,Black Golden Tresure Sword (Imperial),Knight,Sw.1H,G50,50,11,OTP,76,1|2|||1|100|50|145|189|||76
404,Butterfly-Shaped Giant Sword (Imperial),Knight,Sw.2H,G50,50,0,Strength,2,2|||||100||363|454|||74
404,Butterfly-Shaped Giant Sword (Imperial),Knight,Sw.2H,G50,50,5,HP,100,2|||||100||363|454|||74
404,Butterfly-Shaped Giant Sword (Imperial),Knight,Sw.2H,G50,50,7,PDMin,363,2|||||100||363|454|||74
404,Butterfly-Shaped Giant Sword (Imperial),Knight,Sw.2H,G50,50,8,PDMax,454,2|||||100||363|454|||74
404,Butterfly-Shaped Giant Sword (Imperial),Knight,Sw.2H,G50,50,11,OTP,74,2|||||100||363|454|||74
405,Steel Bow with Crow Feather (Imperial),Archer,Bow,G50,50,4,Agility,3,||||3|100|50|139|216|||68
405,Steel Bow with Crow Feather (Imperial),Archer,Bow,G50,50,5,HP,100,||||3|100|50|139|216|||68
405,Steel Bow with Crow Feather (Imperial),Archer,Bow,G50,50,6,MP,50,||||3|100|50|139|216|||68
405,Steel Bow with Crow Feather (Imperial),Archer,Bow,G50,50,7,PDMin,139,||||3|100|50|139|216|||68
405,Steel Bow with Crow Feather (Imperial),Archer,Bow,G50,50,8,PDMax,216,||||3|100|50|139|216|||68
405,Steel Bow with Crow Feather (Imperial),Archer,Bow,G50,50,11,OTP,68,||||3|100|50|139|216|||68
406,Stick with Blue Crows Feather (Imperial),Magician,Stick,G50,50,2,Intelligence,3,||3||||150|96|123|132|264|60
406,Stick with Blue Crows Feather (Imperial),Magician,Stick,G50,50,6,MP,150,||3||||150|96|123|132|264|60
406,Stick with Blue Crows Feather (Imperial),Magician,Stick,G50,50,7,PDMin,96,||3||||150|96|123|132|264|60
406,Stick with Blue Crows Feather (Imperial),Magician,Stick,G50,50,8,PDMax,123,||3||||150|96|123|132|264|60
406,Stick with Blue Crows Feather (Imperial),Magician,Stick,G50,50,9,MDMin,132,||3||||150|96|123|132|264|60
406,Stick with Blue Crows Feather (Imperial),Magician,Stick,G50,50,10,MDMax,264,||3||||150|96|123|132|264|60
406,Stick with Blue Crows Feather (Imperial),Magician,Stick,G50,50,11,OTP,60,||3||||150|96|123|132|264|60
407,Diamond Sword of Pain (Imperial),Knight,Sw.1H,G53,53,0,Strength,4,4|||||150||200|244|||70
407,Diamond Sword of Pain (Imperial),Knight,Sw.1H,G53,53,5,HP,150,4|||||150||200|244|||70
407,Diamond Sword of Pain (Imperial),Knight,Sw.1H,G53,53,7,PDMin,200,4|||||150||200|244|||70
407,Diamond Sword of Pain (Imperial),Knight,Sw.1H,G53,53,8,PDMax,244,4|||||150||200|244|||70
407,Diamond Sword of Pain (Imperial),Knight,Sw.1H,G53,53,11,OTP,70,4|||||150||200|244|||70
408,Diamond Giant Sword of Pain (Imperial),Knight,Sw.2H,G53,53,0,Strength,5,5|||||100||484|575|||68
408,Diamond Giant Sword of Pain (Imperial),Knight,Sw.2H,G53,53,5,HP,100,5|||||100||484|575|||68
408,Diamond Giant Sword of Pain (Imperial),Knight,Sw.2H,G53,53,7,PDMin,484,5|||||100||484|575|||68
408,Diamond Giant Sword of Pain (Imperial),Knight,Sw.2H,G53,53,8,PDMax,575,5|||||100||484|575|||68
408,Diamond Giant Sword of Pain (Imperial),Knight,Sw.2H,G53,53,11,OTP,68,5|||||100||484|575|||68
409,Diamond Bow of Phantom (Imperial),Archer,Bow,G53,53,0,Strength,2,2||||3|100||128|205|||74
409,Diamond Bow of Phantom (Imperial),Archer,Bow,G53,53,4,Agility,3,2||||3|100||128|205|||74
409,Diamond Bow of Phantom (Imperial),Archer,Bow,G53,53,5,HP,100,2||||3|100||128|205|||74
409,Diamond Bow of Phantom (Imperial),Archer,Bow,G53,53,7,PDMin,128,2||||3|100||128|205|||74
409,Diamond Bow of Phantom (Imperial),Archer,Bow,G53,53,8,PDMax,205,2||||3|100||128|205|||74
409,Diamond Bow of Phantom (Imperial),Archer,Bow,G53,53,11,OTP,74,2||||3|100||128|205|||74
410,Diamond Stick of Pain (Imperial),Magician,Stick,G53,53,2,Intelligence,4,||4||||200|144|155|187|286|62
410,Diamond Stick of Pain (Imperial),Magician,Stick,G53,53,6,MP,200,||4||||200|144|155|187|286|62
410,Diamond Stick of Pain (Imperial),Magician,Stick,G53,53,7,PDMin,144,||4||||200|144|155|187|286|62
410,Diamond Stick of Pain (Imperial),Magician,Stick,G53,53,8,PDMax,155,||4||||200|144|155|187|286|62
410,Diamond Stick of Pain (Imperial),Magician,Stick,G53,53,9,MDMin,187,||4||||200|144|155|187|286|62
410,Diamond Stick of Pain (Imperial),Magician,Stick,G53,53,10,MDMax,286,||4||||200|144|155|187|286|62
410,Diamond Stick of Pain (Imperial),Magician,Stick,G53,53,11,OTP,62,||4||||200|144|155|187|286|62
411,Generals Treasure Sword (Imperial),Knight,Sw.1H,G56,56,0,Strength,4,4|1||||200||222|266|||73
411,Generals Treasure Sword (Imperial),Knight,Sw.1H,G56,56,1,Health,1,4|1||||200||222|266|||73
411,Generals Treasure Sword (Imperial),Knight,Sw.1H,G56,56,5,HP,200,4|1||||200||222|266|||73
411,Generals Treasure Sword (Imperial),Knight,Sw.1H,G56,56,7,PDMin,222,4|1||||200||222|266|||73
411,Generals Treasure Sword (Imperial),Knight,Sw.1H,G56,56,8,PDMax,266,4|1||||200||222|266|||73
411,Generals Treasure Sword (Imperial),Knight,Sw.1H,G56,56,11,OTP,73,4|1||||200||222|266|||73
412,Generals Giant Sword (Imperial),Knight,Sw.2H,G56,56,0,Strength,6,6|||||150||517|585|||71
412,Generals Giant Sword (Imperial),Knight,Sw.2H,G56,56,5,HP,150,6|||||150||517|585|||71
412,Generals Giant Sword (Imperial),Knight,Sw.2H,G56,56,7,PDMin,517,6|||||150||517|585|||71
412,Generals Giant Sword (Imperial),Knight,Sw.2H,G56,56,8,PDMax,585,6|||||150||517|585|||71
412,Generals Giant Sword (Imperial),Knight,Sw.2H,G56,56,11,OTP,71,6|||||150||517|585|||71
413,General of Ancient Tribal Macs Bow (Imperial),Archer,Bow,G56,56,0,Strength,1,1||||4|150|50|189|255|||72
413,General of Ancient Tribal Macs Bow (Imperial),Archer,Bow,G56,56,4,Agility,4,1||||4|150|50|189|255|||72
413,General of Ancient Tribal Macs Bow (Imperial),Archer,Bow,G56,56,5,HP,150,1||||4|150|50|189|255|||72
413,General of Ancient Tribal Macs Bow (Imperial),Archer,Bow,G56,56,6,MP,50,1||||4|150|50|189|255|||72
413,General of Ancient Tribal Macs Bow (Imperial),Archer,Bow,G56,56,7,PDMin,189,1||||4|150|50|189|255|||72
413,General of Ancient Tribal Macs Bow (Imperial),Archer,Bow,G56,56,8,PDMax,255,1||||4|150|50|189|255|||72
413,General of Ancient Tribal Macs Bow (Imperial),Archer,Bow,G56,56,11,OTP,72,1||||4|150|50|189|255|||72
414,Generals Stick (Imperial),Magician,Stick,G56,56,2,Intelligence,5,||5||||250|165|176|242|330|64
414,Generals Stick (Imperial),Magician,Stick,G56,56,6,MP,250,||5||||250|165|176|242|330|64
414,Generals Stick (Imperial),Magician,Stick,G56,56,7,PDMin,165,||5||||250|165|176|242|330|64
414,Generals Stick (Imperial),Magician,Stick,G56,56,8,PDMax,176,||5||||250|165|176|242|330|64
414,Generals Stick (Imperial),Magician,Stick,G56,56,9,MDMin,242,||5||||250|165|176|242|330|64
414,Generals Stick (Imperial),Magician,Stick,G56,56,10,MDMax,330,||5||||250|165|176|242|330|64
414,Generals Stick (Imperial),Magician,Stick,G56,56,11,OTP,64,||5||||250|165|176|242|330|64
415,Treasure Sword of High Class Doggebi (Imperial),Knight,Sw.1H,G59,59,0,Strength,6,6|2||||300||269|330|||76
415,Treasure Sword of High Class Doggebi (Imperial),Knight,Sw.1H,G59,59,1,Health,2,6|2||||300||269|330|||76
415,Treasure Sword of High Class Doggebi (Imperial),Knight,Sw.1H,G59,59,5,HP,300,6|2||||300||269|330|||76
415,Treasure Sword of High Class Doggebi (Imperial),Knight,Sw.1H,G59,59,7,PDMin,269,6|2||||300||269|330|||76
415,Treasure Sword of High Class Doggebi (Imperial),Knight,Sw.1H,G59,59,8,PDMax,330,6|2||||300||269|330|||76
415,Treasure Sword of High Class Doggebi (Imperial),Knight,Sw.1H,G59,59,11,OTP,76,6|2||||300||269|330|||76
416,Giant Sword of High Class Doggebi (Imperial),Knight,Sw.2H,G59,59,0,Strength,8,8|||||250||539|627|||74
416,Giant Sword of High Class Doggebi (Imperial),Knight,Sw.2H,G59,59,5,HP,250,8|||||250||539|627|||74
416,Giant Sword of High Class Doggebi (Imperial),Knight,Sw.2H,G59,59,7,PDMin,539,8|||||250||539|627|||74
416,Giant Sword of High Class Doggebi (Imperial),Knight,Sw.2H,G59,59,8,PDMax,627,8|||||250||539|627|||74
416,Giant Sword of High Class Doggebi (Imperial),Knight,Sw.2H,G59,59,11,OTP,74,8|||||250||539|627|||74
417,Bow of High Class Doggebi (Imperial),Archer,Bow,G59,59,0,Strength,4,4||||4|250||247|302|||75
417,Bow of High Class Doggebi (Imperial),Archer,Bow,G59,59,4,Agility,4,4||||4|250||247|302|||75
417,Bow of High Class Doggebi (Imperial),Archer,Bow,G59,59,5,HP,250,4||||4|250||247|302|||75
417,Bow of High Class Doggebi (Imperial),Archer,Bow,G59,59,7,PDMin,247,4||||4|250||247|302|||75
417,Bow of High Class Doggebi (Imperial),Archer,Bow,G59,59,8,PDMax,302,4||||4|250||247|302|||75
417,Bow of High Class Doggebi (Imperial),Archer,Bow,G59,59,11,OTP,75,4||||4|250||247|302|||75
418,Stick of High Class Doggebi (Imperial),Magician,Stick,G59,59,2,Intelligence,8,||8||||300|185|196|319|418|67
418,Stick of High Class Doggebi (Imperial),Magician,Stick,G59,59,6,MP,300,||8||||300|185|196|319|418|67
418,Stick of High Class Doggebi (Imperial),Magician,Stick,G59,59,7,PDMin,185,||8||||300|185|196|319|418|67
418,Stick of High Class Doggebi (Imperial),Magician,Stick,G59,59,8,PDMax,196,||8||||300|185|196|319|418|67
418,Stick of High Class Doggebi (Imperial),Magician,Stick,G59,59,9,MDMin,319,||8||||300|185|196|319|418|67
418,Stick of High Class Doggebi (Imperial),Magician,Stick,G59,59,10,MDMax,418,||8||||300|185|196|319|418|67
418,Stick of High Class Doggebi (Imperial),Magician,Stick,G59,59,11,OTP,67,||8||||300|185|196|319|418|67
419,Golden Sword (Imperial),Knight,Sw.1H,G62,60,0,Strength,5,5|4|||1|450||330|407|||83
419,Golden Sword (Imperial),Knight,Sw.1H,G62,60,1,Health,4,5|4|||1|450||330|407|||83
419,Golden Sword (Imperial),Knight,Sw.1H,G62,60,4,Agility,1,5|4|||1|450||330|407|||83
419,Golden Sword (Imperial),Knight,Sw.1H,G62,60,5,HP,450,5|4|||1|450||330|407|||83
419,Golden Sword (Imperial),Knight,Sw.1H,G62,60,7,PDMin,330,5|4|||1|450||330|407|||83
419,Golden Sword (Imperial),Knight,Sw.1H,G62,60,8,PDMax,407,5|4|||1|450||330|407|||83
419,Golden Sword (Imperial),Knight,Sw.1H,G62,60,11,OTP,83,5|4|||1|450||330|407|||83
420,Golden Giant Sword (Imperial),Knight,Sw.2H,G62,60,0,Strength,7,7|3||||400||615|686|||82
420,Golden Giant Sword (Imperial),Knight,Sw.2H,G62,60,1,Health,3,7|3||||400||615|686|||82
420,Golden Giant Sword (Imperial),Knight,Sw.2H,G62,60,5,HP,400,7|3||||400||615|686|||82
420,Golden Giant Sword (Imperial),Knight,Sw.2H,G62,60,7,PDMin,615,7|3||||400||615|686|||82
420,Golden Giant Sword (Imperial),Knight,Sw.2H,G62,60,8,PDMax,686,7|3||||400||615|686|||82
420,Golden Giant Sword (Imperial),Knight,Sw.2H,G62,60,11,OTP,82,7|3||||400||615|686|||82
421,Golden Bow (Imperial),Archer,Bow,G62,60,0,Strength,1,1|2|||7|400||308|396|||81
421,Golden Bow (Imperial),Archer,Bow,G62,60,1,Health,2,1|2|||7|400||308|396|||81
421,Golden Bow (Imperial),Archer,Bow,G62,60,4,Agility,7,1|2|||7|400||308|396|||81
421,Golden Bow (Imperial),Archer,Bow,G62,60,5,HP,400,1|2|||7|400||308|396|||81
421,Golden Bow (Imperial),Archer,Bow,G62,60,7,PDMin,308,1|2|||7|400||308|396|||81
421,Golden Bow (Imperial),Archer,Bow,G62,60,8,PDMax,396,1|2|||7|400||308|396|||81
421,Golden Bow (Imperial),Archer,Bow,G62,60,11,OTP,81,1|2|||7|400||308|396|||81
422,Golden Stick (Imperial),Magician,Stick,G62,60,2,Intelligence,7,||7|3||250|150|207|218|385|462|72
422,Golden Stick (Imperial),Magician,Stick,G62,60,3,Wisdom,3,||7|3||250|150|207|218|385|462|72
422,Golden Stick (Imperial),Magician,Stick,G62,60,5,HP,250,||7|3||250|150|207|218|385|462|72
422,Golden Stick (Imperial),Magician,Stick,G62,60,6,MP,150,||7|3||250|150|207|218|385|462|72
422,Golden Stick (Imperial),Magician,Stick,G62,60,7,PDMin,207,||7|3||250|150|207|218|385|462|72
422,Golden Stick (Imperial),Magician,Stick,G62,60,8,PDMax,218,||7|3||250|150|207|218|385|462|72
422,Golden Stick (Imperial),Magician,Stick,G62,60,9,MDMin,385,||7|3||250|150|207|218|385|462|72
422,Golden Stick (Imperial),Magician,Stick,G62,60,10,MDMax,462,||7|3||250|150|207|218|385|462|72
422,Golden Stick (Imperial),Magician,Stick,G62,60,11,OTP,72,||7|3||250|150|207|218|385|462|72
423,Stone of Shadow,,Stone,,0,0,Strength,2,"2||2||2|20||||||||||||||,3||3||3|50||||||||||||||"
423,Stone of Shadow,,Stone,,0,2,Intelligence,2,"2||2||2|20||||||||||||||,3||3||3|50||||||||||||||"
423,Stone of Shadow,,Stone,,0,4,Agility,2,"2||2||2|20||||||||||||||,3||3||3|50||||||||||||||"
423,Stone of Shadow,,Stone,,0,5,HP,20,"2||2||2|20||||||||||||||,3||3||3|50||||||||||||||"
423,Stone of Shadow,,Stone,,0,19,Curse,",3","2||2||2|20||||||||||||||,3||3||3|50||||||||||||||"
423,Stone of Shadow,,Stone,,0,21,Ice dmg,3,"2||2||2|20||||||||||||||,3||3||3|50||||||||||||||"
423,Stone of Shadow,,Stone,,0,23,Poison dmg,3,"2||2||2|20||||||||||||||,3||3||3|50||||||||||||||"
423,Stone of Shadow,,Stone,,0,24,Paralyzis,50,"2||2||2|20||||||||||||||,3||3||3|50||||||||||||||"
424,Stone of Holy,,Stone,,0,1,Health,2,"|2||2|||20|||||||||||||,|5||5|||50|||||||||||||"
424,Stone of Holy,,Stone,,0,3,Wisdom,2,"|2||2|||20|||||||||||||,|5||5|||50|||||||||||||"
424,Stone of Holy,,Stone,,0,6,MP,20,"|2||2|||20|||||||||||||,|5||5|||50|||||||||||||"
424,Stone of Holy,,Stone,,0,19,Curse,",","|2||2|||20|||||||||||||,|5||5|||50|||||||||||||"
424,Stone of Holy,,Stone,,0,20,Flame dmg,5,"|2||2|||20|||||||||||||,|5||5|||50|||||||||||||"
424,Stone of Holy,,Stone,,0,22,Lightning dmg,5,"|2||2|||20|||||||||||||,|5||5|||50|||||||||||||"
424,Stone of Holy,,Stone,,0,25,HP%,50,"|2||2|||20|||||||||||||,|5||5|||50|||||||||||||"
425,Stone of Flame,,Stone,,0,20,Flame dmg,5,"||||||||||||||||||||5|||||||,||||||||||||||||||||10|||||||"
425,Stone of Flame,,Stone,,0,27,slot27,",","||||||||||||||||||||5|||||||,||||||||||||||||||||10|||||||"
425,Stone of Flame,,Stone,,0,47,slot47,10,"||||||||||||||||||||5|||||||,||||||||||||||||||||10|||||||"
427,Stone of Lightening,,Stone,,0,22,Lightning dmg,5,"||||||||||||||||||||||5|||-10||,||||||||||||||||||||||10|||-10||"
427,Stone of Lightening,,Stone,,0,25,HP%,-10,"||||||||||||||||||||||5|||-10||,||||||||||||||||||||||10|||-10||"
427,Stone of Lightening,,Stone,,0,27,slot27,",","||||||||||||||||||||||5|||-10||,||||||||||||||||||||||10|||-10||"
427,Stone of Lightening,,Stone,,0,49,slot49,10,"||||||||||||||||||||||5|||-10||,||||||||||||||||||||||10|||-10||"
427,Stone of Lightening,,Stone,,0,52,slot52,-10,"||||||||||||||||||||||5|||-10||,||||||||||||||||||||||10|||-10||"
428,Stone of Poison,,Stone,,0,23,Poison dmg,5,"|||||||||||||||||||||||5||||,|||||||||||||||||||||||10||||"
428,Stone of Poison,,Stone,,0,27,slot27,",","|||||||||||||||||||||||5||||,|||||||||||||||||||||||10||||"
428,Stone of Poison,,Stone,,0,50,slot50,10,"|||||||||||||||||||||||5||||,|||||||||||||||||||||||10||||"
429,Stone of Paralyzis,,Stone,,0,24,Paralyzis,5,"||||||||||||||||||||||||5|||,||||||||||||||||||||||||10|||"
429,Stone of Paralyzis,,Stone,,0,27,slot27,",","||||||||||||||||||||||||5|||,||||||||||||||||||||||||10|||"
429,Stone of Paralyzis,,Stone,,0,51,slot51,10,"||||||||||||||||||||||||5|||,||||||||||||||||||||||||10|||"
430,Stone of Strength,,Stone,,0,26,Mana%,10,"||||||||||||||||||||||||||10|-5,||||||||||||||||||||||||||20|-10"
430,Stone of Strength,,Stone,,0,27,slot27,"-5,","||||||||||||||||||||||||||10|-5,||||||||||||||||||||||||||20|-10"
430,Stone of Strength,,Stone,,0,53,slot53,20,"||||||||||||||||||||||||||10|-5,||||||||||||||||||||||||||20|-10"
430,Stone of Strength,,Stone,,0,54,slot54,-10,"||||||||||||||||||||||||||10|-5,||||||||||||||||||||||||||20|-10"
431,Stone of Skill,,Stone,,0,26,Mana%,-5,"||||||||||||||||||||||||||-5|10,||||||||||||||||||||||||||-10|20"
431,Stone of Skill,,Stone,,0,27,slot27,"10,","||||||||||||||||||||||||||-5|10,||||||||||||||||||||||||||-10|20"
431,Stone of Skill,,Stone,,0,53,slot53,-10,"||||||||||||||||||||||||||-5|10,||||||||||||||||||||||||||-10|20"
431,Stone of Skill,,Stone,,0,54,slot54,20,"||||||||||||||||||||||||||-5|10,||||||||||||||||||||||||||-10|20"
432,Stone of Mystery,,Stone,,0,28,slot28,",","||||||||||||||||||||||||||||,||||||||||||||||||||||||||||,|||||||50|50|50|50|||||||||"
432,Stone of Mystery,,Stone,,0,56,slot56,",","||||||||||||||||||||||||||||,||||||||||||||||||||||||||||,|||||||50|50|50|50|||||||||"
432,Stone of Mystery,,Stone,,0,63,slot63,50,"||||||||||||||||||||||||||||,||||||||||||||||||||||||||||,|||||||50|50|50|50|||||||||"
432,Stone of Mystery,,Stone,,0,64,slot64,50,"||||||||||||||||||||||||||||,||||||||||||||||||||||||||||,|||||||50|50|50|50|||||||||"
432,Stone of Mystery,,Stone,,0,65,slot65,50,"||||||||||||||||||||||||||||,||||||||||||||||||||||||||||,|||||||50|50|50|50|||||||||"
432,Stone of Mystery,,Stone,,0,66,slot66,50,"||||||||||||||||||||||||||||,||||||||||||||||||||||||||||,|||||||50|50|50|50|||||||||"
433,Stone of Demons Blood,,Stone,,0,28,slot28,",","||||||||||||||||||||||||||||,||||||||||||||||||||||||||||,6|10|6|10|6|50|50|||||||||||||"
433,Stone of Demons Blood,,Stone,,0,56,slot56,",6","||||||||||||||||||||||||||||,||||||||||||||||||||||||||||,6|10|6|10|6|50|50|||||||||||||"
433,Stone of Demons Blood,,Stone,,0,57,slot57,10,"||||||||||||||||||||||||||||,||||||||||||||||||||||||||||,6|10|6|10|6|50|50|||||||||||||"
433,Stone of Demons Blood,,Stone,,0,58,slot58,6,"||||||||||||||||||||||||||||,||||||||||||||||||||||||||||,6|10|6|10|6|50|50|||||||||||||"
433,Stone of Demons Blood,,Stone,,0,59,slot59,10,"||||||||||||||||||||||||||||,||||||||||||||||||||||||||||,6|10|6|10|6|50|50|||||||||||||"
433,Stone of Demons Blood,,Stone,,0,60,slot60,6,"||||||||||||||||||||||||||||,||||||||||||||||||||||||||||,6|10|6|10|6|50|50|||||||||||||"
433,Stone of Demons Blood,,Stone,,0,61,slot61,50,"||||||||||||||||||||||||||||,||||||||||||||||||||||||||||,6|10|6|10|6|50|50|||||||||||||"
433,Stone of Demons Blood,,Stone,,0,62,slot62,50,"||||||||||||||||||||||||||||,||||||||||||||||||||||||||||,6|10|6|10|6|50|50|||||||||||||"
434,Ghost Shaped Steel Shield,Knight,Shield,G55,55,12,Evasion,9,||||||||||||9|27|1
434,Ghost Shaped Steel Shield,Knight,Shield,G55,55,13,Defense,27,||||||||||||9|27|1
434,Ghost Shaped Steel Shield,Knight,Shield,G55,55,14,Absorb,1,||||||||||||9|27|1
467,Golden Armor,Archer,All,G60,56,0,Strength,7,7|8|||6||||||||137|201|16
467,Golden Armor,Archer,All,G60,56,1,Health,8,7|8|||6||||||||137|201|16
467,Golden Armor,Archer,All,G60,56,4,Agility,6,7|8|||6||||||||137|201|16
467,Golden Armor,Archer,All,G60,56,12,Evasion,137,7|8|||6||||||||137|201|16
467,Golden Armor,Archer,All,G60,56,13,Defense,201,7|8|||6||||||||137|201|16
467,Golden Armor,Archer,All,G60,56,14,Absorb,16,7|8|||6||||||||137|201|16
468,Golden Armor,Archer,Armor,G60,60,0,Strength,2,2|3|||4||||||||22|62|5
468,Golden Armor,Archer,Armor,G60,60,1,Health,3,2|3|||4||||||||22|62|5
468,Golden Armor,Archer,Armor,G60,60,4,Agility,4,2|3|||4||||||||22|62|5
468,Golden Armor,Archer,Armor,G60,60,12,Evasion,22,2|3|||4||||||||22|62|5
468,Golden Armor,Archer,Armor,G60,60,13,Defense,62,2|3|||4||||||||22|62|5
468,Golden Armor,Archer,Armor,G60,60,14,Absorb,5,2|3|||4||||||||22|62|5
469,Golden Boots,Archer,Boots,G60,57,1,Health,1,|1|||2||||||||42|36|2
469,Golden Boots,Archer,Boots,G60,57,4,Agility,2,|1|||2||||||||42|36|2
469,Golden Boots,Archer,Boots,G60,57,12,Evasion,42,|1|||2||||||||42|36|2
469,Golden Boots,Archer,Boots,G60,57,13,Defense,36,|1|||2||||||||42|36|2
469,Golden Boots,Archer,Boots,G60,57,14,Absorb,2,|1|||2||||||||42|36|2
470,Golden Gloves,Archer,Gloves,G60,56,0,Strength,3,3||||||||||||13|38|3
470,Golden Gloves,Archer,Gloves,G60,56,12,Evasion,13,3||||||||||||13|38|3
470,Golden Gloves,Archer,Gloves,G60,56,13,Defense,38,3||||||||||||13|38|3
470,Golden Gloves,Archer,Gloves,G60,56,14,Absorb,3,3||||||||||||13|38|3
471,Golden Helmet,Archer,Helmet,G60,58,0,Strength,1,1|2|||||||||||14|40|3
471,Golden Helmet,Archer,Helmet,G60,58,1,Health,2,1|2|||||||||||14|40|3
471,Golden Helmet,Archer,Helmet,G60,58,12,Evasion,14,1|2|||||||||||14|40|3
471,Golden Helmet,Archer,Helmet,G60,58,13,Defense,40,1|2|||||||||||14|40|3
471,Golden Helmet,Archer,Helmet,G60,58,14,Absorb,3,1|2|||||||||||14|40|3
472,Golden Shorts,Archer,Shorts,G60,59,0,Strength,1,1|2|||||||||||46|25|3
472,Golden Shorts,Archer,Shorts,G60,59,1,Health,2,1|2|||||||||||46|25|3
472,Golden Shorts,Archer,Shorts,G60,59,12,Evasion,46,1|2|||||||||||46|25|3
472,Golden Shorts,Archer,Shorts,G60,59,13,Defense,25,1|2|||||||||||46|25|3
472,Golden Shorts,Archer,Shorts,G60,59,14,Absorb,3,1|2|||||||||||46|25|3
473,Golden Scaled Armor,Knight,All,G60,56,0,Strength,12,12|7|||2||||||||89|262|22
473,Golden Scaled Armor,Knight,All,G60,56,1,Health,7,12|7|||2||||||||89|262|22
473,Golden Scaled Armor,Knight,All,G60,56,4,Agility,2,12|7|||2||||||||89|262|22
473,Golden Scaled Armor,Knight,All,G60,56,12,Evasion,89,12|7|||2||||||||89|262|22
473,Golden Scaled Armor,Knight,All,G60,56,13,Defense,262,12|7|||2||||||||89|262|22
473,Golden Scaled Armor,Knight,All,G60,56,14,Absorb,22,12|7|||2||||||||89|262|22
474,Golden Scaled Armor,Knight,Armor,G60,60,0,Strength,6,6|3|||||||||||21|60|7
474,Golden Scaled Armor,Knight,Armor,G60,60,1,Health,3,6|3|||||||||||21|60|7
474,Golden Scaled Armor,Knight,Armor,G60,60,12,Evasion,21,6|3|||||||||||21|60|7
474,Golden Scaled Armor,Knight,Armor,G60,60,13,Defense,60,6|3|||||||||||21|60|7
474,Golden Scaled Armor,Knight,Armor,G60,60,14,Absorb,7,6|3|||||||||||21|60|7
475,Golden Scaled Armor Boots,Knight,Boots,G60,57,1,Health,1,|1|||2||||||||23|45|3
475,Golden Scaled Armor Boots,Knight,Boots,G60,57,4,Agility,2,|1|||2||||||||23|45|3
475,Golden Scaled Armor Boots,Knight,Boots,G60,57,12,Evasion,23,|1|||2||||||||23|45|3
475,Golden Scaled Armor Boots,Knight,Boots,G60,57,13,Defense,45,|1|||2||||||||23|45|3
475,Golden Scaled Armor Boots,Knight,Boots,G60,57,14,Absorb,3,|1|||2||||||||23|45|3
476,Golden Scaled Armor Gloves,Knight,Gloves,G60,56,0,Strength,3,3||||||||||||10|59|3
476,Golden Scaled Armor Gloves,Knight,Gloves,G60,56,12,Evasion,10,3||||||||||||10|59|3
476,Golden Scaled Armor Gloves,Knight,Gloves,G60,56,13,Defense,59,3||||||||||||10|59|3
476,Golden Scaled Armor Gloves,Knight,Gloves,G60,56,14,Absorb,3,3||||||||||||10|59|3
477,Golden Scaled Armor Helmet,Knight,Helmet,G60,58,0,Strength,1,1|2|||||||||||13|58|4
477,Golden Scaled Armor Helmet,Knight,Helmet,G60,58,1,Health,2,1|2|||||||||||13|58|4
477,Golden Scaled Armor Helmet,Knight,Helmet,G60,58,12,Evasion,13,1|2|||||||||||13|58|4
477,Golden Scaled Armor Helmet,Knight,Helmet,G60,58,13,Defense,58,1|2|||||||||||13|58|4
477,Golden Scaled Armor Helmet,Knight,Helmet,G60,58,14,Absorb,4,1|2|||||||||||13|58|4
478,Golden Scaled Armor Shorts,Knight,Shorts,G60,59,0,Strength,1,1|2|||||||||||23|40|5
478,Golden Scaled Armor Shorts,Knight,Shorts,G60,59,1,Health,2,1|2|||||||||||23|40|5
478,Golden Scaled Armor Shorts,Knight,Shorts,G60,59,12,Evasion,23,1|2|||||||||||23|40|5
478,Golden Scaled Armor Shorts,Knight,Shorts,G60,59,13,Defense,40,1|2|||||||||||23|40|5
478,Golden Scaled Armor Shorts,Knight,Shorts,G60,59,14,Absorb,5,1|2|||||||||||23|40|5
479,Golden DaeChangEau,Magician,All,G60,56,1,Health,7,|7|10|4|||||||||123|169|0|29|29|29|22|22
479,Golden DaeChangEau,Magician,All,G60,56,2,Intelligence,10,|7|10|4|||||||||123|169|0|29|29|29|22|22
479,Golden DaeChangEau,Magician,All,G60,56,3,Wisdom,4,|7|10|4|||||||||123|169|0|29|29|29|22|22
479,Golden DaeChangEau,Magician,All,G60,56,12,Evasion,123,|7|10|4|||||||||123|169|0|29|29|29|22|22
479,Golden DaeChangEau,Magician,All,G60,56,13,Defense,169,|7|10|4|||||||||123|169|0|29|29|29|22|22
479,Golden DaeChangEau,Magician,All,G60,56,14,Absorb,0,|7|10|4|||||||||123|169|0|29|29|29|22|22
479,Golden DaeChangEau,Magician,All,G60,56,15,Fire,29,|7|10|4|||||||||123|169|0|29|29|29|22|22
479,Golden DaeChangEau,Magician,All,G60,56,16,Ice,29,|7|10|4|||||||||123|169|0|29|29|29|22|22
479,Golden DaeChangEau,Magician,All,G60,56,17,Lightening,29,|7|10|4|||||||||123|169|0|29|29|29|22|22
479,Golden DaeChangEau,Magician,All,G60,56,18,NonElemental,22,|7|10|4|||||||||123|169|0|29|29|29|22|22
479,Golden DaeChangEau,Magician,All,G60,56,19,Curse,22,|7|10|4|||||||||123|169|0|29|29|29|22|22
480,Golden DaeChangEau Clothes,Magician,Armor,G60,60,1,Health,3,|3|6||||||||||31|41|0|8|8|8|5|5
480,Golden DaeChangEau Clothes,Magician,Armor,G60,60,2,Intelligence,6,|3|6||||||||||31|41|0|8|8|8|5|5
480,Golden DaeChangEau Clothes,Magician,Armor,G60,60,12,Evasion,31,|3|6||||||||||31|41|0|8|8|8|5|5
480,Golden DaeChangEau Clothes,Magician,Armor,G60,60,13,Defense,41,|3|6||||||||||31|41|0|8|8|8|5|5
480,Golden DaeChangEau Clothes,Magician,Armor,G60,60,14,Absorb,0,|3|6||||||||||31|41|0|8|8|8|5|5
480,Golden DaeChangEau Clothes,Magician,Armor,G60,60,15,Fire,8,|3|6||||||||||31|41|0|8|8|8|5|5
480,Golden DaeChangEau Clothes,Magician,Armor,G60,60,16,Ice,8,|3|6||||||||||31|41|0|8|8|8|5|5
480,Golden DaeChangEau Clothes,Magician,Armor,G60,60,17,Lightening,8,|3|6||||||||||31|41|0|8|8|8|5|5
480,Golden DaeChangEau Clothes,Magician,Armor,G60,60,18,NonElemental,5,|3|6||||||||||31|41|0|8|8|8|5|5
480,Golden DaeChangEau Clothes,Magician,Armor,G60,60,19,Curse,5,|3|6||||||||||31|41|0|8|8|8|5|5
481,Golden DaeChangEau Boots,Magician,Boots,G60,57,2,Intelligence,1,||1|2|||||||||27|38|0|4|4|4|5|5
481,Golden DaeChangEau Boots,Magician,Boots,G60,57,3,Wisdom,2,||1|2|||||||||27|38|0|4|4|4|5|5
481,Golden DaeChangEau Boots,Magician,Boots,G60,57,12,Evasion,27,||1|2|||||||||27|38|0|4|4|4|5|5
481,Golden DaeChangEau Boots,Magician,Boots,G60,57,13,Defense,38,||1|2|||||||||27|38|0|4|4|4|5|5
481,Golden DaeChangEau Boots,Magician,Boots,G60,57,14,Absorb,0,||1|2|||||||||27|38|0|4|4|4|5|5
481,Golden DaeChangEau Boots,Magician,Boots,G60,57,15,Fire,4,||1|2|||||||||27|38|0|4|4|4|5|5
481,Golden DaeChangEau Boots,Magician,Boots,G60,57,16,Ice,4,||1|2|||||||||27|38|0|4|4|4|5|5
481,Golden DaeChangEau Boots,Magician,Boots,G60,57,17,Lightening,4,||1|2|||||||||27|38|0|4|4|4|5|5
481,Golden DaeChangEau Boots,Magician,Boots,G60,57,18,NonElemental,5,||1|2|||||||||27|38|0|4|4|4|5|5
481,Golden DaeChangEau Boots,Magician,Boots,G60,57,19,Curse,5,||1|2|||||||||27|38|0|4|4|4|5|5
482,Golden DaeChangEau Gloves,Magician,Gloves,G60,56,2,Intelligence,1,||1|2|||||||||14|33|0|6|6|6|4|4
482,Golden DaeChangEau Gloves,Magician,Gloves,G60,56,3,Wisdom,2,||1|2|||||||||14|33|0|6|6|6|4|4
482,Golden DaeChangEau Gloves,Magician,Gloves,G60,56,12,Evasion,14,||1|2|||||||||14|33|0|6|6|6|4|4
482,Golden DaeChangEau Gloves,Magician,Gloves,G60,56,13,Defense,33,||1|2|||||||||14|33|0|6|6|6|4|4
482,Golden DaeChangEau Gloves,Magician,Gloves,G60,56,14,Absorb,0,||1|2|||||||||14|33|0|6|6|6|4|4
482,Golden DaeChangEau Gloves,Magician,Gloves,G60,56,15,Fire,6,||1|2|||||||||14|33|0|6|6|6|4|4
482,Golden DaeChangEau Gloves,Magician,Gloves,G60,56,16,Ice,6,||1|2|||||||||14|33|0|6|6|6|4|4
482,Golden DaeChangEau Gloves,Magician,Gloves,G60,56,17,Lightening,6,||1|2|||||||||14|33|0|6|6|6|4|4
482,Golden DaeChangEau Gloves,Magician,Gloves,G60,56,18,NonElemental,4,||1|2|||||||||14|33|0|6|6|6|4|4
482,Golden DaeChangEau Gloves,Magician,Gloves,G60,56,19,Curse,4,||1|2|||||||||14|33|0|6|6|6|4|4
483,Golden DaeChangEau Hair Decoration,Magician,Helmet,G60,58,1,Health,2,|2|1||||||||||16|33|0|7|7|7|4|4
483,Golden DaeChangEau Hair Decoration,Magician,Helmet,G60,58,2,Intelligence,1,|2|1||||||||||16|33|0|7|7|7|4|4
483,Golden DaeChangEau Hair Decoration,Magician,Helmet,G60,58,12,Evasion,16,|2|1||||||||||16|33|0|7|7|7|4|4
483,Golden DaeChangEau Hair Decoration,Magician,Helmet,G60,58,13,Defense,33,|2|1||||||||||16|33|0|7|7|7|4|4
483,Golden DaeChangEau Hair Decoration,Magician,Helmet,G60,58,14,Absorb,0,|2|1||||||||||16|33|0|7|7|7|4|4
483,Golden DaeChangEau Hair Decoration,Magician,Helmet,G60,58,15,Fire,7,|2|1||||||||||16|33|0|7|7|7|4|4
483,Golden DaeChangEau Hair Decoration,Magician,Helmet,G60,58,16,Ice,7,|2|1||||||||||16|33|0|7|7|7|4|4
483,Golden DaeChangEau Hair Decoration,Magician,Helmet,G60,58,17,Lightening,7,|2|1||||||||||16|33|0|7|7|7|4|4
483,Golden DaeChangEau Hair Decoration,Magician,Helmet,G60,58,18,NonElemental,4,|2|1||||||||||16|33|0|7|7|7|4|4
483,Golden DaeChangEau Hair Decoration,Magician,Helmet,G60,58,19,Curse,4,|2|1||||||||||16|33|0|7|7|7|4|4
484,Golden DaeChangEau Shorts,Magician,Shorts,G60,59,1,Health,2,|2|1||||||||||35|29|0|4|4|4|4|4
484,Golden DaeChangEau Shorts,Magician,Shorts,G60,59,2,Intelligence,1,|2|1||||||||||35|29|0|4|4|4|4|4
484,Golden DaeChangEau Shorts,Magician,Shorts,G60,59,12,Evasion,35,|2|1||||||||||35|29|0|4|4|4|4|4
484,Golden DaeChangEau Shorts,Magician,Shorts,G60,59,13,Defense,29,|2|1||||||||||35|29|0|4|4|4|4|4
484,Golden DaeChangEau Shorts,Magician,Shorts,G60,59,14,Absorb,0,|2|1||||||||||35|29|0|4|4|4|4|4
484,Golden DaeChangEau Shorts,Magician,Shorts,G60,59,15,Fire,4,|2|1||||||||||35|29|0|4|4|4|4|4
484,Golden DaeChangEau Shorts,Magician,Shorts,G60,59,16,Ice,4,|2|1||||||||||35|29|0|4|4|4|4|4
484,Golden DaeChangEau Shorts,Magician,Shorts,G60,59,17,Lightening,4,|2|1||||||||||35|29|0|4|4|4|4|4
484,Golden DaeChangEau Shorts,Magician,Shorts,G60,59,18,NonElemental,4,|2|1||||||||||35|29|0|4|4|4|4|4
484,Golden DaeChangEau Shorts,Magician,Shorts,G60,59,19,Curse,4,|2|1||||||||||35|29|0|4|4|4|4|4
485,Dragon Sword of Sky,Knight,Sw.1H,G65,65,0,Strength,6,6|4|||2|550||360|430|||86
485,Dragon Sword of Sky,Knight,Sw.1H,G65,65,1,Health,4,6|4|||2|550||360|430|||86
485,Dragon Sword of Sky,Knight,Sw.1H,G65,65,4,Agility,2,6|4|||2|550||360|430|||86
485,Dragon Sword of Sky,Knight,Sw.1H,G65,65,5,HP,550,6|4|||2|550||360|430|||86
485,Dragon Sword of Sky,Knight,Sw.1H,G65,65,7,PDMin,360,6|4|||2|550||360|430|||86
485,Dragon Sword of Sky,Knight,Sw.1H,G65,65,8,PDMax,430,6|4|||2|550||360|430|||86
485,Dragon Sword of Sky,Knight,Sw.1H,G65,65,11,OTP,86,6|4|||2|550||360|430|||86
486,Dragon Giant Sword of Sky,Knight,Sw.2H,G65,65,0,Strength,9,9|3||||500||600|670|||85
486,Dragon Giant Sword of Sky,Knight,Sw.2H,G65,65,1,Health,3,9|3||||500||600|670|||85
486,Dragon Giant Sword of Sky,Knight,Sw.2H,G65,65,5,HP,500,9|3||||500||600|670|||85
486,Dragon Giant Sword of Sky,Knight,Sw.2H,G65,65,7,PDMin,600,9|3||||500||600|670|||85
486,Dragon Giant Sword of Sky,Knight,Sw.2H,G65,65,8,PDMax,670,9|3||||500||600|670|||85
486,Dragon Giant Sword of Sky,Knight,Sw.2H,G65,65,11,OTP,85,9|3||||500||600|670|||85
487,Dragon Bow of Sky,Archer,Bow,G65,65,0,Strength,1,1|2|||9|450|50|345|415|||84
487,Dragon Bow of Sky,Archer,Bow,G65,65,1,Health,2,1|2|||9|450|50|345|415|||84
487,Dragon Bow of Sky,Archer,Bow,G65,65,4,Agility,9,1|2|||9|450|50|345|415|||84
487,Dragon Bow of Sky,Archer,Bow,G65,65,5,HP,450,1|2|||9|450|50|345|415|||84
487,Dragon Bow of Sky,Archer,Bow,G65,65,6,MP,50,1|2|||9|450|50|345|415|||84
487,Dragon Bow of Sky,Archer,Bow,G65,65,7,PDMin,345,1|2|||9|450|50|345|415|||84
487,Dragon Bow of Sky,Archer,Bow,G65,65,8,PDMax,415,1|2|||9|450|50|345|415|||84
487,Dragon Bow of Sky,Archer,Bow,G65,65,11,OTP,84,1|2|||9|450|50|345|415|||84
488,Dragon Stick of Sky,Magician,Stick,G65,65,1,Health,1,|1|8|3||350|200|210|220|420|490|75
488,Dragon Stick of Sky,Magician,Stick,G65,65,2,Intelligence,8,|1|8|3||350|200|210|220|420|490|75
488,Dragon Stick of Sky,Magician,Stick,G65,65,3,Wisdom,3,|1|8|3||350|200|210|220|420|490|75
488,Dragon Stick of Sky,Magician,Stick,G65,65,5,HP,350,|1|8|3||350|200|210|220|420|490|75
488,Dragon Stick of Sky,Magician,Stick,G65,65,6,MP,200,|1|8|3||350|200|210|220|420|490|75
488,Dragon Stick of Sky,Magician,Stick,G65,65,7,PDMin,210,|1|8|3||350|200|210|220|420|490|75
488,Dragon Stick of Sky,Magician,Stick,G65,65,8,PDMax,220,|1|8|3||350|200|210|220|420|490|75
488,Dragon Stick of Sky,Magician,Stick,G65,65,9,MDMin,420,|1|8|3||350|200|210|220|420|490|75
488,Dragon Stick of Sky,Magician,Stick,G65,65,10,MDMax,490,|1|8|3||350|200|210|220|420|490|75
488,Dragon Stick of Sky,Magician,Stick,G65,65,11,OTP,75,|1|8|3||350|200|210|220|420|490|75
489,Dragon Sword of Sky (Imperial),Knight,Sw.1H,G65,65,0,Strength,6,6|4|||2|550||393|470|||86
489,Dragon Sword of Sky (Imperial),Knight,Sw.1H,G65,65,1,Health,4,6|4|||2|550||393|470|||86
489,Dragon Sword of Sky (Imperial),Knight,Sw.1H,G65,65,4,Agility,2,6|4|||2|550||393|470|||86
489,Dragon Sword of Sky (Imperial),Knight,Sw.1H,G65,65,5,HP,550,6|4|||2|550||393|470|||86
489,Dragon Sword of Sky (Imperial),Knight,Sw.1H,G65,65,7,PDMin,393,6|4|||2|550||393|470|||86
489,Dragon Sword of Sky (Imperial),Knight,Sw.1H,G65,65,8,PDMax,470,6|4|||2|550||393|470|||86
489,Dragon Sword of Sky (Imperial),Knight,Sw.1H,G65,65,11,OTP,86,6|4|||2|550||393|470|||86
490,Dragon Giant Sword of Sky (Imperial),Knight,Sw.2H,G65,65,0,Strength,9,9|3||||500||660|736|||85
490,Dragon Giant Sword of Sky (Imperial),Knight,Sw.2H,G65,65,1,Health,3,9|3||||500||660|736|||85
490,Dragon Giant Sword of Sky (Imperial),Knight,Sw.2H,G65,65,5,HP,500,9|3||||500||660|736|||85
490,Dragon Giant Sword of Sky (Imperial),Knight,Sw.2H,G65,65,7,PDMin,660,9|3||||500||660|736|||85
490,Dragon Giant Sword of Sky (Imperial),Knight,Sw.2H,G65,65,8,PDMax,736,9|3||||500||660|736|||85
490,Dragon Giant Sword of Sky (Imperial),Knight,Sw.2H,G65,65,11,OTP,85,9|3||||500||660|736|||85
491,Dragon Bow of Sky (Imperial),Archer,Bow,G65,65,0,Strength,1,1|2|||9|450|50|379|456|||84
491,Dragon Bow of Sky (Imperial),Archer,Bow,G65,65,1,Health,2,1|2|||9|450|50|379|456|||84
491,Dragon Bow of Sky (Imperial),Archer,Bow,G65,65,4,Agility,9,1|2|||9|450|50|379|456|||84
491,Dragon Bow of Sky (Imperial),Archer,Bow,G65,65,5,HP,450,1|2|||9|450|50|379|456|||84
491,Dragon Bow of Sky (Imperial),Archer,Bow,G65,65,6,MP,50,1|2|||9|450|50|379|456|||84
491,Dragon Bow of Sky (Imperial),Archer,Bow,G65,65,7,PDMin,379,1|2|||9|450|50|379|456|||84
491,Dragon Bow of Sky (Imperial),Archer,Bow,G65,65,8,PDMax,456,1|2|||9|450|50|379|456|||84
491,Dragon Bow of Sky (Imperial),Archer,Bow,G65,65,11,OTP,84,1|2|||9|450|50|379|456|||84
492,Imperial Dragon Stick of Sky,Magician,Stick,G65,65,1,Health,1,|1|8|3||350|200|232|242|462|539|75
492,Imperial Dragon Stick of Sky,Magician,Stick,G65,65,2,Intelligence,8,|1|8|3||350|200|232|242|462|539|75
492,Imperial Dragon Stick of Sky,Magician,Stick,G65,65,3,Wisdom,3,|1|8|3||350|200|232|242|462|539|75
492,Imperial Dragon Stick of Sky,Magician,Stick,G65,65,5,HP,350,|1|8|3||350|200|232|242|462|539|75
492,Imperial Dragon Stick of Sky,Magician,Stick,G65,65,6,MP,200,|1|8|3||350|200|232|242|462|539|75
492,Imperial Dragon Stick of Sky,Magician,Stick,G65,65,7,PDMin,232,|1|8|3||350|200|232|242|462|539|75
492,Imperial Dragon Stick of Sky,Magician,Stick,G65,65,8,PDMax,242,|1|8|3||350|200|232|242|462|539|75
492,Imperial Dragon Stick of Sky,Magician,Stick,G65,65,9,MDMin,462,|1|8|3||350|200|232|242|462|539|75
492,Imperial Dragon Stick of Sky,Magician,Stick,G65,65,10,MDMax,539,|1|8|3||350|200|232|242|462|539|75
492,Imperial Dragon Stick of Sky,Magician,Stick,G65,65,11,OTP,75,|1|8|3||350|200|232|242|462|539|75
493,Guardian Stick with a Blue Gem,Magician,Stick,G59,59,1,Health,6,|6||6||210|140|144|153|257|342|69
493,Guardian Stick with a Blue Gem,Magician,Stick,G59,59,3,Wisdom,6,|6||6||210|140|144|153|257|342|69
493,Guardian Stick with a Blue Gem,Magician,Stick,G59,59,5,HP,210,|6||6||210|140|144|153|257|342|69
493,Guardian Stick with a Blue Gem,Magician,Stick,G59,59,6,MP,140,|6||6||210|140|144|153|257|342|69
493,Guardian Stick with a Blue Gem,Magician,Stick,G59,59,7,PDMin,144,|6||6||210|140|144|153|257|342|69
493,Guardian Stick with a Blue Gem,Magician,Stick,G59,59,8,PDMax,153,|6||6||210|140|144|153|257|342|69
493,Guardian Stick with a Blue Gem,Magician,Stick,G59,59,9,MDMin,257,|6||6||210|140|144|153|257|342|69
493,Guardian Stick with a Blue Gem,Magician,Stick,G59,59,10,MDMax,342,|6||6||210|140|144|153|257|342|69
493,Guardian Stick with a Blue Gem,Magician,Stick,G59,59,11,OTP,69,|6||6||210|140|144|153|257|342|69
494,Guardian Stick with a Lotus Flower,Magician,Stick,G62,62,1,Health,3,|3||7||350|210|180|189|333|399|72
494,Guardian Stick with a Lotus Flower,Magician,Stick,G62,62,3,Wisdom,7,|3||7||350|210|180|189|333|399|72
494,Guardian Stick with a Lotus Flower,Magician,Stick,G62,62,5,HP,350,|3||7||350|210|180|189|333|399|72
494,Guardian Stick with a Lotus Flower,Magician,Stick,G62,62,6,MP,210,|3||7||350|210|180|189|333|399|72
494,Guardian Stick with a Lotus Flower,Magician,Stick,G62,62,7,PDMin,180,|3||7||350|210|180|189|333|399|72
494,Guardian Stick with a Lotus Flower,Magician,Stick,G62,62,8,PDMax,189,|3||7||350|210|180|189|333|399|72
494,Guardian Stick with a Lotus Flower,Magician,Stick,G62,62,9,MDMin,333,|3||7||350|210|180|189|333|399|72
494,Guardian Stick with a Lotus Flower,Magician,Stick,G62,62,10,MDMax,399,|3||7||350|210|180|189|333|399|72
494,Guardian Stick with a Lotus Flower,Magician,Stick,G62,62,11,OTP,72,|3||7||350|210|180|189|333|399|72
495,Guardian Stick with a Blue Gem (Imperial),Magician,Stick,G59,59,3,Wisdom,8,|||8|||390|174|186|304|398|69
495,Guardian Stick with a Blue Gem (Imperial),Magician,Stick,G59,59,6,MP,390,|||8|||390|174|186|304|398|69
495,Guardian Stick with a Blue Gem (Imperial),Magician,Stick,G59,59,7,PDMin,174,|||8|||390|174|186|304|398|69
495,Guardian Stick with a Blue Gem (Imperial),Magician,Stick,G59,59,8,PDMax,186,|||8|||390|174|186|304|398|69
495,Guardian Stick with a Blue Gem (Imperial),Magician,Stick,G59,59,9,MDMin,304,|||8|||390|174|186|304|398|69
495,Guardian Stick with a Blue Gem (Imperial),Magician,Stick,G59,59,10,MDMax,398,|||8|||390|174|186|304|398|69
495,Guardian Stick with a Blue Gem (Imperial),Magician,Stick,G59,59,11,OTP,69,|||8|||390|174|186|304|398|69
496,Guardian Stick with a Lotus Flower (Imperial),Magician,Stick,G62,62,1,Health,3,|3||7||350|210|197|207|367|440|72
496,Guardian Stick with a Lotus Flower (Imperial),Magician,Stick,G62,62,3,Wisdom,7,|3||7||350|210|197|207|367|440|72
496,Guardian Stick with a Lotus Flower (Imperial),Magician,Stick,G62,62,5,HP,350,|3||7||350|210|197|207|367|440|72
496,Guardian Stick with a Lotus Flower (Imperial),Magician,Stick,G62,62,6,MP,210,|3||7||350|210|197|207|367|440|72
496,Guardian Stick with a Lotus Flower (Imperial),Magician,Stick,G62,62,7,PDMin,197,|3||7||350|210|197|207|367|440|72
496,Guardian Stick with a Lotus Flower (Imperial),Magician,Stick,G62,62,8,PDMax,207,|3||7||350|210|197|207|367|440|72
496,Guardian Stick with a Lotus Flower (Imperial),Magician,Stick,G62,62,9,MDMin,367,|3||7||350|210|197|207|367|440|72
496,Guardian Stick with a Lotus Flower (Imperial),Magician,Stick,G62,62,10,MDMax,440,|3||7||350|210|197|207|367|440|72
496,Guardian Stick with a Lotus Flower (Imperial),Magician,Stick,G62,62,11,OTP,72,|3||7||350|210|197|207|367|440|72
497,Armor of Darkness,Archer,All,G90,90,0,Strength,10,10|8|||8||||||||155|215|22
497,Armor of Darkness,Archer,All,G90,90,1,Health,8,10|8|||8||||||||155|215|22
497,Armor of Darkness,Archer,All,G90,90,4,Agility,8,10|8|||8||||||||155|215|22
497,Armor of Darkness,Archer,All,G90,90,12,Evasion,155,10|8|||8||||||||155|215|22
497,Armor of Darkness,Archer,All,G90,90,13,Defense,215,10|8|||8||||||||155|215|22
497,Armor of Darkness,Archer,All,G90,90,14,Absorb,22,10|8|||8||||||||155|215|22
515,Guardian Sword with a Lotus Flower,Knight,Sw.1H,G62,62,0,Strength,3,3|7||||540||276|341|||85
515,Guardian Sword with a Lotus Flower,Knight,Sw.1H,G62,62,1,Health,7,3|7||||540||276|341|||85
515,Guardian Sword with a Lotus Flower,Knight,Sw.1H,G62,62,5,HP,540,3|7||||540||276|341|||85
515,Guardian Sword with a Lotus Flower,Knight,Sw.1H,G62,62,7,PDMin,276,3|7||||540||276|341|||85
515,Guardian Sword with a Lotus Flower,Knight,Sw.1H,G62,62,8,PDMax,341,3|7||||540||276|341|||85
515,Guardian Sword with a Lotus Flower,Knight,Sw.1H,G62,62,11,OTP,85,3|7||||540||276|341|||85
516,Guardian Giant Sword with a Lotus Flower,Knight,Sw.2H,G62,62,0,Strength,4,4|6||||480||516|571|||84
516,Guardian Giant Sword with a Lotus Flower,Knight,Sw.2H,G62,62,1,Health,6,4|6||||480||516|571|||84
516,Guardian Giant Sword with a Lotus Flower,Knight,Sw.2H,G62,62,5,HP,480,4|6||||480||516|571|||84
516,Guardian Giant Sword with a Lotus Flower,Knight,Sw.2H,G62,62,7,PDMin,516,4|6||||480||516|571|||84
516,Guardian Giant Sword with a Lotus Flower,Knight,Sw.2H,G62,62,8,PDMax,571,4|6||||480||516|571|||84
516,Guardian Giant Sword with a Lotus Flower,Knight,Sw.2H,G62,62,11,OTP,84,4|6||||480||516|571|||84
517,Guardian Bow with a Lotus Flower,Archer,Bow,G62,62,1,Health,6,|6|||4|480||258|332|||83
517,Guardian Bow with a Lotus Flower,Archer,Bow,G62,62,4,Agility,4,|6|||4|480||258|332|||83
517,Guardian Bow with a Lotus Flower,Archer,Bow,G62,62,5,HP,480,|6|||4|480||258|332|||83
517,Guardian Bow with a Lotus Flower,Archer,Bow,G62,62,7,PDMin,258,|6|||4|480||258|332|||83
517,Guardian Bow with a Lotus Flower,Archer,Bow,G62,62,8,PDMax,332,|6|||4|480||258|332|||83
517,Guardian Bow with a Lotus Flower,Archer,Bow,G62,62,11,OTP,83,|6|||4|480||258|332|||83
518,Guardian Sword with a Lotus Flower (Imperial),Knight,Sw.1H,G62,62,0,Strength,3,3|7||||540||281|346|||85
518,Guardian Sword with a Lotus Flower (Imperial),Knight,Sw.1H,G62,62,1,Health,7,3|7||||540||281|346|||85
518,Guardian Sword with a Lotus Flower (Imperial),Knight,Sw.1H,G62,62,5,HP,540,3|7||||540||281|346|||85
518,Guardian Sword with a Lotus Flower (Imperial),Knight,Sw.1H,G62,62,7,PDMin,281,3|7||||540||281|346|||85
518,Guardian Sword with a Lotus Flower (Imperial),Knight,Sw.1H,G62,62,8,PDMax,346,3|7||||540||281|346|||85
518,Guardian Sword with a Lotus Flower (Imperial),Knight,Sw.1H,G62,62,11,OTP,85,3|7||||540||281|346|||85
519,Guardian Giant Sword with a Lotus Flower (Imperial,Knight,Sw.2H,G62,62,0,Strength,4,4|6||||480||592|652|||84
519,Guardian Giant Sword with a Lotus Flower (Imperial,Knight,Sw.2H,G62,62,1,Health,6,4|6||||480||592|652|||84
519,Guardian Giant Sword with a Lotus Flower (Imperial,Knight,Sw.2H,G62,62,5,HP,480,4|6||||480||592|652|||84
519,Guardian Giant Sword with a Lotus Flower (Imperial,Knight,Sw.2H,G62,62,7,PDMin,592,4|6||||480||592|652|||84
519,Guardian Giant Sword with a Lotus Flower (Imperial,Knight,Sw.2H,G62,62,8,PDMax,652,4|6||||480||592|652|||84
519,Guardian Giant Sword with a Lotus Flower (Imperial,Knight,Sw.2H,G62,62,11,OTP,84,4|6||||480||592|652|||84
520,Guardian Bow with a Lotus Flower (Imperial),Archer,Bow,G62,62,1,Health,6,|6|||4|480||258|332|||83
520,Guardian Bow with a Lotus Flower (Imperial),Archer,Bow,G62,62,4,Agility,4,|6|||4|480||258|332|||83
520,Guardian Bow with a Lotus Flower (Imperial),Archer,Bow,G62,62,5,HP,480,|6|||4|480||258|332|||83
520,Guardian Bow with a Lotus Flower (Imperial),Archer,Bow,G62,62,7,PDMin,258,|6|||4|480||258|332|||83
520,Guardian Bow with a Lotus Flower (Imperial),Archer,Bow,G62,62,8,PDMax,332,|6|||4|480||258|332|||83
520,Guardian Bow with a Lotus Flower (Imperial),Archer,Bow,G62,62,11,OTP,83,|6|||4|480||258|332|||83
521,MyungJoo Suit of lcT,Thief,All,G08,1,12,Evasion,13,||||||||||||13|21|0
521,MyungJoo Suit of lcT,Thief,All,G08,1,13,Defense,21,||||||||||||13|21|0
521,MyungJoo Suit of lcT,Thief,All,G08,1,14,Absorb,0,||||||||||||13|21|0
522,MyungJoo Suit of lcT,Thief,Armor,G08,1,12,Evasion,1,||||||||||||1|8|0
522,MyungJoo Suit of lcT,Thief,Armor,G08,1,13,Defense,8,||||||||||||1|8|0
522,MyungJoo Suit of lcT,Thief,Armor,G08,1,14,Absorb,0,||||||||||||1|8|0
523,MyungJoo Suit of lcT Boots,Thief,Boots,G08,1,12,Evasion,4,||||||||||||4|4|0
523,MyungJoo Suit of lcT Boots,Thief,Boots,G08,1,13,Defense,4,||||||||||||4|4|0
523,MyungJoo Suit of lcT Boots,Thief,Boots,G08,1,14,Absorb,0,||||||||||||4|4|0
524,MyungJoo Suit of lcT Gloves,Thief,Gloves,G08,1,12,Evasion,2,||||||||||||2|3|0
524,MyungJoo Suit of lcT Gloves,Thief,Gloves,G08,1,13,Defense,3,||||||||||||2|3|0
524,MyungJoo Suit of lcT Gloves,Thief,Gloves,G08,1,14,Absorb,0,||||||||||||2|3|0
525,MyungJoo Suit of lcT Helmet,Thief,Helmet,G08,1,12,Evasion,1,||||||||||||1|4|0
525,MyungJoo Suit of lcT Helmet,Thief,Helmet,G08,1,13,Defense,4,||||||||||||1|4|0
525,MyungJoo Suit of lcT Helmet,Thief,Helmet,G08,1,14,Absorb,0,||||||||||||1|4|0
526,MyungJoo Suit of lcT Shorts,Thief,Shorts,G08,1,12,Evasion,5,||||||||||||5|2|0
526,MyungJoo Suit of lcT Shorts,Thief,Shorts,G08,1,13,Defense,2,||||||||||||5|2|0
526,MyungJoo Suit of lcT Shorts,Thief,Shorts,G08,1,14,Absorb,0,||||||||||||5|2|0
527,BeeDan suit of lcT,Thief,All,G16,1,12,Evasion,25,||||||||||||25|37|0
527,BeeDan suit of lcT,Thief,All,G16,1,13,Defense,37,||||||||||||25|37|0
527,BeeDan suit of lcT,Thief,All,G16,1,14,Absorb,0,||||||||||||25|37|0
528,BeeDan suit of lcT,Thief,Armor,G16,1,12,Evasion,2,||||||||||||2|11|0
528,BeeDan suit of lcT,Thief,Armor,G16,1,13,Defense,11,||||||||||||2|11|0
528,BeeDan suit of lcT,Thief,Armor,G16,1,14,Absorb,0,||||||||||||2|11|0
529,BeeDan suit of lcT Boots,Thief,Boots,G16,,12,Evasion,5,||||||||||||5|7|0
529,BeeDan suit of lcT Boots,Thief,Boots,G16,,13,Defense,7,||||||||||||5|7|0
529,BeeDan suit of lcT Boots,Thief,Boots,G16,,14,Absorb,0,||||||||||||5|7|0
530,BeeDan suit of lcT Gloves,Thief,Gloves,G16,1,12,Evasion,3,||||||||||||3|7|0
530,BeeDan suit of lcT Gloves,Thief,Gloves,G16,1,13,Defense,7,||||||||||||3|7|0
530,BeeDan suit of lcT Gloves,Thief,Gloves,G16,1,14,Absorb,0,||||||||||||3|7|0
531,BeeDan suit of lcT Helmet,Thief,Helmet,G16,1,12,Evasion,2,||||||||||||2|8|0
531,BeeDan suit of lcT Helmet,Thief,Helmet,G16,1,13,Defense,8,||||||||||||2|8|0
531,BeeDan suit of lcT Helmet,Thief,Helmet,G16,1,14,Absorb,0,||||||||||||2|8|0
532,BeeDan suit of lcT Shorts,Thief,Shorts,G16,1,12,Evasion,13,||||||||||||13|4|0
532,BeeDan suit of lcT Shorts,Thief,Shorts,G16,1,13,Defense,4,||||||||||||13|4|0
532,BeeDan suit of lcT Shorts,Thief,Shorts,G16,1,14,Absorb,0,||||||||||||13|4|0
533,Myung Joo suit of T,Thief,All,G24,0,12,Evasion,34,||||||||||||34|52|1
533,Myung Joo suit of T,Thief,All,G24,0,13,Defense,52,||||||||||||34|52|1
533,Myung Joo suit of T,Thief,All,G24,0,14,Absorb,1,||||||||||||34|52|1
534,Myung Joo suit of T,Thief,Armor,G24,1,12,Evasion,3,||||||||||||3|14|1
534,Myung Joo suit of T,Thief,Armor,G24,1,13,Defense,14,||||||||||||3|14|1
534,Myung Joo suit of T,Thief,Armor,G24,1,14,Absorb,1,||||||||||||3|14|1
535,Myung Joo suit of T Boots,Thief,Boots,G24,1,12,Evasion,9,||||||||||||9|10|0
535,Myung Joo suit of T Boots,Thief,Boots,G24,1,13,Defense,10,||||||||||||9|10|0
535,Myung Joo suit of T Boots,Thief,Boots,G24,1,14,Absorb,0,||||||||||||9|10|0
536,Myung Joo suit of T Gloves,Thief,Gloves,G24,1,12,Evasion,4,||||||||||||4|9|0
536,Myung Joo suit of T Gloves,Thief,Gloves,G24,1,13,Defense,9,||||||||||||4|9|0
536,Myung Joo suit of T Gloves,Thief,Gloves,G24,1,14,Absorb,0,||||||||||||4|9|0
537,Myung Joo suit of T Helmet,Thief,Helmet,G24,1,12,Evasion,3,||||||||||||3|11|0
537,Myung Joo suit of T Helmet,Thief,Helmet,G24,1,13,Defense,11,||||||||||||3|11|0
537,Myung Joo suit of T Helmet,Thief,Helmet,G24,1,14,Absorb,0,||||||||||||3|11|0
538,Myung Joo suit of T Shorts,Thief,Shorts,G24,1,12,Evasion,15,||||||||||||15|8|0
538,Myung Joo suit of T Shorts,Thief,Shorts,G24,1,13,Defense,8,||||||||||||15|8|0
538,Myung Joo suit of T Shorts,Thief,Shorts,G24,1,14,Absorb,0,||||||||||||15|8|0
539,BeeDan suit of T,Thief,All,G32,1,12,Evasion,43,||||||||||||43|72|1
539,BeeDan suit of T,Thief,All,G32,1,13,Defense,72,||||||||||||43|72|1
539,BeeDan suit of T,Thief,All,G32,1,14,Absorb,1,||||||||||||43|72|1
540,BeeDan suit of T,Thief,Armor,G32,1,12,Evasion,4,||||||||||||4|21|1
540,BeeDan suit of T,Thief,Armor,G32,1,13,Defense,21,||||||||||||4|21|1
540,BeeDan suit of T,Thief,Armor,G32,1,14,Absorb,1,||||||||||||4|21|1
541,BeeDan suit of T Boots,Thief,Boots,G32,1,12,Evasion,11,||||||||||||11|12|0
541,BeeDan suit of T Boots,Thief,Boots,G32,1,13,Defense,12,||||||||||||11|12|0
541,BeeDan suit of T Boots,Thief,Boots,G32,1,14,Absorb,0,||||||||||||11|12|0
542,BeeDan suit of T Gloves,Thief,Gloves,G32,1,12,Evasion,5,||||||||||||5|12|0
542,BeeDan suit of T Gloves,Thief,Gloves,G32,1,13,Defense,12,||||||||||||5|12|0
542,BeeDan suit of T Gloves,Thief,Gloves,G32,1,14,Absorb,0,||||||||||||5|12|0
543,BeeDan suit of T Helmet,Thief,Helmet,G32,1,12,Evasion,4,||||||||||||4|16|0
543,BeeDan suit of T Helmet,Thief,Helmet,G32,1,13,Defense,16,||||||||||||4|16|0
543,BeeDan suit of T Helmet,Thief,Helmet,G32,1,14,Absorb,0,||||||||||||4|16|0
544,BeeDan suit of T Shorts,Thief,Shorts,G32,1,12,Evasion,19,||||||||||||19|11|0
544,BeeDan suit of T Shorts,Thief,Shorts,G32,1,13,Defense,11,||||||||||||19|11|0
544,BeeDan suit of T Shorts,Thief,Shorts,G32,1,14,Absorb,0,||||||||||||19|11|0
545,Myung Joo suit of hcT,Thief,All,G42,1,11,OTP,7,|||||||||||7|55|97|2
545,Myung Joo suit of hcT,Thief,All,G42,1,12,Evasion,55,|||||||||||7|55|97|2
545,Myung Joo suit of hcT,Thief,All,G42,1,13,Defense,97,|||||||||||7|55|97|2
545,Myung Joo suit of hcT,Thief,All,G42,1,14,Absorb,2,|||||||||||7|55|97|2
546,Myung Joo suit of hcT,Thief,Armor,G42,1,11,OTP,2,|||||||||||2|5|28|2
546,Myung Joo suit of hcT,Thief,Armor,G42,1,12,Evasion,5,|||||||||||2|5|28|2
546,Myung Joo suit of hcT,Thief,Armor,G42,1,13,Defense,28,|||||||||||2|5|28|2
546,Myung Joo suit of hcT,Thief,Armor,G42,1,14,Absorb,2,|||||||||||2|5|28|2
547,Myung Joo suit of hcT Boots,Thief,Boots,G42,1,12,Evasion,16,||||||||||||16|19|0
547,Myung Joo suit of hcT Boots,Thief,Boots,G42,1,13,Defense,19,||||||||||||16|19|0
547,Myung Joo suit of hcT Boots,Thief,Boots,G42,1,14,Absorb,0,||||||||||||16|19|0
548,Myung Joo suit of hcT Gloves,Thief,Gloves,G42,1,11,OTP,4,|||||||||||4|6|17|0
548,Myung Joo suit of hcT Gloves,Thief,Gloves,G42,1,12,Evasion,6,|||||||||||4|6|17|0
548,Myung Joo suit of hcT Gloves,Thief,Gloves,G42,1,13,Defense,17,|||||||||||4|6|17|0
548,Myung Joo suit of hcT Gloves,Thief,Gloves,G42,1,14,Absorb,0,|||||||||||4|6|17|0
549,Myung Joo suit of hcT Helmet,Thief,Helmet,G42,1,12,Evasion,5,||||||||||||5|20|0
549,Myung Joo suit of hcT Helmet,Thief,Helmet,G42,1,13,Defense,20,||||||||||||5|20|0
549,Myung Joo suit of hcT Helmet,Thief,Helmet,G42,1,14,Absorb,0,||||||||||||5|20|0
550,Myung Joo suit of hcT Shorts,Thief,Shorts,G42,1,11,OTP,1,|||||||||||1|23|13|0
550,Myung Joo suit of hcT Shorts,Thief,Shorts,G42,1,12,Evasion,23,|||||||||||1|23|13|0
550,Myung Joo suit of hcT Shorts,Thief,Shorts,G42,1,13,Defense,13,|||||||||||1|23|13|0
550,Myung Joo suit of hcT Shorts,Thief,Shorts,G42,1,14,Absorb,0,|||||||||||1|23|13|0
551,BeeDan suit of hcT,Thief,All,G46,43,11,OTP,11,|||||||||||11|67|110|5
551,BeeDan suit of hcT,Thief,All,G46,43,12,Evasion,67,|||||||||||11|67|110|5
551,BeeDan suit of hcT,Thief,All,G46,43,13,Defense,110,|||||||||||11|67|110|5
551,BeeDan suit of hcT,Thief,All,G46,43,14,Absorb,5,|||||||||||11|67|110|5
552,BeeDan suit of hcT,Thief,Armor,G46,43,11,OTP,3,|||||||||||3|6|32|2
552,BeeDan suit of hcT,Thief,Armor,G46,43,12,Evasion,6,|||||||||||3|6|32|2
552,BeeDan suit of hcT,Thief,Armor,G46,43,13,Defense,32,|||||||||||3|6|32|2
552,BeeDan suit of hcT,Thief,Armor,G46,43,14,Absorb,2,|||||||||||3|6|32|2
553,BeeDan suit of hcT Boots,Thief,Boots,G46,37,12,Evasion,20,||||||||||||20|21|1
553,BeeDan suit of hcT Boots,Thief,Boots,G46,37,13,Defense,21,||||||||||||20|21|1
553,BeeDan suit of hcT Boots,Thief,Boots,G46,37,14,Absorb,1,||||||||||||20|21|1
554,BeeDan suit of hcT Gloves,Thief,Gloves,G46,35,11,OTP,6,|||||||||||6|7|19|0
554,BeeDan suit of hcT Gloves,Thief,Gloves,G46,35,12,Evasion,7,|||||||||||6|7|19|0
554,BeeDan suit of hcT Gloves,Thief,Gloves,G46,35,13,Defense,19,|||||||||||6|7|19|0
554,BeeDan suit of hcT Gloves,Thief,Gloves,G46,35,14,Absorb,0,|||||||||||6|7|19|0
555,BeeDan suit of hcT Helmet,Thief,Helmet,G46,39,12,Evasion,6,||||||||||||6|23|1
555,BeeDan suit of hcT Helmet,Thief,Helmet,G46,39,13,Defense,23,||||||||||||6|23|1
555,BeeDan suit of hcT Helmet,Thief,Helmet,G46,39,14,Absorb,1,||||||||||||6|23|1
556,BeeDan suit of hcT Shorts,Thief,Shorts,G46,41,11,OTP,2,|||||||||||2|28|15|1
556,BeeDan suit of hcT Shorts,Thief,Shorts,G46,41,12,Evasion,28,|||||||||||2|28|15|1
556,BeeDan suit of hcT Shorts,Thief,Shorts,G46,41,13,Defense,15,|||||||||||2|28|15|1
556,BeeDan suit of hcT Shorts,Thief,Shorts,G46,41,14,Absorb,1,|||||||||||2|28|15|1
557,Diamond suit of T,Thief,All,G50,50,0,Strength,2,2|4|||3|||||||16|81|134|7
557,Diamond suit of T,Thief,All,G50,50,1,Health,4,2|4|||3|||||||16|81|134|7
557,Diamond suit of T,Thief,All,G50,50,4,Agility,3,2|4|||3|||||||16|81|134|7
557,Diamond suit of T,Thief,All,G50,50,11,OTP,16,2|4|||3|||||||16|81|134|7
557,Diamond suit of T,Thief,All,G50,50,12,Evasion,81,2|4|||3|||||||16|81|134|7
557,Diamond suit of T,Thief,All,G50,50,13,Defense,134,2|4|||3|||||||16|81|134|7
557,Diamond suit of T,Thief,All,G50,50,14,Absorb,7,2|4|||3|||||||16|81|134|7
558,Diamond suit of T,Thief,Armor,G50,50,0,Strength,1,1|2|||2|||||||4|7|43|3
558,Diamond suit of T,Thief,Armor,G50,50,1,Health,2,1|2|||2|||||||4|7|43|3
558,Diamond suit of T,Thief,Armor,G50,50,4,Agility,2,1|2|||2|||||||4|7|43|3
558,Diamond suit of T,Thief,Armor,G50,50,11,OTP,4,1|2|||2|||||||4|7|43|3
558,Diamond suit of T,Thief,Armor,G50,50,12,Evasion,7,1|2|||2|||||||4|7|43|3
558,Diamond suit of T,Thief,Armor,G50,50,13,Defense,43,1|2|||2|||||||4|7|43|3
558,Diamond suit of T,Thief,Armor,G50,50,14,Absorb,3,1|2|||2|||||||4|7|43|3
559,Diamond suit of T Boots,Thief,Boots,G50,47,4,Agility,1,||||1||||||||24|25|1
559,Diamond suit of T Boots,Thief,Boots,G50,47,12,Evasion,24,||||1||||||||24|25|1
559,Diamond suit of T Boots,Thief,Boots,G50,47,13,Defense,25,||||1||||||||24|25|1
559,Diamond suit of T Boots,Thief,Boots,G50,47,14,Absorb,1,||||1||||||||24|25|1
560,Diamond suit of T Gloves,Thief,Gloves,G50,46,0,Strength,1,1|||||||||||8|8|22|1
560,Diamond suit of T Gloves,Thief,Gloves,G50,46,11,OTP,8,1|||||||||||8|8|22|1
560,Diamond suit of T Gloves,Thief,Gloves,G50,46,12,Evasion,8,1|||||||||||8|8|22|1
560,Diamond suit of T Gloves,Thief,Gloves,G50,46,13,Defense,22,1|||||||||||8|8|22|1
560,Diamond suit of T Gloves,Thief,Gloves,G50,46,14,Absorb,1,1|||||||||||8|8|22|1
561,Diamond suit of T Helmet,Thief,Helmet,G50,48,1,Health,1,|1|||||||||||7|26|1
561,Diamond suit of T Helmet,Thief,Helmet,G50,48,12,Evasion,7,|1|||||||||||7|26|1
561,Diamond suit of T Helmet,Thief,Helmet,G50,48,13,Defense,26,|1|||||||||||7|26|1
561,Diamond suit of T Helmet,Thief,Helmet,G50,48,14,Absorb,1,|1|||||||||||7|26|1
562,Diamond suit of T Shorts,Thief,Shorts,G50,49,1,Health,1,|1||||||||||4|35|18|1
562,Diamond suit of T Shorts,Thief,Shorts,G50,49,11,OTP,4,|1||||||||||4|35|18|1
562,Diamond suit of T Shorts,Thief,Shorts,G50,49,12,Evasion,35,|1||||||||||4|35|18|1
562,Diamond suit of T Shorts,Thief,Shorts,G50,49,13,Defense,18,|1||||||||||4|35|18|1
562,Diamond suit of T Shorts,Thief,Shorts,G50,49,14,Absorb,1,|1||||||||||4|35|18|1
563,Doggebi suit of T,Thief,All,G55,55,0,Strength,3,3|12|||5|||||||20|97|159|11
563,Doggebi suit of T,Thief,All,G55,55,1,Health,12,3|12|||5|||||||20|97|159|11
563,Doggebi suit of T,Thief,All,G55,55,4,Agility,5,3|12|||5|||||||20|97|159|11
563,Doggebi suit of T,Thief,All,G55,55,11,OTP,20,3|12|||5|||||||20|97|159|11
563,Doggebi suit of T,Thief,All,G55,55,12,Evasion,97,3|12|||5|||||||20|97|159|11
563,Doggebi suit of T,Thief,All,G55,55,13,Defense,159,3|12|||5|||||||20|97|159|11
563,Doggebi suit of T,Thief,All,G55,55,14,Absorb,11,3|12|||5|||||||20|97|159|11
564,Doggebi suit of T,Thief,Armor,G55,55,0,Strength,1,1|3|||3|||||||5|8|50|4
564,Doggebi suit of T,Thief,Armor,G55,55,1,Health,3,1|3|||3|||||||5|8|50|4
564,Doggebi suit of T,Thief,Armor,G55,55,4,Agility,3,1|3|||3|||||||5|8|50|4
564,Doggebi suit of T,Thief,Armor,G55,55,11,OTP,5,1|3|||3|||||||5|8|50|4
564,Doggebi suit of T,Thief,Armor,G55,55,12,Evasion,8,1|3|||3|||||||5|8|50|4
564,Doggebi suit of T,Thief,Armor,G55,55,13,Defense,50,1|3|||3|||||||5|8|50|4
564,Doggebi suit of T,Thief,Armor,G55,55,14,Absorb,4,1|3|||3|||||||5|8|50|4
565,Doggebi suit of T Boots,Thief,Boots,G55,52,4,Agility,2,||||2||||||||29|30|1
565,Doggebi suit of T Boots,Thief,Boots,G55,52,12,Evasion,29,||||2||||||||29|30|1
565,Doggebi suit of T Boots,Thief,Boots,G55,52,13,Defense,30,||||2||||||||29|30|1
565,Doggebi suit of T Boots,Thief,Boots,G55,52,14,Absorb,1,||||2||||||||29|30|1
566,Doggebi suit of T Gloves,Thief,Gloves,G55,51,0,Strength,2,2|||||||||||10|9|28|2
566,Doggebi suit of T Gloves,Thief,Gloves,G55,51,11,OTP,10,2|||||||||||10|9|28|2
566,Doggebi suit of T Gloves,Thief,Gloves,G55,51,12,Evasion,9,2|||||||||||10|9|28|2
566,Doggebi suit of T Gloves,Thief,Gloves,G55,51,13,Defense,28,2|||||||||||10|9|28|2
566,Doggebi suit of T Gloves,Thief,Gloves,G55,51,14,Absorb,2,2|||||||||||10|9|28|2
567,Doggebi suit of T Helmet,Thief,Helmet,G55,53,1,Health,7,|7|||||||||||8|31|2
567,Doggebi suit of T Helmet,Thief,Helmet,G55,53,12,Evasion,8,|7|||||||||||8|31|2
567,Doggebi suit of T Helmet,Thief,Helmet,G55,53,13,Defense,31,|7|||||||||||8|31|2
567,Doggebi suit of T Helmet,Thief,Helmet,G55,53,14,Absorb,2,|7|||||||||||8|31|2
568,Doggebi suit of T Shorts,Thief,Shorts,G55,54,1,Health,2,|2||||||||||5|43|20|2
568,Doggebi suit of T Shorts,Thief,Shorts,G55,54,11,OTP,5,|2||||||||||5|43|20|2
568,Doggebi suit of T Shorts,Thief,Shorts,G55,54,12,Evasion,43,|2||||||||||5|43|20|2
568,Doggebi suit of T Shorts,Thief,Shorts,G55,54,13,Defense,20,|2||||||||||5|43|20|2
568,Doggebi suit of T Shorts,Thief,Shorts,G55,54,14,Absorb,2,|2||||||||||5|43|20|2
569,Golden suit of T,Thief,All,G60,60,0,Strength,8,8|16|||5|||||||24|113|185|16
569,Golden suit of T,Thief,All,G60,60,1,Health,16,8|16|||5|||||||24|113|185|16
569,Golden suit of T,Thief,All,G60,60,4,Agility,5,8|16|||5|||||||24|113|185|16
569,Golden suit of T,Thief,All,G60,60,11,OTP,24,8|16|||5|||||||24|113|185|16
569,Golden suit of T,Thief,All,G60,60,12,Evasion,113,8|16|||5|||||||24|113|185|16
569,Golden suit of T,Thief,All,G60,60,13,Defense,185,8|16|||5|||||||24|113|185|16
569,Golden suit of T,Thief,All,G60,60,14,Absorb,16,8|16|||5|||||||24|113|185|16
570,Golden suit of T,Thief,Armor,G60,60,0,Strength,3,3|3|||3|||||||6|9|58|5
570,Golden suit of T,Thief,Armor,G60,60,1,Health,3,3|3|||3|||||||6|9|58|5
570,Golden suit of T,Thief,Armor,G60,60,4,Agility,3,3|3|||3|||||||6|9|58|5
570,Golden suit of T,Thief,Armor,G60,60,11,OTP,6,3|3|||3|||||||6|9|58|5
570,Golden suit of T,Thief,Armor,G60,60,12,Evasion,9,3|3|||3|||||||6|9|58|5
570,Golden suit of T,Thief,Armor,G60,60,13,Defense,58,3|3|||3|||||||6|9|58|5
570,Golden suit of T,Thief,Armor,G60,60,14,Absorb,5,3|3|||3|||||||6|9|58|5
571,Golden suit of T Boots,Thief,Boots,G60,57,1,Health,1,|1|||2||||||||34|35|2
571,Golden suit of T Boots,Thief,Boots,G60,57,4,Agility,2,|1|||2||||||||34|35|2
571,Golden suit of T Boots,Thief,Boots,G60,57,12,Evasion,34,|1|||2||||||||34|35|2
571,Golden suit of T Boots,Thief,Boots,G60,57,13,Defense,35,|1|||2||||||||34|35|2
571,Golden suit of T Boots,Thief,Boots,G60,57,14,Absorb,2,|1|||2||||||||34|35|2
572,Golden suit of T Gloves,Thief,Gloves,G60,56,0,Strength,3,3|||||||||||12|10|32|3
572,Golden suit of T Gloves,Thief,Gloves,G60,56,11,OTP,12,3|||||||||||12|10|32|3
572,Golden suit of T Gloves,Thief,Gloves,G60,56,12,Evasion,10,3|||||||||||12|10|32|3
572,Golden suit of T Gloves,Thief,Gloves,G60,56,13,Defense,32,3|||||||||||12|10|32|3
572,Golden suit of T Gloves,Thief,Gloves,G60,56,14,Absorb,3,3|||||||||||12|10|32|3
573,Golden suit of T Helmet,Thief,Helmet,G60,58,0,Strength,1,1|10|||||||||||9|36|3
573,Golden suit of T Helmet,Thief,Helmet,G60,58,1,Health,10,1|10|||||||||||9|36|3
573,Golden suit of T Helmet,Thief,Helmet,G60,58,12,Evasion,9,1|10|||||||||||9|36|3
573,Golden suit of T Helmet,Thief,Helmet,G60,58,13,Defense,36,1|10|||||||||||9|36|3
573,Golden suit of T Helmet,Thief,Helmet,G60,58,14,Absorb,3,1|10|||||||||||9|36|3
574,Golden suit of T Shorts,Thief,Shorts,G60,59,0,Strength,1,1|2||||||||||6|51|24|3
574,Golden suit of T Shorts,Thief,Shorts,G60,59,1,Health,2,1|2||||||||||6|51|24|3
574,Golden suit of T Shorts,Thief,Shorts,G60,59,11,OTP,6,1|2||||||||||6|51|24|3
574,Golden suit of T Shorts,Thief,Shorts,G60,59,12,Evasion,51,1|2||||||||||6|51|24|3
574,Golden suit of T Shorts,Thief,Shorts,G60,59,13,Defense,24,1|2||||||||||6|51|24|3
574,Golden suit of T Shorts,Thief,Shorts,G60,59,14,Absorb,3,1|2||||||||||6|51|24|3
575,Raining Dagger,Thief,Dagger,G01,1,7,PDMin,3,|||||||3|12|||15
575,Raining Dagger,Thief,Dagger,G01,1,8,PDMax,12,|||||||3|12|||15
575,Raining Dagger,Thief,Dagger,G01,1,11,OTP,15,|||||||3|12|||15
576,Iron Dagger,Thief,Dagger,G05,1,7,PDMin,19,|||||||19|29|||18
576,Iron Dagger,Thief,Dagger,G05,1,8,PDMax,29,|||||||19|29|||18
576,Iron Dagger,Thief,Dagger,G05,1,11,OTP,18,|||||||19|29|||18
577,Steel Dagger,Thief,Dagger,G09,1,7,PDMin,30,|||||||30|44|||21
577,Steel Dagger,Thief,Dagger,G09,1,8,PDMax,44,|||||||30|44|||21
577,Steel Dagger,Thief,Dagger,G09,1,11,OTP,21,|||||||30|44|||21
578,Intensified Iron Dagger,Thief,Dagger,G13,1,7,PDMin,40,|||||||40|59|||25
578,Intensified Iron Dagger,Thief,Dagger,G13,1,8,PDMax,59,|||||||40|59|||25
578,Intensified Iron Dagger,Thief,Dagger,G13,1,11,OTP,25,|||||||40|59|||25
579,Iron Red-blood Dagger,Thief,Dagger,G17,1,7,PDMin,54,|||||||54|78|||29
579,Iron Red-blood Dagger,Thief,Dagger,G17,1,8,PDMax,78,|||||||54|78|||29
579,Iron Red-blood Dagger,Thief,Dagger,G17,1,11,OTP,29,|||||||54|78|||29
580,Intensified Steel Dagger,Thief,Dagger,G21,1,7,PDMin,61,|||||||61|90|||33
580,Intensified Steel Dagger,Thief,Dagger,G21,1,8,PDMax,90,|||||||61|90|||33
580,Intensified Steel Dagger,Thief,Dagger,G21,1,11,OTP,33,|||||||61|90|||33
581,JuckAh Big Steel Dagger,Thief,Dagger,G25,1,7,PDMin,66,|||||||66|96|||38
581,JuckAh Big Steel Dagger,Thief,Dagger,G25,1,8,PDMax,96,|||||||66|96|||38
581,JuckAh Big Steel Dagger,Thief,Dagger,G25,1,11,OTP,38,|||||||66|96|||38
582,Steel Dagger with Pattern of Leaf,Thief,Dagger,G33,1,7,PDMin,86,|||||||86|115|||48
582,Steel Dagger with Pattern of Leaf,Thief,Dagger,G33,1,8,PDMax,115,|||||||86|115|||48
582,Steel Dagger with Pattern of Leaf,Thief,Dagger,G33,1,11,OTP,48,|||||||86|115|||48
583,HwanDoo Dagger,Thief,Dagger,G37,1,7,PDMin,95,|||||||95|140|||54
583,HwanDoo Dagger,Thief,Dagger,G37,1,8,PDMax,140,|||||||95|140|||54
583,HwanDoo Dagger,Thief,Dagger,G37,1,11,OTP,54,|||||||95|140|||54
584,Red HwanDoo Dagger,Thief,Dagger,G40,1,7,PDMin,89,|||||||89|220|||55
584,Red HwanDoo Dagger,Thief,Dagger,G40,1,8,PDMax,220,|||||||89|220|||55
584,Red HwanDoo Dagger,Thief,Dagger,G40,1,11,OTP,55,|||||||89|220|||55
585,HwanDoo SaeHyung Dagger,Thief,Dagger,G40,1,7,PDMin,117,|||||||117|167|||67
585,HwanDoo SaeHyung Dagger,Thief,Dagger,G40,1,8,PDMax,167,|||||||117|167|||67
585,HwanDoo SaeHyung Dagger,Thief,Dagger,G40,1,11,OTP,67,|||||||117|167|||67
586,MaeGak Hwandoo SaeHyung Dagger,Thief,Dagger,G45,40,1,Health,1,|1||||150||170|212|||68
586,MaeGak Hwandoo SaeHyung Dagger,Thief,Dagger,G45,40,5,HP,150,|1||||150||170|212|||68
586,MaeGak Hwandoo SaeHyung Dagger,Thief,Dagger,G45,40,7,PDMin,170,|1||||150||170|212|||68
586,MaeGak Hwandoo SaeHyung Dagger,Thief,Dagger,G45,40,8,PDMax,212,|1||||150||170|212|||68
586,MaeGak Hwandoo SaeHyung Dagger,Thief,Dagger,G45,40,11,OTP,68,|1||||150||170|212|||68
587,Hwandoo Saehyung Dagger with PoL,Thief,Dagger,G45,40,4,Agility,1,||||1|100|50|112|285|||74
587,Hwandoo Saehyung Dagger with PoL,Thief,Dagger,G45,40,5,HP,100,||||1|100|50|112|285|||74
587,Hwandoo Saehyung Dagger with PoL,Thief,Dagger,G45,40,6,MP,50,||||1|100|50|112|285|||74
587,Hwandoo Saehyung Dagger with PoL,Thief,Dagger,G45,40,7,PDMin,112,||||1|100|50|112|285|||74
587,Hwandoo Saehyung Dagger with PoL,Thief,Dagger,G45,40,8,PDMax,285,||||1|100|50|112|285|||74
587,Hwandoo Saehyung Dagger with PoL,Thief,Dagger,G45,40,11,OTP,74,||||1|100|50|112|285|||74
588,Savage Tribes Dagger,Thief,Dagger,G48,45,0,Strength,1,1|1||||200||158|273|||74
588,Savage Tribes Dagger,Thief,Dagger,G48,45,1,Health,1,1|1||||200||158|273|||74
588,Savage Tribes Dagger,Thief,Dagger,G48,45,5,HP,200,1|1||||200||158|273|||74
588,Savage Tribes Dagger,Thief,Dagger,G48,45,7,PDMin,158,1|1||||200||158|273|||74
588,Savage Tribes Dagger,Thief,Dagger,G48,45,8,PDMax,273,1|1||||200||158|273|||74
588,Savage Tribes Dagger,Thief,Dagger,G48,45,11,OTP,74,1|1||||200||158|273|||74
589,Savage Tribes Tiger Teeth Dagger,Thief,Dagger,G48,45,0,Strength,2,2|||||150||169|284|||70
589,Savage Tribes Tiger Teeth Dagger,Thief,Dagger,G48,45,5,HP,150,2|||||150||169|284|||70
589,Savage Tribes Tiger Teeth Dagger,Thief,Dagger,G48,45,7,PDMin,169,2|||||150||169|284|||70
589,Savage Tribes Tiger Teeth Dagger,Thief,Dagger,G48,45,8,PDMax,284,2|||||150||169|284|||70
589,Savage Tribes Tiger Teeth Dagger,Thief,Dagger,G48,45,11,OTP,70,2|||||150||169|284|||70
590,Golden Treasure Dagger,Thief,Dagger,G50,50,0,Strength,1,1|2||||200||205|261|||79
590,Golden Treasure Dagger,Thief,Dagger,G50,50,1,Health,2,1|2||||200||205|261|||79
590,Golden Treasure Dagger,Thief,Dagger,G50,50,5,HP,200,1|2||||200||205|261|||79
590,Golden Treasure Dagger,Thief,Dagger,G50,50,7,PDMin,205,1|2||||200||205|261|||79
590,Golden Treasure Dagger,Thief,Dagger,G50,50,8,PDMax,261,1|2||||200||205|261|||79
590,Golden Treasure Dagger,Thief,Dagger,G50,50,11,OTP,79,1|2||||200||205|261|||79
591,Butterfly-Shaped Dagger,Thief,Dagger,G50,50,0,Strength,3,3|||||150||228|284|||75
591,Butterfly-Shaped Dagger,Thief,Dagger,G50,50,5,HP,150,3|||||150||228|284|||75
591,Butterfly-Shaped Dagger,Thief,Dagger,G50,50,7,PDMin,228,3|||||150||228|284|||75
591,Butterfly-Shaped Dagger,Thief,Dagger,G50,50,8,PDMax,284,3|||||150||228|284|||75
591,Butterfly-Shaped Dagger,Thief,Dagger,G50,50,11,OTP,75,3|||||150||228|284|||75
592,Revengeful Dagger,Thief,Dagger,G50,50,0,Strength,4,4|||||100||184|240|||73
592,Revengeful Dagger,Thief,Dagger,G50,50,5,HP,100,4|||||100||184|240|||73
592,Revengeful Dagger,Thief,Dagger,G50,50,7,PDMin,184,4|||||100||184|240|||73
592,Revengeful Dagger,Thief,Dagger,G50,50,8,PDMax,240,4|||||100||184|240|||73
592,Revengeful Dagger,Thief,Dagger,G50,50,11,OTP,73,4|||||100||184|240|||73
593,Diamond Dagger,Thief,Dagger,G53,53,0,Strength,1,1|2|||1|200||233|290|||81
593,Diamond Dagger,Thief,Dagger,G53,53,1,Health,2,1|2|||1|200||233|290|||81
593,Diamond Dagger,Thief,Dagger,G53,53,4,Agility,1,1|2|||1|200||233|290|||81
593,Diamond Dagger,Thief,Dagger,G53,53,5,HP,200,1|2|||1|200||233|290|||81
593,Diamond Dagger,Thief,Dagger,G53,53,7,PDMin,233,1|2|||1|200||233|290|||81
593,Diamond Dagger,Thief,Dagger,G53,53,8,PDMax,290,1|2|||1|200||233|290|||81
593,Diamond Dagger,Thief,Dagger,G53,53,11,OTP,81,1|2|||1|200||233|290|||81
594,Diamond Dagger of Pain,Thief,Dagger,G53,53,0,Strength,4,4|||||150||254|310|||77
594,Diamond Dagger of Pain,Thief,Dagger,G53,53,5,HP,150,4|||||150||254|310|||77
594,Diamond Dagger of Pain,Thief,Dagger,G53,53,7,PDMin,254,4|||||150||254|310|||77
594,Diamond Dagger of Pain,Thief,Dagger,G53,53,8,PDMax,310,4|||||150||254|310|||77
594,Diamond Dagger of Pain,Thief,Dagger,G53,53,11,OTP,77,4|||||150||254|310|||77
595,Diamond Dagger of Phantom,Thief,Dagger,G53,53,0,Strength,1,1|2||1|1|100|50|212|269|||78
595,Diamond Dagger of Phantom,Thief,Dagger,G53,53,1,Health,2,1|2||1|1|100|50|212|269|||78
595,Diamond Dagger of Phantom,Thief,Dagger,G53,53,3,Wisdom,1,1|2||1|1|100|50|212|269|||78
595,Diamond Dagger of Phantom,Thief,Dagger,G53,53,4,Agility,1,1|2||1|1|100|50|212|269|||78
595,Diamond Dagger of Phantom,Thief,Dagger,G53,53,5,HP,100,1|2||1|1|100|50|212|269|||78
595,Diamond Dagger of Phantom,Thief,Dagger,G53,53,6,MP,50,1|2||1|1|100|50|212|269|||78
595,Diamond Dagger of Phantom,Thief,Dagger,G53,53,7,PDMin,212,1|2||1|1|100|50|212|269|||78
595,Diamond Dagger of Phantom,Thief,Dagger,G53,53,8,PDMax,269,1|2||1|1|100|50|212|269|||78
595,Diamond Dagger of Phantom,Thief,Dagger,G53,53,11,OTP,78,1|2||1|1|100|50|212|269|||78
596,Ancient Dagger,Thief,Dagger,G56,56,0,Strength,2,2|2|||1|250||240|296|||86
596,Ancient Dagger,Thief,Dagger,G56,56,1,Health,2,2|2|||1|250||240|296|||86
596,Ancient Dagger,Thief,Dagger,G56,56,4,Agility,1,2|2|||1|250||240|296|||86
596,Ancient Dagger,Thief,Dagger,G56,56,5,HP,250,2|2|||1|250||240|296|||86
596,Ancient Dagger,Thief,Dagger,G56,56,7,PDMin,240,2|2|||1|250||240|296|||86
596,Ancient Dagger,Thief,Dagger,G56,56,8,PDMax,296,2|2|||1|250||240|296|||86
596,Ancient Dagger,Thief,Dagger,G56,56,11,OTP,86,2|2|||1|250||240|296|||86
597,Generals Dagger,Thief,Dagger,G56,56,0,Strength,4,4|1||||200||282|338|||83
597,Generals Dagger,Thief,Dagger,G56,56,1,Health,1,4|1||||200||282|338|||83
597,Generals Dagger,Thief,Dagger,G56,56,5,HP,200,4|1||||200||282|338|||83
597,Generals Dagger,Thief,Dagger,G56,56,7,PDMin,282,4|1||||200||282|338|||83
597,Generals Dagger,Thief,Dagger,G56,56,8,PDMax,338,4|1||||200||282|338|||83
597,Generals Dagger,Thief,Dagger,G56,56,11,OTP,83,4|1||||200||282|338|||83
598,Ancient Dynastys Dagger,Thief,Dagger,G56,56,0,Strength,1,1|2||1|2|150|50|261|359|||80
598,Ancient Dynastys Dagger,Thief,Dagger,G56,56,1,Health,2,1|2||1|2|150|50|261|359|||80
598,Ancient Dynastys Dagger,Thief,Dagger,G56,56,3,Wisdom,1,1|2||1|2|150|50|261|359|||80
598,Ancient Dynastys Dagger,Thief,Dagger,G56,56,4,Agility,2,1|2||1|2|150|50|261|359|||80
598,Ancient Dynastys Dagger,Thief,Dagger,G56,56,5,HP,150,1|2||1|2|150|50|261|359|||80
598,Ancient Dynastys Dagger,Thief,Dagger,G56,56,6,MP,50,1|2||1|2|150|50|261|359|||80
598,Ancient Dynastys Dagger,Thief,Dagger,G56,56,7,PDMin,261,1|2||1|2|150|50|261|359|||80
598,Ancient Dynastys Dagger,Thief,Dagger,G56,56,8,PDMax,359,1|2||1|2|150|50|261|359|||80
598,Ancient Dynastys Dagger,Thief,Dagger,G56,56,11,OTP,80,1|2||1|2|150|50|261|359|||80
599,Dagger of Doggebi,Thief,Dagger,G59,59,0,Strength,4,4|3|||1|350||308|385|||86
599,Dagger of Doggebi,Thief,Dagger,G59,59,1,Health,3,4|3|||1|350||308|385|||86
599,Dagger of Doggebi,Thief,Dagger,G59,59,4,Agility,1,4|3|||1|350||308|385|||86
599,Dagger of Doggebi,Thief,Dagger,G59,59,5,HP,350,4|3|||1|350||308|385|||86
599,Dagger of Doggebi,Thief,Dagger,G59,59,7,PDMin,308,4|3|||1|350||308|385|||86
599,Dagger of Doggebi,Thief,Dagger,G59,59,8,PDMax,385,4|3|||1|350||308|385|||86
599,Dagger of Doggebi,Thief,Dagger,G59,59,11,OTP,86,4|3|||1|350||308|385|||86
600,Dagger of High Class Doggebi,Thief,Dagger,G59,59,0,Strength,6,6|2||||300||343|420|||83
600,Dagger of High Class Doggebi,Thief,Dagger,G59,59,1,Health,2,6|2||||300||343|420|||83
600,Dagger of High Class Doggebi,Thief,Dagger,G59,59,5,HP,300,6|2||||300||343|420|||83
600,Dagger of High Class Doggebi,Thief,Dagger,G59,59,7,PDMin,343,6|2||||300||343|420|||83
600,Dagger of High Class Doggebi,Thief,Dagger,G59,59,8,PDMax,420,6|2||||300||343|420|||83
600,Dagger of High Class Doggebi,Thief,Dagger,G59,59,11,OTP,83,6|2||||300||343|420|||83
601,Golden dagger,Thief,Dagger,G62,62,0,Strength,5,5|4|||1|450||420|518|||91
601,Golden dagger,Thief,Dagger,G62,62,1,Health,4,5|4|||1|450||420|518|||91
601,Golden dagger,Thief,Dagger,G62,62,4,Agility,1,5|4|||1|450||420|518|||91
601,Golden dagger,Thief,Dagger,G62,62,5,HP,450,5|4|||1|450||420|518|||91
601,Golden dagger,Thief,Dagger,G62,62,7,PDMin,420,5|4|||1|450||420|518|||91
601,Golden dagger,Thief,Dagger,G62,62,8,PDMax,518,5|4|||1|450||420|518|||91
601,Golden dagger,Thief,Dagger,G62,62,11,OTP,91,5|4|||1|450||420|518|||91
602,Dragon Dagger of Sky,Thief,Dagger,G65,65,0,Strength,6,6|4|||2|550||504|602|||94
602,Dragon Dagger of Sky,Thief,Dagger,G65,65,1,Health,4,6|4|||2|550||504|602|||94
602,Dragon Dagger of Sky,Thief,Dagger,G65,65,4,Agility,2,6|4|||2|550||504|602|||94
602,Dragon Dagger of Sky,Thief,Dagger,G65,65,5,HP,550,6|4|||2|550||504|602|||94
602,Dragon Dagger of Sky,Thief,Dagger,G65,65,7,PDMin,504,6|4|||2|550||504|602|||94
602,Dragon Dagger of Sky,Thief,Dagger,G65,65,8,PDMax,602,6|4|||2|550||504|602|||94
602,Dragon Dagger of Sky,Thief,Dagger,G65,65,11,OTP,94,6|4|||2|550||504|602|||94
603,HwanDoo SaeHyung Dagger (Imperial),Thief,Dagger,G40,1,7,PDMin,160,|||||||160|210|||60
603,HwanDoo SaeHyung Dagger (Imperial),Thief,Dagger,G40,1,8,PDMax,210,|||||||160|210|||60
603,HwanDoo SaeHyung Dagger (Imperial),Thief,Dagger,G40,1,11,OTP,60,|||||||160|210|||60
604,Hwandoo Saehyung Dagger with PoL (Imperial),Thief,Dagger,G45,45,4,Agility,1,||||1|100|50|123|314|||68
604,Hwandoo Saehyung Dagger with PoL (Imperial),Thief,Dagger,G45,45,5,HP,100,||||1|100|50|123|314|||68
604,Hwandoo Saehyung Dagger with PoL (Imperial),Thief,Dagger,G45,45,6,MP,50,||||1|100|50|123|314|||68
604,Hwandoo Saehyung Dagger with PoL (Imperial),Thief,Dagger,G45,45,7,PDMin,123,||||1|100|50|123|314|||68
604,Hwandoo Saehyung Dagger with PoL (Imperial),Thief,Dagger,G45,45,8,PDMax,314,||||1|100|50|123|314|||68
604,Hwandoo Saehyung Dagger with PoL (Imperial),Thief,Dagger,G45,45,11,OTP,68,||||1|100|50|123|314|||68
605,Savage Tribes Tiger Teeth Dagger (Imperial),Thief,Dagger,G48,48,0,Strength,2,2|||||150||186|312|||64
605,Savage Tribes Tiger Teeth Dagger (Imperial),Thief,Dagger,G48,48,5,HP,150,2|||||150||186|312|||64
605,Savage Tribes Tiger Teeth Dagger (Imperial),Thief,Dagger,G48,48,7,PDMin,186,2|||||150||186|312|||64
605,Savage Tribes Tiger Teeth Dagger (Imperial),Thief,Dagger,G48,48,8,PDMax,312,2|||||150||186|312|||64
605,Savage Tribes Tiger Teeth Dagger (Imperial),Thief,Dagger,G48,48,11,OTP,64,2|||||150||186|312|||64
606,Golden Treasure Dagger (Imperial),Thief,Dagger,G50,50,0,Strength,1,1|2|||1|100|50|203|265|||76
606,Golden Treasure Dagger (Imperial),Thief,Dagger,G50,50,1,Health,2,1|2|||1|100|50|203|265|||76
606,Golden Treasure Dagger (Imperial),Thief,Dagger,G50,50,4,Agility,1,1|2|||1|100|50|203|265|||76
606,Golden Treasure Dagger (Imperial),Thief,Dagger,G50,50,5,HP,100,1|2|||1|100|50|203|265|||76
606,Golden Treasure Dagger (Imperial),Thief,Dagger,G50,50,6,MP,50,1|2|||1|100|50|203|265|||76
606,Golden Treasure Dagger (Imperial),Thief,Dagger,G50,50,7,PDMin,203,1|2|||1|100|50|203|265|||76
606,Golden Treasure Dagger (Imperial),Thief,Dagger,G50,50,8,PDMax,265,1|2|||1|100|50|203|265|||76
606,Golden Treasure Dagger (Imperial),Thief,Dagger,G50,50,11,OTP,76,1|2|||1|100|50|203|265|||76
607,Diamond Dagger of Pain (Imperial),Thief,Dagger,G53,53,0,Strength,4,4|||||150||280|342|||70
607,Diamond Dagger of Pain (Imperial),Thief,Dagger,G53,53,5,HP,150,4|||||150||280|342|||70
607,Diamond Dagger of Pain (Imperial),Thief,Dagger,G53,53,7,PDMin,280,4|||||150||280|342|||70
607,Diamond Dagger of Pain (Imperial),Thief,Dagger,G53,53,8,PDMax,342,4|||||150||280|342|||70
607,Diamond Dagger of Pain (Imperial),Thief,Dagger,G53,53,11,OTP,70,4|||||150||280|342|||70
608,Generals Dagger (Imperial),Thief,Dagger,G56,56,0,Strength,4,4|1||||200||311|372|||73
608,Generals Dagger (Imperial),Thief,Dagger,G56,56,1,Health,1,4|1||||200||311|372|||73
608,Generals Dagger (Imperial),Thief,Dagger,G56,56,5,HP,200,4|1||||200||311|372|||73
608,Generals Dagger (Imperial),Thief,Dagger,G56,56,7,PDMin,311,4|1||||200||311|372|||73
608,Generals Dagger (Imperial),Thief,Dagger,G56,56,8,PDMax,372,4|1||||200||311|372|||73
608,Generals Dagger (Imperial),Thief,Dagger,G56,56,11,OTP,73,4|1||||200||311|372|||73
609,Dagger of High Class Doggebi (Imperial),Thief,Dagger,G59,59,0,Strength,6,6|2||||300||377|462|||76
609,Dagger of High Class Doggebi (Imperial),Thief,Dagger,G59,59,1,Health,2,6|2||||300||377|462|||76
609,Dagger of High Class Doggebi (Imperial),Thief,Dagger,G59,59,5,HP,300,6|2||||300||377|462|||76
609,Dagger of High Class Doggebi (Imperial),Thief,Dagger,G59,59,7,PDMin,377,6|2||||300||377|462|||76
609,Dagger of High Class Doggebi (Imperial),Thief,Dagger,G59,59,8,PDMax,462,6|2||||300||377|462|||76
609,Dagger of High Class Doggebi (Imperial),Thief,Dagger,G59,59,11,OTP,76,6|2||||300||377|462|||76
610,Golden dagger (Imperial),Thief,Dagger,G62,62,0,Strength,5,5|4|||1|450||462|570|||83
610,Golden dagger (Imperial),Thief,Dagger,G62,62,1,Health,4,5|4|||1|450||462|570|||83
610,Golden dagger (Imperial),Thief,Dagger,G62,62,4,Agility,1,5|4|||1|450||462|570|||83
610,Golden dagger (Imperial),Thief,Dagger,G62,62,5,HP,450,5|4|||1|450||462|570|||83
610,Golden dagger (Imperial),Thief,Dagger,G62,62,7,PDMin,462,5|4|||1|450||462|570|||83
610,Golden dagger (Imperial),Thief,Dagger,G62,62,8,PDMax,570,5|4|||1|450||462|570|||83
610,Golden dagger (Imperial),Thief,Dagger,G62,62,11,OTP,83,5|4|||1|450||462|570|||83
611,Dragon Dagger of Sky (Imperial),Thief,Dagger,G65,65,0,Strength,6,6|4|||2|550||550|658|||86
611,Dragon Dagger of Sky (Imperial),Thief,Dagger,G65,65,1,Health,4,6|4|||2|550||550|658|||86
611,Dragon Dagger of Sky (Imperial),Thief,Dagger,G65,65,4,Agility,2,6|4|||2|550||550|658|||86
611,Dragon Dagger of Sky (Imperial),Thief,Dagger,G65,65,5,HP,550,6|4|||2|550||550|658|||86
611,Dragon Dagger of Sky (Imperial),Thief,Dagger,G65,65,7,PDMin,550,6|4|||2|550||550|658|||86
611,Dragon Dagger of Sky (Imperial),Thief,Dagger,G65,65,8,PDMax,658,6|4|||2|550||550|658|||86
611,Dragon Dagger of Sky (Imperial),Thief,Dagger,G65,65,11,OTP,86,6|4|||2|550||550|658|||86
612,Apprentice Thief Trinket,,Trinket,G0,0,1,Health,1,|1||||220|100
612,Apprentice Thief Trinket,,Trinket,G0,0,5,HP,220,|1||||220|100
612,Apprentice Thief Trinket,,Trinket,G0,0,6,MP,100,|1||||220|100
613,Blood Dragon Scaled Armor,Knight,Armor,G65b,65,0,Strength,2,2|9|||1||||||||34|70|10|2|2|2|2|2
613,Blood Dragon Scaled Armor,Knight,Armor,G65b,65,1,Health,9,2|9|||1||||||||34|70|10|2|2|2|2|2
613,Blood Dragon Scaled Armor,Knight,Armor,G65b,65,4,Agility,1,2|9|||1||||||||34|70|10|2|2|2|2|2
613,Blood Dragon Scaled Armor,Knight,Armor,G65b,65,12,Evasion,34,2|9|||1||||||||34|70|10|2|2|2|2|2
613,Blood Dragon Scaled Armor,Knight,Armor,G65b,65,13,Defense,70,2|9|||1||||||||34|70|10|2|2|2|2|2
613,Blood Dragon Scaled Armor,Knight,Armor,G65b,65,14,Absorb,10,2|9|||1||||||||34|70|10|2|2|2|2|2
613,Blood Dragon Scaled Armor,Knight,Armor,G65b,65,15,Fire,2,2|9|||1||||||||34|70|10|2|2|2|2|2
613,Blood Dragon Scaled Armor,Knight,Armor,G65b,65,16,Ice,2,2|9|||1||||||||34|70|10|2|2|2|2|2
613,Blood Dragon Scaled Armor,Knight,Armor,G65b,65,17,Lightening,2,2|9|||1||||||||34|70|10|2|2|2|2|2
613,Blood Dragon Scaled Armor,Knight,Armor,G65b,65,18,NonElemental,2,2|9|||1||||||||34|70|10|2|2|2|2|2
613,Blood Dragon Scaled Armor,Knight,Armor,G65b,65,19,Curse,2,2|9|||1||||||||34|70|10|2|2|2|2|2
614,Blood Dragon Scaled Shorts,Knight,Shorts,G65b,64,0,Strength,1,1|4|||1||||||||41|67|8|1|1|1|1|1
614,Blood Dragon Scaled Shorts,Knight,Shorts,G65b,64,1,Health,4,1|4|||1||||||||41|67|8|1|1|1|1|1
614,Blood Dragon Scaled Shorts,Knight,Shorts,G65b,64,4,Agility,1,1|4|||1||||||||41|67|8|1|1|1|1|1
614,Blood Dragon Scaled Shorts,Knight,Shorts,G65b,64,12,Evasion,41,1|4|||1||||||||41|67|8|1|1|1|1|1
614,Blood Dragon Scaled Shorts,Knight,Shorts,G65b,64,13,Defense,67,1|4|||1||||||||41|67|8|1|1|1|1|1
614,Blood Dragon Scaled Shorts,Knight,Shorts,G65b,64,14,Absorb,8,1|4|||1||||||||41|67|8|1|1|1|1|1
614,Blood Dragon Scaled Shorts,Knight,Shorts,G65b,64,15,Fire,1,1|4|||1||||||||41|67|8|1|1|1|1|1
614,Blood Dragon Scaled Shorts,Knight,Shorts,G65b,64,16,Ice,1,1|4|||1||||||||41|67|8|1|1|1|1|1
614,Blood Dragon Scaled Shorts,Knight,Shorts,G65b,64,17,Lightening,1,1|4|||1||||||||41|67|8|1|1|1|1|1
614,Blood Dragon Scaled Shorts,Knight,Shorts,G65b,64,18,NonElemental,1,1|4|||1||||||||41|67|8|1|1|1|1|1
614,Blood Dragon Scaled Shorts,Knight,Shorts,G65b,64,19,Curse,1,1|4|||1||||||||41|67|8|1|1|1|1|1
615,Blood Dragon Armor,Archer,Armor,G65b,65,0,Strength,4,4|2|||6||||||||33|68|5|1|1|1|1|1
615,Blood Dragon Armor,Archer,Armor,G65b,65,1,Health,2,4|2|||6||||||||33|68|5|1|1|1|1|1
615,Blood Dragon Armor,Archer,Armor,G65b,65,4,Agility,6,4|2|||6||||||||33|68|5|1|1|1|1|1
615,Blood Dragon Armor,Archer,Armor,G65b,65,12,Evasion,33,4|2|||6||||||||33|68|5|1|1|1|1|1
615,Blood Dragon Armor,Archer,Armor,G65b,65,13,Defense,68,4|2|||6||||||||33|68|5|1|1|1|1|1
615,Blood Dragon Armor,Archer,Armor,G65b,65,14,Absorb,5,4|2|||6||||||||33|68|5|1|1|1|1|1
615,Blood Dragon Armor,Archer,Armor,G65b,65,15,Fire,1,4|2|||6||||||||33|68|5|1|1|1|1|1
615,Blood Dragon Armor,Archer,Armor,G65b,65,16,Ice,1,4|2|||6||||||||33|68|5|1|1|1|1|1
615,Blood Dragon Armor,Archer,Armor,G65b,65,17,Lightening,1,4|2|||6||||||||33|68|5|1|1|1|1|1
615,Blood Dragon Armor,Archer,Armor,G65b,65,18,NonElemental,1,4|2|||6||||||||33|68|5|1|1|1|1|1
615,Blood Dragon Armor,Archer,Armor,G65b,65,19,Curse,1,4|2|||6||||||||33|68|5|1|1|1|1|1
616,Blood Dragon Shorts,Archer,Shorts,G65b,64,0,Strength,2,2|1|||3||||||||56|31|3|1|1|1|1|1
616,Blood Dragon Shorts,Archer,Shorts,G65b,64,1,Health,1,2|1|||3||||||||56|31|3|1|1|1|1|1
616,Blood Dragon Shorts,Archer,Shorts,G65b,64,4,Agility,3,2|1|||3||||||||56|31|3|1|1|1|1|1
616,Blood Dragon Shorts,Archer,Shorts,G65b,64,12,Evasion,56,2|1|||3||||||||56|31|3|1|1|1|1|1
616,Blood Dragon Shorts,Archer,Shorts,G65b,64,13,Defense,31,2|1|||3||||||||56|31|3|1|1|1|1|1
616,Blood Dragon Shorts,Archer,Shorts,G65b,64,14,Absorb,3,2|1|||3||||||||56|31|3|1|1|1|1|1
616,Blood Dragon Shorts,Archer,Shorts,G65b,64,15,Fire,1,2|1|||3||||||||56|31|3|1|1|1|1|1
616,Blood Dragon Shorts,Archer,Shorts,G65b,64,16,Ice,1,2|1|||3||||||||56|31|3|1|1|1|1|1
616,Blood Dragon Shorts,Archer,Shorts,G65b,64,17,Lightening,1,2|1|||3||||||||56|31|3|1|1|1|1|1
616,Blood Dragon Shorts,Archer,Shorts,G65b,64,18,NonElemental,1,2|1|||3||||||||56|31|3|1|1|1|1|1
616,Blood Dragon Shorts,Archer,Shorts,G65b,64,19,Curse,1,2|1|||3||||||||56|31|3|1|1|1|1|1
617,Blood Dragon DeaChangEau Clothes,Magician,Armor,G65b,65,1,Health,7,|7|1|8|||||||||34|47|4|10|10|10|7|7
617,Blood Dragon DeaChangEau Clothes,Magician,Armor,G65b,65,2,Intelligence,1,|7|1|8|||||||||34|47|4|10|10|10|7|7
617,Blood Dragon DeaChangEau Clothes,Magician,Armor,G65b,65,3,Wisdom,8,|7|1|8|||||||||34|47|4|10|10|10|7|7
617,Blood Dragon DeaChangEau Clothes,Magician,Armor,G65b,65,12,Evasion,34,|7|1|8|||||||||34|47|4|10|10|10|7|7
617,Blood Dragon DeaChangEau Clothes,Magician,Armor,G65b,65,13,Defense,47,|7|1|8|||||||||34|47|4|10|10|10|7|7
617,Blood Dragon DeaChangEau Clothes,Magician,Armor,G65b,65,14,Absorb,4,|7|1|8|||||||||34|47|4|10|10|10|7|7
617,Blood Dragon DeaChangEau Clothes,Magician,Armor,G65b,65,15,Fire,10,|7|1|8|||||||||34|47|4|10|10|10|7|7
617,Blood Dragon DeaChangEau Clothes,Magician,Armor,G65b,65,16,Ice,10,|7|1|8|||||||||34|47|4|10|10|10|7|7
617,Blood Dragon DeaChangEau Clothes,Magician,Armor,G65b,65,17,Lightening,10,|7|1|8|||||||||34|47|4|10|10|10|7|7
617,Blood Dragon DeaChangEau Clothes,Magician,Armor,G65b,65,18,NonElemental,7,|7|1|8|||||||||34|47|4|10|10|10|7|7
617,Blood Dragon DeaChangEau Clothes,Magician,Armor,G65b,65,19,Curse,7,|7|1|8|||||||||34|47|4|10|10|10|7|7
618,Blood Dragon DeaChangEau Shorts,Magician,Shorts,G65b,64,1,Health,4,|4|1|5|||||||||38|35|4|6|6|6|6|6
618,Blood Dragon DeaChangEau Shorts,Magician,Shorts,G65b,64,2,Intelligence,1,|4|1|5|||||||||38|35|4|6|6|6|6|6
618,Blood Dragon DeaChangEau Shorts,Magician,Shorts,G65b,64,3,Wisdom,5,|4|1|5|||||||||38|35|4|6|6|6|6|6
618,Blood Dragon DeaChangEau Shorts,Magician,Shorts,G65b,64,12,Evasion,38,|4|1|5|||||||||38|35|4|6|6|6|6|6
618,Blood Dragon DeaChangEau Shorts,Magician,Shorts,G65b,64,13,Defense,35,|4|1|5|||||||||38|35|4|6|6|6|6|6
618,Blood Dragon DeaChangEau Shorts,Magician,Shorts,G65b,64,14,Absorb,4,|4|1|5|||||||||38|35|4|6|6|6|6|6
618,Blood Dragon DeaChangEau Shorts,Magician,Shorts,G65b,64,15,Fire,6,|4|1|5|||||||||38|35|4|6|6|6|6|6
618,Blood Dragon DeaChangEau Shorts,Magician,Shorts,G65b,64,16,Ice,6,|4|1|5|||||||||38|35|4|6|6|6|6|6
618,Blood Dragon DeaChangEau Shorts,Magician,Shorts,G65b,64,17,Lightening,6,|4|1|5|||||||||38|35|4|6|6|6|6|6
618,Blood Dragon DeaChangEau Shorts,Magician,Shorts,G65b,64,18,NonElemental,6,|4|1|5|||||||||38|35|4|6|6|6|6|6
618,Blood Dragon DeaChangEau Shorts,Magician,Shorts,G65b,64,19,Curse,6,|4|1|5|||||||||38|35|4|6|6|6|6|6
623,Blood Dragons Sword,Knight,Sw.1H,G70,70,0,Strength,7,7|4|||3|650||388|458|||89
623,Blood Dragons Sword,Knight,Sw.1H,G70,70,1,Health,4,7|4|||3|650||388|458|||89
623,Blood Dragons Sword,Knight,Sw.1H,G70,70,4,Agility,3,7|4|||3|650||388|458|||89
623,Blood Dragons Sword,Knight,Sw.1H,G70,70,5,HP,650,7|4|||3|650||388|458|||89
623,Blood Dragons Sword,Knight,Sw.1H,G70,70,7,PDMin,388,7|4|||3|650||388|458|||89
623,Blood Dragons Sword,Knight,Sw.1H,G70,70,8,PDMax,458,7|4|||3|650||388|458|||89
623,Blood Dragons Sword,Knight,Sw.1H,G70,70,11,OTP,89,7|4|||3|650||388|458|||89
624,Blood Dragons Giant Sword,Knight,Sw.2H,G70,70,0,Strength,11,11|3|||0|600||628|698|||88
624,Blood Dragons Giant Sword,Knight,Sw.2H,G70,70,1,Health,3,11|3|||0|600||628|698|||88
624,Blood Dragons Giant Sword,Knight,Sw.2H,G70,70,4,Agility,0,11|3|||0|600||628|698|||88
624,Blood Dragons Giant Sword,Knight,Sw.2H,G70,70,5,HP,600,11|3|||0|600||628|698|||88
624,Blood Dragons Giant Sword,Knight,Sw.2H,G70,70,7,PDMin,628,11|3|||0|600||628|698|||88
624,Blood Dragons Giant Sword,Knight,Sw.2H,G70,70,8,PDMax,698,11|3|||0|600||628|698|||88
624,Blood Dragons Giant Sword,Knight,Sw.2H,G70,70,11,OTP,88,11|3|||0|600||628|698|||88
625,Blood Dragons Shield,Knight,Shield,G65,65,12,Evasion,12,||||||||||||12|45|3
625,Blood Dragons Shield,Knight,Shield,G65,65,13,Defense,45,||||||||||||12|45|3
625,Blood Dragons Shield,Knight,Shield,G65,65,14,Absorb,3,||||||||||||12|45|3
626,Blood Dragons Bow,Archer,Bow,G70,70,0,Strength,1,1|2|||11|500|100|373|443|||87
626,Blood Dragons Bow,Archer,Bow,G70,70,1,Health,2,1|2|||11|500|100|373|443|||87
626,Blood Dragons Bow,Archer,Bow,G70,70,4,Agility,11,1|2|||11|500|100|373|443|||87
626,Blood Dragons Bow,Archer,Bow,G70,70,5,HP,500,1|2|||11|500|100|373|443|||87
626,Blood Dragons Bow,Archer,Bow,G70,70,6,MP,100,1|2|||11|500|100|373|443|||87
626,Blood Dragons Bow,Archer,Bow,G70,70,7,PDMin,373,1|2|||11|500|100|373|443|||87
626,Blood Dragons Bow,Archer,Bow,G70,70,8,PDMax,443,1|2|||11|500|100|373|443|||87
626,Blood Dragons Bow,Archer,Bow,G70,70,11,OTP,87,1|2|||11|500|100|373|443|||87
627,Blood Dragons Stick,Magician,Stick,G70,70,1,Health,2,|2|9|5||450|250|231|241|490|560|78
627,Blood Dragons Stick,Magician,Stick,G70,70,2,Intelligence,9,|2|9|5||450|250|231|241|490|560|78
627,Blood Dragons Stick,Magician,Stick,G70,70,3,Wisdom,5,|2|9|5||450|250|231|241|490|560|78
627,Blood Dragons Stick,Magician,Stick,G70,70,5,HP,450,|2|9|5||450|250|231|241|490|560|78
627,Blood Dragons Stick,Magician,Stick,G70,70,6,MP,250,|2|9|5||450|250|231|241|490|560|78
627,Blood Dragons Stick,Magician,Stick,G70,70,7,PDMin,231,|2|9|5||450|250|231|241|490|560|78
627,Blood Dragons Stick,Magician,Stick,G70,70,8,PDMax,241,|2|9|5||450|250|231|241|490|560|78
627,Blood Dragons Stick,Magician,Stick,G70,70,9,MDMin,490,|2|9|5||450|250|231|241|490|560|78
627,Blood Dragons Stick,Magician,Stick,G70,70,10,MDMax,560,|2|9|5||450|250|231|241|490|560|78
627,Blood Dragons Stick,Magician,Stick,G70,70,11,OTP,78,|2|9|5||450|250|231|241|490|560|78
628,Blood Dragons Stick of Ruin,Magician,Stick,G70,70,2,Intelligence,25,||25||||450|258|268|525|595|76
628,Blood Dragons Stick of Ruin,Magician,Stick,G70,70,6,MP,450,||25||||450|258|268|525|595|76
628,Blood Dragons Stick of Ruin,Magician,Stick,G70,70,7,PDMin,258,||25||||450|258|268|525|595|76
628,Blood Dragons Stick of Ruin,Magician,Stick,G70,70,8,PDMax,268,||25||||450|258|268|525|595|76
628,Blood Dragons Stick of Ruin,Magician,Stick,G70,70,9,MDMin,525,||25||||450|258|268|525|595|76
628,Blood Dragons Stick of Ruin,Magician,Stick,G70,70,10,MDMax,595,||25||||450|258|268|525|595|76
628,Blood Dragons Stick of Ruin,Magician,Stick,G70,70,11,OTP,76,||25||||450|258|268|525|595|76
629,Blood Dragons Stick of Hell,Magician,Stick,G70,70,3,Wisdom,18,|||18|10||650|212|222|435|505|80
629,Blood Dragons Stick of Hell,Magician,Stick,G70,70,4,Agility,10,|||18|10||650|212|222|435|505|80
629,Blood Dragons Stick of Hell,Magician,Stick,G70,70,6,MP,650,|||18|10||650|212|222|435|505|80
629,Blood Dragons Stick of Hell,Magician,Stick,G70,70,7,PDMin,212,|||18|10||650|212|222|435|505|80
629,Blood Dragons Stick of Hell,Magician,Stick,G70,70,8,PDMax,222,|||18|10||650|212|222|435|505|80
629,Blood Dragons Stick of Hell,Magician,Stick,G70,70,9,MDMin,435,|||18|10||650|212|222|435|505|80
629,Blood Dragons Stick of Hell,Magician,Stick,G70,70,10,MDMax,505,|||18|10||650|212|222|435|505|80
629,Blood Dragons Stick of Hell,Magician,Stick,G70,70,11,OTP,80,|||18|10||650|212|222|435|505|80
630,Blood Dragons Dagger,Thief,Dagger,G70,70,0,Strength,7,7|4|||3|650||588|686|||97
630,Blood Dragons Dagger,Thief,Dagger,G70,70,1,Health,4,7|4|||3|650||588|686|||97
630,Blood Dragons Dagger,Thief,Dagger,G70,70,4,Agility,3,7|4|||3|650||588|686|||97
630,Blood Dragons Dagger,Thief,Dagger,G70,70,5,HP,650,7|4|||3|650||588|686|||97
630,Blood Dragons Dagger,Thief,Dagger,G70,70,7,PDMin,588,7|4|||3|650||588|686|||97
630,Blood Dragons Dagger,Thief,Dagger,G70,70,8,PDMax,686,7|4|||3|650||588|686|||97
630,Blood Dragons Dagger,Thief,Dagger,G70,70,11,OTP,97,7|4|||3|650||588|686|||97
631,Golden Stick of Distress,Magician,Stick,G62,62,2,Intelligence,10,||10||||350|210|220|375|445|70
631,Golden Stick of Distress,Magician,Stick,G62,62,6,MP,350,||10||||350|210|220|375|445|70
631,Golden Stick of Distress,Magician,Stick,G62,62,7,PDMin,210,||10||||350|210|220|375|445|70
631,Golden Stick of Distress,Magician,Stick,G62,62,8,PDMax,220,||10||||350|210|220|375|445|70
631,Golden Stick of Distress,Magician,Stick,G62,62,9,MDMin,375,||10||||350|210|220|375|445|70
631,Golden Stick of Distress,Magician,Stick,G62,62,10,MDMax,445,||10||||350|210|220|375|445|70
631,Golden Stick of Distress,Magician,Stick,G62,62,11,OTP,70,||10||||350|210|220|375|445|70
632,Golden Stick of Sabbath,Magician,Stick,G62,62,3,Wisdom,14,|||14|6||450|172|182|305|375|74
632,Golden Stick of Sabbath,Magician,Stick,G62,62,4,Agility,6,|||14|6||450|172|182|305|375|74
632,Golden Stick of Sabbath,Magician,Stick,G62,62,6,MP,450,|||14|6||450|172|182|305|375|74
632,Golden Stick of Sabbath,Magician,Stick,G62,62,7,PDMin,172,|||14|6||450|172|182|305|375|74
632,Golden Stick of Sabbath,Magician,Stick,G62,62,8,PDMax,182,|||14|6||450|172|182|305|375|74
632,Golden Stick of Sabbath,Magician,Stick,G62,62,9,MDMin,305,|||14|6||450|172|182|305|375|74
632,Golden Stick of Sabbath,Magician,Stick,G62,62,10,MDMax,375,|||14|6||450|172|182|305|375|74
632,Golden Stick of Sabbath,Magician,Stick,G62,62,11,OTP,74,|||14|6||450|172|182|305|375|74
633,Dragons Insight Stick of Sky,Magician,Stick,G65,65,2,Intelligence,12,||12||||400|234|244|450|520|73
633,Dragons Insight Stick of Sky,Magician,Stick,G65,65,6,MP,400,||12||||400|234|244|450|520|73
633,Dragons Insight Stick of Sky,Magician,Stick,G65,65,7,PDMin,234,||12||||400|234|244|450|520|73
633,Dragons Insight Stick of Sky,Magician,Stick,G65,65,8,PDMax,244,||12||||400|234|244|450|520|73
633,Dragons Insight Stick of Sky,Magician,Stick,G65,65,9,MDMin,450,||12||||400|234|244|450|520|73
633,Dragons Insight Stick of Sky,Magician,Stick,G65,65,10,MDMax,520,||12||||400|234|244|450|520|73
633,Dragons Insight Stick of Sky,Magician,Stick,G65,65,11,OTP,73,||12||||400|234|244|450|520|73
634,Dragons Fury Stick of Sky,Magician,Stick,G65,65,3,Wisdom,16,|||16|8||550|192|202|370|440|77
634,Dragons Fury Stick of Sky,Magician,Stick,G65,65,4,Agility,8,|||16|8||550|192|202|370|440|77
634,Dragons Fury Stick of Sky,Magician,Stick,G65,65,6,MP,550,|||16|8||550|192|202|370|440|77
634,Dragons Fury Stick of Sky,Magician,Stick,G65,65,7,PDMin,192,|||16|8||550|192|202|370|440|77
634,Dragons Fury Stick of Sky,Magician,Stick,G65,65,8,PDMax,202,|||16|8||550|192|202|370|440|77
634,Dragons Fury Stick of Sky,Magician,Stick,G65,65,9,MDMin,370,|||16|8||550|192|202|370|440|77
634,Dragons Fury Stick of Sky,Magician,Stick,G65,65,10,MDMax,440,|||16|8||550|192|202|370|440|77
634,Dragons Fury Stick of Sky,Magician,Stick,G65,65,11,OTP,77,|||16|8||550|192|202|370|440|77
635,Blood Dragon Suit of Thief,Thief,All,G65,65,0,Strength,13,13|23|||7|||||||17|133|211|21
635,Blood Dragon Suit of Thief,Thief,All,G65,65,1,Health,23,13|23|||7|||||||17|133|211|21
635,Blood Dragon Suit of Thief,Thief,All,G65,65,4,Agility,7,13|23|||7|||||||17|133|211|21
635,Blood Dragon Suit of Thief,Thief,All,G65,65,11,OTP,17,13|23|||7|||||||17|133|211|21
635,Blood Dragon Suit of Thief,Thief,All,G65,65,12,Evasion,133,13|23|||7|||||||17|133|211|21
635,Blood Dragon Suit of Thief,Thief,All,G65,65,13,Defense,211,13|23|||7|||||||17|133|211|21
635,Blood Dragon Suit of Thief,Thief,All,G65,65,14,Absorb,21,13|23|||7|||||||17|133|211|21
636,Blood Dragon Suit of T,Thief,Armor,G65,65,0,Strength,3,3|5|||4|||||||8|12|66|6|1|1|1||
636,Blood Dragon Suit of T,Thief,Armor,G65,65,1,Health,5,3|5|||4|||||||8|12|66|6|1|1|1||
636,Blood Dragon Suit of T,Thief,Armor,G65,65,4,Agility,4,3|5|||4|||||||8|12|66|6|1|1|1||
636,Blood Dragon Suit of T,Thief,Armor,G65,65,11,OTP,8,3|5|||4|||||||8|12|66|6|1|1|1||
636,Blood Dragon Suit of T,Thief,Armor,G65,65,12,Evasion,12,3|5|||4|||||||8|12|66|6|1|1|1||
636,Blood Dragon Suit of T,Thief,Armor,G65,65,13,Defense,66,3|5|||4|||||||8|12|66|6|1|1|1||
636,Blood Dragon Suit of T,Thief,Armor,G65,65,14,Absorb,6,3|5|||4|||||||8|12|66|6|1|1|1||
636,Blood Dragon Suit of T,Thief,Armor,G65,65,15,Fire,1,3|5|||4|||||||8|12|66|6|1|1|1||
636,Blood Dragon Suit of T,Thief,Armor,G65,65,16,Ice,1,3|5|||4|||||||8|12|66|6|1|1|1||
636,Blood Dragon Suit of T,Thief,Armor,G65,65,17,Lightening,1,3|5|||4|||||||8|12|66|6|1|1|1||
637,Blood Dragon Suit of T Boots,Thief,Boots,G65,62,0,Strength,2,2||||3||||||||39|40|3|||1||
637,Blood Dragon Suit of T Boots,Thief,Boots,G65,62,4,Agility,3,2||||3||||||||39|40|3|||1||
637,Blood Dragon Suit of T Boots,Thief,Boots,G65,62,12,Evasion,39,2||||3||||||||39|40|3|||1||
637,Blood Dragon Suit of T Boots,Thief,Boots,G65,62,13,Defense,40,2||||3||||||||39|40|3|||1||
637,Blood Dragon Suit of T Boots,Thief,Boots,G65,62,14,Absorb,3,2||||3||||||||39|40|3|||1||
637,Blood Dragon Suit of T Boots,Thief,Boots,G65,62,17,Lightening,1,2||||3||||||||39|40|3|||1||
638,Blood Dragon Suit of T Gloves,Thief,Gloves,G65,61,0,Strength,4,4|1|||||||||||11|36|4||1|||
638,Blood Dragon Suit of T Gloves,Thief,Gloves,G65,61,1,Health,1,4|1|||||||||||11|36|4||1|||
638,Blood Dragon Suit of T Gloves,Thief,Gloves,G65,61,12,Evasion,11,4|1|||||||||||11|36|4||1|||
638,Blood Dragon Suit of T Gloves,Thief,Gloves,G65,61,13,Defense,36,4|1|||||||||||11|36|4||1|||
638,Blood Dragon Suit of T Gloves,Thief,Gloves,G65,61,14,Absorb,4,4|1|||||||||||11|36|4||1|||
638,Blood Dragon Suit of T Gloves,Thief,Gloves,G65,61,16,Ice,1,4|1|||||||||||11|36|4||1|||
639,Blood Dragon Suit of T Helmet,Thief,Helmet,G65,63,0,Strength,2,2|13|||||||||||10|41|4|1||||
639,Blood Dragon Suit of T Helmet,Thief,Helmet,G65,63,1,Health,13,2|13|||||||||||10|41|4|1||||
639,Blood Dragon Suit of T Helmet,Thief,Helmet,G65,63,12,Evasion,10,2|13|||||||||||10|41|4|1||||
639,Blood Dragon Suit of T Helmet,Thief,Helmet,G65,63,13,Defense,41,2|13|||||||||||10|41|4|1||||
639,Blood Dragon Suit of T Helmet,Thief,Helmet,G65,63,14,Absorb,4,2|13|||||||||||10|41|4|1||||
639,Blood Dragon Suit of T Helmet,Thief,Helmet,G65,63,15,Fire,1,2|13|||||||||||10|41|4|1||||
640,Blood Dragon Suit of T Shorts,Thief,Shorts,G65,64,0,Strength,2,2|4||||||||||9|61|28|4|1|1|1||
640,Blood Dragon Suit of T Shorts,Thief,Shorts,G65,64,1,Health,4,2|4||||||||||9|61|28|4|1|1|1||
640,Blood Dragon Suit of T Shorts,Thief,Shorts,G65,64,11,OTP,9,2|4||||||||||9|61|28|4|1|1|1||
640,Blood Dragon Suit of T Shorts,Thief,Shorts,G65,64,12,Evasion,61,2|4||||||||||9|61|28|4|1|1|1||
640,Blood Dragon Suit of T Shorts,Thief,Shorts,G65,64,13,Defense,28,2|4||||||||||9|61|28|4|1|1|1||
640,Blood Dragon Suit of T Shorts,Thief,Shorts,G65,64,14,Absorb,4,2|4||||||||||9|61|28|4|1|1|1||
640,Blood Dragon Suit of T Shorts,Thief,Shorts,G65,64,15,Fire,1,2|4||||||||||9|61|28|4|1|1|1||
640,Blood Dragon Suit of T Shorts,Thief,Shorts,G65,64,16,Ice,1,2|4||||||||||9|61|28|4|1|1|1||
640,Blood Dragon Suit of T Shorts,Thief,Shorts,G65,64,17,Lightening,1,2|4||||||||||9|61|28|4|1|1|1||
641,Blood Dragon Suit of T,Thief,Armor,G65b,65,0,Strength,2,2|9|||1|||||||5|12|66|8|1|1|1|1|1
641,Blood Dragon Suit of T,Thief,Armor,G65b,65,1,Health,9,2|9|||1|||||||5|12|66|8|1|1|1|1|1
641,Blood Dragon Suit of T,Thief,Armor,G65b,65,4,Agility,1,2|9|||1|||||||5|12|66|8|1|1|1|1|1
641,Blood Dragon Suit of T,Thief,Armor,G65b,65,11,OTP,5,2|9|||1|||||||5|12|66|8|1|1|1|1|1
641,Blood Dragon Suit of T,Thief,Armor,G65b,65,12,Evasion,12,2|9|||1|||||||5|12|66|8|1|1|1|1|1
641,Blood Dragon Suit of T,Thief,Armor,G65b,65,13,Defense,66,2|9|||1|||||||5|12|66|8|1|1|1|1|1
641,Blood Dragon Suit of T,Thief,Armor,G65b,65,14,Absorb,8,2|9|||1|||||||5|12|66|8|1|1|1|1|1
641,Blood Dragon Suit of T,Thief,Armor,G65b,65,15,Fire,1,2|9|||1|||||||5|12|66|8|1|1|1|1|1
641,Blood Dragon Suit of T,Thief,Armor,G65b,65,16,Ice,1,2|9|||1|||||||5|12|66|8|1|1|1|1|1
641,Blood Dragon Suit of T,Thief,Armor,G65b,65,17,Lightening,1,2|9|||1|||||||5|12|66|8|1|1|1|1|1
641,Blood Dragon Suit of T,Thief,Armor,G65b,65,18,NonElemental,1,2|9|||1|||||||5|12|66|8|1|1|1|1|1
641,Blood Dragon Suit of T,Thief,Armor,G65b,65,19,Curse,1,2|9|||1|||||||5|12|66|8|1|1|1|1|1
642,Blood Dragon Suit of T Shorts,Thief,Shorts,G65b,64,0,Strength,1,1|7||||||||||6|61|28|6|1|1|1|1|1
642,Blood Dragon Suit of T Shorts,Thief,Shorts,G65b,64,1,Health,7,1|7||||||||||6|61|28|6|1|1|1|1|1
642,Blood Dragon Suit of T Shorts,Thief,Shorts,G65b,64,11,OTP,6,1|7||||||||||6|61|28|6|1|1|1|1|1
642,Blood Dragon Suit of T Shorts,Thief,Shorts,G65b,64,12,Evasion,61,1|7||||||||||6|61|28|6|1|1|1|1|1
642,Blood Dragon Suit of T Shorts,Thief,Shorts,G65b,64,13,Defense,28,1|7||||||||||6|61|28|6|1|1|1|1|1
642,Blood Dragon Suit of T Shorts,Thief,Shorts,G65b,64,14,Absorb,6,1|7||||||||||6|61|28|6|1|1|1|1|1
642,Blood Dragon Suit of T Shorts,Thief,Shorts,G65b,64,15,Fire,1,1|7||||||||||6|61|28|6|1|1|1|1|1
642,Blood Dragon Suit of T Shorts,Thief,Shorts,G65b,64,16,Ice,1,1|7||||||||||6|61|28|6|1|1|1|1|1
642,Blood Dragon Suit of T Shorts,Thief,Shorts,G65b,64,17,Lightening,1,1|7||||||||||6|61|28|6|1|1|1|1|1
642,Blood Dragon Suit of T Shorts,Thief,Shorts,G65b,64,18,NonElemental,1,1|7||||||||||6|61|28|6|1|1|1|1|1
642,Blood Dragon Suit of T Shorts,Thief,Shorts,G65b,64,19,Curse,1,1|7||||||||||6|61|28|6|1|1|1|1|1
643,Red Dragon Imperial Stick of Immortality,Magician,Stick,G65,65,1,Health,1,|1|10|3||450|300|235|255|435|505|77
643,Red Dragon Imperial Stick of Immortality,Magician,Stick,G65,65,2,Intelligence,10,|1|10|3||450|300|235|255|435|505|77
643,Red Dragon Imperial Stick of Immortality,Magician,Stick,G65,65,3,Wisdom,3,|1|10|3||450|300|235|255|435|505|77
643,Red Dragon Imperial Stick of Immortality,Magician,Stick,G65,65,5,HP,450,|1|10|3||450|300|235|255|435|505|77
643,Red Dragon Imperial Stick of Immortality,Magician,Stick,G65,65,6,MP,300,|1|10|3||450|300|235|255|435|505|77
643,Red Dragon Imperial Stick of Immortality,Magician,Stick,G65,65,7,PDMin,235,|1|10|3||450|300|235|255|435|505|77
643,Red Dragon Imperial Stick of Immortality,Magician,Stick,G65,65,8,PDMax,255,|1|10|3||450|300|235|255|435|505|77
643,Red Dragon Imperial Stick of Immortality,Magician,Stick,G65,65,9,MDMin,435,|1|10|3||450|300|235|255|435|505|77
643,Red Dragon Imperial Stick of Immortality,Magician,Stick,G65,65,10,MDMax,505,|1|10|3||450|300|235|255|435|505|77
643,Red Dragon Imperial Stick of Immortality,Magician,Stick,G65,65,11,OTP,77,|1|10|3||450|300|235|255|435|505|77
644,Blood Dragon Imperial Stick of Pain,Magician,Stick,G65,65,2,Intelligence,15,||15||||600|249|259|465|535|77
644,Blood Dragon Imperial Stick of Pain,Magician,Stick,G65,65,6,MP,600,||15||||600|249|259|465|535|77
644,Blood Dragon Imperial Stick of Pain,Magician,Stick,G65,65,7,PDMin,249,||15||||600|249|259|465|535|77
644,Blood Dragon Imperial Stick of Pain,Magician,Stick,G65,65,8,PDMax,259,||15||||600|249|259|465|535|77
644,Blood Dragon Imperial Stick of Pain,Magician,Stick,G65,65,9,MDMin,465,||15||||600|249|259|465|535|77
644,Blood Dragon Imperial Stick of Pain,Magician,Stick,G65,65,10,MDMax,535,||15||||600|249|259|465|535|77
644,Blood Dragon Imperial Stick of Pain,Magician,Stick,G65,65,11,OTP,77,||15||||600|249|259|465|535|77
645,Blood Dragon Imperial Stick of Ruin,Magician,Stick,G65,65,3,Wisdom,19,|||19|10||750|207|217|385|455|79
645,Blood Dragon Imperial Stick of Ruin,Magician,Stick,G65,65,4,Agility,10,|||19|10||750|207|217|385|455|79
645,Blood Dragon Imperial Stick of Ruin,Magician,Stick,G65,65,6,MP,750,|||19|10||750|207|217|385|455|79
645,Blood Dragon Imperial Stick of Ruin,Magician,Stick,G65,65,7,PDMin,207,|||19|10||750|207|217|385|455|79
645,Blood Dragon Imperial Stick of Ruin,Magician,Stick,G65,65,8,PDMax,217,|||19|10||750|207|217|385|455|79
645,Blood Dragon Imperial Stick of Ruin,Magician,Stick,G65,65,9,MDMin,385,|||19|10||750|207|217|385|455|79
645,Blood Dragon Imperial Stick of Ruin,Magician,Stick,G65,65,10,MDMax,455,|||19|10||750|207|217|385|455|79
645,Blood Dragon Imperial Stick of Ruin,Magician,Stick,G65,65,11,OTP,79,|||19|10||750|207|217|385|455|79
646,Imperial Blood Dragons Sword,Knight,Sw.1H,G70,70,0,Strength,7,7|4|||3|650||456|533|||89
646,Imperial Blood Dragons Sword,Knight,Sw.1H,G70,70,1,Health,4,7|4|||3|650||456|533|||89
646,Imperial Blood Dragons Sword,Knight,Sw.1H,G70,70,4,Agility,3,7|4|||3|650||456|533|||89
646,Imperial Blood Dragons Sword,Knight,Sw.1H,G70,70,5,HP,650,7|4|||3|650||456|533|||89
646,Imperial Blood Dragons Sword,Knight,Sw.1H,G70,70,7,PDMin,456,7|4|||3|650||456|533|||89
646,Imperial Blood Dragons Sword,Knight,Sw.1H,G70,70,8,PDMax,533,7|4|||3|650||456|533|||89
646,Imperial Blood Dragons Sword,Knight,Sw.1H,G70,70,11,OTP,89,7|4|||3|650||456|533|||89
647,Imp. Blood Dragons Giant Sword,Knight,Sw.2H,G70,70,0,Strength,11,11|3|||0|600||715|791|||88
647,Imp. Blood Dragons Giant Sword,Knight,Sw.2H,G70,70,1,Health,3,11|3|||0|600||715|791|||88
647,Imp. Blood Dragons Giant Sword,Knight,Sw.2H,G70,70,4,Agility,0,11|3|||0|600||715|791|||88
647,Imp. Blood Dragons Giant Sword,Knight,Sw.2H,G70,70,5,HP,600,11|3|||0|600||715|791|||88
647,Imp. Blood Dragons Giant Sword,Knight,Sw.2H,G70,70,7,PDMin,715,11|3|||0|600||715|791|||88
647,Imp. Blood Dragons Giant Sword,Knight,Sw.2H,G70,70,8,PDMax,791,11|3|||0|600||715|791|||88
647,Imp. Blood Dragons Giant Sword,Knight,Sw.2H,G70,70,11,OTP,88,11|3|||0|600||715|791|||88
648,Imperial Blood Dragons Bow,Archer,Bow,G70,70,0,Strength,1,1|2|||11|500|100|450|526|||87
648,Imperial Blood Dragons Bow,Archer,Bow,G70,70,1,Health,2,1|2|||11|500|100|450|526|||87
648,Imperial Blood Dragons Bow,Archer,Bow,G70,70,4,Agility,11,1|2|||11|500|100|450|526|||87
648,Imperial Blood Dragons Bow,Archer,Bow,G70,70,5,HP,500,1|2|||11|500|100|450|526|||87
648,Imperial Blood Dragons Bow,Archer,Bow,G70,70,6,MP,100,1|2|||11|500|100|450|526|||87
648,Imperial Blood Dragons Bow,Archer,Bow,G70,70,7,PDMin,450,1|2|||11|500|100|450|526|||87
648,Imperial Blood Dragons Bow,Archer,Bow,G70,70,8,PDMax,526,1|2|||11|500|100|450|526|||87
648,Imperial Blood Dragons Bow,Archer,Bow,G70,70,11,OTP,87,1|2|||11|500|100|450|526|||87
649,Blood Dragons Imperial Stick Of pain,Magician,Stick,G70,70,2,Intelligence,11,||11|5||550|350|248|258|503|573|80
649,Blood Dragons Imperial Stick Of pain,Magician,Stick,G70,70,3,Wisdom,5,||11|5||550|350|248|258|503|573|80
649,Blood Dragons Imperial Stick Of pain,Magician,Stick,G70,70,5,HP,550,||11|5||550|350|248|258|503|573|80
649,Blood Dragons Imperial Stick Of pain,Magician,Stick,G70,70,6,MP,350,||11|5||550|350|248|258|503|573|80
649,Blood Dragons Imperial Stick Of pain,Magician,Stick,G70,70,7,PDMin,248,||11|5||550|350|248|258|503|573|80
649,Blood Dragons Imperial Stick Of pain,Magician,Stick,G70,70,8,PDMax,258,||11|5||550|350|248|258|503|573|80
649,Blood Dragons Imperial Stick Of pain,Magician,Stick,G70,70,9,MDMin,503,||11|5||550|350|248|258|503|573|80
649,Blood Dragons Imperial Stick Of pain,Magician,Stick,G70,70,10,MDMax,573,||11|5||550|350|248|258|503|573|80
649,Blood Dragons Imperial Stick Of pain,Magician,Stick,G70,70,11,OTP,80,||11|5||550|350|248|258|503|573|80
650,Blood Dragons Imperial Stick of Ruin,Magician,Stick,G70,70,2,Intelligence,28,||28||||650|273|283|540|610|78
650,Blood Dragons Imperial Stick of Ruin,Magician,Stick,G70,70,6,MP,650,||28||||650|273|283|540|610|78
650,Blood Dragons Imperial Stick of Ruin,Magician,Stick,G70,70,7,PDMin,273,||28||||650|273|283|540|610|78
650,Blood Dragons Imperial Stick of Ruin,Magician,Stick,G70,70,8,PDMax,283,||28||||650|273|283|540|610|78
650,Blood Dragons Imperial Stick of Ruin,Magician,Stick,G70,70,9,MDMin,540,||28||||650|273|283|540|610|78
650,Blood Dragons Imperial Stick of Ruin,Magician,Stick,G70,70,10,MDMax,610,||28||||650|273|283|540|610|78
650,Blood Dragons Imperial Stick of Ruin,Magician,Stick,G70,70,11,OTP,78,||28||||650|273|283|540|610|78
651,Blood Dragons Imperial Stick of Hell,Magician,Stick,G70,70,3,Wisdom,21,|||21|12||850|227|237|450|520|82
651,Blood Dragons Imperial Stick of Hell,Magician,Stick,G70,70,4,Agility,12,|||21|12||850|227|237|450|520|82
651,Blood Dragons Imperial Stick of Hell,Magician,Stick,G70,70,6,MP,850,|||21|12||850|227|237|450|520|82
651,Blood Dragons Imperial Stick of Hell,Magician,Stick,G70,70,7,PDMin,227,|||21|12||850|227|237|450|520|82
651,Blood Dragons Imperial Stick of Hell,Magician,Stick,G70,70,8,PDMax,237,|||21|12||850|227|237|450|520|82
651,Blood Dragons Imperial Stick of Hell,Magician,Stick,G70,70,9,MDMin,450,|||21|12||850|227|237|450|520|82
651,Blood Dragons Imperial Stick of Hell,Magician,Stick,G70,70,10,MDMax,520,|||21|12||850|227|237|450|520|82
651,Blood Dragons Imperial Stick of Hell,Magician,Stick,G70,70,11,OTP,82,|||21|12||850|227|237|450|520|82
652,Imperial Blood Dragons Dagger,Thief,Dagger,G70,70,0,Strength,7,7|4|||3|650||638|746|||89
652,Imperial Blood Dragons Dagger,Thief,Dagger,G70,70,1,Health,4,7|4|||3|650||638|746|||89
652,Imperial Blood Dragons Dagger,Thief,Dagger,G70,70,4,Agility,3,7|4|||3|650||638|746|||89
652,Imperial Blood Dragons Dagger,Thief,Dagger,G70,70,5,HP,650,7|4|||3|650||638|746|||89
652,Imperial Blood Dragons Dagger,Thief,Dagger,G70,70,7,PDMin,638,7|4|||3|650||638|746|||89
652,Imperial Blood Dragons Dagger,Thief,Dagger,G70,70,8,PDMax,746,7|4|||3|650||638|746|||89
652,Imperial Blood Dragons Dagger,Thief,Dagger,G70,70,11,OTP,89,7|4|||3|650||638|746|||89
653,Dragons Imperial Stick of Immortality,Magician,Stick,G65,65,2,Intelligence,11,||11|5|||300|245|255|462|532|77
653,Dragons Imperial Stick of Immortality,Magician,Stick,G65,65,3,Wisdom,5,||11|5|||300|245|255|462|532|77
653,Dragons Imperial Stick of Immortality,Magician,Stick,G65,65,6,MP,300,||11|5|||300|245|255|462|532|77
653,Dragons Imperial Stick of Immortality,Magician,Stick,G65,65,7,PDMin,245,||11|5|||300|245|255|462|532|77
653,Dragons Imperial Stick of Immortality,Magician,Stick,G65,65,8,PDMax,255,||11|5|||300|245|255|462|532|77
653,Dragons Imperial Stick of Immortality,Magician,Stick,G65,65,9,MDMin,462,||11|5|||300|245|255|462|532|77
653,Dragons Imperial Stick of Immortality,Magician,Stick,G65,65,10,MDMax,532,||11|5|||300|245|255|462|532|77
653,Dragons Imperial Stick of Immortality,Magician,Stick,G65,65,11,OTP,77,||11|5|||300|245|255|462|532|77
654,Imperial Blood Dragons Stick,Magician,Stick,G70,70,1,Health,2,|2|3|9||450|250|259|266|539|616|78
654,Imperial Blood Dragons Stick,Magician,Stick,G70,70,2,Intelligence,3,|2|3|9||450|250|259|266|539|616|78
654,Imperial Blood Dragons Stick,Magician,Stick,G70,70,3,Wisdom,9,|2|3|9||450|250|259|266|539|616|78
654,Imperial Blood Dragons Stick,Magician,Stick,G70,70,5,HP,450,|2|3|9||450|250|259|266|539|616|78
654,Imperial Blood Dragons Stick,Magician,Stick,G70,70,6,MP,250,|2|3|9||450|250|259|266|539|616|78
654,Imperial Blood Dragons Stick,Magician,Stick,G70,70,7,PDMin,259,|2|3|9||450|250|259|266|539|616|78
654,Imperial Blood Dragons Stick,Magician,Stick,G70,70,8,PDMax,266,|2|3|9||450|250|259|266|539|616|78
654,Imperial Blood Dragons Stick,Magician,Stick,G70,70,9,MDMin,539,|2|3|9||450|250|259|266|539|616|78
654,Imperial Blood Dragons Stick,Magician,Stick,G70,70,10,MDMax,616,|2|3|9||450|250|259|266|539|616|78
654,Imperial Blood Dragons Stick,Magician,Stick,G70,70,11,OTP,78,|2|3|9||450|250|259|266|539|616|78
655,Red Dragons Imperial Stick of Immortality,Magician,Stick,G70,70,2,Intelligence,12,||12|8|||350|268|278|530|600|80
655,Red Dragons Imperial Stick of Immortality,Magician,Stick,G70,70,3,Wisdom,8,||12|8|||350|268|278|530|600|80
655,Red Dragons Imperial Stick of Immortality,Magician,Stick,G70,70,6,MP,350,||12|8|||350|268|278|530|600|80
655,Red Dragons Imperial Stick of Immortality,Magician,Stick,G70,70,7,PDMin,268,||12|8|||350|268|278|530|600|80
655,Red Dragons Imperial Stick of Immortality,Magician,Stick,G70,70,8,PDMax,278,||12|8|||350|268|278|530|600|80
655,Red Dragons Imperial Stick of Immortality,Magician,Stick,G70,70,9,MDMin,530,||12|8|||350|268|278|530|600|80
655,Red Dragons Imperial Stick of Immortality,Magician,Stick,G70,70,10,MDMax,600,||12|8|||350|268|278|530|600|80
655,Red Dragons Imperial Stick of Immortality,Magician,Stick,G70,70,11,OTP,80,||12|8|||350|268|278|530|600|80
656,Heavenly Executioner Shield,Knight,Shield,G70,70,12,Evasion,14,||||||||||||14|56|4
656,Heavenly Executioner Shield,Knight,Shield,G70,70,13,Defense,56,||||||||||||14|56|4
656,Heavenly Executioner Shield,Knight,Shield,G70,70,14,Absorb,4,||||||||||||14|56|4
657,Heavenly Executioner Sword,Knight,Sw.1H,G75,75,0,Strength,8,8|4|||4|750||480|550|||92
657,Heavenly Executioner Sword,Knight,Sw.1H,G75,75,1,Health,4,8|4|||4|750||480|550|||92
657,Heavenly Executioner Sword,Knight,Sw.1H,G75,75,4,Agility,4,8|4|||4|750||480|550|||92
657,Heavenly Executioner Sword,Knight,Sw.1H,G75,75,5,HP,750,8|4|||4|750||480|550|||92
657,Heavenly Executioner Sword,Knight,Sw.1H,G75,75,7,PDMin,480,8|4|||4|750||480|550|||92
657,Heavenly Executioner Sword,Knight,Sw.1H,G75,75,8,PDMax,550,8|4|||4|750||480|550|||92
657,Heavenly Executioner Sword,Knight,Sw.1H,G75,75,11,OTP,92,8|4|||4|750||480|550|||92
658,Heavenly Executioner Giant Sword,Knight,Sw.2H,G75,75,0,Strength,13,13|3|||0|700||700|770|||91
658,Heavenly Executioner Giant Sword,Knight,Sw.2H,G75,75,1,Health,3,13|3|||0|700||700|770|||91
658,Heavenly Executioner Giant Sword,Knight,Sw.2H,G75,75,4,Agility,0,13|3|||0|700||700|770|||91
658,Heavenly Executioner Giant Sword,Knight,Sw.2H,G75,75,5,HP,700,13|3|||0|700||700|770|||91
658,Heavenly Executioner Giant Sword,Knight,Sw.2H,G75,75,7,PDMin,700,13|3|||0|700||700|770|||91
658,Heavenly Executioner Giant Sword,Knight,Sw.2H,G75,75,8,PDMax,770,13|3|||0|700||700|770|||91
658,Heavenly Executioner Giant Sword,Knight,Sw.2H,G75,75,11,OTP,91,13|3|||0|700||700|770|||91
659,Heavenly Executioner Bow,Archer,Bow,G75,75,0,Strength,1,1|2|||13|550|150|475|545|||90
659,Heavenly Executioner Bow,Archer,Bow,G75,75,1,Health,2,1|2|||13|550|150|475|545|||90
659,Heavenly Executioner Bow,Archer,Bow,G75,75,4,Agility,13,1|2|||13|550|150|475|545|||90
659,Heavenly Executioner Bow,Archer,Bow,G75,75,5,HP,550,1|2|||13|550|150|475|545|||90
659,Heavenly Executioner Bow,Archer,Bow,G75,75,6,MP,150,1|2|||13|550|150|475|545|||90
659,Heavenly Executioner Bow,Archer,Bow,G75,75,7,PDMin,475,1|2|||13|550|150|475|545|||90
659,Heavenly Executioner Bow,Archer,Bow,G75,75,8,PDMax,545,1|2|||13|550|150|475|545|||90
659,Heavenly Executioner Bow,Archer,Bow,G75,75,11,OTP,90,1|2|||13|550|150|475|545|||90
660,Heavenly Executioner Dagger,Thief,Dagger,G75,75,0,Strength,8,8|4|||4|750||672|770|||100
660,Heavenly Executioner Dagger,Thief,Dagger,G75,75,1,Health,4,8|4|||4|750||672|770|||100
660,Heavenly Executioner Dagger,Thief,Dagger,G75,75,4,Agility,4,8|4|||4|750||672|770|||100
660,Heavenly Executioner Dagger,Thief,Dagger,G75,75,5,HP,750,8|4|||4|750||672|770|||100
660,Heavenly Executioner Dagger,Thief,Dagger,G75,75,7,PDMin,672,8|4|||4|750||672|770|||100
660,Heavenly Executioner Dagger,Thief,Dagger,G75,75,8,PDMax,770,8|4|||4|750||672|770|||100
660,Heavenly Executioner Dagger,Thief,Dagger,G75,75,11,OTP,100,8|4|||4|750||672|770|||100
661,Heavenly Executioner Stick,Magician,Stick,G75,75,1,Health,3,|3|10|3|0|550|300|252|262|560|630|81
661,Heavenly Executioner Stick,Magician,Stick,G75,75,2,Intelligence,10,|3|10|3|0|550|300|252|262|560|630|81
661,Heavenly Executioner Stick,Magician,Stick,G75,75,3,Wisdom,3,|3|10|3|0|550|300|252|262|560|630|81
661,Heavenly Executioner Stick,Magician,Stick,G75,75,4,Agility,0,|3|10|3|0|550|300|252|262|560|630|81
661,Heavenly Executioner Stick,Magician,Stick,G75,75,5,HP,550,|3|10|3|0|550|300|252|262|560|630|81
661,Heavenly Executioner Stick,Magician,Stick,G75,75,6,MP,300,|3|10|3|0|550|300|252|262|560|630|81
661,Heavenly Executioner Stick,Magician,Stick,G75,75,7,PDMin,252,|3|10|3|0|550|300|252|262|560|630|81
661,Heavenly Executioner Stick,Magician,Stick,G75,75,8,PDMax,262,|3|10|3|0|550|300|252|262|560|630|81
661,Heavenly Executioner Stick,Magician,Stick,G75,75,9,MDMin,560,|3|10|3|0|550|300|252|262|560|630|81
661,Heavenly Executioner Stick,Magician,Stick,G75,75,10,MDMax,630,|3|10|3|0|550|300|252|262|560|630|81
661,Heavenly Executioner Stick,Magician,Stick,G75,75,11,OTP,81,|3|10|3|0|550|300|252|262|560|630|81
662,Heavenly Executioner Stick of Ruin,Magician,Stick,G75,75,2,Intelligence,29,||29||||300|282|292|600|670|79
662,Heavenly Executioner Stick of Ruin,Magician,Stick,G75,75,6,MP,300,||29||||300|282|292|600|670|79
662,Heavenly Executioner Stick of Ruin,Magician,Stick,G75,75,7,PDMin,282,||29||||300|282|292|600|670|79
662,Heavenly Executioner Stick of Ruin,Magician,Stick,G75,75,8,PDMax,292,||29||||300|282|292|600|670|79
662,Heavenly Executioner Stick of Ruin,Magician,Stick,G75,75,9,MDMin,600,||29||||300|282|292|600|670|79
662,Heavenly Executioner Stick of Ruin,Magician,Stick,G75,75,10,MDMax,670,||29||||300|282|292|600|670|79
662,Heavenly Executioner Stick of Ruin,Magician,Stick,G75,75,11,OTP,79,||29||||300|282|292|600|670|79
663,Heavenly Executioner Stick of Hell,Magician,Stick,G75,75,1,Health,2,|2||20|10||750|232|242|500|570|83
663,Heavenly Executioner Stick of Hell,Magician,Stick,G75,75,3,Wisdom,20,|2||20|10||750|232|242|500|570|83
663,Heavenly Executioner Stick of Hell,Magician,Stick,G75,75,4,Agility,10,|2||20|10||750|232|242|500|570|83
663,Heavenly Executioner Stick of Hell,Magician,Stick,G75,75,6,MP,750,|2||20|10||750|232|242|500|570|83
663,Heavenly Executioner Stick of Hell,Magician,Stick,G75,75,7,PDMin,232,|2||20|10||750|232|242|500|570|83
663,Heavenly Executioner Stick of Hell,Magician,Stick,G75,75,8,PDMax,242,|2||20|10||750|232|242|500|570|83
663,Heavenly Executioner Stick of Hell,Magician,Stick,G75,75,9,MDMin,500,|2||20|10||750|232|242|500|570|83
663,Heavenly Executioner Stick of Hell,Magician,Stick,G75,75,10,MDMax,570,|2||20|10||750|232|242|500|570|83
663,Heavenly Executioner Stick of Hell,Magician,Stick,G75,75,11,OTP,83,|2||20|10||750|232|242|500|570|83
664,Heavenly Executioner Sword (Imperial),Knight,Sw.1H,G75,75,0,Strength,8,8|4|||4|750||519|596|||92
664,Heavenly Executioner Sword (Imperial),Knight,Sw.1H,G75,75,1,Health,4,8|4|||4|750||519|596|||92
664,Heavenly Executioner Sword (Imperial),Knight,Sw.1H,G75,75,4,Agility,4,8|4|||4|750||519|596|||92
664,Heavenly Executioner Sword (Imperial),Knight,Sw.1H,G75,75,5,HP,750,8|4|||4|750||519|596|||92
664,Heavenly Executioner Sword (Imperial),Knight,Sw.1H,G75,75,7,PDMin,519,8|4|||4|750||519|596|||92
664,Heavenly Executioner Sword (Imperial),Knight,Sw.1H,G75,75,8,PDMax,596,8|4|||4|750||519|596|||92
664,Heavenly Executioner Sword (Imperial),Knight,Sw.1H,G75,75,11,OTP,92,8|4|||4|750||519|596|||92
665,Heavenly Executioner Giant Sword (Imperial),Knight,Sw.2H,G75,75,0,Strength,13,13|3|||0|700||770|846|||91
665,Heavenly Executioner Giant Sword (Imperial),Knight,Sw.2H,G75,75,1,Health,3,13|3|||0|700||770|846|||91
665,Heavenly Executioner Giant Sword (Imperial),Knight,Sw.2H,G75,75,4,Agility,0,13|3|||0|700||770|846|||91
665,Heavenly Executioner Giant Sword (Imperial),Knight,Sw.2H,G75,75,5,HP,700,13|3|||0|700||770|846|||91
665,Heavenly Executioner Giant Sword (Imperial),Knight,Sw.2H,G75,75,7,PDMin,770,13|3|||0|700||770|846|||91
665,Heavenly Executioner Giant Sword (Imperial),Knight,Sw.2H,G75,75,8,PDMax,846,13|3|||0|700||770|846|||91
665,Heavenly Executioner Giant Sword (Imperial),Knight,Sw.2H,G75,75,11,OTP,91,13|3|||0|700||770|846|||91
666,Heavenly Executioner Bow (Imperial),Archer,Bow,G75,75,0,Strength,1,1|2|||13|550|150|521|596|||90
666,Heavenly Executioner Bow (Imperial),Archer,Bow,G75,75,1,Health,2,1|2|||13|550|150|521|596|||90
666,Heavenly Executioner Bow (Imperial),Archer,Bow,G75,75,4,Agility,13,1|2|||13|550|150|521|596|||90
666,Heavenly Executioner Bow (Imperial),Archer,Bow,G75,75,5,HP,550,1|2|||13|550|150|521|596|||90
666,Heavenly Executioner Bow (Imperial),Archer,Bow,G75,75,6,MP,150,1|2|||13|550|150|521|596|||90
666,Heavenly Executioner Bow (Imperial),Archer,Bow,G75,75,7,PDMin,521,1|2|||13|550|150|521|596|||90
666,Heavenly Executioner Bow (Imperial),Archer,Bow,G75,75,8,PDMax,596,1|2|||13|550|150|521|596|||90
666,Heavenly Executioner Bow (Imperial),Archer,Bow,G75,75,11,OTP,90,1|2|||13|550|150|521|596|||90
667,Heavenly Executioner Dagger (Imperial),Thief,Dagger,G75,75,0,Strength,8,8|4|||4|750||726|834|||92
667,Heavenly Executioner Dagger (Imperial),Thief,Dagger,G75,75,1,Health,4,8|4|||4|750||726|834|||92
667,Heavenly Executioner Dagger (Imperial),Thief,Dagger,G75,75,4,Agility,4,8|4|||4|750||726|834|||92
667,Heavenly Executioner Dagger (Imperial),Thief,Dagger,G75,75,5,HP,750,8|4|||4|750||726|834|||92
667,Heavenly Executioner Dagger (Imperial),Thief,Dagger,G75,75,7,PDMin,726,8|4|||4|750||726|834|||92
667,Heavenly Executioner Dagger (Imperial),Thief,Dagger,G75,75,8,PDMax,834,8|4|||4|750||726|834|||92
667,Heavenly Executioner Dagger (Imperial),Thief,Dagger,G75,75,11,OTP,92,8|4|||4|750||726|834|||92
668,Heavenly Executioner Stick (Imperial),Magician,Stick,G75,75,1,Health,3,|3|10|3|0|550|300|286|290|616|693|81
668,Heavenly Executioner Stick (Imperial),Magician,Stick,G75,75,2,Intelligence,10,|3|10|3|0|550|300|286|290|616|693|81
668,Heavenly Executioner Stick (Imperial),Magician,Stick,G75,75,3,Wisdom,3,|3|10|3|0|550|300|286|290|616|693|81
668,Heavenly Executioner Stick (Imperial),Magician,Stick,G75,75,4,Agility,0,|3|10|3|0|550|300|286|290|616|693|81
668,Heavenly Executioner Stick (Imperial),Magician,Stick,G75,75,5,HP,550,|3|10|3|0|550|300|286|290|616|693|81
668,Heavenly Executioner Stick (Imperial),Magician,Stick,G75,75,6,MP,300,|3|10|3|0|550|300|286|290|616|693|81
668,Heavenly Executioner Stick (Imperial),Magician,Stick,G75,75,7,PDMin,286,|3|10|3|0|550|300|286|290|616|693|81
668,Heavenly Executioner Stick (Imperial),Magician,Stick,G75,75,8,PDMax,290,|3|10|3|0|550|300|286|290|616|693|81
668,Heavenly Executioner Stick (Imperial),Magician,Stick,G75,75,9,MDMin,616,|3|10|3|0|550|300|286|290|616|693|81
668,Heavenly Executioner Stick (Imperial),Magician,Stick,G75,75,10,MDMax,693,|3|10|3|0|550|300|286|290|616|693|81
668,Heavenly Executioner Stick (Imperial),Magician,Stick,G75,75,11,OTP,81,|3|10|3|0|550|300|286|290|616|693|81
669,Heavenly Executioner Stick of Ruin (Imperial),Magician,Stick,G75,75,2,Intelligence,32,||32||||700|297|307|615|685|81
669,Heavenly Executioner Stick of Ruin (Imperial),Magician,Stick,G75,75,6,MP,700,||32||||700|297|307|615|685|81
669,Heavenly Executioner Stick of Ruin (Imperial),Magician,Stick,G75,75,7,PDMin,297,||32||||700|297|307|615|685|81
669,Heavenly Executioner Stick of Ruin (Imperial),Magician,Stick,G75,75,8,PDMax,307,||32||||700|297|307|615|685|81
669,Heavenly Executioner Stick of Ruin (Imperial),Magician,Stick,G75,75,9,MDMin,615,||32||||700|297|307|615|685|81
669,Heavenly Executioner Stick of Ruin (Imperial),Magician,Stick,G75,75,10,MDMax,685,||32||||700|297|307|615|685|81
669,Heavenly Executioner Stick of Ruin (Imperial),Magician,Stick,G75,75,11,OTP,81,||32||||700|297|307|615|685|81
670,Heavenly Executioner Stick of Hell (Imperial),Magician,Stick,G75,75,1,Health,2,|2||23|12||950|247|257|515|585|85
670,Heavenly Executioner Stick of Hell (Imperial),Magician,Stick,G75,75,3,Wisdom,23,|2||23|12||950|247|257|515|585|85
670,Heavenly Executioner Stick of Hell (Imperial),Magician,Stick,G75,75,4,Agility,12,|2||23|12||950|247|257|515|585|85
670,Heavenly Executioner Stick of Hell (Imperial),Magician,Stick,G75,75,6,MP,950,|2||23|12||950|247|257|515|585|85
670,Heavenly Executioner Stick of Hell (Imperial),Magician,Stick,G75,75,7,PDMin,247,|2||23|12||950|247|257|515|585|85
670,Heavenly Executioner Stick of Hell (Imperial),Magician,Stick,G75,75,8,PDMax,257,|2||23|12||950|247|257|515|585|85
670,Heavenly Executioner Stick of Hell (Imperial),Magician,Stick,G75,75,9,MDMin,515,|2||23|12||950|247|257|515|585|85
670,Heavenly Executioner Stick of Hell (Imperial),Magician,Stick,G75,75,10,MDMax,585,|2||23|12||950|247|257|515|585|85
670,Heavenly Executioner Stick of Hell (Imperial),Magician,Stick,G75,75,11,OTP,85,|2||23|12||950|247|257|515|585|85
671,Heavenly Executioner Armor,Archer,All,G70,70,0,Strength,14,14|8|||16|350|300|||||4|182|239|29|3.5|3.5|3.5|3.5|3.5
671,Heavenly Executioner Armor,Archer,All,G70,70,1,Health,8,14|8|||16|350|300|||||4|182|239|29|3.5|3.5|3.5|3.5|3.5
671,Heavenly Executioner Armor,Archer,All,G70,70,4,Agility,16,14|8|||16|350|300|||||4|182|239|29|3.5|3.5|3.5|3.5|3.5
671,Heavenly Executioner Armor,Archer,All,G70,70,5,HP,350,14|8|||16|350|300|||||4|182|239|29|3.5|3.5|3.5|3.5|3.5
671,Heavenly Executioner Armor,Archer,All,G70,70,6,MP,300,14|8|||16|350|300|||||4|182|239|29|3.5|3.5|3.5|3.5|3.5
671,Heavenly Executioner Armor,Archer,All,G70,70,11,OTP,4,14|8|||16|350|300|||||4|182|239|29|3.5|3.5|3.5|3.5|3.5
671,Heavenly Executioner Armor,Archer,All,G70,70,12,Evasion,182,14|8|||16|350|300|||||4|182|239|29|3.5|3.5|3.5|3.5|3.5
671,Heavenly Executioner Armor,Archer,All,G70,70,13,Defense,239,14|8|||16|350|300|||||4|182|239|29|3.5|3.5|3.5|3.5|3.5
671,Heavenly Executioner Armor,Archer,All,G70,70,14,Absorb,29,14|8|||16|350|300|||||4|182|239|29|3.5|3.5|3.5|3.5|3.5
671,Heavenly Executioner Armor,Archer,All,G70,70,15,Fire,3.5,14|8|||16|350|300|||||4|182|239|29|3.5|3.5|3.5|3.5|3.5
671,Heavenly Executioner Armor,Archer,All,G70,70,16,Ice,3.5,14|8|||16|350|300|||||4|182|239|29|3.5|3.5|3.5|3.5|3.5
671,Heavenly Executioner Armor,Archer,All,G70,70,17,Lightening,3.5,14|8|||16|350|300|||||4|182|239|29|3.5|3.5|3.5|3.5|3.5
671,Heavenly Executioner Armor,Archer,All,G70,70,18,NonElemental,3.5,14|8|||16|350|300|||||4|182|239|29|3.5|3.5|3.5|3.5|3.5
671,Heavenly Executioner Armor,Archer,All,G70,70,19,Curse,3.5,14|8|||16|350|300|||||4|182|239|29|3.5|3.5|3.5|3.5|3.5
672,Heavenly Executioner Armor,Archer,Armor,G70,70,0,Strength,4,4|3|||8|150|150|||||1|40|75|8|2|2|2|2|2
672,Heavenly Executioner Armor,Archer,Armor,G70,70,1,Health,3,4|3|||8|150|150|||||1|40|75|8|2|2|2|2|2
672,Heavenly Executioner Armor,Archer,Armor,G70,70,4,Agility,8,4|3|||8|150|150|||||1|40|75|8|2|2|2|2|2
672,Heavenly Executioner Armor,Archer,Armor,G70,70,5,HP,150,4|3|||8|150|150|||||1|40|75|8|2|2|2|2|2
672,Heavenly Executioner Armor,Archer,Armor,G70,70,6,MP,150,4|3|||8|150|150|||||1|40|75|8|2|2|2|2|2
672,Heavenly Executioner Armor,Archer,Armor,G70,70,11,OTP,1,4|3|||8|150|150|||||1|40|75|8|2|2|2|2|2
672,Heavenly Executioner Armor,Archer,Armor,G70,70,12,Evasion,40,4|3|||8|150|150|||||1|40|75|8|2|2|2|2|2
672,Heavenly Executioner Armor,Archer,Armor,G70,70,13,Defense,75,4|3|||8|150|150|||||1|40|75|8|2|2|2|2|2
672,Heavenly Executioner Armor,Archer,Armor,G70,70,14,Absorb,8,4|3|||8|150|150|||||1|40|75|8|2|2|2|2|2
672,Heavenly Executioner Armor,Archer,Armor,G70,70,15,Fire,2,4|3|||8|150|150|||||1|40|75|8|2|2|2|2|2
672,Heavenly Executioner Armor,Archer,Armor,G70,70,16,Ice,2,4|3|||8|150|150|||||1|40|75|8|2|2|2|2|2
672,Heavenly Executioner Armor,Archer,Armor,G70,70,17,Lightening,2,4|3|||8|150|150|||||1|40|75|8|2|2|2|2|2
672,Heavenly Executioner Armor,Archer,Armor,G70,70,18,NonElemental,2,4|3|||8|150|150|||||1|40|75|8|2|2|2|2|2
672,Heavenly Executioner Armor,Archer,Armor,G70,70,19,Curse,2,4|3|||8|150|150|||||1|40|75|8|2|2|2|2|2
673,Heavenly Executioner Boots,Archer,Boots,G70,70,0,Strength,2,2|1|||2|50|50||||||47|40|4|||||2
673,Heavenly Executioner Boots,Archer,Boots,G70,70,1,Health,1,2|1|||2|50|50||||||47|40|4|||||2
673,Heavenly Executioner Boots,Archer,Boots,G70,70,4,Agility,2,2|1|||2|50|50||||||47|40|4|||||2
673,Heavenly Executioner Boots,Archer,Boots,G70,70,5,HP,50,2|1|||2|50|50||||||47|40|4|||||2
673,Heavenly Executioner Boots,Archer,Boots,G70,70,6,MP,50,2|1|||2|50|50||||||47|40|4|||||2
673,Heavenly Executioner Boots,Archer,Boots,G70,70,12,Evasion,47,2|1|||2|50|50||||||47|40|4|||||2
673,Heavenly Executioner Boots,Archer,Boots,G70,70,13,Defense,40,2|1|||2|50|50||||||47|40|4|||||2
673,Heavenly Executioner Boots,Archer,Boots,G70,70,14,Absorb,4,2|1|||2|50|50||||||47|40|4|||||2
673,Heavenly Executioner Boots,Archer,Boots,G70,70,19,Curse,2,2|1|||2|50|50||||||47|40|4|||||2
674,Heavenly Executioner Gloves,Archer,Gloves,G70,70,0,Strength,4,4||||1|||||||3|17|43|5||||2|
674,Heavenly Executioner Gloves,Archer,Gloves,G70,70,4,Agility,1,4||||1|||||||3|17|43|5||||2|
674,Heavenly Executioner Gloves,Archer,Gloves,G70,70,11,OTP,3,4||||1|||||||3|17|43|5||||2|
674,Heavenly Executioner Gloves,Archer,Gloves,G70,70,12,Evasion,17,4||||1|||||||3|17|43|5||||2|
674,Heavenly Executioner Gloves,Archer,Gloves,G70,70,13,Defense,43,4||||1|||||||3|17|43|5||||2|
674,Heavenly Executioner Gloves,Archer,Gloves,G70,70,14,Absorb,5,4||||1|||||||3|17|43|5||||2|
674,Heavenly Executioner Gloves,Archer,Gloves,G70,70,18,NonElemental,2,4||||1|||||||3|17|43|5||||2|
675,Heavenly Executioner Helmet,Archer,Helmet,G70,70,0,Strength,3,3|2||||50|50||||||18|46|5|2||||
675,Heavenly Executioner Helmet,Archer,Helmet,G70,70,1,Health,2,3|2||||50|50||||||18|46|5|2||||
675,Heavenly Executioner Helmet,Archer,Helmet,G70,70,5,HP,50,3|2||||50|50||||||18|46|5|2||||
675,Heavenly Executioner Helmet,Archer,Helmet,G70,70,6,MP,50,3|2||||50|50||||||18|46|5|2||||
675,Heavenly Executioner Helmet,Archer,Helmet,G70,70,12,Evasion,18,3|2||||50|50||||||18|46|5|2||||
675,Heavenly Executioner Helmet,Archer,Helmet,G70,70,13,Defense,46,3|2||||50|50||||||18|46|5|2||||
675,Heavenly Executioner Helmet,Archer,Helmet,G70,70,14,Absorb,5,3|2||||50|50||||||18|46|5|2||||
675,Heavenly Executioner Helmet,Archer,Helmet,G70,70,15,Fire,2,3|2||||50|50||||||18|46|5|2||||
676,Heavenly Executioner Shorts,Archer,Shorts,G70,70,0,Strength,1,1|2|||5|100|50||||||60|35|7|1.5|1.5|1.5|0.5|
676,Heavenly Executioner Shorts,Archer,Shorts,G70,70,1,Health,2,1|2|||5|100|50||||||60|35|7|1.5|1.5|1.5|0.5|
676,Heavenly Executioner Shorts,Archer,Shorts,G70,70,4,Agility,5,1|2|||5|100|50||||||60|35|7|1.5|1.5|1.5|0.5|
676,Heavenly Executioner Shorts,Archer,Shorts,G70,70,5,HP,100,1|2|||5|100|50||||||60|35|7|1.5|1.5|1.5|0.5|
676,Heavenly Executioner Shorts,Archer,Shorts,G70,70,6,MP,50,1|2|||5|100|50||||||60|35|7|1.5|1.5|1.5|0.5|
676,Heavenly Executioner Shorts,Archer,Shorts,G70,70,12,Evasion,60,1|2|||5|100|50||||||60|35|7|1.5|1.5|1.5|0.5|
676,Heavenly Executioner Shorts,Archer,Shorts,G70,70,13,Defense,35,1|2|||5|100|50||||||60|35|7|1.5|1.5|1.5|0.5|
676,Heavenly Executioner Shorts,Archer,Shorts,G70,70,14,Absorb,7,1|2|||5|100|50||||||60|35|7|1.5|1.5|1.5|0.5|
676,Heavenly Executioner Shorts,Archer,Shorts,G70,70,15,Fire,1.5,1|2|||5|100|50||||||60|35|7|1.5|1.5|1.5|0.5|
676,Heavenly Executioner Shorts,Archer,Shorts,G70,70,16,Ice,1.5,1|2|||5|100|50||||||60|35|7|1.5|1.5|1.5|0.5|
676,Heavenly Executioner Shorts,Archer,Shorts,G70,70,17,Lightening,1.5,1|2|||5|100|50||||||60|35|7|1.5|1.5|1.5|0.5|
676,Heavenly Executioner Shorts,Archer,Shorts,G70,70,18,NonElemental,0.5,1|2|||5|100|50||||||60|35|7|1.5|1.5|1.5|0.5|
677,Heavenly Executioner Armor,Knight,All,G70,70,0,Strength,24,24|7|||11|420|130|||||5|136|357|38|2|2|2|2|2
677,Heavenly Executioner Armor,Knight,All,G70,70,1,Health,7,24|7|||11|420|130|||||5|136|357|38|2|2|2|2|2
677,Heavenly Executioner Armor,Knight,All,G70,70,4,Agility,11,24|7|||11|420|130|||||5|136|357|38|2|2|2|2|2
677,Heavenly Executioner Armor,Knight,All,G70,70,5,HP,420,24|7|||11|420|130|||||5|136|357|38|2|2|2|2|2
677,Heavenly Executioner Armor,Knight,All,G70,70,6,MP,130,24|7|||11|420|130|||||5|136|357|38|2|2|2|2|2
677,Heavenly Executioner Armor,Knight,All,G70,70,11,OTP,5,24|7|||11|420|130|||||5|136|357|38|2|2|2|2|2
677,Heavenly Executioner Armor,Knight,All,G70,70,12,Evasion,136,24|7|||11|420|130|||||5|136|357|38|2|2|2|2|2
677,Heavenly Executioner Armor,Knight,All,G70,70,13,Defense,357,24|7|||11|420|130|||||5|136|357|38|2|2|2|2|2
677,Heavenly Executioner Armor,Knight,All,G70,70,14,Absorb,38,24|7|||11|420|130|||||5|136|357|38|2|2|2|2|2
677,Heavenly Executioner Armor,Knight,All,G70,70,15,Fire,2,24|7|||11|420|130|||||5|136|357|38|2|2|2|2|2
677,Heavenly Executioner Armor,Knight,All,G70,70,16,Ice,2,24|7|||11|420|130|||||5|136|357|38|2|2|2|2|2
677,Heavenly Executioner Armor,Knight,All,G70,70,17,Lightening,2,24|7|||11|420|130|||||5|136|357|38|2|2|2|2|2
677,Heavenly Executioner Armor,Knight,All,G70,70,18,NonElemental,2,24|7|||11|420|130|||||5|136|357|38|2|2|2|2|2
677,Heavenly Executioner Armor,Knight,All,G70,70,19,Curse,2,24|7|||11|420|130|||||5|136|357|38|2|2|2|2|2
678,Heavenly Executioner Armor,Knight,Armor,G70,70,0,Strength,12,12|3|||3|200|100|||||3|34|83|11|1|1|1|1|1
678,Heavenly Executioner Armor,Knight,Armor,G70,70,1,Health,3,12|3|||3|200|100|||||3|34|83|11|1|1|1|1|1
678,Heavenly Executioner Armor,Knight,Armor,G70,70,4,Agility,3,12|3|||3|200|100|||||3|34|83|11|1|1|1|1|1
678,Heavenly Executioner Armor,Knight,Armor,G70,70,5,HP,200,12|3|||3|200|100|||||3|34|83|11|1|1|1|1|1
678,Heavenly Executioner Armor,Knight,Armor,G70,70,6,MP,100,12|3|||3|200|100|||||3|34|83|11|1|1|1|1|1
678,Heavenly Executioner Armor,Knight,Armor,G70,70,11,OTP,3,12|3|||3|200|100|||||3|34|83|11|1|1|1|1|1
678,Heavenly Executioner Armor,Knight,Armor,G70,70,12,Evasion,34,12|3|||3|200|100|||||3|34|83|11|1|1|1|1|1
678,Heavenly Executioner Armor,Knight,Armor,G70,70,13,Defense,83,12|3|||3|200|100|||||3|34|83|11|1|1|1|1|1
678,Heavenly Executioner Armor,Knight,Armor,G70,70,14,Absorb,11,12|3|||3|200|100|||||3|34|83|11|1|1|1|1|1
678,Heavenly Executioner Armor,Knight,Armor,G70,70,15,Fire,1,12|3|||3|200|100|||||3|34|83|11|1|1|1|1|1
678,Heavenly Executioner Armor,Knight,Armor,G70,70,16,Ice,1,12|3|||3|200|100|||||3|34|83|11|1|1|1|1|1
678,Heavenly Executioner Armor,Knight,Armor,G70,70,17,Lightening,1,12|3|||3|200|100|||||3|34|83|11|1|1|1|1|1
678,Heavenly Executioner Armor,Knight,Armor,G70,70,18,NonElemental,1,12|3|||3|200|100|||||3|34|83|11|1|1|1|1|1
678,Heavenly Executioner Armor,Knight,Armor,G70,70,19,Curse,1,12|3|||3|200|100|||||3|34|83|11|1|1|1|1|1
679,Heavenly Executioner Boots,Knight,Boots,G70,70,1,Health,2,|2|||3||||||||32|56|6||2|||
679,Heavenly Executioner Boots,Knight,Boots,G70,70,4,Agility,3,|2|||3||||||||32|56|6||2|||
679,Heavenly Executioner Boots,Knight,Boots,G70,70,12,Evasion,32,|2|||3||||||||32|56|6||2|||
679,Heavenly Executioner Boots,Knight,Boots,G70,70,13,Defense,56,|2|||3||||||||32|56|6||2|||
679,Heavenly Executioner Boots,Knight,Boots,G70,70,14,Absorb,6,|2|||3||||||||32|56|6||2|||
679,Heavenly Executioner Boots,Knight,Boots,G70,70,16,Ice,2,|2|||3||||||||32|56|6||2|||
680,Heavenly Executioner Gloves,Knight,Gloves,G70,70,0,Strength,4,4||||1||||||||13|71|5
680,Heavenly Executioner Gloves,Knight,Gloves,G70,70,4,Agility,1,4||||1||||||||13|71|5
680,Heavenly Executioner Gloves,Knight,Gloves,G70,70,12,Evasion,13,4||||1||||||||13|71|5
680,Heavenly Executioner Gloves,Knight,Gloves,G70,70,13,Defense,71,4||||1||||||||13|71|5
680,Heavenly Executioner Gloves,Knight,Gloves,G70,70,14,Absorb,5,4||||1||||||||13|71|5
681,Heavenly Executioner Helmet,Knight,Helmet,G70,70,0,Strength,2,2|2|||2|100|||||||16|72|6|2||||
681,Heavenly Executioner Helmet,Knight,Helmet,G70,70,1,Health,2,2|2|||2|100|||||||16|72|6|2||||
681,Heavenly Executioner Helmet,Knight,Helmet,G70,70,4,Agility,2,2|2|||2|100|||||||16|72|6|2||||
681,Heavenly Executioner Helmet,Knight,Helmet,G70,70,5,HP,100,2|2|||2|100|||||||16|72|6|2||||
681,Heavenly Executioner Helmet,Knight,Helmet,G70,70,12,Evasion,16,2|2|||2|100|||||||16|72|6|2||||
681,Heavenly Executioner Helmet,Knight,Helmet,G70,70,13,Defense,72,2|2|||2|100|||||||16|72|6|2||||
681,Heavenly Executioner Helmet,Knight,Helmet,G70,70,14,Absorb,6,2|2|||2|100|||||||16|72|6|2||||
681,Heavenly Executioner Helmet,Knight,Helmet,G70,70,15,Fire,2,2|2|||2|100|||||||16|72|6|2||||
682,Heavenly Executioner Shorts,Knight,Shorts,G70,70,0,Strength,6,6||||2|120|30|||||2|41|75|10|1|1|1|1|1
682,Heavenly Executioner Shorts,Knight,Shorts,G70,70,4,Agility,2,6||||2|120|30|||||2|41|75|10|1|1|1|1|1
682,Heavenly Executioner Shorts,Knight,Shorts,G70,70,5,HP,120,6||||2|120|30|||||2|41|75|10|1|1|1|1|1
682,Heavenly Executioner Shorts,Knight,Shorts,G70,70,6,MP,30,6||||2|120|30|||||2|41|75|10|1|1|1|1|1
682,Heavenly Executioner Shorts,Knight,Shorts,G70,70,11,OTP,2,6||||2|120|30|||||2|41|75|10|1|1|1|1|1
682,Heavenly Executioner Shorts,Knight,Shorts,G70,70,12,Evasion,41,6||||2|120|30|||||2|41|75|10|1|1|1|1|1
682,Heavenly Executioner Shorts,Knight,Shorts,G70,70,13,Defense,75,6||||2|120|30|||||2|41|75|10|1|1|1|1|1
682,Heavenly Executioner Shorts,Knight,Shorts,G70,70,14,Absorb,10,6||||2|120|30|||||2|41|75|10|1|1|1|1|1
682,Heavenly Executioner Shorts,Knight,Shorts,G70,70,15,Fire,1,6||||2|120|30|||||2|41|75|10|1|1|1|1|1
682,Heavenly Executioner Shorts,Knight,Shorts,G70,70,16,Ice,1,6||||2|120|30|||||2|41|75|10|1|1|1|1|1
682,Heavenly Executioner Shorts,Knight,Shorts,G70,70,17,Lightening,1,6||||2|120|30|||||2|41|75|10|1|1|1|1|1
682,Heavenly Executioner Shorts,Knight,Shorts,G70,70,18,NonElemental,1,6||||2|120|30|||||2|41|75|10|1|1|1|1|1
682,Heavenly Executioner Shorts,Knight,Shorts,G70,70,19,Curse,1,6||||2|120|30|||||2|41|75|10|1|1|1|1|1
683,Heavenly Executioner Armor,Magician,All,G70,70,1,Health,5,|5|33|11||310|510||||||159|208|12|39.5|39.5|39.5|32.5|32.5
683,Heavenly Executioner Armor,Magician,All,G70,70,2,Intelligence,33,|5|33|11||310|510||||||159|208|12|39.5|39.5|39.5|32.5|32.5
683,Heavenly Executioner Armor,Magician,All,G70,70,3,Wisdom,11,|5|33|11||310|510||||||159|208|12|39.5|39.5|39.5|32.5|32.5
683,Heavenly Executioner Armor,Magician,All,G70,70,5,HP,310,|5|33|11||310|510||||||159|208|12|39.5|39.5|39.5|32.5|32.5
683,Heavenly Executioner Armor,Magician,All,G70,70,6,MP,510,|5|33|11||310|510||||||159|208|12|39.5|39.5|39.5|32.5|32.5
683,Heavenly Executioner Armor,Magician,All,G70,70,12,Evasion,159,|5|33|11||310|510||||||159|208|12|39.5|39.5|39.5|32.5|32.5
683,Heavenly Executioner Armor,Magician,All,G70,70,13,Defense,208,|5|33|11||310|510||||||159|208|12|39.5|39.5|39.5|32.5|32.5
683,Heavenly Executioner Armor,Magician,All,G70,70,14,Absorb,12,|5|33|11||310|510||||||159|208|12|39.5|39.5|39.5|32.5|32.5
683,Heavenly Executioner Armor,Magician,All,G70,70,15,Fire,39.5,|5|33|11||310|510||||||159|208|12|39.5|39.5|39.5|32.5|32.5
683,Heavenly Executioner Armor,Magician,All,G70,70,16,Ice,39.5,|5|33|11||310|510||||||159|208|12|39.5|39.5|39.5|32.5|32.5
683,Heavenly Executioner Armor,Magician,All,G70,70,17,Lightening,39.5,|5|33|11||310|510||||||159|208|12|39.5|39.5|39.5|32.5|32.5
683,Heavenly Executioner Armor,Magician,All,G70,70,18,NonElemental,32.5,|5|33|11||310|510||||||159|208|12|39.5|39.5|39.5|32.5|32.5
683,Heavenly Executioner Armor,Magician,All,G70,70,19,Curse,32.5,|5|33|11||310|510||||||159|208|12|39.5|39.5|39.5|32.5|32.5
684,Heavenly Executioner Armor,Magician,Armor,G70,70,1,Health,1,|1|18|2||100|250||||||43|52|3|10.5|10.5|10.5|7.5|7.5
684,Heavenly Executioner Armor,Magician,Armor,G70,70,2,Intelligence,18,|1|18|2||100|250||||||43|52|3|10.5|10.5|10.5|7.5|7.5
684,Heavenly Executioner Armor,Magician,Armor,G70,70,3,Wisdom,2,|1|18|2||100|250||||||43|52|3|10.5|10.5|10.5|7.5|7.5
684,Heavenly Executioner Armor,Magician,Armor,G70,70,5,HP,100,|1|18|2||100|250||||||43|52|3|10.5|10.5|10.5|7.5|7.5
684,Heavenly Executioner Armor,Magician,Armor,G70,70,6,MP,250,|1|18|2||100|250||||||43|52|3|10.5|10.5|10.5|7.5|7.5
684,Heavenly Executioner Armor,Magician,Armor,G70,70,12,Evasion,43,|1|18|2||100|250||||||43|52|3|10.5|10.5|10.5|7.5|7.5
684,Heavenly Executioner Armor,Magician,Armor,G70,70,13,Defense,52,|1|18|2||100|250||||||43|52|3|10.5|10.5|10.5|7.5|7.5
684,Heavenly Executioner Armor,Magician,Armor,G70,70,14,Absorb,3,|1|18|2||100|250||||||43|52|3|10.5|10.5|10.5|7.5|7.5
684,Heavenly Executioner Armor,Magician,Armor,G70,70,15,Fire,10.5,|1|18|2||100|250||||||43|52|3|10.5|10.5|10.5|7.5|7.5
684,Heavenly Executioner Armor,Magician,Armor,G70,70,16,Ice,10.5,|1|18|2||100|250||||||43|52|3|10.5|10.5|10.5|7.5|7.5
684,Heavenly Executioner Armor,Magician,Armor,G70,70,17,Lightening,10.5,|1|18|2||100|250||||||43|52|3|10.5|10.5|10.5|7.5|7.5
684,Heavenly Executioner Armor,Magician,Armor,G70,70,18,NonElemental,7.5,|1|18|2||100|250||||||43|52|3|10.5|10.5|10.5|7.5|7.5
684,Heavenly Executioner Armor,Magician,Armor,G70,70,19,Curse,7.5,|1|18|2||100|250||||||43|52|3|10.5|10.5|10.5|7.5|7.5
685,Heavenly Executioner Boots,Magician,Boots,G70,70,2,Intelligence,2,||2|3||30|70||||||33|42|2|6|6|6|7|7
685,Heavenly Executioner Boots,Magician,Boots,G70,70,3,Wisdom,3,||2|3||30|70||||||33|42|2|6|6|6|7|7
685,Heavenly Executioner Boots,Magician,Boots,G70,70,5,HP,30,||2|3||30|70||||||33|42|2|6|6|6|7|7
685,Heavenly Executioner Boots,Magician,Boots,G70,70,6,MP,70,||2|3||30|70||||||33|42|2|6|6|6|7|7
685,Heavenly Executioner Boots,Magician,Boots,G70,70,12,Evasion,33,||2|3||30|70||||||33|42|2|6|6|6|7|7
685,Heavenly Executioner Boots,Magician,Boots,G70,70,13,Defense,42,||2|3||30|70||||||33|42|2|6|6|6|7|7
685,Heavenly Executioner Boots,Magician,Boots,G70,70,14,Absorb,2,||2|3||30|70||||||33|42|2|6|6|6|7|7
685,Heavenly Executioner Boots,Magician,Boots,G70,70,15,Fire,6,||2|3||30|70||||||33|42|2|6|6|6|7|7
685,Heavenly Executioner Boots,Magician,Boots,G70,70,16,Ice,6,||2|3||30|70||||||33|42|2|6|6|6|7|7
685,Heavenly Executioner Boots,Magician,Boots,G70,70,17,Lightening,6,||2|3||30|70||||||33|42|2|6|6|6|7|7
685,Heavenly Executioner Boots,Magician,Boots,G70,70,18,NonElemental,7,||2|3||30|70||||||33|42|2|6|6|6|7|7
685,Heavenly Executioner Boots,Magician,Boots,G70,70,19,Curse,7,||2|3||30|70||||||33|42|2|6|6|6|7|7
686,Heavenly Executioner Gloves,Magician,Gloves,G70,70,2,Intelligence,2,||2|3||50|50||||||19|38|2|8|8|8|6|6
686,Heavenly Executioner Gloves,Magician,Gloves,G70,70,3,Wisdom,3,||2|3||50|50||||||19|38|2|8|8|8|6|6
686,Heavenly Executioner Gloves,Magician,Gloves,G70,70,5,HP,50,||2|3||50|50||||||19|38|2|8|8|8|6|6
686,Heavenly Executioner Gloves,Magician,Gloves,G70,70,6,MP,50,||2|3||50|50||||||19|38|2|8|8|8|6|6
686,Heavenly Executioner Gloves,Magician,Gloves,G70,70,12,Evasion,19,||2|3||50|50||||||19|38|2|8|8|8|6|6
686,Heavenly Executioner Gloves,Magician,Gloves,G70,70,13,Defense,38,||2|3||50|50||||||19|38|2|8|8|8|6|6
686,Heavenly Executioner Gloves,Magician,Gloves,G70,70,14,Absorb,2,||2|3||50|50||||||19|38|2|8|8|8|6|6
686,Heavenly Executioner Gloves,Magician,Gloves,G70,70,15,Fire,8,||2|3||50|50||||||19|38|2|8|8|8|6|6
686,Heavenly Executioner Gloves,Magician,Gloves,G70,70,16,Ice,8,||2|3||50|50||||||19|38|2|8|8|8|6|6
686,Heavenly Executioner Gloves,Magician,Gloves,G70,70,17,Lightening,8,||2|3||50|50||||||19|38|2|8|8|8|6|6
686,Heavenly Executioner Gloves,Magician,Gloves,G70,70,18,NonElemental,6,||2|3||50|50||||||19|38|2|8|8|8|6|6
686,Heavenly Executioner Gloves,Magician,Gloves,G70,70,19,Curse,6,||2|3||50|50||||||19|38|2|8|8|8|6|6
687,Heavenly Executioner Helmet,Magician,Helmet,G70,70,1,Health,3,|3|2|||30|70||||||19|38|2|9|9|9|6|6
687,Heavenly Executioner Helmet,Magician,Helmet,G70,70,2,Intelligence,2,|3|2|||30|70||||||19|38|2|9|9|9|6|6
687,Heavenly Executioner Helmet,Magician,Helmet,G70,70,5,HP,30,|3|2|||30|70||||||19|38|2|9|9|9|6|6
687,Heavenly Executioner Helmet,Magician,Helmet,G70,70,6,MP,70,|3|2|||30|70||||||19|38|2|9|9|9|6|6
687,Heavenly Executioner Helmet,Magician,Helmet,G70,70,12,Evasion,19,|3|2|||30|70||||||19|38|2|9|9|9|6|6
687,Heavenly Executioner Helmet,Magician,Helmet,G70,70,13,Defense,38,|3|2|||30|70||||||19|38|2|9|9|9|6|6
687,Heavenly Executioner Helmet,Magician,Helmet,G70,70,14,Absorb,2,|3|2|||30|70||||||19|38|2|9|9|9|6|6
687,Heavenly Executioner Helmet,Magician,Helmet,G70,70,15,Fire,9,|3|2|||30|70||||||19|38|2|9|9|9|6|6
687,Heavenly Executioner Helmet,Magician,Helmet,G70,70,16,Ice,9,|3|2|||30|70||||||19|38|2|9|9|9|6|6
687,Heavenly Executioner Helmet,Magician,Helmet,G70,70,17,Lightening,9,|3|2|||30|70||||||19|38|2|9|9|9|6|6
687,Heavenly Executioner Helmet,Magician,Helmet,G70,70,18,NonElemental,6,|3|2|||30|70||||||19|38|2|9|9|9|6|6
687,Heavenly Executioner Helmet,Magician,Helmet,G70,70,19,Curse,6,|3|2|||30|70||||||19|38|2|9|9|9|6|6
688,Heavenly Executioner Shorts,Magician,Shorts,G70,70,1,Health,1,|1|9|3||100|70||||||45|38|3|6|6|6|6|6
688,Heavenly Executioner Shorts,Magician,Shorts,G70,70,2,Intelligence,9,|1|9|3||100|70||||||45|38|3|6|6|6|6|6
688,Heavenly Executioner Shorts,Magician,Shorts,G70,70,3,Wisdom,3,|1|9|3||100|70||||||45|38|3|6|6|6|6|6
688,Heavenly Executioner Shorts,Magician,Shorts,G70,70,5,HP,100,|1|9|3||100|70||||||45|38|3|6|6|6|6|6
688,Heavenly Executioner Shorts,Magician,Shorts,G70,70,6,MP,70,|1|9|3||100|70||||||45|38|3|6|6|6|6|6
688,Heavenly Executioner Shorts,Magician,Shorts,G70,70,12,Evasion,45,|1|9|3||100|70||||||45|38|3|6|6|6|6|6
688,Heavenly Executioner Shorts,Magician,Shorts,G70,70,13,Defense,38,|1|9|3||100|70||||||45|38|3|6|6|6|6|6
688,Heavenly Executioner Shorts,Magician,Shorts,G70,70,14,Absorb,3,|1|9|3||100|70||||||45|38|3|6|6|6|6|6
688,Heavenly Executioner Shorts,Magician,Shorts,G70,70,15,Fire,6,|1|9|3||100|70||||||45|38|3|6|6|6|6|6
688,Heavenly Executioner Shorts,Magician,Shorts,G70,70,16,Ice,6,|1|9|3||100|70||||||45|38|3|6|6|6|6|6
688,Heavenly Executioner Shorts,Magician,Shorts,G70,70,17,Lightening,6,|1|9|3||100|70||||||45|38|3|6|6|6|6|6
688,Heavenly Executioner Shorts,Magician,Shorts,G70,70,18,NonElemental,6,|1|9|3||100|70||||||45|38|3|6|6|6|6|6
688,Heavenly Executioner Shorts,Magician,Shorts,G70,70,19,Curse,6,|1|9|3||100|70||||||45|38|3|6|6|6|6|6
689,Heavenly Executioner Armor,Knight,All,G70b,70,0,Strength,10,10|21|||8|500|50||||||142|359|39|4.5|4.5|4.5|4.5|4.5
689,Heavenly Executioner Armor,Knight,All,G70b,70,1,Health,21,10|21|||8|500|50||||||142|359|39|4.5|4.5|4.5|4.5|4.5
689,Heavenly Executioner Armor,Knight,All,G70b,70,4,Agility,8,10|21|||8|500|50||||||142|359|39|4.5|4.5|4.5|4.5|4.5
689,Heavenly Executioner Armor,Knight,All,G70b,70,5,HP,500,10|21|||8|500|50||||||142|359|39|4.5|4.5|4.5|4.5|4.5
689,Heavenly Executioner Armor,Knight,All,G70b,70,6,MP,50,10|21|||8|500|50||||||142|359|39|4.5|4.5|4.5|4.5|4.5
689,Heavenly Executioner Armor,Knight,All,G70b,70,12,Evasion,142,10|21|||8|500|50||||||142|359|39|4.5|4.5|4.5|4.5|4.5
689,Heavenly Executioner Armor,Knight,All,G70b,70,13,Defense,359,10|21|||8|500|50||||||142|359|39|4.5|4.5|4.5|4.5|4.5
689,Heavenly Executioner Armor,Knight,All,G70b,70,14,Absorb,39,10|21|||8|500|50||||||142|359|39|4.5|4.5|4.5|4.5|4.5
689,Heavenly Executioner Armor,Knight,All,G70b,70,15,Fire,4.5,10|21|||8|500|50||||||142|359|39|4.5|4.5|4.5|4.5|4.5
689,Heavenly Executioner Armor,Knight,All,G70b,70,16,Ice,4.5,10|21|||8|500|50||||||142|359|39|4.5|4.5|4.5|4.5|4.5
689,Heavenly Executioner Armor,Knight,All,G70b,70,17,Lightening,4.5,10|21|||8|500|50||||||142|359|39|4.5|4.5|4.5|4.5|4.5
689,Heavenly Executioner Armor,Knight,All,G70b,70,18,NonElemental,4.5,10|21|||8|500|50||||||142|359|39|4.5|4.5|4.5|4.5|4.5
689,Heavenly Executioner Armor,Knight,All,G70b,70,19,Curse,4.5,10|21|||8|500|50||||||142|359|39|4.5|4.5|4.5|4.5|4.5
690,Heavenly Executioner Armor,Knight,Armor,G70b,70,0,Strength,2,2|12|||1|250|50||||||37|85|12|3|3|3|3|3
690,Heavenly Executioner Armor,Knight,Armor,G70b,70,1,Health,12,2|12|||1|250|50||||||37|85|12|3|3|3|3|3
690,Heavenly Executioner Armor,Knight,Armor,G70b,70,4,Agility,1,2|12|||1|250|50||||||37|85|12|3|3|3|3|3
690,Heavenly Executioner Armor,Knight,Armor,G70b,70,5,HP,250,2|12|||1|250|50||||||37|85|12|3|3|3|3|3
690,Heavenly Executioner Armor,Knight,Armor,G70b,70,6,MP,50,2|12|||1|250|50||||||37|85|12|3|3|3|3|3
690,Heavenly Executioner Armor,Knight,Armor,G70b,70,12,Evasion,37,2|12|||1|250|50||||||37|85|12|3|3|3|3|3
690,Heavenly Executioner Armor,Knight,Armor,G70b,70,13,Defense,85,2|12|||1|250|50||||||37|85|12|3|3|3|3|3
690,Heavenly Executioner Armor,Knight,Armor,G70b,70,14,Absorb,12,2|12|||1|250|50||||||37|85|12|3|3|3|3|3
690,Heavenly Executioner Armor,Knight,Armor,G70b,70,15,Fire,3,2|12|||1|250|50||||||37|85|12|3|3|3|3|3
690,Heavenly Executioner Armor,Knight,Armor,G70b,70,16,Ice,3,2|12|||1|250|50||||||37|85|12|3|3|3|3|3
690,Heavenly Executioner Armor,Knight,Armor,G70b,70,17,Lightening,3,2|12|||1|250|50||||||37|85|12|3|3|3|3|3
690,Heavenly Executioner Armor,Knight,Armor,G70b,70,18,NonElemental,3,2|12|||1|250|50||||||37|85|12|3|3|3|3|3
690,Heavenly Executioner Armor,Knight,Armor,G70b,70,19,Curse,3,2|12|||1|250|50||||||37|85|12|3|3|3|3|3
691,Heavenly Executioner Shorts,Knight,Shorts,G70b,70,0,Strength,2,2|5|||1|150|||||||44|75|10|1.5|1.5|1.5|1.5|1.5
691,Heavenly Executioner Shorts,Knight,Shorts,G70b,70,1,Health,5,2|5|||1|150|||||||44|75|10|1.5|1.5|1.5|1.5|1.5
691,Heavenly Executioner Shorts,Knight,Shorts,G70b,70,4,Agility,1,2|5|||1|150|||||||44|75|10|1.5|1.5|1.5|1.5|1.5
691,Heavenly Executioner Shorts,Knight,Shorts,G70b,70,5,HP,150,2|5|||1|150|||||||44|75|10|1.5|1.5|1.5|1.5|1.5
691,Heavenly Executioner Shorts,Knight,Shorts,G70b,70,12,Evasion,44,2|5|||1|150|||||||44|75|10|1.5|1.5|1.5|1.5|1.5
691,Heavenly Executioner Shorts,Knight,Shorts,G70b,70,13,Defense,75,2|5|||1|150|||||||44|75|10|1.5|1.5|1.5|1.5|1.5
691,Heavenly Executioner Shorts,Knight,Shorts,G70b,70,14,Absorb,10,2|5|||1|150|||||||44|75|10|1.5|1.5|1.5|1.5|1.5
691,Heavenly Executioner Shorts,Knight,Shorts,G70b,70,15,Fire,1.5,2|5|||1|150|||||||44|75|10|1.5|1.5|1.5|1.5|1.5
691,Heavenly Executioner Shorts,Knight,Shorts,G70b,70,16,Ice,1.5,2|5|||1|150|||||||44|75|10|1.5|1.5|1.5|1.5|1.5
691,Heavenly Executioner Shorts,Knight,Shorts,G70b,70,17,Lightening,1.5,2|5|||1|150|||||||44|75|10|1.5|1.5|1.5|1.5|1.5
691,Heavenly Executioner Shorts,Knight,Shorts,G70b,70,18,NonElemental,1.5,2|5|||1|150|||||||44|75|10|1.5|1.5|1.5|1.5|1.5
691,Heavenly Executioner Shorts,Knight,Shorts,G70b,70,19,Curse,1.5,2|5|||1|150|||||||44|75|10|1.5|1.5|1.5|1.5|1.5
692,Heavenly Executioner Armor,Archer,All,G70b,70,0,Strength,18,18|6|||14|350|300|||||5|188|239|24|3.5|3.5|3.5|3.5|3.5
692,Heavenly Executioner Armor,Archer,All,G70b,70,1,Health,6,18|6|||14|350|300|||||5|188|239|24|3.5|3.5|3.5|3.5|3.5
692,Heavenly Executioner Armor,Archer,All,G70b,70,4,Agility,14,18|6|||14|350|300|||||5|188|239|24|3.5|3.5|3.5|3.5|3.5
692,Heavenly Executioner Armor,Archer,All,G70b,70,5,HP,350,18|6|||14|350|300|||||5|188|239|24|3.5|3.5|3.5|3.5|3.5
692,Heavenly Executioner Armor,Archer,All,G70b,70,6,MP,300,18|6|||14|350|300|||||5|188|239|24|3.5|3.5|3.5|3.5|3.5
692,Heavenly Executioner Armor,Archer,All,G70b,70,11,OTP,5,18|6|||14|350|300|||||5|188|239|24|3.5|3.5|3.5|3.5|3.5
692,Heavenly Executioner Armor,Archer,All,G70b,70,12,Evasion,188,18|6|||14|350|300|||||5|188|239|24|3.5|3.5|3.5|3.5|3.5
692,Heavenly Executioner Armor,Archer,All,G70b,70,13,Defense,239,18|6|||14|350|300|||||5|188|239|24|3.5|3.5|3.5|3.5|3.5
692,Heavenly Executioner Armor,Archer,All,G70b,70,14,Absorb,24,18|6|||14|350|300|||||5|188|239|24|3.5|3.5|3.5|3.5|3.5
692,Heavenly Executioner Armor,Archer,All,G70b,70,15,Fire,3.5,18|6|||14|350|300|||||5|188|239|24|3.5|3.5|3.5|3.5|3.5
692,Heavenly Executioner Armor,Archer,All,G70b,70,16,Ice,3.5,18|6|||14|350|300|||||5|188|239|24|3.5|3.5|3.5|3.5|3.5
692,Heavenly Executioner Armor,Archer,All,G70b,70,17,Lightening,3.5,18|6|||14|350|300|||||5|188|239|24|3.5|3.5|3.5|3.5|3.5
692,Heavenly Executioner Armor,Archer,All,G70b,70,18,NonElemental,3.5,18|6|||14|350|300|||||5|188|239|24|3.5|3.5|3.5|3.5|3.5
692,Heavenly Executioner Armor,Archer,All,G70b,70,19,Curse,3.5,18|6|||14|350|300|||||5|188|239|24|3.5|3.5|3.5|3.5|3.5
693,Heavenly Executioner Armor,Archer,Armor,G70b,70,0,Strength,6,6|2|||7|150|150||||||43|75|6|2|2|2|2|2
693,Heavenly Executioner Armor,Archer,Armor,G70b,70,1,Health,2,6|2|||7|150|150||||||43|75|6|2|2|2|2|2
693,Heavenly Executioner Armor,Archer,Armor,G70b,70,4,Agility,7,6|2|||7|150|150||||||43|75|6|2|2|2|2|2
693,Heavenly Executioner Armor,Archer,Armor,G70b,70,5,HP,150,6|2|||7|150|150||||||43|75|6|2|2|2|2|2
693,Heavenly Executioner Armor,Archer,Armor,G70b,70,6,MP,150,6|2|||7|150|150||||||43|75|6|2|2|2|2|2
693,Heavenly Executioner Armor,Archer,Armor,G70b,70,12,Evasion,43,6|2|||7|150|150||||||43|75|6|2|2|2|2|2
693,Heavenly Executioner Armor,Archer,Armor,G70b,70,13,Defense,75,6|2|||7|150|150||||||43|75|6|2|2|2|2|2
693,Heavenly Executioner Armor,Archer,Armor,G70b,70,14,Absorb,6,6|2|||7|150|150||||||43|75|6|2|2|2|2|2
693,Heavenly Executioner Armor,Archer,Armor,G70b,70,15,Fire,2,6|2|||7|150|150||||||43|75|6|2|2|2|2|2
693,Heavenly Executioner Armor,Archer,Armor,G70b,70,16,Ice,2,6|2|||7|150|150||||||43|75|6|2|2|2|2|2
693,Heavenly Executioner Armor,Archer,Armor,G70b,70,17,Lightening,2,6|2|||7|150|150||||||43|75|6|2|2|2|2|2
693,Heavenly Executioner Armor,Archer,Armor,G70b,70,18,NonElemental,2,6|2|||7|150|150||||||43|75|6|2|2|2|2|2
693,Heavenly Executioner Armor,Archer,Armor,G70b,70,19,Curse,2,6|2|||7|150|150||||||43|75|6|2|2|2|2|2
694,Heavenly Executioner Shorts,Archer,Shorts,G70b,70,0,Strength,3,3|1|||4|100|50|||||2|63|35|4|1.5|1.5|1.5|1.5|1.5
694,Heavenly Executioner Shorts,Archer,Shorts,G70b,70,1,Health,1,3|1|||4|100|50|||||2|63|35|4|1.5|1.5|1.5|1.5|1.5
694,Heavenly Executioner Shorts,Archer,Shorts,G70b,70,4,Agility,4,3|1|||4|100|50|||||2|63|35|4|1.5|1.5|1.5|1.5|1.5
694,Heavenly Executioner Shorts,Archer,Shorts,G70b,70,5,HP,100,3|1|||4|100|50|||||2|63|35|4|1.5|1.5|1.5|1.5|1.5
694,Heavenly Executioner Shorts,Archer,Shorts,G70b,70,6,MP,50,3|1|||4|100|50|||||2|63|35|4|1.5|1.5|1.5|1.5|1.5
694,Heavenly Executioner Shorts,Archer,Shorts,G70b,70,11,OTP,2,3|1|||4|100|50|||||2|63|35|4|1.5|1.5|1.5|1.5|1.5
694,Heavenly Executioner Shorts,Archer,Shorts,G70b,70,12,Evasion,63,3|1|||4|100|50|||||2|63|35|4|1.5|1.5|1.5|1.5|1.5
694,Heavenly Executioner Shorts,Archer,Shorts,G70b,70,13,Defense,35,3|1|||4|100|50|||||2|63|35|4|1.5|1.5|1.5|1.5|1.5
694,Heavenly Executioner Shorts,Archer,Shorts,G70b,70,14,Absorb,4,3|1|||4|100|50|||||2|63|35|4|1.5|1.5|1.5|1.5|1.5
694,Heavenly Executioner Shorts,Archer,Shorts,G70b,70,15,Fire,1.5,3|1|||4|100|50|||||2|63|35|4|1.5|1.5|1.5|1.5|1.5
694,Heavenly Executioner Shorts,Archer,Shorts,G70b,70,16,Ice,1.5,3|1|||4|100|50|||||2|63|35|4|1.5|1.5|1.5|1.5|1.5
694,Heavenly Executioner Shorts,Archer,Shorts,G70b,70,17,Lightening,1.5,3|1|||4|100|50|||||2|63|35|4|1.5|1.5|1.5|1.5|1.5
694,Heavenly Executioner Shorts,Archer,Shorts,G70b,70,18,NonElemental,1.5,3|1|||4|100|50|||||2|63|35|4|1.5|1.5|1.5|1.5|1.5
694,Heavenly Executioner Shorts,Archer,Shorts,G70b,70,19,Curse,1.5,3|1|||4|100|50|||||2|63|35|4|1.5|1.5|1.5|1.5|1.5
695,Heavenly Executioner Armor,Magician,All,G70b,70,1,Health,17,|17|8|24||330|490||||||153|208|16|42.5|42.5|42.5|35.5|35.5
695,Heavenly Executioner Armor,Magician,All,G70b,70,2,Intelligence,8,|17|8|24||330|490||||||153|208|16|42.5|42.5|42.5|35.5|35.5
695,Heavenly Executioner Armor,Magician,All,G70b,70,3,Wisdom,24,|17|8|24||330|490||||||153|208|16|42.5|42.5|42.5|35.5|35.5
695,Heavenly Executioner Armor,Magician,All,G70b,70,5,HP,330,|17|8|24||330|490||||||153|208|16|42.5|42.5|42.5|35.5|35.5
695,Heavenly Executioner Armor,Magician,All,G70b,70,6,MP,490,|17|8|24||330|490||||||153|208|16|42.5|42.5|42.5|35.5|35.5
695,Heavenly Executioner Armor,Magician,All,G70b,70,12,Evasion,153,|17|8|24||330|490||||||153|208|16|42.5|42.5|42.5|35.5|35.5
695,Heavenly Executioner Armor,Magician,All,G70b,70,13,Defense,208,|17|8|24||330|490||||||153|208|16|42.5|42.5|42.5|35.5|35.5
695,Heavenly Executioner Armor,Magician,All,G70b,70,14,Absorb,16,|17|8|24||330|490||||||153|208|16|42.5|42.5|42.5|35.5|35.5
695,Heavenly Executioner Armor,Magician,All,G70b,70,15,Fire,42.5,|17|8|24||330|490||||||153|208|16|42.5|42.5|42.5|35.5|35.5
695,Heavenly Executioner Armor,Magician,All,G70b,70,16,Ice,42.5,|17|8|24||330|490||||||153|208|16|42.5|42.5|42.5|35.5|35.5
695,Heavenly Executioner Armor,Magician,All,G70b,70,17,Lightening,42.5,|17|8|24||330|490||||||153|208|16|42.5|42.5|42.5|35.5|35.5
695,Heavenly Executioner Armor,Magician,All,G70b,70,18,NonElemental,35.5,|17|8|24||330|490||||||153|208|16|42.5|42.5|42.5|35.5|35.5
695,Heavenly Executioner Armor,Magician,All,G70b,70,19,Curse,35.5,|17|8|24||330|490||||||153|208|16|42.5|42.5|42.5|35.5|35.5
696,Heavenly Executioner Armor,Magician,Armor,G70b,70,1,Health,9,|9|1|11||150|200||||||40|52|5|12|12|12|9|9
696,Heavenly Executioner Armor,Magician,Armor,G70b,70,2,Intelligence,1,|9|1|11||150|200||||||40|52|5|12|12|12|9|9
696,Heavenly Executioner Armor,Magician,Armor,G70b,70,3,Wisdom,11,|9|1|11||150|200||||||40|52|5|12|12|12|9|9
696,Heavenly Executioner Armor,Magician,Armor,G70b,70,5,HP,150,|9|1|11||150|200||||||40|52|5|12|12|12|9|9
696,Heavenly Executioner Armor,Magician,Armor,G70b,70,6,MP,200,|9|1|11||150|200||||||40|52|5|12|12|12|9|9
696,Heavenly Executioner Armor,Magician,Armor,G70b,70,12,Evasion,40,|9|1|11||150|200||||||40|52|5|12|12|12|9|9
696,Heavenly Executioner Armor,Magician,Armor,G70b,70,13,Defense,52,|9|1|11||150|200||||||40|52|5|12|12|12|9|9
696,Heavenly Executioner Armor,Magician,Armor,G70b,70,14,Absorb,5,|9|1|11||150|200||||||40|52|5|12|12|12|9|9
696,Heavenly Executioner Armor,Magician,Armor,G70b,70,15,Fire,12,|9|1|11||150|200||||||40|52|5|12|12|12|9|9
696,Heavenly Executioner Armor,Magician,Armor,G70b,70,16,Ice,12,|9|1|11||150|200||||||40|52|5|12|12|12|9|9
696,Heavenly Executioner Armor,Magician,Armor,G70b,70,17,Lightening,12,|9|1|11||150|200||||||40|52|5|12|12|12|9|9
696,Heavenly Executioner Armor,Magician,Armor,G70b,70,18,NonElemental,9,|9|1|11||150|200||||||40|52|5|12|12|12|9|9
696,Heavenly Executioner Armor,Magician,Armor,G70b,70,19,Curse,9,|9|1|11||150|200||||||40|52|5|12|12|12|9|9
697,Heavenly Executioner Shorts,Magician,Shorts,G70b,70,1,Health,5,|5|1|7||70|100||||||42|38|5|7.5|7.5|7.5|7.5|7.5
697,Heavenly Executioner Shorts,Magician,Shorts,G70b,70,2,Intelligence,1,|5|1|7||70|100||||||42|38|5|7.5|7.5|7.5|7.5|7.5
697,Heavenly Executioner Shorts,Magician,Shorts,G70b,70,3,Wisdom,7,|5|1|7||70|100||||||42|38|5|7.5|7.5|7.5|7.5|7.5
697,Heavenly Executioner Shorts,Magician,Shorts,G70b,70,5,HP,70,|5|1|7||70|100||||||42|38|5|7.5|7.5|7.5|7.5|7.5
697,Heavenly Executioner Shorts,Magician,Shorts,G70b,70,6,MP,100,|5|1|7||70|100||||||42|38|5|7.5|7.5|7.5|7.5|7.5
697,Heavenly Executioner Shorts,Magician,Shorts,G70b,70,12,Evasion,42,|5|1|7||70|100||||||42|38|5|7.5|7.5|7.5|7.5|7.5
697,Heavenly Executioner Shorts,Magician,Shorts,G70b,70,13,Defense,38,|5|1|7||70|100||||||42|38|5|7.5|7.5|7.5|7.5|7.5
697,Heavenly Executioner Shorts,Magician,Shorts,G70b,70,14,Absorb,5,|5|1|7||70|100||||||42|38|5|7.5|7.5|7.5|7.5|7.5
697,Heavenly Executioner Shorts,Magician,Shorts,G70b,70,15,Fire,7.5,|5|1|7||70|100||||||42|38|5|7.5|7.5|7.5|7.5|7.5
697,Heavenly Executioner Shorts,Magician,Shorts,G70b,70,16,Ice,7.5,|5|1|7||70|100||||||42|38|5|7.5|7.5|7.5|7.5|7.5
697,Heavenly Executioner Shorts,Magician,Shorts,G70b,70,17,Lightening,7.5,|5|1|7||70|100||||||42|38|5|7.5|7.5|7.5|7.5|7.5
697,Heavenly Executioner Shorts,Magician,Shorts,G70b,70,18,NonElemental,7.5,|5|1|7||70|100||||||42|38|5|7.5|7.5|7.5|7.5|7.5
697,Heavenly Executioner Shorts,Magician,Shorts,G70b,70,19,Curse,7.5,|5|1|7||70|100||||||42|38|5|7.5|7.5|7.5|7.5|7.5
698,Heavenly Executioner Suit of Thief,Thief,All,G70,70,0,Strength,19,19|24|||11|300|300|||||17|153|239|26|5.5|5.5|5.5|1.5|1.5
698,Heavenly Executioner Suit of Thief,Thief,All,G70,70,1,Health,24,19|24|||11|300|300|||||17|153|239|26|5.5|5.5|5.5|1.5|1.5
698,Heavenly Executioner Suit of Thief,Thief,All,G70,70,4,Agility,11,19|24|||11|300|300|||||17|153|239|26|5.5|5.5|5.5|1.5|1.5
698,Heavenly Executioner Suit of Thief,Thief,All,G70,70,5,HP,300,19|24|||11|300|300|||||17|153|239|26|5.5|5.5|5.5|1.5|1.5
698,Heavenly Executioner Suit of Thief,Thief,All,G70,70,6,MP,300,19|24|||11|300|300|||||17|153|239|26|5.5|5.5|5.5|1.5|1.5
698,Heavenly Executioner Suit of Thief,Thief,All,G70,70,11,OTP,17,19|24|||11|300|300|||||17|153|239|26|5.5|5.5|5.5|1.5|1.5
698,Heavenly Executioner Suit of Thief,Thief,All,G70,70,12,Evasion,153,19|24|||11|300|300|||||17|153|239|26|5.5|5.5|5.5|1.5|1.5
698,Heavenly Executioner Suit of Thief,Thief,All,G70,70,13,Defense,239,19|24|||11|300|300|||||17|153|239|26|5.5|5.5|5.5|1.5|1.5
698,Heavenly Executioner Suit of Thief,Thief,All,G70,70,14,Absorb,26,19|24|||11|300|300|||||17|153|239|26|5.5|5.5|5.5|1.5|1.5
698,Heavenly Executioner Suit of Thief,Thief,All,G70,70,15,Fire,5.5,19|24|||11|300|300|||||17|153|239|26|5.5|5.5|5.5|1.5|1.5
698,Heavenly Executioner Suit of Thief,Thief,All,G70,70,16,Ice,5.5,19|24|||11|300|300|||||17|153|239|26|5.5|5.5|5.5|1.5|1.5
698,Heavenly Executioner Suit of Thief,Thief,All,G70,70,17,Lightening,5.5,19|24|||11|300|300|||||17|153|239|26|5.5|5.5|5.5|1.5|1.5
698,Heavenly Executioner Suit of Thief,Thief,All,G70,70,18,NonElemental,1.5,19|24|||11|300|300|||||17|153|239|26|5.5|5.5|5.5|1.5|1.5
698,Heavenly Executioner Suit of Thief,Thief,All,G70,70,19,Curse,1.5,19|24|||11|300|300|||||17|153|239|26|5.5|5.5|5.5|1.5|1.5
699,Heavenly Executioner Suit of T,Thief,Armor,G70,70,0,Strength,5,5|5|||5|150|150||||||20|75|7|2|2|2|1|1
699,Heavenly Executioner Suit of T,Thief,Armor,G70,70,1,Health,5,5|5|||5|150|150||||||20|75|7|2|2|2|1|1
699,Heavenly Executioner Suit of T,Thief,Armor,G70,70,4,Agility,5,5|5|||5|150|150||||||20|75|7|2|2|2|1|1
699,Heavenly Executioner Suit of T,Thief,Armor,G70,70,5,HP,150,5|5|||5|150|150||||||20|75|7|2|2|2|1|1
699,Heavenly Executioner Suit of T,Thief,Armor,G70,70,6,MP,150,5|5|||5|150|150||||||20|75|7|2|2|2|1|1
699,Heavenly Executioner Suit of T,Thief,Armor,G70,70,12,Evasion,20,5|5|||5|150|150||||||20|75|7|2|2|2|1|1
699,Heavenly Executioner Suit of T,Thief,Armor,G70,70,13,Defense,75,5|5|||5|150|150||||||20|75|7|2|2|2|1|1
699,Heavenly Executioner Suit of T,Thief,Armor,G70,70,14,Absorb,7,5|5|||5|150|150||||||20|75|7|2|2|2|1|1
699,Heavenly Executioner Suit of T,Thief,Armor,G70,70,15,Fire,2,5|5|||5|150|150||||||20|75|7|2|2|2|1|1
699,Heavenly Executioner Suit of T,Thief,Armor,G70,70,16,Ice,2,5|5|||5|150|150||||||20|75|7|2|2|2|1|1
699,Heavenly Executioner Suit of T,Thief,Armor,G70,70,17,Lightening,2,5|5|||5|150|150||||||20|75|7|2|2|2|1|1
699,Heavenly Executioner Suit of T,Thief,Armor,G70,70,18,NonElemental,1,5|5|||5|150|150||||||20|75|7|2|2|2|1|1
699,Heavenly Executioner Suit of T,Thief,Armor,G70,70,19,Curse,1,5|5|||5|150|150||||||20|75|7|2|2|2|1|1
700,Heavenly Executioner Suit of T Boots,Thief,Boots,G70,70,0,Strength,3,3||||4|50|50||||||43|43|4|||2||
700,Heavenly Executioner Suit of T Boots,Thief,Boots,G70,70,4,Agility,4,3||||4|50|50||||||43|43|4|||2||
700,Heavenly Executioner Suit of T Boots,Thief,Boots,G70,70,5,HP,50,3||||4|50|50||||||43|43|4|||2||
700,Heavenly Executioner Suit of T Boots,Thief,Boots,G70,70,6,MP,50,3||||4|50|50||||||43|43|4|||2||
700,Heavenly Executioner Suit of T Boots,Thief,Boots,G70,70,12,Evasion,43,3||||4|50|50||||||43|43|4|||2||
700,Heavenly Executioner Suit of T Boots,Thief,Boots,G70,70,13,Defense,43,3||||4|50|50||||||43|43|4|||2||
700,Heavenly Executioner Suit of T Boots,Thief,Boots,G70,70,14,Absorb,4,3||||4|50|50||||||43|43|4|||2||
700,Heavenly Executioner Suit of T Boots,Thief,Boots,G70,70,17,Lightening,2,3||||4|50|50||||||43|43|4|||2||
701,Heavenly Executioner Suit of T Gloves,Thief,Gloves,G70,70,0,Strength,5,5|2||||||||||8|13|40|5||2|||
701,Heavenly Executioner Suit of T Gloves,Thief,Gloves,G70,70,1,Health,2,5|2||||||||||8|13|40|5||2|||
701,Heavenly Executioner Suit of T Gloves,Thief,Gloves,G70,70,11,OTP,8,5|2||||||||||8|13|40|5||2|||
701,Heavenly Executioner Suit of T Gloves,Thief,Gloves,G70,70,12,Evasion,13,5|2||||||||||8|13|40|5||2|||
701,Heavenly Executioner Suit of T Gloves,Thief,Gloves,G70,70,13,Defense,40,5|2||||||||||8|13|40|5||2|||
701,Heavenly Executioner Suit of T Gloves,Thief,Gloves,G70,70,14,Absorb,5,5|2||||||||||8|13|40|5||2|||
701,Heavenly Executioner Suit of T Gloves,Thief,Gloves,G70,70,16,Ice,2,5|2||||||||||8|13|40|5||2|||
702,Heavenly Executioner Suit of T Helmet,Thief,Helmet,G70,70,0,Strength,3,3|13|||1|50|50||||||11|46|5|2||||
702,Heavenly Executioner Suit of T Helmet,Thief,Helmet,G70,70,1,Health,13,3|13|||1|50|50||||||11|46|5|2||||
702,Heavenly Executioner Suit of T Helmet,Thief,Helmet,G70,70,4,Agility,1,3|13|||1|50|50||||||11|46|5|2||||
702,Heavenly Executioner Suit of T Helmet,Thief,Helmet,G70,70,5,HP,50,3|13|||1|50|50||||||11|46|5|2||||
702,Heavenly Executioner Suit of T Helmet,Thief,Helmet,G70,70,6,MP,50,3|13|||1|50|50||||||11|46|5|2||||
702,Heavenly Executioner Suit of T Helmet,Thief,Helmet,G70,70,12,Evasion,11,3|13|||1|50|50||||||11|46|5|2||||
702,Heavenly Executioner Suit of T Helmet,Thief,Helmet,G70,70,13,Defense,46,3|13|||1|50|50||||||11|46|5|2||||
702,Heavenly Executioner Suit of T Helmet,Thief,Helmet,G70,70,14,Absorb,5,3|13|||1|50|50||||||11|46|5|2||||
702,Heavenly Executioner Suit of T Helmet,Thief,Helmet,G70,70,15,Fire,2,3|13|||1|50|50||||||11|46|5|2||||
703,Heavenly Executioner Suit of T Shorts,Thief,Shorts,G70,70,0,Strength,3,3|4|||1|100|50|||||9|66|35|5|1.5|1.5|1.5|0.5|0.5
703,Heavenly Executioner Suit of T Shorts,Thief,Shorts,G70,70,1,Health,4,3|4|||1|100|50|||||9|66|35|5|1.5|1.5|1.5|0.5|0.5
703,Heavenly Executioner Suit of T Shorts,Thief,Shorts,G70,70,4,Agility,1,3|4|||1|100|50|||||9|66|35|5|1.5|1.5|1.5|0.5|0.5
703,Heavenly Executioner Suit of T Shorts,Thief,Shorts,G70,70,5,HP,100,3|4|||1|100|50|||||9|66|35|5|1.5|1.5|1.5|0.5|0.5
703,Heavenly Executioner Suit of T Shorts,Thief,Shorts,G70,70,6,MP,50,3|4|||1|100|50|||||9|66|35|5|1.5|1.5|1.5|0.5|0.5
703,Heavenly Executioner Suit of T Shorts,Thief,Shorts,G70,70,11,OTP,9,3|4|||1|100|50|||||9|66|35|5|1.5|1.5|1.5|0.5|0.5
703,Heavenly Executioner Suit of T Shorts,Thief,Shorts,G70,70,12,Evasion,66,3|4|||1|100|50|||||9|66|35|5|1.5|1.5|1.5|0.5|0.5
703,Heavenly Executioner Suit of T Shorts,Thief,Shorts,G70,70,13,Defense,35,3|4|||1|100|50|||||9|66|35|5|1.5|1.5|1.5|0.5|0.5
703,Heavenly Executioner Suit of T Shorts,Thief,Shorts,G70,70,14,Absorb,5,3|4|||1|100|50|||||9|66|35|5|1.5|1.5|1.5|0.5|0.5
703,Heavenly Executioner Suit of T Shorts,Thief,Shorts,G70,70,15,Fire,1.5,3|4|||1|100|50|||||9|66|35|5|1.5|1.5|1.5|0.5|0.5
703,Heavenly Executioner Suit of T Shorts,Thief,Shorts,G70,70,16,Ice,1.5,3|4|||1|100|50|||||9|66|35|5|1.5|1.5|1.5|0.5|0.5
703,Heavenly Executioner Suit of T Shorts,Thief,Shorts,G70,70,17,Lightening,1.5,3|4|||1|100|50|||||9|66|35|5|1.5|1.5|1.5|0.5|0.5
703,Heavenly Executioner Suit of T Shorts,Thief,Shorts,G70,70,18,NonElemental,0.5,3|4|||1|100|50|||||9|66|35|5|1.5|1.5|1.5|0.5|0.5
703,Heavenly Executioner Suit of T Shorts,Thief,Shorts,G70,70,19,Curse,0.5,3|4|||1|100|50|||||9|66|35|5|1.5|1.5|1.5|0.5|0.5
704,Heavenly Executioner Suit of Thief,Thief,All,G70b,70,0,Strength,19,19|24|||11|300|300|||||17|153|239|26|5.5|5.5|5.5|1.5|1.5
704,Heavenly Executioner Suit of Thief,Thief,All,G70b,70,1,Health,24,19|24|||11|300|300|||||17|153|239|26|5.5|5.5|5.5|1.5|1.5
704,Heavenly Executioner Suit of Thief,Thief,All,G70b,70,4,Agility,11,19|24|||11|300|300|||||17|153|239|26|5.5|5.5|5.5|1.5|1.5
704,Heavenly Executioner Suit of Thief,Thief,All,G70b,70,5,HP,300,19|24|||11|300|300|||||17|153|239|26|5.5|5.5|5.5|1.5|1.5
704,Heavenly Executioner Suit of Thief,Thief,All,G70b,70,6,MP,300,19|24|||11|300|300|||||17|153|239|26|5.5|5.5|5.5|1.5|1.5
704,Heavenly Executioner Suit of Thief,Thief,All,G70b,70,11,OTP,17,19|24|||11|300|300|||||17|153|239|26|5.5|5.5|5.5|1.5|1.5
704,Heavenly Executioner Suit of Thief,Thief,All,G70b,70,12,Evasion,153,19|24|||11|300|300|||||17|153|239|26|5.5|5.5|5.5|1.5|1.5
704,Heavenly Executioner Suit of Thief,Thief,All,G70b,70,13,Defense,239,19|24|||11|300|300|||||17|153|239|26|5.5|5.5|5.5|1.5|1.5
704,Heavenly Executioner Suit of Thief,Thief,All,G70b,70,14,Absorb,26,19|24|||11|300|300|||||17|153|239|26|5.5|5.5|5.5|1.5|1.5
704,Heavenly Executioner Suit of Thief,Thief,All,G70b,70,15,Fire,5.5,19|24|||11|300|300|||||17|153|239|26|5.5|5.5|5.5|1.5|1.5
704,Heavenly Executioner Suit of Thief,Thief,All,G70b,70,16,Ice,5.5,19|24|||11|300|300|||||17|153|239|26|5.5|5.5|5.5|1.5|1.5
704,Heavenly Executioner Suit of Thief,Thief,All,G70b,70,17,Lightening,5.5,19|24|||11|300|300|||||17|153|239|26|5.5|5.5|5.5|1.5|1.5
704,Heavenly Executioner Suit of Thief,Thief,All,G70b,70,18,NonElemental,1.5,19|24|||11|300|300|||||17|153|239|26|5.5|5.5|5.5|1.5|1.5
704,Heavenly Executioner Suit of Thief,Thief,All,G70b,70,19,Curse,1.5,19|24|||11|300|300|||||17|153|239|26|5.5|5.5|5.5|1.5|1.5
705,Heavenly Executioner Suit of T,Thief,Armor,G70b,70,0,Strength,5,5|9|||1|150|150||||||21|74|9|2|2|2|2|2
705,Heavenly Executioner Suit of T,Thief,Armor,G70b,70,1,Health,9,5|9|||1|150|150||||||21|74|9|2|2|2|2|2
705,Heavenly Executioner Suit of T,Thief,Armor,G70b,70,4,Agility,1,5|9|||1|150|150||||||21|74|9|2|2|2|2|2
705,Heavenly Executioner Suit of T,Thief,Armor,G70b,70,5,HP,150,5|9|||1|150|150||||||21|74|9|2|2|2|2|2
705,Heavenly Executioner Suit of T,Thief,Armor,G70b,70,6,MP,150,5|9|||1|150|150||||||21|74|9|2|2|2|2|2
705,Heavenly Executioner Suit of T,Thief,Armor,G70b,70,12,Evasion,21,5|9|||1|150|150||||||21|74|9|2|2|2|2|2
705,Heavenly Executioner Suit of T,Thief,Armor,G70b,70,13,Defense,74,5|9|||1|150|150||||||21|74|9|2|2|2|2|2
705,Heavenly Executioner Suit of T,Thief,Armor,G70b,70,14,Absorb,9,5|9|||1|150|150||||||21|74|9|2|2|2|2|2
705,Heavenly Executioner Suit of T,Thief,Armor,G70b,70,15,Fire,2,5|9|||1|150|150||||||21|74|9|2|2|2|2|2
705,Heavenly Executioner Suit of T,Thief,Armor,G70b,70,16,Ice,2,5|9|||1|150|150||||||21|74|9|2|2|2|2|2
705,Heavenly Executioner Suit of T,Thief,Armor,G70b,70,17,Lightening,2,5|9|||1|150|150||||||21|74|9|2|2|2|2|2
705,Heavenly Executioner Suit of T,Thief,Armor,G70b,70,18,NonElemental,2,5|9|||1|150|150||||||21|74|9|2|2|2|2|2
705,Heavenly Executioner Suit of T,Thief,Armor,G70b,70,19,Curse,2,5|9|||1|150|150||||||21|74|9|2|2|2|2|2
706,Heavenly Executioner Suit of T Shorts,Thief,Shorts,G70b,70,0,Strength,3,3|7||||100|50|||||6|67|34|7|1.5|1.5|1.5|3.5|3.5
706,Heavenly Executioner Suit of T Shorts,Thief,Shorts,G70b,70,1,Health,7,3|7||||100|50|||||6|67|34|7|1.5|1.5|1.5|3.5|3.5
706,Heavenly Executioner Suit of T Shorts,Thief,Shorts,G70b,70,5,HP,100,3|7||||100|50|||||6|67|34|7|1.5|1.5|1.5|3.5|3.5
706,Heavenly Executioner Suit of T Shorts,Thief,Shorts,G70b,70,6,MP,50,3|7||||100|50|||||6|67|34|7|1.5|1.5|1.5|3.5|3.5
706,Heavenly Executioner Suit of T Shorts,Thief,Shorts,G70b,70,11,OTP,6,3|7||||100|50|||||6|67|34|7|1.5|1.5|1.5|3.5|3.5
706,Heavenly Executioner Suit of T Shorts,Thief,Shorts,G70b,70,12,Evasion,67,3|7||||100|50|||||6|67|34|7|1.5|1.5|1.5|3.5|3.5
706,Heavenly Executioner Suit of T Shorts,Thief,Shorts,G70b,70,13,Defense,34,3|7||||100|50|||||6|67|34|7|1.5|1.5|1.5|3.5|3.5
706,Heavenly Executioner Suit of T Shorts,Thief,Shorts,G70b,70,14,Absorb,7,3|7||||100|50|||||6|67|34|7|1.5|1.5|1.5|3.5|3.5
706,Heavenly Executioner Suit of T Shorts,Thief,Shorts,G70b,70,15,Fire,1.5,3|7||||100|50|||||6|67|34|7|1.5|1.5|1.5|3.5|3.5
706,Heavenly Executioner Suit of T Shorts,Thief,Shorts,G70b,70,16,Ice,1.5,3|7||||100|50|||||6|67|34|7|1.5|1.5|1.5|3.5|3.5
706,Heavenly Executioner Suit of T Shorts,Thief,Shorts,G70b,70,17,Lightening,1.5,3|7||||100|50|||||6|67|34|7|1.5|1.5|1.5|3.5|3.5
706,Heavenly Executioner Suit of T Shorts,Thief,Shorts,G70b,70,18,NonElemental,3.5,3|7||||100|50|||||6|67|34|7|1.5|1.5|1.5|3.5|3.5
706,Heavenly Executioner Suit of T Shorts,Thief,Shorts,G70b,70,19,Curse,3.5,3|7||||100|50|||||6|67|34|7|1.5|1.5|1.5|3.5|3.5
284,Cooked Potato,,Meal,G20,0,0,Strength,It recovers 420 of your health after 30 seconds.,It recovers 420 of your health after 30 seconds.
292,Big Piece of Meat,,Meal,G48,0,0,Strength,It recovers 420 of your health after 30 seconds.,It recovers 420 of your health after 30 seconds.
301,Best Water of Geum-Oh Mountain,,Water,G20,0,0,Strength,It recovers 240 of your energy after 30 seconds.,It recovers 240 of your energy after 30 seconds.
303,Medium Water of Geum-Oh Valley,,Water,G28,0,0,Strength,It recovers 420 of your energy after 30 seconds.,It recovers 420 of your energy after 30 seconds.
311,Medium Boiling Water,,Water,G60,0,0,Strength,It recovers 1560 of your energy after 30 seconds.,It recovers 1560 of your energy after 30 seconds.
319,"""Worshipful"" / ""Sharp""",,ToI Intelligence,,0,0,Strength,27,27|20|22|38
319,"""Worshipful"" / ""Sharp""",,ToI Intelligence,,0,1,Health,20,27|20|22|38
319,"""Worshipful"" / ""Sharp""",,ToI Intelligence,,0,2,Intelligence,22,27|20|22|38
319,"""Worshipful"" / ""Sharp""",,ToI Intelligence,,0,3,Wisdom,38,27|20|22|38
326,"""Sublime"" / ""Sharp""",,ToI Intelligence,,0,0,Strength,28,28|16|22|39
326,"""Sublime"" / ""Sharp""",,ToI Intelligence,,0,1,Health,16,28|16|22|39
326,"""Sublime"" / ""Sharp""",,ToI Intelligence,,0,2,Intelligence,22,28|16|22|39
326,"""Sublime"" / ""Sharp""",,ToI Intelligence,,0,3,Wisdom,39,28|16|22|39
332,"""Barbaric"" / ""Harsh""",,ToI Strength,,0,0,Strength,9,9|12|3|35
332,"""Barbaric"" / ""Harsh""",,ToI Strength,,0,1,Health,12,9|12|3|35
332,"""Barbaric"" / ""Harsh""",,ToI Strength,,0,2,Intelligence,3,9|12|3|35
332,"""Barbaric"" / ""Harsh""",,ToI Strength,,0,3,Wisdom,35,9|12|3|35
337,"""Invincible"" / ""Harsh""",,ToI Strength,,0,0,Strength,10,10|8|3|36
337,"""Invincible"" / ""Harsh""",,ToI Strength,,0,1,Health,8,10|8|3|36
337,"""Invincible"" / ""Harsh""",,ToI Strength,,0,2,Intelligence,3,10|8|3|36
337,"""Invincible"" / ""Harsh""",,ToI Strength,,0,3,Wisdom,36,10|8|3|36
343,"""Steely"" / ""Ablaze""",,ToI,,0,0,Strength,81,81|24|15|38
343,"""Steely"" / ""Ablaze""",,ToI,,0,1,Health,24,81|24|15|38
343,"""Steely"" / ""Ablaze""",,ToI,,0,2,Intelligence,15,81|24|15|38
343,"""Steely"" / ""Ablaze""",,ToI,,0,3,Wisdom,38,81|24|15|38
351,"""Strongest Mans"" / ""Forced""",,ToW Strength,,0,0,Strength,5,5|30|1|48
351,"""Strongest Mans"" / ""Forced""",,ToW Strength,,0,1,Health,30,5|30|1|48
351,"""Strongest Mans"" / ""Forced""",,ToW Strength,,0,2,Intelligence,1,5|30|1|48
351,"""Strongest Mans"" / ""Forced""",,ToW Strength,,0,3,Wisdom,48,5|30|1|48
357,"""Wise"" / ""Fictional""",,ToW Intelligence,,0,0,Strength,25,25|30|21|48
357,"""Wise"" / ""Fictional""",,ToW Intelligence,,0,1,Health,30,25|30|21|48
357,"""Wise"" / ""Fictional""",,ToW Intelligence,,0,2,Intelligence,21,25|30|21|48
357,"""Wise"" / ""Fictional""",,ToW Intelligence,,0,3,Wisdom,48,25|30|21|48
363,"""Dashy"" / ""Agile""",,ToW Agility,,0,0,Strength,45,45|30|41|48
363,"""Dashy"" / ""Agile""",,ToW Agility,,0,1,Health,30,45|30|41|48
363,"""Dashy"" / ""Agile""",,ToW Agility,,0,2,Intelligence,41,45|30|41|48
363,"""Dashy"" / ""Agile""",,ToW Agility,,0,3,Wisdom,48,45|30|41|48
369,"""Prideful"" / ""Healthy""",,ToP,,0,0,Strength,85,85|17|11|59
369,"""Prideful"" / ""Healthy""",,ToP,,0,1,Health,17,85|17|11|59
369,"""Prideful"" / ""Healthy""",,ToP,,0,2,Intelligence,11,85|17|11|59
369,"""Prideful"" / ""Healthy""",,ToP,,0,3,Wisdom,59,85|17|11|59
374,Talisman of Accuracy,,ToA,,0,0,Strength,On target point +1,On target point +1
393,Apprentice Scholars Trinket,,Trinket,G0,0,3,Wisdom,1,|||1||20|300
393,Apprentice Scholars Trinket,,Trinket,G0,0,5,HP,20,|||1||20|300
393,Apprentice Scholars Trinket,,Trinket,G0,0,6,MP,300,|||1||20|300
426,Stone of Ice,,Stone,,0,21,Ice dmg,5,"|||||||||||||||||||||5||||||,|||||||||||||||||||||10||||||"
426,Stone of Ice,,Stone,,0,27,slot27,",","|||||||||||||||||||||5||||||,|||||||||||||||||||||10||||||"
426,Stone of Ice,,Stone,,0,48,slot48,10,"|||||||||||||||||||||5||||||,|||||||||||||||||||||10||||||"
