drp_azon,drp_group1,drp_group2,drp_chance1,drp_chance2,drp_item,drp_monst,drp_rev
0,1,1,60,92,276,1,"2"
1,1,1,60,4,277,1,
2,1,1,60,4,278,1,
3,1,2,10,40,276,1,"4"
4,1,2,10,10,174,1,"Forced"
5,1,2,10,10,174,1,"Unlawful"
6,1,2,10,10,246,1,"Fictional"
7,1,2,10,10,246,1,"Sharp"
8,1,2,10,10,216,1,"Agile"
9,1,2,10,10,216,1,"Reflective"
10,1,3,1,2,314,1,
11,1,3,1,2,315,1,
12,1,3,1,2,376,1,
13,1,3,1,5,379,1,
14,1,4,20,50,280,1,
15,1,4,20,5,281,1,
16,1,4,20,5,298,1,
17,2,1,60,86,276,2,"3"
18,2,1,60,4,277,2,
19,2,1,60,2,175,2,
20,2,1,60,2,217,2,
21,2,1,60,2,247,2,
22,2,1,60,4,278,2,
23,2,2,10,40,276,2,"4"
24,2,2,10,10,174,2,"Forced"
25,2,2,10,10,174,2,"Unlawful"
26,2,2,10,10,246,2,"Fictional"
27,2,2,10,10,246,2,"Sharp"
28,2,2,10,10,216,2,"Agile"
29,2,2,10,10,216,2,"Reflective"
30,2,3,1,2,314,2,
31,2,3,1,2,315,2,
32,2,3,1,2,376,2,
33,2,3,1,5,379,2,
34,2,4,20,50,280,2,
35,2,4,20,5,281,2,
36,2,4,20,5,298,2,
37,3,1,60,85.699997,276,3,"3"
38,3,1,60,4,277,3,
39,3,1,60,2.0999999,175,3,
40,3,1,60,2.0999999,217,3,
41,3,1,60,2.0999999,247,3,
42,3,1,60,4,278,3,
43,3,2,10,52.900002,276,3,"4"
44,3,2,10,15,174,3,"Forced"
45,3,2,10,15,216,3,"Agile"
46,3,2,10,15,246,3,"Fictional"
47,3,2,10,0.2,175,3,"Forced"
48,3,2,10,0.2,217,3,"Forced"
49,3,2,10,0.2,247,3,"Fictional"
50,3,2,10,0.2,175,3,"Agile"
51,3,2,10,0.2,217,3,"Agile"
52,3,2,10,0.2,247,3,"Agile"
53,3,2,10,0.1,8,3,"Vigorous"
54,3,2,10,0.1,2,3,"Vigorous"
55,3,2,10,0.1,14,3,"Confirmatory"
56,3,2,10,0.1,176,3,"Wondering Knights"
57,3,2,10,0.1,218,3,"Wondering Archers"
58,3,2,10,0.1,248,3,"Beginning Scholars"
59,3,2,10,0.1,176,3,"Veteran Knights"
60,3,2,10,0.1,218,3,"Veteran Archers"
61,3,2,10,0.1,248,3,"Veteran Scholars"
62,3,3,1,2,314,3,
63,3,3,1,2,315,3,
64,3,3,1,2,376,3,
65,3,3,1,5,379,3,
66,3,4,20,50,280,3,
67,3,4,20,5,281,3,
68,3,4,20,5,298,3,
69,4,1,60,84.800003,276,4,"4"
70,4,1,60,4,277,4,
71,4,1,60,4,278,4,
72,4,1,60,2.4000001,175,4,
73,4,1,60,2.4000001,217,4,
74,4,1,60,2.4000001,247,4,
75,4,2,11,52.900002,276,4,"4"
76,4,2,11,15,174,4,"Forced"
77,4,2,11,15,216,4,"Agile"
78,4,2,11,15,246,4,"Fictional"
79,4,2,11,0.2,175,4,"Forced"
80,4,2,11,0.2,217,4,"Forced"
81,4,2,11,0.2,247,4,"Fictional"
82,4,2,11,0.2,175,4,"Agile"
83,4,2,11,0.2,217,4,"Agile"
84,4,2,11,0.2,247,4,"Agile"
85,4,2,11,0.1,8,4,"Vigorous"
86,4,2,11,0.1,2,4,"Vigorous"
87,4,2,11,0.1,14,4,"Confirmatory"
88,4,2,11,0.1,176,4,"Wondering Knights"
89,4,2,11,0.1,218,4,"Wondering Archers"
90,4,2,11,0.1,248,4,"Beginning Scholars"
91,4,2,11,0.1,176,4,"Veteran Knights"
92,4,2,11,0.1,218,4,"Veteran Archers"
93,4,2,11,0.1,248,4,"Veteran Scholars"
94,4,3,1,2,314,4,
95,4,3,1,2,315,4,
96,4,3,1,2,376,4,
97,4,3,1,5,379,4,
98,4,4,10,10,281,4,
99,4,4,10,10,298,4,
100,5,1,60,88.099998,276,5,"6"
101,5,1,60,4,277,5,
102,5,1,60,1.3,8,5,
103,5,1,60,1.3,2,5,
104,5,1,60,1.3,14,5,
105,5,1,60,4,278,5,
106,5,2,10,96.099998,276,5,"7"
107,5,2,10,0.60000002,175,5,"Forced"
108,5,2,10,0.60000002,175,5,"Unlawful"
109,5,2,10,0.60000002,247,5,"Fictional"
110,5,2,10,0.60000002,247,5,"Sharp"
111,5,2,10,0.60000002,217,5,"Agile"
112,5,2,10,0.60000002,217,5,"Reflective"
113,5,2,10,0.1,176,5,"Veteran Knights"
114,5,2,10,0.1,218,5,"Veteran Archers"
115,5,2,10,0.1,248,5,"Veteran Scholars"
116,5,3,1,2,314,5,
117,5,3,1,2,315,5,
118,5,3,1,2,376,5,
119,5,3,1,5,379,5,
120,5,4,10,10,281,5,
121,5,4,10,10,298,5,
122,6,1,60,87.900002,276,6,"8"
123,6,1,60,4,277,6,
124,6,1,60,0.40000001,176,6,
125,6,1,60,0.2,248,6,
126,6,1,60,6,278,6,
127,6,1,60,0.2,8,6,
128,6,1,60,0.2,11,6,
129,6,1,60,0.2,10,6,
130,6,1,60,0.2,9,6,
131,6,1,60,0.2,12,6,
132,6,1,60,0.1,14,6,
133,6,1,60,0.1,17,6,
134,6,1,60,0.1,16,6,
135,6,1,60,0.1,15,6,
136,6,1,60,0.1,18,6,
137,6,2,1,96.5,276,6,"10"
138,6,2,1,0.5,176,6,"Heavy Blows"
139,6,2,1,0.40000001,176,6,"The Powerful"
140,6,2,1,0.40000001,176,6,"Explosive"
141,6,2,1,0.40000001,176,6,"Exterminated"
142,6,2,1,0.2,248,6,"Fundamental"
143,6,2,1,0.2,248,6,"Powerful"
144,6,2,1,0.2,248,6,"Mighty"
145,6,2,1,0.2,248,6,"Cruel"
146,6,2,1,0.2,26,6,"Healthy"
147,6,2,1,0.2,26,6,"Vigorous"
148,6,2,1,0.2,32,6,"Fixed"
149,6,2,1,0.2,176,6,"Veteran Knights"
150,6,2,1,0.2,176,6,"Strong Knights"
151,6,3,1,2,314,6,
152,6,3,1,2,315,6,
153,6,3,1,2,376,6,
154,6,3,1,5,379,6,
155,6,4,10,10,281,6,
156,6,4,10,10,298,6,
157,7,1,60,97.900002,276,7,"8"
158,7,1,60,6,277,7,
159,7,1,60,0.40000001,218,7,
160,7,1,60,0.2,248,7,
161,7,1,60,6,278,7,
162,7,1,60,0.2,2,7,
163,7,1,60,0.2,5,7,
164,7,1,60,0.2,4,7,
165,7,1,60,0.2,3,7,
166,7,1,60,0.2,6,7,
167,7,1,60,0.1,14,7,
168,7,1,60,0.1,17,7,
169,7,1,60,0.1,16,7,
170,7,1,60,0.1,15,7,
171,7,1,60,0.1,18,7,
172,7,2,1,96.400002,276,7,"11"
173,7,2,1,0.5,218,7,"Heavy Blows"
174,7,2,1,0.40000001,218,7,"The Powerful"
175,7,2,1,0.40000001,218,7,"Explosive"
176,7,2,1,0.40000001,218,7,"Fierce"
177,7,2,1,0.30000001,248,7,"Fundamental"
178,7,2,1,0.2,248,7,"Powerful"
179,7,2,1,0.2,248,7,"Mighty"
180,7,2,1,0.2,248,7,"Cruel"
181,7,2,1,0.2,20,7,"Healthy"
182,7,2,1,0.2,20,7,"Vigorous"
183,7,2,1,0.2,32,7,"Confirmatory"
184,7,2,1,0.2,218,7,"Veteran Archers"
185,7,2,1,0.2,218,7,"Skillful Archers "
186,7,3,1,2,314,7,
187,7,3,1,2,315,7,
188,7,3,1,2,376,7,
189,7,3,1,5,379,7,
190,7,4,10,10,281,7,
191,7,4,10,10,298,7,
192,8,1,80,89.5,276,8,"10"
193,8,1,80,3,277,8,
194,8,1,80,6,278,8,
195,8,1,80,0.5,176,8,
196,8,1,80,0.5,218,8,
197,8,1,80,0.5,248,8,
198,8,2,20,96.699997,276,8,"13"
199,8,2,20,1,177,8,"Unlawful"
200,8,2,20,1,249,8,"Sharp"
201,8,2,20,1,219,8,"Reflective"
202,8,2,20,0.1,177,8,"Wondering Knights"
203,8,2,20,0.1,219,8,"Wondering Archers"
204,8,2,20,0.1,249,8,"Beginning Scholars"
205,9,1,60,90,276,9,"9"
206,9,1,60,4,277,9,
207,9,1,60,6,278,9,
208,9,2,10,96.699997,276,9,"11"
209,9,2,10,0.80000001,177,9,"Forced"
210,9,2,10,0.80000001,249,9,"Fictional"
211,9,2,10,0.80000001,219,9,"Agile"
212,9,2,10,0.30000001,177,9,"Wondering Knights"
213,9,2,10,0.30000001,219,9,"Wondering Archers"
214,9,2,10,0.30000001,249,9,"Beginning Scholars"
215,9,3,1,2,314,9,
216,9,3,1,2,315,9,
217,9,3,1,2,376,9,
218,9,3,1,5,379,9,
219,9,4,10,10,281,9,
220,9,4,10,10,298,9,
221,10,1,60,82.800003,276,10,"11"
222,10,1,60,4,277,10,
223,10,1,60,0.2,249,10,
224,10,1,60,12,278,10,
225,10,1,60,0.2,14,10,
226,10,1,60,0.2,17,10,
227,10,1,60,0.2,16,10,
228,10,1,60,0.2,15,10,
229,10,1,60,0.2,18,10,
230,10,2,1,96.599998,276,10,"13"
231,10,2,1,0.69999999,249,10,"Sharp"
232,10,2,1,0.69999999,249,10,"Agile"
233,10,2,1,0.60000002,249,10,"Keen"
234,10,2,1,0.60000002,249,10,"Reflective"
235,10,2,1,0.2,249,10,"Fundamental"
236,10,2,1,0.2,249,10,"Powerful"
237,10,2,1,0.1,32,10,"Confirmatory"
238,10,2,1,0.1,32,10,"Celebrated"
239,10,2,1,0.1,32,10,"Dignified"
240,10,2,1,0.1,250,10,"Beginning Scholars"
241,10,3,10,5,282,10,
242,10,3,10,5,299,10,
243,10,3,10,3,283,10,
244,10,3,10,3,300,10,
245,10,3,10,2,284,10,
246,10,3,10,2,301,10,
247,13,1,31,77.300003,276,14,"15"
248,13,1,31,8,277,14,
249,13,1,31,14,278,14,
250,13,1,31,0.2,249,14,
251,13,1,31,0.1,32,14,
252,13,1,31,0.1,35,14,
253,13,1,31,0.1,34,14,
254,13,1,31,0.1,33,14,
255,13,1,31,0.1,36,14,
256,13,2,30,85.300003,276,14,"16"
257,13,2,30,14,278,14,
258,13,2,30,0.2,249,14,
259,13,2,30,0.1,32,14,
260,13,2,30,0.1,35,14,
261,13,2,30,0.1,34,14,
262,13,2,30,0.1,33,14,
263,13,2,30,0.1,36,14,
264,13,3,0.5,98.099998,276,14,"17"
265,13,3,0.5,0.30000001,250,14,"Fictional"
266,13,3,0.5,0.30000001,250,14,"Fixed"
267,13,3,0.5,0.2,250,14,"Sharp"
268,13,3,0.5,0.2,250,14,"Confirmatory"
269,13,3,0.5,0.2,32,14,"Wisdoms"
270,13,3,0.5,0.1,32,14,"Celebrated"
271,13,3,0.5,0.1,35,14,"Dignified"
272,13,3,0.5,0.1,50,14,"Wisdoms"
273,13,3,0.5,0.1,50,14,"Celebrated"
274,13,3,0.5,0.1,50,14,"Dignified"
275,13,3,0.5,0.1,250,14,"Beginning Scholars"
276,13,3,0.5,0.1,250,14,"Veteran Scholars"
277,13,4,0.5,0.2,349,14,
278,13,4,0.5,0.2,316,14,
279,13,4,0.5,0.2,317,14,
280,13,4,0.5,0.2,355,14,
281,13,4,0.5,0.2,318,14,
282,13,4,0.5,0.2,319,14,
283,13,4,0.5,0.2,352,14,
284,13,4,0.5,0.2,320,14,
285,13,4,0.5,0.2,321,14,
286,13,4,0.5,0.2,358,14,
287,13,4,0.5,0.2,322,14,
288,13,4,0.5,0.2,323,14,
289,13,4,0.5,0.2,361,14,
290,13,4,0.5,0.2,324,14,
291,13,4,0.5,0.2,325,14,
292,13,4,0.5,0.2,314,14,
293,13,4,0.5,0.2,315,14,
294,13,4,0.5,0.2,364,14,
295,13,4,0.5,0.2,365,14,
296,13,4,0.5,0.2,366,14,
297,13,4,0.5,2,376,14,
298,13,4,0.5,10,379,14,
299,13,5,10,5,282,14,
300,13,5,10,5,299,14,
301,13,5,10,3,283,14,
302,13,5,10,3,300,14,
303,13,5,10,2,284,14,
304,13,5,10,2,301,14,
305,16,1,31,44.900002,276,17,"20"
306,16,1,31,32,280,17,
307,16,1,31,8,277,17,
308,16,1,31,0.1,178,17,
309,16,1,31,14,278,17,
310,16,1,31,0.2,26,17,
311,16,1,31,0.2,29,17,
312,16,1,31,0.2,28,17,
313,16,1,31,0.2,27,17,
314,16,1,31,0.2,30,17,
315,16,2,30,84.900002,276,17,"21"
316,16,2,30,0.1,178,17,
317,16,2,30,14,278,17,
318,16,2,30,0.2,26,17,
319,16,2,30,0.2,29,17,
320,16,2,30,0.2,28,17,
321,16,2,30,0.2,27,17,
322,16,2,30,0.2,30,17,
323,16,3,0.5,98.800003,276,17,"22"
324,16,3,0.5,0.2,178,17,"Explosive"
325,16,3,0.5,0.2,178,17,"Fierce"
326,16,3,0.5,0.1,179,17,"Harsh"
327,16,3,0.5,0.1,179,17,"Vigorous"
328,16,3,0.5,0.1,179,17,"Heroic"
329,16,3,0.5,0.1,179,17,"Strong Mans"
330,16,3,0.5,0.1,44,17,"Vital"
331,16,3,0.5,0.1,44,17,"Ablaze"
332,16,3,0.5,0.1,47,17,"Ablaze"
333,16,3,0.5,0.1,178,17,"Expert Knights"
334,16,4,0.5,0.2,349,17,
335,16,4,0.5,0.2,316,17,
336,16,4,0.5,0.2,317,17,
337,16,4,0.5,0.2,355,17,
338,16,4,0.5,0.2,318,17,
339,16,4,0.5,0.2,319,17,
340,16,4,0.5,0.2,352,17,
341,16,4,0.5,0.2,320,17,
342,16,4,0.5,0.2,321,17,
343,16,4,0.5,0.2,358,17,
344,16,4,0.5,0.2,322,17,
345,16,4,0.5,0.2,323,17,
346,16,4,0.5,0.2,361,17,
347,16,4,0.5,0.2,324,17,
348,16,4,0.5,0.2,325,17,
349,16,4,0.5,0.2,314,17,
350,16,4,0.5,0.2,315,17,
351,16,4,0.5,0.2,364,17,
352,16,4,0.5,0.2,365,17,
353,16,4,0.5,0.2,366,17,
354,16,4,0.5,2,376,17,
355,16,4,0.5,10,379,17,
356,16,5,10,5,282,17,
357,16,5,10,5,299,17,
358,16,5,10,3,283,17,
359,16,5,10,3,300,17,
360,16,5,10,2,284,17,
361,16,5,10,2,301,17,
362,17,1,31,44.900002,276,18,"20"
363,17,1,31,32,280,18,
364,17,1,31,8,277,18,
365,17,1,31,0.1,220,18,
366,17,1,31,14,278,18,
367,17,1,31,0.2,20,18,
368,17,1,31,0.2,23,18,
369,17,1,31,0.2,22,18,
370,17,1,31,0.2,21,18,
371,17,1,31,0.2,24,18,
372,17,2,30,84.900002,276,18,"21"
373,17,2,30,0.1,220,18,
374,17,2,30,14,278,18,
375,17,2,30,0.2,20,18,
376,17,2,30,0.2,23,18,
377,17,2,30,0.2,22,18,
378,17,2,30,0.2,21,18,
379,17,2,30,0.2,24,18,
380,17,3,0.5,98.800003,276,18,"22"
381,17,3,0.5,0.2,220,18,"Explosive"
382,17,3,0.5,0.2,220,18,"Fierce"
383,17,3,0.5,0.1,221,18,"Instant"
384,17,3,0.5,0.1,221,18,"Unlawful"
385,17,3,0.5,0.1,221,18,"Harsh"
386,17,3,0.5,0.1,221,18,"Flexible"
387,17,3,0.5,0.1,38,18,"Vital"
388,17,3,0.5,0.1,38,18,"Ablaze"
389,17,3,0.5,0.1,41,18,"Ablaze"
390,17,3,0.5,0.1,220,18,"Expert Archers"
391,17,4,0.5,0.2,349,18,
392,17,4,0.5,0.2,316,18,
393,17,4,0.5,0.2,317,18,
394,17,4,0.5,0.2,355,18,
395,17,4,0.5,0.2,318,18,
396,17,4,0.5,0.2,319,18,
397,17,4,0.5,0.2,352,18,
398,17,4,0.5,0.2,320,18,
399,17,4,0.5,0.2,321,18,
400,17,4,0.5,0.2,358,18,
401,17,4,0.5,0.2,322,18,
402,17,4,0.5,0.2,323,18,
403,17,4,0.5,0.2,361,18,
404,17,4,0.5,0.2,324,18,
405,17,4,0.5,0.2,325,18,
406,17,4,0.5,0.2,314,18,
407,17,4,0.5,0.2,315,18,
408,17,4,0.5,0.2,364,18,
409,17,4,0.5,0.2,365,18,
410,17,4,0.5,0.2,366,18,
411,17,4,0.5,2,376,18,
412,17,4,0.5,10,379,18,
413,17,5,10,5,282,18,
414,17,5,10,5,299,18,
415,17,5,10,3,283,18,
416,17,5,10,3,300,18,
417,17,5,10,2,284,18,
418,17,5,10,2,301,18,
419,18,1,31,44.900002,276,19,"22"
420,18,1,31,32,280,19,
421,18,1,31,8,277,19,
422,18,1,31,0.1,250,19,
423,18,1,31,8,278,19,
424,18,1,31,6,279,19,
425,18,1,31,0.2,32,19,
426,18,1,31,0.2,35,19,
427,18,1,31,0.2,34,19,
428,18,1,31,0.2,33,19,
429,18,1,31,0.2,36,19,
430,18,2,30,84.900002,276,19,"23"
431,18,2,30,0.1,250,19,
432,18,2,30,10,278,19,
433,18,2,30,4,279,19,
434,18,2,30,0.2,32,19,
435,18,2,30,0.2,35,19,
436,18,2,30,0.2,34,19,
437,18,2,30,0.2,33,19,
438,18,2,30,0.2,36,19,
439,18,3,0.5,98.800003,276,19,"25"
440,18,3,0.5,0.2,250,19,"Mighty"
441,18,3,0.5,0.2,250,19,"Considerable"
442,18,3,0.5,0.1,251,19,"Keen"
443,18,3,0.5,0.1,251,19,"Confirmatory"
444,18,3,0.5,0.1,251,19,"Celebrated"
445,18,3,0.5,0.1,251,19,"Ordinary"
446,18,3,0.5,0.1,50,19,"Dignified"
447,18,3,0.5,0.1,50,19,"Dignified"
448,18,3,0.5,0.1,53,19,"Merciful"
449,18,3,0.5,0.1,250,19,"Expert Scholars"
450,18,4,0.5,0.2,349,19,
451,18,4,0.5,0.2,316,19,
452,18,4,0.5,0.2,317,19,
453,18,4,0.5,0.2,355,19,
454,18,4,0.5,0.2,318,19,
455,18,4,0.5,0.2,319,19,
456,18,4,0.5,0.2,352,19,
457,18,4,0.5,0.2,320,19,
458,18,4,0.5,0.2,321,19,
459,18,4,0.5,0.2,358,19,
460,18,4,0.5,0.2,322,19,
461,18,4,0.5,0.2,323,19,
462,18,4,0.5,0.2,361,19,
463,18,4,0.5,0.2,324,19,
464,18,4,0.5,0.2,325,19,
465,18,4,0.5,0.2,314,19,
466,18,4,0.5,0.2,315,19,
467,18,4,0.5,0.2,364,19,
468,18,4,0.5,0.2,365,19,
469,18,4,0.5,0.2,366,19,
470,18,4,0.5,2,376,19,
471,18,4,0.5,10,379,19,
472,18,5,10,5,282,19,
473,18,5,10,5,299,19,
474,18,5,10,3,283,19,
475,18,5,10,3,300,19,
476,18,5,10,2,284,19,
477,18,5,10,2,301,19,
478,19,1,31,44.400002,276,20,"24"
479,19,1,31,32,280,20,
480,19,1,31,8,277,20,
481,19,1,31,9,278,20,
482,19,1,31,6,279,20,
483,19,1,31,0.2,178,20,
484,19,1,31,0.2,220,20,
485,19,1,31,0.2,250,20,
486,19,2,30,84.400002,276,20,"25"
487,19,2,30,13,278,20,
488,19,2,30,2,279,20,
489,19,2,30,0.2,178,20,
490,19,2,30,0.2,220,20,
491,19,2,30,0.2,250,20,
492,19,3,0.5,98.800003,276,20,"26"
493,19,3,0.5,0.2,179,20,"Strong Mans"
494,19,3,0.5,0.2,221,20,"Flexible"
495,19,3,0.5,0.2,251,20,"Ordinary"
496,19,3,0.5,0.1,179,20,"Veteran Knights"
497,19,3,0.5,0.1,221,20,"Veteran Archers"
498,19,3,0.5,0.1,251,20,"Veteran Scholars"
499,19,3,0.5,0.1,179,20,"Strong Knights"
500,19,3,0.5,0.1,221,20,"Skillful Archers "
501,19,3,0.5,0.1,251,20,"Skillful Scholars"
502,19,4,0.5,0.2,349,20,
503,19,4,0.5,0.2,316,20,
504,19,4,0.5,0.2,317,20,
505,19,4,0.5,0.2,355,20,
506,19,4,0.5,0.2,318,20,
507,19,4,0.5,0.2,319,20,
508,19,4,0.5,0.2,352,20,
509,19,4,0.5,0.2,320,20,
510,19,4,0.5,0.2,321,20,
511,19,4,0.5,0.2,358,20,
512,19,4,0.5,0.2,322,20,
513,19,4,0.5,0.2,323,20,
514,19,4,0.5,0.2,361,20,
515,19,4,0.5,0.2,324,20,
516,19,4,0.5,0.2,325,20,
517,19,4,0.5,0.2,314,20,
518,19,4,0.5,0.2,315,20,
519,19,4,0.5,0.2,364,20,
520,19,4,0.5,0.2,365,20,
521,19,4,0.5,0.2,366,20,
522,19,4,0.5,2,376,20,
523,19,4,0.5,10,379,20,
524,19,5,10,5,285,20,
525,19,5,10,5,302,20,
526,19,5,10,3,286,20,
527,19,5,10,3,303,20,
528,19,5,10,2,287,20,
529,19,5,10,2,304,20,
530,20,1,31,42.099998,276,21,"24"
531,20,1,31,32,280,21,
532,20,1,31,8,277,21,
533,20,1,31,10,278,21,
534,20,1,31,7,279,21,
535,20,1,31,0.1,179,21,
536,20,1,31,0.1,221,21,
537,20,1,31,0.1,251,21,
538,20,1,31,0.1,44,21,
539,20,1,31,0.1,47,21,
540,20,1,31,0.1,38,21,
541,20,1,31,0.1,41,21,
542,20,1,31,0.1,50,21,
543,20,1,31,0.1,53,21,
544,20,2,30,82.099998,276,21,"25"
545,20,2,30,14,278,21,
546,20,2,30,3,279,21,
547,20,2,30,0.1,179,21,
548,20,2,30,0.1,221,21,
549,20,2,30,0.1,251,21,
550,20,2,30,0.1,44,21,
551,20,2,30,0.1,47,21,
552,20,2,30,0.1,38,21,
553,20,2,30,0.1,41,21,
554,20,2,30,0.1,50,21,
555,20,2,30,0.1,53,21,
556,20,3,0.5,97.300003,276,21,"26"
557,20,3,0.5,0.30000001,179,21,"Strong Mans"
558,20,3,0.5,0.30000001,221,21,"Flexible"
559,20,3,0.5,0.30000001,251,21,"Ordinary"
560,20,3,0.5,0.1,180,21,"Harsh"
561,20,3,0.5,0.1,180,21,"Strong Mans"
562,20,3,0.5,0.1,252,21,"Keen"
563,20,3,0.5,0.1,252,21,"Ordinary"
564,20,3,0.5,0.1,222,21,"Instant"
565,20,3,0.5,0.1,222,21,"Flexible"
566,20,3,0.5,0.2,179,21,"Veteran Knights"
567,20,3,0.5,0.2,221,21,"Veteran Archers"
568,20,3,0.5,0.2,251,21,"Veteran Scholars"
569,20,3,0.5,0.2,179,21,"Strong Knights"
570,20,3,0.5,0.2,221,21,"Skillful Archers "
571,20,3,0.5,0.2,251,21,"Skillful Scholars"
572,20,4,0.5,0.2,349,21,
573,20,4,0.5,0.2,316,21,
574,20,4,0.5,0.2,317,21,
575,20,4,0.5,0.2,355,21,
576,20,4,0.5,0.2,318,21,
577,20,4,0.5,0.2,319,21,
578,20,4,0.5,0.2,352,21,
579,20,4,0.5,0.2,320,21,
580,20,4,0.5,0.2,321,21,
581,20,4,0.5,0.2,358,21,
582,20,4,0.5,0.2,322,21,
583,20,4,0.5,0.2,323,21,
584,20,4,0.5,0.2,361,21,
585,20,4,0.5,0.2,324,21,
586,20,4,0.5,0.2,325,21,
587,20,4,0.5,0.2,314,21,
588,20,4,0.5,0.2,315,21,
589,20,4,0.5,0.2,364,21,
590,20,4,0.5,0.2,365,21,
591,20,4,0.5,0.2,366,21,
592,20,4,0.5,2,376,21,
593,20,4,0.5,10,379,21,
594,20,5,10,5,285,21,
595,20,5,10,5,302,21,
596,20,5,10,3,286,21,
597,20,5,10,3,303,21,
598,20,5,10,2,287,21,
599,20,5,10,2,304,21,
600,22,1,31,44.299999,276,23,"26"
601,22,1,31,32,280,23,
602,22,1,31,8,277,23,
603,22,1,31,0.2,252,23,
604,22,1,31,0.1,50,23,
605,22,1,31,0.1,53,23,
606,22,1,31,0.1,52,23,
607,22,1,31,0.1,51,23,
608,22,1,31,0.1,54,23,
609,22,1,31,8,278,23,
610,22,1,31,7,279,23,
611,22,2,30,84.300003,276,23,"27"
612,22,2,30,0.2,252,23,
613,22,2,30,0.1,50,23,
614,22,2,30,0.1,53,23,
615,22,2,30,0.1,52,23,
616,22,2,30,0.1,51,23,
617,22,2,30,0.1,54,23,
618,22,2,30,13,278,23,
619,22,2,30,2,279,23,
620,22,3,0.5,99.400002,276,23,"28"
621,22,3,0.5,0.2,252,23,"Wise"
622,22,3,0.5,0.1,252,23,"Considerable"
623,22,3,0.5,0.1,253,23,"Keen"
624,22,3,0.5,0.1,253,23,"Veteran Scholars"
625,22,3,0.5,0.1,253,23,"Skillful Scholars"
626,22,4,0.5,0.2,349,23,
627,22,4,0.5,0.2,316,23,
628,22,4,0.5,0.2,317,23,
629,22,4,0.5,0.2,355,23,
630,22,4,0.5,0.2,318,23,
631,22,4,0.5,0.2,319,23,
632,22,4,0.5,0.2,352,23,
633,22,4,0.5,0.2,320,23,
634,22,4,0.5,0.2,321,23,
635,22,4,0.5,0.2,358,23,
636,22,4,0.5,0.2,322,23,
637,22,4,0.5,0.2,323,23,
638,22,4,0.5,0.2,361,23,
639,22,4,0.5,0.2,324,23,
640,22,4,0.5,0.2,325,23,
641,22,4,0.5,0.2,314,23,
642,22,4,0.5,0.2,315,23,
643,22,4,0.5,0.2,364,23,
644,22,4,0.5,0.2,365,23,
645,22,4,0.5,0.2,366,23,
646,22,4,0.5,2,376,23,
647,22,4,0.5,10,379,23,
648,22,5,10,5,285,23,
649,22,5,10,5,302,23,
650,22,5,10,3,286,23,
651,22,5,10,3,303,23,
652,22,5,10,2,287,23,
653,22,5,10,2,304,23,
654,24,1,31,44.299999,276,25,"28"
655,24,1,31,32,280,25,
656,24,1,31,8,277,25,
657,24,1,31,0.2,180,25,
658,24,1,31,0.1,44,25,
659,24,1,31,0.1,47,25,
660,24,1,31,0.1,46,25,
661,24,1,31,0.1,45,25,
662,24,1,31,0.1,48,25,
663,24,1,31,10,278,25,
664,24,1,31,5,279,25,
665,24,2,30,84.300003,276,25,"29"
666,24,2,30,0.2,180,25,
667,24,2,30,0.1,44,25,
668,24,2,30,0.1,47,25,
669,24,2,30,0.1,46,25,
670,24,2,30,0.1,45,25,
671,24,2,30,0.1,48,25,
672,24,2,30,13,278,25,
673,24,2,30,2,279,25,
674,24,3,0.5,99.099998,276,25,"30"
675,24,3,0.5,0.2,180,25,"Strongest Mans"
676,24,3,0.5,0.1,180,25,"Fierce"
677,24,3,0.5,0.1,181,25,"Harsh"
678,24,3,0.5,0.1,62,25,"Vital"
679,24,3,0.5,0.1,62,25,"Ablaze"
680,24,3,0.5,0.1,65,25,"Vigorous"
681,24,3,0.5,0.1,65,25,"Heroic"
682,24,3,0.5,0.1,181,25,"Strong Knights"
683,24,4,0.5,0.2,349,25,
684,24,4,0.5,0.2,316,25,
685,24,4,0.5,0.2,317,25,
686,24,4,0.5,0.2,355,25,
687,24,4,0.5,0.2,318,25,
688,24,4,0.5,0.2,319,25,
689,24,4,0.5,0.2,352,25,
690,24,4,0.5,0.2,320,25,
691,24,4,0.5,0.2,321,25,
692,24,4,0.5,0.2,358,25,
693,24,4,0.5,0.2,322,25,
694,24,4,0.5,0.2,323,25,
695,24,4,0.5,0.2,361,25,
696,24,4,0.5,0.2,324,25,
697,24,4,0.5,0.2,325,25,
698,24,4,0.5,0.2,314,25,
699,24,4,0.5,0.2,315,25,
700,24,4,0.5,0.2,364,25,
701,24,4,0.5,0.2,365,25,
702,24,4,0.5,0.2,366,25,
703,24,4,0.5,2,376,25,
704,24,4,0.5,10,379,25,
705,24,5,10,5,285,25,
706,24,5,10,5,302,25,
707,24,5,10,3,286,25,
708,24,5,10,3,303,25,
709,24,5,10,2,287,25,
710,24,5,10,2,304,25,
711,26,1,31,47.700001,276,27,"30"
712,26,1,31,32,280,27,
713,26,1,31,8,277,27,
714,26,1,31,9,278,27,
715,26,1,31,3,279,27,
716,26,1,31,0.1,181,27,
717,26,1,31,0.1,223,27,
718,26,1,31,0.1,253,27,
719,26,2,30,87.699997,276,27,"31"
720,26,2,30,11,278,27,
721,26,2,30,1,279,27,
722,26,3,0.5,99.099998,276,27,"32"
723,26,3,0.5,0.1,181,27,"Strong Mans"
724,26,3,0.5,0.1,223,27,"Flexible"
725,26,3,0.5,0.1,253,27,"Ordinary"
726,26,3,0.5,0.2,181,27,"Expert Knights"
727,26,3,0.5,0.2,223,27,"Expert Archers"
728,26,3,0.5,0.2,253,27,"Expert Scholars"
729,26,4,0.5,0.2,349,27,
730,26,4,0.5,0.2,316,27,
731,26,4,0.5,0.2,317,27,
732,26,4,0.5,0.2,355,27,
733,26,4,0.5,0.2,318,27,
734,26,4,0.5,0.2,319,27,
735,26,4,0.5,0.2,352,27,
736,26,4,0.5,0.2,320,27,
737,26,4,0.5,0.2,321,27,
738,26,4,0.5,0.2,358,27,
739,26,4,0.5,0.2,322,27,
740,26,4,0.5,0.2,323,27,
741,26,4,0.5,0.2,361,27,
742,26,4,0.5,0.2,324,27,
743,26,4,0.5,0.2,325,27,
744,26,4,0.5,0.2,314,27,
745,26,4,0.5,0.2,315,27,
746,26,4,0.5,0.2,364,27,
747,26,4,0.5,0.2,365,27,
748,26,4,0.5,0.2,366,27,
749,26,4,0.5,2,376,27,
750,26,4,0.5,10,379,27,
751,26,5,10,5,285,27,
752,26,5,10,5,302,27,
753,26,5,10,3,286,27,
754,26,5,10,3,303,27,
755,26,5,10,2,287,27,
756,26,5,10,2,304,27,
757,27,1,70,53.099998,276,32,"48"
758,27,1,70,32,280,32,
759,27,1,70,8,277,32,
760,27,1,70,6,279,32,
761,27,1,70,0.30000001,181,32,
762,27,1,70,0.30000001,223,32,
763,27,1,70,0.30000001,253,32,
764,27,2,0.2,73,276,32,"50"
765,27,2,0.2,1,62,32,"Iron legs"
766,27,2,0.2,1,65,32,"Iron legs"
767,27,2,0.2,1,64,32,"Iron legs"
768,27,2,0.2,1,63,32,"Iron legs"
769,27,2,0.2,1,66,32,"Iron legs"
770,27,2,0.2,1,56,32,"Iron legs"
771,27,2,0.2,1,59,32,"Iron legs"
772,27,2,0.2,1,58,32,"Iron legs"
773,27,2,0.2,1,57,32,"Iron legs"
774,27,2,0.2,1,60,32,"Iron legs"
775,27,2,0.2,0.1,68,32,"Predictive"
776,27,2,0.2,0.1,71,32,"Predictive"
777,27,2,0.2,0.1,70,32,"Predictive"
778,27,2,0.2,0.1,69,32,"Predictive"
779,27,2,0.2,0.1,72,32,"Predictive"
780,27,2,0.2,1,181,32,"Strong Mans"
781,27,2,0.2,1,181,32,"Extreme"
782,27,2,0.2,1,181,32,"Destructive"
783,27,2,0.2,1,223,32,"Flexible"
784,27,2,0.2,1,223,32,"Extreme"
785,27,2,0.2,1,223,32,"Destructive"
786,27,2,0.2,1,253,32,"Ordinary"
787,27,2,0.2,1,253,32,"High Class"
788,27,2,0.2,1,253,32,"Absoluteness"
789,27,2,0.2,1,182,32,"Wondering Knights"
790,27,2,0.2,1,224,32,"Wondering Archers"
791,27,2,0.2,1,254,32,"Beginning Scholars"
792,27,3,1,0.2,349,32,
793,27,3,1,0.2,316,32,
794,27,3,1,0.2,317,32,
795,27,3,1,0.2,355,32,
796,27,3,1,0.2,318,32,
797,27,3,1,0.2,319,32,
798,27,3,1,0.2,352,32,
799,27,3,1,0.2,320,32,
800,27,3,1,0.2,321,32,
801,27,3,1,0.2,358,32,
802,27,3,1,0.2,322,32,
803,27,3,1,0.2,323,32,
804,27,3,1,0.2,361,32,
805,27,3,1,0.2,324,32,
806,27,3,1,0.2,325,32,
807,27,3,1,0.2,314,32,
808,27,3,1,0.2,315,32,
809,27,3,1,0.2,364,32,
810,27,3,1,0.2,365,32,
811,27,3,1,0.2,366,32,
812,27,3,1,2,376,32,
813,27,3,1,10,379,32,
814,27,4,10,5,285,32,
815,27,4,10,5,302,32,
816,27,4,10,3,286,32,
817,27,4,10,3,303,32,
818,27,4,10,2,287,32,
819,27,4,10,2,304,32,
820,21,1,31,46.400002,276,22,"25"
821,21,1,31,40,280,22,
822,21,1,31,8,278,22,
823,21,1,31,5,279,22,
824,21,1,31,0.2,179,22,
825,21,1,31,0.2,221,22,
826,21,1,31,0.2,251,22,
827,21,2,30,86.400002,276,22,"26"
828,21,2,30,11,278,22,
829,21,2,30,2,279,22,
830,21,2,30,0.2,179,22,
831,21,2,30,0.2,221,22,
832,21,2,30,0.2,251,22,
833,21,3,0.5,97.300003,276,22,"27"
834,21,3,0.5,0.2,180,22,"Heroic"
835,21,3,0.5,0.1,180,22,"Strong Mans"
836,21,3,0.5,0.1,180,22,"Strongest Mans"
837,21,3,0.5,0.1,180,22,"Fierce"
838,21,3,0.5,0.2,222,22,"Harsh"
839,21,3,0.5,0.1,222,22,"Flexible"
840,21,3,0.5,0.1,222,22,"Dashy"
841,21,3,0.5,0.1,222,22,"Fierce"
842,21,3,0.5,0.2,252,22,"Celebrated"
843,21,3,0.5,0.1,252,22,"Ordinary"
844,21,3,0.5,0.1,252,22,"Wise"
845,21,3,0.5,0.1,252,22,"Considerable"
846,21,3,0.5,0.30000001,179,22,"Expert Knights"
847,21,3,0.5,0.30000001,221,22,"Expert Archers"
848,21,3,0.5,0.30000001,251,22,"Expert Scholars"
849,21,3,0.5,0.1,181,22,"Wondering Knights"
850,21,3,0.5,0.1,223,22,"Wondering Archers"
851,21,3,0.5,0.1,253,22,"Beginning Scholars"
852,21,4,0.5,0.2,349,22,
853,21,4,0.5,0.2,316,22,
854,21,4,0.5,0.2,317,22,
855,21,4,0.5,0.2,355,22,
856,21,4,0.5,0.2,318,22,
857,21,4,0.5,0.2,319,22,
858,21,4,0.5,0.2,352,22,
859,21,4,0.5,0.2,320,22,
860,21,4,0.5,0.2,321,22,
861,21,4,0.5,0.2,358,22,
862,21,4,0.5,0.2,322,22,
863,21,4,0.5,0.2,323,22,
864,21,4,0.5,0.2,361,22,
865,21,4,0.5,0.2,324,22,
866,21,4,0.5,0.2,325,22,
867,21,4,0.5,0.2,314,22,
868,21,4,0.5,0.2,315,22,
869,21,4,0.5,0.2,364,22,
870,21,4,0.5,0.2,365,22,
871,21,4,0.5,0.2,366,22,
872,21,4,0.5,2,376,22,
873,21,4,0.5,10,379,22,
874,21,5,10,1,379,22,
875,21,5,10,16,285,22,
876,21,5,10,7,302,22,
877,21,5,10,3,286,22,
878,21,5,10,3,303,22,
879,23,1,31,44.299999,276,24,"27"
880,23,1,31,40,280,24,
881,23,1,31,0.2,222,24,
882,23,1,31,0.1,38,24,
883,23,1,31,0.1,41,24,
884,23,1,31,0.1,40,24,
885,23,1,31,0.1,39,24,
886,23,1,31,0.1,42,24,
887,23,1,31,10,278,24,
888,23,1,31,5,279,24,
889,23,2,30,84.300003,276,24,"28"
890,23,2,30,0.2,222,24,
891,23,2,30,0.1,38,24,
892,23,2,30,0.1,41,24,
893,23,2,30,0.1,40,24,
894,23,2,30,0.1,39,24,
895,23,2,30,0.1,42,24,
896,23,2,30,13,278,24,
897,23,2,30,2,279,24,
898,23,3,0.5,99.099998,276,24,"30"
899,23,3,0.5,0.2,222,24,"Dashy"
900,23,3,0.5,0.1,222,24,"Fierce"
901,23,3,0.5,0.1,223,24,"Instant"
902,23,3,0.5,0.1,56,24,"Vital"
903,23,3,0.5,0.1,56,24,"Ablaze"
904,23,3,0.5,0.1,59,24,"Vigorous"
905,23,3,0.5,0.1,59,24,"Heroic"
906,23,3,0.5,0.1,223,24,"Skillful Archers "
907,23,4,0.5,0.2,349,24,
908,23,4,0.5,0.2,316,24,
909,23,4,0.5,0.2,317,24,
910,23,4,0.5,0.2,355,24,
911,23,4,0.5,0.2,318,24,
912,23,4,0.5,0.2,319,24,
913,23,4,0.5,0.2,352,24,
914,23,4,0.5,0.2,320,24,
915,23,4,0.5,0.2,321,24,
916,23,4,0.5,0.2,358,24,
917,23,4,0.5,0.2,322,24,
918,23,4,0.5,0.2,323,24,
919,23,4,0.5,0.2,361,24,
920,23,4,0.5,0.2,324,24,
921,23,4,0.5,0.2,325,24,
922,23,4,0.5,0.2,314,24,
923,23,4,0.5,0.2,315,24,
924,23,4,0.5,0.2,364,24,
925,23,4,0.5,0.2,365,24,
926,23,4,0.5,0.2,366,24,
927,23,4,0.5,2,376,24,
928,23,4,0.5,10,379,24,
929,23,5,10,7,285,24,
930,23,5,10,7,302,24,
931,23,5,10,3,286,24,
932,23,5,10,3,303,24,
933,25,1,31,47.400002,276,26,"29"
934,25,1,31,40,280,26,
935,25,1,31,9,278,26,
936,25,1,31,3,279,26,
937,25,1,31,0.2,180,26,
938,25,1,31,0.2,222,26,
939,25,1,31,0.2,252,26,
940,25,2,30,87.400002,276,26,"29"
941,25,2,30,11,278,26,
942,25,2,30,1,279,26,
943,25,2,30,0.2,180,26,
944,25,2,30,0.2,222,26,
945,25,2,30,0.2,252,26,
946,25,3,0.5,99.400002,276,26,"31"
947,25,3,0.5,0.1,181,26,"Harsh"
948,25,3,0.5,0.1,223,26,"Instant"
949,25,3,0.5,0.1,253,26,"Keen"
950,25,3,0.5,0.1,181,26,"Expert Knights"
951,25,3,0.5,0.1,223,26,"Expert Archers"
952,25,3,0.5,0.1,253,26,"Expert Scholars"
953,25,4,0.5,0.2,349,26,
954,25,4,0.5,0.2,316,26,
955,25,4,0.5,0.2,317,26,
956,25,4,0.5,0.2,355,26,
957,25,4,0.5,0.2,318,26,
958,25,4,0.5,0.2,319,26,
959,25,4,0.5,0.2,352,26,
960,25,4,0.5,0.2,320,26,
961,25,4,0.5,0.2,321,26,
962,25,4,0.5,0.2,358,26,
963,25,4,0.5,0.2,322,26,
964,25,4,0.5,0.2,323,26,
965,25,4,0.5,0.2,361,26,
966,25,4,0.5,0.2,324,26,
967,25,4,0.5,0.2,325,26,
968,25,4,0.5,0.2,314,26,
969,25,4,0.5,0.2,315,26,
970,25,4,0.5,0.2,364,26,
971,25,4,0.5,0.2,365,26,
972,25,4,0.5,0.2,366,26,
973,25,4,0.5,2,376,26,
974,25,4,0.5,10,379,26,
975,25,5,10,7,285,26,
976,25,5,10,7,302,26,
977,25,5,10,3,286,26,
978,25,5,10,3,303,26,
979,28,1,70,93.099998,276,37,"52"
980,28,1,70,6,279,37,
981,28,1,70,0.30000001,182,37,
982,28,1,70,0.30000001,224,37,
983,28,1,70,0.30000001,254,37,
984,28,2,0.2,73,276,37,"56"
985,28,2,0.2,1,62,37,"Iron legs"
986,28,2,0.2,1,65,37,"Iron legs"
987,28,2,0.2,1,64,37,"Iron legs"
988,28,2,0.2,1,63,37,"Iron legs"
989,28,2,0.2,1,66,37,"Iron legs"
990,28,2,0.2,1,56,37,"Iron legs"
991,28,2,0.2,1,59,37,"Iron legs"
992,28,2,0.2,1,58,37,"Iron legs"
993,28,2,0.2,1,57,37,"Iron legs"
994,28,2,0.2,1,60,37,"Iron legs"
995,28,2,0.2,0.1,68,37,"Predictive"
996,28,2,0.2,0.1,71,37,"Predictive"
997,28,2,0.2,0.1,70,37,"Predictive"
998,28,2,0.2,0.1,69,37,"Predictive"
999,28,2,0.2,0.1,72,37,"Predictive"
1000,28,2,0.2,1,181,37,"Strong Mans"
1001,28,2,0.2,1,181,37,"Extreme"
1002,28,2,0.2,1,181,37,"Destructive"
1003,28,2,0.2,1,223,37,"Flexible"
1004,28,2,0.2,1,223,37,"Extreme"
1005,28,2,0.2,1,223,37,"Destructive"
1006,28,2,0.2,1,253,37,"Ordinary"
1007,28,2,0.2,1,253,37,"High Class"
1008,28,2,0.2,1,253,37,"Absoluteness"
1009,28,2,0.2,1,182,37,"Wondering Knights"
1010,28,2,0.2,1,224,37,"Wondering Archers"
1011,28,2,0.2,1,254,37,"Beginning Scholars"
1012,28,3,1,0.2,349,37,
1013,28,3,1,0.2,316,37,
1014,28,3,1,0.2,317,37,
1015,28,3,1,0.2,355,37,
1016,28,3,1,0.2,318,37,
1017,28,3,1,0.2,319,37,
1018,28,3,1,0.2,352,37,
1019,28,3,1,0.2,320,37,
1020,28,3,1,0.2,321,37,
1021,28,3,1,0.2,358,37,
1022,28,3,1,0.2,322,37,
1023,28,3,1,0.2,323,37,
1024,28,3,1,0.2,361,37,
1025,28,3,1,0.2,324,37,
1026,28,3,1,0.2,325,37,
1027,28,3,1,0.2,314,37,
1028,28,3,1,0.2,315,37,
1029,28,3,1,0.2,364,37,
1030,28,3,1,0.2,365,37,
1031,28,3,1,0.2,366,37,
1032,28,3,1,2,376,37,
1033,28,3,1,10,379,37,
1034,28,4,10,7,285,37,
1035,28,4,10,7,302,37,
1036,28,4,10,3,286,37,
1037,28,4,10,3,303,37,
1038,11,1,60,46.799999,276,11,"12"
1039,11,1,60,40,280,11,
1040,11,1,60,0.2,177,11,
1041,11,1,60,12,278,11,
1042,11,1,60,0.2,8,11,
1043,11,1,60,0.2,11,11,
1044,11,1,60,0.2,10,11,
1045,11,1,60,0.2,9,11,
1046,11,1,60,0.2,12,11,
1047,11,2,1,96.599998,276,11,"15"
1048,11,2,1,0.69999999,177,11,"Unlawful"
1049,11,2,1,0.69999999,177,11,"Healthy"
1050,11,2,1,0.60000002,177,11,"Harsh"
1051,11,2,1,0.60000002,177,11,"Vigorous"
1052,11,2,1,0.2,177,11,"Heavy Blows"
1053,11,2,1,0.2,177,11,"The Powerful"
1054,11,2,1,0.1,26,11,"Vigorous"
1055,11,2,1,0.1,26,11,"Heroic"
1056,11,2,1,0.1,26,11,"Vital"
1057,11,2,1,0.1,178,11,"Wondering Knights"
1058,11,3,1,0.89999998,322,11,
1059,11,3,1,0.89999998,324,11,
1060,11,3,1,0.89999998,314,11,
1061,11,3,1,0.89999998,315,11,
1062,11,3,1,0.1,364,11,
1063,11,3,1,0.1,365,11,
1064,11,3,1,0.1,366,11,
1065,11,3,1,2,376,11,
1066,11,3,1,5,379,11,
1067,11,4,10,1,379,11,
1068,11,4,10,16,282,11,
1069,11,4,10,7,299,11,
1070,11,4,10,3,283,11,
1071,11,4,10,3,300,11,
1072,12,1,60,46.799999,276,12,"13"
1073,12,1,60,40,280,12,
1074,12,1,60,0.2,219,12,
1075,12,1,60,12,278,12,
1076,12,1,60,0.2,2,12,
1077,12,1,60,0.2,5,12,
1078,12,1,60,0.2,4,12,
1079,12,1,60,0.2,3,12,
1080,12,1,60,0.2,6,12,
1081,12,2,1,96.599998,276,12,"15"
1082,12,2,1,0.69999999,219,12,"Reflective"
1083,12,2,1,0.69999999,219,12,"Forced"
1084,12,2,1,0.60000002,219,12,"Instant"
1085,12,2,1,0.60000002,219,12,"Unlawful"
1086,12,2,1,0.2,219,12,"Heavy Blows"
1087,12,2,1,0.2,219,12,"The Powerful"
1088,12,2,1,0.1,20,12,"Vigorous"
1089,12,2,1,0.1,20,12,"Heroic"
1090,12,2,1,0.1,20,12,"Vital"
1091,12,2,1,0.1,220,12,"Wondering Archers"
1092,12,3,1,0.89999998,322,12,
1093,12,3,1,0.89999998,324,12,
1094,12,3,1,0.89999998,314,12,
1095,12,3,1,0.89999998,315,12,
1096,12,3,1,0.1,364,12,
1097,12,3,1,0.1,365,12,
1098,12,3,1,0.1,366,12,
1099,12,3,1,2,376,12,
1100,12,3,1,5,379,12,
1101,12,4,10,1,379,12,
1102,12,4,10,16,282,12,
1103,12,4,10,7,299,12,
1104,12,4,10,3,283,12,
1105,12,4,10,3,300,12,
1106,14,1,31,45.299999,276,15,"16"
1107,14,1,31,40,280,15,
1108,14,1,31,0.2,219,15,
1109,14,1,31,0.1,20,15,
1110,14,1,31,0.1,23,15,
1111,14,1,31,0.1,22,15,
1112,14,1,31,0.1,21,15,
1113,14,1,31,0.1,24,15,
1114,14,1,31,14,278,15,
1115,14,2,30,85.300003,276,15,"17"
1116,14,2,30,0.2,219,15,
1117,14,2,30,0.1,20,15,
1118,14,2,30,0.1,23,15,
1119,14,2,30,0.1,22,15,
1120,14,2,30,0.1,21,15,
1121,14,2,30,0.1,24,15,
1122,14,2,30,14,278,15,
1123,14,3,0.5,98.099998,276,15,"19"
1124,14,3,0.5,0.30000001,220,15,"Reflective"
1125,14,3,0.5,0.30000001,220,15,"Forced"
1126,14,3,0.5,0.2,220,15,"Instant"
1127,14,3,0.5,0.2,220,15,"Unlawful"
1128,14,3,0.5,0.2,20,15,"Feathery"
1129,14,3,0.5,0.1,20,15,"Vital"
1130,14,3,0.5,0.1,23,15,"Vital"
1131,14,3,0.5,0.1,38,15,"Feathery"
1132,14,3,0.5,0.1,38,15,"Heroic"
1133,14,3,0.5,0.1,38,15,"Vital"
1134,14,3,0.5,0.1,220,15,"Veteran Archers"
1135,14,3,0.5,0.1,220,15,"Skillful Archers "
1136,14,4,0.5,0.89999998,322,15,
1137,14,4,0.5,0.89999998,324,15,
1138,14,4,0.5,0.89999998,314,15,
1139,14,4,0.5,0.89999998,315,15,
1140,14,4,0.5,0.1,364,15,
1141,14,4,0.5,0.1,365,15,
1142,14,4,0.5,0.1,366,15,
1143,14,4,0.5,2,376,15,
1144,14,4,0.5,5,379,15,
1145,14,5,10,1,379,15,
1146,14,5,10,16,282,15,
1147,14,5,10,7,299,15,
1148,14,5,10,3,283,15,
1149,14,5,10,3,300,15,
1150,15,1,31,45.299999,276,16,"17"
1151,15,1,31,40,280,16,
1152,15,1,31,0.2,177,16,
1153,15,1,31,0.1,26,16,
1154,15,1,31,0.1,29,16,
1155,15,1,31,0.1,28,16,
1156,15,1,31,0.1,27,16,
1157,15,1,31,0.1,30,16,
1158,15,1,31,14,278,16,
1159,15,2,30,85.300003,276,16,"18"
1160,15,2,30,0.2,177,16,
1161,15,2,30,0.1,26,16,
1162,15,2,30,0.1,29,16,
1163,15,2,30,0.1,28,16,
1164,15,2,30,0.1,27,16,
1165,15,2,30,0.1,30,16,
1166,15,2,30,14,278,16,
1167,15,3,0.5,98.099998,276,16,"19"
1168,15,3,0.5,0.30000001,178,16,"Unlawful"
1169,15,3,0.5,0.30000001,178,16,"Healthy"
1170,15,3,0.5,0.2,178,16,"Harsh"
1171,15,3,0.5,0.2,178,16,"Vigorous"
1172,15,3,0.5,0.2,26,16,"Mans"
1173,15,3,0.5,0.1,26,16,"Vital"
1174,15,3,0.5,0.1,29,16,"Vital"
1175,15,3,0.5,0.1,44,16,"Mans"
1176,15,3,0.5,0.1,44,16,"Heroic"
1177,15,3,0.5,0.1,44,16,"Vital"
1178,15,3,0.5,0.1,178,16,"Veteran Knights"
1179,15,3,0.5,0.1,178,16,"Strong Knights"
1180,15,4,0.5,0.89999998,322,16,
1181,15,4,0.5,0.89999998,324,16,
1182,15,4,0.5,0.89999998,314,16,
1183,15,4,0.5,0.89999998,315,16,
1184,15,4,0.5,0.1,364,16,
1185,15,4,0.5,0.1,365,16,
1186,15,4,0.5,0.1,366,16,
1187,15,4,0.5,2,376,16,
1188,15,4,0.5,5,379,16,
1189,15,5,10,1,379,16,
1190,15,5,10,16,282,16,
1191,15,5,10,7,299,16,
1192,15,5,10,3,283,16,
1193,15,5,10,3,300,16,
1194,29,1,20,83.5,276,28,"33"
1195,29,1,20,0.40000001,253,28,
1196,29,1,20,0.1,254,28,
1197,29,1,20,4,279,28,
1198,29,1,20,12,279,28,
1199,29,2,20,80,276,28,"33"
1200,29,2,20,5,279,28,
1201,29,3,0.5,2,254,28,"Veteran Scholars"
1202,29,3,0.5,2,254,28,"Skillful Scholars"
1203,29,3,0.5,2,254,28,"Expert Scholars"
1204,29,3,0.5,0.1,374,28,
1205,29,3,0.5,0.30000001,374,28,
1206,29,3,0.5,0.30000001,355,28,
1207,29,3,0.5,0.30000001,326,28,
1208,29,3,0.5,0.30000001,352,28,
1209,29,3,0.5,0.30000001,327,28,
1210,29,3,0.5,0.30000001,358,28,
1211,29,3,0.5,0.30000001,328,28,
1212,29,3,0.5,0.30000001,361,28,
1213,29,3,0.5,0.30000001,329,28,
1214,29,3,0.5,0.30000001,330,28,
1215,29,3,0.5,0.30000001,331,28,
1216,29,3,0.5,0.2,364,28,
1217,29,3,0.5,0.2,365,28,
1218,29,3,0.5,0.2,366,28,
1219,29,3,0.5,2,376,28,
1220,29,3,0.5,10,379,28,
1221,29,4,40.5,84,276,28,"31"
1222,29,4,40.5,4,279,28,
1223,29,4,40.5,12,279,28,
1224,29,5,5,14,287,28,
1225,29,5,5,14,304,28,
1226,29,5,5,6,288,28,
1227,29,5,5,6,305,28,
1228,30,1,20,83.5,276,29,"36"
1229,30,1,20,0.40000001,181,29,
1230,30,1,20,0.1,182,29,
1231,30,1,20,4,279,29,
1232,30,1,20,12,279,29,
1233,30,2,20,80,276,29,"36"
1234,30,2,20,5,279,29,
1235,30,3,0.5,2,182,29,"Veteran Knights"
1236,30,3,0.5,2,182,29,"Strong Knights"
1237,30,3,0.5,2,182,29,"Expert Knights"
1238,30,3,0.5,0.1,374,29,
1239,30,3,0.5,0.30000001,374,29,
1240,30,3,0.5,0.30000001,355,29,
1241,30,3,0.5,0.30000001,326,29,
1242,30,3,0.5,0.30000001,352,29,
1243,30,3,0.5,0.30000001,327,29,
1244,30,3,0.5,0.30000001,358,29,
1245,30,3,0.5,0.30000001,328,29,
1246,30,3,0.5,0.30000001,361,29,
1247,30,3,0.5,0.30000001,329,29,
1248,30,3,0.5,0.30000001,330,29,
1249,30,3,0.5,0.30000001,331,29,
1250,30,3,0.5,0.2,364,29,
1251,30,3,0.5,0.2,365,29,
1252,30,3,0.5,0.2,366,29,
1253,30,3,0.5,2,376,29,
1254,30,3,0.5,10,379,29,
1255,30,4,40.5,84,276,29,"34"
1256,30,4,40.5,4,279,29,
1257,30,4,40.5,12,279,29,
1258,30,5,5,14,287,29,
1259,30,5,5,14,304,29,
1260,30,5,5,6,288,29,
1261,30,5,5,6,305,29,
1262,31,1,20,83.5,276,30,"39"
1263,31,1,20,0.40000001,223,30,
1264,31,1,20,0.1,224,30,
1265,31,1,20,4,279,30,
1266,31,1,20,12,279,30,
1267,31,2,20,80,276,30,"39"
1268,31,2,20,5,279,30,
1269,31,3,0.5,2,224,30,"Veteran Archers"
1270,31,3,0.5,2,224,30,"Skillful Archers "
1271,31,3,0.5,2,224,30,"Expert Archers"
1272,31,3,0.5,0.1,374,30,
1273,31,3,0.5,0.30000001,374,30,
1274,31,3,0.5,0.30000001,355,30,
1275,31,3,0.5,0.30000001,326,30,
1276,31,3,0.5,0.30000001,352,30,
1277,31,3,0.5,0.30000001,327,30,
1278,31,3,0.5,0.30000001,358,30,
1279,31,3,0.5,0.30000001,328,30,
1280,31,3,0.5,0.30000001,361,30,
1281,31,3,0.5,0.30000001,329,30,
1282,31,3,0.5,0.30000001,330,30,
1283,31,3,0.5,0.30000001,331,30,
1284,31,3,0.5,0.2,364,30,
1285,31,3,0.5,0.2,365,30,
1286,31,3,0.5,0.2,366,30,
1287,31,3,0.5,2,376,30,
1288,31,3,0.5,10,379,30,
1289,31,4,40.5,84,276,30,"37"
1290,31,4,40.5,4,279,30,
1291,31,4,40.5,12,279,30,
1292,31,5,5,14,287,30,
1293,31,5,5,14,304,30,
1294,31,5,5,6,288,30,
1295,31,5,5,6,305,30,
1296,32,1,15,74.5,276,31,"42"
1297,32,1,15,0.1,62,31,
1298,32,1,15,0.1,65,31,
1299,32,1,15,0.1,64,31,
1300,32,1,15,0.1,63,31,
1301,32,1,15,0.1,66,31,
1302,32,1,15,5,279,31,
1303,32,1,15,20,279,31,
1304,32,2,15,80,276,31,"42"
1305,32,2,15,5,279,31,
1306,32,3,0.5,1,183,31,"Wondering Knights"
1307,32,3,0.5,0.1,374,31,
1308,32,3,0.5,0.30000001,374,31,
1309,32,3,0.5,0.30000001,355,31,
1310,32,3,0.5,0.30000001,326,31,
1311,32,3,0.5,0.30000001,352,31,
1312,32,3,0.5,0.30000001,327,31,
1313,32,3,0.5,0.30000001,358,31,
1314,32,3,0.5,0.30000001,328,31,
1315,32,3,0.5,0.30000001,361,31,
1316,32,3,0.5,0.30000001,329,31,
1317,32,3,0.5,0.30000001,330,31,
1318,32,3,0.5,0.30000001,331,31,
1319,32,3,0.5,0.2,364,31,
1320,32,3,0.5,0.2,365,31,
1321,32,3,0.5,0.2,366,31,
1322,32,3,0.5,2,376,31,
1323,32,3,0.5,10,379,31,
1324,32,4,50.5,84,276,31,"40"
1325,32,4,50.5,4,279,31,
1326,32,4,50.5,12,279,31,
1327,32,5,5,14,287,31,
1328,32,5,5,14,304,31,
1329,32,5,5,6,288,31,
1330,32,5,5,6,305,31,
1331,33,1,15,74.5,276,33,"45"
1332,33,1,15,0.1,56,33,
1333,33,1,15,0.1,59,33,
1334,33,1,15,0.1,58,33,
1335,33,1,15,0.1,57,33,
1336,33,1,15,0.1,60,33,
1337,33,1,15,5,279,33,
1338,33,1,15,20,279,33,
1339,33,2,15,80,276,33,"45"
1340,33,2,15,5,279,33,
1341,33,3,0.5,1,225,33,"Wondering Archers"
1342,33,3,0.5,0.1,374,33,
1343,33,3,0.5,0.30000001,374,33,
1344,33,3,0.5,0.30000001,355,33,
1345,33,3,0.5,0.30000001,326,33,
1346,33,3,0.5,0.30000001,352,33,
1347,33,3,0.5,0.30000001,327,33,
1348,33,3,0.5,0.30000001,358,33,
1349,33,3,0.5,0.30000001,328,33,
1350,33,3,0.5,0.30000001,361,33,
1351,33,3,0.5,0.30000001,329,33,
1352,33,3,0.5,0.30000001,330,33,
1353,33,3,0.5,0.30000001,331,33,
1354,33,3,0.5,0.2,364,33,
1355,33,3,0.5,0.2,365,33,
1356,33,3,0.5,0.2,366,33,
1357,33,3,0.5,2,376,33,
1358,33,3,0.5,10,379,33,
1359,33,4,50.5,84,276,33,"43"
1360,33,4,50.5,4,279,33,
1361,33,4,50.5,12,279,33,
1362,33,5,5,14,287,33,
1363,33,5,5,14,304,33,
1364,33,5,5,6,288,33,
1365,33,5,5,6,305,33,
1366,34,1,15,74.5,276,35,"48"
1367,34,1,15,0.1,68,35,
1368,34,1,15,0.1,71,35,
1369,34,1,15,0.1,70,35,
1370,34,1,15,0.1,69,35,
1371,34,1,15,0.1,72,35,
1372,34,1,15,5,279,35,
1373,34,1,15,20,279,35,
1374,34,2,15,80,276,35,"48"
1375,34,2,15,5,279,35,
1376,34,3,0.5,1,255,35,"Beginning Scholars"
1377,34,3,0.5,0.1,374,35,
1378,34,3,0.5,0.30000001,374,35,
1379,34,3,0.5,0.30000001,355,35,
1380,34,3,0.5,0.30000001,326,35,
1381,34,3,0.5,0.30000001,352,35,
1382,34,3,0.5,0.30000001,327,35,
1383,34,3,0.5,0.30000001,358,35,
1384,34,3,0.5,0.30000001,328,35,
1385,34,3,0.5,0.30000001,361,35,
1386,34,3,0.5,0.30000001,329,35,
1387,34,3,0.5,0.30000001,330,35,
1388,34,3,0.5,0.30000001,331,35,
1389,34,3,0.5,0.2,364,35,
1390,34,3,0.5,0.2,365,35,
1391,34,3,0.5,0.2,366,35,
1392,34,3,0.5,2,376,35,
1393,34,3,0.5,10,379,35,
1394,34,4,50.5,84,276,35,"46"
1395,34,4,50.5,4,279,35,
1396,34,4,50.5,12,279,35,
1397,34,5,5,14,287,35,
1398,34,5,5,14,304,35,
1399,34,5,5,6,288,35,
1400,34,5,5,6,305,35,
1401,35,1,8,58.5,276,38,"54"
1402,35,1,8,0.1,62,38,
1403,35,1,8,0.1,65,38,
1404,35,1,8,0.1,64,38,
1405,35,1,8,0.1,63,38,
1406,35,1,8,0.1,66,38,
1407,35,1,8,0.1,56,38,
1408,35,1,8,0.1,59,38,
1409,35,1,8,0.1,58,38,
1410,35,1,8,0.1,57,38,
1411,35,1,8,0.1,60,38,
1412,35,1,8,0.1,68,38,
1413,35,1,8,0.1,71,38,
1414,35,1,8,0.1,70,38,
1415,35,1,8,0.1,69,38,
1416,35,1,8,0.1,72,38,
1417,35,1,8,10,279,38,
1418,35,1,8,30,279,38,
1419,35,2,42,80,276,38,"54"
1420,35,2,42,5,279,38,
1421,35,3,0.5,1,374,38,
1422,35,3,0.5,0.5,375,38,
1423,35,3,0.5,0.30000001,375,38,
1424,35,3,0.5,0.30000001,355,38,
1425,35,3,0.5,0.30000001,326,38,
1426,35,3,0.5,0.30000001,352,38,
1427,35,3,0.5,0.30000001,327,38,
1428,35,3,0.5,0.30000001,358,38,
1429,35,3,0.5,0.30000001,328,38,
1430,35,3,0.5,0.30000001,361,38,
1431,35,3,0.5,0.30000001,329,38,
1432,35,3,0.5,0.30000001,330,38,
1433,35,3,0.5,0.30000001,331,38,
1434,35,3,0.5,0.2,364,38,
1435,35,3,0.5,0.2,365,38,
1436,35,3,0.5,0.2,366,38,
1437,35,3,0.5,10,379,38,
1438,35,4,29.5,84,276,38,"49"
1439,35,4,29.5,4,279,38,
1440,35,4,29.5,12,279,38,
1441,35,5,5,14,287,38,
1442,35,5,5,14,304,38,
1443,35,5,5,6,288,38,
1444,35,5,5,6,305,38,
1445,1,1,60,92,276,41,"2"
1446,1,1,60,4,277,41,
1447,1,1,60,4,278,41,
1448,1,2,10,40,276,41,"4"
1449,1,2,10,10,174,41,"Forced"
1450,1,2,10,10,174,41,"Unlawful"
1451,1,2,10,10,246,41,"Fictional"
1452,1,2,10,10,246,41,"Sharp"
1453,1,2,10,10,216,41,"Agile"
1454,1,2,10,10,216,41,"Reflective"
1455,1,3,1,2,314,41,
1456,1,3,1,2,315,41,
1457,1,3,1,2,376,41,
1458,1,3,1,5,379,41,
1459,1,4,20,50,280,41,
1460,1,4,20,5,281,41,
1461,1,4,20,5,298,41,
1462,36,1,20,50,276,34,"50"
1463,36,1,20,38,280,34,
1464,36,1,20,12,277,34,
1465,36,2,20,80,276,34,"50"
1466,36,2,20,5,279,34,
1467,36,3,0.5,2,183,34,"Veteran Knights"
1468,36,3,0.5,2,225,34,"Veteran Archers"
1469,36,3,0.5,2,255,34,"Veteran Scholars"
1470,36,3,0.5,0.30000001,349,34,
1471,36,3,0.5,0.30000001,332,34,
1472,36,3,0.5,0.30000001,333,34,
1473,36,3,0.5,0.30000001,352,34,
1474,36,3,0.5,0.30000001,334,34,
1475,36,3,0.5,0.30000001,358,34,
1476,36,3,0.5,0.30000001,335,34,
1477,36,3,0.5,0.30000001,361,34,
1478,36,3,0.5,0.30000001,336,34,
1479,36,3,0.5,0.30000001,330,34,
1480,36,3,0.5,0.30000001,331,34,
1481,36,3,0.5,0.2,364,34,
1482,36,3,0.5,0.2,365,34,
1483,36,3,0.5,0.2,366,34,
1484,36,3,0.5,2.5,378,34,
1485,36,3,0.5,2.5,377,34,
1486,36,3,0.5,10,379,34,
1487,36,4,40.5,84,276,34,"47"
1488,36,4,40.5,4,279,34,
1489,36,4,40.5,12,279,34,
1490,36,5,5,14,288,34,
1491,36,5,5,14,305,34,
1492,36,5,5,6,290,34,
1493,36,5,5,6,306,34,
1494,37,1,15,34.799999,276,36,"51"
1495,37,1,15,25,280,36,
1496,37,1,15,15,277,36,
1497,37,1,15,0.2,255,36,
1498,37,1,15,5,279,36,
1499,37,1,15,20,279,36,
1500,37,2,15,80,276,36,"51"
1501,37,2,15,5,279,36,
1502,37,3,0.5,1,255,36,"Skillful Scholars"
1503,37,3,0.5,1,255,36,"Expert Scholars"
1504,37,3,0.5,0.30000001,349,36,
1505,37,3,0.5,0.30000001,332,36,
1506,37,3,0.5,0.30000001,333,36,
1507,37,3,0.5,0.30000001,352,36,
1508,37,3,0.5,0.30000001,334,36,
1509,37,3,0.5,0.30000001,358,36,
1510,37,3,0.5,0.30000001,335,36,
1511,37,3,0.5,0.30000001,361,36,
1512,37,3,0.5,0.30000001,336,36,
1513,37,3,0.5,0.30000001,330,36,
1514,37,3,0.5,0.30000001,331,36,
1515,37,3,0.5,0.2,364,36,
1516,37,3,0.5,0.2,365,36,
1517,37,3,0.5,0.2,366,36,
1518,37,3,0.5,2.5,378,36,
1519,37,3,0.5,2.5,377,36,
1520,37,3,0.5,10,379,36,
1521,37,4,50.5,84,276,36,"48"
1522,37,4,50.5,4,279,36,
1523,37,4,50.5,12,279,36,
1524,37,5,5,14,288,36,
1525,37,5,5,14,305,36,
1526,37,5,5,6,290,36,
1527,37,5,5,6,306,36,
1528,38,1,15,34.799999,276,39,"54"
1529,38,1,15,25,280,39,
1530,38,1,15,15,277,39,
1531,38,1,15,0.2,225,39,
1532,38,1,15,5,279,39,
1533,38,1,15,20,279,39,
1534,38,2,15,80,276,39,"54"
1535,38,2,15,5,279,39,
1536,38,3,0.5,1,225,39,"Skillful Archers "
1537,38,3,0.5,1,225,39,"Expert Archers"
1538,38,3,0.5,0.30000001,349,39,
1539,38,3,0.5,0.30000001,332,39,
1540,38,3,0.5,0.30000001,333,39,
1541,38,3,0.5,0.30000001,352,39,
1542,38,3,0.5,0.30000001,334,39,
1543,38,3,0.5,0.30000001,358,39,
1544,38,3,0.5,0.30000001,335,39,
1545,38,3,0.5,0.30000001,361,39,
1546,38,3,0.5,0.30000001,336,39,
1547,38,3,0.5,0.30000001,330,39,
1548,38,3,0.5,0.30000001,331,39,
1549,38,3,0.5,0.2,364,39,
1550,38,3,0.5,0.2,365,39,
1551,38,3,0.5,0.2,366,39,
1552,38,3,0.5,2.5,378,39,
1553,38,3,0.5,2.5,377,39,
1554,38,3,0.5,10,379,39,
1555,38,4,50.5,84,276,39,"51"
1556,38,4,50.5,4,279,39,
1557,38,4,50.5,12,279,39,
1558,38,5,5,14,288,39,
1559,38,5,5,14,305,39,
1560,38,5,5,6,290,39,
1561,38,5,5,6,306,39,
1562,39,1,15,34.799999,276,40,"58"
1563,39,1,15,25,280,40,
1564,39,1,15,15,277,40,
1565,39,1,15,0.2,183,40,
1566,39,1,15,5,279,40,
1567,39,1,15,20,279,40,
1568,39,2,15,80,276,40,"58"
1569,39,2,15,5,279,40,
1570,39,3,0.5,1,183,40,"Strong Knights"
1571,39,3,0.5,1,183,40,"Expert Knights"
1572,39,3,0.5,0.30000001,349,40,
1573,39,3,0.5,0.30000001,332,40,
1574,39,3,0.5,0.30000001,333,40,
1575,39,3,0.5,0.30000001,352,40,
1576,39,3,0.5,0.30000001,334,40,
1577,39,3,0.5,0.30000001,358,40,
1578,39,3,0.5,0.30000001,335,40,
1579,39,3,0.5,0.30000001,361,40,
1580,39,3,0.5,0.30000001,336,40,
1581,39,3,0.5,0.30000001,330,40,
1582,39,3,0.5,0.30000001,331,40,
1583,39,3,0.5,0.2,364,40,
1584,39,3,0.5,0.2,365,40,
1585,39,3,0.5,0.2,366,40,
1586,39,3,0.5,2.5,378,40,
1587,39,3,0.5,2.5,377,40,
1588,39,3,0.5,10,379,40,
1589,39,4,50.5,84,276,40,"54"
1590,39,4,50.5,4,279,40,
1591,39,4,50.5,12,279,40,
1592,39,5,5,14,288,40,
1593,39,5,5,14,305,40,
1594,39,5,5,6,290,40,
1595,39,5,5,6,306,40,
1596,40,1,15,34.099998,276,42,"62"
1597,40,1,15,25,280,42,
1598,40,1,15,15,277,42,
1599,40,1,15,0.2,183,42,
1600,40,1,15,0.2,225,42,
1601,40,1,15,0.2,255,42,
1602,40,1,15,0.1,184,42,
1603,40,1,15,0.1,226,42,
1604,40,1,15,0.1,256,42,
1605,40,1,15,5,279,42,
1606,40,1,15,20,279,42,
1607,40,2,15,80,276,42,"62"
1608,40,2,15,5,279,42,
1609,40,3,0.5,1,186,42,"Wondering Knights"
1610,40,3,0.5,1,228,42,"Wondering Archers"
1611,40,3,0.5,1,258,42,"Beginning Scholars"
1612,40,3,0.5,0.1,374,42,
1613,40,3,0.5,0.30000001,349,42,
1614,40,3,0.5,0.30000001,332,42,
1615,40,3,0.5,0.30000001,333,42,
1616,40,3,0.5,0.30000001,352,42,
1617,40,3,0.5,0.30000001,334,42,
1618,40,3,0.5,0.30000001,358,42,
1619,40,3,0.5,0.30000001,335,42,
1620,40,3,0.5,0.30000001,361,42,
1621,40,3,0.5,0.30000001,336,42,
1622,40,3,0.5,0.30000001,330,42,
1623,40,3,0.5,0.30000001,331,42,
1624,40,3,0.5,0.2,364,42,
1625,40,3,0.5,0.2,365,42,
1626,40,3,0.5,0.2,366,42,
1627,40,3,0.5,2.5,378,42,
1628,40,3,0.5,2.5,377,42,
1629,40,3,0.5,10,379,42,
1630,40,4,50.5,84,276,42,"58"
1631,40,4,50.5,4,279,42,
1632,40,4,50.5,12,279,42,
1633,40,5,5,14,288,42,
1634,40,5,5,14,305,42,
1635,40,5,5,6,290,42,
1636,40,5,5,6,306,42,
1637,41,1,40,29.4,276,57,"92"
1638,41,1,40,24,280,57,
1639,41,1,40,6,277,57,
1640,41,1,40,0.1,185,57,
1641,41,1,40,0.1,227,57,
1642,41,1,40,0.1,257,57,
1643,41,1,40,0.1,186,57,
1644,41,1,40,0.1,228,57,
1645,41,1,40,0.1,258,57,
1646,41,1,40,10,279,57,
1647,41,1,40,30,279,57,
1648,41,2,40,80,276,57,"91"
1649,41,2,40,5,279,57,
1650,41,3,0.5,1,186,57,"Veteran Knights"
1651,41,3,0.5,1,186,57,"Strong Knights"
1652,41,3,0.5,1,186,57,"Expert Knights"
1653,41,3,0.5,1,228,57,"Veteran Archers"
1654,41,3,0.5,1,228,57,"Skillful Archers "
1655,41,3,0.5,1,228,57,"Expert Archers"
1656,41,3,0.5,1,258,57,"Veteran Scholars"
1657,41,3,0.5,1,258,57,"Skillful Scholars"
1658,41,3,0.5,1,258,57,"Expert Scholars"
1659,41,3,0.5,1,374,57,
1660,41,3,0.5,0.5,375,57,
1661,41,3,0.5,0.30000001,349,57,
1662,41,3,0.5,0.30000001,332,57,
1663,41,3,0.5,0.30000001,333,57,
1664,41,3,0.5,0.30000001,352,57,
1665,41,3,0.5,0.30000001,334,57,
1666,41,3,0.5,0.30000001,358,57,
1667,41,3,0.5,0.30000001,335,57,
1668,41,3,0.5,0.30000001,361,57,
1669,41,3,0.5,0.30000001,336,57,
1670,41,3,0.5,0.30000001,330,57,
1671,41,3,0.5,0.30000001,331,57,
1672,41,3,0.5,0.2,364,57,
1673,41,3,0.5,0.2,365,57,
1674,41,3,0.5,0.2,366,57,
1675,41,3,0.5,5,378,57,
1676,41,3,0.5,5,377,57,
1677,41,3,0.5,10,379,57,
1678,41,4,5,14,288,57,
1679,41,4,5,14,305,57,
1680,41,4,5,6,290,57,
1681,41,4,5,6,306,57,
1682,42,1,20,28.5,276,58,"54"
1683,42,1,20,20,280,58,
1684,42,1,20,10,277,58,
1685,42,1,20,0.1,80,58,
1686,42,1,20,0.1,83,58,
1687,42,1,20,0.1,82,58,
1688,42,1,20,0.1,81,58,
1689,42,1,20,0.1,84,58,
1690,42,1,20,0.1,74,58,
1691,42,1,20,0.1,77,58,
1692,42,1,20,0.1,76,58,
1693,42,1,20,0.1,75,58,
1694,42,1,20,0.1,78,58,
1695,42,1,20,0.1,86,58,
1696,42,1,20,0.1,89,58,
1697,42,1,20,0.1,88,58,
1698,42,1,20,0.1,87,58,
1699,42,1,20,0.1,90,58,
1700,42,1,20,10,279,58,
1701,42,1,20,30,279,58,
1702,42,2,20,80,276,58,"92"
1703,42,2,20,5,279,58,
1704,42,3,0.5,1,186,58,"Veteran Knights"
1705,42,3,0.5,1,186,58,"Strong Knights"
1706,42,3,0.5,1,186,58,"Expert Knights"
1707,42,3,0.5,1,228,58,"Veteran Archers"
1708,42,3,0.5,1,228,58,"Skillful Archers "
1709,42,3,0.5,1,228,58,"Expert Archers"
1710,42,3,0.5,1,258,58,"Veteran Scholars"
1711,42,3,0.5,1,258,58,"Skillful Scholars"
1712,42,3,0.5,1,258,58,"Expert Scholars"
1713,42,3,0.5,1,374,58,
1714,42,3,0.5,0.5,375,58,
1715,42,3,0.5,0.30000001,349,58,
1716,42,3,0.5,0.30000001,332,58,
1717,42,3,0.5,0.30000001,333,58,
1718,42,3,0.5,0.30000001,352,58,
1719,42,3,0.5,0.30000001,334,58,
1720,42,3,0.5,0.30000001,358,58,
1721,42,3,0.5,0.30000001,335,58,
1722,42,3,0.5,0.30000001,361,58,
1723,42,3,0.5,0.30000001,336,58,
1724,42,3,0.5,0.30000001,330,58,
1725,42,3,0.5,0.30000001,331,58,
1726,42,3,0.5,0.2,364,58,
1727,42,3,0.5,0.2,365,58,
1728,42,3,0.5,0.2,366,58,
1729,42,3,0.5,5,378,58,
1730,42,3,0.5,5,377,58,
1731,42,3,0.5,10,379,58,
1732,42,4,40.5,84,276,58,"91"
1733,42,4,40.5,4,279,58,
1734,42,4,40.5,12,279,58,
1735,42,5,5,14,288,58,
1736,42,5,5,14,305,58,
1737,42,5,5,6,290,58,
1738,42,5,5,6,306,58,
1739,50,1,85,65,276,55,"124"
1740,50,1,85,6,279,55,
1741,50,1,85,3,277,55,
1742,50,2,1.5,0.1,104,55,
1743,50,2,1.5,0.1,107,55,
1744,50,2,1.5,0.1,106,55,
1745,50,2,1.5,0.1,105,55,
1746,50,2,1.5,0.1,108,55,
1747,50,2,1.5,0.80000001,258,55,
1748,50,2,1.5,0.30000001,256,55,
1749,50,2,1.5,0.30000001,257,55,
1750,50,2,1.5,0.2,374,55,
1751,50,2,1.5,0.1,256,55,"Beginning Scholars"
1752,50,2,1.5,0.1,256,55,"Veteran Scholars"
1753,50,2,1.5,0.1,257,55,"Beginning Scholars"
1754,50,2,1.5,0.1,257,55,"Veteran Scholars"
1755,50,2,1.5,0.40000001,86,55,"Sharp"
1756,50,2,1.5,0.40000001,89,55,"Sharp"
1757,50,2,1.5,0.40000001,88,55,"Sharp"
1758,50,2,1.5,0.40000001,87,55,"Sharp"
1759,50,2,1.5,0.40000001,90,55,"Sharp"
1760,50,3,0.5,0.30000001,350,55,
1761,50,3,0.5,0.30000001,356,55,
1762,50,3,0.5,0.30000001,353,55,
1763,50,3,0.5,0.30000001,359,55,
1764,50,3,0.5,0.30000001,362,55,
1765,50,3,0.5,0.30000001,330,55,
1766,50,3,0.5,0.30000001,331,55,
1767,50,3,0.5,0.30000001,337,55,
1768,50,3,0.5,0.30000001,338,55,
1769,50,3,0.5,0.30000001,339,55,
1770,50,3,0.5,0.30000001,340,55,
1771,50,3,0.5,0.30000001,341,55,
1772,50,3,0.5,0.1,367,55,
1773,50,3,0.5,0.1,368,55,
1774,50,3,0.5,0.1,369,55,
1775,50,3,0.5,0.1,370,55,
1776,50,3,0.5,0.1,371,55,
1777,50,3,0.5,0.1,342,55,
1778,50,3,0.5,0.1,343,55,
1779,50,3,0.5,0.1,344,55,
1780,50,3,0.5,0.1,345,55,
1781,50,3,0.5,0.1,346,55,
1782,50,3,0.5,5,378,55,
1783,50,3,0.5,5,377,55,
1784,50,3,0.5,10,379,55,
1785,50,4,0.1,0.1,380,55,
1786,50,4,0.1,0.1,259,55,
1787,50,4,0.1,0.1,260,55,
1788,50,5,5,10,291,55,
1789,50,5,5,10,307,55,
1790,50,5,5,7,292,55,
1791,50,5,5,7,308,55,
1792,50,5,5,3,293,55,
1793,50,5,5,3,309,55,
1794,51,1,85,65,276,60,"126"
1795,51,1,85,6,279,60,
1796,51,1,85,3,277,60,
1797,51,2,1.5,0.1,98,60,
1798,51,2,1.5,0.1,99,60,
1799,51,2,1.5,0.1,100,60,
1800,51,2,1.5,0.1,101,60,
1801,51,2,1.5,0.1,102,60,
1802,51,2,1.5,0.80000001,186,60,
1803,51,2,1.5,0.30000001,184,60,
1804,51,2,1.5,0.30000001,185,60,
1805,51,2,1.5,0.2,374,60,
1806,51,2,1.5,0.1,184,60,"Wondering Knights"
1807,51,2,1.5,0.1,184,60,"Veteran Knights"
1808,51,2,1.5,0.1,185,60,"Wondering Knights"
1809,51,2,1.5,0.1,185,60,"Veteran Knights"
1810,51,2,1.5,0.40000001,80,60,"Unlawful"
1811,51,2,1.5,0.40000001,83,60,"Unlawful"
1812,51,2,1.5,0.40000001,82,60,"Unlawful"
1813,51,2,1.5,0.40000001,81,60,"Unlawful"
1814,51,2,1.5,0.40000001,84,60,"Unlawful"
1815,51,2,1.5,0.40000001,166,60,
1816,51,3,0.5,0.30000001,350,60,
1817,51,3,0.5,0.30000001,356,60,
1818,51,3,0.5,0.30000001,353,60,
1819,51,3,0.5,0.30000001,359,60,
1820,51,3,0.5,0.30000001,362,60,
1821,51,3,0.5,0.30000001,330,60,
1822,51,3,0.5,0.30000001,331,60,
1823,51,3,0.5,0.30000001,337,60,
1824,51,3,0.5,0.30000001,338,60,
1825,51,3,0.5,0.30000001,339,60,
1826,51,3,0.5,0.30000001,340,60,
1827,51,3,0.5,0.30000001,341,60,
1828,51,3,0.5,0.1,367,60,
1829,51,3,0.5,0.1,368,60,
1830,51,3,0.5,0.1,369,60,
1831,51,3,0.5,0.1,370,60,
1832,51,3,0.5,0.1,371,60,
1833,51,3,0.5,0.1,342,60,
1834,51,3,0.5,0.1,343,60,
1835,51,3,0.5,0.1,344,60,
1836,51,3,0.5,0.1,345,60,
1837,51,3,0.5,0.1,346,60,
1838,51,3,0.5,5,378,60,
1839,51,3,0.5,5,377,60,
1840,51,3,0.5,10,379,60,
1841,51,4,0.1,0.1,380,60,
1842,51,4,0.1,0.1,187,60,
1843,51,4,0.1,0.1,188,60,
1844,51,5,5,10,291,60,
1845,51,5,5,10,307,60,
1846,51,5,5,7,292,60,
1847,51,5,5,7,308,60,
1848,51,5,5,3,293,60,
1849,51,5,5,3,309,60,
1850,52,1,85,65,276,61,"128"
1851,52,1,85,6,279,61,
1852,52,1,85,3,277,61,
1853,52,2,1.5,0.1,92,61,
1854,52,2,1.5,0.1,95,61,
1855,52,2,1.5,0.1,94,61,
1856,52,2,1.5,0.1,93,61,
1857,52,2,1.5,0.1,96,61,
1858,52,2,1.5,0.80000001,228,61,
1859,52,2,1.5,0.30000001,226,61,
1860,52,2,1.5,0.30000001,227,61,
1861,52,2,1.5,0.2,374,61,
1862,52,2,1.5,0.1,226,61,"Wondering Archers"
1863,52,2,1.5,0.1,226,61,"Veteran Archers"
1864,52,2,1.5,0.1,227,61,"Wondering Archers"
1865,52,2,1.5,0.1,227,61,"Veteran Archers"
1866,52,2,1.5,0.40000001,74,61,"Reflective"
1867,52,2,1.5,0.40000001,77,61,"Reflective"
1868,52,2,1.5,0.40000001,76,61,"Reflective"
1869,52,2,1.5,0.40000001,75,61,"Reflective"
1870,52,2,1.5,0.40000001,78,61,"Reflective"
1871,52,3,0.5,0.30000001,350,61,
1872,52,3,0.5,0.30000001,356,61,
1873,52,3,0.5,0.30000001,353,61,
1874,52,3,0.5,0.30000001,359,61,
1875,52,3,0.5,0.30000001,362,61,
1876,52,3,0.5,0.30000001,330,61,
1877,52,3,0.5,0.30000001,331,61,
1878,52,3,0.5,0.30000001,337,61,
1879,52,3,0.5,0.30000001,338,61,
1880,52,3,0.5,0.30000001,339,61,
1881,52,3,0.5,0.30000001,340,61,
1882,52,3,0.5,0.30000001,341,61,
1883,52,3,0.5,0.1,367,61,
1884,52,3,0.5,0.1,368,61,
1885,52,3,0.5,0.1,369,61,
1886,52,3,0.5,0.1,370,61,
1887,52,3,0.5,0.1,371,61,
1888,52,3,0.5,0.1,342,61,
1889,52,3,0.5,0.1,343,61,
1890,52,3,0.5,0.1,344,61,
1891,52,3,0.5,0.1,345,61,
1892,52,3,0.5,0.1,346,61,
1893,52,3,0.5,5,378,61,
1894,52,3,0.5,5,377,61,
1895,52,3,0.5,10,379,61,
1896,52,4,0.1,0.1,380,61,
1897,52,4,0.1,0.1,229,61,
1898,52,4,0.1,0.1,230,61,
1899,52,5,5,10,291,61,
1900,52,5,5,10,307,61,
1901,52,5,5,7,292,61,
1902,52,5,5,7,308,61,
1903,52,5,5,3,293,61,
1904,52,5,5,3,309,61,
1905,53,1,85,65,276,63,"130"
1906,53,1,85,6,279,63,
1907,53,1,85,3,277,63,
1908,53,2,0.5,0.30000001,228,63,
1909,53,2,0.5,0.1,226,63,
1910,53,2,0.5,0.1,226,63,"Veteran Archers"
1911,53,2,0.5,0.1,227,63,
1912,53,2,0.5,0.1,227,63,"Veteran Archers"
1913,53,2,0.5,0.30000001,186,63,
1914,53,2,0.5,0.1,184,63,
1915,53,2,0.5,0.1,184,63,"Veteran Knights"
1916,53,2,0.5,0.1,185,63,
1917,53,2,0.5,0.1,185,63,"Veteran Knights"
1918,53,2,0.5,0.30000001,258,63,
1919,53,2,0.5,0.2,256,63,
1920,53,2,0.5,0.1,256,63,"Veteran Scholars"
1921,53,2,0.5,0.1,257,63,
1922,53,2,0.5,0.1,257,63,"Veteran Scholars"
1923,53,2,0.5,0.1,92,63,
1924,53,2,0.5,0.1,95,63,
1925,53,2,0.5,0.1,94,63,
1926,53,2,0.5,0.1,93,63,
1927,53,2,0.5,0.1,96,63,
1928,53,2,0.5,0.1,98,63,
1929,53,2,0.5,0.1,99,63,
1930,53,2,0.5,0.1,100,63,
1931,53,2,0.5,0.1,101,63,
1932,53,2,0.5,0.1,102,63,
1933,53,2,0.5,0.1,104,63,
1934,53,2,0.5,0.1,107,63,
1935,53,2,0.5,0.1,106,63,
1936,53,2,0.5,0.1,105,63,
1937,53,2,0.5,0.1,108,63,
1938,53,2,0.5,0.30000001,374,63,
1939,53,2,0.5,0.1,80,63,"Unlawful"
1940,53,2,0.5,0.1,83,63,"Unlawful"
1941,53,2,0.5,0.1,82,63,"Unlawful"
1942,53,2,0.5,0.1,81,63,"Unlawful"
1943,53,2,0.5,0.1,84,63,"Unlawful"
1944,53,2,0.5,0.1,74,63,"Reflective"
1945,53,2,0.5,0.1,77,63,"Reflective"
1946,53,2,0.5,0.1,76,63,"Reflective"
1947,53,2,0.5,0.1,75,63,"Reflective"
1948,53,2,0.5,0.1,78,63,"Reflective"
1949,53,2,0.5,0.1,86,63,"Sharp"
1950,53,2,0.5,0.1,89,63,"Sharp"
1951,53,2,0.5,0.1,88,63,"Sharp"
1952,53,2,0.5,0.1,87,63,"Sharp"
1953,53,2,0.5,0.1,90,63,"Sharp"
1954,53,3,0.5,0.30000001,350,63,
1955,53,3,0.5,0.30000001,356,63,
1956,53,3,0.5,0.30000001,353,63,
1957,53,3,0.5,0.30000001,359,63,
1958,53,3,0.5,0.30000001,362,63,
1959,53,3,0.5,0.30000001,330,63,
1960,53,3,0.5,0.30000001,331,63,
1961,53,3,0.5,0.30000001,337,63,
1962,53,3,0.5,0.30000001,338,63,
1963,53,3,0.5,0.30000001,339,63,
1964,53,3,0.5,0.30000001,340,63,
1965,53,3,0.5,0.30000001,341,63,
1966,53,3,0.5,0.1,367,63,
1967,53,3,0.5,0.1,368,63,
1968,53,3,0.5,0.1,369,63,
1969,53,3,0.5,0.1,370,63,
1970,53,3,0.5,0.1,371,63,
1971,53,3,0.5,0.1,342,63,
1972,53,3,0.5,0.1,343,63,
1973,53,3,0.5,0.1,344,63,
1974,53,3,0.5,0.1,345,63,
1975,53,3,0.5,0.1,346,63,
1976,53,3,0.5,5,378,63,
1977,53,3,0.5,5,377,63,
1978,53,3,0.5,10,379,63,
1979,53,4,0.1,0.1,380,63,
1980,53,5,6,10,291,63,
1981,53,5,6,10,307,63,
1982,53,5,6,7,292,63,
1983,53,5,6,7,308,63,
1984,53,5,6,3,293,63,
1985,53,5,6,3,309,63,
1986,54,1,85,65,276,64,"132"
1987,54,1,85,6,279,64,
1988,54,1,85,3,277,64,
1989,54,2,1.5,0.1,92,64,
1990,54,2,1.5,0.1,95,64,
1991,54,2,1.5,0.1,94,64,
1992,54,2,1.5,0.1,93,64,
1993,54,2,1.5,0.1,96,64,
1994,54,2,1.5,0.40000001,228,64,
1995,54,2,1.5,0.1,226,64,
1996,54,2,1.5,0.1,227,64,
1997,54,2,1.5,0.2,374,64,
1998,54,2,1.5,0.1,226,64,"Skillful Archers "
1999,54,2,1.5,0.1,226,64,"Expert Archers"
2000,54,2,1.5,0.1,227,64,"Skillful Archers "
2001,54,2,1.5,0.1,227,64,"Expert Archers"
2002,54,2,1.5,0.5,74,64,"Instant"
2003,54,2,1.5,0.5,77,64,"Reflective"
2004,54,2,1.5,0.5,76,64,"Reflective"
2005,54,2,1.5,0.5,75,64,"Reflective"
2006,54,2,1.5,0.5,78,64,"Reflective"
2007,54,3,0.5,0.30000001,350,64,
2008,54,3,0.5,0.30000001,356,64,
2009,54,3,0.5,0.30000001,353,64,
2010,54,3,0.5,0.30000001,359,64,
2011,54,3,0.5,0.30000001,362,64,
2012,54,3,0.5,0.30000001,330,64,
2013,54,3,0.5,0.30000001,331,64,
2014,54,3,0.5,0.30000001,337,64,
2015,54,3,0.5,0.30000001,338,64,
2016,54,3,0.5,0.30000001,339,64,
2017,54,3,0.5,0.30000001,340,64,
2018,54,3,0.5,0.30000001,341,64,
2019,54,3,0.5,0.1,367,64,
2020,54,3,0.5,0.1,368,64,
2021,54,3,0.5,0.1,369,64,
2022,54,3,0.5,0.1,370,64,
2023,54,3,0.5,0.1,371,64,
2024,54,3,0.5,0.1,342,64,
2025,54,3,0.5,0.1,343,64,
2026,54,3,0.5,0.1,344,64,
2027,54,3,0.5,0.1,345,64,
2028,54,3,0.5,0.1,346,64,
2029,54,3,0.5,5,378,64,
2030,54,3,0.5,5,377,64,
2031,54,3,0.5,10,379,64,
2032,54,4,0.1,0.1,380,64,
2033,54,4,0.1,0.1,229,64,
2034,54,4,0.1,0.1,230,64,
2035,54,5,5,10,291,64,
2036,54,5,5,10,307,64,
2037,54,5,5,7,292,64,
2038,54,5,5,7,308,64,
2039,54,5,5,3,293,64,
2040,54,5,5,3,309,64,
2041,55,1,85,65,276,66,"134"
2042,55,1,85,6,279,66,
2043,55,1,85,3,277,66,
2044,55,2,1.5,0.1,98,66,
2045,55,2,1.5,0.1,99,66,
2046,55,2,1.5,0.1,100,66,
2047,55,2,1.5,0.1,101,66,
2048,55,2,1.5,0.1,102,66,
2049,55,2,1.5,0.40000001,186,66,
2050,55,2,1.5,0.1,184,66,
2051,55,2,1.5,0.1,185,66,
2052,55,2,1.5,0.2,374,66,
2053,55,2,1.5,0.1,184,66,"Strong Knights"
2054,55,2,1.5,0.1,184,66,"Expert Knights"
2055,55,2,1.5,0.1,185,66,"Strong Knights"
2056,55,2,1.5,0.1,185,66,"Expert Knights"
2057,55,2,1.5,0.5,80,66,"Harsh"
2058,55,2,1.5,0.5,83,66,"Unlawful"
2059,55,2,1.5,0.5,82,66,"Unlawful"
2060,55,2,1.5,0.5,81,66,"Unlawful"
2061,55,2,1.5,0.5,84,66,"Unlawful"
2062,55,2,1.5,0.2,167,66,
2063,55,3,0.5,0.30000001,350,66,
2064,55,3,0.5,0.30000001,356,66,
2065,55,3,0.5,0.30000001,353,66,
2066,55,3,0.5,0.30000001,359,66,
2067,55,3,0.5,0.30000001,362,66,
2068,55,3,0.5,0.30000001,330,66,
2069,55,3,0.5,0.30000001,331,66,
2070,55,3,0.5,0.30000001,337,66,
2071,55,3,0.5,0.30000001,338,66,
2072,55,3,0.5,0.30000001,339,66,
2073,55,3,0.5,0.30000001,340,66,
2074,55,3,0.5,0.30000001,341,66,
2075,55,3,0.5,0.1,367,66,
2076,55,3,0.5,0.1,368,66,
2077,55,3,0.5,0.1,369,66,
2078,55,3,0.5,0.1,370,66,
2079,55,3,0.5,0.1,371,66,
2080,55,3,0.5,0.1,342,66,
2081,55,3,0.5,0.1,343,66,
2082,55,3,0.5,0.1,344,66,
2083,55,3,0.5,0.1,345,66,
2084,55,3,0.5,0.1,346,66,
2085,55,3,0.5,0.1,347,66,
2086,55,3,0.5,5,378,66,
2087,55,3,0.5,5,377,66,
2088,55,3,0.5,10,379,66,
2089,55,4,0.1,0.1,380,66,
2090,55,4,0.1,0.1,187,66,
2091,55,4,0.1,0.1,188,66,
2092,55,5,5,10,291,66,
2093,55,5,5,10,307,66,
2094,55,5,5,7,292,66,
2095,55,5,5,7,308,66,
2096,55,5,5,3,293,66,
2097,55,5,5,3,309,66,
2098,56,1,85,65,276,67,"136"
2099,56,1,85,6,279,67,
2100,56,1,85,3,277,67,
2101,56,2,1.5,0.1,104,67,
2102,56,2,1.5,0.1,107,67,
2103,56,2,1.5,0.1,106,67,
2104,56,2,1.5,0.1,105,67,
2105,56,2,1.5,0.1,108,67,
2106,56,2,1.5,0.40000001,258,67,
2107,56,2,1.5,0.1,256,67,
2108,56,2,1.5,0.1,257,67,
2109,56,2,1.5,0.2,374,67,
2110,56,2,1.5,0.1,256,67,"Skillful Scholars"
2111,56,2,1.5,0.1,256,67,"Expert Scholars"
2112,56,2,1.5,0.1,257,67,"Skillful Scholars"
2113,56,2,1.5,0.1,257,67,"Expert Scholars"
2114,56,2,1.5,0.5,86,67,"Keen"
2115,56,2,1.5,0.5,89,67,"Sharp"
2116,56,2,1.5,0.5,88,67,"Sharp"
2117,56,2,1.5,0.5,87,67,"Sharp"
2118,56,2,1.5,0.5,90,67,"Sharp"
2119,56,3,0.5,0.30000001,350,67,
2120,56,3,0.5,0.30000001,356,67,
2121,56,3,0.5,0.30000001,353,67,
2122,56,3,0.5,0.30000001,359,67,
2123,56,3,0.5,0.30000001,362,67,
2124,56,3,0.5,0.30000001,330,67,
2125,56,3,0.5,0.30000001,331,67,
2126,56,3,0.5,0.30000001,337,67,
2127,56,3,0.5,0.30000001,338,67,
2128,56,3,0.5,0.30000001,339,67,
2129,56,3,0.5,0.30000001,340,67,
2130,56,3,0.5,0.30000001,341,67,
2131,56,3,0.5,0.1,367,67,
2132,56,3,0.5,0.1,368,67,
2133,56,3,0.5,0.1,369,67,
2134,56,3,0.5,0.1,370,67,
2135,56,3,0.5,0.1,371,67,
2136,56,3,0.5,0.1,342,67,
2137,56,3,0.5,0.1,343,67,
2138,56,3,0.5,0.1,344,67,
2139,56,3,0.5,0.1,345,67,
2140,56,3,0.5,0.1,346,67,
2141,56,3,0.5,0.1,347,67,
2142,56,3,0.5,5,378,67,
2143,56,3,0.5,5,377,67,
2144,56,3,0.5,10,379,67,
2145,56,4,0.1,0.1,380,67,
2146,56,4,0.1,0.1,259,67,
2147,56,4,0.1,0.1,260,67,
2148,56,5,5,10,291,67,
2149,56,5,5,10,307,67,
2150,56,5,5,7,292,67,
2151,56,5,5,7,308,67,
2152,56,5,5,3,293,67,
2153,56,5,5,3,309,67,
2154,1,1,60,92,276,201,"2"
2155,1,1,60,4,277,201,
2156,1,1,60,4,278,201,
2157,1,2,10,40,276,201,"4"
2158,1,2,10,10,174,201,"Forced"
2159,1,2,10,10,174,201,"Unlawful"
2160,1,2,10,10,246,201,"Fictional"
2161,1,2,10,10,246,201,"Sharp"
2162,1,2,10,10,216,201,"Agile"
2163,1,2,10,10,216,201,"Reflective"
2164,1,3,1,2,314,201,
2165,1,3,1,2,315,201,
2166,1,3,1,2,376,201,
2167,1,3,1,5,379,201,
2168,1,4,20,50,280,201,
2169,1,4,20,5,281,201,
2170,1,4,20,5,298,201,
2171,43,1,85,65,276,43,"74"
2172,43,1,85,6,279,43,
2173,43,1,85,3,277,43,
2174,43,2,5,0.1,86,43,
2175,43,2,5,0.1,89,43,
2176,43,2,5,0.1,88,43,
2177,43,2,5,0.1,87,43,
2178,43,2,5,0.1,90,43,
2179,43,2,5,0.2,258,43,
2180,43,2,5,0.1,256,43,
2181,43,2,5,0.1,257,43,
2182,43,2,5,0.1,374,43,
2183,43,2,5,0.1,258,43,"Beginning Scholars"
2184,43,2,5,0.1,258,43,"Veteran Scholars"
2185,43,3,0.5,0.30000001,350,43,
2186,43,3,0.5,0.30000001,332,43,
2187,43,3,0.5,0.30000001,356,43,
2188,43,3,0.5,0.30000001,333,43,
2189,43,3,0.5,0.30000001,353,43,
2190,43,3,0.5,0.30000001,334,43,
2191,43,3,0.5,0.30000001,359,43,
2192,43,3,0.5,0.30000001,335,43,
2193,43,3,0.5,0.30000001,362,43,
2194,43,3,0.5,0.30000001,336,43,
2195,43,3,0.5,0.30000001,330,43,
2196,43,3,0.5,0.30000001,331,43,
2197,43,3,0.5,0.1,367,43,
2198,43,3,0.5,0.1,368,43,
2199,43,3,0.5,0.1,369,43,
2200,43,3,0.5,0.1,370,43,
2201,43,3,0.5,0.1,371,43,
2202,43,3,0.5,5,378,43,
2203,43,3,0.5,5,377,43,
2204,43,3,0.5,10,379,43,
2205,43,4,5,10,290,43,
2206,43,4,5,10,306,43,
2207,43,4,5,7,291,43,
2208,43,4,5,7,307,43,
2209,43,4,5,3,292,43,
2210,43,4,5,3,308,43,
2211,44,1,85,65,276,44,"75"
2212,44,1,85,6,279,44,
2213,44,1,85,3,277,44,
2214,44,2,5,0.1,74,44,
2215,44,2,5,0.1,77,44,
2216,44,2,5,0.1,76,44,
2217,44,2,5,0.1,75,44,
2218,44,2,5,0.1,78,44,
2219,44,2,5,0.2,228,44,
2220,44,2,5,0.1,226,44,
2221,44,2,5,0.1,227,44,
2222,44,2,5,0.1,374,44,
2223,44,2,5,0.1,228,44,"Veteran Archers"
2224,44,2,5,0.1,228,44,"Skillful Archers "
2225,44,3,0.5,0.30000001,350,44,
2226,44,3,0.5,0.30000001,332,44,
2227,44,3,0.5,0.30000001,356,44,
2228,44,3,0.5,0.30000001,333,44,
2229,44,3,0.5,0.30000001,353,44,
2230,44,3,0.5,0.30000001,334,44,
2231,44,3,0.5,0.30000001,359,44,
2232,44,3,0.5,0.30000001,335,44,
2233,44,3,0.5,0.30000001,362,44,
2234,44,3,0.5,0.30000001,336,44,
2235,44,3,0.5,0.30000001,330,44,
2236,44,3,0.5,0.30000001,331,44,
2237,44,3,0.5,0.1,367,44,
2238,44,3,0.5,0.1,368,44,
2239,44,3,0.5,0.1,369,44,
2240,44,3,0.5,0.1,370,44,
2241,44,3,0.5,0.1,371,44,
2242,44,3,0.5,5,378,44,
2243,44,3,0.5,5,377,44,
2244,44,3,0.5,10,379,44,
2245,44,4,5,10,290,44,
2246,44,4,5,10,306,44,
2247,44,4,5,7,291,44,
2248,44,4,5,7,307,44,
2249,44,4,5,3,292,44,
2250,44,4,5,3,308,44,
2251,45,1,85,65,276,46,"76"
2252,45,1,85,6,279,46,
2253,45,1,85,3,277,46,
2254,45,2,5,0.1,80,46,
2255,45,2,5,0.1,83,46,
2256,45,2,5,0.1,82,46,
2257,45,2,5,0.1,81,46,
2258,45,2,5,0.1,84,46,
2259,45,2,5,0.2,186,46,
2260,45,2,5,0.1,184,46,
2261,45,2,5,0.1,185,46,
2262,45,2,5,0.1,374,46,
2263,45,2,5,0.1,186,46,"Wondering Knights"
2264,45,2,5,0.1,186,46,"Veteran Knights"
2265,45,3,0.5,0.30000001,350,46,
2266,45,3,0.5,0.30000001,332,46,
2267,45,3,0.5,0.30000001,356,46,
2268,45,3,0.5,0.30000001,333,46,
2269,45,3,0.5,0.30000001,353,46,
2270,45,3,0.5,0.30000001,334,46,
2271,45,3,0.5,0.30000001,359,46,
2272,45,3,0.5,0.30000001,335,46,
2273,45,3,0.5,0.30000001,362,46,
2274,45,3,0.5,0.30000001,336,46,
2275,45,3,0.5,0.30000001,330,46,
2276,45,3,0.5,0.30000001,331,46,
2277,45,3,0.5,0.1,367,46,
2278,45,3,0.5,0.1,368,46,
2279,45,3,0.5,0.1,369,46,
2280,45,3,0.5,0.1,370,46,
2281,45,3,0.5,0.1,371,46,
2282,45,3,0.5,5,378,46,
2283,45,3,0.5,5,377,46,
2284,45,3,0.5,10,379,46,
2285,45,4,5,10,290,46,
2286,45,4,5,10,306,46,
2287,45,4,5,7,291,46,
2288,45,4,5,7,307,46,
2289,45,4,5,3,292,46,
2290,45,4,5,3,308,46,
2291,46,1,85,65,276,52,"77"
2292,46,1,85,6,279,52,
2293,46,1,85,3,277,52,
2294,46,2,5,0.1,80,52,
2295,46,2,5,0.1,83,52,
2296,46,2,5,0.1,82,52,
2297,46,2,5,0.1,81,52,
2298,46,2,5,0.1,84,52,
2299,46,2,5,0.30000001,186,52,
2300,46,2,5,0.2,184,52,
2301,46,2,5,0.2,185,52,
2302,46,2,5,0.1,374,52,
2303,46,2,5,0.1,186,52,"Veteran Knights"
2304,46,2,5,0.1,186,52,"Strong Knights"
2305,46,3,0.5,0.30000001,350,52,
2306,46,3,0.5,0.30000001,332,52,
2307,46,3,0.5,0.30000001,356,52,
2308,46,3,0.5,0.30000001,333,52,
2309,46,3,0.5,0.30000001,353,52,
2310,46,3,0.5,0.30000001,334,52,
2311,46,3,0.5,0.30000001,359,52,
2312,46,3,0.5,0.30000001,335,52,
2313,46,3,0.5,0.30000001,362,52,
2314,46,3,0.5,0.30000001,336,52,
2315,46,3,0.5,0.30000001,330,52,
2316,46,3,0.5,0.30000001,331,52,
2317,46,3,0.5,0.1,367,52,
2318,46,3,0.5,0.1,368,52,
2319,46,3,0.5,0.1,369,52,
2320,46,3,0.5,0.1,370,52,
2321,46,3,0.5,0.1,371,52,
2322,46,3,0.5,5,378,52,
2323,46,3,0.5,5,377,52,
2324,46,3,0.5,10,379,52,
2325,46,4,5,10,290,52,
2326,46,4,5,10,306,52,
2327,46,4,5,7,291,52,
2328,46,4,5,7,307,52,
2329,46,4,5,3,292,52,
2330,46,4,5,3,308,52,
2331,47,1,85,65,276,54,"78"
2332,47,1,85,6,279,54,
2333,47,1,85,3,277,54,
2334,47,2,5,0.1,74,54,
2335,47,2,5,0.1,77,54,
2336,47,2,5,0.1,76,54,
2337,47,2,5,0.1,75,54,
2338,47,2,5,0.1,78,54,
2339,47,2,5,0.30000001,228,54,
2340,47,2,5,0.2,226,54,
2341,47,2,5,0.2,227,54,
2342,47,2,5,0.1,374,54,
2343,47,2,5,0.1,228,54,"Veteran Archers"
2344,47,2,5,0.1,228,54,"Skillful Archers "
2345,47,3,0.5,0.30000001,350,54,
2346,47,3,0.5,0.30000001,332,54,
2347,47,3,0.5,0.30000001,356,54,
2348,47,3,0.5,0.30000001,333,54,
2349,47,3,0.5,0.30000001,353,54,
2350,47,3,0.5,0.30000001,334,54,
2351,47,3,0.5,0.30000001,359,54,
2352,47,3,0.5,0.30000001,335,54,
2353,47,3,0.5,0.30000001,362,54,
2354,47,3,0.5,0.30000001,336,54,
2355,47,3,0.5,0.30000001,330,54,
2356,47,3,0.5,0.30000001,331,54,
2357,47,3,0.5,0.1,367,54,
2358,47,3,0.5,0.1,368,54,
2359,47,3,0.5,0.1,369,54,
2360,47,3,0.5,0.1,370,54,
2361,47,3,0.5,0.1,371,54,
2362,47,3,0.5,5,378,54,
2363,47,3,0.5,5,377,54,
2364,47,3,0.5,10,379,54,
2365,47,4,5,10,290,54,
2366,47,4,5,10,306,54,
2367,47,4,5,7,291,54,
2368,47,4,5,7,307,54,
2369,47,4,5,3,292,54,
2370,47,4,5,3,308,54,
2371,48,1,85,65,276,56,"79"
2372,48,1,85,6,279,56,
2373,48,1,85,3,277,56,
2374,48,2,5,0.1,86,56,
2375,48,2,5,0.1,89,56,
2376,48,2,5,0.1,88,56,
2377,48,2,5,0.1,87,56,
2378,48,2,5,0.1,90,56,
2379,48,2,5,0.30000001,258,56,
2380,48,2,5,0.2,256,56,
2381,48,2,5,0.2,257,56,
2382,48,2,5,0.1,374,56,
2383,48,2,5,0.1,258,56,"Veteran Scholars"
2384,48,2,5,0.1,258,56,"Skillful Scholars"
2385,48,3,0.5,0.30000001,350,56,
2386,48,3,0.5,0.30000001,332,56,
2387,48,3,0.5,0.30000001,356,56,
2388,48,3,0.5,0.30000001,333,56,
2389,48,3,0.5,0.30000001,353,56,
2390,48,3,0.5,0.30000001,334,56,
2391,48,3,0.5,0.30000001,359,56,
2392,48,3,0.5,0.30000001,335,56,
2393,48,3,0.5,0.30000001,362,56,
2394,48,3,0.5,0.30000001,336,56,
2395,48,3,0.5,0.30000001,330,56,
2396,48,3,0.5,0.30000001,331,56,
2397,48,3,0.5,0.1,367,56,
2398,48,3,0.5,0.1,368,56,
2399,48,3,0.5,0.1,369,56,
2400,48,3,0.5,0.1,370,56,
2401,48,3,0.5,0.1,371,56,
2402,48,3,0.5,5,378,56,
2403,48,3,0.5,5,377,56,
2404,48,3,0.5,10,379,56,
2405,48,4,5,10,290,56,
2406,48,4,5,10,306,56,
2407,48,4,5,7,291,56,
2408,48,4,5,7,307,56,
2409,48,4,5,3,292,56,
2410,48,4,5,3,308,56,
2411,49,1,85,65,276,59,"80"
2412,49,1,85,6,279,59,
2413,49,1,85,3,277,59,
2414,49,2,5,0.1,186,59,"Expert Knights"
2415,49,2,5,0.1,184,59,
2416,49,2,5,0.1,185,59,
2417,49,2,5,0.1,228,59,"Expert Archers"
2418,49,2,5,0.1,226,59,
2419,49,2,5,0.1,227,59,
2420,49,2,5,0.1,258,59,"Expert Scholars"
2421,49,2,5,0.1,256,59,
2422,49,2,5,0.1,257,59,
2423,49,2,5,0.1,80,59,
2424,49,2,5,0.1,83,59,
2425,49,2,5,0.1,82,59,
2426,49,2,5,0.1,81,59,
2427,49,2,5,0.1,84,59,
2428,49,2,5,0.1,74,59,
2429,49,2,5,0.1,77,59,
2430,49,2,5,0.1,76,59,
2431,49,2,5,0.1,75,59,
2432,49,2,5,0.1,78,59,
2433,49,2,5,0.1,86,59,
2434,49,2,5,0.1,89,59,
2435,49,2,5,0.1,88,59,
2436,49,2,5,0.1,87,59,
2437,49,2,5,0.1,90,59,
2438,49,2,5,0.1,374,59,
2439,49,3,0.5,0.30000001,350,59,
2440,49,3,0.5,0.30000001,332,59,
2441,49,3,0.5,0.30000001,356,59,
2442,49,3,0.5,0.30000001,333,59,
2443,49,3,0.5,0.30000001,353,59,
2444,49,3,0.5,0.30000001,334,59,
2445,49,3,0.5,0.30000001,359,59,
2446,49,3,0.5,0.30000001,335,59,
2447,49,3,0.5,0.30000001,362,59,
2448,49,3,0.5,0.30000001,336,59,
2449,49,3,0.5,0.30000001,330,59,
2450,49,3,0.5,0.30000001,331,59,
2451,49,3,0.5,0.1,367,59,
2452,49,3,0.5,0.1,368,59,
2453,49,3,0.5,0.1,369,59,
2454,49,3,0.5,0.1,370,59,
2455,49,3,0.5,0.1,371,59,
2456,49,3,0.5,5,378,59,
2457,49,3,0.5,5,377,59,
2458,49,3,0.5,10,379,59,
2459,49,4,5,10,290,59,
2460,49,4,5,10,306,59,
2461,49,4,5,7,291,59,
2462,49,4,5,7,307,59,
2463,49,4,5,3,292,59,
2464,49,4,5,3,308,59,
2465,57,1,80,65,276,70,"146"
2466,57,1,80,7,279,70,
2467,57,1,80,3,277,70,
2468,57,2,1.8,0.1,92,70,
2469,57,2,1.8,0.1,95,70,
2470,57,2,1.8,0.1,94,70,
2471,57,2,1.8,0.1,93,70,
2472,57,2,1.8,0.1,96,70,
2473,57,2,1.8,0.60000002,229,70,
2474,57,2,1.8,0.80000001,230,70,
2475,57,3,0.60000002,0.30000001,350,70,
2476,57,3,0.60000002,0.30000001,356,70,
2477,57,3,0.60000002,0.30000001,353,70,
2478,57,3,0.60000002,0.30000001,359,70,
2479,57,3,0.60000002,0.30000001,362,70,
2480,57,3,0.60000002,0.30000001,330,70,
2481,57,3,0.60000002,0.30000001,331,70,
2482,57,3,0.60000002,0.30000001,337,70,
2483,57,3,0.60000002,0.30000001,338,70,
2484,57,3,0.60000002,0.30000001,339,70,
2485,57,3,0.60000002,0.30000001,340,70,
2486,57,3,0.60000002,0.30000001,341,70,
2487,57,3,0.60000002,0.1,367,70,
2488,57,3,0.60000002,0.1,368,70,
2489,57,3,0.60000002,0.1,369,70,
2490,57,3,0.60000002,0.1,370,70,
2491,57,3,0.60000002,0.1,371,70,
2492,57,3,0.60000002,0.1,342,70,
2493,57,3,0.60000002,0.1,343,70,
2494,57,3,0.60000002,0.1,344,70,
2495,57,3,0.60000002,0.1,345,70,
2496,57,3,0.60000002,0.1,346,70,
2497,57,3,0.60000002,0.1,347,70,
2498,57,3,0.60000002,4.8000002,378,70,
2499,57,3,0.60000002,4.8000002,377,70,
2500,57,3,0.60000002,8,379,70,
2501,57,4,0.1,0.1,380,70,
2502,57,4,0.1,0.1,234,70,
2503,57,5,5,14,293,70,
2504,57,5,5,14,309,70,
2505,57,5,5,6,294,70,
2506,57,5,5,6,310,70,
2507,58,1,80,65,276,74,"148"
2508,58,1,80,7,279,74,
2509,58,1,80,3,277,74,
2510,58,2,1.8,0.1,98,74,
2511,58,2,1.8,0.1,99,74,
2512,58,2,1.8,0.1,100,74,
2513,58,2,1.8,0.1,101,74,
2514,58,2,1.8,0.1,102,74,
2515,58,2,1.8,0.60000002,187,74,
2516,58,2,1.8,0.80000001,188,74,
2517,58,2,1.8,0.2,167,74,
2518,58,3,0.60000002,0.30000001,350,74,
2519,58,3,0.60000002,0.30000001,356,74,
2520,58,3,0.60000002,0.30000001,353,74,
2521,58,3,0.60000002,0.30000001,359,74,
2522,58,3,0.60000002,0.30000001,362,74,
2523,58,3,0.60000002,0.30000001,330,74,
2524,58,3,0.60000002,0.30000001,331,74,
2525,58,3,0.60000002,0.30000001,337,74,
2526,58,3,0.60000002,0.30000001,338,74,
2527,58,3,0.60000002,0.30000001,339,74,
2528,58,3,0.60000002,0.30000001,340,74,
2529,58,3,0.60000002,0.30000001,341,74,
2530,58,3,0.60000002,0.1,367,74,
2531,58,3,0.60000002,0.1,368,74,
2532,58,3,0.60000002,0.1,369,74,
2533,58,3,0.60000002,0.1,370,74,
2534,58,3,0.60000002,0.1,371,74,
2535,58,3,0.60000002,0.1,342,74,
2536,58,3,0.60000002,0.1,343,74,
2537,58,3,0.60000002,0.1,344,74,
2538,58,3,0.60000002,0.1,345,74,
2539,58,3,0.60000002,0.1,346,74,
2540,58,3,0.60000002,0.1,347,74,
2541,58,3,0.60000002,4.8000002,378,74,
2542,58,3,0.60000002,4.8000002,377,74,
2543,58,3,0.60000002,8,379,74,
2544,58,4,0.1,0.1,380,74,
2545,58,4,0.1,0.1,192,74,
2546,58,4,0.1,0.1,195,74,
2547,58,5,5,14,293,74,
2548,58,5,5,14,309,74,
2549,58,5,5,6,294,74,
2550,58,5,5,6,310,74,
2551,59,1,80,65,276,79,"150"
2552,59,1,80,7,279,79,
2553,59,1,80,3,277,79,
2554,59,2,1.8,0.1,104,79,
2555,59,2,1.8,0.1,107,79,
2556,59,2,1.8,0.1,106,79,
2557,59,2,1.8,0.1,105,79,
2558,59,2,1.8,0.1,108,79,
2559,59,2,1.8,0.60000002,259,79,
2560,59,2,1.8,0.80000001,260,79,
2561,59,3,0.60000002,0.30000001,350,79,
2562,59,3,0.60000002,0.30000001,356,79,
2563,59,3,0.60000002,0.30000001,353,79,
2564,59,3,0.60000002,0.30000001,359,79,
2565,59,3,0.60000002,0.30000001,362,79,
2566,59,3,0.60000002,0.30000001,330,79,
2567,59,3,0.60000002,0.30000001,331,79,
2568,59,3,0.60000002,0.30000001,337,79,
2569,59,3,0.60000002,0.30000001,338,79,
2570,59,3,0.60000002,0.30000001,339,79,
2571,59,3,0.60000002,0.30000001,340,79,
2572,59,3,0.60000002,0.30000001,341,79,
2573,59,3,0.60000002,0.1,367,79,
2574,59,3,0.60000002,0.1,368,79,
2575,59,3,0.60000002,0.1,369,79,
2576,59,3,0.60000002,0.1,370,79,
2577,59,3,0.60000002,0.1,371,79,
2578,59,3,0.60000002,0.1,342,79,
2579,59,3,0.60000002,0.1,343,79,
2580,59,3,0.60000002,0.1,344,79,
2581,59,3,0.60000002,0.1,345,79,
2582,59,3,0.60000002,0.1,346,79,
2583,59,3,0.60000002,0.1,347,79,
2584,59,3,0.60000002,4.8000002,378,79,
2585,59,3,0.60000002,4.8000002,377,79,
2586,59,3,0.60000002,8,379,79,
2587,59,4,0.1,0.1,380,79,
2588,59,4,0.1,0.1,264,79,
2589,59,5,5,14,293,79,
2590,59,5,5,14,309,79,
2591,59,5,5,6,294,79,
2592,59,5,5,6,310,79,
2593,57,1,80,65,276,71,"146"
2594,57,1,80,7,279,71,
2595,57,1,80,3,277,71,
2596,57,2,1.8,0.1,92,71,
2597,57,2,1.8,0.1,95,71,
2598,57,2,1.8,0.1,94,71,
2599,57,2,1.8,0.1,93,71,
2600,57,2,1.8,0.1,96,71,
2601,57,2,1.8,0.60000002,229,71,
2602,57,2,1.8,0.80000001,230,71,
2603,57,3,0.60000002,0.30000001,350,71,
2604,57,3,0.60000002,0.30000001,356,71,
2605,57,3,0.60000002,0.30000001,353,71,
2606,57,3,0.60000002,0.30000001,359,71,
2607,57,3,0.60000002,0.30000001,362,71,
2608,57,3,0.60000002,0.30000001,330,71,
2609,57,3,0.60000002,0.30000001,331,71,
2610,57,3,0.60000002,0.30000001,337,71,
2611,57,3,0.60000002,0.30000001,338,71,
2612,57,3,0.60000002,0.30000001,339,71,
2613,57,3,0.60000002,0.30000001,340,71,
2614,57,3,0.60000002,0.30000001,341,71,
2615,57,3,0.60000002,0.1,367,71,
2616,57,3,0.60000002,0.1,368,71,
2617,57,3,0.60000002,0.1,369,71,
2618,57,3,0.60000002,0.1,370,71,
2619,57,3,0.60000002,0.1,371,71,
2620,57,3,0.60000002,0.1,342,71,
2621,57,3,0.60000002,0.1,343,71,
2622,57,3,0.60000002,0.1,344,71,
2623,57,3,0.60000002,0.1,345,71,
2624,57,3,0.60000002,0.1,346,71,
2625,57,3,0.60000002,0.1,347,71,
2626,57,3,0.60000002,4.8000002,378,71,
2627,57,3,0.60000002,4.8000002,377,71,
2628,57,3,0.60000002,8,379,71,
2629,57,4,0.1,0.1,380,71,
2630,57,4,0.1,0.1,234,71,
2631,57,5,5,14,293,71,
2632,57,5,5,14,309,71,
2633,57,5,5,6,294,71,
2634,57,5,5,6,310,71,
2635,58,1,80,65,276,75,"148"
2636,58,1,80,7,279,75,
2637,58,1,80,3,277,75,
2638,58,2,1.8,0.1,98,75,
2639,58,2,1.8,0.1,99,75,
2640,58,2,1.8,0.1,100,75,
2641,58,2,1.8,0.1,101,75,
2642,58,2,1.8,0.1,102,75,
2643,58,2,1.8,0.60000002,187,75,
2644,58,2,1.8,0.80000001,188,75,
2645,58,2,1.8,0.2,167,75,
2646,58,3,0.60000002,0.30000001,350,75,
2647,58,3,0.60000002,0.30000001,356,75,
2648,58,3,0.60000002,0.30000001,353,75,
2649,58,3,0.60000002,0.30000001,359,75,
2650,58,3,0.60000002,0.30000001,362,75,
2651,58,3,0.60000002,0.30000001,330,75,
2652,58,3,0.60000002,0.30000001,331,75,
2653,58,3,0.60000002,0.30000001,337,75,
2654,58,3,0.60000002,0.30000001,338,75,
2655,58,3,0.60000002,0.30000001,339,75,
2656,58,3,0.60000002,0.30000001,340,75,
2657,58,3,0.60000002,0.30000001,341,75,
2658,58,3,0.60000002,0.1,367,75,
2659,58,3,0.60000002,0.1,368,75,
2660,58,3,0.60000002,0.1,369,75,
2661,58,3,0.60000002,0.1,370,75,
2662,58,3,0.60000002,0.1,371,75,
2663,58,3,0.60000002,0.1,342,75,
2664,58,3,0.60000002,0.1,343,75,
2665,58,3,0.60000002,0.1,344,75,
2666,58,3,0.60000002,0.1,345,75,
2667,58,3,0.60000002,0.1,346,75,
2668,58,3,0.60000002,0.1,347,75,
2669,58,3,0.60000002,4.8000002,378,75,
2670,58,3,0.60000002,4.8000002,377,75,
2671,58,3,0.60000002,8,379,75,
2672,58,4,0.1,0.1,380,75,
2673,58,4,0.1,0.1,192,75,
2674,58,4,0.1,0.1,195,75,
2675,58,5,5,14,293,75,
2676,58,5,5,14,309,75,
2677,58,5,5,6,294,75,
2678,58,5,5,6,310,75,
2679,59,1,80,65,276,80,"150"
2680,59,1,80,7,279,80,
2681,59,1,80,3,277,80,
2682,59,2,1.8,0.1,104,80,
2683,59,2,1.8,0.1,107,80,
2684,59,2,1.8,0.1,106,80,
2685,59,2,1.8,0.1,105,80,
2686,59,2,1.8,0.1,108,80,
2687,59,2,1.8,0.60000002,259,80,
2688,59,2,1.8,0.80000001,260,80,
2689,59,3,0.60000002,0.30000001,350,80,
2690,59,3,0.60000002,0.30000001,356,80,
2691,59,3,0.60000002,0.30000001,353,80,
2692,59,3,0.60000002,0.30000001,359,80,
2693,59,3,0.60000002,0.30000001,362,80,
2694,59,3,0.60000002,0.30000001,330,80,
2695,59,3,0.60000002,0.30000001,331,80,
2696,59,3,0.60000002,0.30000001,337,80,
2697,59,3,0.60000002,0.30000001,338,80,
2698,59,3,0.60000002,0.30000001,339,80,
2699,59,3,0.60000002,0.30000001,340,80,
2700,59,3,0.60000002,0.30000001,341,80,
2701,59,3,0.60000002,0.1,367,80,
2702,59,3,0.60000002,0.1,368,80,
2703,59,3,0.60000002,0.1,369,80,
2704,59,3,0.60000002,0.1,370,80,
2705,59,3,0.60000002,0.1,371,80,
2706,59,3,0.60000002,0.1,342,80,
2707,59,3,0.60000002,0.1,343,80,
2708,59,3,0.60000002,0.1,344,80,
2709,59,3,0.60000002,0.1,345,80,
2710,59,3,0.60000002,0.1,346,80,
2711,59,3,0.60000002,0.1,347,80,
2712,59,3,0.60000002,4.8000002,378,80,
2713,59,3,0.60000002,4.8000002,377,80,
2714,59,3,0.60000002,8,379,80,
2715,59,4,0.1,0.1,380,80,
2716,59,4,0.1,0.1,264,80,
2717,59,5,5,14,293,80,
2718,59,5,5,14,309,80,
2719,59,5,5,6,294,80,
2720,59,5,5,6,310,80,
2721,60,1,80,65,276,83,"152"
2722,60,1,80,7,279,83,
2723,60,1,80,3,277,83,
2724,60,2,0.60000002,0.1,92,83,
2725,60,2,0.60000002,0.1,95,83,
2726,60,2,0.60000002,0.1,94,83,
2727,60,2,0.60000002,0.1,93,83,
2728,60,2,0.60000002,0.1,96,83,
2729,60,2,0.60000002,0.1,98,83,
2730,60,2,0.60000002,0.1,99,83,
2731,60,2,0.60000002,0.1,100,83,
2732,60,2,0.60000002,0.1,101,83,
2733,60,2,0.60000002,0.1,102,83,
2734,60,2,0.60000002,0.1,104,83,
2735,60,2,0.60000002,0.1,107,83,
2736,60,2,0.60000002,0.1,106,83,
2737,60,2,0.60000002,0.1,105,83,
2738,60,2,0.60000002,0.1,108,83,
2739,60,2,0.60000002,0.40000001,229,83,
2740,60,2,0.60000002,0.69999999,230,83,
2741,60,2,0.60000002,0.40000001,187,83,
2742,60,2,0.60000002,0.69999999,188,83,
2743,60,2,0.60000002,0.40000001,259,83,
2744,60,2,0.60000002,0.69999999,260,83,
2745,60,3,0.69999999,0.30000001,350,83,
2746,60,3,0.69999999,0.30000001,356,83,
2747,60,3,0.69999999,0.30000001,353,83,
2748,60,3,0.69999999,0.30000001,359,83,
2749,60,3,0.69999999,0.30000001,362,83,
2750,60,3,0.69999999,0.30000001,330,83,
2751,60,3,0.69999999,0.30000001,331,83,
2752,60,3,0.69999999,0.30000001,337,83,
2753,60,3,0.69999999,0.30000001,338,83,
2754,60,3,0.69999999,0.30000001,339,83,
2755,60,3,0.69999999,0.30000001,340,83,
2756,60,3,0.69999999,0.30000001,341,83,
2757,60,3,0.69999999,0.1,367,83,
2758,60,3,0.69999999,0.1,368,83,
2759,60,3,0.69999999,0.1,369,83,
2760,60,3,0.69999999,0.1,370,83,
2761,60,3,0.69999999,0.1,371,83,
2762,60,3,0.69999999,0.1,342,83,
2763,60,3,0.69999999,0.1,343,83,
2764,60,3,0.69999999,0.1,344,83,
2765,60,3,0.69999999,0.1,345,83,
2766,60,3,0.69999999,0.1,346,83,
2767,60,3,0.69999999,0.1,347,83,
2768,60,3,0.69999999,4.8000002,378,83,
2769,60,3,0.69999999,4.8000002,377,83,
2770,60,3,0.69999999,8,379,83,
2771,60,4,0.1,0.1,380,83,
2772,60,4,0.1,0.1,234,83,
2773,60,4,0.1,0.1,192,83,
2774,60,4,0.1,0.1,264,83,
2775,60,5,5,14,293,83,
2776,60,5,5,14,309,83,
2777,60,5,5,6,294,83,
2778,60,5,5,6,310,83,
2779,61,1,80,65,276,88,"154"
2780,61,1,80,7,279,88,
2781,61,1,80,3,277,88,
2782,61,2,0.69999999,0.1,92,88,
2783,61,2,0.69999999,0.1,95,88,
2784,61,2,0.69999999,0.1,94,88,
2785,61,2,0.69999999,0.1,93,88,
2786,61,2,0.69999999,0.1,96,88,
2787,61,2,0.69999999,0.1,98,88,
2788,61,2,0.69999999,0.1,99,88,
2789,61,2,0.69999999,0.1,100,88,
2790,61,2,0.69999999,0.1,101,88,
2791,61,2,0.69999999,0.1,102,88,
2792,61,2,0.69999999,0.1,104,88,
2793,61,2,0.69999999,0.1,107,88,
2794,61,2,0.69999999,0.1,106,88,
2795,61,2,0.69999999,0.1,105,88,
2796,61,2,0.69999999,0.1,108,88,
2797,61,2,0.69999999,0.2,229,88,
2798,61,2,0.69999999,0.5,230,88,
2799,61,2,0.69999999,0.1,229,88,"Veteran Archers"
2800,61,2,0.69999999,0.2,230,88,"Veteran Archers"
2801,61,2,0.69999999,0.2,187,88,
2802,61,2,0.69999999,0.5,188,88,
2803,61,2,0.69999999,0.1,187,88,"Veteran Knights"
2804,61,2,0.69999999,0.2,188,88,"Veteran Knights"
2805,61,2,0.69999999,0.2,259,88,
2806,61,2,0.69999999,0.5,260,88,
2807,61,2,0.69999999,0.1,259,88,"Veteran Scholars"
2808,61,2,0.69999999,0.2,260,88,"Veteran Scholars"
2809,61,3,0.60000002,0.30000001,350,88,
2810,61,3,0.60000002,0.30000001,356,88,
2811,61,3,0.60000002,0.30000001,353,88,
2812,61,3,0.60000002,0.30000001,359,88,
2813,61,3,0.60000002,0.30000001,362,88,
2814,61,3,0.60000002,0.30000001,330,88,
2815,61,3,0.60000002,0.30000001,331,88,
2816,61,3,0.60000002,0.30000001,337,88,
2817,61,3,0.60000002,0.30000001,338,88,
2818,61,3,0.60000002,0.30000001,339,88,
2819,61,3,0.60000002,0.30000001,340,88,
2820,61,3,0.60000002,0.30000001,341,88,
2821,61,3,0.60000002,0.1,367,88,
2822,61,3,0.60000002,0.1,368,88,
2823,61,3,0.60000002,0.1,369,88,
2824,61,3,0.60000002,0.1,370,88,
2825,61,3,0.60000002,0.1,371,88,
2826,61,3,0.60000002,0.1,342,88,
2827,61,3,0.60000002,0.1,343,88,
2828,61,3,0.60000002,0.1,344,88,
2829,61,3,0.60000002,0.1,345,88,
2830,61,3,0.60000002,0.1,346,88,
2831,61,3,0.60000002,0.1,347,88,
2832,61,3,0.60000002,4.8000002,378,88,
2833,61,3,0.60000002,4.8000002,377,88,
2834,61,3,0.60000002,8,379,88,
2835,61,4,0.1,0.1,380,88,
2836,61,4,0.1,0.1,234,88,
2837,61,4,0.1,0.1,195,88,
2838,61,4,0.1,0.1,264,88,
2839,61,5,5,14,293,88,
2840,61,5,5,14,309,88,
2841,61,5,5,6,294,88,
2842,61,5,5,6,310,88,
2843,60,1,80,65,276,84,"152"
2844,60,1,80,7,279,84,
2845,60,1,80,3,277,84,
2846,60,2,0.60000002,0.1,92,84,
2847,60,2,0.60000002,0.1,95,84,
2848,60,2,0.60000002,0.1,94,84,
2849,60,2,0.60000002,0.1,93,84,
2850,60,2,0.60000002,0.1,96,84,
2851,60,2,0.60000002,0.1,98,84,
2852,60,2,0.60000002,0.1,99,84,
2853,60,2,0.60000002,0.1,100,84,
2854,60,2,0.60000002,0.1,101,84,
2855,60,2,0.60000002,0.1,102,84,
2856,60,2,0.60000002,0.1,104,84,
2857,60,2,0.60000002,0.1,107,84,
2858,60,2,0.60000002,0.1,106,84,
2859,60,2,0.60000002,0.1,105,84,
2860,60,2,0.60000002,0.1,108,84,
2861,60,2,0.60000002,0.40000001,229,84,
2862,60,2,0.60000002,0.69999999,230,84,
2863,60,2,0.60000002,0.40000001,187,84,
2864,60,2,0.60000002,0.69999999,188,84,
2865,60,2,0.60000002,0.40000001,259,84,
2866,60,2,0.60000002,0.69999999,260,84,
2867,60,3,0.69999999,0.30000001,350,84,
2868,60,3,0.69999999,0.30000001,356,84,
2869,60,3,0.69999999,0.30000001,353,84,
2870,60,3,0.69999999,0.30000001,359,84,
2871,60,3,0.69999999,0.30000001,362,84,
2872,60,3,0.69999999,0.30000001,330,84,
2873,60,3,0.69999999,0.30000001,331,84,
2874,60,3,0.69999999,0.30000001,337,84,
2875,60,3,0.69999999,0.30000001,338,84,
2876,60,3,0.69999999,0.30000001,339,84,
2877,60,3,0.69999999,0.30000001,340,84,
2878,60,3,0.69999999,0.30000001,341,84,
2879,60,3,0.69999999,0.1,367,84,
2880,60,3,0.69999999,0.1,368,84,
2881,60,3,0.69999999,0.1,369,84,
2882,60,3,0.69999999,0.1,370,84,
2883,60,3,0.69999999,0.1,371,84,
2884,60,3,0.69999999,0.1,342,84,
2885,60,3,0.69999999,0.1,343,84,
2886,60,3,0.69999999,0.1,344,84,
2887,60,3,0.69999999,0.1,345,84,
2888,60,3,0.69999999,0.1,346,84,
2889,60,3,0.69999999,0.1,347,84,
2890,60,3,0.69999999,4.8000002,378,84,
2891,60,3,0.69999999,4.8000002,377,84,
2892,60,3,0.69999999,8,379,84,
2893,60,4,0.1,0.1,380,84,
2894,60,4,0.1,0.1,234,84,
2895,60,4,0.1,0.1,192,84,
2896,60,4,0.1,0.1,264,84,
2897,60,5,5,14,293,84,
2898,60,5,5,14,309,84,
2899,60,5,5,6,294,84,
2900,60,5,5,6,310,84,
2901,61,1,80,65,276,89,"154"
2902,61,1,80,7,279,89,
2903,61,1,80,3,277,89,
2904,61,2,0.69999999,0.1,92,89,
2905,61,2,0.69999999,0.1,95,89,
2906,61,2,0.69999999,0.1,94,89,
2907,61,2,0.69999999,0.1,93,89,
2908,61,2,0.69999999,0.1,96,89,
2909,61,2,0.69999999,0.1,98,89,
2910,61,2,0.69999999,0.1,99,89,
2911,61,2,0.69999999,0.1,100,89,
2912,61,2,0.69999999,0.1,101,89,
2913,61,2,0.69999999,0.1,102,89,
2914,61,2,0.69999999,0.1,104,89,
2915,61,2,0.69999999,0.1,107,89,
2916,61,2,0.69999999,0.1,106,89,
2917,61,2,0.69999999,0.1,105,89,
2918,61,2,0.69999999,0.1,108,89,
2919,61,2,0.69999999,0.2,229,89,
2920,61,2,0.69999999,0.5,230,89,
2921,61,2,0.69999999,0.1,229,89,"Veteran Archers"
2922,61,2,0.69999999,0.2,230,89,"Veteran Archers"
2923,61,2,0.69999999,0.2,187,89,
2924,61,2,0.69999999,0.5,188,89,
2925,61,2,0.69999999,0.1,187,89,"Veteran Knights"
2926,61,2,0.69999999,0.2,188,89,"Veteran Knights"
2927,61,2,0.69999999,0.2,259,89,
2928,61,2,0.69999999,0.5,260,89,
2929,61,2,0.69999999,0.1,259,89,"Veteran Scholars"
2930,61,2,0.69999999,0.2,260,89,"Veteran Scholars"
2931,61,3,0.60000002,0.30000001,350,89,
2932,61,3,0.60000002,0.30000001,356,89,
2933,61,3,0.60000002,0.30000001,353,89,
2934,61,3,0.60000002,0.30000001,359,89,
2935,61,3,0.60000002,0.30000001,362,89,
2936,61,3,0.60000002,0.30000001,330,89,
2937,61,3,0.60000002,0.30000001,331,89,
2938,61,3,0.60000002,0.30000001,337,89,
2939,61,3,0.60000002,0.30000001,338,89,
2940,61,3,0.60000002,0.30000001,339,89,
2941,61,3,0.60000002,0.30000001,340,89,
2942,61,3,0.60000002,0.30000001,341,89,
2943,61,3,0.60000002,0.1,367,89,
2944,61,3,0.60000002,0.1,368,89,
2945,61,3,0.60000002,0.1,369,89,
2946,61,3,0.60000002,0.1,370,89,
2947,61,3,0.60000002,0.1,371,89,
2948,61,3,0.60000002,0.1,342,89,
2949,61,3,0.60000002,0.1,343,89,
2950,61,3,0.60000002,0.1,344,89,
2951,61,3,0.60000002,0.1,345,89,
2952,61,3,0.60000002,0.1,346,89,
2953,61,3,0.60000002,0.1,347,89,
2954,61,3,0.60000002,4.8000002,378,89,
2955,61,3,0.60000002,4.8000002,377,89,
2956,61,3,0.60000002,8,379,89,
2957,61,4,0.1,0.1,380,89,
2958,61,4,0.1,0.1,234,89,
2959,61,4,0.1,0.1,195,89,
2960,61,4,0.1,0.1,264,89,
2961,61,5,5,14,293,89,
2962,61,5,5,14,309,89,
2963,61,5,5,6,294,89,
2964,61,5,5,6,310,89,
2965,62,1,80,65,276,95,"156"
2966,62,1,80,7,279,95,
2967,62,1,80,3,277,95,
2968,62,2,1.9,0.1,98,95,
2969,62,2,1.9,0.1,99,95,
2970,62,2,1.9,0.1,100,95,
2971,62,2,1.9,0.1,101,95,
2972,62,2,1.9,0.1,102,95,
2973,62,2,1.9,0.1,187,95,"Veteran Knights"
2974,62,2,1.9,0.2,188,95,"Veteran Knights"
2975,62,2,1.9,0.5,187,95,
2976,62,2,1.9,0.80000001,188,95,
2977,62,2,1.9,0.1,192,95,
2978,62,2,1.9,0.1,195,95,
2979,62,2,1.9,0.2,167,95,
2980,62,3,0.60000002,0.30000001,350,95,
2981,62,3,0.60000002,0.30000001,356,95,
2982,62,3,0.60000002,0.30000001,353,95,
2983,62,3,0.60000002,0.30000001,359,95,
2984,62,3,0.60000002,0.30000001,362,95,
2985,62,3,0.60000002,0.30000001,330,95,
2986,62,3,0.60000002,0.30000001,331,95,
2987,62,3,0.60000002,0.30000001,337,95,
2988,62,3,0.60000002,0.30000001,338,95,
2989,62,3,0.60000002,0.30000001,339,95,
2990,62,3,0.60000002,0.30000001,340,95,
2991,62,3,0.60000002,0.30000001,341,95,
2992,62,3,0.60000002,0.1,367,95,
2993,62,3,0.60000002,0.1,368,95,
2994,62,3,0.60000002,0.1,369,95,
2995,62,3,0.60000002,0.1,370,95,
2996,62,3,0.60000002,0.1,371,95,
2997,62,3,0.60000002,0.1,342,95,
2998,62,3,0.60000002,0.1,343,95,
2999,62,3,0.60000002,0.1,344,95,
3000,62,3,0.60000002,0.1,345,95,
3001,62,3,0.60000002,0.1,346,95,
3002,62,3,0.60000002,0.1,347,95,
3003,62,3,0.60000002,4.8000002,378,95,
3004,62,3,0.60000002,4.8000002,377,95,
3005,62,3,0.60000002,8,379,95,
3006,62,4,0.1,0.1,380,95,
3007,62,4,0.1,0.1,193,95,
3008,62,4,0.1,0.1,194,95,
3009,62,4,0.1,0.1,196,95,
3010,62,4,0.1,0.1,197,95,
3011,62,5,5,14,293,95,
3012,62,5,5,14,309,95,
3013,62,5,5,6,294,95,
3014,62,5,5,6,310,95,
3015,63,1,80,65,276,107,"158"
3016,63,1,80,7,279,107,
3017,63,1,80,3,277,107,
3018,63,2,2,0.1,98,107,
3019,63,2,2,0.1,99,107,
3020,63,2,2,0.1,100,107,
3021,63,2,2,0.1,101,107,
3022,63,2,2,0.1,102,107,
3023,63,2,2,0.1,187,107,"Strong Knights"
3024,63,2,2,0.2,188,107,"Strong Knights"
3025,63,2,2,0.5,187,107,
3026,63,2,2,0.80000001,188,107,
3027,63,2,2,0.1,192,107,
3028,63,2,2,0.1,195,107,
3029,63,2,2,0.2,167,107,
3030,63,3,0.60000002,0.30000001,350,107,
3031,63,3,0.60000002,0.30000001,356,107,
3032,63,3,0.60000002,0.30000001,353,107,
3033,63,3,0.60000002,0.30000001,359,107,
3034,63,3,0.60000002,0.30000001,362,107,
3035,63,3,0.60000002,0.30000001,330,107,
3036,63,3,0.60000002,0.30000001,331,107,
3037,63,3,0.60000002,0.30000001,337,107,
3038,63,3,0.60000002,0.30000001,338,107,
3039,63,3,0.60000002,0.30000001,339,107,
3040,63,3,0.60000002,0.30000001,340,107,
3041,63,3,0.60000002,0.30000001,341,107,
3042,63,3,0.60000002,0.1,367,107,
3043,63,3,0.60000002,0.1,368,107,
3044,63,3,0.60000002,0.1,369,107,
3045,63,3,0.60000002,0.1,370,107,
3046,63,3,0.60000002,0.1,371,107,
3047,63,3,0.60000002,0.1,342,107,
3048,63,3,0.60000002,0.1,343,107,
3049,63,3,0.60000002,0.1,344,107,
3050,63,3,0.60000002,0.1,345,107,
3051,63,3,0.60000002,0.1,346,107,
3052,63,3,0.60000002,0.1,347,107,
3053,63,3,0.60000002,4.8000002,378,107,
3054,63,3,0.60000002,4.8000002,377,107,
3055,63,3,0.60000002,8,379,107,
3056,63,4,0.1,0.1,380,107,
3057,63,4,0.1,0.1,193,107,
3058,63,4,0.1,0.1,194,107,
3059,63,4,0.1,0.1,196,107,
3060,63,4,0.1,0.1,197,107,
3061,63,5,5,14,293,107,
3062,63,5,5,14,309,107,
3063,63,5,5,6,294,107,
3064,63,5,5,6,310,107,
3065,64,1,80,65,276,112,"160"
3066,64,1,80,7,279,112,
3067,64,1,80,3,277,112,
3068,64,2,2.0999999,0.1,98,112,
3069,64,2,2.0999999,0.1,99,112,
3070,64,2,2.0999999,0.1,100,112,
3071,64,2,2.0999999,0.1,101,112,
3072,64,2,2.0999999,0.1,102,112,
3073,64,2,2.0999999,0.1,187,112,"Strong Knights"
3074,64,2,2.0999999,0.2,188,112,"Strong Knights"
3075,64,2,2.0999999,0.1,187,112,"Expert Knights"
3076,64,2,2.0999999,0.2,188,112,"Expert Knights"
3077,64,2,2.0999999,0.30000001,187,112,
3078,64,2,2.0999999,0.69999999,188,112,
3079,64,2,2.0999999,0.1,192,112,
3080,64,2,2.0999999,0.1,195,112,
3081,64,2,2.0999999,0.2,167,112,
3082,64,3,0.60000002,0.30000001,350,112,
3083,64,3,0.60000002,0.30000001,356,112,
3084,64,3,0.60000002,0.30000001,353,112,
3085,64,3,0.60000002,0.30000001,359,112,
3086,64,3,0.60000002,0.30000001,362,112,
3087,64,3,0.60000002,0.30000001,330,112,
3088,64,3,0.60000002,0.30000001,331,112,
3089,64,3,0.60000002,0.30000001,337,112,
3090,64,3,0.60000002,0.30000001,338,112,
3091,64,3,0.60000002,0.30000001,339,112,
3092,64,3,0.60000002,0.30000001,340,112,
3093,64,3,0.60000002,0.30000001,341,112,
3094,64,3,0.60000002,0.1,367,112,
3095,64,3,0.60000002,0.1,368,112,
3096,64,3,0.60000002,0.1,369,112,
3097,64,3,0.60000002,0.1,370,112,
3098,64,3,0.60000002,0.1,371,112,
3099,64,3,0.60000002,0.1,342,112,
3100,64,3,0.60000002,0.1,343,112,
3101,64,3,0.60000002,0.1,344,112,
3102,64,3,0.60000002,0.1,345,112,
3103,64,3,0.60000002,0.1,346,112,
3104,64,3,0.60000002,0.1,347,112,
3105,64,3,0.60000002,4.8000002,378,112,
3106,64,3,0.60000002,4.8000002,377,112,
3107,64,3,0.60000002,8,379,112,
3108,64,4,0.1,0.1,380,112,
3109,64,4,0.1,0.1,193,112,
3110,64,4,0.1,0.1,194,112,
3111,64,4,0.1,0.1,196,112,
3112,64,4,0.1,0.1,197,112,
3113,64,4,0.1,0.1,201,112,
3114,64,5,5,14,293,112,
3115,64,5,5,14,309,112,
3116,64,5,5,6,294,112,
3117,64,5,5,6,310,112,
3118,65,1,80,65,276,122,"162"
3119,65,1,80,7,279,122,
3120,65,1,80,3,277,122,
3121,65,2,2.2,0.1,98,122,
3122,65,2,2.2,0.1,99,122,
3123,65,2,2.2,0.1,100,122,
3124,65,2,2.2,0.1,101,122,
3125,65,2,2.2,0.1,102,122,
3126,65,2,2.2,0.1,187,122,"Expert Knights"
3127,65,2,2.2,0.2,188,122,"Expert Knights"
3128,65,2,2.2,0.5,187,122,
3129,65,2,2.2,0.80000001,188,122,
3130,65,2,2.2,0.1,192,122,
3131,65,2,2.2,0.1,195,122,
3132,65,2,2.2,0.2,167,122,
3133,65,3,0.60000002,0.30000001,350,122,
3134,65,3,0.60000002,0.30000001,356,122,
3135,65,3,0.60000002,0.30000001,353,122,
3136,65,3,0.60000002,0.30000001,359,122,
3137,65,3,0.60000002,0.30000001,362,122,
3138,65,3,0.60000002,0.30000001,330,122,
3139,65,3,0.60000002,0.30000001,331,122,
3140,65,3,0.60000002,0.30000001,337,122,
3141,65,3,0.60000002,0.30000001,338,122,
3142,65,3,0.60000002,0.30000001,339,122,
3143,65,3,0.60000002,0.30000001,340,122,
3144,65,3,0.60000002,0.30000001,341,122,
3145,65,3,0.60000002,0.1,367,122,
3146,65,3,0.60000002,0.1,368,122,
3147,65,3,0.60000002,0.1,369,122,
3148,65,3,0.60000002,0.1,370,122,
3149,65,3,0.60000002,0.1,371,122,
3150,65,3,0.60000002,0.1,342,122,
3151,65,3,0.60000002,0.1,343,122,
3152,65,3,0.60000002,0.1,344,122,
3153,65,3,0.60000002,0.1,345,122,
3154,65,3,0.60000002,0.1,346,122,
3155,65,3,0.60000002,0.1,347,122,
3156,65,3,0.60000002,4.8000002,378,122,
3157,65,3,0.60000002,4.8000002,377,122,
3158,65,3,0.60000002,8,379,122,
3159,65,4,0.1,0.1,380,122,
3160,65,4,0.1,0.1,193,122,
3161,65,4,0.1,0.1,194,122,
3162,65,4,0.1,0.1,196,122,
3163,65,4,0.1,0.1,197,122,
3164,65,4,0.1,0.1,198,122,
3165,65,5,5,14,293,122,
3166,65,5,5,14,309,122,
3167,65,5,5,6,294,122,
3168,65,5,5,6,310,122,
3169,66,1,80,65,276,97,"156"
3170,66,1,80,7,279,97,
3171,66,1,80,3,277,97,
3172,66,2,1.9,0.1,92,97,
3173,66,2,1.9,0.1,95,97,
3174,66,2,1.9,0.1,94,97,
3175,66,2,1.9,0.1,93,97,
3176,66,2,1.9,0.1,96,97,
3177,66,2,1.9,0.1,229,97,"Veteran Archers"
3178,66,2,1.9,0.2,230,97,"Veteran Archers"
3179,66,2,1.9,0.5,229,97,
3180,66,2,1.9,0.80000001,230,97,
3181,66,2,1.9,0.1,234,97,
3182,66,3,0.60000002,0.30000001,350,97,
3183,66,3,0.60000002,0.30000001,356,97,
3184,66,3,0.60000002,0.30000001,353,97,
3185,66,3,0.60000002,0.30000001,359,97,
3186,66,3,0.60000002,0.30000001,362,97,
3187,66,3,0.60000002,0.30000001,330,97,
3188,66,3,0.60000002,0.30000001,331,97,
3189,66,3,0.60000002,0.30000001,337,97,
3190,66,3,0.60000002,0.30000001,338,97,
3191,66,3,0.60000002,0.30000001,339,97,
3192,66,3,0.60000002,0.30000001,340,97,
3193,66,3,0.60000002,0.30000001,341,97,
3194,66,3,0.60000002,0.1,367,97,
3195,66,3,0.60000002,0.1,368,97,
3196,66,3,0.60000002,0.1,369,97,
3197,66,3,0.60000002,0.1,370,97,
3198,66,3,0.60000002,0.1,371,97,
3199,66,3,0.60000002,0.1,342,97,
3200,66,3,0.60000002,0.1,343,97,
3201,66,3,0.60000002,0.1,344,97,
3202,66,3,0.60000002,0.1,345,97,
3203,66,3,0.60000002,0.1,346,97,
3204,66,3,0.60000002,0.1,347,97,
3205,66,3,0.60000002,4.8000002,378,97,
3206,66,3,0.60000002,4.8000002,377,97,
3207,66,3,0.60000002,8,379,97,
3208,66,4,0.1,0.1,380,97,
3209,66,4,0.1,0.2,235,97,
3210,66,4,0.1,0.2,236,97,
3211,66,5,5,14,293,97,
3212,66,5,5,14,309,97,
3213,66,5,5,6,294,97,
3214,66,5,5,6,310,97,
3215,67,1,80,65,276,108,"158"
3216,67,1,80,7,279,108,
3217,67,1,80,3,277,108,
3218,67,2,2,0.1,92,108,
3219,67,2,2,0.1,95,108,
3220,67,2,2,0.1,94,108,
3221,67,2,2,0.1,93,108,
3222,67,2,2,0.1,96,108,
3223,67,2,2,0.1,229,108,"Skillful Archers "
3224,67,2,2,0.2,230,108,"Skillful Archers "
3225,67,2,2,0.5,229,108,
3226,67,2,2,0.80000001,230,108,
3227,67,2,2,0.1,234,108,
3228,67,3,0.60000002,0.30000001,350,108,
3229,67,3,0.60000002,0.30000001,356,108,
3230,67,3,0.60000002,0.30000001,353,108,
3231,67,3,0.60000002,0.30000001,359,108,
3232,67,3,0.60000002,0.30000001,362,108,
3233,67,3,0.60000002,0.30000001,330,108,
3234,67,3,0.60000002,0.30000001,331,108,
3235,67,3,0.60000002,0.30000001,337,108,
3236,67,3,0.60000002,0.30000001,338,108,
3237,67,3,0.60000002,0.30000001,339,108,
3238,67,3,0.60000002,0.30000001,340,108,
3239,67,3,0.60000002,0.30000001,341,108,
3240,67,3,0.60000002,0.1,367,108,
3241,67,3,0.60000002,0.1,368,108,
3242,67,3,0.60000002,0.1,369,108,
3243,67,3,0.60000002,0.1,370,108,
3244,67,3,0.60000002,0.1,371,108,
3245,67,3,0.60000002,0.1,342,108,
3246,67,3,0.60000002,0.1,343,108,
3247,67,3,0.60000002,0.1,344,108,
3248,67,3,0.60000002,0.1,345,108,
3249,67,3,0.60000002,0.1,346,108,
3250,67,3,0.60000002,0.1,347,108,
3251,67,3,0.60000002,4.8000002,378,108,
3252,67,3,0.60000002,4.8000002,377,108,
3253,67,3,0.60000002,8,379,108,
3254,67,4,0.1,0.1,380,108,
3255,67,4,0.1,0.2,235,108,
3256,67,4,0.1,0.2,236,108,
3257,67,5,5,14,293,108,
3258,67,5,5,14,309,108,
3259,67,5,5,6,294,108,
3260,67,5,5,6,310,108,
3261,68,1,80,65,276,113,"160"
3262,68,1,80,7,279,113,
3263,68,1,80,3,277,113,
3264,68,2,2.0999999,0.1,92,113,
3265,68,2,2.0999999,0.1,95,113,
3266,68,2,2.0999999,0.1,94,113,
3267,68,2,2.0999999,0.1,93,113,
3268,68,2,2.0999999,0.1,96,113,
3269,68,2,2.0999999,0.1,229,113,"Skillful Archers "
3270,68,2,2.0999999,0.2,230,113,"Skillful Archers "
3271,68,2,2.0999999,0.1,229,113,"Expert Archers"
3272,68,2,2.0999999,0.2,230,113,"Expert Archers"
3273,68,2,2.0999999,0.30000001,229,113,
3274,68,2,2.0999999,0.69999999,230,113,
3275,68,2,2.0999999,0.1,234,113,
3276,68,3,0.60000002,0.30000001,350,113,
3277,68,3,0.60000002,0.30000001,356,113,
3278,68,3,0.60000002,0.30000001,353,113,
3279,68,3,0.60000002,0.30000001,359,113,
3280,68,3,0.60000002,0.30000001,362,113,
3281,68,3,0.60000002,0.30000001,330,113,
3282,68,3,0.60000002,0.30000001,331,113,
3283,68,3,0.60000002,0.30000001,337,113,
3284,68,3,0.60000002,0.30000001,338,113,
3285,68,3,0.60000002,0.30000001,339,113,
3286,68,3,0.60000002,0.30000001,340,113,
3287,68,3,0.60000002,0.30000001,341,113,
3288,68,3,0.60000002,0.1,367,113,
3289,68,3,0.60000002,0.1,368,113,
3290,68,3,0.60000002,0.1,369,113,
3291,68,3,0.60000002,0.1,370,113,
3292,68,3,0.60000002,0.1,371,113,
3293,68,3,0.60000002,0.1,342,113,
3294,68,3,0.60000002,0.1,343,113,
3295,68,3,0.60000002,0.1,344,113,
3296,68,3,0.60000002,0.1,345,113,
3297,68,3,0.60000002,0.1,346,113,
3298,68,3,0.60000002,0.1,347,113,
3299,68,3,0.60000002,4.8000002,378,113,
3300,68,3,0.60000002,4.8000002,377,113,
3301,68,3,0.60000002,8,379,113,
3302,68,4,0.1,0.1,380,113,
3303,68,4,0.1,0.2,235,113,
3304,68,4,0.1,0.2,236,113,
3305,68,4,0.1,0.1,237,113,
3306,68,5,5,14,293,113,
3307,68,5,5,14,309,113,
3308,68,5,5,6,294,113,
3309,68,5,5,6,310,113,
3310,69,1,80,65,276,123,"162"
3311,69,1,80,7,279,123,
3312,69,1,80,3,277,123,
3313,69,2,2.2,0.1,92,123,
3314,69,2,2.2,0.1,95,123,
3315,69,2,2.2,0.1,94,123,
3316,69,2,2.2,0.1,93,123,
3317,69,2,2.2,0.1,96,123,
3318,69,2,2.2,0.1,229,123,"Expert Archers"
3319,69,2,2.2,0.2,230,123,"Expert Archers"
3320,69,2,2.2,0.5,229,123,
3321,69,2,2.2,0.80000001,230,123,
3322,69,2,2.2,0.1,234,123,
3323,69,3,0.60000002,0.30000001,350,123,
3324,69,3,0.60000002,0.30000001,356,123,
3325,69,3,0.60000002,0.30000001,353,123,
3326,69,3,0.60000002,0.30000001,359,123,
3327,69,3,0.60000002,0.30000001,362,123,
3328,69,3,0.60000002,0.30000001,330,123,
3329,69,3,0.60000002,0.30000001,331,123,
3330,69,3,0.60000002,0.30000001,337,123,
3331,69,3,0.60000002,0.30000001,338,123,
3332,69,3,0.60000002,0.30000001,339,123,
3333,69,3,0.60000002,0.30000001,340,123,
3334,69,3,0.60000002,0.30000001,341,123,
3335,69,3,0.60000002,0.1,367,123,
3336,69,3,0.60000002,0.1,368,123,
3337,69,3,0.60000002,0.1,369,123,
3338,69,3,0.60000002,0.1,370,123,
3339,69,3,0.60000002,0.1,371,123,
3340,69,3,0.60000002,0.1,342,123,
3341,69,3,0.60000002,0.1,343,123,
3342,69,3,0.60000002,0.1,344,123,
3343,69,3,0.60000002,0.1,345,123,
3344,69,3,0.60000002,0.1,346,123,
3345,69,3,0.60000002,0.1,347,123,
3346,69,3,0.60000002,4.8000002,378,123,
3347,69,3,0.60000002,4.8000002,377,123,
3348,69,3,0.60000002,8,379,123,
3349,69,4,0.1,0.1,380,123,
3350,69,4,0.1,0.2,235,123,
3351,69,4,0.1,0.2,236,123,
3352,69,4,0.1,0.1,237,123,
3353,69,5,5,14,293,123,
3354,69,5,5,14,309,123,
3355,69,5,5,6,294,123,
3356,69,5,5,6,310,123,
3357,70,1,80,65,276,99,"156"
3358,70,1,80,7,279,99,
3359,70,1,80,3,277,99,
3360,70,2,1.9,0.1,104,99,
3361,70,2,1.9,0.1,107,99,
3362,70,2,1.9,0.1,106,99,
3363,70,2,1.9,0.1,105,99,
3364,70,2,1.9,0.1,108,99,
3365,70,2,1.9,0.1,259,99,"Veteran Scholars"
3366,70,2,1.9,0.2,260,99,"Veteran Scholars"
3367,70,2,1.9,0.5,259,99,
3368,70,2,1.9,0.80000001,260,99,
3369,70,2,1.9,0.1,264,99,
3370,70,3,0.60000002,0.30000001,350,99,
3371,70,3,0.60000002,0.30000001,356,99,
3372,70,3,0.60000002,0.30000001,353,99,
3373,70,3,0.60000002,0.30000001,359,99,
3374,70,3,0.60000002,0.30000001,362,99,
3375,70,3,0.60000002,0.30000001,330,99,
3376,70,3,0.60000002,0.30000001,331,99,
3377,70,3,0.60000002,0.30000001,337,99,
3378,70,3,0.60000002,0.30000001,338,99,
3379,70,3,0.60000002,0.30000001,339,99,
3380,70,3,0.60000002,0.30000001,340,99,
3381,70,3,0.60000002,0.30000001,341,99,
3382,70,3,0.60000002,0.1,367,99,
3383,70,3,0.60000002,0.1,368,99,
3384,70,3,0.60000002,0.1,369,99,
3385,70,3,0.60000002,0.1,370,99,
3386,70,3,0.60000002,0.1,371,99,
3387,70,3,0.60000002,0.1,342,99,
3388,70,3,0.60000002,0.1,343,99,
3389,70,3,0.60000002,0.1,344,99,
3390,70,3,0.60000002,0.1,345,99,
3391,70,3,0.60000002,0.1,346,99,
3392,70,3,0.60000002,0.1,347,99,
3393,70,3,0.60000002,4.8000002,378,99,
3394,70,3,0.60000002,4.8000002,377,99,
3395,70,3,0.60000002,8,379,99,
3396,70,4,0.1,0.1,380,99,
3397,70,4,0.1,0.2,265,99,
3398,70,4,0.1,0.2,266,99,
3399,70,5,5,14,293,99,
3400,70,5,5,14,309,99,
3401,70,5,5,6,294,99,
3402,70,5,5,6,310,99,
3403,71,1,80,65,276,109,"158"
3404,71,1,80,7,279,109,
3405,71,1,80,3,277,109,
3406,71,2,2,0.1,104,109,
3407,71,2,2,0.1,107,109,
3408,71,2,2,0.1,106,109,
3409,71,2,2,0.1,105,109,
3410,71,2,2,0.1,108,109,
3411,71,2,2,0.1,259,109,"Skillful Scholars"
3412,71,2,2,0.2,260,109,"Skillful Scholars"
3413,71,2,2,0.5,259,109,
3414,71,2,2,0.80000001,260,109,
3415,71,2,2,0.1,264,109,
3416,71,3,0.60000002,0.30000001,350,109,
3417,71,3,0.60000002,0.30000001,356,109,
3418,71,3,0.60000002,0.30000001,353,109,
3419,71,3,0.60000002,0.30000001,359,109,
3420,71,3,0.60000002,0.30000001,362,109,
3421,71,3,0.60000002,0.30000001,330,109,
3422,71,3,0.60000002,0.30000001,331,109,
3423,71,3,0.60000002,0.30000001,337,109,
3424,71,3,0.60000002,0.30000001,338,109,
3425,71,3,0.60000002,0.30000001,339,109,
3426,71,3,0.60000002,0.30000001,340,109,
3427,71,3,0.60000002,0.30000001,341,109,
3428,71,3,0.60000002,0.1,367,109,
3429,71,3,0.60000002,0.1,368,109,
3430,71,3,0.60000002,0.1,369,109,
3431,71,3,0.60000002,0.1,370,109,
3432,71,3,0.60000002,0.1,371,109,
3433,71,3,0.60000002,0.1,342,109,
3434,71,3,0.60000002,0.1,343,109,
3435,71,3,0.60000002,0.1,344,109,
3436,71,3,0.60000002,0.1,345,109,
3437,71,3,0.60000002,0.1,346,109,
3438,71,3,0.60000002,0.1,347,109,
3439,71,3,0.60000002,4.8000002,378,109,
3440,71,3,0.60000002,4.8000002,377,109,
3441,71,3,0.60000002,8,379,109,
3442,71,4,0.1,0.1,380,109,
3443,71,4,0.1,0.2,265,109,
3444,71,4,0.1,0.2,266,109,
3445,71,5,5,14,293,109,
3446,71,5,5,14,309,109,
3447,71,5,5,6,294,109,
3448,71,5,5,6,310,109,
3449,72,1,80,65,276,114,"160"
3450,72,1,80,7,279,114,
3451,72,1,80,3,277,114,
3452,72,2,2.0999999,0.1,104,114,
3453,72,2,2.0999999,0.1,107,114,
3454,72,2,2.0999999,0.1,106,114,
3455,72,2,2.0999999,0.1,105,114,
3456,72,2,2.0999999,0.1,108,114,
3457,72,2,2.0999999,0.1,259,114,"Skillful Scholars"
3458,72,2,2.0999999,0.2,260,114,"Skillful Scholars"
3459,72,2,2.0999999,0.1,259,114,"Expert Scholars"
3460,72,2,2.0999999,0.2,260,114,"Expert Scholars"
3461,72,2,2.0999999,0.30000001,259,114,
3462,72,2,2.0999999,0.69999999,260,114,
3463,72,2,2.0999999,0.1,264,114,
3464,72,3,0.60000002,0.30000001,350,114,
3465,72,3,0.60000002,0.30000001,356,114,
3466,72,3,0.60000002,0.30000001,353,114,
3467,72,3,0.60000002,0.30000001,359,114,
3468,72,3,0.60000002,0.30000001,362,114,
3469,72,3,0.60000002,0.30000001,330,114,
3470,72,3,0.60000002,0.30000001,331,114,
3471,72,3,0.60000002,0.30000001,337,114,
3472,72,3,0.60000002,0.30000001,338,114,
3473,72,3,0.60000002,0.30000001,339,114,
3474,72,3,0.60000002,0.30000001,340,114,
3475,72,3,0.60000002,0.30000001,341,114,
3476,72,3,0.60000002,0.1,367,114,
3477,72,3,0.60000002,0.1,368,114,
3478,72,3,0.60000002,0.1,369,114,
3479,72,3,0.60000002,0.1,370,114,
3480,72,3,0.60000002,0.1,371,114,
3481,72,3,0.60000002,0.1,342,114,
3482,72,3,0.60000002,0.1,343,114,
3483,72,3,0.60000002,0.1,344,114,
3484,72,3,0.60000002,0.1,345,114,
3485,72,3,0.60000002,0.1,346,114,
3486,72,3,0.60000002,0.1,347,114,
3487,72,3,0.60000002,4.8000002,378,114,
3488,72,3,0.60000002,4.8000002,377,114,
3489,72,3,0.60000002,8,379,114,
3490,72,4,0.1,0.1,380,114,
3491,72,4,0.1,0.2,265,114,
3492,72,4,0.1,0.2,266,114,
3493,72,4,0.1,0.1,267,114,
3494,72,5,5,14,293,114,
3495,72,5,5,14,309,114,
3496,72,5,5,6,294,114,
3497,72,5,5,6,310,114,
3498,73,1,80,65,276,124,"162"
3499,73,1,80,7,279,124,
3500,73,1,80,3,277,124,
3501,73,2,2.2,0.1,104,124,
3502,73,2,2.2,0.1,107,124,
3503,73,2,2.2,0.1,106,124,
3504,73,2,2.2,0.1,105,124,
3505,73,2,2.2,0.1,108,124,
3506,73,2,2.2,0.1,259,124,"Expert Scholars"
3507,73,2,2.2,0.2,260,124,"Expert Scholars"
3508,73,2,2.2,0.5,259,124,
3509,73,2,2.2,0.80000001,260,124,
3510,73,2,2.2,0.1,264,124,
3511,73,3,0.60000002,0.30000001,350,124,
3512,73,3,0.60000002,0.30000001,356,124,
3513,73,3,0.60000002,0.30000001,353,124,
3514,73,3,0.60000002,0.30000001,359,124,
3515,73,3,0.60000002,0.30000001,362,124,
3516,73,3,0.60000002,0.30000001,330,124,
3517,73,3,0.60000002,0.30000001,331,124,
3518,73,3,0.60000002,0.30000001,337,124,
3519,73,3,0.60000002,0.30000001,338,124,
3520,73,3,0.60000002,0.30000001,339,124,
3521,73,3,0.60000002,0.30000001,340,124,
3522,73,3,0.60000002,0.30000001,341,124,
3523,73,3,0.60000002,0.1,367,124,
3524,73,3,0.60000002,0.1,368,124,
3525,73,3,0.60000002,0.1,369,124,
3526,73,3,0.60000002,0.1,370,124,
3527,73,3,0.60000002,0.1,371,124,
3528,73,3,0.60000002,0.1,342,124,
3529,73,3,0.60000002,0.1,343,124,
3530,73,3,0.60000002,0.1,344,124,
3531,73,3,0.60000002,0.1,345,124,
3532,73,3,0.60000002,0.1,346,124,
3533,73,3,0.60000002,0.1,347,124,
3534,73,3,0.60000002,4.8000002,378,124,
3535,73,3,0.60000002,4.8000002,377,124,
3536,73,3,0.60000002,8,379,124,
3537,73,4,0.1,0.1,380,124,
3538,73,4,0.1,0.2,265,124,
3539,73,4,0.1,0.2,266,124,
3540,73,4,0.1,0.1,267,124,
3541,73,5,5,14,293,124,
3542,73,5,5,14,309,124,
3543,73,5,5,6,294,124,
3544,73,5,5,6,310,124,
3545,74,1,80,65,276,101,"156"
3546,74,1,80,7,279,101,
3547,74,1,80,3,277,101,
3548,74,2,0.60000002,0.1,98,101,
3549,74,2,0.60000002,0.1,99,101,
3550,74,2,0.60000002,0.1,100,101,
3551,74,2,0.60000002,0.1,101,101,
3552,74,2,0.60000002,0.1,102,101,
3553,74,2,0.60000002,0.1,92,101,
3554,74,2,0.60000002,0.1,95,101,
3555,74,2,0.60000002,0.1,94,101,
3556,74,2,0.60000002,0.1,93,101,
3557,74,2,0.60000002,0.1,96,101,
3558,74,2,0.60000002,0.1,104,101,
3559,74,2,0.60000002,0.1,107,101,
3560,74,2,0.60000002,0.1,106,101,
3561,74,2,0.60000002,0.1,105,101,
3562,74,2,0.60000002,0.1,108,101,
3563,74,2,0.60000002,0.1,187,101,"Veteran Knights"
3564,74,2,0.60000002,0.2,188,101,"Veteran Knights"
3565,74,2,0.60000002,0.1,229,101,"Veteran Archers"
3566,74,2,0.60000002,0.2,230,101,"Veteran Archers"
3567,74,2,0.60000002,0.1,259,101,"Veteran Scholars"
3568,74,2,0.60000002,0.2,260,101,"Veteran Scholars"
3569,74,2,0.60000002,0.40000001,187,101,
3570,74,2,0.60000002,0.60000002,188,101,
3571,74,2,0.60000002,0.40000001,229,101,
3572,74,2,0.60000002,0.60000002,230,101,
3573,74,2,0.60000002,0.40000001,259,101,
3574,74,2,0.60000002,0.60000002,260,101,
3575,74,2,0.60000002,0.1,192,101,
3576,74,2,0.60000002,0.1,195,101,
3577,74,2,0.60000002,0.1,234,101,
3578,74,2,0.60000002,0.1,264,101,
3579,74,3,0.60000002,0.30000001,350,101,
3580,74,3,0.60000002,0.30000001,356,101,
3581,74,3,0.60000002,0.30000001,353,101,
3582,74,3,0.60000002,0.30000001,359,101,
3583,74,3,0.60000002,0.30000001,362,101,
3584,74,3,0.60000002,0.30000001,330,101,
3585,74,3,0.60000002,0.30000001,331,101,
3586,74,3,0.60000002,0.30000001,337,101,
3587,74,3,0.60000002,0.30000001,338,101,
3588,74,3,0.60000002,0.30000001,339,101,
3589,74,3,0.60000002,0.30000001,340,101,
3590,74,3,0.60000002,0.30000001,341,101,
3591,74,3,0.60000002,0.1,367,101,
3592,74,3,0.60000002,0.1,368,101,
3593,74,3,0.60000002,0.1,369,101,
3594,74,3,0.60000002,0.1,370,101,
3595,74,3,0.60000002,0.1,371,101,
3596,74,3,0.60000002,0.1,342,101,
3597,74,3,0.60000002,0.1,343,101,
3598,74,3,0.60000002,0.1,344,101,
3599,74,3,0.60000002,0.1,345,101,
3600,74,3,0.60000002,0.1,346,101,
3601,74,3,0.60000002,0.1,347,101,
3602,74,3,0.60000002,4.8000002,378,101,
3603,74,3,0.60000002,4.8000002,377,101,
3604,74,3,0.60000002,8,379,101,
3605,74,4,0.1,0.1,380,101,
3606,74,4,0.1,0.1,193,101,
3607,74,4,0.1,0.1,196,101,
3608,74,4,0.1,0.1,235,101,
3609,74,4,0.1,0.1,265,101,
3610,74,5,5,14,293,101,
3611,74,5,5,14,309,101,
3612,74,5,5,6,294,101,
3613,74,5,5,6,310,101,
3614,75,1,80,65,276,110,"158"
3615,75,1,80,7,279,110,
3616,75,1,80,3,277,110,
3617,75,2,0.69999999,0.1,98,110,
3618,75,2,0.69999999,0.1,99,110,
3619,75,2,0.69999999,0.1,100,110,
3620,75,2,0.69999999,0.1,101,110,
3621,75,2,0.69999999,0.1,102,110,
3622,75,2,0.69999999,0.1,92,110,
3623,75,2,0.69999999,0.1,95,110,
3624,75,2,0.69999999,0.1,94,110,
3625,75,2,0.69999999,0.1,93,110,
3626,75,2,0.69999999,0.1,96,110,
3627,75,2,0.69999999,0.1,104,110,
3628,75,2,0.69999999,0.1,107,110,
3629,75,2,0.69999999,0.1,106,110,
3630,75,2,0.69999999,0.1,105,110,
3631,75,2,0.69999999,0.1,108,110,
3632,75,2,0.69999999,0.1,187,110,"Strong Knights"
3633,75,2,0.69999999,0.2,188,110,"Strong Knights"
3634,75,2,0.69999999,0.1,229,110,"Skillful Archers "
3635,75,2,0.69999999,0.2,230,110,"Skillful Archers "
3636,75,2,0.69999999,0.1,259,110,"Skillful Scholars"
3637,75,2,0.69999999,0.2,260,110,"Skillful Scholars"
3638,75,2,0.69999999,0.40000001,187,110,
3639,75,2,0.69999999,0.60000002,188,110,
3640,75,2,0.69999999,0.40000001,229,110,
3641,75,2,0.69999999,0.60000002,230,110,
3642,75,2,0.69999999,0.40000001,259,110,
3643,75,2,0.69999999,0.60000002,260,110,
3644,75,2,0.69999999,0.1,192,110,
3645,75,2,0.69999999,0.1,195,110,
3646,75,2,0.69999999,0.1,234,110,
3647,75,2,0.69999999,0.1,264,110,
3648,75,3,0.60000002,0.30000001,350,110,
3649,75,3,0.60000002,0.30000001,356,110,
3650,75,3,0.60000002,0.30000001,353,110,
3651,75,3,0.60000002,0.30000001,359,110,
3652,75,3,0.60000002,0.30000001,362,110,
3653,75,3,0.60000002,0.30000001,330,110,
3654,75,3,0.60000002,0.30000001,331,110,
3655,75,3,0.60000002,0.30000001,337,110,
3656,75,3,0.60000002,0.30000001,338,110,
3657,75,3,0.60000002,0.30000001,339,110,
3658,75,3,0.60000002,0.30000001,340,110,
3659,75,3,0.60000002,0.30000001,341,110,
3660,75,3,0.60000002,0.1,367,110,
3661,75,3,0.60000002,0.1,368,110,
3662,75,3,0.60000002,0.1,369,110,
3663,75,3,0.60000002,0.1,370,110,
3664,75,3,0.60000002,0.1,371,110,
3665,75,3,0.60000002,0.1,342,110,
3666,75,3,0.60000002,0.1,343,110,
3667,75,3,0.60000002,0.1,344,110,
3668,75,3,0.60000002,0.1,345,110,
3669,75,3,0.60000002,0.1,346,110,
3670,75,3,0.60000002,0.1,347,110,
3671,75,3,0.60000002,4.8000002,378,110,
3672,75,3,0.60000002,4.8000002,377,110,
3673,75,3,0.60000002,8,379,110,
3674,75,4,0.1,0.1,380,110,
3675,75,4,0.1,0.1,194,110,
3676,75,4,0.1,0.1,197,110,
3677,75,4,0.1,0.1,236,110,
3678,75,4,0.1,0.1,266,110,
3679,75,5,5,14,293,110,
3680,75,5,5,14,309,110,
3681,75,5,5,6,294,110,
3682,75,5,5,6,310,110,
3683,76,1,80,65,276,115,"160"
3684,76,1,80,7,279,115,
3685,76,1,80,3,277,115,
3686,76,2,0.80000001,0.1,98,115,
3687,76,2,0.80000001,0.1,99,115,
3688,76,2,0.80000001,0.1,100,115,
3689,76,2,0.80000001,0.1,101,115,
3690,76,2,0.80000001,0.1,102,115,
3691,76,2,0.80000001,0.1,92,115,
3692,76,2,0.80000001,0.1,95,115,
3693,76,2,0.80000001,0.1,94,115,
3694,76,2,0.80000001,0.1,93,115,
3695,76,2,0.80000001,0.1,96,115,
3696,76,2,0.80000001,0.1,104,115,
3697,76,2,0.80000001,0.1,107,115,
3698,76,2,0.80000001,0.1,106,115,
3699,76,2,0.80000001,0.1,105,115,
3700,76,2,0.80000001,0.1,108,115,
3701,76,2,0.80000001,0.1,187,115,"Strong Knights"
3702,76,2,0.80000001,0.2,188,115,"Strong Knights"
3703,76,2,0.80000001,0.1,187,115,"Expert Knights"
3704,76,2,0.80000001,0.2,188,115,"Expert Knights"
3705,76,2,0.80000001,0.1,229,115,"Skillful Archers "
3706,76,2,0.80000001,0.2,230,115,"Skillful Archers "
3707,76,2,0.80000001,0.1,229,115,"Expert Archers"
3708,76,2,0.80000001,0.2,230,115,"Expert Archers"
3709,76,2,0.80000001,0.1,259,115,"Skillful Scholars"
3710,76,2,0.80000001,0.2,260,115,"Skillful Scholars"
3711,76,2,0.80000001,0.1,259,115,"Expert Scholars"
3712,76,2,0.80000001,0.2,260,115,"Expert Scholars"
3713,76,2,0.80000001,0.30000001,187,115,
3714,76,2,0.80000001,0.5,188,115,
3715,76,2,0.80000001,0.30000001,229,115,
3716,76,2,0.80000001,0.5,230,115,
3717,76,2,0.80000001,0.30000001,259,115,
3718,76,2,0.80000001,0.5,260,115,
3719,76,2,0.80000001,0.1,192,115,
3720,76,2,0.80000001,0.1,195,115,
3721,76,2,0.80000001,0.1,234,115,
3722,76,2,0.80000001,0.1,264,115,
3723,76,3,0.60000002,0.30000001,350,115,
3724,76,3,0.60000002,0.30000001,356,115,
3725,76,3,0.60000002,0.30000001,353,115,
3726,76,3,0.60000002,0.30000001,359,115,
3727,76,3,0.60000002,0.30000001,362,115,
3728,76,3,0.60000002,0.30000001,330,115,
3729,76,3,0.60000002,0.30000001,331,115,
3730,76,3,0.60000002,0.30000001,337,115,
3731,76,3,0.60000002,0.30000001,338,115,
3732,76,3,0.60000002,0.30000001,339,115,
3733,76,3,0.60000002,0.30000001,340,115,
3734,76,3,0.60000002,0.30000001,341,115,
3735,76,3,0.60000002,0.1,367,115,
3736,76,3,0.60000002,0.1,368,115,
3737,76,3,0.60000002,0.1,369,115,
3738,76,3,0.60000002,0.1,370,115,
3739,76,3,0.60000002,0.1,371,115,
3740,76,3,0.60000002,0.1,342,115,
3741,76,3,0.60000002,0.1,343,115,
3742,76,3,0.60000002,0.1,344,115,
3743,76,3,0.60000002,0.1,345,115,
3744,76,3,0.60000002,0.1,346,115,
3745,76,3,0.60000002,0.1,347,115,
3746,76,3,0.60000002,4.8000002,378,115,
3747,76,3,0.60000002,4.8000002,377,115,
3748,76,3,0.60000002,8,379,115,
3749,76,4,0.1,0.1,380,115,
3750,76,4,0.1,0.1,193,115,
3751,76,4,0.1,0.1,196,115,
3752,76,4,0.1,0.1,235,115,
3753,76,4,0.1,0.1,265,115,
3754,76,5,5,14,293,115,
3755,76,5,5,14,309,115,
3756,76,5,5,6,294,115,
3757,76,5,5,6,310,115,
3758,77,1,80,65,276,125,"162"
3759,77,1,80,7,279,125,
3760,77,1,80,3,277,125,
3761,77,2,0.80000001,0.1,98,125,
3762,77,2,0.80000001,0.1,99,125,
3763,77,2,0.80000001,0.1,100,125,
3764,77,2,0.80000001,0.1,101,125,
3765,77,2,0.80000001,0.1,102,125,
3766,77,2,0.80000001,0.1,92,125,
3767,77,2,0.80000001,0.1,95,125,
3768,77,2,0.80000001,0.1,94,125,
3769,77,2,0.80000001,0.1,93,125,
3770,77,2,0.80000001,0.1,96,125,
3771,77,2,0.80000001,0.1,104,125,
3772,77,2,0.80000001,0.1,107,125,
3773,77,2,0.80000001,0.1,106,125,
3774,77,2,0.80000001,0.1,105,125,
3775,77,2,0.80000001,0.1,108,125,
3776,77,2,0.80000001,0.1,187,125,"Expert Knights"
3777,77,2,0.80000001,0.2,188,125,"Expert Knights"
3778,77,2,0.80000001,0.1,229,125,"Expert Archers"
3779,77,2,0.80000001,0.2,230,125,"Expert Archers"
3780,77,2,0.80000001,0.1,259,125,"Expert Scholars"
3781,77,2,0.80000001,0.2,260,125,"Expert Scholars"
3782,77,2,0.80000001,0.30000001,187,125,
3783,77,2,0.80000001,0.60000002,188,125,
3784,77,2,0.80000001,0.30000001,229,125,
3785,77,2,0.80000001,0.60000002,230,125,
3786,77,2,0.80000001,0.30000001,259,125,
3787,77,2,0.80000001,0.60000002,260,125,
3788,77,2,0.80000001,0.1,192,125,
3789,77,2,0.80000001,0.1,195,125,
3790,77,2,0.80000001,0.1,234,125,
3791,77,2,0.80000001,0.1,264,125,
3792,77,3,0.60000002,0.30000001,350,125,
3793,77,3,0.60000002,0.30000001,356,125,
3794,77,3,0.60000002,0.30000001,353,125,
3795,77,3,0.60000002,0.30000001,359,125,
3796,77,3,0.60000002,0.30000001,362,125,
3797,77,3,0.60000002,0.30000001,330,125,
3798,77,3,0.60000002,0.30000001,331,125,
3799,77,3,0.60000002,0.30000001,337,125,
3800,77,3,0.60000002,0.30000001,338,125,
3801,77,3,0.60000002,0.30000001,339,125,
3802,77,3,0.60000002,0.30000001,340,125,
3803,77,3,0.60000002,0.30000001,341,125,
3804,77,3,0.60000002,0.1,367,125,
3805,77,3,0.60000002,0.1,368,125,
3806,77,3,0.60000002,0.1,369,125,
3807,77,3,0.60000002,0.1,370,125,
3808,77,3,0.60000002,0.1,371,125,
3809,77,3,0.60000002,0.1,342,125,
3810,77,3,0.60000002,0.1,343,125,
3811,77,3,0.60000002,0.1,344,125,
3812,77,3,0.60000002,0.1,345,125,
3813,77,3,0.60000002,0.1,346,125,
3814,77,3,0.60000002,0.1,347,125,
3815,77,3,0.60000002,4.8000002,378,125,
3816,77,3,0.60000002,4.8000002,377,125,
3817,77,3,0.60000002,8,379,125,
3818,77,4,0.1,0.1,380,125,
3819,77,4,0.1,0.1,194,125,
3820,77,4,0.1,0.1,197,125,
3821,77,4,0.1,0.1,236,125,
3822,77,4,0.1,0.1,266,125,
3823,77,5,5,14,293,125,
3824,77,5,5,14,309,125,
3825,77,5,5,6,294,125,
3826,77,5,5,6,310,125,
3827,78,1,80,75,276,126,"196"
3828,78,1,80,5,279,126,
3829,78,2,0.1,0.80000001,92,126,
3830,78,2,0.1,0.80000001,95,126,
3831,78,2,0.1,0.80000001,94,126,
3832,78,2,0.1,0.80000001,93,126,
3833,78,2,0.1,0.80000001,96,126,
3834,78,2,0.1,0.1,110,126,
3835,78,2,0.1,0.1,113,126,
3836,78,2,0.1,0.1,112,126,
3837,78,2,0.1,0.1,111,126,
3838,78,2,0.1,0.1,114,126,
3839,78,2,0.1,7,229,126,
3840,78,2,0.1,13,230,126,
3841,78,2,0.1,2,229,126,"Expert Archers"
3842,78,2,0.1,3,230,126,"Expert Archers"
3843,78,2,0.1,0.30000001,234,126,
3844,78,2,0.1,0.30000001,235,126,
3845,78,2,0.1,0.30000001,236,126,
3846,78,3,0.60000002,0.30000001,350,126,
3847,78,3,0.60000002,0.30000001,356,126,
3848,78,3,0.60000002,0.30000001,353,126,
3849,78,3,0.60000002,0.30000001,359,126,
3850,78,3,0.60000002,0.30000001,362,126,
3851,78,3,0.60000002,0.30000001,330,126,
3852,78,3,0.60000002,0.30000001,331,126,
3853,78,3,0.60000002,0.30000001,337,126,
3854,78,3,0.60000002,0.30000001,338,126,
3855,78,3,0.60000002,0.30000001,339,126,
3856,78,3,0.60000002,0.30000001,340,126,
3857,78,3,0.60000002,0.30000001,341,126,
3858,78,3,0.60000002,0.1,367,126,
3859,78,3,0.60000002,0.1,368,126,
3860,78,3,0.60000002,0.1,369,126,
3861,78,3,0.60000002,0.1,370,126,
3862,78,3,0.60000002,0.1,371,126,
3863,78,3,0.60000002,0.1,342,126,
3864,78,3,0.60000002,0.1,343,126,
3865,78,3,0.60000002,0.1,344,126,
3866,78,3,0.60000002,0.1,345,126,
3867,78,3,0.60000002,0.1,346,126,
3868,78,3,0.60000002,0.1,347,126,
3869,78,3,0.60000002,8,379,126,
3870,78,4,0.1,0.1,380,126,
3871,78,4,0.1,0.1,237,126,
3872,79,1,80,75,276,131,"196"
3873,79,1,80,5,279,131,
3874,79,2,0.1,0.80000001,98,131,
3875,79,2,0.1,0.80000001,99,131,
3876,79,2,0.1,0.80000001,100,131,
3877,79,2,0.1,0.80000001,101,131,
3878,79,2,0.1,0.80000001,102,131,
3879,79,2,0.1,0.1,116,131,
3880,79,2,0.1,0.1,119,131,
3881,79,2,0.1,0.1,118,131,
3882,79,2,0.1,0.1,117,131,
3883,79,2,0.1,0.1,120,131,
3884,79,2,0.1,7,187,131,
3885,79,2,0.1,13,188,131,
3886,79,2,0.1,2,187,131,"Expert Knights"
3887,79,2,0.1,3,188,131,"Expert Knights"
3888,79,2,0.1,0.30000001,192,131,
3889,79,2,0.1,0.30000001,193,131,
3890,79,2,0.1,0.30000001,194,131,
3891,79,3,0.60000002,0.30000001,350,131,
3892,79,3,0.60000002,0.30000001,356,131,
3893,79,3,0.60000002,0.30000001,353,131,
3894,79,3,0.60000002,0.30000001,359,131,
3895,79,3,0.60000002,0.30000001,362,131,
3896,79,3,0.60000002,0.30000001,330,131,
3897,79,3,0.60000002,0.30000001,331,131,
3898,79,3,0.60000002,0.30000001,337,131,
3899,79,3,0.60000002,0.30000001,338,131,
3900,79,3,0.60000002,0.30000001,339,131,
3901,79,3,0.60000002,0.30000001,340,131,
3902,79,3,0.60000002,0.30000001,341,131,
3903,79,3,0.60000002,0.1,367,131,
3904,79,3,0.60000002,0.1,368,131,
3905,79,3,0.60000002,0.1,369,131,
3906,79,3,0.60000002,0.1,370,131,
3907,79,3,0.60000002,0.1,371,131,
3908,79,3,0.60000002,0.1,342,131,
3909,79,3,0.60000002,0.1,343,131,
3910,79,3,0.60000002,0.1,344,131,
3911,79,3,0.60000002,0.1,345,131,
3912,79,3,0.60000002,0.1,346,131,
3913,79,3,0.60000002,0.1,347,131,
3914,79,3,0.60000002,8,379,131,
3915,79,4,0.1,0.1,380,131,
3916,79,4,0.1,0.1,198,131,
3917,80,1,80,75,276,140,"196"
3918,80,1,80,5,279,140,
3919,80,2,0.1,0.80000001,104,140,
3920,80,2,0.1,0.80000001,107,140,
3921,80,2,0.1,0.80000001,106,140,
3922,80,2,0.1,0.80000001,105,140,
3923,80,2,0.1,0.80000001,108,140,
3924,80,2,0.1,0.1,122,140,
3925,80,2,0.1,0.1,125,140,
3926,80,2,0.1,0.1,124,140,
3927,80,2,0.1,0.1,123,140,
3928,80,2,0.1,0.1,126,140,
3929,80,2,0.1,7,259,140,
3930,80,2,0.1,13,260,140,
3931,80,2,0.1,2,259,140,"Expert Scholars"
3932,80,2,0.1,3,260,140,"Expert Scholars"
3933,80,2,0.1,0.30000001,264,140,
3934,80,2,0.1,0.30000001,265,140,
3935,80,2,0.1,0.30000001,266,140,
3936,80,3,0.60000002,0.30000001,350,140,
3937,80,3,0.60000002,0.30000001,356,140,
3938,80,3,0.60000002,0.30000001,353,140,
3939,80,3,0.60000002,0.30000001,359,140,
3940,80,3,0.60000002,0.30000001,362,140,
3941,80,3,0.60000002,0.30000001,330,140,
3942,80,3,0.60000002,0.30000001,331,140,
3943,80,3,0.60000002,0.30000001,337,140,
3944,80,3,0.60000002,0.30000001,338,140,
3945,80,3,0.60000002,0.30000001,339,140,
3946,80,3,0.60000002,0.30000001,340,140,
3947,80,3,0.60000002,0.30000001,341,140,
3948,80,3,0.60000002,0.1,367,140,
3949,80,3,0.60000002,0.1,368,140,
3950,80,3,0.60000002,0.1,369,140,
3951,80,3,0.60000002,0.1,370,140,
3952,80,3,0.60000002,0.1,371,140,
3953,80,3,0.60000002,0.1,342,140,
3954,80,3,0.60000002,0.1,343,140,
3955,80,3,0.60000002,0.1,344,140,
3956,80,3,0.60000002,0.1,345,140,
3957,80,3,0.60000002,0.1,346,140,
3958,80,3,0.60000002,0.1,347,140,
3959,80,3,0.60000002,8,379,140,
3960,80,4,0.1,0.1,380,140,
3961,80,4,0.1,0.1,267,140,
3962,82,1,80,75,276,145,"214"
3963,82,1,80,5,279,145,
3964,82,2,0.1,1.2,98,145,
3965,82,2,0.1,1.2,99,145,
3966,82,2,0.1,1.2,100,145,
3967,82,2,0.1,1.2,101,145,
3968,82,2,0.1,1.2,102,145,
3969,82,2,0.1,0.2,116,145,
3970,82,2,0.1,0.2,119,145,
3971,82,2,0.1,0.2,118,145,
3972,82,2,0.1,0.2,117,145,
3973,82,2,0.1,0.2,120,145,
3974,82,2,0.1,7,187,145,
3975,82,2,0.1,13.5,188,145,
3976,82,2,0.1,2,187,145,"Expert Knights"
3977,82,2,0.1,3.5,188,145,"Expert Knights"
3978,82,2,0.1,0.40000001,192,145,
3979,82,2,0.1,0.30000001,193,145,
3980,82,2,0.1,0.30000001,194,145,
3981,82,3,0.60000002,0.30000001,350,145,
3982,82,3,0.60000002,0.30000001,356,145,
3983,82,3,0.60000002,0.30000001,353,145,
3984,82,3,0.60000002,0.30000001,359,145,
3985,82,3,0.60000002,0.30000001,362,145,
3986,82,3,0.60000002,0.30000001,330,145,
3987,82,3,0.60000002,0.30000001,331,145,
3988,82,3,0.60000002,0.30000001,337,145,
3989,82,3,0.60000002,0.30000001,338,145,
3990,82,3,0.60000002,0.30000001,339,145,
3991,82,3,0.60000002,0.30000001,340,145,
3992,82,3,0.60000002,0.30000001,341,145,
3993,82,3,0.60000002,0.1,367,145,
3994,82,3,0.60000002,0.1,368,145,
3995,82,3,0.60000002,0.1,369,145,
3996,82,3,0.60000002,0.1,370,145,
3997,82,3,0.60000002,0.1,371,145,
3998,82,3,0.60000002,0.1,342,145,
3999,82,3,0.60000002,0.1,343,145,
4000,82,3,0.60000002,0.1,344,145,
4001,82,3,0.60000002,0.1,345,145,
4002,82,3,0.60000002,0.1,346,145,
4003,82,3,0.60000002,0.1,347,145,
4004,82,3,0.60000002,8,379,145,
4005,82,4,0.1,0.1,380,145,
4006,82,4,0.1,0.1,198,145,
4007,84,1,80,75,276,157,"214"
4008,84,1,80,5,279,157,
4009,84,2,0.1,1.2,92,157,
4010,84,2,0.1,1.2,95,157,
4011,84,2,0.1,1.2,94,157,
4012,84,2,0.1,1.2,93,157,
4013,84,2,0.1,1.2,96,157,
4014,84,2,0.1,0.2,110,157,
4015,84,2,0.1,0.2,113,157,
4016,84,2,0.1,0.2,112,157,
4017,84,2,0.1,0.2,111,157,
4018,84,2,0.1,0.2,114,157,
4019,84,2,0.1,7,229,157,
4020,84,2,0.1,13.5,230,157,
4021,84,2,0.1,2,229,157,"Expert Archers"
4022,84,2,0.1,3.5,230,157,"Expert Archers"
4023,84,2,0.1,0.40000001,234,157,
4024,84,2,0.1,0.30000001,235,157,
4025,84,2,0.1,0.30000001,236,157,
4026,84,3,0.60000002,0.30000001,350,157,
4027,84,3,0.60000002,0.30000001,356,157,
4028,84,3,0.60000002,0.30000001,353,157,
4029,84,3,0.60000002,0.30000001,359,157,
4030,84,3,0.60000002,0.30000001,362,157,
4031,84,3,0.60000002,0.30000001,330,157,
4032,84,3,0.60000002,0.30000001,331,157,
4033,84,3,0.60000002,0.30000001,337,157,
4034,84,3,0.60000002,0.30000001,338,157,
4035,84,3,0.60000002,0.30000001,339,157,
4036,84,3,0.60000002,0.30000001,340,157,
4037,84,3,0.60000002,0.30000001,341,157,
4038,84,3,0.60000002,0.1,367,157,
4039,84,3,0.60000002,0.1,368,157,
4040,84,3,0.60000002,0.1,369,157,
4041,84,3,0.60000002,0.1,370,157,
4042,84,3,0.60000002,0.1,371,157,
4043,84,3,0.60000002,0.1,342,157,
4044,84,3,0.60000002,0.1,343,157,
4045,84,3,0.60000002,0.1,344,157,
4046,84,3,0.60000002,0.1,345,157,
4047,84,3,0.60000002,0.1,346,157,
4048,84,3,0.60000002,0.1,347,157,
4049,84,3,0.60000002,8,379,157,
4050,84,4,0.1,0.1,380,157,
4051,84,4,0.1,0.1,237,157,
4052,85,1,80,75,276,164,"214"
4053,85,1,80,5,279,164,
4054,85,2,0.1,1.2,104,164,
4055,85,2,0.1,1.2,107,164,
4056,85,2,0.1,1.2,106,164,
4057,85,2,0.1,1.2,105,164,
4058,85,2,0.1,1.2,108,164,
4059,85,2,0.1,0.2,122,164,
4060,85,2,0.1,0.2,125,164,
4061,85,2,0.1,0.2,124,164,
4062,85,2,0.1,0.2,123,164,
4063,85,2,0.1,0.2,126,164,
4064,85,2,0.1,7,259,164,
4065,85,2,0.1,13.5,260,164,
4066,85,2,0.1,2,259,164,"Expert Scholars"
4067,85,2,0.1,3.5,260,164,"Expert Scholars"
4068,85,2,0.1,0.40000001,264,164,
4069,85,2,0.1,0.30000001,265,164,
4070,85,2,0.1,0.30000001,266,164,
4071,85,3,0.60000002,0.30000001,350,164,
4072,85,3,0.60000002,0.30000001,356,164,
4073,85,3,0.60000002,0.30000001,353,164,
4074,85,3,0.60000002,0.30000001,359,164,
4075,85,3,0.60000002,0.30000001,362,164,
4076,85,3,0.60000002,0.30000001,330,164,
4077,85,3,0.60000002,0.30000001,331,164,
4078,85,3,0.60000002,0.30000001,337,164,
4079,85,3,0.60000002,0.30000001,338,164,
4080,85,3,0.60000002,0.30000001,339,164,
4081,85,3,0.60000002,0.30000001,340,164,
4082,85,3,0.60000002,0.30000001,341,164,
4083,85,3,0.60000002,0.1,367,164,
4084,85,3,0.60000002,0.1,368,164,
4085,85,3,0.60000002,0.1,369,164,
4086,85,3,0.60000002,0.1,370,164,
4087,85,3,0.60000002,0.1,371,164,
4088,85,3,0.60000002,0.1,342,164,
4089,85,3,0.60000002,0.1,343,164,
4090,85,3,0.60000002,0.1,344,164,
4091,85,3,0.60000002,0.1,345,164,
4092,85,3,0.60000002,0.1,346,164,
4093,85,3,0.60000002,0.1,347,164,
4094,85,3,0.60000002,8,379,164,
4095,85,4,0.1,0.1,380,164,
4096,85,4,0.1,0.1,267,164,
4097,84,1,80,75,276,146,"214"
4098,84,1,80,5,279,146,
4099,84,2,0.1,1.2,92,146,
4100,84,2,0.1,1.2,95,146,
4101,84,2,0.1,1.2,94,146,
4102,84,2,0.1,1.2,93,146,
4103,84,2,0.1,1.2,96,146,
4104,84,2,0.1,0.2,110,146,
4105,84,2,0.1,0.2,113,146,
4106,84,2,0.1,0.2,112,146,
4107,84,2,0.1,0.2,111,146,
4108,84,2,0.1,0.2,114,146,
4109,84,2,0.1,7,229,146,
4110,84,2,0.1,13.5,230,146,
4111,84,2,0.1,2,229,146,"Expert Archers"
4112,84,2,0.1,3.5,230,146,"Expert Archers"
4113,84,2,0.1,0.40000001,234,146,
4114,84,2,0.1,0.30000001,235,146,
4115,84,2,0.1,0.30000001,236,146,
4116,84,3,0.60000002,0.30000001,350,146,
4117,84,3,0.60000002,0.30000001,356,146,
4118,84,3,0.60000002,0.30000001,353,146,
4119,84,3,0.60000002,0.30000001,359,146,
4120,84,3,0.60000002,0.30000001,362,146,
4121,84,3,0.60000002,0.30000001,330,146,
4122,84,3,0.60000002,0.30000001,331,146,
4123,84,3,0.60000002,0.30000001,337,146,
4124,84,3,0.60000002,0.30000001,338,146,
4125,84,3,0.60000002,0.30000001,339,146,
4126,84,3,0.60000002,0.30000001,340,146,
4127,84,3,0.60000002,0.30000001,341,146,
4128,84,3,0.60000002,0.1,367,146,
4129,84,3,0.60000002,0.1,368,146,
4130,84,3,0.60000002,0.1,369,146,
4131,84,3,0.60000002,0.1,370,146,
4132,84,3,0.60000002,0.1,371,146,
4133,84,3,0.60000002,0.1,342,146,
4134,84,3,0.60000002,0.1,343,146,
4135,84,3,0.60000002,0.1,344,146,
4136,84,3,0.60000002,0.1,345,146,
4137,84,3,0.60000002,0.1,346,146,
4138,84,3,0.60000002,0.1,347,146,
4139,84,3,0.60000002,8,379,146,
4140,84,4,0.1,0.1,380,146,
4141,84,4,0.1,0.1,237,146,
4142,85,1,80,75,276,156,"214"
4143,85,1,80,5,279,156,
4144,85,2,0.1,1.2,104,156,
4145,85,2,0.1,1.2,107,156,
4146,85,2,0.1,1.2,106,156,
4147,85,2,0.1,1.2,105,156,
4148,85,2,0.1,1.2,108,156,
4149,85,2,0.1,0.2,122,156,
4150,85,2,0.1,0.2,125,156,
4151,85,2,0.1,0.2,124,156,
4152,85,2,0.1,0.2,123,156,
4153,85,2,0.1,0.2,126,156,
4154,85,2,0.1,7,259,156,
4155,85,2,0.1,13.5,260,156,
4156,85,2,0.1,2,259,156,"Expert Scholars"
4157,85,2,0.1,3.5,260,156,"Expert Scholars"
4158,85,2,0.1,0.40000001,264,156,
4159,85,2,0.1,0.30000001,265,156,
4160,85,2,0.1,0.30000001,266,156,
4161,85,3,0.60000002,0.30000001,350,156,
4162,85,3,0.60000002,0.30000001,356,156,
4163,85,3,0.60000002,0.30000001,353,156,
4164,85,3,0.60000002,0.30000001,359,156,
4165,85,3,0.60000002,0.30000001,362,156,
4166,85,3,0.60000002,0.30000001,330,156,
4167,85,3,0.60000002,0.30000001,331,156,
4168,85,3,0.60000002,0.30000001,337,156,
4169,85,3,0.60000002,0.30000001,338,156,
4170,85,3,0.60000002,0.30000001,339,156,
4171,85,3,0.60000002,0.30000001,340,156,
4172,85,3,0.60000002,0.30000001,341,156,
4173,85,3,0.60000002,0.1,367,156,
4174,85,3,0.60000002,0.1,368,156,
4175,85,3,0.60000002,0.1,369,156,
4176,85,3,0.60000002,0.1,370,156,
4177,85,3,0.60000002,0.1,371,156,
4178,85,3,0.60000002,0.1,342,156,
4179,85,3,0.60000002,0.1,343,156,
4180,85,3,0.60000002,0.1,344,156,
4181,85,3,0.60000002,0.1,345,156,
4182,85,3,0.60000002,0.1,346,156,
4183,85,3,0.60000002,0.1,347,156,
4184,85,3,0.60000002,8,379,156,
4185,85,4,0.1,0.1,380,156,
4186,85,4,0.1,0.1,267,156,
4187,83,1,80,75,276,163,"214"
4188,83,1,80,5,279,163,
4189,83,2,0.1,1.2,98,163,
4190,83,2,0.1,1.2,99,163,
4191,83,2,0.1,1.2,100,163,
4192,83,2,0.1,1.2,101,163,
4193,83,2,0.1,1.2,102,163,
4194,83,2,0.1,0.2,116,163,
4195,83,2,0.1,0.2,119,163,
4196,83,2,0.1,0.2,118,163,
4197,83,2,0.1,0.2,117,163,
4198,83,2,0.1,0.2,120,163,
4199,83,2,0.1,7,187,163,
4200,83,2,0.1,13.5,188,163,
4201,83,2,0.1,2,187,163,"Expert Knights"
4202,83,2,0.1,3.5,188,163,"Expert Knights"
4203,83,2,0.1,0.40000001,195,163,
4204,83,2,0.1,0.30000001,196,163,
4205,83,2,0.1,0.30000001,197,163,
4206,83,3,0.60000002,0.30000001,350,163,
4207,83,3,0.60000002,0.30000001,356,163,
4208,83,3,0.60000002,0.30000001,353,163,
4209,83,3,0.60000002,0.30000001,359,163,
4210,83,3,0.60000002,0.30000001,362,163,
4211,83,3,0.60000002,0.30000001,330,163,
4212,83,3,0.60000002,0.30000001,331,163,
4213,83,3,0.60000002,0.30000001,337,163,
4214,83,3,0.60000002,0.30000001,338,163,
4215,83,3,0.60000002,0.30000001,339,163,
4216,83,3,0.60000002,0.30000001,340,163,
4217,83,3,0.60000002,0.30000001,341,163,
4218,83,3,0.60000002,0.1,367,163,
4219,83,3,0.60000002,0.1,368,163,
4220,83,3,0.60000002,0.1,369,163,
4221,83,3,0.60000002,0.1,370,163,
4222,83,3,0.60000002,0.1,371,163,
4223,83,3,0.60000002,0.1,342,163,
4224,83,3,0.60000002,0.1,343,163,
4225,83,3,0.60000002,0.1,344,163,
4226,83,3,0.60000002,0.1,345,163,
4227,83,3,0.60000002,0.1,346,163,
4228,83,3,0.60000002,0.1,347,163,
4229,83,3,0.60000002,8,379,163,
4230,83,4,0.1,0.1,380,163,
4231,83,4,0.1,0.1,201,163,
4232,87,1,80,75,276,169,"232"
4233,87,1,80,5,279,169,
4234,87,2,0.1,1.4,98,169,
4235,87,2,0.1,1.4,99,169,
4236,87,2,0.1,1.4,100,169,
4237,87,2,0.1,1.4,101,169,
4238,87,2,0.1,1.4,102,169,
4239,87,2,0.1,0.30000001,116,169,
4240,87,2,0.1,0.2,119,169,
4241,87,2,0.1,0.2,118,169,
4242,87,2,0.1,0.2,117,169,
4243,87,2,0.1,0.30000001,120,169,
4244,87,2,0.1,7,187,169,
4245,87,2,0.1,11,188,169,
4246,87,2,0.1,3,187,169,"Expert Knights"
4247,87,2,0.1,6,188,169,"Expert Knights"
4248,87,2,0.1,0.40000001,195,169,
4249,87,2,0.1,0.40000001,196,169,
4250,87,2,0.1,0.40000001,197,169,
4251,87,3,0.60000002,0.30000001,350,169,
4252,87,3,0.60000002,0.30000001,356,169,
4253,87,3,0.60000002,0.30000001,353,169,
4254,87,3,0.60000002,0.30000001,359,169,
4255,87,3,0.60000002,0.30000001,362,169,
4256,87,3,0.60000002,0.30000001,330,169,
4257,87,3,0.60000002,0.30000001,331,169,
4258,87,3,0.60000002,0.30000001,337,169,
4259,87,3,0.60000002,0.30000001,338,169,
4260,87,3,0.60000002,0.30000001,339,169,
4261,87,3,0.60000002,0.30000001,340,169,
4262,87,3,0.60000002,0.30000001,341,169,
4263,87,3,0.60000002,0.1,367,169,
4264,87,3,0.60000002,0.1,368,169,
4265,87,3,0.60000002,0.1,369,169,
4266,87,3,0.60000002,0.1,370,169,
4267,87,3,0.60000002,0.1,371,169,
4268,87,3,0.60000002,0.1,342,169,
4269,87,3,0.60000002,0.1,343,169,
4270,87,3,0.60000002,0.1,344,169,
4271,87,3,0.60000002,0.1,345,169,
4272,87,3,0.60000002,0.1,346,169,
4273,87,3,0.60000002,0.1,347,169,
4274,87,3,0.60000002,8,379,169,
4275,87,4,0.1,0.1,380,169,
4276,87,4,0.1,0.1,201,169,
4277,88,1,80,75,276,175,"232"
4278,88,1,80,5,279,175,
4279,88,2,0.1,1.4,92,175,
4280,88,2,0.1,1.4,95,175,
4281,88,2,0.1,1.4,94,175,
4282,88,2,0.1,1.4,93,175,
4283,88,2,0.1,1.4,96,175,
4284,88,2,0.1,0.30000001,110,175,
4285,88,2,0.1,0.2,113,175,
4286,88,2,0.1,0.2,112,175,
4287,88,2,0.1,0.2,111,175,
4288,88,2,0.1,0.30000001,114,175,
4289,88,2,0.1,7,229,175,
4290,88,2,0.1,11,230,175,
4291,88,2,0.1,3,229,175,"Expert Archers"
4292,88,2,0.1,6,230,175,"Expert Archers"
4293,88,2,0.1,0.40000001,234,175,
4294,88,2,0.1,0.40000001,235,175,
4295,88,2,0.1,0.40000001,236,175,
4296,88,3,0.60000002,0.30000001,350,175,
4297,88,3,0.60000002,0.30000001,356,175,
4298,88,3,0.60000002,0.30000001,353,175,
4299,88,3,0.60000002,0.30000001,359,175,
4300,88,3,0.60000002,0.30000001,362,175,
4301,88,3,0.60000002,0.30000001,330,175,
4302,88,3,0.60000002,0.30000001,331,175,
4303,88,3,0.60000002,0.30000001,337,175,
4304,88,3,0.60000002,0.30000001,338,175,
4305,88,3,0.60000002,0.30000001,339,175,
4306,88,3,0.60000002,0.30000001,340,175,
4307,88,3,0.60000002,0.30000001,341,175,
4308,88,3,0.60000002,0.1,367,175,
4309,88,3,0.60000002,0.1,368,175,
4310,88,3,0.60000002,0.1,369,175,
4311,88,3,0.60000002,0.1,370,175,
4312,88,3,0.60000002,0.1,371,175,
4313,88,3,0.60000002,0.1,342,175,
4314,88,3,0.60000002,0.1,343,175,
4315,88,3,0.60000002,0.1,344,175,
4316,88,3,0.60000002,0.1,345,175,
4317,88,3,0.60000002,0.1,346,175,
4318,88,3,0.60000002,0.1,347,175,
4319,88,3,0.60000002,8,379,175,
4320,88,4,0.1,0.1,380,175,
4321,88,4,0.1,0.1,237,175,
4322,89,1,80,75,276,182,"232"
4323,89,1,80,5,279,182,
4324,89,2,0.1,1.4,104,182,
4325,89,2,0.1,1.4,107,182,
4326,89,2,0.1,1.4,106,182,
4327,89,2,0.1,1.4,105,182,
4328,89,2,0.1,1.4,108,182,
4329,89,2,0.1,0.30000001,122,182,
4330,89,2,0.1,0.2,125,182,
4331,89,2,0.1,0.2,124,182,
4332,89,2,0.1,0.2,123,182,
4333,89,2,0.1,0.30000001,126,182,
4334,89,2,0.1,7,259,182,
4335,89,2,0.1,11,260,182,
4336,89,2,0.1,3,259,182,"Expert Scholars"
4337,89,2,0.1,6,260,182,"Expert Scholars"
4338,89,2,0.1,0.40000001,264,182,
4339,89,2,0.1,0.40000001,265,182,
4340,89,2,0.1,0.40000001,266,182,
4341,89,3,0.60000002,0.30000001,350,182,
4342,89,3,0.60000002,0.30000001,356,182,
4343,89,3,0.60000002,0.30000001,353,182,
4344,89,3,0.60000002,0.30000001,359,182,
4345,89,3,0.60000002,0.30000001,362,182,
4346,89,3,0.60000002,0.30000001,330,182,
4347,89,3,0.60000002,0.30000001,331,182,
4348,89,3,0.60000002,0.30000001,337,182,
4349,89,3,0.60000002,0.30000001,338,182,
4350,89,3,0.60000002,0.30000001,339,182,
4351,89,3,0.60000002,0.30000001,340,182,
4352,89,3,0.60000002,0.30000001,341,182,
4353,89,3,0.60000002,0.1,367,182,
4354,89,3,0.60000002,0.1,368,182,
4355,89,3,0.60000002,0.1,369,182,
4356,89,3,0.60000002,0.1,370,182,
4357,89,3,0.60000002,0.1,371,182,
4358,89,3,0.60000002,0.1,342,182,
4359,89,3,0.60000002,0.1,343,182,
4360,89,3,0.60000002,0.1,344,182,
4361,89,3,0.60000002,0.1,345,182,
4362,89,3,0.60000002,0.1,346,182,
4363,89,3,0.60000002,0.1,347,182,
4364,89,3,0.60000002,8,379,182,
4365,89,4,0.1,0.1,380,182,
4366,89,4,0.1,0.1,267,182,
4367,88,1,80,75,276,170,"232"
4368,88,1,80,5,279,170,
4369,88,2,0.1,1.4,92,170,
4370,88,2,0.1,1.4,95,170,
4371,88,2,0.1,1.4,94,170,
4372,88,2,0.1,1.4,93,170,
4373,88,2,0.1,1.4,96,170,
4374,88,2,0.1,0.30000001,110,170,
4375,88,2,0.1,0.2,113,170,
4376,88,2,0.1,0.2,112,170,
4377,88,2,0.1,0.2,111,170,
4378,88,2,0.1,0.30000001,114,170,
4379,88,2,0.1,7,229,170,
4380,88,2,0.1,11,230,170,
4381,88,2,0.1,3,229,170,"Expert Archers"
4382,88,2,0.1,6,230,170,"Expert Archers"
4383,88,2,0.1,0.40000001,234,170,
4384,88,2,0.1,0.40000001,235,170,
4385,88,2,0.1,0.40000001,236,170,
4386,88,3,0.60000002,0.30000001,350,170,
4387,88,3,0.60000002,0.30000001,356,170,
4388,88,3,0.60000002,0.30000001,353,170,
4389,88,3,0.60000002,0.30000001,359,170,
4390,88,3,0.60000002,0.30000001,362,170,
4391,88,3,0.60000002,0.30000001,330,170,
4392,88,3,0.60000002,0.30000001,331,170,
4393,88,3,0.60000002,0.30000001,337,170,
4394,88,3,0.60000002,0.30000001,338,170,
4395,88,3,0.60000002,0.30000001,339,170,
4396,88,3,0.60000002,0.30000001,340,170,
4397,88,3,0.60000002,0.30000001,341,170,
4398,88,3,0.60000002,0.1,367,170,
4399,88,3,0.60000002,0.1,368,170,
4400,88,3,0.60000002,0.1,369,170,
4401,88,3,0.60000002,0.1,370,170,
4402,88,3,0.60000002,0.1,371,170,
4403,88,3,0.60000002,0.1,342,170,
4404,88,3,0.60000002,0.1,343,170,
4405,88,3,0.60000002,0.1,344,170,
4406,88,3,0.60000002,0.1,345,170,
4407,88,3,0.60000002,0.1,346,170,
4408,88,3,0.60000002,0.1,347,170,
4409,88,3,0.60000002,8,379,170,
4410,88,4,0.1,0.1,380,170,
4411,88,4,0.1,0.1,237,170,
4412,89,1,80,75,276,176,"232"
4413,89,1,80,5,279,176,
4414,89,2,0.1,1.4,104,176,
4415,89,2,0.1,1.4,107,176,
4416,89,2,0.1,1.4,106,176,
4417,89,2,0.1,1.4,105,176,
4418,89,2,0.1,1.4,108,176,
4419,89,2,0.1,0.30000001,122,176,
4420,89,2,0.1,0.2,125,176,
4421,89,2,0.1,0.2,124,176,
4422,89,2,0.1,0.2,123,176,
4423,89,2,0.1,0.30000001,126,176,
4424,89,2,0.1,7,259,176,
4425,89,2,0.1,11,260,176,
4426,89,2,0.1,3,259,176,"Expert Scholars"
4427,89,2,0.1,6,260,176,"Expert Scholars"
4428,89,2,0.1,0.40000001,264,176,
4429,89,2,0.1,0.40000001,265,176,
4430,89,2,0.1,0.40000001,266,176,
4431,89,3,0.60000002,0.30000001,350,176,
4432,89,3,0.60000002,0.30000001,356,176,
4433,89,3,0.60000002,0.30000001,353,176,
4434,89,3,0.60000002,0.30000001,359,176,
4435,89,3,0.60000002,0.30000001,362,176,
4436,89,3,0.60000002,0.30000001,330,176,
4437,89,3,0.60000002,0.30000001,331,176,
4438,89,3,0.60000002,0.30000001,337,176,
4439,89,3,0.60000002,0.30000001,338,176,
4440,89,3,0.60000002,0.30000001,339,176,
4441,89,3,0.60000002,0.30000001,340,176,
4442,89,3,0.60000002,0.30000001,341,176,
4443,89,3,0.60000002,0.1,367,176,
4444,89,3,0.60000002,0.1,368,176,
4445,89,3,0.60000002,0.1,369,176,
4446,89,3,0.60000002,0.1,370,176,
4447,89,3,0.60000002,0.1,371,176,
4448,89,3,0.60000002,0.1,342,176,
4449,89,3,0.60000002,0.1,343,176,
4450,89,3,0.60000002,0.1,344,176,
4451,89,3,0.60000002,0.1,345,176,
4452,89,3,0.60000002,0.1,346,176,
4453,89,3,0.60000002,0.1,347,176,
4454,89,3,0.60000002,8,379,176,
4455,89,4,0.1,0.1,380,176,
4456,89,4,0.1,0.1,267,176,
4457,86,1,80,75,276,183,"232"
4458,86,1,80,5,279,183,
4459,86,2,0.1,1.4,98,183,
4460,86,2,0.1,1.4,99,183,
4461,86,2,0.1,1.4,100,183,
4462,86,2,0.1,1.4,101,183,
4463,86,2,0.1,1.4,102,183,
4464,86,2,0.1,0.30000001,116,183,
4465,86,2,0.1,0.2,119,183,
4466,86,2,0.1,0.2,118,183,
4467,86,2,0.1,0.2,117,183,
4468,86,2,0.1,0.30000001,120,183,
4469,86,2,0.1,7,187,183,
4470,86,2,0.1,11,188,183,
4471,86,2,0.1,3,187,183,"Expert Knights"
4472,86,2,0.1,6,188,183,"Expert Knights"
4473,86,2,0.1,0.40000001,192,183,
4474,86,2,0.1,0.40000001,193,183,
4475,86,2,0.1,0.40000001,194,183,
4476,86,3,0.60000002,0.30000001,350,183,
4477,86,3,0.60000002,0.30000001,356,183,
4478,86,3,0.60000002,0.30000001,353,183,
4479,86,3,0.60000002,0.30000001,359,183,
4480,86,3,0.60000002,0.30000001,362,183,
4481,86,3,0.60000002,0.30000001,330,183,
4482,86,3,0.60000002,0.30000001,331,183,
4483,86,3,0.60000002,0.30000001,337,183,
4484,86,3,0.60000002,0.30000001,338,183,
4485,86,3,0.60000002,0.30000001,339,183,
4486,86,3,0.60000002,0.30000001,340,183,
4487,86,3,0.60000002,0.30000001,341,183,
4488,86,3,0.60000002,0.1,367,183,
4489,86,3,0.60000002,0.1,368,183,
4490,86,3,0.60000002,0.1,369,183,
4491,86,3,0.60000002,0.1,370,183,
4492,86,3,0.60000002,0.1,371,183,
4493,86,3,0.60000002,0.1,342,183,
4494,86,3,0.60000002,0.1,343,183,
4495,86,3,0.60000002,0.1,344,183,
4496,86,3,0.60000002,0.1,345,183,
4497,86,3,0.60000002,0.1,346,183,
4498,86,3,0.60000002,0.1,347,183,
4499,86,3,0.60000002,8,379,183,
4500,86,4,0.1,0.1,380,183,
4501,86,4,0.1,0.1,198,183,
4502,91,1,80,75,276,190,"250"
4503,91,1,80,5,279,190,
4504,91,2,0.1,1.6,92,190,
4505,91,2,0.1,1.6,95,190,
4506,91,2,0.1,1.6,94,190,
4507,91,2,0.1,1.6,93,190,
4508,91,2,0.1,1.6,96,190,
4509,91,2,0.1,0.30000001,110,190,
4510,91,2,0.1,0.30000001,113,190,
4511,91,2,0.1,0.30000001,112,190,
4512,91,2,0.1,0.30000001,111,190,
4513,91,2,0.1,0.30000001,114,190,
4514,91,2,0.1,7,229,190,
4515,91,2,0.1,13,230,190,
4516,91,2,0.1,2,229,190,"Expert Archers"
4517,91,2,0.1,6,230,190,"Expert Archers"
4518,91,2,0.1,0.40000001,234,190,
4519,91,2,0.1,0.40000001,235,190,
4520,91,2,0.1,0.40000001,236,190,
4521,91,3,0.60000002,0.30000001,350,190,
4522,91,3,0.60000002,0.30000001,356,190,
4523,91,3,0.60000002,0.30000001,353,190,
4524,91,3,0.60000002,0.30000001,359,190,
4525,91,3,0.60000002,0.30000001,362,190,
4526,91,3,0.60000002,0.30000001,330,190,
4527,91,3,0.60000002,0.30000001,331,190,
4528,91,3,0.60000002,0.30000001,337,190,
4529,91,3,0.60000002,0.30000001,338,190,
4530,91,3,0.60000002,0.30000001,339,190,
4531,91,3,0.60000002,0.30000001,340,190,
4532,91,3,0.60000002,0.30000001,341,190,
4533,91,3,0.60000002,0.1,367,190,
4534,91,3,0.60000002,0.1,368,190,
4535,91,3,0.60000002,0.1,369,190,
4536,91,3,0.60000002,0.1,370,190,
4537,91,3,0.60000002,0.1,371,190,
4538,91,3,0.60000002,0.1,342,190,
4539,91,3,0.60000002,0.1,343,190,
4540,91,3,0.60000002,0.1,344,190,
4541,91,3,0.60000002,0.1,345,190,
4542,91,3,0.60000002,0.1,346,190,
4543,91,3,0.60000002,0.1,347,190,
4544,91,3,0.60000002,8,379,190,
4545,91,4,0.1,0.1,380,190,
4546,91,4,0.1,0.2,237,190,
4547,92,1,80,75,276,196,"250"
4548,92,1,80,5,279,196,
4549,92,2,0.1,1.6,104,196,
4550,92,2,0.1,1.6,107,196,
4551,92,2,0.1,1.6,106,196,
4552,92,2,0.1,1.6,105,196,
4553,92,2,0.1,1.6,108,196,
4554,92,2,0.1,0.30000001,122,196,
4555,92,2,0.1,0.30000001,125,196,
4556,92,2,0.1,0.30000001,124,196,
4557,92,2,0.1,0.30000001,123,196,
4558,92,2,0.1,0.30000001,126,196,
4559,92,2,0.1,7,259,196,
4560,92,2,0.1,13,260,196,
4561,92,2,0.1,2,259,196,"Expert Scholars"
4562,92,2,0.1,6,260,196,"Expert Scholars"
4563,92,2,0.1,0.40000001,264,196,
4564,92,2,0.1,0.40000001,265,196,
4565,92,2,0.1,0.40000001,266,196,
4566,92,3,0.60000002,0.30000001,350,196,
4567,92,3,0.60000002,0.30000001,356,196,
4568,92,3,0.60000002,0.30000001,353,196,
4569,92,3,0.60000002,0.30000001,359,196,
4570,92,3,0.60000002,0.30000001,362,196,
4571,92,3,0.60000002,0.30000001,330,196,
4572,92,3,0.60000002,0.30000001,331,196,
4573,92,3,0.60000002,0.30000001,337,196,
4574,92,3,0.60000002,0.30000001,338,196,
4575,92,3,0.60000002,0.30000001,339,196,
4576,92,3,0.60000002,0.30000001,340,196,
4577,92,3,0.60000002,0.30000001,341,196,
4578,92,3,0.60000002,0.1,367,196,
4579,92,3,0.60000002,0.1,368,196,
4580,92,3,0.60000002,0.1,369,196,
4581,92,3,0.60000002,0.1,370,196,
4582,92,3,0.60000002,0.1,371,196,
4583,92,3,0.60000002,0.1,342,196,
4584,92,3,0.60000002,0.1,343,196,
4585,92,3,0.60000002,0.1,344,196,
4586,92,3,0.60000002,0.1,345,196,
4587,92,3,0.60000002,0.1,346,196,
4588,92,3,0.60000002,0.1,347,196,
4589,92,3,0.60000002,8,379,196,
4590,92,4,0.1,0.1,380,196,
4591,92,4,0.1,0.2,267,196,
4592,90,1,80,75,276,202,"250"
4593,90,1,80,5,279,202,
4594,90,2,0.1,1.6,98,202,
4595,90,2,0.1,1.6,99,202,
4596,90,2,0.1,1.6,100,202,
4597,90,2,0.1,1.6,101,202,
4598,90,2,0.1,1.6,102,202,
4599,90,2,0.1,0.30000001,116,202,
4600,90,2,0.1,0.30000001,119,202,
4601,90,2,0.1,0.30000001,118,202,
4602,90,2,0.1,0.30000001,117,202,
4603,90,2,0.1,0.30000001,120,202,
4604,90,2,0.1,7,187,202,
4605,90,2,0.1,13,188,202,
4606,90,2,0.1,2,187,202,"Expert Knights"
4607,90,2,0.1,6,188,202,"Expert Knights"
4608,90,2,0.1,0.2,195,202,
4609,90,2,0.1,0.2,196,202,
4610,90,2,0.1,0.2,197,202,
4611,90,2,0.1,0.2,192,202,
4612,90,2,0.1,0.2,193,202,
4613,90,2,0.1,0.2,194,202,
4614,90,3,0.60000002,0.30000001,350,202,
4615,90,3,0.60000002,0.30000001,356,202,
4616,90,3,0.60000002,0.30000001,353,202,
4617,90,3,0.60000002,0.30000001,359,202,
4618,90,3,0.60000002,0.30000001,362,202,
4619,90,3,0.60000002,0.30000001,330,202,
4620,90,3,0.60000002,0.30000001,331,202,
4621,90,3,0.60000002,0.30000001,337,202,
4622,90,3,0.60000002,0.30000001,338,202,
4623,90,3,0.60000002,0.30000001,339,202,
4624,90,3,0.60000002,0.30000001,340,202,
4625,90,3,0.60000002,0.30000001,341,202,
4626,90,3,0.60000002,0.1,367,202,
4627,90,3,0.60000002,0.1,368,202,
4628,90,3,0.60000002,0.1,369,202,
4629,90,3,0.60000002,0.1,370,202,
4630,90,3,0.60000002,0.1,371,202,
4631,90,3,0.60000002,0.1,342,202,
4632,90,3,0.60000002,0.1,343,202,
4633,90,3,0.60000002,0.1,344,202,
4634,90,3,0.60000002,0.1,345,202,
4635,90,3,0.60000002,0.1,346,202,
4636,90,3,0.60000002,0.1,347,202,
4637,90,3,0.60000002,8,379,202,
4638,90,4,0.1,0.1,380,202,
4639,90,4,0.1,0.1,198,202,
4640,90,4,0.1,0.1,201,202,
4641,93,1,80,75,276,232,"304"
4642,93,1,80,5,279,232,
4643,93,2,0.1,0.2,116,232,
4644,93,2,0.1,0.2,119,232,
4645,93,2,0.1,0.2,118,232,
4646,93,2,0.1,0.2,117,232,
4647,93,2,0.1,0.2,120,232,
4648,93,2,0.1,0.2,110,232,
4649,93,2,0.1,0.2,113,232,
4650,93,2,0.1,0.2,112,232,
4651,93,2,0.1,0.2,111,232,
4652,93,2,0.1,0.2,114,232,
4653,93,2,0.1,0.2,122,232,
4654,93,2,0.1,0.2,125,232,
4655,93,2,0.1,0.2,124,232,
4656,93,2,0.1,0.2,123,232,
4657,93,2,0.1,0.2,126,232,
4658,93,2,0.1,0.2,195,232,
4659,93,2,0.1,0.2,196,232,
4660,93,2,0.1,0.2,197,232,
4661,93,2,0.1,0.2,192,232,
4662,93,2,0.1,0.2,193,232,
4663,93,2,0.1,0.2,194,232,
4664,93,2,0.1,0.40000001,234,232,
4665,93,2,0.1,0.40000001,235,232,
4666,93,2,0.1,0.40000001,236,232,
4667,93,2,0.1,0.40000001,264,232,
4668,93,2,0.1,0.40000001,265,232,
4669,93,2,0.1,0.40000001,266,232,
4670,93,2,0.1,0.1,198,232,
4671,93,2,0.1,0.1,201,232,
4672,93,2,0.1,0.1,237,232,
4673,93,2,0.1,0.1,267,232,
4674,93,3,0.60000002,0.30000001,350,232,
4675,93,3,0.60000002,0.30000001,356,232,
4676,93,3,0.60000002,0.30000001,353,232,
4677,93,3,0.60000002,0.30000001,359,232,
4678,93,3,0.60000002,0.30000001,362,232,
4679,93,3,0.60000002,0.30000001,330,232,
4680,93,3,0.60000002,0.30000001,331,232,
4681,93,3,0.60000002,0.30000001,337,232,
4682,93,3,0.60000002,0.30000001,338,232,
4683,93,3,0.60000002,0.30000001,339,232,
4684,93,3,0.60000002,0.30000001,340,232,
4685,93,3,0.60000002,0.30000001,341,232,
4686,93,3,0.60000002,0.1,367,232,
4687,93,3,0.60000002,0.1,368,232,
4688,93,3,0.60000002,0.1,369,232,
4689,93,3,0.60000002,0.1,370,232,
4690,93,3,0.60000002,0.1,371,232,
4691,93,3,0.60000002,0.1,342,232,
4692,93,3,0.60000002,0.1,343,232,
4693,93,3,0.60000002,0.1,344,232,
4694,93,3,0.60000002,0.1,345,232,
4695,93,3,0.60000002,0.1,346,232,
4696,93,3,0.60000002,0.1,347,232,
4697,93,3,0.60000002,8,379,232,
4698,93,4,0.1,0.1,380,232,
4699,81,1,80,75,276,127,"196"
4700,81,1,80,5,279,127,
4701,81,2,0.1,0.80000001,98,127,
4702,81,2,0.1,0.80000001,99,127,
4703,81,2,0.1,0.80000001,100,127,
4704,81,2,0.1,0.80000001,101,127,
4705,81,2,0.1,0.80000001,102,127,
4706,81,2,0.1,0.1,116,127,
4707,81,2,0.1,0.1,119,127,
4708,81,2,0.1,0.1,118,127,
4709,81,2,0.1,0.1,117,127,
4710,81,2,0.1,0.1,120,127,
4711,81,2,0.1,7,187,127,
4712,81,2,0.1,13,188,127,
4713,81,2,0.1,2,187,127,"Expert Knights"
4714,81,2,0.1,3,188,127,"Expert Knights"
4715,81,2,0.1,0.30000001,195,127,
4716,81,2,0.1,0.30000001,196,127,
4717,81,2,0.1,0.30000001,197,127,
4718,81,3,0.60000002,0.30000001,350,127,
4719,81,3,0.60000002,0.30000001,356,127,
4720,81,3,0.60000002,0.30000001,353,127,
4721,81,3,0.60000002,0.30000001,359,127,
4722,81,3,0.60000002,0.30000001,362,127,
4723,81,3,0.60000002,0.30000001,330,127,
4724,81,3,0.60000002,0.30000001,331,127,
4725,81,3,0.60000002,0.30000001,337,127,
4726,81,3,0.60000002,0.30000001,338,127,
4727,81,3,0.60000002,0.30000001,339,127,
4728,81,3,0.60000002,0.30000001,340,127,
4729,81,3,0.60000002,0.30000001,341,127,
4730,81,3,0.60000002,0.1,367,127,
4731,81,3,0.60000002,0.1,368,127,
4732,81,3,0.60000002,0.1,369,127,
4733,81,3,0.60000002,0.1,370,127,
4734,81,3,0.60000002,0.1,371,127,
4735,81,3,0.60000002,0.1,342,127,
4736,81,3,0.60000002,0.1,343,127,
4737,81,3,0.60000002,0.1,344,127,
4738,81,3,0.60000002,0.1,345,127,
4739,81,3,0.60000002,0.1,346,127,
4740,81,3,0.60000002,0.1,347,127,
4741,81,3,0.60000002,8,379,127,
4742,81,4,0.1,0.1,380,127,
4743,81,4,0.1,0.1,201,127,
4744,80,1,80,75,276,132,"196"
4745,80,1,80,5,279,132,
4746,80,2,0.1,0.80000001,104,132,
4747,80,2,0.1,0.80000001,107,132,
4748,80,2,0.1,0.80000001,106,132,
4749,80,2,0.1,0.80000001,105,132,
4750,80,2,0.1,0.80000001,108,132,
4751,80,2,0.1,0.1,122,132,
4752,80,2,0.1,0.1,125,132,
4753,80,2,0.1,0.1,124,132,
4754,80,2,0.1,0.1,123,132,
4755,80,2,0.1,0.1,126,132,
4756,80,2,0.1,7,259,132,
4757,80,2,0.1,13,260,132,
4758,80,2,0.1,2,259,132,"Expert Scholars"
4759,80,2,0.1,3,260,132,"Expert Scholars"
4760,80,2,0.1,0.30000001,264,132,
4761,80,2,0.1,0.30000001,265,132,
4762,80,2,0.1,0.30000001,266,132,
4763,80,3,0.60000002,0.30000001,350,132,
4764,80,3,0.60000002,0.30000001,356,132,
4765,80,3,0.60000002,0.30000001,353,132,
4766,80,3,0.60000002,0.30000001,359,132,
4767,80,3,0.60000002,0.30000001,362,132,
4768,80,3,0.60000002,0.30000001,330,132,
4769,80,3,0.60000002,0.30000001,331,132,
4770,80,3,0.60000002,0.30000001,337,132,
4771,80,3,0.60000002,0.30000001,338,132,
4772,80,3,0.60000002,0.30000001,339,132,
4773,80,3,0.60000002,0.30000001,340,132,
4774,80,3,0.60000002,0.30000001,341,132,
4775,80,3,0.60000002,0.1,367,132,
4776,80,3,0.60000002,0.1,368,132,
4777,80,3,0.60000002,0.1,369,132,
4778,80,3,0.60000002,0.1,370,132,
4779,80,3,0.60000002,0.1,371,132,
4780,80,3,0.60000002,0.1,342,132,
4781,80,3,0.60000002,0.1,343,132,
4782,80,3,0.60000002,0.1,344,132,
4783,80,3,0.60000002,0.1,345,132,
4784,80,3,0.60000002,0.1,346,132,
4785,80,3,0.60000002,0.1,347,132,
4786,80,3,0.60000002,8,379,132,
4787,80,4,0.1,0.1,380,132,
4788,80,4,0.1,0.1,267,132,
4789,78,1,80,75,276,141,"196"
4790,78,1,80,5,279,141,
4791,78,2,0.1,0.80000001,92,141,
4792,78,2,0.1,0.80000001,95,141,
4793,78,2,0.1,0.80000001,94,141,
4794,78,2,0.1,0.80000001,93,141,
4795,78,2,0.1,0.80000001,96,141,
4796,78,2,0.1,0.1,110,141,
4797,78,2,0.1,0.1,113,141,
4798,78,2,0.1,0.1,112,141,
4799,78,2,0.1,0.1,111,141,
4800,78,2,0.1,0.1,114,141,
4801,78,2,0.1,7,229,141,
4802,78,2,0.1,13,230,141,
4803,78,2,0.1,2,229,141,"Expert Archers"
4804,78,2,0.1,3,230,141,"Expert Archers"
4805,78,2,0.1,0.30000001,234,141,
4806,78,2,0.1,0.30000001,235,141,
4807,78,2,0.1,0.30000001,236,141,
4808,78,3,0.60000002,0.30000001,350,141,
4809,78,3,0.60000002,0.30000001,356,141,
4810,78,3,0.60000002,0.30000001,353,141,
4811,78,3,0.60000002,0.30000001,359,141,
4812,78,3,0.60000002,0.30000001,362,141,
4813,78,3,0.60000002,0.30000001,330,141,
4814,78,3,0.60000002,0.30000001,331,141,
4815,78,3,0.60000002,0.30000001,337,141,
4816,78,3,0.60000002,0.30000001,338,141,
4817,78,3,0.60000002,0.30000001,339,141,
4818,78,3,0.60000002,0.30000001,340,141,
4819,78,3,0.60000002,0.30000001,341,141,
4820,78,3,0.60000002,0.1,367,141,
4821,78,3,0.60000002,0.1,368,141,
4822,78,3,0.60000002,0.1,369,141,
4823,78,3,0.60000002,0.1,370,141,
4824,78,3,0.60000002,0.1,371,141,
4825,78,3,0.60000002,0.1,342,141,
4826,78,3,0.60000002,0.1,343,141,
4827,78,3,0.60000002,0.1,344,141,
4828,78,3,0.60000002,0.1,345,141,
4829,78,3,0.60000002,0.1,346,141,
4830,78,3,0.60000002,0.1,347,141,
4831,78,3,0.60000002,8,379,141,
4832,78,4,0.1,0.1,380,141,
4833,78,4,0.1,0.1,237,141,
4834,85,1,80,75,276,147,"214"
4835,85,1,80,5,279,147,
4836,85,2,0.1,1.2,104,147,
4837,85,2,0.1,1.2,107,147,
4838,85,2,0.1,1.2,106,147,
4839,85,2,0.1,1.2,105,147,
4840,85,2,0.1,1.2,108,147,
4841,85,2,0.1,0.2,122,147,
4842,85,2,0.1,0.2,125,147,
4843,85,2,0.1,0.2,124,147,
4844,85,2,0.1,0.2,123,147,
4845,85,2,0.1,0.2,126,147,
4846,85,2,0.1,7,259,147,
4847,85,2,0.1,13.5,260,147,
4848,85,2,0.1,2,259,147,"Expert Scholars"
4849,85,2,0.1,3.5,260,147,"Expert Scholars"
4850,85,2,0.1,0.40000001,264,147,
4851,85,2,0.1,0.30000001,265,147,
4852,85,2,0.1,0.30000001,266,147,
4853,85,3,0.60000002,0.30000001,350,147,
4854,85,3,0.60000002,0.30000001,356,147,
4855,85,3,0.60000002,0.30000001,353,147,
4856,85,3,0.60000002,0.30000001,359,147,
4857,85,3,0.60000002,0.30000001,362,147,
4858,85,3,0.60000002,0.30000001,330,147,
4859,85,3,0.60000002,0.30000001,331,147,
4860,85,3,0.60000002,0.30000001,337,147,
4861,85,3,0.60000002,0.30000001,338,147,
4862,85,3,0.60000002,0.30000001,339,147,
4863,85,3,0.60000002,0.30000001,340,147,
4864,85,3,0.60000002,0.30000001,341,147,
4865,85,3,0.60000002,0.1,367,147,
4866,85,3,0.60000002,0.1,368,147,
4867,85,3,0.60000002,0.1,369,147,
4868,85,3,0.60000002,0.1,370,147,
4869,85,3,0.60000002,0.1,371,147,
4870,85,3,0.60000002,0.1,342,147,
4871,85,3,0.60000002,0.1,343,147,
4872,85,3,0.60000002,0.1,344,147,
4873,85,3,0.60000002,0.1,345,147,
4874,85,3,0.60000002,0.1,346,147,
4875,85,3,0.60000002,0.1,347,147,
4876,85,3,0.60000002,8,379,147,
4877,85,4,0.1,0.1,380,147,
4878,85,4,0.1,0.1,267,147,
4879,83,1,80,75,276,158,"214"
4880,83,1,80,5,279,158,
4881,83,2,0.1,1.2,98,158,
4882,83,2,0.1,1.2,99,158,
4883,83,2,0.1,1.2,100,158,
4884,83,2,0.1,1.2,101,158,
4885,83,2,0.1,1.2,102,158,
4886,83,2,0.1,0.2,116,158,
4887,83,2,0.1,0.2,119,158,
4888,83,2,0.1,0.2,118,158,
4889,83,2,0.1,0.2,117,158,
4890,83,2,0.1,0.2,120,158,
4891,83,2,0.1,7,187,158,
4892,83,2,0.1,13.5,188,158,
4893,83,2,0.1,2,187,158,"Expert Knights"
4894,83,2,0.1,3.5,188,158,"Expert Knights"
4895,83,2,0.1,0.40000001,195,158,
4896,83,2,0.1,0.30000001,196,158,
4897,83,2,0.1,0.30000001,197,158,
4898,83,3,0.60000002,0.30000001,350,158,
4899,83,3,0.60000002,0.30000001,356,158,
4900,83,3,0.60000002,0.30000001,353,158,
4901,83,3,0.60000002,0.30000001,359,158,
4902,83,3,0.60000002,0.30000001,362,158,
4903,83,3,0.60000002,0.30000001,330,158,
4904,83,3,0.60000002,0.30000001,331,158,
4905,83,3,0.60000002,0.30000001,337,158,
4906,83,3,0.60000002,0.30000001,338,158,
4907,83,3,0.60000002,0.30000001,339,158,
4908,83,3,0.60000002,0.30000001,340,158,
4909,83,3,0.60000002,0.30000001,341,158,
4910,83,3,0.60000002,0.1,367,158,
4911,83,3,0.60000002,0.1,368,158,
4912,83,3,0.60000002,0.1,369,158,
4913,83,3,0.60000002,0.1,370,158,
4914,83,3,0.60000002,0.1,371,158,
4915,83,3,0.60000002,0.1,342,158,
4916,83,3,0.60000002,0.1,343,158,
4917,83,3,0.60000002,0.1,344,158,
4918,83,3,0.60000002,0.1,345,158,
4919,83,3,0.60000002,0.1,346,158,
4920,83,3,0.60000002,0.1,347,158,
4921,83,3,0.60000002,8,379,158,
4922,83,4,0.1,0.1,380,158,
4923,83,4,0.1,0.1,201,158,
4924,84,1,80,75,276,165,"214"
4925,84,1,80,5,279,165,
4926,84,2,0.1,1.2,92,165,
4927,84,2,0.1,1.2,95,165,
4928,84,2,0.1,1.2,94,165,
4929,84,2,0.1,1.2,93,165,
4930,84,2,0.1,1.2,96,165,
4931,84,2,0.1,0.2,110,165,
4932,84,2,0.1,0.2,113,165,
4933,84,2,0.1,0.2,112,165,
4934,84,2,0.1,0.2,111,165,
4935,84,2,0.1,0.2,114,165,
4936,84,2,0.1,7,229,165,
4937,84,2,0.1,13.5,230,165,
4938,84,2,0.1,2,229,165,"Expert Archers"
4939,84,2,0.1,3.5,230,165,"Expert Archers"
4940,84,2,0.1,0.40000001,234,165,
4941,84,2,0.1,0.30000001,235,165,
4942,84,2,0.1,0.30000001,236,165,
4943,84,3,0.60000002,0.30000001,350,165,
4944,84,3,0.60000002,0.30000001,356,165,
4945,84,3,0.60000002,0.30000001,353,165,
4946,84,3,0.60000002,0.30000001,359,165,
4947,84,3,0.60000002,0.30000001,362,165,
4948,84,3,0.60000002,0.30000001,330,165,
4949,84,3,0.60000002,0.30000001,331,165,
4950,84,3,0.60000002,0.30000001,337,165,
4951,84,3,0.60000002,0.30000001,338,165,
4952,84,3,0.60000002,0.30000001,339,165,
4953,84,3,0.60000002,0.30000001,340,165,
4954,84,3,0.60000002,0.30000001,341,165,
4955,84,3,0.60000002,0.1,367,165,
4956,84,3,0.60000002,0.1,368,165,
4957,84,3,0.60000002,0.1,369,165,
4958,84,3,0.60000002,0.1,370,165,
4959,84,3,0.60000002,0.1,371,165,
4960,84,3,0.60000002,0.1,342,165,
4961,84,3,0.60000002,0.1,343,165,
4962,84,3,0.60000002,0.1,344,165,
4963,84,3,0.60000002,0.1,345,165,
4964,84,3,0.60000002,0.1,346,165,
4965,84,3,0.60000002,0.1,347,165,
4966,84,3,0.60000002,8,379,165,
4967,84,4,0.1,0.1,380,165,
4968,84,4,0.1,0.1,237,165,
4969,82,1,80,75,276,148,"214"
4970,82,1,80,5,279,148,
4971,82,2,0.1,1.2,98,148,
4972,82,2,0.1,1.2,99,148,
4973,82,2,0.1,1.2,100,148,
4974,82,2,0.1,1.2,101,148,
4975,82,2,0.1,1.2,102,148,
4976,82,2,0.1,0.2,116,148,
4977,82,2,0.1,0.2,119,148,
4978,82,2,0.1,0.2,118,148,
4979,82,2,0.1,0.2,117,148,
4980,82,2,0.1,0.2,120,148,
4981,82,2,0.1,7,187,148,
4982,82,2,0.1,13.5,188,148,
4983,82,2,0.1,2,187,148,"Expert Knights"
4984,82,2,0.1,3.5,188,148,"Expert Knights"
4985,82,2,0.1,0.40000001,192,148,
4986,82,2,0.1,0.30000001,193,148,
4987,82,2,0.1,0.30000001,194,148,
4988,82,3,0.60000002,0.30000001,350,148,
4989,82,3,0.60000002,0.30000001,356,148,
4990,82,3,0.60000002,0.30000001,353,148,
4991,82,3,0.60000002,0.30000001,359,148,
4992,82,3,0.60000002,0.30000001,362,148,
4993,82,3,0.60000002,0.30000001,330,148,
4994,82,3,0.60000002,0.30000001,331,148,
4995,82,3,0.60000002,0.30000001,337,148,
4996,82,3,0.60000002,0.30000001,338,148,
4997,82,3,0.60000002,0.30000001,339,148,
4998,82,3,0.60000002,0.30000001,340,148,
4999,82,3,0.60000002,0.30000001,341,148,
5000,82,3,0.60000002,0.1,367,148,
5001,82,3,0.60000002,0.1,368,148,
5002,82,3,0.60000002,0.1,369,148,
5003,82,3,0.60000002,0.1,370,148,
5004,82,3,0.60000002,0.1,371,148,
5005,82,3,0.60000002,0.1,342,148,
5006,82,3,0.60000002,0.1,343,148,
5007,82,3,0.60000002,0.1,344,148,
5008,82,3,0.60000002,0.1,345,148,
5009,82,3,0.60000002,0.1,346,148,
5010,82,3,0.60000002,0.1,347,148,
5011,82,3,0.60000002,8,379,148,
5012,82,4,0.1,0.1,380,148,
5013,82,4,0.1,0.1,198,148,
5014,84,1,80,75,276,159,"214"
5015,84,1,80,5,279,159,
5016,84,2,0.1,1.2,92,159,
5017,84,2,0.1,1.2,95,159,
5018,84,2,0.1,1.2,94,159,
5019,84,2,0.1,1.2,93,159,
5020,84,2,0.1,1.2,96,159,
5021,84,2,0.1,0.2,110,159,
5022,84,2,0.1,0.2,113,159,
5023,84,2,0.1,0.2,112,159,
5024,84,2,0.1,0.2,111,159,
5025,84,2,0.1,0.2,114,159,
5026,84,2,0.1,7,229,159,
5027,84,2,0.1,13.5,230,159,
5028,84,2,0.1,2,229,159,"Expert Archers"
5029,84,2,0.1,3.5,230,159,"Expert Archers"
5030,84,2,0.1,0.40000001,234,159,
5031,84,2,0.1,0.30000001,235,159,
5032,84,2,0.1,0.30000001,236,159,
5033,84,3,0.60000002,0.30000001,350,159,
5034,84,3,0.60000002,0.30000001,356,159,
5035,84,3,0.60000002,0.30000001,353,159,
5036,84,3,0.60000002,0.30000001,359,159,
5037,84,3,0.60000002,0.30000001,362,159,
5038,84,3,0.60000002,0.30000001,330,159,
5039,84,3,0.60000002,0.30000001,331,159,
5040,84,3,0.60000002,0.30000001,337,159,
5041,84,3,0.60000002,0.30000001,338,159,
5042,84,3,0.60000002,0.30000001,339,159,
5043,84,3,0.60000002,0.30000001,340,159,
5044,84,3,0.60000002,0.30000001,341,159,
5045,84,3,0.60000002,0.1,367,159,
5046,84,3,0.60000002,0.1,368,159,
5047,84,3,0.60000002,0.1,369,159,
5048,84,3,0.60000002,0.1,370,159,
5049,84,3,0.60000002,0.1,371,159,
5050,84,3,0.60000002,0.1,342,159,
5051,84,3,0.60000002,0.1,343,159,
5052,84,3,0.60000002,0.1,344,159,
5053,84,3,0.60000002,0.1,345,159,
5054,84,3,0.60000002,0.1,346,159,
5055,84,3,0.60000002,0.1,347,159,
5056,84,3,0.60000002,8,379,159,
5057,84,4,0.1,0.1,380,159,
5058,84,4,0.1,0.1,237,159,
5059,85,1,80,75,276,166,"214"
5060,85,1,80,5,279,166,
5061,85,2,0.1,1.2,104,166,
5062,85,2,0.1,1.2,107,166,
5063,85,2,0.1,1.2,106,166,
5064,85,2,0.1,1.2,105,166,
5065,85,2,0.1,1.2,108,166,
5066,85,2,0.1,0.2,122,166,
5067,85,2,0.1,0.2,125,166,
5068,85,2,0.1,0.2,124,166,
5069,85,2,0.1,0.2,123,166,
5070,85,2,0.1,0.2,126,166,
5071,85,2,0.1,7,259,166,
5072,85,2,0.1,13.5,260,166,
5073,85,2,0.1,2,259,166,"Expert Scholars"
5074,85,2,0.1,3.5,260,166,"Expert Scholars"
5075,85,2,0.1,0.40000001,264,166,
5076,85,2,0.1,0.30000001,265,166,
5077,85,2,0.1,0.30000001,266,166,
5078,85,3,0.60000002,0.30000001,350,166,
5079,85,3,0.60000002,0.30000001,356,166,
5080,85,3,0.60000002,0.30000001,353,166,
5081,85,3,0.60000002,0.30000001,359,166,
5082,85,3,0.60000002,0.30000001,362,166,
5083,85,3,0.60000002,0.30000001,330,166,
5084,85,3,0.60000002,0.30000001,331,166,
5085,85,3,0.60000002,0.30000001,337,166,
5086,85,3,0.60000002,0.30000001,338,166,
5087,85,3,0.60000002,0.30000001,339,166,
5088,85,3,0.60000002,0.30000001,340,166,
5089,85,3,0.60000002,0.30000001,341,166,
5090,85,3,0.60000002,0.1,367,166,
5091,85,3,0.60000002,0.1,368,166,
5092,85,3,0.60000002,0.1,369,166,
5093,85,3,0.60000002,0.1,370,166,
5094,85,3,0.60000002,0.1,371,166,
5095,85,3,0.60000002,0.1,342,166,
5096,85,3,0.60000002,0.1,343,166,
5097,85,3,0.60000002,0.1,344,166,
5098,85,3,0.60000002,0.1,345,166,
5099,85,3,0.60000002,0.1,346,166,
5100,85,3,0.60000002,0.1,347,166,
5101,85,3,0.60000002,8,379,166,
5102,85,4,0.1,0.1,380,166,
5103,85,4,0.1,0.1,267,166,
5104,88,1,80,75,276,171,"232"
5105,88,1,80,5,279,171,
5106,88,2,0.1,1.4,92,171,
5107,88,2,0.1,1.4,95,171,
5108,88,2,0.1,1.4,94,171,
5109,88,2,0.1,1.4,93,171,
5110,88,2,0.1,1.4,96,171,
5111,88,2,0.1,0.30000001,110,171,
5112,88,2,0.1,0.2,113,171,
5113,88,2,0.1,0.2,112,171,
5114,88,2,0.1,0.2,111,171,
5115,88,2,0.1,0.30000001,114,171,
5116,88,2,0.1,7,229,171,
5117,88,2,0.1,11,230,171,
5118,88,2,0.1,3,229,171,"Expert Archers"
5119,88,2,0.1,6,230,171,"Expert Archers"
5120,88,2,0.1,0.40000001,234,171,
5121,88,2,0.1,0.40000001,235,171,
5122,88,2,0.1,0.40000001,236,171,
5123,88,3,0.60000002,0.30000001,350,171,
5124,88,3,0.60000002,0.30000001,356,171,
5125,88,3,0.60000002,0.30000001,353,171,
5126,88,3,0.60000002,0.30000001,359,171,
5127,88,3,0.60000002,0.30000001,362,171,
5128,88,3,0.60000002,0.30000001,330,171,
5129,88,3,0.60000002,0.30000001,331,171,
5130,88,3,0.60000002,0.30000001,337,171,
5131,88,3,0.60000002,0.30000001,338,171,
5132,88,3,0.60000002,0.30000001,339,171,
5133,88,3,0.60000002,0.30000001,340,171,
5134,88,3,0.60000002,0.30000001,341,171,
5135,88,3,0.60000002,0.1,367,171,
5136,88,3,0.60000002,0.1,368,171,
5137,88,3,0.60000002,0.1,369,171,
5138,88,3,0.60000002,0.1,370,171,
5139,88,3,0.60000002,0.1,371,171,
5140,88,3,0.60000002,0.1,342,171,
5141,88,3,0.60000002,0.1,343,171,
5142,88,3,0.60000002,0.1,344,171,
5143,88,3,0.60000002,0.1,345,171,
5144,88,3,0.60000002,0.1,346,171,
5145,88,3,0.60000002,0.1,347,171,
5146,88,3,0.60000002,8,379,171,
5147,88,4,0.1,0.1,380,171,
5148,88,4,0.1,0.1,237,171,
5149,86,1,80,75,276,177,"232"
5150,86,1,80,5,279,177,
5151,86,2,0.1,1.4,98,177,
5152,86,2,0.1,1.4,99,177,
5153,86,2,0.1,1.4,100,177,
5154,86,2,0.1,1.4,101,177,
5155,86,2,0.1,1.4,102,177,
5156,86,2,0.1,0.30000001,116,177,
5157,86,2,0.1,0.2,119,177,
5158,86,2,0.1,0.2,118,177,
5159,86,2,0.1,0.2,117,177,
5160,86,2,0.1,0.30000001,120,177,
5161,86,2,0.1,7,187,177,
5162,86,2,0.1,11,188,177,
5163,86,2,0.1,3,187,177,"Expert Knights"
5164,86,2,0.1,6,188,177,"Expert Knights"
5165,86,2,0.1,0.40000001,192,177,
5166,86,2,0.1,0.40000001,193,177,
5167,86,2,0.1,0.40000001,194,177,
5168,86,3,0.60000002,0.30000001,350,177,
5169,86,3,0.60000002,0.30000001,356,177,
5170,86,3,0.60000002,0.30000001,353,177,
5171,86,3,0.60000002,0.30000001,359,177,
5172,86,3,0.60000002,0.30000001,362,177,
5173,86,3,0.60000002,0.30000001,330,177,
5174,86,3,0.60000002,0.30000001,331,177,
5175,86,3,0.60000002,0.30000001,337,177,
5176,86,3,0.60000002,0.30000001,338,177,
5177,86,3,0.60000002,0.30000001,339,177,
5178,86,3,0.60000002,0.30000001,340,177,
5179,86,3,0.60000002,0.30000001,341,177,
5180,86,3,0.60000002,0.1,367,177,
5181,86,3,0.60000002,0.1,368,177,
5182,86,3,0.60000002,0.1,369,177,
5183,86,3,0.60000002,0.1,370,177,
5184,86,3,0.60000002,0.1,371,177,
5185,86,3,0.60000002,0.1,342,177,
5186,86,3,0.60000002,0.1,343,177,
5187,86,3,0.60000002,0.1,344,177,
5188,86,3,0.60000002,0.1,345,177,
5189,86,3,0.60000002,0.1,346,177,
5190,86,3,0.60000002,0.1,347,177,
5191,86,3,0.60000002,8,379,177,
5192,86,4,0.1,0.1,380,177,
5193,86,4,0.1,0.1,198,177,
5194,89,1,80,75,276,184,"232"
5195,89,1,80,5,279,184,
5196,89,2,0.1,1.4,104,184,
5197,89,2,0.1,1.4,107,184,
5198,89,2,0.1,1.4,106,184,
5199,89,2,0.1,1.4,105,184,
5200,89,2,0.1,1.4,108,184,
5201,89,2,0.1,0.30000001,122,184,
5202,89,2,0.1,0.2,125,184,
5203,89,2,0.1,0.2,124,184,
5204,89,2,0.1,0.2,123,184,
5205,89,2,0.1,0.30000001,126,184,
5206,89,2,0.1,7,259,184,
5207,89,2,0.1,11,260,184,
5208,89,2,0.1,3,259,184,"Expert Scholars"
5209,89,2,0.1,6,260,184,"Expert Scholars"
5210,89,2,0.1,0.40000001,264,184,
5211,89,2,0.1,0.40000001,265,184,
5212,89,2,0.1,0.40000001,266,184,
5213,89,3,0.60000002,0.30000001,350,184,
5214,89,3,0.60000002,0.30000001,356,184,
5215,89,3,0.60000002,0.30000001,353,184,
5216,89,3,0.60000002,0.30000001,359,184,
5217,89,3,0.60000002,0.30000001,362,184,
5218,89,3,0.60000002,0.30000001,330,184,
5219,89,3,0.60000002,0.30000001,331,184,
5220,89,3,0.60000002,0.30000001,337,184,
5221,89,3,0.60000002,0.30000001,338,184,
5222,89,3,0.60000002,0.30000001,339,184,
5223,89,3,0.60000002,0.30000001,340,184,
5224,89,3,0.60000002,0.30000001,341,184,
5225,89,3,0.60000002,0.1,367,184,
5226,89,3,0.60000002,0.1,368,184,
5227,89,3,0.60000002,0.1,369,184,
5228,89,3,0.60000002,0.1,370,184,
5229,89,3,0.60000002,0.1,371,184,
5230,89,3,0.60000002,0.1,342,184,
5231,89,3,0.60000002,0.1,343,184,
5232,89,3,0.60000002,0.1,344,184,
5233,89,3,0.60000002,0.1,345,184,
5234,89,3,0.60000002,0.1,346,184,
5235,89,3,0.60000002,0.1,347,184,
5236,89,3,0.60000002,8,379,184,
5237,89,4,0.1,0.1,380,184,
5238,89,4,0.1,0.1,267,184,
5239,89,1,80,75,276,172,"232"
5240,89,1,80,5,279,172,
5241,89,2,0.1,1.4,104,172,
5242,89,2,0.1,1.4,107,172,
5243,89,2,0.1,1.4,106,172,
5244,89,2,0.1,1.4,105,172,
5245,89,2,0.1,1.4,108,172,
5246,89,2,0.1,0.30000001,122,172,
5247,89,2,0.1,0.2,125,172,
5248,89,2,0.1,0.2,124,172,
5249,89,2,0.1,0.2,123,172,
5250,89,2,0.1,0.30000001,126,172,
5251,89,2,0.1,7,259,172,
5252,89,2,0.1,11,260,172,
5253,89,2,0.1,3,259,172,"Expert Scholars"
5254,89,2,0.1,6,260,172,"Expert Scholars"
5255,89,2,0.1,0.40000001,264,172,
5256,89,2,0.1,0.40000001,265,172,
5257,89,2,0.1,0.40000001,266,172,
5258,89,3,0.60000002,0.30000001,350,172,
5259,89,3,0.60000002,0.30000001,356,172,
5260,89,3,0.60000002,0.30000001,353,172,
5261,89,3,0.60000002,0.30000001,359,172,
5262,89,3,0.60000002,0.30000001,362,172,
5263,89,3,0.60000002,0.30000001,330,172,
5264,89,3,0.60000002,0.30000001,331,172,
5265,89,3,0.60000002,0.30000001,337,172,
5266,89,3,0.60000002,0.30000001,338,172,
5267,89,3,0.60000002,0.30000001,339,172,
5268,89,3,0.60000002,0.30000001,340,172,
5269,89,3,0.60000002,0.30000001,341,172,
5270,89,3,0.60000002,0.1,367,172,
5271,89,3,0.60000002,0.1,368,172,
5272,89,3,0.60000002,0.1,369,172,
5273,89,3,0.60000002,0.1,370,172,
5274,89,3,0.60000002,0.1,371,172,
5275,89,3,0.60000002,0.1,342,172,
5276,89,3,0.60000002,0.1,343,172,
5277,89,3,0.60000002,0.1,344,172,
5278,89,3,0.60000002,0.1,345,172,
5279,89,3,0.60000002,0.1,346,172,
5280,89,3,0.60000002,0.1,347,172,
5281,89,3,0.60000002,8,379,172,
5282,89,4,0.1,0.1,380,172,
5283,89,4,0.1,0.1,267,172,
5284,87,1,80,75,276,178,"232"
5285,87,1,80,5,279,178,
5286,87,2,0.1,1.4,98,178,
5287,87,2,0.1,1.4,99,178,
5288,87,2,0.1,1.4,100,178,
5289,87,2,0.1,1.4,101,178,
5290,87,2,0.1,1.4,102,178,
5291,87,2,0.1,0.30000001,116,178,
5292,87,2,0.1,0.2,119,178,
5293,87,2,0.1,0.2,118,178,
5294,87,2,0.1,0.2,117,178,
5295,87,2,0.1,0.30000001,120,178,
5296,87,2,0.1,7,187,178,
5297,87,2,0.1,11,188,178,
5298,87,2,0.1,3,187,178,"Expert Knights"
5299,87,2,0.1,6,188,178,"Expert Knights"
5300,87,2,0.1,0.40000001,195,178,
5301,87,2,0.1,0.40000001,196,178,
5302,87,2,0.1,0.40000001,197,178,
5303,87,3,0.60000002,0.30000001,350,178,
5304,87,3,0.60000002,0.30000001,356,178,
5305,87,3,0.60000002,0.30000001,353,178,
5306,87,3,0.60000002,0.30000001,359,178,
5307,87,3,0.60000002,0.30000001,362,178,
5308,87,3,0.60000002,0.30000001,330,178,
5309,87,3,0.60000002,0.30000001,331,178,
5310,87,3,0.60000002,0.30000001,337,178,
5311,87,3,0.60000002,0.30000001,338,178,
5312,87,3,0.60000002,0.30000001,339,178,
5313,87,3,0.60000002,0.30000001,340,178,
5314,87,3,0.60000002,0.30000001,341,178,
5315,87,3,0.60000002,0.1,367,178,
5316,87,3,0.60000002,0.1,368,178,
5317,87,3,0.60000002,0.1,369,178,
5318,87,3,0.60000002,0.1,370,178,
5319,87,3,0.60000002,0.1,371,178,
5320,87,3,0.60000002,0.1,342,178,
5321,87,3,0.60000002,0.1,343,178,
5322,87,3,0.60000002,0.1,344,178,
5323,87,3,0.60000002,0.1,345,178,
5324,87,3,0.60000002,0.1,346,178,
5325,87,3,0.60000002,0.1,347,178,
5326,87,3,0.60000002,8,379,178,
5327,87,4,0.1,0.1,380,178,
5328,87,4,0.1,0.1,201,178,
5329,88,1,80,75,276,185,"232"
5330,88,1,80,5,279,185,
5331,88,2,0.1,1.4,92,185,
5332,88,2,0.1,1.4,95,185,
5333,88,2,0.1,1.4,94,185,
5334,88,2,0.1,1.4,93,185,
5335,88,2,0.1,1.4,96,185,
5336,88,2,0.1,0.30000001,110,185,
5337,88,2,0.1,0.2,113,185,
5338,88,2,0.1,0.2,112,185,
5339,88,2,0.1,0.2,111,185,
5340,88,2,0.1,0.30000001,114,185,
5341,88,2,0.1,7,229,185,
5342,88,2,0.1,11,230,185,
5343,88,2,0.1,3,229,185,"Expert Archers"
5344,88,2,0.1,6,230,185,"Expert Archers"
5345,88,2,0.1,0.40000001,234,185,
5346,88,2,0.1,0.40000001,235,185,
5347,88,2,0.1,0.40000001,236,185,
5348,88,3,0.60000002,0.30000001,350,185,
5349,88,3,0.60000002,0.30000001,356,185,
5350,88,3,0.60000002,0.30000001,353,185,
5351,88,3,0.60000002,0.30000001,359,185,
5352,88,3,0.60000002,0.30000001,362,185,
5353,88,3,0.60000002,0.30000001,330,185,
5354,88,3,0.60000002,0.30000001,331,185,
5355,88,3,0.60000002,0.30000001,337,185,
5356,88,3,0.60000002,0.30000001,338,185,
5357,88,3,0.60000002,0.30000001,339,185,
5358,88,3,0.60000002,0.30000001,340,185,
5359,88,3,0.60000002,0.30000001,341,185,
5360,88,3,0.60000002,0.1,367,185,
5361,88,3,0.60000002,0.1,368,185,
5362,88,3,0.60000002,0.1,369,185,
5363,88,3,0.60000002,0.1,370,185,
5364,88,3,0.60000002,0.1,371,185,
5365,88,3,0.60000002,0.1,342,185,
5366,88,3,0.60000002,0.1,343,185,
5367,88,3,0.60000002,0.1,344,185,
5368,88,3,0.60000002,0.1,345,185,
5369,88,3,0.60000002,0.1,346,185,
5370,88,3,0.60000002,0.1,347,185,
5371,88,3,0.60000002,8,379,185,
5372,88,4,0.1,0.1,380,185,
5373,88,4,0.1,0.1,237,185,
5374,90,1,80,75,276,191,"250"
5375,90,1,80,5,279,191,
5376,90,2,0.1,1.6,98,191,
5377,90,2,0.1,1.6,99,191,
5378,90,2,0.1,1.6,100,191,
5379,90,2,0.1,1.6,101,191,
5380,90,2,0.1,1.6,102,191,
5381,90,2,0.1,0.30000001,116,191,
5382,90,2,0.1,0.30000001,119,191,
5383,90,2,0.1,0.30000001,118,191,
5384,90,2,0.1,0.30000001,117,191,
5385,90,2,0.1,0.30000001,120,191,
5386,90,2,0.1,7,187,191,
5387,90,2,0.1,13,188,191,
5388,90,2,0.1,2,187,191,"Expert Knights"
5389,90,2,0.1,6,188,191,"Expert Knights"
5390,90,2,0.1,0.2,195,191,
5391,90,2,0.1,0.2,196,191,
5392,90,2,0.1,0.2,197,191,
5393,90,2,0.1,0.2,192,191,
5394,90,2,0.1,0.2,193,191,
5395,90,2,0.1,0.2,194,191,
5396,90,3,0.60000002,0.30000001,350,191,
5397,90,3,0.60000002,0.30000001,356,191,
5398,90,3,0.60000002,0.30000001,353,191,
5399,90,3,0.60000002,0.30000001,359,191,
5400,90,3,0.60000002,0.30000001,362,191,
5401,90,3,0.60000002,0.30000001,330,191,
5402,90,3,0.60000002,0.30000001,331,191,
5403,90,3,0.60000002,0.30000001,337,191,
5404,90,3,0.60000002,0.30000001,338,191,
5405,90,3,0.60000002,0.30000001,339,191,
5406,90,3,0.60000002,0.30000001,340,191,
5407,90,3,0.60000002,0.30000001,341,191,
5408,90,3,0.60000002,0.1,367,191,
5409,90,3,0.60000002,0.1,368,191,
5410,90,3,0.60000002,0.1,369,191,
5411,90,3,0.60000002,0.1,370,191,
5412,90,3,0.60000002,0.1,371,191,
5413,90,3,0.60000002,0.1,342,191,
5414,90,3,0.60000002,0.1,343,191,
5415,90,3,0.60000002,0.1,344,191,
5416,90,3,0.60000002,0.1,345,191,
5417,90,3,0.60000002,0.1,346,191,
5418,90,3,0.60000002,0.1,347,191,
5419,90,3,0.60000002,8,379,191,
5420,90,4,0.1,0.1,380,191,
5421,90,4,0.1,0.1,198,191,
5422,90,4,0.1,0.1,201,191,
5423,92,1,80,75,276,197,"250"
5424,92,1,80,5,279,197,
5425,92,2,0.1,1.6,104,197,
5426,92,2,0.1,1.6,107,197,
5427,92,2,0.1,1.6,106,197,
5428,92,2,0.1,1.6,105,197,
5429,92,2,0.1,1.6,108,197,
5430,92,2,0.1,0.30000001,122,197,
5431,92,2,0.1,0.30000001,125,197,
5432,92,2,0.1,0.30000001,124,197,
5433,92,2,0.1,0.30000001,123,197,
5434,92,2,0.1,0.30000001,126,197,
5435,92,2,0.1,7,259,197,
5436,92,2,0.1,13,260,197,
5437,92,2,0.1,2,259,197,"Expert Scholars"
5438,92,2,0.1,6,260,197,"Expert Scholars"
5439,92,2,0.1,0.40000001,264,197,
5440,92,2,0.1,0.40000001,265,197,
5441,92,2,0.1,0.40000001,266,197,
5442,92,3,0.60000002,0.30000001,350,197,
5443,92,3,0.60000002,0.30000001,356,197,
5444,92,3,0.60000002,0.30000001,353,197,
5445,92,3,0.60000002,0.30000001,359,197,
5446,92,3,0.60000002,0.30000001,362,197,
5447,92,3,0.60000002,0.30000001,330,197,
5448,92,3,0.60000002,0.30000001,331,197,
5449,92,3,0.60000002,0.30000001,337,197,
5450,92,3,0.60000002,0.30000001,338,197,
5451,92,3,0.60000002,0.30000001,339,197,
5452,92,3,0.60000002,0.30000001,340,197,
5453,92,3,0.60000002,0.30000001,341,197,
5454,92,3,0.60000002,0.1,367,197,
5455,92,3,0.60000002,0.1,368,197,
5456,92,3,0.60000002,0.1,369,197,
5457,92,3,0.60000002,0.1,370,197,
5458,92,3,0.60000002,0.1,371,197,
5459,92,3,0.60000002,0.1,342,197,
5460,92,3,0.60000002,0.1,343,197,
5461,92,3,0.60000002,0.1,344,197,
5462,92,3,0.60000002,0.1,345,197,
5463,92,3,0.60000002,0.1,346,197,
5464,92,3,0.60000002,0.1,347,197,
5465,92,3,0.60000002,8,379,197,
5466,92,4,0.1,0.1,380,197,
5467,92,4,0.1,0.2,267,197,
5468,91,1,80,75,276,203,"250"
5469,91,1,80,5,279,203,
5470,91,2,0.1,1.6,92,203,
5471,91,2,0.1,1.6,95,203,
5472,91,2,0.1,1.6,94,203,
5473,91,2,0.1,1.6,93,203,
5474,91,2,0.1,1.6,96,203,
5475,91,2,0.1,0.30000001,110,203,
5476,91,2,0.1,0.30000001,113,203,
5477,91,2,0.1,0.30000001,112,203,
5478,91,2,0.1,0.30000001,111,203,
5479,91,2,0.1,0.30000001,114,203,
5480,91,2,0.1,7,229,203,
5481,91,2,0.1,13,230,203,
5482,91,2,0.1,2,229,203,"Expert Archers"
5483,91,2,0.1,6,230,203,"Expert Archers"
5484,91,2,0.1,0.40000001,234,203,
5485,91,2,0.1,0.40000001,235,203,
5486,91,2,0.1,0.40000001,236,203,
5487,91,3,0.60000002,0.30000001,350,203,
5488,91,3,0.60000002,0.30000001,356,203,
5489,91,3,0.60000002,0.30000001,353,203,
5490,91,3,0.60000002,0.30000001,359,203,
5491,91,3,0.60000002,0.30000001,362,203,
5492,91,3,0.60000002,0.30000001,330,203,
5493,91,3,0.60000002,0.30000001,331,203,
5494,91,3,0.60000002,0.30000001,337,203,
5495,91,3,0.60000002,0.30000001,338,203,
5496,91,3,0.60000002,0.30000001,339,203,
5497,91,3,0.60000002,0.30000001,340,203,
5498,91,3,0.60000002,0.30000001,341,203,
5499,91,3,0.60000002,0.1,367,203,
5500,91,3,0.60000002,0.1,368,203,
5501,91,3,0.60000002,0.1,369,203,
5502,91,3,0.60000002,0.1,370,203,
5503,91,3,0.60000002,0.1,371,203,
5504,91,3,0.60000002,0.1,342,203,
5505,91,3,0.60000002,0.1,343,203,
5506,91,3,0.60000002,0.1,344,203,
5507,91,3,0.60000002,0.1,345,203,
5508,91,3,0.60000002,0.1,346,203,
5509,91,3,0.60000002,0.1,347,203,
5510,91,3,0.60000002,8,379,203,
5511,91,4,0.1,0.1,380,203,
5512,91,4,0.1,0.2,237,203,
5513,94,1,80,75,276,238,"328"
5514,94,1,80,5,279,238,
5515,94,2,0.1,0.30000001,116,238,
5516,94,2,0.1,0.30000001,119,238,
5517,94,2,0.1,0.30000001,118,238,
5518,94,2,0.1,0.30000001,117,238,
5519,94,2,0.1,0.30000001,120,238,
5520,94,2,0.1,0.30000001,110,238,
5521,94,2,0.1,0.30000001,113,238,
5522,94,2,0.1,0.30000001,112,238,
5523,94,2,0.1,0.30000001,111,238,
5524,94,2,0.1,0.30000001,114,238,
5525,94,2,0.1,0.30000001,122,238,
5526,94,2,0.1,0.30000001,125,238,
5527,94,2,0.1,0.30000001,124,238,
5528,94,2,0.1,0.30000001,123,238,
5529,94,2,0.1,0.30000001,126,238,
5530,94,2,0.1,0.2,195,238,
5531,94,2,0.1,0.2,196,238,
5532,94,2,0.1,0.2,197,238,
5533,94,2,0.1,0.2,192,238,
5534,94,2,0.1,0.2,193,238,
5535,94,2,0.1,0.2,194,238,
5536,94,2,0.1,0.40000001,234,238,
5537,94,2,0.1,0.40000001,235,238,
5538,94,2,0.1,0.40000001,236,238,
5539,94,2,0.1,0.40000001,264,238,
5540,94,2,0.1,0.40000001,265,238,
5541,94,2,0.1,0.40000001,266,238,
5542,94,2,0.1,0.1,198,238,
5543,94,2,0.1,0.1,201,238,
5544,94,2,0.1,0.1,237,238,
5545,94,2,0.1,0.1,267,238,
5546,94,3,0.60000002,0.30000001,350,238,
5547,94,3,0.60000002,0.30000001,356,238,
5548,94,3,0.60000002,0.30000001,353,238,
5549,94,3,0.60000002,0.30000001,359,238,
5550,94,3,0.60000002,0.30000001,362,238,
5551,94,3,0.60000002,0.30000001,330,238,
5552,94,3,0.60000002,0.30000001,331,238,
5553,94,3,0.60000002,0.30000001,337,238,
5554,94,3,0.60000002,0.30000001,338,238,
5555,94,3,0.60000002,0.30000001,339,238,
5556,94,3,0.60000002,0.30000001,340,238,
5557,94,3,0.60000002,0.30000001,341,238,
5558,94,3,0.60000002,0.1,367,238,
5559,94,3,0.60000002,0.1,368,238,
5560,94,3,0.60000002,0.1,369,238,
5561,94,3,0.60000002,0.1,370,238,
5562,94,3,0.60000002,0.1,371,238,
5563,94,3,0.60000002,0.1,342,238,
5564,94,3,0.60000002,0.1,343,238,
5565,94,3,0.60000002,0.1,344,238,
5566,94,3,0.60000002,0.1,345,238,
5567,94,3,0.60000002,0.1,346,238,
5568,94,3,0.60000002,0.1,347,238,
5569,94,3,0.60000002,8,379,238,
5570,94,4,0.1,0.1,380,238,
5571,121,1,90,80,276,235,"280"
5572,121,2,0.1,8,122,235,
5573,121,2,0.1,8,125,235,
5574,121,2,0.1,8,124,235,
5575,121,2,0.1,8,123,235,
5576,121,2,0.1,8,126,235,
5577,121,3,1.9,0.2,350,235,
5578,121,3,1.9,0.1,351,235,
5579,121,3,1.9,0.2,356,235,
5580,121,3,1.9,0.1,357,235,
5581,121,3,1.9,0.2,353,235,
5582,121,3,1.9,0.1,354,235,
5583,121,3,1.9,0.2,359,235,
5584,121,3,1.9,0.1,360,235,
5585,121,3,1.9,0.2,362,235,
5586,121,3,1.9,0.1,363,235,
5587,121,3,1.9,0.30000001,330,235,
5588,121,3,1.9,0.30000001,331,235,
5589,121,3,1.9,0.30000001,337,235,
5590,121,3,1.9,0.30000001,338,235,
5591,121,3,1.9,0.30000001,339,235,
5592,121,3,1.9,0.30000001,340,235,
5593,121,3,1.9,0.30000001,341,235,
5594,121,3,1.9,0.1,367,235,
5595,121,3,1.9,0.1,368,235,
5596,121,3,1.9,0.1,369,235,
5597,121,3,1.9,0.1,370,235,
5598,121,3,1.9,0.1,371,235,
5599,121,3,1.9,0.1,342,235,
5600,121,3,1.9,0.1,343,235,
5601,121,3,1.9,0.1,344,235,
5602,121,3,1.9,0.1,345,235,
5603,121,3,1.9,0.1,346,235,
5604,121,3,1.9,0.1,348,235,
5605,121,3,1.9,8,379,235,
5606,122,1,90,80,276,236,"280"
5607,122,2,0.1,8,116,236,
5608,122,2,0.1,8,119,236,
5609,122,2,0.1,8,118,236,
5610,122,2,0.1,8,117,236,
5611,122,2,0.1,8,120,236,
5612,122,3,1.9,0.2,350,236,
5613,122,3,1.9,0.1,351,236,
5614,122,3,1.9,0.2,356,236,
5615,122,3,1.9,0.1,357,236,
5616,122,3,1.9,0.2,353,236,
5617,122,3,1.9,0.1,354,236,
5618,122,3,1.9,0.2,359,236,
5619,122,3,1.9,0.1,360,236,
5620,122,3,1.9,0.2,362,236,
5621,122,3,1.9,0.1,363,236,
5622,122,3,1.9,0.30000001,330,236,
5623,122,3,1.9,0.30000001,331,236,
5624,122,3,1.9,0.30000001,337,236,
5625,122,3,1.9,0.30000001,338,236,
5626,122,3,1.9,0.30000001,339,236,
5627,122,3,1.9,0.30000001,340,236,
5628,122,3,1.9,0.30000001,341,236,
5629,122,3,1.9,0.1,367,236,
5630,122,3,1.9,0.1,368,236,
5631,122,3,1.9,0.1,369,236,
5632,122,3,1.9,0.1,370,236,
5633,122,3,1.9,0.1,371,236,
5634,122,3,1.9,0.1,342,236,
5635,122,3,1.9,0.1,343,236,
5636,122,3,1.9,0.1,344,236,
5637,122,3,1.9,0.1,345,236,
5638,122,3,1.9,0.1,346,236,
5639,122,3,1.9,0.1,348,236,
5640,122,3,1.9,8,379,236,
5641,123,1,90,80,276,237,"280"
5642,123,2,0.1,8,110,237,
5643,123,2,0.1,8,113,237,
5644,123,2,0.1,8,112,237,
5645,123,2,0.1,8,111,237,
5646,123,2,0.1,8,114,237,
5647,123,3,1.9,0.2,350,237,
5648,123,3,1.9,0.1,351,237,
5649,123,3,1.9,0.2,356,237,
5650,123,3,1.9,0.1,357,237,
5651,123,3,1.9,0.2,353,237,
5652,123,3,1.9,0.1,354,237,
5653,123,3,1.9,0.2,359,237,
5654,123,3,1.9,0.1,360,237,
5655,123,3,1.9,0.2,362,237,
5656,123,3,1.9,0.1,363,237,
5657,123,3,1.9,0.30000001,330,237,
5658,123,3,1.9,0.30000001,331,237,
5659,123,3,1.9,0.30000001,337,237,
5660,123,3,1.9,0.30000001,338,237,
5661,123,3,1.9,0.30000001,339,237,
5662,123,3,1.9,0.30000001,340,237,
5663,123,3,1.9,0.30000001,341,237,
5664,123,3,1.9,0.1,367,237,
5665,123,3,1.9,0.1,368,237,
5666,123,3,1.9,0.1,369,237,
5667,123,3,1.9,0.1,370,237,
5668,123,3,1.9,0.1,371,237,
5669,123,3,1.9,0.1,342,237,
5670,123,3,1.9,0.1,343,237,
5671,123,3,1.9,0.1,344,237,
5672,123,3,1.9,0.1,345,237,
5673,123,3,1.9,0.1,346,237,
5674,123,3,1.9,0.1,348,237,
5675,123,3,1.9,8,379,237,
5676,124,1,90,80,276,239,"334"
5677,124,2,0.1,2,192,239,
5678,124,2,0.1,2,193,239,
5679,124,2,0.1,2,194,239,
5680,124,2,0.1,2,234,239,
5681,124,2,0.1,2,235,239,
5682,124,2,0.1,2,236,239,
5683,124,2,0.1,2,264,239,
5684,124,2,0.1,2,265,239,
5685,124,2,0.1,2,266,239,
5686,124,2,0.1,2,195,239,
5687,124,2,0.1,2,196,239,
5688,124,2,0.1,2,197,239,
5689,124,2,0.1,1,198,239,
5690,124,2,0.1,1,199,239,
5691,124,2,0.1,1,200,239,
5692,124,2,0.1,1,201,239,
5693,124,2,0.1,1,202,239,
5694,124,2,0.1,1,203,239,
5695,124,2,0.1,1,237,239,
5696,124,2,0.1,1,238,239,
5697,124,2,0.1,1,239,239,
5698,124,2,0.1,1,267,239,
5699,124,2,0.1,1,268,239,
5700,124,2,0.1,1,269,239,
5701,124,3,1.9,0.2,350,239,
5702,124,3,1.9,0.1,351,239,
5703,124,3,1.9,0.2,356,239,
5704,124,3,1.9,0.1,357,239,
5705,124,3,1.9,0.2,353,239,
5706,124,3,1.9,0.1,354,239,
5707,124,3,1.9,0.2,359,239,
5708,124,3,1.9,0.1,360,239,
5709,124,3,1.9,0.2,362,239,
5710,124,3,1.9,0.1,363,239,
5711,124,3,1.9,0.30000001,330,239,
5712,124,3,1.9,0.30000001,331,239,
5713,124,3,1.9,0.30000001,337,239,
5714,124,3,1.9,0.30000001,338,239,
5715,124,3,1.9,0.30000001,339,239,
5716,124,3,1.9,0.30000001,340,239,
5717,124,3,1.9,0.30000001,341,239,
5718,124,3,1.9,0.1,367,239,
5719,124,3,1.9,0.1,368,239,
5720,124,3,1.9,0.1,369,239,
5721,124,3,1.9,0.1,370,239,
5722,124,3,1.9,0.1,371,239,
5723,124,3,1.9,0.1,342,239,
5724,124,3,1.9,0.1,343,239,
5725,124,3,1.9,0.1,344,239,
5726,124,3,1.9,0.1,345,239,
5727,124,3,1.9,0.1,346,239,
5728,124,3,1.9,0.1,348,239,
5729,124,3,1.9,8,379,239,
5730,125,1,90,80,276,240,"362"
5731,125,2,0.1,2,192,240,
5732,125,2,0.1,2,193,240,
5733,125,2,0.1,2,194,240,
5734,125,2,0.1,2,234,240,
5735,125,2,0.1,2,235,240,
5736,125,2,0.1,2,236,240,
5737,125,2,0.1,2,264,240,
5738,125,2,0.1,2,265,240,
5739,125,2,0.1,2,266,240,
5740,125,2,0.1,2,195,240,
5741,125,2,0.1,2,196,240,
5742,125,2,0.1,2,197,240,
5743,125,2,0.1,1,198,240,
5744,125,2,0.1,1,199,240,
5745,125,2,0.1,1,200,240,
5746,125,2,0.1,1,201,240,
5747,125,2,0.1,1,202,240,
5748,125,2,0.1,1,203,240,
5749,125,2,0.1,1,237,240,
5750,125,2,0.1,1,238,240,
5751,125,2,0.1,1,239,240,
5752,125,2,0.1,1,267,240,
5753,125,2,0.1,1,268,240,
5754,125,2,0.1,1,269,240,
5755,125,3,1.9,0.2,350,240,
5756,125,3,1.9,0.1,351,240,
5757,125,3,1.9,0.2,356,240,
5758,125,3,1.9,0.1,357,240,
5759,125,3,1.9,0.2,353,240,
5760,125,3,1.9,0.1,354,240,
5761,125,3,1.9,0.2,359,240,
5762,125,3,1.9,0.1,360,240,
5763,125,3,1.9,0.2,362,240,
5764,125,3,1.9,0.1,363,240,
5765,125,3,1.9,0.30000001,330,240,
5766,125,3,1.9,0.30000001,331,240,
5767,125,3,1.9,0.30000001,337,240,
5768,125,3,1.9,0.30000001,338,240,
5769,125,3,1.9,0.30000001,339,240,
5770,125,3,1.9,0.30000001,340,240,
5771,125,3,1.9,0.30000001,341,240,
5772,125,3,1.9,0.1,367,240,
5773,125,3,1.9,0.1,368,240,
5774,125,3,1.9,0.1,369,240,
5775,125,3,1.9,0.1,370,240,
5776,125,3,1.9,0.1,371,240,
5777,125,3,1.9,0.1,342,240,
5778,125,3,1.9,0.1,343,240,
5779,125,3,1.9,0.1,344,240,
5780,125,3,1.9,0.1,345,240,
5781,125,3,1.9,0.1,346,240,
5782,125,3,1.9,0.1,348,240,
5783,125,3,1.9,8,379,240,
5784,125,1,90,80,276,241,"362"
5785,125,2,0.1,2,192,241,
5786,125,2,0.1,2,193,241,
5787,125,2,0.1,2,194,241,
5788,125,2,0.1,2,234,241,
5789,125,2,0.1,2,235,241,
5790,125,2,0.1,2,236,241,
5791,125,2,0.1,2,264,241,
5792,125,2,0.1,2,265,241,
5793,125,2,0.1,2,266,241,
5794,125,2,0.1,2,195,241,
5795,125,2,0.1,2,196,241,
5796,125,2,0.1,2,197,241,
5797,125,2,0.1,1,198,241,
5798,125,2,0.1,1,199,241,
5799,125,2,0.1,1,200,241,
5800,125,2,0.1,1,201,241,
5801,125,2,0.1,1,202,241,
5802,125,2,0.1,1,203,241,
5803,125,2,0.1,1,237,241,
5804,125,2,0.1,1,238,241,
5805,125,2,0.1,1,239,241,
5806,125,2,0.1,1,267,241,
5807,125,2,0.1,1,268,241,
5808,125,2,0.1,1,269,241,
5809,125,3,1.9,0.2,350,241,
5810,125,3,1.9,0.1,351,241,
5811,125,3,1.9,0.2,356,241,
5812,125,3,1.9,0.1,357,241,
5813,125,3,1.9,0.2,353,241,
5814,125,3,1.9,0.1,354,241,
5815,125,3,1.9,0.2,359,241,
5816,125,3,1.9,0.1,360,241,
5817,125,3,1.9,0.2,362,241,
5818,125,3,1.9,0.1,363,241,
5819,125,3,1.9,0.30000001,330,241,
5820,125,3,1.9,0.30000001,331,241,
5821,125,3,1.9,0.30000001,337,241,
5822,125,3,1.9,0.30000001,338,241,
5823,125,3,1.9,0.30000001,339,241,
5824,125,3,1.9,0.30000001,340,241,
5825,125,3,1.9,0.30000001,341,241,
5826,125,3,1.9,0.1,367,241,
5827,125,3,1.9,0.1,368,241,
5828,125,3,1.9,0.1,369,241,
5829,125,3,1.9,0.1,370,241,
5830,125,3,1.9,0.1,371,241,
5831,125,3,1.9,0.1,342,241,
5832,125,3,1.9,0.1,343,241,
5833,125,3,1.9,0.1,344,241,
5834,125,3,1.9,0.1,345,241,
5835,125,3,1.9,0.1,346,241,
5836,125,3,1.9,0.1,348,241,
5837,125,3,1.9,8,379,241,
5838,95,1,80,65,276,90,"154"
5839,95,1,80,7,279,90,
5840,95,2,0.89999998,0.2,98,90,
5841,95,2,0.89999998,0.2,99,90,
5842,95,2,0.89999998,0.2,100,90,
5843,95,2,0.89999998,0.2,101,90,
5844,95,2,0.89999998,0.2,102,90,
5845,95,2,0.89999998,0.1,104,90,
5846,95,2,0.89999998,0.1,107,90,
5847,95,2,0.89999998,0.1,106,90,
5848,95,2,0.89999998,0.1,105,90,
5849,95,2,0.89999998,0.1,108,90,
5850,95,2,0.89999998,0.40000001,187,90,
5851,95,2,0.89999998,1,188,90,
5852,95,2,0.89999998,0.2,187,90,"Veteran Knights"
5853,95,2,0.89999998,0.40000001,188,90,"Veteran Knights"
5854,95,2,0.89999998,0.2,259,90,
5855,95,2,0.89999998,0.5,260,90,
5856,95,2,0.89999998,0.1,259,90,"Veteran Scholars"
5857,95,2,0.89999998,0.2,260,90,"Veteran Scholars"
5858,95,3,0.60000002,0.30000001,350,90,
5859,95,3,0.60000002,0.30000001,356,90,
5860,95,3,0.60000002,0.30000001,353,90,
5861,95,3,0.60000002,0.30000001,359,90,
5862,95,3,0.60000002,0.30000001,362,90,
5863,95,3,0.60000002,0.30000001,330,90,
5864,95,3,0.60000002,0.30000001,331,90,
5865,95,3,0.60000002,0.30000001,337,90,
5866,95,3,0.60000002,0.30000001,338,90,
5867,95,3,0.60000002,0.30000001,339,90,
5868,95,3,0.60000002,0.30000001,340,90,
5869,95,3,0.60000002,0.30000001,341,90,
5870,95,3,0.60000002,0.1,367,90,
5871,95,3,0.60000002,0.1,368,90,
5872,95,3,0.60000002,0.1,369,90,
5873,95,3,0.60000002,0.1,370,90,
5874,95,3,0.60000002,0.1,371,90,
5875,95,3,0.60000002,0.1,342,90,
5876,95,3,0.60000002,0.1,343,90,
5877,95,3,0.60000002,0.1,344,90,
5878,95,3,0.60000002,0.1,345,90,
5879,95,3,0.60000002,0.1,346,90,
5880,95,3,0.60000002,0.1,347,90,
5881,95,3,0.60000002,4.8000002,378,90,
5882,95,3,0.60000002,4.8000002,377,90,
5883,95,3,0.60000002,8,379,90,
5884,95,4,0.1,0.1,380,90,
5885,95,4,0.1,0.1,192,90,
5886,95,4,0.1,0.1,195,90,
5887,95,4,0.1,0.1,264,90,
5888,96,1,80,65,276,91,"154"
5889,96,1,80,7,279,91,
5890,96,2,0.89999998,0.2,92,91,
5891,96,2,0.89999998,0.2,95,91,
5892,96,2,0.89999998,0.2,94,91,
5893,96,2,0.89999998,0.2,93,91,
5894,96,2,0.89999998,0.2,96,91,
5895,96,2,0.89999998,0.1,104,91,
5896,96,2,0.89999998,0.1,107,91,
5897,96,2,0.89999998,0.1,106,91,
5898,96,2,0.89999998,0.1,105,91,
5899,96,2,0.89999998,0.1,108,91,
5900,96,2,0.89999998,0.40000001,229,91,
5901,96,2,0.89999998,1,230,91,
5902,96,2,0.89999998,0.2,229,91,"Veteran Archers"
5903,96,2,0.89999998,0.40000001,230,91,"Veteran Archers"
5904,96,2,0.89999998,0.2,259,91,
5905,96,2,0.89999998,0.5,260,91,
5906,96,2,0.89999998,0.1,259,91,"Veteran Scholars"
5907,96,2,0.89999998,0.2,260,91,"Veteran Scholars"
5908,96,3,0.60000002,0.30000001,350,91,
5909,96,3,0.60000002,0.30000001,356,91,
5910,96,3,0.60000002,0.30000001,353,91,
5911,96,3,0.60000002,0.30000001,359,91,
5912,96,3,0.60000002,0.30000001,362,91,
5913,96,3,0.60000002,0.30000001,330,91,
5914,96,3,0.60000002,0.30000001,331,91,
5915,96,3,0.60000002,0.30000001,337,91,
5916,96,3,0.60000002,0.30000001,338,91,
5917,96,3,0.60000002,0.30000001,339,91,
5918,96,3,0.60000002,0.30000001,340,91,
5919,96,3,0.60000002,0.30000001,341,91,
5920,96,3,0.60000002,0.1,367,91,
5921,96,3,0.60000002,0.1,368,91,
5922,96,3,0.60000002,0.1,369,91,
5923,96,3,0.60000002,0.1,370,91,
5924,96,3,0.60000002,0.1,371,91,
5925,96,3,0.60000002,0.1,342,91,
5926,96,3,0.60000002,0.1,343,91,
5927,96,3,0.60000002,0.1,344,91,
5928,96,3,0.60000002,0.1,345,91,
5929,96,3,0.60000002,0.1,346,91,
5930,96,3,0.60000002,0.1,347,91,
5931,96,3,0.60000002,4.8000002,378,91,
5932,96,3,0.60000002,4.8000002,377,91,
5933,96,3,0.60000002,8,379,91,
5934,96,4,0.1,0.1,380,91,
5935,96,4,0.1,0.1,234,91,
5936,96,4,0.1,0.1,264,91,
5937,97,1,80,65,276,98,"156"
5938,97,1,80,7,279,98,
5939,97,2,2.0999999,0.1,92,98,
5940,97,2,2.0999999,0.1,95,98,
5941,97,2,2.0999999,0.1,94,98,
5942,97,2,2.0999999,0.1,93,98,
5943,97,2,2.0999999,0.1,96,98,
5944,97,2,2.0999999,0.1,229,98,"Veteran Archers"
5945,97,2,2.0999999,0.2,230,98,"Veteran Archers"
5946,97,2,2.0999999,0.5,229,98,
5947,97,2,2.0999999,0.80000001,230,98,
5948,97,2,2.0999999,0.1,234,98,
5949,97,3,0.60000002,0.30000001,350,98,
5950,97,3,0.60000002,0.30000001,356,98,
5951,97,3,0.60000002,0.30000001,353,98,
5952,97,3,0.60000002,0.30000001,359,98,
5953,97,3,0.60000002,0.30000001,362,98,
5954,97,3,0.60000002,0.30000001,330,98,
5955,97,3,0.60000002,0.30000001,331,98,
5956,97,3,0.60000002,0.30000001,337,98,
5957,97,3,0.60000002,0.30000001,338,98,
5958,97,3,0.60000002,0.30000001,339,98,
5959,97,3,0.60000002,0.30000001,340,98,
5960,97,3,0.60000002,0.30000001,341,98,
5961,97,3,0.60000002,0.1,367,98,
5962,97,3,0.60000002,0.1,368,98,
5963,97,3,0.60000002,0.1,369,98,
5964,97,3,0.60000002,0.1,370,98,
5965,97,3,0.60000002,0.1,371,98,
5966,97,3,0.60000002,0.1,342,98,
5967,97,3,0.60000002,0.1,343,98,
5968,97,3,0.60000002,0.1,344,98,
5969,97,3,0.60000002,0.1,345,98,
5970,97,3,0.60000002,0.1,346,98,
5971,97,3,0.60000002,0.1,347,98,
5972,97,3,0.60000002,4.8000002,378,98,
5973,97,3,0.60000002,4.8000002,377,98,
5974,97,3,0.60000002,8,379,98,
5975,97,4,0.1,0.1,380,98,
5976,97,4,0.1,0.1,235,98,
5977,97,4,0.1,0.1,236,98,
5978,98,1,80,65,276,117,"160"
5979,98,1,80,7,279,117,
5980,98,2,2.3,0.1,92,117,
5981,98,2,2.3,0.1,95,117,
5982,98,2,2.3,0.1,94,117,
5983,98,2,2.3,0.1,93,117,
5984,98,2,2.3,0.1,96,117,
5985,98,2,2.3,0.1,229,117,"Skillful Archers "
5986,98,2,2.3,0.2,230,117,"Skillful Archers "
5987,98,2,2.3,0.1,229,117,"Expert Archers"
5988,98,2,2.3,0.2,230,117,"Expert Archers"
5989,98,2,2.3,0.30000001,229,117,
5990,98,2,2.3,0.69999999,230,117,
5991,98,2,2.3,0.1,234,117,
5992,98,3,0.60000002,0.30000001,350,117,
5993,98,3,0.60000002,0.30000001,356,117,
5994,98,3,0.60000002,0.30000001,353,117,
5995,98,3,0.60000002,0.30000001,359,117,
5996,98,3,0.60000002,0.30000001,362,117,
5997,98,3,0.60000002,0.30000001,330,117,
5998,98,3,0.60000002,0.30000001,331,117,
5999,98,3,0.60000002,0.30000001,337,117,
6000,98,3,0.60000002,0.30000001,338,117,
6001,98,3,0.60000002,0.30000001,339,117,
6002,98,3,0.60000002,0.30000001,340,117,
6003,98,3,0.60000002,0.30000001,341,117,
6004,98,3,0.60000002,0.1,367,117,
6005,98,3,0.60000002,0.1,368,117,
6006,98,3,0.60000002,0.1,369,117,
6007,98,3,0.60000002,0.1,370,117,
6008,98,3,0.60000002,0.1,371,117,
6009,98,3,0.60000002,0.1,342,117,
6010,98,3,0.60000002,0.1,343,117,
6011,98,3,0.60000002,0.1,344,117,
6012,98,3,0.60000002,0.1,345,117,
6013,98,3,0.60000002,0.1,346,117,
6014,98,3,0.60000002,0.1,347,117,
6015,98,3,0.60000002,4.8000002,378,117,
6016,98,3,0.60000002,4.8000002,377,117,
6017,98,3,0.60000002,8,379,117,
6018,98,4,0.1,0.1,380,117,
6019,98,4,0.1,0.1,235,117,
6020,98,4,0.1,0.1,236,117,
6021,99,1,80,75,276,134,"196"
6022,99,1,80,5,279,134,
6023,99,2,0.2,0.80000001,92,134,
6024,99,2,0.2,0.80000001,95,134,
6025,99,2,0.2,0.80000001,94,134,
6026,99,2,0.2,0.80000001,93,134,
6027,99,2,0.2,0.80000001,96,134,
6028,99,2,0.2,0.1,110,134,
6029,99,2,0.2,0.1,113,134,
6030,99,2,0.2,0.1,112,134,
6031,99,2,0.2,0.1,111,134,
6032,99,2,0.2,0.1,114,134,
6033,99,2,0.2,7,229,134,
6034,99,2,0.2,13,230,134,
6035,99,2,0.2,2,229,134,"Expert Archers"
6036,99,2,0.2,3,230,134,"Expert Archers"
6037,99,2,0.2,0.30000001,234,134,
6038,99,2,0.2,0.30000001,235,134,
6039,99,2,0.2,0.30000001,236,134,
6040,99,3,0.60000002,0.2,350,134,
6041,99,3,0.60000002,0.1,351,134,
6042,99,3,0.60000002,0.2,356,134,
6043,99,3,0.60000002,0.1,357,134,
6044,99,3,0.60000002,0.2,353,134,
6045,99,3,0.60000002,0.1,354,134,
6046,99,3,0.60000002,0.2,359,134,
6047,99,3,0.60000002,0.1,360,134,
6048,99,3,0.60000002,0.2,362,134,
6049,99,3,0.60000002,0.1,363,134,
6050,99,3,0.60000002,0.30000001,330,134,
6051,99,3,0.60000002,0.30000001,331,134,
6052,99,3,0.60000002,0.30000001,337,134,
6053,99,3,0.60000002,0.30000001,338,134,
6054,99,3,0.60000002,0.30000001,339,134,
6055,99,3,0.60000002,0.30000001,340,134,
6056,99,3,0.60000002,0.30000001,341,134,
6057,99,3,0.60000002,0.1,367,134,
6058,99,3,0.60000002,0.1,368,134,
6059,99,3,0.60000002,0.1,369,134,
6060,99,3,0.60000002,0.1,370,134,
6061,99,3,0.60000002,0.1,371,134,
6062,99,3,0.60000002,0.1,342,134,
6063,99,3,0.60000002,0.1,343,134,
6064,99,3,0.60000002,0.1,344,134,
6065,99,3,0.60000002,0.1,345,134,
6066,99,3,0.60000002,0.1,346,134,
6067,99,3,0.60000002,0.1,348,134,
6068,99,3,0.60000002,8,379,134,
6069,99,4,0.1,0.1,380,134,
6070,99,4,0.1,0.1,237,134,
6071,99,4,0.1,0.1,240,134,
6072,100,1,80,75,276,150,"214"
6073,100,1,80,5,279,150,
6074,100,2,0.2,1.2,92,150,
6075,100,2,0.2,1.2,95,150,
6076,100,2,0.2,1.2,94,150,
6077,100,2,0.2,1.2,93,150,
6078,100,2,0.2,1.2,96,150,
6079,100,2,0.2,0.2,110,150,
6080,100,2,0.2,0.2,113,150,
6081,100,2,0.2,0.2,112,150,
6082,100,2,0.2,0.2,111,150,
6083,100,2,0.2,0.2,114,150,
6084,100,2,0.2,7,229,150,
6085,100,2,0.2,13.5,230,150,
6086,100,2,0.2,2,229,150,"Expert Archers"
6087,100,2,0.2,3.5,230,150,"Expert Archers"
6088,100,2,0.2,0.40000001,234,150,
6089,100,2,0.2,0.30000001,235,150,
6090,100,2,0.2,0.30000001,236,150,
6091,100,3,0.60000002,0.2,350,150,
6092,100,3,0.60000002,0.1,351,150,
6093,100,3,0.60000002,0.2,356,150,
6094,100,3,0.60000002,0.1,357,150,
6095,100,3,0.60000002,0.2,353,150,
6096,100,3,0.60000002,0.1,354,150,
6097,100,3,0.60000002,0.2,359,150,
6098,100,3,0.60000002,0.1,360,150,
6099,100,3,0.60000002,0.2,362,150,
6100,100,3,0.60000002,0.1,363,150,
6101,100,3,0.60000002,0.30000001,330,150,
6102,100,3,0.60000002,0.30000001,331,150,
6103,100,3,0.60000002,0.30000001,337,150,
6104,100,3,0.60000002,0.30000001,338,150,
6105,100,3,0.60000002,0.30000001,339,150,
6106,100,3,0.60000002,0.30000001,340,150,
6107,100,3,0.60000002,0.30000001,341,150,
6108,100,3,0.60000002,0.1,367,150,
6109,100,3,0.60000002,0.1,368,150,
6110,100,3,0.60000002,0.1,369,150,
6111,100,3,0.60000002,0.1,370,150,
6112,100,3,0.60000002,0.1,371,150,
6113,100,3,0.60000002,0.1,342,150,
6114,100,3,0.60000002,0.1,343,150,
6115,100,3,0.60000002,0.1,344,150,
6116,100,3,0.60000002,0.1,345,150,
6117,100,3,0.60000002,0.1,346,150,
6118,100,3,0.60000002,0.1,348,150,
6119,100,3,0.60000002,8,379,150,
6120,100,4,0.1,0.1,380,150,
6121,100,4,0.1,0.1,237,150,
6122,100,4,0.1,0.1,240,150,
6123,101,1,80,65,276,96,"156"
6124,101,1,80,7,279,96,
6125,101,2,2.0999999,0.1,98,96,
6126,101,2,2.0999999,0.1,99,96,
6127,101,2,2.0999999,0.1,100,96,
6128,101,2,2.0999999,0.1,101,96,
6129,101,2,2.0999999,0.1,102,96,
6130,101,2,2.0999999,0.1,187,96,"Veteran Knights"
6131,101,2,2.0999999,0.2,188,96,"Veteran Knights"
6132,101,2,2.0999999,0.5,187,96,
6133,101,2,2.0999999,0.80000001,188,96,
6134,101,2,2.0999999,0.1,192,96,
6135,101,3,0.60000002,0.30000001,350,96,
6136,101,3,0.60000002,0.30000001,356,96,
6137,101,3,0.60000002,0.30000001,353,96,
6138,101,3,0.60000002,0.30000001,359,96,
6139,101,3,0.60000002,0.30000001,362,96,
6140,101,3,0.60000002,0.30000001,330,96,
6141,101,3,0.60000002,0.30000001,331,96,
6142,101,3,0.60000002,0.30000001,337,96,
6143,101,3,0.60000002,0.30000001,338,96,
6144,101,3,0.60000002,0.30000001,339,96,
6145,101,3,0.60000002,0.30000001,340,96,
6146,101,3,0.60000002,0.30000001,341,96,
6147,101,3,0.60000002,0.1,367,96,
6148,101,3,0.60000002,0.1,368,96,
6149,101,3,0.60000002,0.1,369,96,
6150,101,3,0.60000002,0.1,370,96,
6151,101,3,0.60000002,0.1,371,96,
6152,101,3,0.60000002,0.1,342,96,
6153,101,3,0.60000002,0.1,343,96,
6154,101,3,0.60000002,0.1,344,96,
6155,101,3,0.60000002,0.1,345,96,
6156,101,3,0.60000002,0.1,346,96,
6157,101,3,0.60000002,0.1,347,96,
6158,101,3,0.60000002,4.8000002,378,96,
6159,101,3,0.60000002,4.8000002,377,96,
6160,101,3,0.60000002,8,379,96,
6161,101,4,0.1,0.1,380,96,
6162,101,4,0.1,0.1,193,96,
6163,101,4,0.1,0.1,194,96,
6164,102,1,80,65,276,116,"160"
6165,102,1,80,7,279,116,
6166,102,2,2.3,0.1,98,116,
6167,102,2,2.3,0.1,99,116,
6168,102,2,2.3,0.1,100,116,
6169,102,2,2.3,0.1,101,116,
6170,102,2,2.3,0.1,102,116,
6171,102,2,2.3,0.1,187,116,"Strong Knights"
6172,102,2,2.3,0.2,188,116,"Strong Knights"
6173,102,2,2.3,0.1,187,116,"Expert Knights"
6174,102,2,2.3,0.2,188,116,"Expert Knights"
6175,102,2,2.3,0.30000001,187,116,
6176,102,2,2.3,0.69999999,188,116,
6177,102,2,2.3,0.1,192,116,
6178,102,3,0.60000002,0.30000001,350,116,
6179,102,3,0.60000002,0.30000001,356,116,
6180,102,3,0.60000002,0.30000001,353,116,
6181,102,3,0.60000002,0.30000001,359,116,
6182,102,3,0.60000002,0.30000001,362,116,
6183,102,3,0.60000002,0.30000001,330,116,
6184,102,3,0.60000002,0.30000001,331,116,
6185,102,3,0.60000002,0.30000001,337,116,
6186,102,3,0.60000002,0.30000001,338,116,
6187,102,3,0.60000002,0.30000001,339,116,
6188,102,3,0.60000002,0.30000001,340,116,
6189,102,3,0.60000002,0.30000001,341,116,
6190,102,3,0.60000002,0.1,367,116,
6191,102,3,0.60000002,0.1,368,116,
6192,102,3,0.60000002,0.1,369,116,
6193,102,3,0.60000002,0.1,370,116,
6194,102,3,0.60000002,0.1,371,116,
6195,102,3,0.60000002,0.1,342,116,
6196,102,3,0.60000002,0.1,343,116,
6197,102,3,0.60000002,0.1,344,116,
6198,102,3,0.60000002,0.1,345,116,
6199,102,3,0.60000002,0.1,346,116,
6200,102,3,0.60000002,0.1,347,116,
6201,102,3,0.60000002,4.8000002,378,116,
6202,102,3,0.60000002,4.8000002,377,116,
6203,102,3,0.60000002,8,379,116,
6204,102,4,0.1,0.1,380,116,
6205,102,4,0.1,0.1,193,116,
6206,102,4,0.1,0.1,194,116,
6207,103,1,80,75,276,133,"196"
6208,103,1,80,5,279,133,
6209,103,2,0.2,0.80000001,98,133,
6210,103,2,0.2,0.80000001,99,133,
6211,103,2,0.2,0.80000001,100,133,
6212,103,2,0.2,0.80000001,101,133,
6213,103,2,0.2,0.80000001,102,133,
6214,103,2,0.2,0.1,116,133,
6215,103,2,0.2,0.1,119,133,
6216,103,2,0.2,0.1,118,133,
6217,103,2,0.2,0.1,117,133,
6218,103,2,0.2,0.1,120,133,
6219,103,2,0.2,7,187,133,
6220,103,2,0.2,13,188,133,
6221,103,2,0.2,2,187,133,"Expert Knights"
6222,103,2,0.2,3,188,133,"Expert Knights"
6223,103,2,0.2,0.30000001,192,133,
6224,103,2,0.2,0.30000001,193,133,
6225,103,2,0.2,0.30000001,194,133,
6226,103,3,0.60000002,0.2,350,133,
6227,103,3,0.60000002,0.1,351,133,
6228,103,3,0.60000002,0.2,356,133,
6229,103,3,0.60000002,0.1,357,133,
6230,103,3,0.60000002,0.2,353,133,
6231,103,3,0.60000002,0.1,354,133,
6232,103,3,0.60000002,0.2,359,133,
6233,103,3,0.60000002,0.1,360,133,
6234,103,3,0.60000002,0.2,362,133,
6235,103,3,0.60000002,0.1,363,133,
6236,103,3,0.60000002,0.30000001,330,133,
6237,103,3,0.60000002,0.30000001,331,133,
6238,103,3,0.60000002,0.30000001,337,133,
6239,103,3,0.60000002,0.30000001,338,133,
6240,103,3,0.60000002,0.30000001,339,133,
6241,103,3,0.60000002,0.30000001,340,133,
6242,103,3,0.60000002,0.30000001,341,133,
6243,103,3,0.60000002,0.1,367,133,
6244,103,3,0.60000002,0.1,368,133,
6245,103,3,0.60000002,0.1,369,133,
6246,103,3,0.60000002,0.1,370,133,
6247,103,3,0.60000002,0.1,371,133,
6248,103,3,0.60000002,0.1,342,133,
6249,103,3,0.60000002,0.1,343,133,
6250,103,3,0.60000002,0.1,344,133,
6251,103,3,0.60000002,0.1,345,133,
6252,103,3,0.60000002,0.1,346,133,
6253,103,3,0.60000002,0.1,348,133,
6254,103,3,0.60000002,8,379,133,
6255,103,4,0.1,0.1,380,133,
6256,103,4,0.1,0.1,198,133,
6257,103,4,0.1,0.1,204,133,
6258,104,1,80,75,276,149,"214"
6259,104,1,80,5,279,149,
6260,104,2,0.2,1.2,98,149,
6261,104,2,0.2,1.2,99,149,
6262,104,2,0.2,1.2,100,149,
6263,104,2,0.2,1.2,101,149,
6264,104,2,0.2,1.2,102,149,
6265,104,2,0.2,0.2,116,149,
6266,104,2,0.2,0.2,119,149,
6267,104,2,0.2,0.2,118,149,
6268,104,2,0.2,0.2,117,149,
6269,104,2,0.2,0.2,120,149,
6270,104,2,0.2,7,187,149,
6271,104,2,0.2,13.5,188,149,
6272,104,2,0.2,2,187,149,"Expert Knights"
6273,104,2,0.2,3.5,188,149,"Expert Knights"
6274,104,2,0.2,0.40000001,192,149,
6275,104,2,0.2,0.30000001,193,149,
6276,104,2,0.2,0.30000001,194,149,
6277,104,3,0.60000002,0.2,350,149,
6278,104,3,0.60000002,0.1,351,149,
6279,104,3,0.60000002,0.2,356,149,
6280,104,3,0.60000002,0.1,357,149,
6281,104,3,0.60000002,0.2,353,149,
6282,104,3,0.60000002,0.1,354,149,
6283,104,3,0.60000002,0.2,359,149,
6284,104,3,0.60000002,0.1,360,149,
6285,104,3,0.60000002,0.2,362,149,
6286,104,3,0.60000002,0.1,363,149,
6287,104,3,0.60000002,0.30000001,330,149,
6288,104,3,0.60000002,0.30000001,331,149,
6289,104,3,0.60000002,0.30000001,337,149,
6290,104,3,0.60000002,0.30000001,338,149,
6291,104,3,0.60000002,0.30000001,339,149,
6292,104,3,0.60000002,0.30000001,340,149,
6293,104,3,0.60000002,0.30000001,341,149,
6294,104,3,0.60000002,0.1,367,149,
6295,104,3,0.60000002,0.1,368,149,
6296,104,3,0.60000002,0.1,369,149,
6297,104,3,0.60000002,0.1,370,149,
6298,104,3,0.60000002,0.1,371,149,
6299,104,3,0.60000002,0.1,342,149,
6300,104,3,0.60000002,0.1,343,149,
6301,104,3,0.60000002,0.1,344,149,
6302,104,3,0.60000002,0.1,345,149,
6303,104,3,0.60000002,0.1,346,149,
6304,104,3,0.60000002,0.1,348,149,
6305,104,3,0.60000002,8,379,149,
6306,104,4,0.1,0.1,380,149,
6307,104,4,0.1,0.1,198,149,
6308,104,4,0.1,0.1,204,149,
6309,105,1,80,65,276,102,"156"
6310,105,1,80,7,279,102,
6311,105,2,2.0999999,0.1,98,102,
6312,105,2,2.0999999,0.1,99,102,
6313,105,2,2.0999999,0.1,100,102,
6314,105,2,2.0999999,0.1,101,102,
6315,105,2,2.0999999,0.1,102,102,
6316,105,2,2.0999999,0.1,187,102,"Veteran Knights"
6317,105,2,2.0999999,0.2,188,102,"Veteran Knights"
6318,105,2,2.0999999,0.5,187,102,
6319,105,2,2.0999999,0.80000001,188,102,
6320,105,2,2.0999999,0.1,195,102,
6321,105,3,0.60000002,0.30000001,350,102,
6322,105,3,0.60000002,0.30000001,356,102,
6323,105,3,0.60000002,0.30000001,353,102,
6324,105,3,0.60000002,0.30000001,359,102,
6325,105,3,0.60000002,0.30000001,362,102,
6326,105,3,0.60000002,0.30000001,330,102,
6327,105,3,0.60000002,0.30000001,331,102,
6328,105,3,0.60000002,0.30000001,337,102,
6329,105,3,0.60000002,0.30000001,338,102,
6330,105,3,0.60000002,0.30000001,339,102,
6331,105,3,0.60000002,0.30000001,340,102,
6332,105,3,0.60000002,0.30000001,341,102,
6333,105,3,0.60000002,0.1,367,102,
6334,105,3,0.60000002,0.1,368,102,
6335,105,3,0.60000002,0.1,369,102,
6336,105,3,0.60000002,0.1,370,102,
6337,105,3,0.60000002,0.1,371,102,
6338,105,3,0.60000002,0.1,342,102,
6339,105,3,0.60000002,0.1,343,102,
6340,105,3,0.60000002,0.1,344,102,
6341,105,3,0.60000002,0.1,345,102,
6342,105,3,0.60000002,0.1,346,102,
6343,105,3,0.60000002,0.1,347,102,
6344,105,3,0.60000002,4.8000002,378,102,
6345,105,3,0.60000002,4.8000002,377,102,
6346,105,3,0.60000002,8,379,102,
6347,105,4,0.1,0.1,380,102,
6348,105,4,0.1,0.1,196,102,
6349,105,4,0.1,0.1,197,102,
6350,106,1,80,65,276,119,"160"
6351,106,1,80,7,279,119,
6352,106,2,2.3,0.1,98,119,
6353,106,2,2.3,0.1,99,119,
6354,106,2,2.3,0.1,100,119,
6355,106,2,2.3,0.1,101,119,
6356,106,2,2.3,0.1,102,119,
6357,106,2,2.3,0.1,187,119,"Strong Knights"
6358,106,2,2.3,0.2,188,119,"Strong Knights"
6359,106,2,2.3,0.1,187,119,"Expert Knights"
6360,106,2,2.3,0.2,188,119,"Expert Knights"
6361,106,2,2.3,0.30000001,187,119,
6362,106,2,2.3,0.69999999,188,119,
6363,106,2,2.3,0.1,195,119,
6364,106,3,0.60000002,0.30000001,350,119,
6365,106,3,0.60000002,0.30000001,356,119,
6366,106,3,0.60000002,0.30000001,353,119,
6367,106,3,0.60000002,0.30000001,359,119,
6368,106,3,0.60000002,0.30000001,362,119,
6369,106,3,0.60000002,0.30000001,330,119,
6370,106,3,0.60000002,0.30000001,331,119,
6371,106,3,0.60000002,0.30000001,337,119,
6372,106,3,0.60000002,0.30000001,338,119,
6373,106,3,0.60000002,0.30000001,339,119,
6374,106,3,0.60000002,0.30000001,340,119,
6375,106,3,0.60000002,0.30000001,341,119,
6376,106,3,0.60000002,0.1,367,119,
6377,106,3,0.60000002,0.1,368,119,
6378,106,3,0.60000002,0.1,369,119,
6379,106,3,0.60000002,0.1,370,119,
6380,106,3,0.60000002,0.1,371,119,
6381,106,3,0.60000002,0.1,342,119,
6382,106,3,0.60000002,0.1,343,119,
6383,106,3,0.60000002,0.1,344,119,
6384,106,3,0.60000002,0.1,345,119,
6385,106,3,0.60000002,0.1,346,119,
6386,106,3,0.60000002,0.1,347,119,
6387,106,3,0.60000002,4.8000002,378,119,
6388,106,3,0.60000002,4.8000002,377,119,
6389,106,3,0.60000002,8,379,119,
6390,106,4,0.1,0.1,380,119,
6391,106,4,0.1,0.1,196,119,
6392,106,4,0.1,0.1,197,119,
6393,107,1,80,75,276,136,"196"
6394,107,1,80,5,279,136,
6395,107,2,0.2,0.80000001,98,136,
6396,107,2,0.2,0.80000001,99,136,
6397,107,2,0.2,0.80000001,100,136,
6398,107,2,0.2,0.80000001,101,136,
6399,107,2,0.2,0.80000001,102,136,
6400,107,2,0.2,0.1,116,136,
6401,107,2,0.2,0.1,119,136,
6402,107,2,0.2,0.1,118,136,
6403,107,2,0.2,0.1,117,136,
6404,107,2,0.2,0.1,120,136,
6405,107,2,0.2,7,187,136,
6406,107,2,0.2,13,188,136,
6407,107,2,0.2,2,187,136,"Expert Knights"
6408,107,2,0.2,3,188,136,"Expert Knights"
6409,107,2,0.2,0.30000001,195,136,
6410,107,2,0.2,0.30000001,196,136,
6411,107,2,0.2,0.30000001,197,136,
6412,107,3,0.60000002,0.2,350,136,
6413,107,3,0.60000002,0.1,351,136,
6414,107,3,0.60000002,0.2,356,136,
6415,107,3,0.60000002,0.1,357,136,
6416,107,3,0.60000002,0.2,353,136,
6417,107,3,0.60000002,0.1,354,136,
6418,107,3,0.60000002,0.2,359,136,
6419,107,3,0.60000002,0.1,360,136,
6420,107,3,0.60000002,0.2,362,136,
6421,107,3,0.60000002,0.1,363,136,
6422,107,3,0.60000002,0.30000001,330,136,
6423,107,3,0.60000002,0.30000001,331,136,
6424,107,3,0.60000002,0.30000001,337,136,
6425,107,3,0.60000002,0.30000001,338,136,
6426,107,3,0.60000002,0.30000001,339,136,
6427,107,3,0.60000002,0.30000001,340,136,
6428,107,3,0.60000002,0.30000001,341,136,
6429,107,3,0.60000002,0.1,367,136,
6430,107,3,0.60000002,0.1,368,136,
6431,107,3,0.60000002,0.1,369,136,
6432,107,3,0.60000002,0.1,370,136,
6433,107,3,0.60000002,0.1,371,136,
6434,107,3,0.60000002,0.1,342,136,
6435,107,3,0.60000002,0.1,343,136,
6436,107,3,0.60000002,0.1,344,136,
6437,107,3,0.60000002,0.1,345,136,
6438,107,3,0.60000002,0.1,346,136,
6439,107,3,0.60000002,0.1,348,136,
6440,107,3,0.60000002,8,379,136,
6441,107,4,0.1,0.1,380,136,
6442,107,4,0.1,0.1,201,136,
6443,107,4,0.1,0.1,207,136,
6444,108,1,80,75,276,152,"214"
6445,108,1,80,5,279,152,
6446,108,2,0.2,1.2,98,152,
6447,108,2,0.2,1.2,99,152,
6448,108,2,0.2,1.2,100,152,
6449,108,2,0.2,1.2,101,152,
6450,108,2,0.2,1.2,102,152,
6451,108,2,0.2,0.2,116,152,
6452,108,2,0.2,0.2,119,152,
6453,108,2,0.2,0.2,118,152,
6454,108,2,0.2,0.2,117,152,
6455,108,2,0.2,0.2,120,152,
6456,108,2,0.2,7,187,152,
6457,108,2,0.2,13.5,188,152,
6458,108,2,0.2,2,187,152,"Expert Knights"
6459,108,2,0.2,3.5,188,152,"Expert Knights"
6460,108,2,0.2,0.40000001,195,152,
6461,108,2,0.2,0.30000001,196,152,
6462,108,2,0.2,0.30000001,197,152,
6463,108,3,0.60000002,0.2,350,152,
6464,108,3,0.60000002,0.1,351,152,
6465,108,3,0.60000002,0.2,356,152,
6466,108,3,0.60000002,0.1,357,152,
6467,108,3,0.60000002,0.2,353,152,
6468,108,3,0.60000002,0.1,354,152,
6469,108,3,0.60000002,0.2,359,152,
6470,108,3,0.60000002,0.1,360,152,
6471,108,3,0.60000002,0.2,362,152,
6472,108,3,0.60000002,0.1,363,152,
6473,108,3,0.60000002,0.30000001,330,152,
6474,108,3,0.60000002,0.30000001,331,152,
6475,108,3,0.60000002,0.30000001,337,152,
6476,108,3,0.60000002,0.30000001,338,152,
6477,108,3,0.60000002,0.30000001,339,152,
6478,108,3,0.60000002,0.30000001,340,152,
6479,108,3,0.60000002,0.30000001,341,152,
6480,108,3,0.60000002,0.1,367,152,
6481,108,3,0.60000002,0.1,368,152,
6482,108,3,0.60000002,0.1,369,152,
6483,108,3,0.60000002,0.1,370,152,
6484,108,3,0.60000002,0.1,371,152,
6485,108,3,0.60000002,0.1,342,152,
6486,108,3,0.60000002,0.1,343,152,
6487,108,3,0.60000002,0.1,344,152,
6488,108,3,0.60000002,0.1,345,152,
6489,108,3,0.60000002,0.1,346,152,
6490,108,3,0.60000002,0.1,348,152,
6491,108,3,0.60000002,8,379,152,
6492,108,4,0.1,0.1,380,152,
6493,108,4,0.1,0.1,201,152,
6494,108,4,0.1,0.1,207,152,
6495,109,1,80,65,276,100,"156"
6496,109,1,80,7,279,100,
6497,109,2,2.0999999,0.1,104,100,
6498,109,2,2.0999999,0.1,107,100,
6499,109,2,2.0999999,0.1,106,100,
6500,109,2,2.0999999,0.1,105,100,
6501,109,2,2.0999999,0.1,108,100,
6502,109,2,2.0999999,0.1,259,100,"Veteran Scholars"
6503,109,2,2.0999999,0.2,260,100,"Veteran Scholars"
6504,109,2,2.0999999,0.5,259,100,
6505,109,2,2.0999999,0.80000001,260,100,
6506,109,2,2.0999999,0.1,264,100,
6507,109,3,0.60000002,0.30000001,350,100,
6508,109,3,0.60000002,0.30000001,356,100,
6509,109,3,0.60000002,0.30000001,353,100,
6510,109,3,0.60000002,0.30000001,359,100,
6511,109,3,0.60000002,0.30000001,362,100,
6512,109,3,0.60000002,0.30000001,330,100,
6513,109,3,0.60000002,0.30000001,331,100,
6514,109,3,0.60000002,0.30000001,337,100,
6515,109,3,0.60000002,0.30000001,338,100,
6516,109,3,0.60000002,0.30000001,339,100,
6517,109,3,0.60000002,0.30000001,340,100,
6518,109,3,0.60000002,0.30000001,341,100,
6519,109,3,0.60000002,0.1,367,100,
6520,109,3,0.60000002,0.1,368,100,
6521,109,3,0.60000002,0.1,369,100,
6522,109,3,0.60000002,0.1,370,100,
6523,109,3,0.60000002,0.1,371,100,
6524,109,3,0.60000002,0.1,342,100,
6525,109,3,0.60000002,0.1,343,100,
6526,109,3,0.60000002,0.1,344,100,
6527,109,3,0.60000002,0.1,345,100,
6528,109,3,0.60000002,0.1,346,100,
6529,109,3,0.60000002,0.1,347,100,
6530,109,3,0.60000002,4.8000002,378,100,
6531,109,3,0.60000002,4.8000002,377,100,
6532,109,3,0.60000002,8,379,100,
6533,109,4,0.1,0.1,380,100,
6534,109,4,0.1,0.1,265,100,
6535,109,4,0.1,0.1,266,100,
6536,110,1,80,65,276,118,"160"
6537,110,1,80,7,279,118,
6538,110,2,2.3,0.1,104,118,
6539,110,2,2.3,0.1,107,118,
6540,110,2,2.3,0.1,106,118,
6541,110,2,2.3,0.1,105,118,
6542,110,2,2.3,0.1,108,118,
6543,110,2,2.3,0.1,259,118,"Skillful Scholars"
6544,110,2,2.3,0.2,260,118,"Skillful Scholars"
6545,110,2,2.3,0.1,259,118,"Expert Scholars"
6546,110,2,2.3,0.2,260,118,"Expert Scholars"
6547,110,2,2.3,0.30000001,259,118,
6548,110,2,2.3,0.69999999,260,118,
6549,110,2,2.3,0.1,264,118,
6550,110,3,0.60000002,0.30000001,350,118,
6551,110,3,0.60000002,0.30000001,356,118,
6552,110,3,0.60000002,0.30000001,353,118,
6553,110,3,0.60000002,0.30000001,359,118,
6554,110,3,0.60000002,0.30000001,362,118,
6555,110,3,0.60000002,0.30000001,330,118,
6556,110,3,0.60000002,0.30000001,331,118,
6557,110,3,0.60000002,0.30000001,337,118,
6558,110,3,0.60000002,0.30000001,338,118,
6559,110,3,0.60000002,0.30000001,339,118,
6560,110,3,0.60000002,0.30000001,340,118,
6561,110,3,0.60000002,0.30000001,341,118,
6562,110,3,0.60000002,0.1,367,118,
6563,110,3,0.60000002,0.1,368,118,
6564,110,3,0.60000002,0.1,369,118,
6565,110,3,0.60000002,0.1,370,118,
6566,110,3,0.60000002,0.1,371,118,
6567,110,3,0.60000002,0.1,342,118,
6568,110,3,0.60000002,0.1,343,118,
6569,110,3,0.60000002,0.1,344,118,
6570,110,3,0.60000002,0.1,345,118,
6571,110,3,0.60000002,0.1,346,118,
6572,110,3,0.60000002,0.1,347,118,
6573,110,3,0.60000002,4.8000002,378,118,
6574,110,3,0.60000002,4.8000002,377,118,
6575,110,3,0.60000002,8,379,118,
6576,110,4,0.1,0.1,380,118,
6577,110,4,0.1,0.1,265,118,
6578,110,4,0.1,0.1,266,118,
6579,111,1,80,75,276,135,"196"
6580,111,1,80,5,279,135,
6581,111,2,0.2,0.80000001,104,135,
6582,111,2,0.2,0.80000001,107,135,
6583,111,2,0.2,0.80000001,106,135,
6584,111,2,0.2,0.80000001,105,135,
6585,111,2,0.2,0.80000001,108,135,
6586,111,2,0.2,0.1,122,135,
6587,111,2,0.2,0.1,125,135,
6588,111,2,0.2,0.1,124,135,
6589,111,2,0.2,0.1,123,135,
6590,111,2,0.2,0.1,126,135,
6591,111,2,0.2,7,259,135,
6592,111,2,0.2,13,260,135,
6593,111,2,0.2,2,259,135,"Expert Scholars"
6594,111,2,0.2,3,260,135,"Expert Scholars"
6595,111,2,0.2,0.30000001,264,135,
6596,111,2,0.2,0.30000001,265,135,
6597,111,2,0.2,0.30000001,266,135,
6598,111,3,0.60000002,0.2,350,135,
6599,111,3,0.60000002,0.1,351,135,
6600,111,3,0.60000002,0.2,356,135,
6601,111,3,0.60000002,0.1,357,135,
6602,111,3,0.60000002,0.2,353,135,
6603,111,3,0.60000002,0.1,354,135,
6604,111,3,0.60000002,0.2,359,135,
6605,111,3,0.60000002,0.1,360,135,
6606,111,3,0.60000002,0.2,362,135,
6607,111,3,0.60000002,0.1,363,135,
6608,111,3,0.60000002,0.30000001,330,135,
6609,111,3,0.60000002,0.30000001,331,135,
6610,111,3,0.60000002,0.30000001,337,135,
6611,111,3,0.60000002,0.30000001,338,135,
6612,111,3,0.60000002,0.30000001,339,135,
6613,111,3,0.60000002,0.30000001,340,135,
6614,111,3,0.60000002,0.30000001,341,135,
6615,111,3,0.60000002,0.1,367,135,
6616,111,3,0.60000002,0.1,368,135,
6617,111,3,0.60000002,0.1,369,135,
6618,111,3,0.60000002,0.1,370,135,
6619,111,3,0.60000002,0.1,371,135,
6620,111,3,0.60000002,0.1,342,135,
6621,111,3,0.60000002,0.1,343,135,
6622,111,3,0.60000002,0.1,344,135,
6623,111,3,0.60000002,0.1,345,135,
6624,111,3,0.60000002,0.1,346,135,
6625,111,3,0.60000002,0.1,348,135,
6626,111,3,0.60000002,8,379,135,
6627,111,4,0.1,0.1,380,135,
6628,111,4,0.1,0.1,267,135,
6629,111,4,0.1,0.1,270,135,
6630,112,1,80,75,276,151,"214"
6631,112,1,80,5,279,151,
6632,112,2,0.2,1.2,104,151,
6633,112,2,0.2,1.2,107,151,
6634,112,2,0.2,1.2,106,151,
6635,112,2,0.2,1.2,105,151,
6636,112,2,0.2,1.2,108,151,
6637,112,2,0.2,0.2,122,151,
6638,112,2,0.2,0.2,125,151,
6639,112,2,0.2,0.2,124,151,
6640,112,2,0.2,0.2,123,151,
6641,112,2,0.2,0.2,126,151,
6642,112,2,0.2,7,259,151,
6643,112,2,0.2,13.5,260,151,
6644,112,2,0.2,2,259,151,"Expert Scholars"
6645,112,2,0.2,3.5,260,151,"Expert Scholars"
6646,112,2,0.2,0.40000001,264,151,
6647,112,2,0.2,0.30000001,265,151,
6648,112,2,0.2,0.30000001,266,151,
6649,112,3,0.60000002,0.2,350,151,
6650,112,3,0.60000002,0.1,351,151,
6651,112,3,0.60000002,0.2,356,151,
6652,112,3,0.60000002,0.1,357,151,
6653,112,3,0.60000002,0.2,353,151,
6654,112,3,0.60000002,0.1,354,151,
6655,112,3,0.60000002,0.2,359,151,
6656,112,3,0.60000002,0.1,360,151,
6657,112,3,0.60000002,0.2,362,151,
6658,112,3,0.60000002,0.1,363,151,
6659,112,3,0.60000002,0.30000001,330,151,
6660,112,3,0.60000002,0.30000001,331,151,
6661,112,3,0.60000002,0.30000001,337,151,
6662,112,3,0.60000002,0.30000001,338,151,
6663,112,3,0.60000002,0.30000001,339,151,
6664,112,3,0.60000002,0.30000001,340,151,
6665,112,3,0.60000002,0.30000001,341,151,
6666,112,3,0.60000002,0.1,367,151,
6667,112,3,0.60000002,0.1,368,151,
6668,112,3,0.60000002,0.1,369,151,
6669,112,3,0.60000002,0.1,370,151,
6670,112,3,0.60000002,0.1,371,151,
6671,112,3,0.60000002,0.1,342,151,
6672,112,3,0.60000002,0.1,343,151,
6673,112,3,0.60000002,0.1,344,151,
6674,112,3,0.60000002,0.1,345,151,
6675,112,3,0.60000002,0.1,346,151,
6676,112,3,0.60000002,0.1,348,151,
6677,112,3,0.60000002,8,379,151,
6678,112,4,0.1,0.1,380,151,
6679,112,4,0.1,0.1,267,151,
6680,112,4,0.1,0.1,270,151,
6681,100,1,80,75,276,128,"214"
6682,100,1,80,5,279,128,
6683,100,2,0.2,1.2,92,128,
6684,100,2,0.2,1.2,95,128,
6685,100,2,0.2,1.2,94,128,
6686,100,2,0.2,1.2,93,128,
6687,100,2,0.2,1.2,96,128,
6688,100,2,0.2,0.2,110,128,
6689,100,2,0.2,0.2,113,128,
6690,100,2,0.2,0.2,112,128,
6691,100,2,0.2,0.2,111,128,
6692,100,2,0.2,0.2,114,128,
6693,100,2,0.2,7,229,128,
6694,100,2,0.2,13.5,230,128,
6695,100,2,0.2,2,229,128,"Expert Archers"
6696,100,2,0.2,3.5,230,128,"Expert Archers"
6697,100,2,0.2,0.40000001,234,128,
6698,100,2,0.2,0.30000001,235,128,
6699,100,2,0.2,0.30000001,236,128,
6700,100,3,0.60000002,0.2,350,128,
6701,100,3,0.60000002,0.1,351,128,
6702,100,3,0.60000002,0.2,356,128,
6703,100,3,0.60000002,0.1,357,128,
6704,100,3,0.60000002,0.2,353,128,
6705,100,3,0.60000002,0.1,354,128,
6706,100,3,0.60000002,0.2,359,128,
6707,100,3,0.60000002,0.1,360,128,
6708,100,3,0.60000002,0.2,362,128,
6709,100,3,0.60000002,0.1,363,128,
6710,100,3,0.60000002,0.30000001,330,128,
6711,100,3,0.60000002,0.30000001,331,128,
6712,100,3,0.60000002,0.30000001,337,128,
6713,100,3,0.60000002,0.30000001,338,128,
6714,100,3,0.60000002,0.30000001,339,128,
6715,100,3,0.60000002,0.30000001,340,128,
6716,100,3,0.60000002,0.30000001,341,128,
6717,100,3,0.60000002,0.1,367,128,
6718,100,3,0.60000002,0.1,368,128,
6719,100,3,0.60000002,0.1,369,128,
6720,100,3,0.60000002,0.1,370,128,
6721,100,3,0.60000002,0.1,371,128,
6722,100,3,0.60000002,0.1,342,128,
6723,100,3,0.60000002,0.1,343,128,
6724,100,3,0.60000002,0.1,344,128,
6725,100,3,0.60000002,0.1,345,128,
6726,100,3,0.60000002,0.1,346,128,
6727,100,3,0.60000002,0.1,348,128,
6728,100,3,0.60000002,8,379,128,
6729,100,4,0.1,0.1,380,128,
6730,100,4,0.1,0.1,237,128,
6731,100,4,0.1,0.1,240,128,
6732,112,1,80,75,276,137,"214"
6733,112,1,80,5,279,137,
6734,112,2,0.2,1.2,104,137,
6735,112,2,0.2,1.2,107,137,
6736,112,2,0.2,1.2,106,137,
6737,112,2,0.2,1.2,105,137,
6738,112,2,0.2,1.2,108,137,
6739,112,2,0.2,0.2,122,137,
6740,112,2,0.2,0.2,125,137,
6741,112,2,0.2,0.2,124,137,
6742,112,2,0.2,0.2,123,137,
6743,112,2,0.2,0.2,126,137,
6744,112,2,0.2,7,259,137,
6745,112,2,0.2,13.5,260,137,
6746,112,2,0.2,2,259,137,"Expert Scholars"
6747,112,2,0.2,3.5,260,137,"Expert Scholars"
6748,112,2,0.2,0.40000001,264,137,
6749,112,2,0.2,0.30000001,265,137,
6750,112,2,0.2,0.30000001,266,137,
6751,112,3,0.60000002,0.2,350,137,
6752,112,3,0.60000002,0.1,351,137,
6753,112,3,0.60000002,0.2,356,137,
6754,112,3,0.60000002,0.1,357,137,
6755,112,3,0.60000002,0.2,353,137,
6756,112,3,0.60000002,0.1,354,137,
6757,112,3,0.60000002,0.2,359,137,
6758,112,3,0.60000002,0.1,360,137,
6759,112,3,0.60000002,0.2,362,137,
6760,112,3,0.60000002,0.1,363,137,
6761,112,3,0.60000002,0.30000001,330,137,
6762,112,3,0.60000002,0.30000001,331,137,
6763,112,3,0.60000002,0.30000001,337,137,
6764,112,3,0.60000002,0.30000001,338,137,
6765,112,3,0.60000002,0.30000001,339,137,
6766,112,3,0.60000002,0.30000001,340,137,
6767,112,3,0.60000002,0.30000001,341,137,
6768,112,3,0.60000002,0.1,367,137,
6769,112,3,0.60000002,0.1,368,137,
6770,112,3,0.60000002,0.1,369,137,
6771,112,3,0.60000002,0.1,370,137,
6772,112,3,0.60000002,0.1,371,137,
6773,112,3,0.60000002,0.1,342,137,
6774,112,3,0.60000002,0.1,343,137,
6775,112,3,0.60000002,0.1,344,137,
6776,112,3,0.60000002,0.1,345,137,
6777,112,3,0.60000002,0.1,346,137,
6778,112,3,0.60000002,0.1,348,137,
6779,112,3,0.60000002,8,379,137,
6780,112,4,0.1,0.1,380,137,
6781,112,4,0.1,0.1,267,137,
6782,112,4,0.1,0.1,270,137,
6783,104,1,80,75,276,142,"214"
6784,104,1,80,5,279,142,
6785,104,2,0.2,1.2,98,142,
6786,104,2,0.2,1.2,99,142,
6787,104,2,0.2,1.2,100,142,
6788,104,2,0.2,1.2,101,142,
6789,104,2,0.2,1.2,102,142,
6790,104,2,0.2,0.2,116,142,
6791,104,2,0.2,0.2,119,142,
6792,104,2,0.2,0.2,118,142,
6793,104,2,0.2,0.2,117,142,
6794,104,2,0.2,0.2,120,142,
6795,104,2,0.2,7,187,142,
6796,104,2,0.2,13.5,188,142,
6797,104,2,0.2,2,187,142,"Expert Knights"
6798,104,2,0.2,3.5,188,142,"Expert Knights"
6799,104,2,0.2,0.40000001,192,142,
6800,104,2,0.2,0.30000001,193,142,
6801,104,2,0.2,0.30000001,194,142,
6802,104,3,0.60000002,0.2,350,142,
6803,104,3,0.60000002,0.1,351,142,
6804,104,3,0.60000002,0.2,356,142,
6805,104,3,0.60000002,0.1,357,142,
6806,104,3,0.60000002,0.2,353,142,
6807,104,3,0.60000002,0.1,354,142,
6808,104,3,0.60000002,0.2,359,142,
6809,104,3,0.60000002,0.1,360,142,
6810,104,3,0.60000002,0.2,362,142,
6811,104,3,0.60000002,0.1,363,142,
6812,104,3,0.60000002,0.30000001,330,142,
6813,104,3,0.60000002,0.30000001,331,142,
6814,104,3,0.60000002,0.30000001,337,142,
6815,104,3,0.60000002,0.30000001,338,142,
6816,104,3,0.60000002,0.30000001,339,142,
6817,104,3,0.60000002,0.30000001,340,142,
6818,104,3,0.60000002,0.30000001,341,142,
6819,104,3,0.60000002,0.1,367,142,
6820,104,3,0.60000002,0.1,368,142,
6821,104,3,0.60000002,0.1,369,142,
6822,104,3,0.60000002,0.1,370,142,
6823,104,3,0.60000002,0.1,371,142,
6824,104,3,0.60000002,0.1,342,142,
6825,104,3,0.60000002,0.1,343,142,
6826,104,3,0.60000002,0.1,344,142,
6827,104,3,0.60000002,0.1,345,142,
6828,104,3,0.60000002,0.1,346,142,
6829,104,3,0.60000002,0.1,348,142,
6830,104,3,0.60000002,8,379,142,
6831,104,4,0.1,0.1,380,142,
6832,104,4,0.1,0.1,198,142,
6833,104,4,0.1,0.1,204,142,
6834,108,1,80,75,276,153,"214"
6835,108,1,80,5,279,153,
6836,108,2,0.2,1.2,98,153,
6837,108,2,0.2,1.2,99,153,
6838,108,2,0.2,1.2,100,153,
6839,108,2,0.2,1.2,101,153,
6840,108,2,0.2,1.2,102,153,
6841,108,2,0.2,0.2,116,153,
6842,108,2,0.2,0.2,119,153,
6843,108,2,0.2,0.2,118,153,
6844,108,2,0.2,0.2,117,153,
6845,108,2,0.2,0.2,120,153,
6846,108,2,0.2,7,187,153,
6847,108,2,0.2,13.5,188,153,
6848,108,2,0.2,2,187,153,"Expert Knights"
6849,108,2,0.2,3.5,188,153,"Expert Knights"
6850,108,2,0.2,0.40000001,195,153,
6851,108,2,0.2,0.30000001,196,153,
6852,108,2,0.2,0.30000001,197,153,
6853,108,3,0.60000002,0.2,350,153,
6854,108,3,0.60000002,0.1,351,153,
6855,108,3,0.60000002,0.2,356,153,
6856,108,3,0.60000002,0.1,357,153,
6857,108,3,0.60000002,0.2,353,153,
6858,108,3,0.60000002,0.1,354,153,
6859,108,3,0.60000002,0.2,359,153,
6860,108,3,0.60000002,0.1,360,153,
6861,108,3,0.60000002,0.2,362,153,
6862,108,3,0.60000002,0.1,363,153,
6863,108,3,0.60000002,0.30000001,330,153,
6864,108,3,0.60000002,0.30000001,331,153,
6865,108,3,0.60000002,0.30000001,337,153,
6866,108,3,0.60000002,0.30000001,338,153,
6867,108,3,0.60000002,0.30000001,339,153,
6868,108,3,0.60000002,0.30000001,340,153,
6869,108,3,0.60000002,0.30000001,341,153,
6870,108,3,0.60000002,0.1,367,153,
6871,108,3,0.60000002,0.1,368,153,
6872,108,3,0.60000002,0.1,369,153,
6873,108,3,0.60000002,0.1,370,153,
6874,108,3,0.60000002,0.1,371,153,
6875,108,3,0.60000002,0.1,342,153,
6876,108,3,0.60000002,0.1,343,153,
6877,108,3,0.60000002,0.1,344,153,
6878,108,3,0.60000002,0.1,345,153,
6879,108,3,0.60000002,0.1,346,153,
6880,108,3,0.60000002,0.1,348,153,
6881,108,3,0.60000002,8,379,153,
6882,108,4,0.1,0.1,380,153,
6883,108,4,0.1,0.1,201,153,
6884,108,4,0.1,0.1,207,153,
6885,113,1,80,75,276,160,"214"
6886,113,1,80,5,279,160,
6887,113,2,0.2,0.40000001,104,160,
6888,113,2,0.2,0.40000001,107,160,
6889,113,2,0.2,0.40000001,106,160,
6890,113,2,0.2,0.40000001,105,160,
6891,113,2,0.2,0.40000001,108,160,
6892,113,2,0.2,0.80000001,92,160,
6893,113,2,0.2,0.80000001,95,160,
6894,113,2,0.2,0.80000001,94,160,
6895,113,2,0.2,0.80000001,93,160,
6896,113,2,0.2,0.80000001,96,160,
6897,113,2,0.2,0.1,122,160,
6898,113,2,0.2,0.1,125,160,
6899,113,2,0.2,0.1,124,160,
6900,113,2,0.2,0.1,123,160,
6901,113,2,0.2,0.1,126,160,
6902,113,2,0.2,0.1,110,160,
6903,113,2,0.2,0.1,113,160,
6904,113,2,0.2,0.1,112,160,
6905,113,2,0.2,0.1,111,160,
6906,113,2,0.2,0.1,114,160,
6907,113,2,0.2,2.4000001,259,160,
6908,113,2,0.2,4.5,260,160,
6909,113,2,0.2,4.5999999,229,160,
6910,113,2,0.2,9,230,160,
6911,113,2,0.2,0.69999999,259,160,"Expert Scholars"
6912,113,2,0.2,1.2,260,160,"Expert Scholars"
6913,113,2,0.2,1.3,229,160,"Expert Archers"
6914,113,2,0.2,2.3,230,160,"Expert Archers"
6915,113,2,0.2,0.1,264,160,
6916,113,2,0.2,0.1,265,160,
6917,113,2,0.2,0.1,266,160,
6918,113,2,0.2,0.30000001,234,160,
6919,113,2,0.2,0.2,235,160,
6920,113,2,0.2,0.2,236,160,
6921,113,3,0.60000002,0.2,350,160,
6922,113,3,0.60000002,0.1,351,160,
6923,113,3,0.60000002,0.2,356,160,
6924,113,3,0.60000002,0.1,357,160,
6925,113,3,0.60000002,0.2,353,160,
6926,113,3,0.60000002,0.1,354,160,
6927,113,3,0.60000002,0.2,359,160,
6928,113,3,0.60000002,0.1,360,160,
6929,113,3,0.60000002,0.2,362,160,
6930,113,3,0.60000002,0.1,363,160,
6931,113,3,0.60000002,0.30000001,330,160,
6932,113,3,0.60000002,0.30000001,331,160,
6933,113,3,0.60000002,0.30000001,337,160,
6934,113,3,0.60000002,0.30000001,338,160,
6935,113,3,0.60000002,0.30000001,339,160,
6936,113,3,0.60000002,0.30000001,340,160,
6937,113,3,0.60000002,0.30000001,341,160,
6938,113,3,0.60000002,0.1,367,160,
6939,113,3,0.60000002,0.1,368,160,
6940,113,3,0.60000002,0.1,369,160,
6941,113,3,0.60000002,0.1,370,160,
6942,113,3,0.60000002,0.1,371,160,
6943,113,3,0.60000002,0.1,342,160,
6944,113,3,0.60000002,0.1,343,160,
6945,113,3,0.60000002,0.1,344,160,
6946,113,3,0.60000002,0.1,345,160,
6947,113,3,0.60000002,0.1,346,160,
6948,113,3,0.60000002,0.1,348,160,
6949,113,3,0.60000002,8,379,160,
6950,113,4,0.1,0.1,380,160,
6951,113,4,0.1,0.1,267,160,
6952,113,4,0.1,0.1,237,160,
6953,113,4,0.1,0.1,241,160,
6954,113,4,0.1,0.1,271,160,
6955,114,1,80,75,276,167,"220"
6956,114,1,80,5,279,167,
6957,114,2,0.2,0.40000001,104,167,
6958,114,2,0.2,0.40000001,107,167,
6959,114,2,0.2,0.40000001,106,167,
6960,114,2,0.2,0.40000001,105,167,
6961,114,2,0.2,0.40000001,108,167,
6962,114,2,0.2,0.80000001,98,167,
6963,114,2,0.2,0.80000001,99,167,
6964,114,2,0.2,0.80000001,100,167,
6965,114,2,0.2,0.80000001,101,167,
6966,114,2,0.2,0.80000001,102,167,
6967,114,2,0.2,0.1,122,167,
6968,114,2,0.2,0.1,125,167,
6969,114,2,0.2,0.1,124,167,
6970,114,2,0.2,0.1,123,167,
6971,114,2,0.2,0.1,126,167,
6972,114,2,0.2,0.1,116,167,
6973,114,2,0.2,0.1,119,167,
6974,114,2,0.2,0.1,118,167,
6975,114,2,0.2,0.1,117,167,
6976,114,2,0.2,0.1,120,167,
6977,114,2,0.2,2.4000001,259,167,
6978,114,2,0.2,4.5,260,167,
6979,114,2,0.2,4.5999999,187,167,
6980,114,2,0.2,9,188,167,
6981,114,2,0.2,0.69999999,259,167,"Expert Scholars"
6982,114,2,0.2,1.2,260,167,"Expert Scholars"
6983,114,2,0.2,1.3,187,167,"Expert Knights"
6984,114,2,0.2,2.3,188,167,"Expert Knights"
6985,114,2,0.2,0.1,264,167,
6986,114,2,0.2,0.1,265,167,
6987,114,2,0.2,0.1,266,167,
6988,114,2,0.2,0.2,192,167,
6989,114,2,0.2,0.1,193,167,
6990,114,2,0.2,0.1,194,167,
6991,114,2,0.2,0.1,195,167,
6992,114,2,0.2,0.1,196,167,
6993,114,2,0.2,10.1,197,167,
6994,114,3,0.60000002,0.2,350,167,
6995,114,3,0.60000002,0.1,351,167,
6996,114,3,0.60000002,0.2,356,167,
6997,114,3,0.60000002,0.1,357,167,
6998,114,3,0.60000002,0.2,353,167,
6999,114,3,0.60000002,0.1,354,167,
7000,114,3,0.60000002,0.2,359,167,
7001,114,3,0.60000002,0.1,360,167,
7002,114,3,0.60000002,0.2,362,167,
7003,114,3,0.60000002,0.1,363,167,
7004,114,3,0.60000002,0.30000001,330,167,
7005,114,3,0.60000002,0.30000001,331,167,
7006,114,3,0.60000002,0.30000001,337,167,
7007,114,3,0.60000002,0.30000001,338,167,
7008,114,3,0.60000002,0.30000001,339,167,
7009,114,3,0.60000002,0.30000001,340,167,
7010,114,3,0.60000002,0.30000001,341,167,
7011,114,3,0.60000002,0.1,367,167,
7012,114,3,0.60000002,0.1,368,167,
7013,114,3,0.60000002,0.1,369,167,
7014,114,3,0.60000002,0.1,370,167,
7015,114,3,0.60000002,0.1,371,167,
7016,114,3,0.60000002,0.1,342,167,
7017,114,3,0.60000002,0.1,343,167,
7018,114,3,0.60000002,0.1,344,167,
7019,114,3,0.60000002,0.1,345,167,
7020,114,3,0.60000002,0.1,346,167,
7021,114,3,0.60000002,0.1,348,167,
7022,114,3,0.60000002,8,379,167,
7023,114,4,0.1,0.1,380,167,
7024,114,4,0.1,0.1,267,167,
7025,114,4,0.1,0.1,198,167,
7026,114,4,0.1,0.1,201,167,
7027,114,4,0.1,0.1,205,167,
7028,114,4,0.1,0.1,208,167,
7029,115,1,80,75,276,173,"226"
7030,115,1,80,5,279,173,
7031,115,2,0.2,0.5,92,173,
7032,115,2,0.2,0.5,95,173,
7033,115,2,0.2,0.5,94,173,
7034,115,2,0.2,0.5,93,173,
7035,115,2,0.2,0.5,96,173,
7036,115,2,0.2,0.89999998,98,173,
7037,115,2,0.2,0.89999998,99,173,
7038,115,2,0.2,0.89999998,100,173,
7039,115,2,0.2,0.89999998,101,173,
7040,115,2,0.2,0.89999998,102,173,
7041,115,2,0.2,0.1,110,173,
7042,115,2,0.2,0.1,113,173,
7043,115,2,0.2,0.1,112,173,
7044,115,2,0.2,0.1,111,173,
7045,115,2,0.2,0.1,114,173,
7046,115,2,0.2,0.2,116,173,
7047,115,2,0.2,0.1,119,173,
7048,115,2,0.2,0.1,118,173,
7049,115,2,0.2,0.1,117,173,
7050,115,2,0.2,0.2,120,173,
7051,115,2,0.2,2.3,229,173,
7052,115,2,0.2,3.7,230,173,
7053,115,2,0.2,4.6999998,187,173,
7054,115,2,0.2,7.3000002,188,173,
7055,115,2,0.2,1,229,173,"Expert Archers"
7056,115,2,0.2,2,230,173,"Expert Archers"
7057,115,2,0.2,2,187,173,"Expert Knights"
7058,115,2,0.2,4,188,173,"Expert Knights"
7059,115,2,0.2,0.2,234,173,
7060,115,2,0.2,0.2,235,173,
7061,115,2,0.2,0.2,236,173,
7062,115,2,0.2,0.1,192,173,
7063,115,2,0.2,0.1,193,173,
7064,115,2,0.2,0.1,194,173,
7065,115,2,0.2,0.1,195,173,
7066,115,2,0.2,0.1,196,173,
7067,115,2,0.2,0.1,197,173,
7068,115,3,0.60000002,0.2,350,173,
7069,115,3,0.60000002,0.1,351,173,
7070,115,3,0.60000002,0.2,356,173,
7071,115,3,0.60000002,0.1,357,173,
7072,115,3,0.60000002,0.2,353,173,
7073,115,3,0.60000002,0.1,354,173,
7074,115,3,0.60000002,0.2,359,173,
7075,115,3,0.60000002,0.1,360,173,
7076,115,3,0.60000002,0.2,362,173,
7077,115,3,0.60000002,0.1,363,173,
7078,115,3,0.60000002,0.30000001,330,173,
7079,115,3,0.60000002,0.30000001,331,173,
7080,115,3,0.60000002,0.30000001,337,173,
7081,115,3,0.60000002,0.30000001,338,173,
7082,115,3,0.60000002,0.30000001,339,173,
7083,115,3,0.60000002,0.30000001,340,173,
7084,115,3,0.60000002,0.30000001,341,173,
7085,115,3,0.60000002,0.1,367,173,
7086,115,3,0.60000002,0.1,368,173,
7087,115,3,0.60000002,0.1,369,173,
7088,115,3,0.60000002,0.1,370,173,
7089,115,3,0.60000002,0.1,371,173,
7090,115,3,0.60000002,0.1,342,173,
7091,115,3,0.60000002,0.1,343,173,
7092,115,3,0.60000002,0.1,344,173,
7093,115,3,0.60000002,0.1,345,173,
7094,115,3,0.60000002,0.1,346,173,
7095,115,3,0.60000002,0.1,348,173,
7096,115,3,0.60000002,8,379,173,
7097,115,4,0.1,0.1,380,173,
7098,115,4,0.1,0.1,237,173,
7099,115,4,0.1,0.1,198,173,
7100,115,4,0.1,0.1,201,173,
7101,115,4,0.1,0.1,205,173,
7102,115,4,0.1,0.1,208,173,
7103,115,4,0.1,0.1,241,173,
7104,116,1,80,75,276,179,"232"
7105,116,1,80,5,279,179,
7106,116,2,0.2,0.5,92,179,
7107,116,2,0.2,0.5,95,179,
7108,116,2,0.2,0.5,94,179,
7109,116,2,0.2,0.5,93,179,
7110,116,2,0.2,0.5,96,179,
7111,116,2,0.2,0.89999998,104,179,
7112,116,2,0.2,0.89999998,107,179,
7113,116,2,0.2,0.89999998,106,179,
7114,116,2,0.2,0.89999998,105,179,
7115,116,2,0.2,0.89999998,108,179,
7116,116,2,0.2,0.1,110,179,
7117,116,2,0.2,0.1,113,179,
7118,116,2,0.2,0.1,112,179,
7119,116,2,0.2,0.1,111,179,
7120,116,2,0.2,0.1,114,179,
7121,116,2,0.2,0.2,122,179,
7122,116,2,0.2,0.1,125,179,
7123,116,2,0.2,0.1,124,179,
7124,116,2,0.2,0.1,123,179,
7125,116,2,0.2,0.2,126,179,
7126,116,2,0.2,2.3,229,179,
7127,116,2,0.2,3.7,230,179,
7128,116,2,0.2,4.6999998,259,179,
7129,116,2,0.2,7.3000002,260,179,
7130,116,2,0.2,1,229,179,"Expert Archers"
7131,116,2,0.2,2,230,179,"Expert Archers"
7132,116,2,0.2,2,259,179,"Expert Scholars"
7133,116,2,0.2,4,260,179,"Expert Scholars"
7134,116,2,0.2,0.2,234,179,
7135,116,2,0.2,0.2,235,179,
7136,116,2,0.2,0.2,236,179,
7137,116,2,0.2,0.2,264,179,
7138,116,2,0.2,0.2,265,179,
7139,116,2,0.2,0.2,266,179,
7140,116,3,0.60000002,0.2,350,179,
7141,116,3,0.60000002,0.1,351,179,
7142,116,3,0.60000002,0.2,356,179,
7143,116,3,0.60000002,0.1,357,179,
7144,116,3,0.60000002,0.2,353,179,
7145,116,3,0.60000002,0.1,354,179,
7146,116,3,0.60000002,0.2,359,179,
7147,116,3,0.60000002,0.1,360,179,
7148,116,3,0.60000002,0.2,362,179,
7149,116,3,0.60000002,0.1,363,179,
7150,116,3,0.60000002,0.30000001,330,179,
7151,116,3,0.60000002,0.30000001,331,179,
7152,116,3,0.60000002,0.30000001,337,179,
7153,116,3,0.60000002,0.30000001,338,179,
7154,116,3,0.60000002,0.30000001,339,179,
7155,116,3,0.60000002,0.30000001,340,179,
7156,116,3,0.60000002,0.30000001,341,179,
7157,116,3,0.60000002,0.1,367,179,
7158,116,3,0.60000002,0.1,368,179,
7159,116,3,0.60000002,0.1,369,179,
7160,116,3,0.60000002,0.1,370,179,
7161,116,3,0.60000002,0.1,371,179,
7162,116,3,0.60000002,0.1,342,179,
7163,116,3,0.60000002,0.1,343,179,
7164,116,3,0.60000002,0.1,344,179,
7165,116,3,0.60000002,0.1,345,179,
7166,116,3,0.60000002,0.1,346,179,
7167,116,3,0.60000002,0.1,348,179,
7168,116,3,0.60000002,8,379,179,
7169,116,4,0.1,0.1,380,179,
7170,116,4,0.1,0.1,237,179,
7171,116,4,0.1,0.1,267,179,
7172,116,4,0.1,0.1,241,179,
7173,116,4,0.1,0.1,271,179,
7174,117,1,80,75,276,186,"238"
7175,117,1,80,5,279,186,
7176,117,2,0.2,0.60000002,98,186,
7177,117,2,0.2,0.60000002,99,186,
7178,117,2,0.2,0.60000002,100,186,
7179,117,2,0.2,0.60000002,101,186,
7180,117,2,0.2,0.60000002,102,186,
7181,117,2,0.2,1,104,186,
7182,117,2,0.2,1,107,186,
7183,117,2,0.2,1,106,186,
7184,117,2,0.2,1,105,186,
7185,117,2,0.2,1,108,186,
7186,117,2,0.2,0.1,116,186,
7187,117,2,0.2,0.1,119,186,
7188,117,2,0.2,0.1,118,186,
7189,117,2,0.2,0.1,117,186,
7190,117,2,0.2,0.1,120,186,
7191,117,2,0.2,0.2,122,186,
7192,117,2,0.2,0.2,125,186,
7193,117,2,0.2,0.2,124,186,
7194,117,2,0.2,0.2,123,186,
7195,117,2,0.2,0.2,126,186,
7196,117,2,0.2,2.4000001,187,186,
7197,117,2,0.2,4.4000001,188,186,
7198,117,2,0.2,4.5999999,259,186,
7199,117,2,0.2,8.6000004,260,186,
7200,117,2,0.2,0.69999999,187,186,"Expert Knights"
7201,117,2,0.2,2,188,186,"Expert Knights"
7202,117,2,0.2,1.3,259,186,"Expert Scholars"
7203,117,2,0.2,4,260,186,"Expert Scholars"
7204,117,2,0.2,0.1,195,186,
7205,117,2,0.2,0.1,196,186,
7206,117,2,0.2,0.1,197,186,
7207,117,2,0.2,0.1,192,186,
7208,117,2,0.2,0.1,193,186,
7209,117,2,0.2,0.1,194,186,
7210,117,2,0.2,0.2,264,186,
7211,117,2,0.2,0.2,265,186,
7212,117,2,0.2,0.2,266,186,
7213,117,3,0.60000002,0.2,350,186,
7214,117,3,0.60000002,0.1,351,186,
7215,117,3,0.60000002,0.2,356,186,
7216,117,3,0.60000002,0.1,357,186,
7217,117,3,0.60000002,0.2,353,186,
7218,117,3,0.60000002,0.1,354,186,
7219,117,3,0.60000002,0.2,359,186,
7220,117,3,0.60000002,0.1,360,186,
7221,117,3,0.60000002,0.2,362,186,
7222,117,3,0.60000002,0.1,363,186,
7223,117,3,0.60000002,0.30000001,330,186,
7224,117,3,0.60000002,0.30000001,331,186,
7225,117,3,0.60000002,0.30000001,337,186,
7226,117,3,0.60000002,0.30000001,338,186,
7227,117,3,0.60000002,0.30000001,339,186,
7228,117,3,0.60000002,0.30000001,340,186,
7229,117,3,0.60000002,0.30000001,341,186,
7230,117,3,0.60000002,0.1,367,186,
7231,117,3,0.60000002,0.1,368,186,
7232,117,3,0.60000002,0.1,369,186,
7233,117,3,0.60000002,0.1,370,186,
7234,117,3,0.60000002,0.1,371,186,
7235,117,3,0.60000002,0.1,342,186,
7236,117,3,0.60000002,0.1,343,186,
7237,117,3,0.60000002,0.1,344,186,
7238,117,3,0.60000002,0.1,345,186,
7239,117,3,0.60000002,0.1,346,186,
7240,117,3,0.60000002,0.1,348,186,
7241,117,3,0.60000002,8,379,186,
7242,117,4,0.1,0.1,380,186,
7243,117,4,0.1,0.1,198,186,
7244,117,4,0.1,0.1,201,186,
7245,117,4,0.1,0.1,267,186,
7246,117,4,0.1,0.1,205,186,
7247,117,4,0.1,0.1,208,186,
7248,117,4,0.1,0.1,271,186,
7249,118,1,80,75,276,192,"244"
7250,118,1,80,5,279,192,
7251,118,2,0.2,0.60000002,98,192,
7252,118,2,0.2,0.60000002,99,192,
7253,118,2,0.2,0.60000002,100,192,
7254,118,2,0.2,0.60000002,101,192,
7255,118,2,0.2,0.60000002,102,192,
7256,118,2,0.2,1,92,192,
7257,118,2,0.2,1,95,192,
7258,118,2,0.2,1,94,192,
7259,118,2,0.2,1,93,192,
7260,118,2,0.2,1,96,192,
7261,118,2,0.2,0.1,116,192,
7262,118,2,0.2,0.1,119,192,
7263,118,2,0.2,0.1,118,192,
7264,118,2,0.2,0.1,117,192,
7265,118,2,0.2,0.1,120,192,
7266,118,2,0.2,0.2,110,192,
7267,118,2,0.2,0.2,113,192,
7268,118,2,0.2,0.2,112,192,
7269,118,2,0.2,0.2,111,192,
7270,118,2,0.2,0.2,114,192,
7271,118,2,0.2,2.4000001,187,192,
7272,118,2,0.2,4.4000001,188,192,
7273,118,2,0.2,4.5999999,229,192,
7274,118,2,0.2,8.6000004,230,192,
7275,118,2,0.2,0.69999999,187,192,"Expert Knights"
7276,118,2,0.2,2,188,192,"Expert Knights"
7277,118,2,0.2,1.3,229,192,"Expert Archers"
7278,118,2,0.2,4,230,192,"Expert Archers"
7279,118,2,0.2,0.1,195,192,
7280,118,2,0.2,0.1,196,192,
7281,118,2,0.2,0.1,197,192,
7282,118,2,0.2,0.1,192,192,
7283,118,2,0.2,0.1,193,192,
7284,118,2,0.2,0.1,194,192,
7285,118,2,0.2,0.2,234,192,
7286,118,2,0.2,0.2,235,192,
7287,118,2,0.2,0.2,236,192,
7288,118,3,0.60000002,0.2,350,192,
7289,118,3,0.60000002,0.1,351,192,
7290,118,3,0.60000002,0.2,356,192,
7291,118,3,0.60000002,0.1,357,192,
7292,118,3,0.60000002,0.2,353,192,
7293,118,3,0.60000002,0.1,354,192,
7294,118,3,0.60000002,0.2,359,192,
7295,118,3,0.60000002,0.1,360,192,
7296,118,3,0.60000002,0.2,362,192,
7297,118,3,0.60000002,0.1,363,192,
7298,118,3,0.60000002,0.30000001,330,192,
7299,118,3,0.60000002,0.30000001,331,192,
7300,118,3,0.60000002,0.30000001,337,192,
7301,118,3,0.60000002,0.30000001,338,192,
7302,118,3,0.60000002,0.30000001,339,192,
7303,118,3,0.60000002,0.30000001,340,192,
7304,118,3,0.60000002,0.30000001,341,192,
7305,118,3,0.60000002,0.1,367,192,
7306,118,3,0.60000002,0.1,368,192,
7307,118,3,0.60000002,0.1,369,192,
7308,118,3,0.60000002,0.1,370,192,
7309,118,3,0.60000002,0.1,371,192,
7310,118,3,0.60000002,0.1,342,192,
7311,118,3,0.60000002,0.1,343,192,
7312,118,3,0.60000002,0.1,344,192,
7313,118,3,0.60000002,0.1,345,192,
7314,118,3,0.60000002,0.1,346,192,
7315,118,3,0.60000002,0.1,348,192,
7316,118,3,0.60000002,8,379,192,
7317,118,4,0.1,0.1,380,192,
7318,118,4,0.1,0.1,198,192,
7319,118,4,0.1,0.1,201,192,
7320,118,4,0.1,0.1,237,192,
7321,118,4,0.1,0.1,205,192,
7322,118,4,0.1,0.1,208,192,
7323,118,4,0.1,0.1,241,192,
7324,119,1,80,75,276,198,"250"
7325,119,1,80,5,279,198,
7326,119,2,0.2,0.60000002,92,198,
7327,119,2,0.2,0.60000002,95,198,
7328,119,2,0.2,0.60000002,94,198,
7329,119,2,0.2,0.60000002,93,198,
7330,119,2,0.2,0.60000002,96,198,
7331,119,2,0.2,1,104,198,
7332,119,2,0.2,1,107,198,
7333,119,2,0.2,1,106,198,
7334,119,2,0.2,1,105,198,
7335,119,2,0.2,1,108,198,
7336,119,2,0.2,0.1,110,198,
7337,119,2,0.2,0.1,113,198,
7338,119,2,0.2,0.1,112,198,
7339,119,2,0.2,0.1,111,198,
7340,119,2,0.2,0.1,114,198,
7341,119,2,0.2,0.2,122,198,
7342,119,2,0.2,0.2,125,198,
7343,119,2,0.2,0.2,124,198,
7344,119,2,0.2,0.1,123,198,
7345,119,2,0.2,0.30000001,126,198,
7346,119,2,0.2,2.4000001,229,198,
7347,119,2,0.2,4.4000001,230,198,
7348,119,2,0.2,4.5999999,259,198,
7349,119,2,0.2,8.6000004,260,198,
7350,119,2,0.2,0.69999999,229,198,"Expert Archers"
7351,119,2,0.2,2,230,198,"Expert Archers"
7352,119,2,0.2,1.3,259,198,"Expert Scholars"
7353,119,2,0.2,4,260,198,"Expert Scholars"
7354,119,2,0.2,0.2,234,198,
7355,119,2,0.2,0.2,235,198,
7356,119,2,0.2,0.2,236,198,
7357,119,2,0.2,0.2,264,198,
7358,119,2,0.2,0.2,265,198,
7359,119,2,0.2,0.2,266,198,
7360,119,3,0.60000002,0.2,350,198,
7361,119,3,0.60000002,0.1,351,198,
7362,119,3,0.60000002,0.2,356,198,
7363,119,3,0.60000002,0.1,357,198,
7364,119,3,0.60000002,0.2,353,198,
7365,119,3,0.60000002,0.1,354,198,
7366,119,3,0.60000002,0.2,359,198,
7367,119,3,0.60000002,0.1,360,198,
7368,119,3,0.60000002,0.2,362,198,
7369,119,3,0.60000002,0.1,363,198,
7370,119,3,0.60000002,0.30000001,330,198,
7371,119,3,0.60000002,0.30000001,331,198,
7372,119,3,0.60000002,0.30000001,337,198,
7373,119,3,0.60000002,0.30000001,338,198,
7374,119,3,0.60000002,0.30000001,339,198,
7375,119,3,0.60000002,0.30000001,340,198,
7376,119,3,0.60000002,0.30000001,341,198,
7377,119,3,0.60000002,0.1,367,198,
7378,119,3,0.60000002,0.1,368,198,
7379,119,3,0.60000002,0.1,369,198,
7380,119,3,0.60000002,0.1,370,198,
7381,119,3,0.60000002,0.1,371,198,
7382,119,3,0.60000002,0.1,342,198,
7383,119,3,0.60000002,0.1,343,198,
7384,119,3,0.60000002,0.1,344,198,
7385,119,3,0.60000002,0.1,345,198,
7386,119,3,0.60000002,0.1,346,198,
7387,119,3,0.60000002,0.1,348,198,
7388,119,3,0.60000002,8,379,198,
7389,119,4,0.1,0.1,380,198,
7390,119,4,0.1,0.1,237,198,
7391,119,4,0.1,0.1,267,198,
7392,119,4,0.1,0.1,241,198,
7393,119,4,0.1,0.1,271,198,
7394,120,1,80,75,276,204,"256"
7395,120,1,80,5,279,204,
7396,120,2,0.2,0.60000002,92,204,
7397,120,2,0.2,0.60000002,95,204,
7398,120,2,0.2,0.60000002,94,204,
7399,120,2,0.2,0.60000002,93,204,
7400,120,2,0.2,0.60000002,96,204,
7401,120,2,0.2,1,98,204,
7402,120,2,0.2,1,99,204,
7403,120,2,0.2,1,100,204,
7404,120,2,0.2,1,101,204,
7405,120,2,0.2,1,102,204,
7406,120,2,0.2,0.1,110,204,
7407,120,2,0.2,0.1,113,204,
7408,120,2,0.2,0.1,112,204,
7409,120,2,0.2,0.1,111,204,
7410,120,2,0.2,0.1,114,204,
7411,120,2,0.2,0.2,116,204,
7412,120,2,0.2,0.2,119,204,
7413,120,2,0.2,0.2,118,204,
7414,120,2,0.2,0.1,117,204,
7415,120,2,0.2,0.30000001,120,204,
7416,120,2,0.2,2.4000001,229,204,
7417,120,2,0.2,4.4000001,230,204,
7418,120,2,0.2,4.5999999,187,204,
7419,120,2,0.2,8.6000004,188,204,
7420,120,2,0.2,0.69999999,229,204,"Expert Archers"
7421,120,2,0.2,2,230,204,"Expert Archers"
7422,120,2,0.2,1.3,187,204,"Expert Knights"
7423,120,2,0.2,4,188,204,"Expert Knights"
7424,120,2,0.2,0.2,234,204,
7425,120,2,0.2,0.2,235,204,
7426,120,2,0.2,0.2,236,204,
7427,120,2,0.2,0.1,192,204,
7428,120,2,0.2,0.1,193,204,
7429,120,2,0.2,0.1,194,204,
7430,120,2,0.2,0.1,195,204,
7431,120,2,0.2,0.1,196,204,
7432,120,2,0.2,0.1,197,204,
7433,120,3,0.60000002,0.2,350,204,
7434,120,3,0.60000002,0.1,351,204,
7435,120,3,0.60000002,0.2,356,204,
7436,120,3,0.60000002,0.1,357,204,
7437,120,3,0.60000002,0.2,353,204,
7438,120,3,0.60000002,0.1,354,204,
7439,120,3,0.60000002,0.2,359,204,
7440,120,3,0.60000002,0.1,360,204,
7441,120,3,0.60000002,0.2,362,204,
7442,120,3,0.60000002,0.1,363,204,
7443,120,3,0.60000002,0.30000001,330,204,
7444,120,3,0.60000002,0.30000001,331,204,
7445,120,3,0.60000002,0.30000001,337,204,
7446,120,3,0.60000002,0.30000001,338,204,
7447,120,3,0.60000002,0.30000001,339,204,
7448,120,3,0.60000002,0.30000001,340,204,
7449,120,3,0.60000002,0.30000001,341,204,
7450,120,3,0.60000002,0.1,367,204,
7451,120,3,0.60000002,0.1,368,204,
7452,120,3,0.60000002,0.1,369,204,
7453,120,3,0.60000002,0.1,370,204,
7454,120,3,0.60000002,0.1,371,204,
7455,120,3,0.60000002,0.1,342,204,
7456,120,3,0.60000002,0.1,343,204,
7457,120,3,0.60000002,0.1,344,204,
7458,120,3,0.60000002,0.1,345,204,
7459,120,3,0.60000002,0.1,346,204,
7460,120,3,0.60000002,0.1,348,204,
7461,120,3,0.60000002,8,379,204,
7462,120,4,0.1,0.1,380,204,
7463,120,4,0.1,0.1,237,204,
7464,120,4,0.1,0.1,198,204,
7465,120,4,0.1,0.1,201,204,
7466,120,4,0.1,0.1,205,204,
7467,120,4,0.1,0.1,208,204,
7468,120,4,0.1,0.1,241,204,
7469,127,1,90,80,276,242,"418"
7470,127,2,0.1,2.5,192,242,
7471,127,2,0.1,2.5,193,242,
7472,127,2,0.1,2.5,194,242,
7473,127,2,0.1,2.5,234,242,
7474,127,2,0.1,2.5,235,242,
7475,127,2,0.1,2.5,236,242,
7476,127,2,0.1,2.5,264,242,
7477,127,2,0.1,2.5,265,242,
7478,127,2,0.1,2.5,266,242,
7479,127,2,0.1,2.5,195,242,
7480,127,2,0.1,2.5,196,242,
7481,127,2,0.1,2.5,197,242,
7482,127,2,0.1,1,198,242,
7483,127,2,0.1,1,199,242,
7484,127,2,0.1,1,200,242,
7485,127,2,0.1,1,201,242,
7486,127,2,0.1,1,202,242,
7487,127,2,0.1,1,203,242,
7488,127,2,0.1,1,237,242,
7489,127,2,0.1,1,238,242,
7490,127,2,0.1,1,239,242,
7491,127,2,0.1,1,267,242,
7492,127,2,0.1,1,268,242,
7493,127,2,0.1,1,269,242,
7494,127,3,1.9,0.2,350,242,
7495,127,3,1.9,0.1,351,242,
7496,127,3,1.9,0.2,356,242,
7497,127,3,1.9,0.1,357,242,
7498,127,3,1.9,0.2,353,242,
7499,127,3,1.9,0.1,354,242,
7500,127,3,1.9,0.2,359,242,
7501,127,3,1.9,0.1,360,242,
7502,127,3,1.9,0.2,362,242,
7503,127,3,1.9,0.1,363,242,
7504,127,3,1.9,0.30000001,330,242,
7505,127,3,1.9,0.30000001,331,242,
7506,127,3,1.9,0.30000001,337,242,
7507,127,3,1.9,0.30000001,338,242,
7508,127,3,1.9,0.30000001,339,242,
7509,127,3,1.9,0.30000001,340,242,
7510,127,3,1.9,0.30000001,341,242,
7511,127,3,1.9,0.1,367,242,
7512,127,3,1.9,0.1,368,242,
7513,127,3,1.9,0.1,369,242,
7514,127,3,1.9,0.1,370,242,
7515,127,3,1.9,0.1,371,242,
7516,127,3,1.9,0.1,342,242,
7517,127,3,1.9,0.1,343,242,
7518,127,3,1.9,0.1,344,242,
7519,127,3,1.9,0.1,345,242,
7520,127,3,1.9,0.1,346,242,
7521,127,3,1.9,0.1,348,242,
7522,127,3,1.9,8,379,242,
7523,128,1,85,65,276,68,"136"
7524,128,1,85,6,279,68,
7525,128,1,85,3,277,68,
7526,128,2,1.5,0.30000001,261,68,
7527,128,2,1.5,0.1,262,68,
7528,128,2,1.5,0.1,263,68,
7529,128,2,1.5,0.80000001,258,68,
7530,128,2,1.5,0.30000001,259,68,
7531,128,2,1.5,0.30000001,260,68,
7532,128,2,1.5,0.2,374,68,
7533,128,2,1.5,0.1,259,68,"Veteran Scholars"
7534,128,2,1.5,0.1,260,68,"Veteran Scholars"
7535,128,2,1.5,0.1,259,68,"Skillful Scholars"
7536,128,2,1.5,0.1,260,68,"Skillful Scholars"
7537,128,2,1.5,0.40000001,104,68,
7538,128,2,1.5,0.40000001,107,68,
7539,128,2,1.5,0.40000001,106,68,
7540,128,2,1.5,0.40000001,105,68,
7541,128,2,1.5,0.40000001,108,68,
7542,128,3,0.5,0.30000001,350,68,
7543,128,3,0.5,0.30000001,356,68,
7544,128,3,0.5,0.30000001,353,68,
7545,128,3,0.5,0.30000001,359,68,
7546,128,3,0.5,0.30000001,362,68,
7547,128,3,0.5,0.30000001,330,68,
7548,128,3,0.5,0.30000001,331,68,
7549,128,3,0.5,0.30000001,337,68,
7550,128,3,0.5,0.30000001,338,68,
7551,128,3,0.5,0.30000001,339,68,
7552,128,3,0.5,0.30000001,340,68,
7553,128,3,0.5,0.30000001,341,68,
7554,128,3,0.5,0.1,367,68,
7555,128,3,0.5,0.1,368,68,
7556,128,3,0.5,0.1,369,68,
7557,128,3,0.5,0.1,370,68,
7558,128,3,0.5,0.1,371,68,
7559,128,3,0.5,0.1,342,68,
7560,128,3,0.5,0.1,343,68,
7561,128,3,0.5,0.1,344,68,
7562,128,3,0.5,0.1,345,68,
7563,128,3,0.5,0.1,346,68,
7564,128,3,0.5,0.1,347,68,
7565,128,3,0.5,5,378,68,
7566,128,3,0.5,5,377,68,
7567,128,3,0.5,10,379,68,
7568,128,4,0.1,0.1,380,68,
7569,128,4,0.1,0.2,264,68,
7570,129,1,85,65,276,72,"138"
7571,129,1,85,6,279,72,
7572,129,1,85,3,277,72,
7573,129,2,1.5,0.30000001,189,72,
7574,129,2,1.5,0.1,190,72,
7575,129,2,1.5,0.1,191,72,
7576,129,2,1.5,0.80000001,186,72,
7577,129,2,1.5,0.30000001,187,72,
7578,129,2,1.5,0.30000001,188,72,
7579,129,2,1.5,0.2,374,72,
7580,129,2,1.5,0.1,187,72,"Veteran Knights"
7581,129,2,1.5,0.1,188,72,"Veteran Knights"
7582,129,2,1.5,0.1,187,72,"Strong Knights"
7583,129,2,1.5,0.1,188,72,"Strong Knights"
7584,129,2,1.5,0.40000001,98,72,
7585,129,2,1.5,0.40000001,99,72,
7586,129,2,1.5,0.40000001,100,72,
7587,129,2,1.5,0.40000001,101,72,
7588,129,2,1.5,0.40000001,102,72,
7589,129,2,1.5,0.40000001,166,72,
7590,129,3,0.5,0.30000001,350,72,
7591,129,3,0.5,0.30000001,356,72,
7592,129,3,0.5,0.30000001,353,72,
7593,129,3,0.5,0.30000001,359,72,
7594,129,3,0.5,0.30000001,362,72,
7595,129,3,0.5,0.30000001,330,72,
7596,129,3,0.5,0.30000001,331,72,
7597,129,3,0.5,0.30000001,337,72,
7598,129,3,0.5,0.30000001,338,72,
7599,129,3,0.5,0.30000001,339,72,
7600,129,3,0.5,0.30000001,340,72,
7601,129,3,0.5,0.30000001,341,72,
7602,129,3,0.5,0.1,367,72,
7603,129,3,0.5,0.1,368,72,
7604,129,3,0.5,0.1,369,72,
7605,129,3,0.5,0.1,370,72,
7606,129,3,0.5,0.1,371,72,
7607,129,3,0.5,0.1,342,72,
7608,129,3,0.5,0.1,343,72,
7609,129,3,0.5,0.1,344,72,
7610,129,3,0.5,0.1,345,72,
7611,129,3,0.5,0.1,346,72,
7612,129,3,0.5,0.1,347,72,
7613,129,3,0.5,5,378,72,
7614,129,3,0.5,5,377,72,
7615,129,3,0.5,10,379,72,
7616,129,4,0.1,0.1,380,72,
7617,129,4,0.1,0.1,192,72,
7618,129,4,0.1,0.1,195,72,
7619,130,1,85,65,276,77,"140"
7620,130,1,85,6,279,77,
7621,130,1,85,3,277,77,
7622,130,2,1.5,0.30000001,231,77,
7623,130,2,1.5,0.1,232,77,
7624,130,2,1.5,0.1,233,77,
7625,130,2,1.5,0.80000001,228,77,
7626,130,2,1.5,0.30000001,229,77,
7627,130,2,1.5,0.30000001,230,77,
7628,130,2,1.5,0.2,374,77,
7629,130,2,1.5,0.1,229,77,"Veteran Archers"
7630,130,2,1.5,0.1,230,77,"Veteran Archers"
7631,130,2,1.5,0.1,229,77,"Skillful Archers "
7632,130,2,1.5,0.1,230,77,"Skillful Archers "
7633,130,2,1.5,0.40000001,92,77,
7634,130,2,1.5,0.40000001,95,77,
7635,130,2,1.5,0.40000001,94,77,
7636,130,2,1.5,0.40000001,93,77,
7637,130,2,1.5,0.40000001,96,77,
7638,130,3,0.5,0.30000001,350,77,
7639,130,3,0.5,0.30000001,356,77,
7640,130,3,0.5,0.30000001,353,77,
7641,130,3,0.5,0.30000001,359,77,
7642,130,3,0.5,0.30000001,362,77,
7643,130,3,0.5,0.30000001,330,77,
7644,130,3,0.5,0.30000001,331,77,
7645,130,3,0.5,0.30000001,337,77,
7646,130,3,0.5,0.30000001,338,77,
7647,130,3,0.5,0.30000001,339,77,
7648,130,3,0.5,0.30000001,340,77,
7649,130,3,0.5,0.30000001,341,77,
7650,130,3,0.5,0.1,367,77,
7651,130,3,0.5,0.1,368,77,
7652,130,3,0.5,0.1,369,77,
7653,130,3,0.5,0.1,370,77,
7654,130,3,0.5,0.1,371,77,
7655,130,3,0.5,0.1,342,77,
7656,130,3,0.5,0.1,343,77,
7657,130,3,0.5,0.1,344,77,
7658,130,3,0.5,0.1,345,77,
7659,130,3,0.5,0.1,346,77,
7660,130,3,0.5,0.1,347,77,
7661,130,3,0.5,5,378,77,
7662,130,3,0.5,5,377,77,
7663,130,3,0.5,10,379,77,
7664,130,4,0.1,0.1,380,77,
7665,130,4,0.1,0.2,234,77,
7666,131,1,85,65,276,81,"143"
7667,131,1,85,6,279,81,
7668,131,1,85,3,277,81,
7669,131,2,1.5,0.30000001,228,81,
7670,131,2,1.5,0.1,229,81,"Veteran Archers"
7671,131,2,1.5,0.1,230,81,"Veteran Archers"
7672,131,2,1.5,0.1,229,81,"Skillful Archers "
7673,131,2,1.5,0.1,230,81,"Skillful Archers "
7674,131,2,1.5,0.30000001,186,81,
7675,131,2,1.5,0.1,187,81,"Veteran Knights"
7676,131,2,1.5,0.1,188,81,"Veteran Knights"
7677,131,2,1.5,0.1,187,81,"Strong Knights"
7678,131,2,1.5,0.1,188,81,"Strong Knights"
7679,131,2,1.5,0.30000001,258,81,
7680,131,2,1.5,0.2,259,81,"Veteran Scholars"
7681,131,2,1.5,0.1,260,81,"Veteran Scholars"
7682,131,2,1.5,0.1,259,81,"Skillful Scholars"
7683,131,2,1.5,0.1,260,81,"Skillful Scholars"
7684,131,2,1.5,0.30000001,231,81,
7685,131,2,1.5,0.1,232,81,
7686,131,2,1.5,0.1,233,81,
7687,131,2,1.5,0.30000001,189,81,
7688,131,2,1.5,0.1,190,81,
7689,131,2,1.5,0.1,191,81,
7690,131,2,1.5,0.30000001,261,81,
7691,131,2,1.5,0.1,262,81,
7692,131,2,1.5,0.1,263,81,
7693,131,2,1.5,0.30000001,374,81,
7694,131,2,1.5,0.1,92,81,
7695,131,2,1.5,0.1,95,81,
7696,131,2,1.5,0.1,94,81,
7697,131,2,1.5,0.1,93,81,
7698,131,2,1.5,0.1,96,81,
7699,131,2,1.5,0.1,98,81,
7700,131,2,1.5,0.1,99,81,
7701,131,2,1.5,0.1,100,81,
7702,131,2,1.5,0.1,101,81,
7703,131,2,1.5,0.1,102,81,
7704,131,2,1.5,0.1,104,81,
7705,131,2,1.5,0.1,107,81,
7706,131,2,1.5,0.1,106,81,
7707,131,2,1.5,0.1,105,81,
7708,131,2,1.5,0.1,108,81,
7709,131,3,0.5,0.30000001,350,81,
7710,131,3,0.5,0.30000001,356,81,
7711,131,3,0.5,0.30000001,353,81,
7712,131,3,0.5,0.30000001,359,81,
7713,131,3,0.5,0.30000001,362,81,
7714,131,3,0.5,0.30000001,330,81,
7715,131,3,0.5,0.30000001,331,81,
7716,131,3,0.5,0.30000001,337,81,
7717,131,3,0.5,0.30000001,338,81,
7718,131,3,0.5,0.30000001,339,81,
7719,131,3,0.5,0.30000001,340,81,
7720,131,3,0.5,0.30000001,341,81,
7721,131,3,0.5,0.1,367,81,
7722,131,3,0.5,0.1,368,81,
7723,131,3,0.5,0.1,369,81,
7724,131,3,0.5,0.1,370,81,
7725,131,3,0.5,0.1,371,81,
7726,131,3,0.5,0.1,342,81,
7727,131,3,0.5,0.1,343,81,
7728,131,3,0.5,0.1,344,81,
7729,131,3,0.5,0.1,345,81,
7730,131,3,0.5,0.1,346,81,
7731,131,3,0.5,0.1,347,81,
7732,131,3,0.5,5,378,81,
7733,131,3,0.5,5,377,81,
7734,131,3,0.5,10,379,81,
7735,131,4,0.1,0.1,380,81,
7736,132,1,85,65,276,85,"145"
7737,132,1,85,6,279,85,
7738,132,1,85,3,277,85,
7739,132,2,1.5,0.30000001,231,85,
7740,132,2,1.5,0.1,232,85,
7741,132,2,1.5,0.1,233,85,
7742,132,2,1.5,0.80000001,228,85,
7743,132,2,1.5,0.30000001,229,85,
7744,132,2,1.5,0.30000001,230,85,
7745,132,2,1.5,0.2,374,85,
7746,132,2,1.5,0.2,229,85,"Skillful Archers "
7747,132,2,1.5,0.2,230,85,"Skillful Archers "
7748,132,2,1.5,0.2,229,85,"Expert Archers"
7749,132,2,1.5,0.2,230,85,"Expert Archers"
7750,132,2,1.5,0.5,92,85,
7751,132,2,1.5,0.5,95,85,
7752,132,2,1.5,0.5,94,85,
7753,132,2,1.5,0.5,93,85,
7754,132,2,1.5,0.5,96,85,
7755,132,3,0.5,0.30000001,350,85,
7756,132,3,0.5,0.30000001,356,85,
7757,132,3,0.5,0.30000001,353,85,
7758,132,3,0.5,0.30000001,359,85,
7759,132,3,0.5,0.30000001,362,85,
7760,132,3,0.5,0.30000001,330,85,
7761,132,3,0.5,0.30000001,331,85,
7762,132,3,0.5,0.30000001,337,85,
7763,132,3,0.5,0.30000001,338,85,
7764,132,3,0.5,0.30000001,339,85,
7765,132,3,0.5,0.30000001,340,85,
7766,132,3,0.5,0.30000001,341,85,
7767,132,3,0.5,0.1,367,85,
7768,132,3,0.5,0.1,368,85,
7769,132,3,0.5,0.1,369,85,
7770,132,3,0.5,0.1,370,85,
7771,132,3,0.5,0.1,371,85,
7772,132,3,0.5,0.1,342,85,
7773,132,3,0.5,0.1,343,85,
7774,132,3,0.5,0.1,344,85,
7775,132,3,0.5,0.1,345,85,
7776,132,3,0.5,0.1,346,85,
7777,132,3,0.5,0.1,347,85,
7778,132,3,0.5,5,378,85,
7779,132,3,0.5,5,377,85,
7780,132,3,0.5,10,379,85,
7781,132,4,0.1,0.1,380,85,
7782,132,4,0.1,0.2,234,85,
7783,133,1,85,65,276,92,"147"
7784,133,1,85,6,279,92,
7785,133,1,85,3,277,92,
7786,133,2,1.5,0.30000001,189,92,
7787,133,2,1.5,0.1,190,92,
7788,133,2,1.5,0.1,191,92,
7789,133,2,1.5,0.80000001,186,92,
7790,133,2,1.5,0.30000001,187,92,
7791,133,2,1.5,0.30000001,188,92,
7792,133,2,1.5,0.2,374,92,
7793,133,2,1.5,0.2,187,92,"Strong Knights"
7794,133,2,1.5,0.2,188,92,"Strong Knights"
7795,133,2,1.5,0.2,187,92,"Expert Knights"
7796,133,2,1.5,0.2,188,92,"Expert Knights"
7797,133,2,1.5,0.5,98,92,
7798,133,2,1.5,0.5,99,92,
7799,133,2,1.5,0.5,100,92,
7800,133,2,1.5,0.5,101,92,
7801,133,2,1.5,0.5,102,92,
7802,133,2,1.5,0.40000001,167,92,
7803,133,3,0.5,0.30000001,350,92,
7804,133,3,0.5,0.30000001,356,92,
7805,133,3,0.5,0.30000001,353,92,
7806,133,3,0.5,0.30000001,359,92,
7807,133,3,0.5,0.30000001,362,92,
7808,133,3,0.5,0.30000001,330,92,
7809,133,3,0.5,0.30000001,331,92,
7810,133,3,0.5,0.30000001,337,92,
7811,133,3,0.5,0.30000001,338,92,
7812,133,3,0.5,0.30000001,339,92,
7813,133,3,0.5,0.30000001,340,92,
7814,133,3,0.5,0.30000001,341,92,
7815,133,3,0.5,0.1,367,92,
7816,133,3,0.5,0.1,368,92,
7817,133,3,0.5,0.1,369,92,
7818,133,3,0.5,0.1,370,92,
7819,133,3,0.5,0.1,371,92,
7820,133,3,0.5,0.1,342,92,
7821,133,3,0.5,0.1,343,92,
7822,133,3,0.5,0.1,344,92,
7823,133,3,0.5,0.1,345,92,
7824,133,3,0.5,0.1,346,92,
7825,133,3,0.5,0.1,347,92,
7826,133,3,0.5,5,378,92,
7827,133,3,0.5,5,377,92,
7828,133,3,0.5,10,379,92,
7829,133,4,0.1,0.1,380,92,
7830,133,4,0.1,0.1,192,92,
7831,133,4,0.1,0.1,195,92,
7832,134,1,85,65,276,103,"149"
7833,134,1,85,6,279,103,
7834,134,1,85,3,277,103,
7835,134,2,1.5,0.30000001,261,103,
7836,134,2,1.5,0.1,262,103,
7837,134,2,1.5,0.1,263,103,
7838,134,2,1.5,0.80000001,258,103,
7839,134,2,1.5,0.30000001,259,103,
7840,134,2,1.5,0.30000001,260,103,
7841,134,2,1.5,0.2,374,103,
7842,134,2,1.5,0.2,259,103,"Skillful Scholars"
7843,134,2,1.5,0.2,260,103,"Skillful Scholars"
7844,134,2,1.5,0.2,259,103,"Expert Scholars"
7845,134,2,1.5,0.2,260,103,"Expert Scholars"
7846,134,2,1.5,0.5,104,103,
7847,134,2,1.5,0.5,107,103,
7848,134,2,1.5,0.5,106,103,
7849,134,2,1.5,0.5,105,103,
7850,134,2,1.5,0.5,108,103,
7851,134,3,0.5,0.30000001,350,103,
7852,134,3,0.5,0.30000001,356,103,
7853,134,3,0.5,0.30000001,353,103,
7854,134,3,0.5,0.30000001,359,103,
7855,134,3,0.5,0.30000001,362,103,
7856,134,3,0.5,0.30000001,330,103,
7857,134,3,0.5,0.30000001,331,103,
7858,134,3,0.5,0.30000001,337,103,
7859,134,3,0.5,0.30000001,338,103,
7860,134,3,0.5,0.30000001,339,103,
7861,134,3,0.5,0.30000001,340,103,
7862,134,3,0.5,0.30000001,341,103,
7863,134,3,0.5,0.1,367,103,
7864,134,3,0.5,0.1,368,103,
7865,134,3,0.5,0.1,369,103,
7866,134,3,0.5,0.1,370,103,
7867,134,3,0.5,0.1,371,103,
7868,134,3,0.5,0.1,342,103,
7869,134,3,0.5,0.1,343,103,
7870,134,3,0.5,0.1,344,103,
7871,134,3,0.5,0.1,345,103,
7872,134,3,0.5,0.1,346,103,
7873,134,3,0.5,0.1,347,103,
7874,134,3,0.5,5,378,103,
7875,134,3,0.5,5,377,103,
7876,134,3,0.5,10,379,103,
7877,134,4,0.1,0.1,380,103,
7878,134,4,0.1,0.2,264,103,
7879,128,1,85,65,276,69,"136"
7880,128,1,85,6,279,69,
7881,128,1,85,3,277,69,
7882,128,2,1.5,0.30000001,261,69,
7883,128,2,1.5,0.1,262,69,
7884,128,2,1.5,0.1,263,69,
7885,128,2,1.5,0.80000001,258,69,
7886,128,2,1.5,0.30000001,259,69,
7887,128,2,1.5,0.30000001,260,69,
7888,128,2,1.5,0.2,374,69,
7889,128,2,1.5,0.1,259,69,"Veteran Scholars"
7890,128,2,1.5,0.1,260,69,"Veteran Scholars"
7891,128,2,1.5,0.1,259,69,"Skillful Scholars"
7892,128,2,1.5,0.1,260,69,"Skillful Scholars"
7893,128,2,1.5,0.40000001,104,69,
7894,128,2,1.5,0.40000001,107,69,
7895,128,2,1.5,0.40000001,106,69,
7896,128,2,1.5,0.40000001,105,69,
7897,128,2,1.5,0.40000001,108,69,
7898,128,3,0.5,0.30000001,350,69,
7899,128,3,0.5,0.30000001,356,69,
7900,128,3,0.5,0.30000001,353,69,
7901,128,3,0.5,0.30000001,359,69,
7902,128,3,0.5,0.30000001,362,69,
7903,128,3,0.5,0.30000001,330,69,
7904,128,3,0.5,0.30000001,331,69,
7905,128,3,0.5,0.30000001,337,69,
7906,128,3,0.5,0.30000001,338,69,
7907,128,3,0.5,0.30000001,339,69,
7908,128,3,0.5,0.30000001,340,69,
7909,128,3,0.5,0.30000001,341,69,
7910,128,3,0.5,0.1,367,69,
7911,128,3,0.5,0.1,368,69,
7912,128,3,0.5,0.1,369,69,
7913,128,3,0.5,0.1,370,69,
7914,128,3,0.5,0.1,371,69,
7915,128,3,0.5,0.1,342,69,
7916,128,3,0.5,0.1,343,69,
7917,128,3,0.5,0.1,344,69,
7918,128,3,0.5,0.1,345,69,
7919,128,3,0.5,0.1,346,69,
7920,128,3,0.5,0.1,347,69,
7921,128,3,0.5,5,378,69,
7922,128,3,0.5,5,377,69,
7923,128,3,0.5,10,379,69,
7924,128,4,0.1,0.1,380,69,
7925,128,4,0.1,0.2,264,69,
7926,129,1,85,65,276,73,"138"
7927,129,1,85,6,279,73,
7928,129,1,85,3,277,73,
7929,129,2,1.5,0.30000001,189,73,
7930,129,2,1.5,0.1,190,73,
7931,129,2,1.5,0.1,191,73,
7932,129,2,1.5,0.80000001,186,73,
7933,129,2,1.5,0.30000001,187,73,
7934,129,2,1.5,0.30000001,188,73,
7935,129,2,1.5,0.2,374,73,
7936,129,2,1.5,0.1,187,73,"Veteran Knights"
7937,129,2,1.5,0.1,188,73,"Veteran Knights"
7938,129,2,1.5,0.1,187,73,"Strong Knights"
7939,129,2,1.5,0.1,188,73,"Strong Knights"
7940,129,2,1.5,0.40000001,98,73,
7941,129,2,1.5,0.40000001,99,73,
7942,129,2,1.5,0.40000001,100,73,
7943,129,2,1.5,0.40000001,101,73,
7944,129,2,1.5,0.40000001,102,73,
7945,129,2,1.5,0.40000001,166,73,
7946,129,3,0.5,0.30000001,350,73,
7947,129,3,0.5,0.30000001,356,73,
7948,129,3,0.5,0.30000001,353,73,
7949,129,3,0.5,0.30000001,359,73,
7950,129,3,0.5,0.30000001,362,73,
7951,129,3,0.5,0.30000001,330,73,
7952,129,3,0.5,0.30000001,331,73,
7953,129,3,0.5,0.30000001,337,73,
7954,129,3,0.5,0.30000001,338,73,
7955,129,3,0.5,0.30000001,339,73,
7956,129,3,0.5,0.30000001,340,73,
7957,129,3,0.5,0.30000001,341,73,
7958,129,3,0.5,0.1,367,73,
7959,129,3,0.5,0.1,368,73,
7960,129,3,0.5,0.1,369,73,
7961,129,3,0.5,0.1,370,73,
7962,129,3,0.5,0.1,371,73,
7963,129,3,0.5,0.1,342,73,
7964,129,3,0.5,0.1,343,73,
7965,129,3,0.5,0.1,344,73,
7966,129,3,0.5,0.1,345,73,
7967,129,3,0.5,0.1,346,73,
7968,129,3,0.5,0.1,347,73,
7969,129,3,0.5,5,378,73,
7970,129,3,0.5,5,377,73,
7971,129,3,0.5,10,379,73,
7972,129,4,0.1,0.1,380,73,
7973,129,4,0.1,0.1,192,73,
7974,129,4,0.1,0.1,195,73,
7975,130,1,85,65,276,78,"140"
7976,130,1,85,6,279,78,
7977,130,1,85,3,277,78,
7978,130,2,1.5,0.30000001,231,78,
7979,130,2,1.5,0.1,232,78,
7980,130,2,1.5,0.1,233,78,
7981,130,2,1.5,0.80000001,228,78,
7982,130,2,1.5,0.30000001,229,78,
7983,130,2,1.5,0.30000001,230,78,
7984,130,2,1.5,0.2,374,78,
7985,130,2,1.5,0.1,229,78,"Veteran Archers"
7986,130,2,1.5,0.1,230,78,"Veteran Archers"
7987,130,2,1.5,0.1,229,78,"Skillful Archers "
7988,130,2,1.5,0.1,230,78,"Skillful Archers "
7989,130,2,1.5,0.40000001,92,78,
7990,130,2,1.5,0.40000001,95,78,
7991,130,2,1.5,0.40000001,94,78,
7992,130,2,1.5,0.40000001,93,78,
7993,130,2,1.5,0.40000001,96,78,
7994,130,3,0.5,0.30000001,350,78,
7995,130,3,0.5,0.30000001,356,78,
7996,130,3,0.5,0.30000001,353,78,
7997,130,3,0.5,0.30000001,359,78,
7998,130,3,0.5,0.30000001,362,78,
7999,130,3,0.5,0.30000001,330,78,
8000,130,3,0.5,0.30000001,331,78,
8001,130,3,0.5,0.30000001,337,78,
8002,130,3,0.5,0.30000001,338,78,
8003,130,3,0.5,0.30000001,339,78,
8004,130,3,0.5,0.30000001,340,78,
8005,130,3,0.5,0.30000001,341,78,
8006,130,3,0.5,0.1,367,78,
8007,130,3,0.5,0.1,368,78,
8008,130,3,0.5,0.1,369,78,
8009,130,3,0.5,0.1,370,78,
8010,130,3,0.5,0.1,371,78,
8011,130,3,0.5,0.1,342,78,
8012,130,3,0.5,0.1,343,78,
8013,130,3,0.5,0.1,344,78,
8014,130,3,0.5,0.1,345,78,
8015,130,3,0.5,0.1,346,78,
8016,130,3,0.5,0.1,347,78,
8017,130,3,0.5,5,378,78,
8018,130,3,0.5,5,377,78,
8019,130,3,0.5,10,379,78,
8020,130,4,0.1,0.1,380,78,
8021,130,4,0.1,0.2,234,78,
8022,131,1,85,65,276,82,"143"
8023,131,1,85,6,279,82,
8024,131,1,85,3,277,82,
8025,131,2,1.5,0.30000001,228,82,
8026,131,2,1.5,0.1,229,82,"Veteran Archers"
8027,131,2,1.5,0.1,230,82,"Veteran Archers"
8028,131,2,1.5,0.1,229,82,"Skillful Archers "
8029,131,2,1.5,0.1,230,82,"Skillful Archers "
8030,131,2,1.5,0.30000001,186,82,
8031,131,2,1.5,0.1,187,82,"Veteran Knights"
8032,131,2,1.5,0.1,188,82,"Veteran Knights"
8033,131,2,1.5,0.1,187,82,"Strong Knights"
8034,131,2,1.5,0.1,188,82,"Strong Knights"
8035,131,2,1.5,0.30000001,258,82,
8036,131,2,1.5,0.2,259,82,"Veteran Scholars"
8037,131,2,1.5,0.1,260,82,"Veteran Scholars"
8038,131,2,1.5,0.1,259,82,"Skillful Scholars"
8039,131,2,1.5,0.1,260,82,"Skillful Scholars"
8040,131,2,1.5,0.30000001,231,82,
8041,131,2,1.5,0.1,232,82,
8042,131,2,1.5,0.1,233,82,
8043,131,2,1.5,0.30000001,189,82,
8044,131,2,1.5,0.1,190,82,
8045,131,2,1.5,0.1,191,82,
8046,131,2,1.5,0.30000001,261,82,
8047,131,2,1.5,0.1,262,82,
8048,131,2,1.5,0.1,263,82,
8049,131,2,1.5,0.30000001,374,82,
8050,131,2,1.5,0.1,92,82,
8051,131,2,1.5,0.1,95,82,
8052,131,2,1.5,0.1,94,82,
8053,131,2,1.5,0.1,93,82,
8054,131,2,1.5,0.1,96,82,
8055,131,2,1.5,0.1,98,82,
8056,131,2,1.5,0.1,99,82,
8057,131,2,1.5,0.1,100,82,
8058,131,2,1.5,0.1,101,82,
8059,131,2,1.5,0.1,102,82,
8060,131,2,1.5,0.1,104,82,
8061,131,2,1.5,0.1,107,82,
8062,131,2,1.5,0.1,106,82,
8063,131,2,1.5,0.1,105,82,
8064,131,2,1.5,0.1,108,82,
8065,131,3,0.5,0.30000001,350,82,
8066,131,3,0.5,0.30000001,356,82,
8067,131,3,0.5,0.30000001,353,82,
8068,131,3,0.5,0.30000001,359,82,
8069,131,3,0.5,0.30000001,362,82,
8070,131,3,0.5,0.30000001,330,82,
8071,131,3,0.5,0.30000001,331,82,
8072,131,3,0.5,0.30000001,337,82,
8073,131,3,0.5,0.30000001,338,82,
8074,131,3,0.5,0.30000001,339,82,
8075,131,3,0.5,0.30000001,340,82,
8076,131,3,0.5,0.30000001,341,82,
8077,131,3,0.5,0.1,367,82,
8078,131,3,0.5,0.1,368,82,
8079,131,3,0.5,0.1,369,82,
8080,131,3,0.5,0.1,370,82,
8081,131,3,0.5,0.1,371,82,
8082,131,3,0.5,0.1,342,82,
8083,131,3,0.5,0.1,343,82,
8084,131,3,0.5,0.1,344,82,
8085,131,3,0.5,0.1,345,82,
8086,131,3,0.5,0.1,346,82,
8087,131,3,0.5,0.1,347,82,
8088,131,3,0.5,5,378,82,
8089,131,3,0.5,5,377,82,
8090,131,3,0.5,10,379,82,
8091,131,4,0.1,0.1,380,82,
8092,132,1,85,65,276,86,"145"
8093,132,1,85,6,279,86,
8094,132,1,85,3,277,86,
8095,132,2,1.5,0.30000001,231,86,
8096,132,2,1.5,0.1,232,86,
8097,132,2,1.5,0.1,233,86,
8098,132,2,1.5,0.80000001,228,86,
8099,132,2,1.5,0.30000001,229,86,
8100,132,2,1.5,0.30000001,230,86,
8101,132,2,1.5,0.2,374,86,
8102,132,2,1.5,0.2,229,86,"Skillful Archers "
8103,132,2,1.5,0.2,230,86,"Skillful Archers "
8104,132,2,1.5,0.2,229,86,"Expert Archers"
8105,132,2,1.5,0.2,230,86,"Expert Archers"
8106,132,2,1.5,0.5,92,86,
8107,132,2,1.5,0.5,95,86,
8108,132,2,1.5,0.5,94,86,
8109,132,2,1.5,0.5,93,86,
8110,132,2,1.5,0.5,96,86,
8111,132,3,0.5,0.30000001,350,86,
8112,132,3,0.5,0.30000001,356,86,
8113,132,3,0.5,0.30000001,353,86,
8114,132,3,0.5,0.30000001,359,86,
8115,132,3,0.5,0.30000001,362,86,
8116,132,3,0.5,0.30000001,330,86,
8117,132,3,0.5,0.30000001,331,86,
8118,132,3,0.5,0.30000001,337,86,
8119,132,3,0.5,0.30000001,338,86,
8120,132,3,0.5,0.30000001,339,86,
8121,132,3,0.5,0.30000001,340,86,
8122,132,3,0.5,0.30000001,341,86,
8123,132,3,0.5,0.1,367,86,
8124,132,3,0.5,0.1,368,86,
8125,132,3,0.5,0.1,369,86,
8126,132,3,0.5,0.1,370,86,
8127,132,3,0.5,0.1,371,86,
8128,132,3,0.5,0.1,342,86,
8129,132,3,0.5,0.1,343,86,
8130,132,3,0.5,0.1,344,86,
8131,132,3,0.5,0.1,345,86,
8132,132,3,0.5,0.1,346,86,
8133,132,3,0.5,0.1,347,86,
8134,132,3,0.5,5,378,86,
8135,132,3,0.5,5,377,86,
8136,132,3,0.5,10,379,86,
8137,132,4,0.1,0.1,380,86,
8138,132,4,0.1,0.2,234,86,
8139,133,1,85,65,276,93,"147"
8140,133,1,85,6,279,93,
8141,133,1,85,3,277,93,
8142,133,2,1.5,0.30000001,189,93,
8143,133,2,1.5,0.1,190,93,
8144,133,2,1.5,0.1,191,93,
8145,133,2,1.5,0.80000001,186,93,
8146,133,2,1.5,0.30000001,187,93,
8147,133,2,1.5,0.30000001,188,93,
8148,133,2,1.5,0.2,374,93,
8149,133,2,1.5,0.2,187,93,"Strong Knights"
8150,133,2,1.5,0.2,188,93,"Strong Knights"
8151,133,2,1.5,0.2,187,93,"Expert Knights"
8152,133,2,1.5,0.2,188,93,"Expert Knights"
8153,133,2,1.5,0.5,98,93,
8154,133,2,1.5,0.5,99,93,
8155,133,2,1.5,0.5,100,93,
8156,133,2,1.5,0.5,101,93,
8157,133,2,1.5,0.5,102,93,
8158,133,2,1.5,0.40000001,167,93,
8159,133,3,0.5,0.30000001,350,93,
8160,133,3,0.5,0.30000001,356,93,
8161,133,3,0.5,0.30000001,353,93,
8162,133,3,0.5,0.30000001,359,93,
8163,133,3,0.5,0.30000001,362,93,
8164,133,3,0.5,0.30000001,330,93,
8165,133,3,0.5,0.30000001,331,93,
8166,133,3,0.5,0.30000001,337,93,
8167,133,3,0.5,0.30000001,338,93,
8168,133,3,0.5,0.30000001,339,93,
8169,133,3,0.5,0.30000001,340,93,
8170,133,3,0.5,0.30000001,341,93,
8171,133,3,0.5,0.1,367,93,
8172,133,3,0.5,0.1,368,93,
8173,133,3,0.5,0.1,369,93,
8174,133,3,0.5,0.1,370,93,
8175,133,3,0.5,0.1,371,93,
8176,133,3,0.5,0.1,342,93,
8177,133,3,0.5,0.1,343,93,
8178,133,3,0.5,0.1,344,93,
8179,133,3,0.5,0.1,345,93,
8180,133,3,0.5,0.1,346,93,
8181,133,3,0.5,0.1,347,93,
8182,133,3,0.5,5,378,93,
8183,133,3,0.5,5,377,93,
8184,133,3,0.5,10,379,93,
8185,133,4,0.1,0.1,380,93,
8186,133,4,0.1,0.1,192,93,
8187,133,4,0.1,0.1,195,93,
8188,134,1,85,65,276,104,"149"
8189,134,1,85,6,279,104,
8190,134,1,85,3,277,104,
8191,134,2,1.5,0.30000001,261,104,
8192,134,2,1.5,0.1,262,104,
8193,134,2,1.5,0.1,263,104,
8194,134,2,1.5,0.80000001,258,104,
8195,134,2,1.5,0.30000001,259,104,
8196,134,2,1.5,0.30000001,260,104,
8197,134,2,1.5,0.2,374,104,
8198,134,2,1.5,0.2,259,104,"Skillful Scholars"
8199,134,2,1.5,0.2,260,104,"Skillful Scholars"
8200,134,2,1.5,0.2,259,104,"Expert Scholars"
8201,134,2,1.5,0.2,260,104,"Expert Scholars"
8202,134,2,1.5,0.5,104,104,
8203,134,2,1.5,0.5,107,104,
8204,134,2,1.5,0.5,106,104,
8205,134,2,1.5,0.5,105,104,
8206,134,2,1.5,0.5,108,104,
8207,134,3,0.5,0.30000001,350,104,
8208,134,3,0.5,0.30000001,356,104,
8209,134,3,0.5,0.30000001,353,104,
8210,134,3,0.5,0.30000001,359,104,
8211,134,3,0.5,0.30000001,362,104,
8212,134,3,0.5,0.30000001,330,104,
8213,134,3,0.5,0.30000001,331,104,
8214,134,3,0.5,0.30000001,337,104,
8215,134,3,0.5,0.30000001,338,104,
8216,134,3,0.5,0.30000001,339,104,
8217,134,3,0.5,0.30000001,340,104,
8218,134,3,0.5,0.30000001,341,104,
8219,134,3,0.5,0.1,367,104,
8220,134,3,0.5,0.1,368,104,
8221,134,3,0.5,0.1,369,104,
8222,134,3,0.5,0.1,370,104,
8223,134,3,0.5,0.1,371,104,
8224,134,3,0.5,0.1,342,104,
8225,134,3,0.5,0.1,343,104,
8226,134,3,0.5,0.1,344,104,
8227,134,3,0.5,0.1,345,104,
8228,134,3,0.5,0.1,346,104,
8229,134,3,0.5,0.1,347,104,
8230,134,3,0.5,5,378,104,
8231,134,3,0.5,5,377,104,
8232,134,3,0.5,10,379,104,
8233,134,4,0.1,0.1,380,104,
8234,134,4,0.1,0.2,264,104,
8235,192,1,40,64,276,243,"100000"
8236,192,1,40,3,198,243,
8237,192,1,40,3,199,243,
8238,192,1,40,3,200,243,
8239,192,1,40,3,201,243,
8240,192,1,40,3,202,243,
8241,192,1,40,3,203,243,
8242,192,1,40,3,237,243,
8243,192,1,40,3,238,243,
8244,192,1,40,3,239,243,
8245,192,1,40,3,267,243,
8246,192,1,40,3,268,243,
8247,192,1,40,3,269,243,
8248,192,2,40,82,276,243,"100000"
8249,192,2,40,1.5,204,243,
8250,192,2,40,1.5,205,243,
8251,192,2,40,1.5,206,243,
8252,192,2,40,1.5,207,243,
8253,192,2,40,1.5,208,243,
8254,192,2,40,1.5,209,243,
8255,192,2,40,1.5,240,243,
8256,192,2,40,1.5,241,243,
8257,192,2,40,1.5,242,243,
8258,192,2,40,1.5,270,243,
8259,192,2,40,1.5,271,243,
8260,192,2,40,1.5,272,243,
8261,192,3,10,55,276,243,"1500000"
8262,192,3,10,3,116,243,
8263,192,3,10,3,119,243,
8264,192,3,10,3,118,243,
8265,192,3,10,3,117,243,
8266,192,3,10,3,120,243,
8267,192,3,10,3,110,243,
8268,192,3,10,3,113,243,
8269,192,3,10,3,112,243,
8270,192,3,10,3,111,243,
8271,192,3,10,3,114,243,
8272,192,3,10,3,122,243,
8273,192,3,10,3,125,243,
8274,192,3,10,3,124,243,
8275,192,3,10,3,123,243,
8276,192,3,10,3,126,243,
8277,192,4,10,77.5,276,243,"200000"
8278,192,4,10,0.69999999,134,243,
8279,192,4,10,0.69999999,137,243,
8280,192,4,10,0.69999999,136,243,
8281,192,4,10,0.69999999,135,243,
8282,192,4,10,0.69999999,138,243,
8283,192,4,10,0.69999999,128,243,
8284,192,4,10,0.69999999,131,243,
8285,192,4,10,0.69999999,130,243,
8286,192,4,10,0.69999999,129,243,
8287,192,4,10,0.69999999,132,243,
8288,192,4,10,0.69999999,140,243,
8289,192,4,10,0.69999999,143,243,
8290,192,4,10,0.69999999,142,243,
8291,192,4,10,0.69999999,141,243,
8292,192,4,10,0.69999999,144,243,
8293,192,4,10,1,210,243,
8294,192,4,10,1,211,243,
8295,192,4,10,1,212,243,
8296,192,4,10,1,213,243,
8297,192,4,10,1,214,243,
8298,192,4,10,1,215,243,
8299,192,4,10,1,243,243,
8300,192,4,10,1,244,243,
8301,192,4,10,1,245,243,
8302,192,4,10,1,273,243,
8303,192,4,10,1,274,243,
8304,192,4,10,1,275,243,
8305,135,1,3,80,276,87,"203"
8306,135,1,3,0.30000001,381,87,
8307,135,1,3,0.30000001,382,87,
8308,135,2,87,90,276,87,"203"
8309,135,3,0.1,0.30000001,192,87,
8310,135,3,0.1,0.30000001,193,87,
8311,135,3,0.1,0.30000001,194,87,
8312,135,3,0.1,0.30000001,195,87,
8313,135,3,0.1,0.30000001,196,87,
8314,135,3,0.1,0.30000001,197,87,
8315,135,4,1.9,0.2,350,87,
8316,135,4,1.9,0.1,351,87,
8317,135,4,1.9,0.2,356,87,
8318,135,4,1.9,0.1,357,87,
8319,135,4,1.9,0.2,353,87,
8320,135,4,1.9,0.1,354,87,
8321,135,4,1.9,0.2,359,87,
8322,135,4,1.9,0.1,360,87,
8323,135,4,1.9,0.2,362,87,
8324,135,4,1.9,0.1,363,87,
8325,135,4,1.9,0.30000001,330,87,
8326,135,4,1.9,0.30000001,331,87,
8327,135,4,1.9,0.30000001,337,87,
8328,135,4,1.9,0.30000001,338,87,
8329,135,4,1.9,0.30000001,339,87,
8330,135,4,1.9,0.30000001,340,87,
8331,135,4,1.9,0.30000001,341,87,
8332,135,4,1.9,0.1,367,87,
8333,135,4,1.9,0.1,368,87,
8334,135,4,1.9,0.1,369,87,
8335,135,4,1.9,0.1,370,87,
8336,135,4,1.9,0.1,371,87,
8337,135,4,1.9,0.1,342,87,
8338,135,4,1.9,0.1,343,87,
8339,135,4,1.9,0.1,344,87,
8340,135,4,1.9,0.1,345,87,
8341,135,4,1.9,0.1,346,87,
8342,135,4,1.9,0.1,348,87,
8343,135,4,1.9,8,379,87,
8344,136,1,3,80,276,94,"206"
8345,136,1,3,0.30000001,381,94,
8346,136,1,3,0.30000001,382,94,
8347,136,2,87,90,276,94,"206"
8348,136,3,0.1,0.30000001,234,94,
8349,136,3,0.1,0.30000001,235,94,
8350,136,3,0.1,0.30000001,236,94,
8351,136,4,1.9,0.2,350,94,
8352,136,4,1.9,0.1,351,94,
8353,136,4,1.9,0.2,356,94,
8354,136,4,1.9,0.1,357,94,
8355,136,4,1.9,0.2,353,94,
8356,136,4,1.9,0.1,354,94,
8357,136,4,1.9,0.2,359,94,
8358,136,4,1.9,0.1,360,94,
8359,136,4,1.9,0.2,362,94,
8360,136,4,1.9,0.1,363,94,
8361,136,4,1.9,0.30000001,330,94,
8362,136,4,1.9,0.30000001,331,94,
8363,136,4,1.9,0.30000001,337,94,
8364,136,4,1.9,0.30000001,338,94,
8365,136,4,1.9,0.30000001,339,94,
8366,136,4,1.9,0.30000001,340,94,
8367,136,4,1.9,0.30000001,341,94,
8368,136,4,1.9,0.1,367,94,
8369,136,4,1.9,0.1,368,94,
8370,136,4,1.9,0.1,369,94,
8371,136,4,1.9,0.1,370,94,
8372,136,4,1.9,0.1,371,94,
8373,136,4,1.9,0.1,342,94,
8374,136,4,1.9,0.1,343,94,
8375,136,4,1.9,0.1,344,94,
8376,136,4,1.9,0.1,345,94,
8377,136,4,1.9,0.1,346,94,
8378,136,4,1.9,0.1,348,94,
8379,136,4,1.9,8,379,94,
8380,137,1,3,80,276,105,"209"
8381,137,1,3,0.30000001,381,105,
8382,137,1,3,0.30000001,382,105,
8383,137,2,87,90,276,105,"209"
8384,137,3,0.1,0.30000001,264,105,
8385,137,3,0.1,0.30000001,265,105,
8386,137,3,0.1,0.30000001,266,105,
8387,137,4,1.9,0.2,350,105,
8388,137,4,1.9,0.1,351,105,
8389,137,4,1.9,0.2,356,105,
8390,137,4,1.9,0.1,357,105,
8391,137,4,1.9,0.2,353,105,
8392,137,4,1.9,0.1,354,105,
8393,137,4,1.9,0.2,359,105,
8394,137,4,1.9,0.1,360,105,
8395,137,4,1.9,0.2,362,105,
8396,137,4,1.9,0.1,363,105,
8397,137,4,1.9,0.30000001,330,105,
8398,137,4,1.9,0.30000001,331,105,
8399,137,4,1.9,0.30000001,337,105,
8400,137,4,1.9,0.30000001,338,105,
8401,137,4,1.9,0.30000001,339,105,
8402,137,4,1.9,0.30000001,340,105,
8403,137,4,1.9,0.30000001,341,105,
8404,137,4,1.9,0.1,367,105,
8405,137,4,1.9,0.1,368,105,
8406,137,4,1.9,0.1,369,105,
8407,137,4,1.9,0.1,370,105,
8408,137,4,1.9,0.1,371,105,
8409,137,4,1.9,0.1,342,105,
8410,137,4,1.9,0.1,343,105,
8411,137,4,1.9,0.1,344,105,
8412,137,4,1.9,0.1,345,105,
8413,137,4,1.9,0.1,346,105,
8414,137,4,1.9,0.1,348,105,
8415,137,4,1.9,8,379,105,
8416,138,1,3,80,276,106,"209"
8417,138,1,3,0.30000001,381,106,
8418,138,1,3,0.30000001,382,106,
8419,138,2,87,90,276,106,"209"
8420,138,3,0.1,0.30000001,192,106,
8421,138,3,0.1,0.30000001,193,106,
8422,138,3,0.1,0.30000001,194,106,
8423,138,3,0.1,0.30000001,195,106,
8424,138,3,0.1,0.30000001,196,106,
8425,138,3,0.1,0.30000001,197,106,
8426,138,4,1.9,0.2,350,106,
8427,138,4,1.9,0.1,351,106,
8428,138,4,1.9,0.2,356,106,
8429,138,4,1.9,0.1,357,106,
8430,138,4,1.9,0.2,353,106,
8431,138,4,1.9,0.1,354,106,
8432,138,4,1.9,0.2,359,106,
8433,138,4,1.9,0.1,360,106,
8434,138,4,1.9,0.2,362,106,
8435,138,4,1.9,0.1,363,106,
8436,138,4,1.9,0.30000001,330,106,
8437,138,4,1.9,0.30000001,331,106,
8438,138,4,1.9,0.30000001,337,106,
8439,138,4,1.9,0.30000001,338,106,
8440,138,4,1.9,0.30000001,339,106,
8441,138,4,1.9,0.30000001,340,106,
8442,138,4,1.9,0.30000001,341,106,
8443,138,4,1.9,0.1,367,106,
8444,138,4,1.9,0.1,368,106,
8445,138,4,1.9,0.1,369,106,
8446,138,4,1.9,0.1,370,106,
8447,138,4,1.9,0.1,371,106,
8448,138,4,1.9,0.1,342,106,
8449,138,4,1.9,0.1,343,106,
8450,138,4,1.9,0.1,344,106,
8451,138,4,1.9,0.1,345,106,
8452,138,4,1.9,0.1,346,106,
8453,138,4,1.9,0.1,348,106,
8454,138,4,1.9,8,379,106,
8455,139,1,3,80,276,111,"212"
8456,139,1,3,0.30000001,381,111,
8457,139,1,3,0.30000001,382,111,
8458,139,2,87,90,276,111,"212"
8459,139,3,0.1,0.30000001,234,111,
8460,139,3,0.1,0.30000001,235,111,
8461,139,3,0.1,0.30000001,236,111,
8462,139,4,1.9,0.2,350,111,
8463,139,4,1.9,0.1,351,111,
8464,139,4,1.9,0.2,356,111,
8465,139,4,1.9,0.1,357,111,
8466,139,4,1.9,0.2,353,111,
8467,139,4,1.9,0.1,354,111,
8468,139,4,1.9,0.2,359,111,
8469,139,4,1.9,0.1,360,111,
8470,139,4,1.9,0.2,362,111,
8471,139,4,1.9,0.1,363,111,
8472,139,4,1.9,0.30000001,330,111,
8473,139,4,1.9,0.30000001,331,111,
8474,139,4,1.9,0.30000001,337,111,
8475,139,4,1.9,0.30000001,338,111,
8476,139,4,1.9,0.30000001,339,111,
8477,139,4,1.9,0.30000001,340,111,
8478,139,4,1.9,0.30000001,341,111,
8479,139,4,1.9,0.1,367,111,
8480,139,4,1.9,0.1,368,111,
8481,139,4,1.9,0.1,369,111,
8482,139,4,1.9,0.1,370,111,
8483,139,4,1.9,0.1,371,111,
8484,139,4,1.9,0.1,342,111,
8485,139,4,1.9,0.1,343,111,
8486,139,4,1.9,0.1,344,111,
8487,139,4,1.9,0.1,345,111,
8488,139,4,1.9,0.1,346,111,
8489,139,4,1.9,0.1,348,111,
8490,139,4,1.9,8,379,111,
8491,140,1,3,80,276,120,"215"
8492,140,1,3,0.30000001,381,120,
8493,140,1,3,0.30000001,382,120,
8494,140,2,87,90,276,120,"215"
8495,140,3,0.1,0.30000001,264,120,
8496,140,3,0.1,0.30000001,265,120,
8497,140,3,0.1,0.30000001,266,120,
8498,140,4,1.9,0.2,350,120,
8499,140,4,1.9,0.1,351,120,
8500,140,4,1.9,0.2,356,120,
8501,140,4,1.9,0.1,357,120,
8502,140,4,1.9,0.2,353,120,
8503,140,4,1.9,0.1,354,120,
8504,140,4,1.9,0.2,359,120,
8505,140,4,1.9,0.1,360,120,
8506,140,4,1.9,0.2,362,120,
8507,140,4,1.9,0.1,363,120,
8508,140,4,1.9,0.30000001,330,120,
8509,140,4,1.9,0.30000001,331,120,
8510,140,4,1.9,0.30000001,337,120,
8511,140,4,1.9,0.30000001,338,120,
8512,140,4,1.9,0.30000001,339,120,
8513,140,4,1.9,0.30000001,340,120,
8514,140,4,1.9,0.30000001,341,120,
8515,140,4,1.9,0.1,367,120,
8516,140,4,1.9,0.1,368,120,
8517,140,4,1.9,0.1,369,120,
8518,140,4,1.9,0.1,370,120,
8519,140,4,1.9,0.1,371,120,
8520,140,4,1.9,0.1,342,120,
8521,140,4,1.9,0.1,343,120,
8522,140,4,1.9,0.1,344,120,
8523,140,4,1.9,0.1,345,120,
8524,140,4,1.9,0.1,346,120,
8525,140,4,1.9,0.1,348,120,
8526,140,4,1.9,8,379,120,
8527,141,1,3,80,276,121,"215"
8528,141,1,3,0.30000001,381,121,
8529,141,1,3,0.30000001,382,121,
8530,141,2,87,90,276,121,"215"
8531,141,3,0.1,0.30000001,192,121,
8532,141,3,0.1,0.30000001,193,121,
8533,141,3,0.1,0.30000001,194,121,
8534,141,3,0.1,0.30000001,195,121,
8535,141,3,0.1,0.30000001,196,121,
8536,141,3,0.1,0.30000001,197,121,
8537,141,4,1.9,0.2,350,121,
8538,141,4,1.9,0.1,351,121,
8539,141,4,1.9,0.2,356,121,
8540,141,4,1.9,0.1,357,121,
8541,141,4,1.9,0.2,353,121,
8542,141,4,1.9,0.1,354,121,
8543,141,4,1.9,0.2,359,121,
8544,141,4,1.9,0.1,360,121,
8545,141,4,1.9,0.2,362,121,
8546,141,4,1.9,0.1,363,121,
8547,141,4,1.9,0.30000001,330,121,
8548,141,4,1.9,0.30000001,331,121,
8549,141,4,1.9,0.30000001,337,121,
8550,141,4,1.9,0.30000001,338,121,
8551,141,4,1.9,0.30000001,339,121,
8552,141,4,1.9,0.30000001,340,121,
8553,141,4,1.9,0.30000001,341,121,
8554,141,4,1.9,0.1,367,121,
8555,141,4,1.9,0.1,368,121,
8556,141,4,1.9,0.1,369,121,
8557,141,4,1.9,0.1,370,121,
8558,141,4,1.9,0.1,371,121,
8559,141,4,1.9,0.1,342,121,
8560,141,4,1.9,0.1,343,121,
8561,141,4,1.9,0.1,344,121,
8562,141,4,1.9,0.1,345,121,
8563,141,4,1.9,0.1,346,121,
8564,141,4,1.9,0.1,348,121,
8565,141,4,1.9,8,379,121,
8566,142,1,3,80,276,129,"218"
8567,142,1,3,0.30000001,381,129,
8568,142,1,3,0.30000001,382,129,
8569,142,2,87,90,276,129,"218"
8570,142,3,0.1,0.30000001,234,129,
8571,142,3,0.1,0.30000001,235,129,
8572,142,3,0.1,0.30000001,236,129,
8573,142,4,1.9,0.2,350,129,
8574,142,4,1.9,0.1,351,129,
8575,142,4,1.9,0.2,356,129,
8576,142,4,1.9,0.1,357,129,
8577,142,4,1.9,0.2,353,129,
8578,142,4,1.9,0.1,354,129,
8579,142,4,1.9,0.2,359,129,
8580,142,4,1.9,0.1,360,129,
8581,142,4,1.9,0.2,362,129,
8582,142,4,1.9,0.1,363,129,
8583,142,4,1.9,0.30000001,330,129,
8584,142,4,1.9,0.30000001,331,129,
8585,142,4,1.9,0.30000001,337,129,
8586,142,4,1.9,0.30000001,338,129,
8587,142,4,1.9,0.30000001,339,129,
8588,142,4,1.9,0.30000001,340,129,
8589,142,4,1.9,0.30000001,341,129,
8590,142,4,1.9,0.1,367,129,
8591,142,4,1.9,0.1,368,129,
8592,142,4,1.9,0.1,369,129,
8593,142,4,1.9,0.1,370,129,
8594,142,4,1.9,0.1,371,129,
8595,142,4,1.9,0.1,342,129,
8596,142,4,1.9,0.1,343,129,
8597,142,4,1.9,0.1,344,129,
8598,142,4,1.9,0.1,345,129,
8599,142,4,1.9,0.1,346,129,
8600,142,4,1.9,0.1,348,129,
8601,142,4,1.9,8,379,129,
8602,143,1,3,80,276,138,"221"
8603,143,1,3,0.30000001,381,138,
8604,143,1,3,0.30000001,382,138,
8605,143,2,87,90,276,138,"221"
8606,143,3,0.1,0.30000001,264,138,
8607,143,3,0.1,0.30000001,265,138,
8608,143,3,0.1,0.30000001,266,138,
8609,143,4,1.9,0.2,350,138,
8610,143,4,1.9,0.1,351,138,
8611,143,4,1.9,0.2,356,138,
8612,143,4,1.9,0.1,357,138,
8613,143,4,1.9,0.2,353,138,
8614,143,4,1.9,0.1,354,138,
8615,143,4,1.9,0.2,359,138,
8616,143,4,1.9,0.1,360,138,
8617,143,4,1.9,0.2,362,138,
8618,143,4,1.9,0.1,363,138,
8619,143,4,1.9,0.30000001,330,138,
8620,143,4,1.9,0.30000001,331,138,
8621,143,4,1.9,0.30000001,337,138,
8622,143,4,1.9,0.30000001,338,138,
8623,143,4,1.9,0.30000001,339,138,
8624,143,4,1.9,0.30000001,340,138,
8625,143,4,1.9,0.30000001,341,138,
8626,143,4,1.9,0.1,367,138,
8627,143,4,1.9,0.1,368,138,
8628,143,4,1.9,0.1,369,138,
8629,143,4,1.9,0.1,370,138,
8630,143,4,1.9,0.1,371,138,
8631,143,4,1.9,0.1,342,138,
8632,143,4,1.9,0.1,343,138,
8633,143,4,1.9,0.1,344,138,
8634,143,4,1.9,0.1,345,138,
8635,143,4,1.9,0.1,346,138,
8636,143,4,1.9,0.1,348,138,
8637,143,4,1.9,8,379,138,
8638,144,1,3,80,276,143,"224"
8639,144,1,3,0.30000001,382,143,
8640,144,1,3,0.30000001,383,143,
8641,144,2,87,90,276,143,"224"
8642,144,3,0.1,0.30000001,192,143,
8643,144,3,0.1,0.30000001,193,143,
8644,144,3,0.1,0.30000001,194,143,
8645,144,3,0.1,0.30000001,195,143,
8646,144,3,0.1,0.30000001,196,143,
8647,144,3,0.1,0.30000001,197,143,
8648,144,4,1.9,0.2,350,143,
8649,144,4,1.9,0.1,351,143,
8650,144,4,1.9,0.2,356,143,
8651,144,4,1.9,0.1,357,143,
8652,144,4,1.9,0.2,353,143,
8653,144,4,1.9,0.1,354,143,
8654,144,4,1.9,0.2,359,143,
8655,144,4,1.9,0.1,360,143,
8656,144,4,1.9,0.2,362,143,
8657,144,4,1.9,0.1,363,143,
8658,144,4,1.9,0.30000001,330,143,
8659,144,4,1.9,0.30000001,331,143,
8660,144,4,1.9,0.30000001,337,143,
8661,144,4,1.9,0.30000001,338,143,
8662,144,4,1.9,0.30000001,339,143,
8663,144,4,1.9,0.30000001,340,143,
8664,144,4,1.9,0.30000001,341,143,
8665,144,4,1.9,0.1,367,143,
8666,144,4,1.9,0.1,368,143,
8667,144,4,1.9,0.1,369,143,
8668,144,4,1.9,0.1,370,143,
8669,144,4,1.9,0.1,371,143,
8670,144,4,1.9,0.1,342,143,
8671,144,4,1.9,0.1,343,143,
8672,144,4,1.9,0.1,344,143,
8673,144,4,1.9,0.1,345,143,
8674,144,4,1.9,0.1,346,143,
8675,144,4,1.9,0.1,348,143,
8676,144,4,1.9,8,379,143,
8677,145,1,3,80,276,154,"227"
8678,145,1,3,0.30000001,382,154,
8679,145,1,3,0.30000001,383,154,
8680,145,2,87,90,276,154,"227"
8681,145,3,0.1,0.30000001,234,154,
8682,145,3,0.1,0.30000001,235,154,
8683,145,3,0.1,0.30000001,236,154,
8684,145,4,1.9,0.2,350,154,
8685,145,4,1.9,0.1,351,154,
8686,145,4,1.9,0.2,356,154,
8687,145,4,1.9,0.1,357,154,
8688,145,4,1.9,0.2,353,154,
8689,145,4,1.9,0.1,354,154,
8690,145,4,1.9,0.2,359,154,
8691,145,4,1.9,0.1,360,154,
8692,145,4,1.9,0.2,362,154,
8693,145,4,1.9,0.1,363,154,
8694,145,4,1.9,0.30000001,330,154,
8695,145,4,1.9,0.30000001,331,154,
8696,145,4,1.9,0.30000001,337,154,
8697,145,4,1.9,0.30000001,338,154,
8698,145,4,1.9,0.30000001,339,154,
8699,145,4,1.9,0.30000001,340,154,
8700,145,4,1.9,0.30000001,341,154,
8701,145,4,1.9,0.1,367,154,
8702,145,4,1.9,0.1,368,154,
8703,145,4,1.9,0.1,369,154,
8704,145,4,1.9,0.1,370,154,
8705,145,4,1.9,0.1,371,154,
8706,145,4,1.9,0.1,342,154,
8707,145,4,1.9,0.1,343,154,
8708,145,4,1.9,0.1,344,154,
8709,145,4,1.9,0.1,345,154,
8710,145,4,1.9,0.1,346,154,
8711,145,4,1.9,0.1,348,154,
8712,145,4,1.9,8,379,154,
8713,146,1,3,80,276,161,"230"
8714,146,1,3,0.30000001,382,161,
8715,146,1,3,0.30000001,383,161,
8716,146,2,87,90,276,161,"230"
8717,146,3,0.1,0.30000001,264,161,
8718,146,3,0.1,0.30000001,265,161,
8719,146,3,0.1,0.30000001,266,161,
8720,146,4,1.9,0.2,350,161,
8721,146,4,1.9,0.1,351,161,
8722,146,4,1.9,0.2,356,161,
8723,146,4,1.9,0.1,357,161,
8724,146,4,1.9,0.2,353,161,
8725,146,4,1.9,0.1,354,161,
8726,146,4,1.9,0.2,359,161,
8727,146,4,1.9,0.1,360,161,
8728,146,4,1.9,0.2,362,161,
8729,146,4,1.9,0.1,363,161,
8730,146,4,1.9,0.30000001,330,161,
8731,146,4,1.9,0.30000001,331,161,
8732,146,4,1.9,0.30000001,337,161,
8733,146,4,1.9,0.30000001,338,161,
8734,146,4,1.9,0.30000001,339,161,
8735,146,4,1.9,0.30000001,340,161,
8736,146,4,1.9,0.30000001,341,161,
8737,146,4,1.9,0.1,367,161,
8738,146,4,1.9,0.1,368,161,
8739,146,4,1.9,0.1,369,161,
8740,146,4,1.9,0.1,370,161,
8741,146,4,1.9,0.1,371,161,
8742,146,4,1.9,0.1,342,161,
8743,146,4,1.9,0.1,343,161,
8744,146,4,1.9,0.1,344,161,
8745,146,4,1.9,0.1,345,161,
8746,146,4,1.9,0.1,346,161,
8747,146,4,1.9,0.1,348,161,
8748,146,4,1.9,8,379,161,
8749,147,1,3,80,276,130,"223"
8750,147,1,3,0.30000001,382,130,
8751,147,1,3,0.30000001,383,130,
8752,147,2,87,90,276,130,"223"
8753,147,3,0.1,0.30000001,192,130,
8754,147,3,0.1,0.30000001,193,130,
8755,147,3,0.1,0.30000001,194,130,
8756,147,3,0.1,0.30000001,195,130,
8757,147,3,0.1,0.30000001,196,130,
8758,147,3,0.1,0.30000001,197,130,
8759,147,4,1.9,0.2,350,130,
8760,147,4,1.9,0.1,351,130,
8761,147,4,1.9,0.2,356,130,
8762,147,4,1.9,0.1,357,130,
8763,147,4,1.9,0.2,353,130,
8764,147,4,1.9,0.1,354,130,
8765,147,4,1.9,0.2,359,130,
8766,147,4,1.9,0.1,360,130,
8767,147,4,1.9,0.2,362,130,
8768,147,4,1.9,0.1,363,130,
8769,147,4,1.9,0.30000001,330,130,
8770,147,4,1.9,0.30000001,331,130,
8771,147,4,1.9,0.30000001,337,130,
8772,147,4,1.9,0.30000001,338,130,
8773,147,4,1.9,0.30000001,339,130,
8774,147,4,1.9,0.30000001,340,130,
8775,147,4,1.9,0.30000001,341,130,
8776,147,4,1.9,0.1,367,130,
8777,147,4,1.9,0.1,368,130,
8778,147,4,1.9,0.1,369,130,
8779,147,4,1.9,0.1,370,130,
8780,147,4,1.9,0.1,371,130,
8781,147,4,1.9,0.1,342,130,
8782,147,4,1.9,0.1,343,130,
8783,147,4,1.9,0.1,344,130,
8784,147,4,1.9,0.1,345,130,
8785,147,4,1.9,0.1,346,130,
8786,147,4,1.9,0.1,348,130,
8787,147,4,1.9,8,379,130,
8788,148,1,3,80,276,139,"226"
8789,148,1,3,0.30000001,382,139,
8790,148,1,3,0.30000001,383,139,
8791,148,2,87,90,276,139,"226"
8792,148,3,0.1,0.30000001,234,139,
8793,148,3,0.1,0.30000001,235,139,
8794,148,3,0.1,0.30000001,236,139,
8795,148,4,1.9,0.2,350,139,
8796,148,4,1.9,0.1,351,139,
8797,148,4,1.9,0.2,356,139,
8798,148,4,1.9,0.1,357,139,
8799,148,4,1.9,0.2,353,139,
8800,148,4,1.9,0.1,354,139,
8801,148,4,1.9,0.2,359,139,
8802,148,4,1.9,0.1,360,139,
8803,148,4,1.9,0.2,362,139,
8804,148,4,1.9,0.1,363,139,
8805,148,4,1.9,0.30000001,330,139,
8806,148,4,1.9,0.30000001,331,139,
8807,148,4,1.9,0.30000001,337,139,
8808,148,4,1.9,0.30000001,338,139,
8809,148,4,1.9,0.30000001,339,139,
8810,148,4,1.9,0.30000001,340,139,
8811,148,4,1.9,0.30000001,341,139,
8812,148,4,1.9,0.1,367,139,
8813,148,4,1.9,0.1,368,139,
8814,148,4,1.9,0.1,369,139,
8815,148,4,1.9,0.1,370,139,
8816,148,4,1.9,0.1,371,139,
8817,148,4,1.9,0.1,342,139,
8818,148,4,1.9,0.1,343,139,
8819,148,4,1.9,0.1,344,139,
8820,148,4,1.9,0.1,345,139,
8821,148,4,1.9,0.1,346,139,
8822,148,4,1.9,0.1,348,139,
8823,148,4,1.9,8,379,139,
8824,149,1,3,80,276,144,"229"
8825,149,1,3,0.30000001,382,144,
8826,149,1,3,0.30000001,383,144,
8827,149,2,87,90,276,144,"229"
8828,149,3,0.1,0.30000001,264,144,
8829,149,3,0.1,0.30000001,265,144,
8830,149,3,0.1,0.30000001,266,144,
8831,149,4,1.9,0.2,350,144,
8832,149,4,1.9,0.1,351,144,
8833,149,4,1.9,0.2,356,144,
8834,149,4,1.9,0.1,357,144,
8835,149,4,1.9,0.2,353,144,
8836,149,4,1.9,0.1,354,144,
8837,149,4,1.9,0.2,359,144,
8838,149,4,1.9,0.1,360,144,
8839,149,4,1.9,0.2,362,144,
8840,149,4,1.9,0.1,363,144,
8841,149,4,1.9,0.30000001,330,144,
8842,149,4,1.9,0.30000001,331,144,
8843,149,4,1.9,0.30000001,337,144,
8844,149,4,1.9,0.30000001,338,144,
8845,149,4,1.9,0.30000001,339,144,
8846,149,4,1.9,0.30000001,340,144,
8847,149,4,1.9,0.30000001,341,144,
8848,149,4,1.9,0.1,367,144,
8849,149,4,1.9,0.1,368,144,
8850,149,4,1.9,0.1,369,144,
8851,149,4,1.9,0.1,370,144,
8852,149,4,1.9,0.1,371,144,
8853,149,4,1.9,0.1,342,144,
8854,149,4,1.9,0.1,343,144,
8855,149,4,1.9,0.1,344,144,
8856,149,4,1.9,0.1,345,144,
8857,149,4,1.9,0.1,346,144,
8858,149,4,1.9,0.1,348,144,
8859,149,4,1.9,8,379,144,
8860,150,1,3,80,276,155,"232"
8861,150,1,3,0.30000001,382,155,
8862,150,1,3,0.30000001,383,155,
8863,150,2,87,90,276,155,"232"
8864,150,3,0.1,0.30000001,192,155,
8865,150,3,0.1,0.30000001,193,155,
8866,150,3,0.1,0.30000001,194,155,
8867,150,3,0.1,0.30000001,195,155,
8868,150,3,0.1,0.30000001,196,155,
8869,150,3,0.1,0.30000001,197,155,
8870,150,4,1.9,0.2,350,155,
8871,150,4,1.9,0.1,351,155,
8872,150,4,1.9,0.2,356,155,
8873,150,4,1.9,0.1,357,155,
8874,150,4,1.9,0.2,353,155,
8875,150,4,1.9,0.1,354,155,
8876,150,4,1.9,0.2,359,155,
8877,150,4,1.9,0.1,360,155,
8878,150,4,1.9,0.2,362,155,
8879,150,4,1.9,0.1,363,155,
8880,150,4,1.9,0.30000001,330,155,
8881,150,4,1.9,0.30000001,331,155,
8882,150,4,1.9,0.30000001,337,155,
8883,150,4,1.9,0.30000001,338,155,
8884,150,4,1.9,0.30000001,339,155,
8885,150,4,1.9,0.30000001,340,155,
8886,150,4,1.9,0.30000001,341,155,
8887,150,4,1.9,0.1,367,155,
8888,150,4,1.9,0.1,368,155,
8889,150,4,1.9,0.1,369,155,
8890,150,4,1.9,0.1,370,155,
8891,150,4,1.9,0.1,371,155,
8892,150,4,1.9,0.1,342,155,
8893,150,4,1.9,0.1,343,155,
8894,150,4,1.9,0.1,344,155,
8895,150,4,1.9,0.1,345,155,
8896,150,4,1.9,0.1,346,155,
8897,150,4,1.9,0.1,348,155,
8898,150,4,1.9,8,379,155,
8899,151,1,3,80,276,162,"235"
8900,151,1,3,0.30000001,382,162,
8901,151,1,3,0.30000001,383,162,
8902,151,2,87,90,276,162,"235"
8903,151,3,0.1,0.30000001,234,162,
8904,151,3,0.1,0.30000001,235,162,
8905,151,3,0.1,0.30000001,236,162,
8906,151,4,1.9,0.2,350,162,
8907,151,4,1.9,0.1,351,162,
8908,151,4,1.9,0.2,356,162,
8909,151,4,1.9,0.1,357,162,
8910,151,4,1.9,0.2,353,162,
8911,151,4,1.9,0.1,354,162,
8912,151,4,1.9,0.2,359,162,
8913,151,4,1.9,0.1,360,162,
8914,151,4,1.9,0.2,362,162,
8915,151,4,1.9,0.1,363,162,
8916,151,4,1.9,0.30000001,330,162,
8917,151,4,1.9,0.30000001,331,162,
8918,151,4,1.9,0.30000001,337,162,
8919,151,4,1.9,0.30000001,338,162,
8920,151,4,1.9,0.30000001,339,162,
8921,151,4,1.9,0.30000001,340,162,
8922,151,4,1.9,0.30000001,341,162,
8923,151,4,1.9,0.1,367,162,
8924,151,4,1.9,0.1,368,162,
8925,151,4,1.9,0.1,369,162,
8926,151,4,1.9,0.1,370,162,
8927,151,4,1.9,0.1,371,162,
8928,151,4,1.9,0.1,342,162,
8929,151,4,1.9,0.1,343,162,
8930,151,4,1.9,0.1,344,162,
8931,151,4,1.9,0.1,345,162,
8932,151,4,1.9,0.1,346,162,
8933,151,4,1.9,0.1,348,162,
8934,151,4,1.9,8,379,162,
8935,152,1,3,80,276,168,"238"
8936,152,1,3,0.30000001,382,168,
8937,152,1,3,0.30000001,383,168,
8938,152,2,87,90,276,168,"238"
8939,152,3,0.1,0.30000001,264,168,
8940,152,3,0.1,0.30000001,265,168,
8941,152,3,0.1,0.30000001,266,168,
8942,152,4,1.9,0.2,350,168,
8943,152,4,1.9,0.1,351,168,
8944,152,4,1.9,0.2,356,168,
8945,152,4,1.9,0.1,357,168,
8946,152,4,1.9,0.2,353,168,
8947,152,4,1.9,0.1,354,168,
8948,152,4,1.9,0.2,359,168,
8949,152,4,1.9,0.1,360,168,
8950,152,4,1.9,0.2,362,168,
8951,152,4,1.9,0.1,363,168,
8952,152,4,1.9,0.30000001,330,168,
8953,152,4,1.9,0.30000001,331,168,
8954,152,4,1.9,0.30000001,337,168,
8955,152,4,1.9,0.30000001,338,168,
8956,152,4,1.9,0.30000001,339,168,
8957,152,4,1.9,0.30000001,340,168,
8958,152,4,1.9,0.30000001,341,168,
8959,152,4,1.9,0.1,367,168,
8960,152,4,1.9,0.1,368,168,
8961,152,4,1.9,0.1,369,168,
8962,152,4,1.9,0.1,370,168,
8963,152,4,1.9,0.1,371,168,
8964,152,4,1.9,0.1,342,168,
8965,152,4,1.9,0.1,343,168,
8966,152,4,1.9,0.1,344,168,
8967,152,4,1.9,0.1,345,168,
8968,152,4,1.9,0.1,346,168,
8969,152,4,1.9,0.1,348,168,
8970,152,4,1.9,8,379,168,
8971,153,1,3,80,276,174,"241"
8972,153,1,3,0.30000001,383,174,
8973,153,1,3,0.30000001,384,174,
8974,153,2,87,90,276,174,"241"
8975,153,3,0.1,0.30000001,192,174,
8976,153,3,0.1,0.30000001,193,174,
8977,153,3,0.1,0.30000001,194,174,
8978,153,3,0.1,0.30000001,195,174,
8979,153,3,0.1,0.30000001,196,174,
8980,153,3,0.1,0.30000001,197,174,
8981,153,4,1.9,0.2,350,174,
8982,153,4,1.9,0.1,351,174,
8983,153,4,1.9,0.2,356,174,
8984,153,4,1.9,0.1,357,174,
8985,153,4,1.9,0.2,353,174,
8986,153,4,1.9,0.1,354,174,
8987,153,4,1.9,0.2,359,174,
8988,153,4,1.9,0.1,360,174,
8989,153,4,1.9,0.2,362,174,
8990,153,4,1.9,0.1,363,174,
8991,153,4,1.9,0.30000001,330,174,
8992,153,4,1.9,0.30000001,331,174,
8993,153,4,1.9,0.30000001,337,174,
8994,153,4,1.9,0.30000001,338,174,
8995,153,4,1.9,0.30000001,339,174,
8996,153,4,1.9,0.30000001,340,174,
8997,153,4,1.9,0.30000001,341,174,
8998,153,4,1.9,0.1,367,174,
8999,153,4,1.9,0.1,368,174,
9000,153,4,1.9,0.1,369,174,
9001,153,4,1.9,0.1,370,174,
9002,153,4,1.9,0.1,371,174,
9003,153,4,1.9,0.1,342,174,
9004,153,4,1.9,0.1,343,174,
9005,153,4,1.9,0.1,344,174,
9006,153,4,1.9,0.1,345,174,
9007,153,4,1.9,0.1,346,174,
9008,153,4,1.9,0.1,348,174,
9009,153,4,1.9,8,379,174,
9010,154,1,3,80,276,180,"244"
9011,154,1,3,0.30000001,383,180,
9012,154,1,3,0.30000001,384,180,
9013,154,2,87,90,276,180,"244"
9014,154,3,0.1,0.30000001,234,180,
9015,154,3,0.1,0.30000001,235,180,
9016,154,3,0.1,0.30000001,236,180,
9017,154,4,1.9,0.2,350,180,
9018,154,4,1.9,0.1,351,180,
9019,154,4,1.9,0.2,356,180,
9020,154,4,1.9,0.1,357,180,
9021,154,4,1.9,0.2,353,180,
9022,154,4,1.9,0.1,354,180,
9023,154,4,1.9,0.2,359,180,
9024,154,4,1.9,0.1,360,180,
9025,154,4,1.9,0.2,362,180,
9026,154,4,1.9,0.1,363,180,
9027,154,4,1.9,0.30000001,330,180,
9028,154,4,1.9,0.30000001,331,180,
9029,154,4,1.9,0.30000001,337,180,
9030,154,4,1.9,0.30000001,338,180,
9031,154,4,1.9,0.30000001,339,180,
9032,154,4,1.9,0.30000001,340,180,
9033,154,4,1.9,0.30000001,341,180,
9034,154,4,1.9,0.1,367,180,
9035,154,4,1.9,0.1,368,180,
9036,154,4,1.9,0.1,369,180,
9037,154,4,1.9,0.1,370,180,
9038,154,4,1.9,0.1,371,180,
9039,154,4,1.9,0.1,342,180,
9040,154,4,1.9,0.1,343,180,
9041,154,4,1.9,0.1,344,180,
9042,154,4,1.9,0.1,345,180,
9043,154,4,1.9,0.1,346,180,
9044,154,4,1.9,0.1,348,180,
9045,154,4,1.9,8,379,180,
9046,155,1,3,80,276,187,"247"
9047,155,1,3,0.30000001,383,187,
9048,155,1,3,0.30000001,384,187,
9049,155,2,87,90,276,187,"247"
9050,155,3,0.1,0.30000001,264,187,
9051,155,3,0.1,0.30000001,265,187,
9052,155,3,0.1,0.30000001,266,187,
9053,155,4,1.9,0.2,350,187,
9054,155,4,1.9,0.1,351,187,
9055,155,4,1.9,0.2,356,187,
9056,155,4,1.9,0.1,357,187,
9057,155,4,1.9,0.2,353,187,
9058,155,4,1.9,0.1,354,187,
9059,155,4,1.9,0.2,359,187,
9060,155,4,1.9,0.1,360,187,
9061,155,4,1.9,0.2,362,187,
9062,155,4,1.9,0.1,363,187,
9063,155,4,1.9,0.30000001,330,187,
9064,155,4,1.9,0.30000001,331,187,
9065,155,4,1.9,0.30000001,337,187,
9066,155,4,1.9,0.30000001,338,187,
9067,155,4,1.9,0.30000001,339,187,
9068,155,4,1.9,0.30000001,340,187,
9069,155,4,1.9,0.30000001,341,187,
9070,155,4,1.9,0.1,367,187,
9071,155,4,1.9,0.1,368,187,
9072,155,4,1.9,0.1,369,187,
9073,155,4,1.9,0.1,370,187,
9074,155,4,1.9,0.1,371,187,
9075,155,4,1.9,0.1,342,187,
9076,155,4,1.9,0.1,343,187,
9077,155,4,1.9,0.1,344,187,
9078,155,4,1.9,0.1,345,187,
9079,155,4,1.9,0.1,346,187,
9080,155,4,1.9,0.1,348,187,
9081,155,4,1.9,8,379,187,
9082,156,1,3,80,276,181,"244"
9083,156,1,3,0.30000001,383,181,
9084,156,1,3,0.30000001,384,181,
9085,156,2,87,90,276,181,"244"
9086,156,3,0.1,0.2,116,181,
9087,156,3,0.1,0.2,119,181,
9088,156,3,0.1,0.2,118,181,
9089,156,3,0.1,0.2,117,181,
9090,156,3,0.1,0.2,120,181,
9091,156,4,1.9,0.2,350,181,
9092,156,4,1.9,0.1,351,181,
9093,156,4,1.9,0.2,356,181,
9094,156,4,1.9,0.1,357,181,
9095,156,4,1.9,0.2,353,181,
9096,156,4,1.9,0.1,354,181,
9097,156,4,1.9,0.2,359,181,
9098,156,4,1.9,0.1,360,181,
9099,156,4,1.9,0.2,362,181,
9100,156,4,1.9,0.1,363,181,
9101,156,4,1.9,0.30000001,330,181,
9102,156,4,1.9,0.30000001,331,181,
9103,156,4,1.9,0.30000001,337,181,
9104,156,4,1.9,0.30000001,338,181,
9105,156,4,1.9,0.30000001,339,181,
9106,156,4,1.9,0.30000001,340,181,
9107,156,4,1.9,0.30000001,341,181,
9108,156,4,1.9,0.1,367,181,
9109,156,4,1.9,0.1,368,181,
9110,156,4,1.9,0.1,369,181,
9111,156,4,1.9,0.1,370,181,
9112,156,4,1.9,0.1,371,181,
9113,156,4,1.9,0.1,342,181,
9114,156,4,1.9,0.1,343,181,
9115,156,4,1.9,0.1,344,181,
9116,156,4,1.9,0.1,345,181,
9117,156,4,1.9,0.1,346,181,
9118,156,4,1.9,0.1,348,181,
9119,156,4,1.9,8,379,181,
9120,157,1,3,80,276,188,"247"
9121,157,1,3,0.30000001,383,188,
9122,157,1,3,0.30000001,384,188,
9123,157,2,87,90,276,188,"247"
9124,157,3,0.1,0.2,110,188,
9125,157,3,0.1,0.2,113,188,
9126,157,3,0.1,0.2,112,188,
9127,157,3,0.1,0.2,111,188,
9128,157,3,0.1,0.2,114,188,
9129,157,4,1.9,0.2,350,188,
9130,157,4,1.9,0.1,351,188,
9131,157,4,1.9,0.2,356,188,
9132,157,4,1.9,0.1,357,188,
9133,157,4,1.9,0.2,353,188,
9134,157,4,1.9,0.1,354,188,
9135,157,4,1.9,0.2,359,188,
9136,157,4,1.9,0.1,360,188,
9137,157,4,1.9,0.2,362,188,
9138,157,4,1.9,0.1,363,188,
9139,157,4,1.9,0.30000001,330,188,
9140,157,4,1.9,0.30000001,331,188,
9141,157,4,1.9,0.30000001,337,188,
9142,157,4,1.9,0.30000001,338,188,
9143,157,4,1.9,0.30000001,339,188,
9144,157,4,1.9,0.30000001,340,188,
9145,157,4,1.9,0.30000001,341,188,
9146,157,4,1.9,0.1,367,188,
9147,157,4,1.9,0.1,368,188,
9148,157,4,1.9,0.1,369,188,
9149,157,4,1.9,0.1,370,188,
9150,157,4,1.9,0.1,371,188,
9151,157,4,1.9,0.1,342,188,
9152,157,4,1.9,0.1,343,188,
9153,157,4,1.9,0.1,344,188,
9154,157,4,1.9,0.1,345,188,
9155,157,4,1.9,0.1,346,188,
9156,157,4,1.9,0.1,348,188,
9157,157,4,1.9,8,379,188,
9158,158,1,3,80,276,193,"250"
9159,158,1,3,0.30000001,383,193,
9160,158,1,3,0.30000001,384,193,
9161,158,2,87,90,276,193,"250"
9162,158,3,0.1,0.2,122,193,
9163,158,3,0.1,0.2,125,193,
9164,158,3,0.1,0.2,124,193,
9165,158,3,0.1,0.2,123,193,
9166,158,3,0.1,0.2,126,193,
9167,158,4,1.9,0.2,350,193,
9168,158,4,1.9,0.1,351,193,
9169,158,4,1.9,0.2,356,193,
9170,158,4,1.9,0.1,357,193,
9171,158,4,1.9,0.2,353,193,
9172,158,4,1.9,0.1,354,193,
9173,158,4,1.9,0.2,359,193,
9174,158,4,1.9,0.1,360,193,
9175,158,4,1.9,0.2,362,193,
9176,158,4,1.9,0.1,363,193,
9177,158,4,1.9,0.30000001,330,193,
9178,158,4,1.9,0.30000001,331,193,
9179,158,4,1.9,0.30000001,337,193,
9180,158,4,1.9,0.30000001,338,193,
9181,158,4,1.9,0.30000001,339,193,
9182,158,4,1.9,0.30000001,340,193,
9183,158,4,1.9,0.30000001,341,193,
9184,158,4,1.9,0.1,367,193,
9185,158,4,1.9,0.1,368,193,
9186,158,4,1.9,0.1,369,193,
9187,158,4,1.9,0.1,370,193,
9188,158,4,1.9,0.1,371,193,
9189,158,4,1.9,0.1,342,193,
9190,158,4,1.9,0.1,343,193,
9191,158,4,1.9,0.1,344,193,
9192,158,4,1.9,0.1,345,193,
9193,158,4,1.9,0.1,346,193,
9194,158,4,1.9,0.1,348,193,
9195,158,4,1.9,8,379,193,
9196,159,1,3,80,276,194,"250"
9197,159,1,3,0.30000001,383,194,
9198,159,1,3,0.30000001,384,194,
9199,159,2,87,90,276,194,"250"
9200,159,3,0.1,0.2,122,194,
9201,159,3,0.1,0.2,125,194,
9202,159,3,0.1,0.2,124,194,
9203,159,3,0.1,0.2,123,194,
9204,159,3,0.1,0.2,126,194,
9205,159,4,1.9,0.2,350,194,
9206,159,4,1.9,0.1,351,194,
9207,159,4,1.9,0.2,356,194,
9208,159,4,1.9,0.1,357,194,
9209,159,4,1.9,0.2,353,194,
9210,159,4,1.9,0.1,354,194,
9211,159,4,1.9,0.2,359,194,
9212,159,4,1.9,0.1,360,194,
9213,159,4,1.9,0.2,362,194,
9214,159,4,1.9,0.1,363,194,
9215,159,4,1.9,0.30000001,330,194,
9216,159,4,1.9,0.30000001,331,194,
9217,159,4,1.9,0.30000001,337,194,
9218,159,4,1.9,0.30000001,338,194,
9219,159,4,1.9,0.30000001,339,194,
9220,159,4,1.9,0.30000001,340,194,
9221,159,4,1.9,0.30000001,341,194,
9222,159,4,1.9,0.1,367,194,
9223,159,4,1.9,0.1,368,194,
9224,159,4,1.9,0.1,369,194,
9225,159,4,1.9,0.1,370,194,
9226,159,4,1.9,0.1,371,194,
9227,159,4,1.9,0.1,342,194,
9228,159,4,1.9,0.1,343,194,
9229,159,4,1.9,0.1,344,194,
9230,159,4,1.9,0.1,345,194,
9231,159,4,1.9,0.1,346,194,
9232,159,4,1.9,0.1,348,194,
9233,159,4,1.9,8,379,194,
9234,160,1,3,80,276,199,"253"
9235,160,1,3,0.30000001,383,199,
9236,160,1,3,0.30000001,384,199,
9237,160,2,87,90,276,199,"253"
9238,160,3,0.1,0.2,110,199,
9239,160,3,0.1,0.2,113,199,
9240,160,3,0.1,0.2,112,199,
9241,160,3,0.1,0.2,111,199,
9242,160,3,0.1,0.2,114,199,
9243,160,4,1.9,0.2,350,199,
9244,160,4,1.9,0.1,351,199,
9245,160,4,1.9,0.2,356,199,
9246,160,4,1.9,0.1,357,199,
9247,160,4,1.9,0.2,353,199,
9248,160,4,1.9,0.1,354,199,
9249,160,4,1.9,0.2,359,199,
9250,160,4,1.9,0.1,360,199,
9251,160,4,1.9,0.2,362,199,
9252,160,4,1.9,0.1,363,199,
9253,160,4,1.9,0.30000001,330,199,
9254,160,4,1.9,0.30000001,331,199,
9255,160,4,1.9,0.30000001,337,199,
9256,160,4,1.9,0.30000001,338,199,
9257,160,4,1.9,0.30000001,339,199,
9258,160,4,1.9,0.30000001,340,199,
9259,160,4,1.9,0.30000001,341,199,
9260,160,4,1.9,0.1,367,199,
9261,160,4,1.9,0.1,368,199,
9262,160,4,1.9,0.1,369,199,
9263,160,4,1.9,0.1,370,199,
9264,160,4,1.9,0.1,371,199,
9265,160,4,1.9,0.1,342,199,
9266,160,4,1.9,0.1,343,199,
9267,160,4,1.9,0.1,344,199,
9268,160,4,1.9,0.1,345,199,
9269,160,4,1.9,0.1,346,199,
9270,160,4,1.9,0.1,348,199,
9271,160,4,1.9,8,379,199,
9272,161,1,3,80,276,205,"256"
9273,161,1,3,0.30000001,383,205,
9274,161,1,3,0.30000001,384,205,
9275,161,2,87,90,276,205,"256"
9276,161,3,0.1,0.2,116,205,
9277,161,3,0.1,0.2,119,205,
9278,161,3,0.1,0.2,118,205,
9279,161,3,0.1,0.2,117,205,
9280,161,3,0.1,0.2,120,205,
9281,161,4,1.9,0.2,350,205,
9282,161,4,1.9,0.1,351,205,
9283,161,4,1.9,0.2,356,205,
9284,161,4,1.9,0.1,357,205,
9285,161,4,1.9,0.2,353,205,
9286,161,4,1.9,0.1,354,205,
9287,161,4,1.9,0.2,359,205,
9288,161,4,1.9,0.1,360,205,
9289,161,4,1.9,0.2,362,205,
9290,161,4,1.9,0.1,363,205,
9291,161,4,1.9,0.30000001,330,205,
9292,161,4,1.9,0.30000001,331,205,
9293,161,4,1.9,0.30000001,337,205,
9294,161,4,1.9,0.30000001,338,205,
9295,161,4,1.9,0.30000001,339,205,
9296,161,4,1.9,0.30000001,340,205,
9297,161,4,1.9,0.30000001,341,205,
9298,161,4,1.9,0.1,367,205,
9299,161,4,1.9,0.1,368,205,
9300,161,4,1.9,0.1,369,205,
9301,161,4,1.9,0.1,370,205,
9302,161,4,1.9,0.1,371,205,
9303,161,4,1.9,0.1,342,205,
9304,161,4,1.9,0.1,343,205,
9305,161,4,1.9,0.1,344,205,
9306,161,4,1.9,0.1,345,205,
9307,161,4,1.9,0.1,346,205,
9308,161,4,1.9,0.1,348,205,
9309,161,4,1.9,8,379,205,
9310,162,1,3,80,276,207,"259"
9311,162,1,3,0.30000001,384,207,
9312,162,1,3,0.30000001,385,207,
9313,162,2,87,90,276,207,"259"
9314,162,3,0.1,0.2,116,207,
9315,162,3,0.1,0.2,119,207,
9316,162,3,0.1,0.2,118,207,
9317,162,3,0.1,0.2,117,207,
9318,162,3,0.1,0.2,120,207,
9319,162,4,1.9,0.2,350,207,
9320,162,4,1.9,0.1,351,207,
9321,162,4,1.9,0.2,356,207,
9322,162,4,1.9,0.1,357,207,
9323,162,4,1.9,0.2,353,207,
9324,162,4,1.9,0.1,354,207,
9325,162,4,1.9,0.2,359,207,
9326,162,4,1.9,0.1,360,207,
9327,162,4,1.9,0.2,362,207,
9328,162,4,1.9,0.1,363,207,
9329,162,4,1.9,0.30000001,330,207,
9330,162,4,1.9,0.30000001,331,207,
9331,162,4,1.9,0.30000001,337,207,
9332,162,4,1.9,0.30000001,338,207,
9333,162,4,1.9,0.30000001,339,207,
9334,162,4,1.9,0.30000001,340,207,
9335,162,4,1.9,0.30000001,341,207,
9336,162,4,1.9,0.1,367,207,
9337,162,4,1.9,0.1,368,207,
9338,162,4,1.9,0.1,369,207,
9339,162,4,1.9,0.1,370,207,
9340,162,4,1.9,0.1,371,207,
9341,162,4,1.9,0.1,342,207,
9342,162,4,1.9,0.1,343,207,
9343,162,4,1.9,0.1,344,207,
9344,162,4,1.9,0.1,345,207,
9345,162,4,1.9,0.1,346,207,
9346,162,4,1.9,0.1,348,207,
9347,162,4,1.9,8,379,207,
9348,163,1,3,80,276,210,"264"
9349,163,1,3,0.30000001,384,210,
9350,163,1,3,0.30000001,385,210,
9351,163,2,87,90,276,210,"264"
9352,163,3,0.1,0.2,110,210,
9353,163,3,0.1,0.2,113,210,
9354,163,3,0.1,0.2,112,210,
9355,163,3,0.1,0.2,111,210,
9356,163,3,0.1,0.2,114,210,
9357,163,4,1.9,0.2,350,210,
9358,163,4,1.9,0.1,351,210,
9359,163,4,1.9,0.2,356,210,
9360,163,4,1.9,0.1,357,210,
9361,163,4,1.9,0.2,353,210,
9362,163,4,1.9,0.1,354,210,
9363,163,4,1.9,0.2,359,210,
9364,163,4,1.9,0.1,360,210,
9365,163,4,1.9,0.2,362,210,
9366,163,4,1.9,0.1,363,210,
9367,163,4,1.9,0.30000001,330,210,
9368,163,4,1.9,0.30000001,331,210,
9369,163,4,1.9,0.30000001,337,210,
9370,163,4,1.9,0.30000001,338,210,
9371,163,4,1.9,0.30000001,339,210,
9372,163,4,1.9,0.30000001,340,210,
9373,163,4,1.9,0.30000001,341,210,
9374,163,4,1.9,0.1,367,210,
9375,163,4,1.9,0.1,368,210,
9376,163,4,1.9,0.1,369,210,
9377,163,4,1.9,0.1,370,210,
9378,163,4,1.9,0.1,371,210,
9379,163,4,1.9,0.1,342,210,
9380,163,4,1.9,0.1,343,210,
9381,163,4,1.9,0.1,344,210,
9382,163,4,1.9,0.1,345,210,
9383,163,4,1.9,0.1,346,210,
9384,163,4,1.9,0.1,348,210,
9385,163,4,1.9,8,379,210,
9386,164,1,3,80,276,214,"269"
9387,164,1,3,0.30000001,384,214,
9388,164,1,3,0.30000001,385,214,
9389,164,2,87,90,276,214,"269"
9390,164,3,0.1,0.2,122,214,
9391,164,3,0.1,0.2,125,214,
9392,164,3,0.1,0.2,124,214,
9393,164,3,0.1,0.2,123,214,
9394,164,3,0.1,0.2,126,214,
9395,164,4,1.9,0.2,350,214,
9396,164,4,1.9,0.1,351,214,
9397,164,4,1.9,0.2,356,214,
9398,164,4,1.9,0.1,357,214,
9399,164,4,1.9,0.2,353,214,
9400,164,4,1.9,0.1,354,214,
9401,164,4,1.9,0.2,359,214,
9402,164,4,1.9,0.1,360,214,
9403,164,4,1.9,0.2,362,214,
9404,164,4,1.9,0.1,363,214,
9405,164,4,1.9,0.30000001,330,214,
9406,164,4,1.9,0.30000001,331,214,
9407,164,4,1.9,0.30000001,337,214,
9408,164,4,1.9,0.30000001,338,214,
9409,164,4,1.9,0.30000001,339,214,
9410,164,4,1.9,0.30000001,340,214,
9411,164,4,1.9,0.30000001,341,214,
9412,164,4,1.9,0.1,367,214,
9413,164,4,1.9,0.1,368,214,
9414,164,4,1.9,0.1,369,214,
9415,164,4,1.9,0.1,370,214,
9416,164,4,1.9,0.1,371,214,
9417,164,4,1.9,0.1,342,214,
9418,164,4,1.9,0.1,343,214,
9419,164,4,1.9,0.1,344,214,
9420,164,4,1.9,0.1,345,214,
9421,164,4,1.9,0.1,346,214,
9422,164,4,1.9,0.1,348,214,
9423,164,4,1.9,8,379,214,
9424,165,1,3,80,276,189,"288"
9425,165,1,3,0.30000001,384,189,
9426,165,1,3,0.30000001,385,189,
9427,165,2,87,90,276,189,"288"
9428,165,3,0.1,0.40000001,264,189,
9429,165,3,0.1,0.40000001,265,189,
9430,165,3,0.1,0.40000001,266,189,
9431,165,3,0.1,0.2,122,189,
9432,165,3,0.1,0.2,125,189,
9433,165,3,0.1,0.2,124,189,
9434,165,3,0.1,0.2,123,189,
9435,165,3,0.1,0.2,126,189,
9436,165,4,1.9,0.2,350,189,
9437,165,4,1.9,0.1,351,189,
9438,165,4,1.9,0.2,356,189,
9439,165,4,1.9,0.1,357,189,
9440,165,4,1.9,0.2,353,189,
9441,165,4,1.9,0.1,354,189,
9442,165,4,1.9,0.2,359,189,
9443,165,4,1.9,0.1,360,189,
9444,165,4,1.9,0.2,362,189,
9445,165,4,1.9,0.1,363,189,
9446,165,4,1.9,0.30000001,330,189,
9447,165,4,1.9,0.30000001,331,189,
9448,165,4,1.9,0.30000001,337,189,
9449,165,4,1.9,0.30000001,338,189,
9450,165,4,1.9,0.30000001,339,189,
9451,165,4,1.9,0.30000001,340,189,
9452,165,4,1.9,0.30000001,341,189,
9453,165,4,1.9,0.1,367,189,
9454,165,4,1.9,0.1,368,189,
9455,165,4,1.9,0.1,369,189,
9456,165,4,1.9,0.1,370,189,
9457,165,4,1.9,0.1,371,189,
9458,165,4,1.9,0.1,342,189,
9459,165,4,1.9,0.1,343,189,
9460,165,4,1.9,0.1,344,189,
9461,165,4,1.9,0.1,345,189,
9462,165,4,1.9,0.1,346,189,
9463,165,4,1.9,0.1,348,189,
9464,165,4,1.9,8,379,189,
9465,166,1,3,80,276,195,"290"
9466,166,1,3,0.30000001,384,195,
9467,166,1,3,0.30000001,385,195,
9468,166,2,87,90,276,195,"290"
9469,166,3,0.1,0.40000001,234,195,
9470,166,3,0.1,0.40000001,235,195,
9471,166,3,0.1,0.40000001,236,195,
9472,166,3,0.1,0.2,110,195,
9473,166,3,0.1,0.2,113,195,
9474,166,3,0.1,0.2,112,195,
9475,166,3,0.1,0.2,111,195,
9476,166,3,0.1,0.2,114,195,
9477,166,4,1.9,0.2,350,195,
9478,166,4,1.9,0.1,351,195,
9479,166,4,1.9,0.2,356,195,
9480,166,4,1.9,0.1,357,195,
9481,166,4,1.9,0.2,353,195,
9482,166,4,1.9,0.1,354,195,
9483,166,4,1.9,0.2,359,195,
9484,166,4,1.9,0.1,360,195,
9485,166,4,1.9,0.2,362,195,
9486,166,4,1.9,0.1,363,195,
9487,166,4,1.9,0.30000001,330,195,
9488,166,4,1.9,0.30000001,331,195,
9489,166,4,1.9,0.30000001,337,195,
9490,166,4,1.9,0.30000001,338,195,
9491,166,4,1.9,0.30000001,339,195,
9492,166,4,1.9,0.30000001,340,195,
9493,166,4,1.9,0.30000001,341,195,
9494,166,4,1.9,0.1,367,195,
9495,166,4,1.9,0.1,368,195,
9496,166,4,1.9,0.1,369,195,
9497,166,4,1.9,0.1,370,195,
9498,166,4,1.9,0.1,371,195,
9499,166,4,1.9,0.1,342,195,
9500,166,4,1.9,0.1,343,195,
9501,166,4,1.9,0.1,344,195,
9502,166,4,1.9,0.1,345,195,
9503,166,4,1.9,0.1,346,195,
9504,166,4,1.9,0.1,348,195,
9505,166,4,1.9,8,379,195,
9506,167,1,3,80,276,200,"292"
9507,167,1,3,0.30000001,384,200,
9508,167,1,3,0.30000001,385,200,
9509,167,2,87,90,276,200,"292"
9510,167,3,0.1,0.40000001,192,200,
9511,167,3,0.1,0.40000001,193,200,
9512,167,3,0.1,0.40000001,194,200,
9513,167,3,0.1,0.40000001,195,200,
9514,167,3,0.1,0.40000001,196,200,
9515,167,3,0.1,0.40000001,197,200,
9516,167,3,0.1,0.2,116,200,
9517,167,3,0.1,0.2,119,200,
9518,167,3,0.1,0.2,118,200,
9519,167,3,0.1,0.2,117,200,
9520,167,3,0.1,0.2,120,200,
9521,167,4,1.9,0.2,350,200,
9522,167,4,1.9,0.1,351,200,
9523,167,4,1.9,0.2,356,200,
9524,167,4,1.9,0.1,357,200,
9525,167,4,1.9,0.2,353,200,
9526,167,4,1.9,0.1,354,200,
9527,167,4,1.9,0.2,359,200,
9528,167,4,1.9,0.1,360,200,
9529,167,4,1.9,0.2,362,200,
9530,167,4,1.9,0.1,363,200,
9531,167,4,1.9,0.30000001,330,200,
9532,167,4,1.9,0.30000001,331,200,
9533,167,4,1.9,0.30000001,337,200,
9534,167,4,1.9,0.30000001,338,200,
9535,167,4,1.9,0.30000001,339,200,
9536,167,4,1.9,0.30000001,340,200,
9537,167,4,1.9,0.30000001,341,200,
9538,167,4,1.9,0.1,367,200,
9539,167,4,1.9,0.1,368,200,
9540,167,4,1.9,0.1,369,200,
9541,167,4,1.9,0.1,370,200,
9542,167,4,1.9,0.1,371,200,
9543,167,4,1.9,0.1,342,200,
9544,167,4,1.9,0.1,343,200,
9545,167,4,1.9,0.1,344,200,
9546,167,4,1.9,0.1,345,200,
9547,167,4,1.9,0.1,346,200,
9548,167,4,1.9,0.1,348,200,
9549,167,4,1.9,8,379,200,
9550,168,1,3,80,276,206,"294"
9551,168,1,3,0.30000001,384,206,
9552,168,1,3,0.30000001,385,206,
9553,168,2,87,90,276,206,"294"
9554,168,3,0.1,0.40000001,192,206,
9555,168,3,0.1,0.40000001,193,206,
9556,168,3,0.1,0.40000001,194,206,
9557,168,3,0.1,0.40000001,195,206,
9558,168,3,0.1,0.40000001,196,206,
9559,168,3,0.1,0.40000001,197,206,
9560,168,3,0.1,0.2,116,206,
9561,168,3,0.1,0.2,119,206,
9562,168,3,0.1,0.2,118,206,
9563,168,3,0.1,0.2,117,206,
9564,168,3,0.1,0.2,120,206,
9565,168,4,1.9,0.2,350,206,
9566,168,4,1.9,0.1,351,206,
9567,168,4,1.9,0.2,356,206,
9568,168,4,1.9,0.1,357,206,
9569,168,4,1.9,0.2,353,206,
9570,168,4,1.9,0.1,354,206,
9571,168,4,1.9,0.2,359,206,
9572,168,4,1.9,0.1,360,206,
9573,168,4,1.9,0.2,362,206,
9574,168,4,1.9,0.1,363,206,
9575,168,4,1.9,0.30000001,330,206,
9576,168,4,1.9,0.30000001,331,206,
9577,168,4,1.9,0.30000001,337,206,
9578,168,4,1.9,0.30000001,338,206,
9579,168,4,1.9,0.30000001,339,206,
9580,168,4,1.9,0.30000001,340,206,
9581,168,4,1.9,0.30000001,341,206,
9582,168,4,1.9,0.1,367,206,
9583,168,4,1.9,0.1,368,206,
9584,168,4,1.9,0.1,369,206,
9585,168,4,1.9,0.1,370,206,
9586,168,4,1.9,0.1,371,206,
9587,168,4,1.9,0.1,342,206,
9588,168,4,1.9,0.1,343,206,
9589,168,4,1.9,0.1,344,206,
9590,168,4,1.9,0.1,345,206,
9591,168,4,1.9,0.1,346,206,
9592,168,4,1.9,0.1,348,206,
9593,168,4,1.9,8,379,206,
9594,169,1,3,80,276,208,"296"
9595,169,1,3,0.30000001,384,208,
9596,169,1,3,0.30000001,385,208,
9597,169,2,87,90,276,208,"296"
9598,169,3,0.1,0.40000001,234,208,
9599,169,3,0.1,0.40000001,235,208,
9600,169,3,0.1,0.40000001,236,208,
9601,169,3,0.1,0.2,110,208,
9602,169,3,0.1,0.2,113,208,
9603,169,3,0.1,0.2,112,208,
9604,169,3,0.1,0.2,111,208,
9605,169,3,0.1,0.2,114,208,
9606,169,4,1.9,0.2,350,208,
9607,169,4,1.9,0.1,351,208,
9608,169,4,1.9,0.2,356,208,
9609,169,4,1.9,0.1,357,208,
9610,169,4,1.9,0.2,353,208,
9611,169,4,1.9,0.1,354,208,
9612,169,4,1.9,0.2,359,208,
9613,169,4,1.9,0.1,360,208,
9614,169,4,1.9,0.2,362,208,
9615,169,4,1.9,0.1,363,208,
9616,169,4,1.9,0.30000001,330,208,
9617,169,4,1.9,0.30000001,331,208,
9618,169,4,1.9,0.30000001,337,208,
9619,169,4,1.9,0.30000001,338,208,
9620,169,4,1.9,0.30000001,339,208,
9621,169,4,1.9,0.30000001,340,208,
9622,169,4,1.9,0.30000001,341,208,
9623,169,4,1.9,0.1,367,208,
9624,169,4,1.9,0.1,368,208,
9625,169,4,1.9,0.1,369,208,
9626,169,4,1.9,0.1,370,208,
9627,169,4,1.9,0.1,371,208,
9628,169,4,1.9,0.1,342,208,
9629,169,4,1.9,0.1,343,208,
9630,169,4,1.9,0.1,344,208,
9631,169,4,1.9,0.1,345,208,
9632,169,4,1.9,0.1,346,208,
9633,169,4,1.9,0.1,348,208,
9634,169,4,1.9,8,379,208,
9635,170,1,3,80,276,211,"298"
9636,170,1,3,0.30000001,384,211,
9637,170,1,3,0.30000001,385,211,
9638,170,2,87,90,276,211,"298"
9639,170,3,0.1,0.40000001,264,211,
9640,170,3,0.1,0.40000001,265,211,
9641,170,3,0.1,0.40000001,266,211,
9642,170,3,0.1,0.2,122,211,
9643,170,3,0.1,0.2,125,211,
9644,170,3,0.1,0.2,124,211,
9645,170,3,0.1,0.2,123,211,
9646,170,3,0.1,0.2,126,211,
9647,170,4,1.9,0.2,350,211,
9648,170,4,1.9,0.1,351,211,
9649,170,4,1.9,0.2,356,211,
9650,170,4,1.9,0.1,357,211,
9651,170,4,1.9,0.2,353,211,
9652,170,4,1.9,0.1,354,211,
9653,170,4,1.9,0.2,359,211,
9654,170,4,1.9,0.1,360,211,
9655,170,4,1.9,0.2,362,211,
9656,170,4,1.9,0.1,363,211,
9657,170,4,1.9,0.30000001,330,211,
9658,170,4,1.9,0.30000001,331,211,
9659,170,4,1.9,0.30000001,337,211,
9660,170,4,1.9,0.30000001,338,211,
9661,170,4,1.9,0.30000001,339,211,
9662,170,4,1.9,0.30000001,340,211,
9663,170,4,1.9,0.30000001,341,211,
9664,170,4,1.9,0.1,367,211,
9665,170,4,1.9,0.1,368,211,
9666,170,4,1.9,0.1,369,211,
9667,170,4,1.9,0.1,370,211,
9668,170,4,1.9,0.1,371,211,
9669,170,4,1.9,0.1,342,211,
9670,170,4,1.9,0.1,343,211,
9671,170,4,1.9,0.1,344,211,
9672,170,4,1.9,0.1,345,211,
9673,170,4,1.9,0.1,346,211,
9674,170,4,1.9,0.1,348,211,
9675,170,4,1.9,8,379,211,
9676,171,1,2.5,80,276,209,"296"
9677,171,1,2.5,0.30000001,385,209,
9678,171,1,2.5,0.2,386,209,
9679,171,2,87.5,90,276,209,"296"
9680,171,3,0.1,0.40000001,264,209,
9681,171,3,0.1,0.40000001,265,209,
9682,171,3,0.1,0.40000001,266,209,
9683,171,3,0.1,0.2,122,209,
9684,171,3,0.1,0.2,125,209,
9685,171,3,0.1,0.2,124,209,
9686,171,3,0.1,0.2,123,209,
9687,171,3,0.1,0.2,126,209,
9688,171,4,1.9,0.2,350,209,
9689,171,4,1.9,0.1,351,209,
9690,171,4,1.9,0.2,356,209,
9691,171,4,1.9,0.1,357,209,
9692,171,4,1.9,0.2,353,209,
9693,171,4,1.9,0.1,354,209,
9694,171,4,1.9,0.2,359,209,
9695,171,4,1.9,0.1,360,209,
9696,171,4,1.9,0.2,362,209,
9697,171,4,1.9,0.1,363,209,
9698,171,4,1.9,0.30000001,330,209,
9699,171,4,1.9,0.30000001,331,209,
9700,171,4,1.9,0.30000001,337,209,
9701,171,4,1.9,0.30000001,338,209,
9702,171,4,1.9,0.30000001,339,209,
9703,171,4,1.9,0.30000001,340,209,
9704,171,4,1.9,0.30000001,341,209,
9705,171,4,1.9,0.1,367,209,
9706,171,4,1.9,0.1,368,209,
9707,171,4,1.9,0.1,369,209,
9708,171,4,1.9,0.1,370,209,
9709,171,4,1.9,0.1,371,209,
9710,171,4,1.9,0.1,342,209,
9711,171,4,1.9,0.1,343,209,
9712,171,4,1.9,0.1,344,209,
9713,171,4,1.9,0.1,345,209,
9714,171,4,1.9,0.1,346,209,
9715,171,4,1.9,0.1,348,209,
9716,171,4,1.9,8,379,209,
9717,172,1,2.5,80,276,212,"298"
9718,172,1,2.5,0.30000001,385,212,
9719,172,1,2.5,0.2,386,212,
9720,172,2,87.5,90,276,212,"298"
9721,172,3,0.1,0.40000001,234,212,
9722,172,3,0.1,0.40000001,235,212,
9723,172,3,0.1,0.40000001,236,212,
9724,172,3,0.1,0.2,110,212,
9725,172,3,0.1,0.2,113,212,
9726,172,3,0.1,0.2,112,212,
9727,172,3,0.1,0.2,111,212,
9728,172,3,0.1,0.2,114,212,
9729,172,4,1.9,0.2,350,212,
9730,172,4,1.9,0.1,351,212,
9731,172,4,1.9,0.2,356,212,
9732,172,4,1.9,0.1,357,212,
9733,172,4,1.9,0.2,353,212,
9734,172,4,1.9,0.1,354,212,
9735,172,4,1.9,0.2,359,212,
9736,172,4,1.9,0.1,360,212,
9737,172,4,1.9,0.2,362,212,
9738,172,4,1.9,0.1,363,212,
9739,172,4,1.9,0.30000001,330,212,
9740,172,4,1.9,0.30000001,331,212,
9741,172,4,1.9,0.30000001,337,212,
9742,172,4,1.9,0.30000001,338,212,
9743,172,4,1.9,0.30000001,339,212,
9744,172,4,1.9,0.30000001,340,212,
9745,172,4,1.9,0.30000001,341,212,
9746,172,4,1.9,0.1,367,212,
9747,172,4,1.9,0.1,368,212,
9748,172,4,1.9,0.1,369,212,
9749,172,4,1.9,0.1,370,212,
9750,172,4,1.9,0.1,371,212,
9751,172,4,1.9,0.1,342,212,
9752,172,4,1.9,0.1,343,212,
9753,172,4,1.9,0.1,344,212,
9754,172,4,1.9,0.1,345,212,
9755,172,4,1.9,0.1,346,212,
9756,172,4,1.9,0.1,348,212,
9757,172,4,1.9,8,379,212,
9758,173,1,2.5,80,276,215,"300"
9759,173,1,2.5,0.30000001,385,215,
9760,173,1,2.5,0.2,386,215,
9761,173,2,87.5,90,276,215,"300"
9762,173,3,0.1,0.40000001,192,215,
9763,173,3,0.1,0.40000001,193,215,
9764,173,3,0.1,0.40000001,194,215,
9765,173,3,0.1,0.40000001,195,215,
9766,173,3,0.1,0.40000001,196,215,
9767,173,3,0.1,0.40000001,197,215,
9768,173,3,0.1,0.2,116,215,
9769,173,3,0.1,0.2,119,215,
9770,173,3,0.1,0.2,118,215,
9771,173,3,0.1,0.2,117,215,
9772,173,3,0.1,0.2,120,215,
9773,173,4,1.9,0.2,350,215,
9774,173,4,1.9,0.1,351,215,
9775,173,4,1.9,0.2,356,215,
9776,173,4,1.9,0.1,357,215,
9777,173,4,1.9,0.2,353,215,
9778,173,4,1.9,0.1,354,215,
9779,173,4,1.9,0.2,359,215,
9780,173,4,1.9,0.1,360,215,
9781,173,4,1.9,0.2,362,215,
9782,173,4,1.9,0.1,363,215,
9783,173,4,1.9,0.30000001,330,215,
9784,173,4,1.9,0.30000001,331,215,
9785,173,4,1.9,0.30000001,337,215,
9786,173,4,1.9,0.30000001,338,215,
9787,173,4,1.9,0.30000001,339,215,
9788,173,4,1.9,0.30000001,340,215,
9789,173,4,1.9,0.30000001,341,215,
9790,173,4,1.9,0.1,367,215,
9791,173,4,1.9,0.1,368,215,
9792,173,4,1.9,0.1,369,215,
9793,173,4,1.9,0.1,370,215,
9794,173,4,1.9,0.1,371,215,
9795,173,4,1.9,0.1,342,215,
9796,173,4,1.9,0.1,343,215,
9797,173,4,1.9,0.1,344,215,
9798,173,4,1.9,0.1,345,215,
9799,173,4,1.9,0.1,346,215,
9800,173,4,1.9,0.1,348,215,
9801,173,4,1.9,8,379,215,
9802,174,1,2.5,80,276,213,"302"
9803,174,1,2.5,0.30000001,385,213,
9804,174,1,2.5,0.2,386,213,
9805,174,2,87.5,90,276,213,"302"
9806,174,3,0.1,0.40000001,192,213,
9807,174,3,0.1,0.40000001,193,213,
9808,174,3,0.1,0.40000001,194,213,
9809,174,3,0.1,0.40000001,195,213,
9810,174,3,0.1,0.40000001,196,213,
9811,174,3,0.1,0.40000001,197,213,
9812,174,3,0.1,0.2,116,213,
9813,174,3,0.1,0.2,119,213,
9814,174,3,0.1,0.2,118,213,
9815,174,3,0.1,0.2,117,213,
9816,174,3,0.1,0.2,120,213,
9817,174,4,1.9,0.2,350,213,
9818,174,4,1.9,0.1,351,213,
9819,174,4,1.9,0.2,356,213,
9820,174,4,1.9,0.1,357,213,
9821,174,4,1.9,0.2,353,213,
9822,174,4,1.9,0.1,354,213,
9823,174,4,1.9,0.2,359,213,
9824,174,4,1.9,0.1,360,213,
9825,174,4,1.9,0.2,362,213,
9826,174,4,1.9,0.1,363,213,
9827,174,4,1.9,0.30000001,330,213,
9828,174,4,1.9,0.30000001,331,213,
9829,174,4,1.9,0.30000001,337,213,
9830,174,4,1.9,0.30000001,338,213,
9831,174,4,1.9,0.30000001,339,213,
9832,174,4,1.9,0.30000001,340,213,
9833,174,4,1.9,0.30000001,341,213,
9834,174,4,1.9,0.1,367,213,
9835,174,4,1.9,0.1,368,213,
9836,174,4,1.9,0.1,369,213,
9837,174,4,1.9,0.1,370,213,
9838,174,4,1.9,0.1,371,213,
9839,174,4,1.9,0.1,342,213,
9840,174,4,1.9,0.1,343,213,
9841,174,4,1.9,0.1,344,213,
9842,174,4,1.9,0.1,345,213,
9843,174,4,1.9,0.1,346,213,
9844,174,4,1.9,0.1,348,213,
9845,174,4,1.9,8,379,213,
9846,175,1,2.5,80,276,216,"300"
9847,175,1,2.5,0.30000001,385,216,
9848,175,1,2.5,0.2,386,216,
9849,175,2,87.5,90,276,216,"300"
9850,175,3,0.1,0.40000001,234,216,
9851,175,3,0.1,0.40000001,235,216,
9852,175,3,0.1,0.40000001,236,216,
9853,175,3,0.1,0.2,110,216,
9854,175,3,0.1,0.2,113,216,
9855,175,3,0.1,0.2,112,216,
9856,175,3,0.1,0.2,111,216,
9857,175,3,0.1,0.2,114,216,
9858,175,4,1.9,0.2,350,216,
9859,175,4,1.9,0.1,351,216,
9860,175,4,1.9,0.2,356,216,
9861,175,4,1.9,0.1,357,216,
9862,175,4,1.9,0.2,353,216,
9863,175,4,1.9,0.1,354,216,
9864,175,4,1.9,0.2,359,216,
9865,175,4,1.9,0.1,360,216,
9866,175,4,1.9,0.2,362,216,
9867,175,4,1.9,0.1,363,216,
9868,175,4,1.9,0.30000001,330,216,
9869,175,4,1.9,0.30000001,331,216,
9870,175,4,1.9,0.30000001,337,216,
9871,175,4,1.9,0.30000001,338,216,
9872,175,4,1.9,0.30000001,339,216,
9873,175,4,1.9,0.30000001,340,216,
9874,175,4,1.9,0.30000001,341,216,
9875,175,4,1.9,0.1,367,216,
9876,175,4,1.9,0.1,368,216,
9877,175,4,1.9,0.1,369,216,
9878,175,4,1.9,0.1,370,216,
9879,175,4,1.9,0.1,371,216,
9880,175,4,1.9,0.1,342,216,
9881,175,4,1.9,0.1,343,216,
9882,175,4,1.9,0.1,344,216,
9883,175,4,1.9,0.1,345,216,
9884,175,4,1.9,0.1,346,216,
9885,175,4,1.9,0.1,348,216,
9886,175,4,1.9,8,379,216,
9887,176,1,2.5,80,276,218,"302"
9888,176,1,2.5,0.30000001,385,218,
9889,176,1,2.5,0.2,386,218,
9890,176,2,87.5,90,276,218,"302"
9891,176,3,0.1,0.40000001,264,218,
9892,176,3,0.1,0.40000001,265,218,
9893,176,3,0.1,0.40000001,266,218,
9894,176,3,0.1,0.2,122,218,
9895,176,3,0.1,0.2,125,218,
9896,176,3,0.1,0.2,124,218,
9897,176,3,0.1,0.2,123,218,
9898,176,3,0.1,0.2,126,218,
9899,176,4,1.9,0.2,350,218,
9900,176,4,1.9,0.1,351,218,
9901,176,4,1.9,0.2,356,218,
9902,176,4,1.9,0.1,357,218,
9903,176,4,1.9,0.2,353,218,
9904,176,4,1.9,0.1,354,218,
9905,176,4,1.9,0.2,359,218,
9906,176,4,1.9,0.1,360,218,
9907,176,4,1.9,0.2,362,218,
9908,176,4,1.9,0.1,363,218,
9909,176,4,1.9,0.30000001,330,218,
9910,176,4,1.9,0.30000001,331,218,
9911,176,4,1.9,0.30000001,337,218,
9912,176,4,1.9,0.30000001,338,218,
9913,176,4,1.9,0.30000001,339,218,
9914,176,4,1.9,0.30000001,340,218,
9915,176,4,1.9,0.30000001,341,218,
9916,176,4,1.9,0.1,367,218,
9917,176,4,1.9,0.1,368,218,
9918,176,4,1.9,0.1,369,218,
9919,176,4,1.9,0.1,370,218,
9920,176,4,1.9,0.1,371,218,
9921,176,4,1.9,0.1,342,218,
9922,176,4,1.9,0.1,343,218,
9923,176,4,1.9,0.1,344,218,
9924,176,4,1.9,0.1,345,218,
9925,176,4,1.9,0.1,346,218,
9926,176,4,1.9,0.1,348,218,
9927,176,4,1.9,8,379,218,
9928,177,1,2.5,80,276,217,"300"
9929,177,1,2.5,0.30000001,385,217,
9930,177,1,2.5,0.2,386,217,
9931,177,2,87.5,90,276,217,"300"
9932,177,3,0.1,0.40000001,264,217,
9933,177,3,0.1,0.40000001,265,217,
9934,177,3,0.1,0.40000001,266,217,
9935,177,3,0.1,0.2,122,217,
9936,177,3,0.1,0.2,125,217,
9937,177,3,0.1,0.2,124,217,
9938,177,3,0.1,0.2,123,217,
9939,177,3,0.1,0.2,126,217,
9940,177,4,1.9,0.2,350,217,
9941,177,4,1.9,0.1,351,217,
9942,177,4,1.9,0.2,356,217,
9943,177,4,1.9,0.1,357,217,
9944,177,4,1.9,0.2,353,217,
9945,177,4,1.9,0.1,354,217,
9946,177,4,1.9,0.2,359,217,
9947,177,4,1.9,0.1,360,217,
9948,177,4,1.9,0.2,362,217,
9949,177,4,1.9,0.1,363,217,
9950,177,4,1.9,0.30000001,330,217,
9951,177,4,1.9,0.30000001,331,217,
9952,177,4,1.9,0.30000001,337,217,
9953,177,4,1.9,0.30000001,338,217,
9954,177,4,1.9,0.30000001,339,217,
9955,177,4,1.9,0.30000001,340,217,
9956,177,4,1.9,0.30000001,341,217,
9957,177,4,1.9,0.1,367,217,
9958,177,4,1.9,0.1,368,217,
9959,177,4,1.9,0.1,369,217,
9960,177,4,1.9,0.1,370,217,
9961,177,4,1.9,0.1,371,217,
9962,177,4,1.9,0.1,342,217,
9963,177,4,1.9,0.1,343,217,
9964,177,4,1.9,0.1,344,217,
9965,177,4,1.9,0.1,345,217,
9966,177,4,1.9,0.1,346,217,
9967,177,4,1.9,0.1,348,217,
9968,177,4,1.9,8,379,217,
9969,178,1,2.5,80,276,219,"302"
9970,178,1,2.5,0.30000001,385,219,
9971,178,1,2.5,0.2,386,219,
9972,178,2,87.5,90,276,219,"302"
9973,178,3,0.1,0.40000001,234,219,
9974,178,3,0.1,0.40000001,235,219,
9975,178,3,0.1,0.40000001,236,219,
9976,178,3,0.1,0.2,110,219,
9977,178,3,0.1,0.2,113,219,
9978,178,3,0.1,0.2,112,219,
9979,178,3,0.1,0.2,111,219,
9980,178,3,0.1,0.2,114,219,
9981,178,4,1.9,0.2,350,219,
9982,178,4,1.9,0.1,351,219,
9983,178,4,1.9,0.2,356,219,
9984,178,4,1.9,0.1,357,219,
9985,178,4,1.9,0.2,353,219,
9986,178,4,1.9,0.1,354,219,
9987,178,4,1.9,0.2,359,219,
9988,178,4,1.9,0.1,360,219,
9989,178,4,1.9,0.2,362,219,
9990,178,4,1.9,0.1,363,219,
9991,178,4,1.9,0.30000001,330,219,
9992,178,4,1.9,0.30000001,331,219,
9993,178,4,1.9,0.30000001,337,219,
9994,178,4,1.9,0.30000001,338,219,
9995,178,4,1.9,0.30000001,339,219,
9996,178,4,1.9,0.30000001,340,219,
9997,178,4,1.9,0.30000001,341,219,
9998,178,4,1.9,0.1,367,219,
9999,178,4,1.9,0.1,368,219,
10000,178,4,1.9,0.1,369,219,
10001,178,4,1.9,0.1,370,219,
10002,178,4,1.9,0.1,371,219,
10003,178,4,1.9,0.1,342,219,
10004,178,4,1.9,0.1,343,219,
10005,178,4,1.9,0.1,344,219,
10006,178,4,1.9,0.1,345,219,
10007,178,4,1.9,0.1,346,219,
10008,178,4,1.9,0.1,348,219,
10009,178,4,1.9,8,379,219,
10010,179,1,2.5,80,276,221,"304"
10011,179,1,2.5,0.30000001,385,221,
10012,179,1,2.5,0.2,386,221,
10013,179,2,87.5,90,276,221,"304"
10014,179,3,0.1,0.40000001,192,221,
10015,179,3,0.1,0.40000001,193,221,
10016,179,3,0.1,0.40000001,194,221,
10017,179,3,0.1,0.40000001,195,221,
10018,179,3,0.1,0.40000001,196,221,
10019,179,3,0.1,0.40000001,197,221,
10020,179,3,0.1,0.2,116,221,
10021,179,3,0.1,0.2,119,221,
10022,179,3,0.1,0.2,118,221,
10023,179,3,0.1,0.2,117,221,
10024,179,3,0.1,0.2,120,221,
10025,179,4,1.9,0.2,350,221,
10026,179,4,1.9,0.1,351,221,
10027,179,4,1.9,0.2,356,221,
10028,179,4,1.9,0.1,357,221,
10029,179,4,1.9,0.2,353,221,
10030,179,4,1.9,0.1,354,221,
10031,179,4,1.9,0.2,359,221,
10032,179,4,1.9,0.1,360,221,
10033,179,4,1.9,0.2,362,221,
10034,179,4,1.9,0.1,363,221,
10035,179,4,1.9,0.30000001,330,221,
10036,179,4,1.9,0.30000001,331,221,
10037,179,4,1.9,0.30000001,337,221,
10038,179,4,1.9,0.30000001,338,221,
10039,179,4,1.9,0.30000001,339,221,
10040,179,4,1.9,0.30000001,340,221,
10041,179,4,1.9,0.30000001,341,221,
10042,179,4,1.9,0.1,367,221,
10043,179,4,1.9,0.1,368,221,
10044,179,4,1.9,0.1,369,221,
10045,179,4,1.9,0.1,370,221,
10046,179,4,1.9,0.1,371,221,
10047,179,4,1.9,0.1,342,221,
10048,179,4,1.9,0.1,343,221,
10049,179,4,1.9,0.1,344,221,
10050,179,4,1.9,0.1,345,221,
10051,179,4,1.9,0.1,346,221,
10052,179,4,1.9,0.1,348,221,
10053,179,4,1.9,8,379,221,
10054,180,1,2,80,276,224,"306"
10055,180,1,2,0.2,386,224,
10056,180,1,2,0.2,387,224,
10057,180,2,88,90,276,224,"306"
10058,180,3,0.1,0.40000001,192,224,
10059,180,3,0.1,0.40000001,193,224,
10060,180,3,0.1,0.40000001,194,224,
10061,180,3,0.1,0.40000001,195,224,
10062,180,3,0.1,0.40000001,196,224,
10063,180,3,0.1,0.40000001,197,224,
10064,180,3,0.1,0.2,116,224,
10065,180,3,0.1,0.2,119,224,
10066,180,3,0.1,0.2,118,224,
10067,180,3,0.1,0.2,117,224,
10068,180,3,0.1,0.2,120,224,
10069,180,4,1.9,0.2,350,224,
10070,180,4,1.9,0.1,351,224,
10071,180,4,1.9,0.2,356,224,
10072,180,4,1.9,0.1,357,224,
10073,180,4,1.9,0.2,353,224,
10074,180,4,1.9,0.1,354,224,
10075,180,4,1.9,0.2,359,224,
10076,180,4,1.9,0.1,360,224,
10077,180,4,1.9,0.2,362,224,
10078,180,4,1.9,0.1,363,224,
10079,180,4,1.9,0.30000001,330,224,
10080,180,4,1.9,0.30000001,331,224,
10081,180,4,1.9,0.30000001,337,224,
10082,180,4,1.9,0.30000001,338,224,
10083,180,4,1.9,0.30000001,339,224,
10084,180,4,1.9,0.30000001,340,224,
10085,180,4,1.9,0.30000001,341,224,
10086,180,4,1.9,0.1,367,224,
10087,180,4,1.9,0.1,368,224,
10088,180,4,1.9,0.1,369,224,
10089,180,4,1.9,0.1,370,224,
10090,180,4,1.9,0.1,371,224,
10091,180,4,1.9,0.1,342,224,
10092,180,4,1.9,0.1,343,224,
10093,180,4,1.9,0.1,344,224,
10094,180,4,1.9,0.1,345,224,
10095,180,4,1.9,0.1,346,224,
10096,180,4,1.9,0.1,348,224,
10097,180,4,1.9,8,379,224,
10098,181,1,2,80,276,229,"308"
10099,181,1,2,0.2,386,229,
10100,181,1,2,0.2,387,229,
10101,181,2,88,90,276,229,"308"
10102,181,3,0.1,0.40000001,234,229,
10103,181,3,0.1,0.40000001,235,229,
10104,181,3,0.1,0.40000001,236,229,
10105,181,3,0.1,0.2,110,229,
10106,181,3,0.1,0.2,113,229,
10107,181,3,0.1,0.2,112,229,
10108,181,3,0.1,0.2,111,229,
10109,181,3,0.1,0.2,114,229,
10110,181,4,1.9,0.2,350,229,
10111,181,4,1.9,0.1,351,229,
10112,181,4,1.9,0.2,356,229,
10113,181,4,1.9,0.1,357,229,
10114,181,4,1.9,0.2,353,229,
10115,181,4,1.9,0.1,354,229,
10116,181,4,1.9,0.2,359,229,
10117,181,4,1.9,0.1,360,229,
10118,181,4,1.9,0.2,362,229,
10119,181,4,1.9,0.1,363,229,
10120,181,4,1.9,0.30000001,330,229,
10121,181,4,1.9,0.30000001,331,229,
10122,181,4,1.9,0.30000001,337,229,
10123,181,4,1.9,0.30000001,338,229,
10124,181,4,1.9,0.30000001,339,229,
10125,181,4,1.9,0.30000001,340,229,
10126,181,4,1.9,0.30000001,341,229,
10127,181,4,1.9,0.1,367,229,
10128,181,4,1.9,0.1,368,229,
10129,181,4,1.9,0.1,369,229,
10130,181,4,1.9,0.1,370,229,
10131,181,4,1.9,0.1,371,229,
10132,181,4,1.9,0.1,342,229,
10133,181,4,1.9,0.1,343,229,
10134,181,4,1.9,0.1,344,229,
10135,181,4,1.9,0.1,345,229,
10136,181,4,1.9,0.1,346,229,
10137,181,4,1.9,0.1,348,229,
10138,181,4,1.9,8,379,229,
10139,182,1,2,80,276,233,"310"
10140,182,1,2,0.2,386,233,
10141,182,1,2,0.2,387,233,
10142,182,2,88,90,276,233,"310"
10143,182,3,0.1,0.40000001,264,233,
10144,182,3,0.1,0.40000001,265,233,
10145,182,3,0.1,0.40000001,266,233,
10146,182,3,0.1,0.2,122,233,
10147,182,3,0.1,0.2,125,233,
10148,182,3,0.1,0.2,124,233,
10149,182,3,0.1,0.2,123,233,
10150,182,3,0.1,0.2,126,233,
10151,182,4,1.9,0.2,350,233,
10152,182,4,1.9,0.1,351,233,
10153,182,4,1.9,0.2,356,233,
10154,182,4,1.9,0.1,357,233,
10155,182,4,1.9,0.2,353,233,
10156,182,4,1.9,0.1,354,233,
10157,182,4,1.9,0.2,359,233,
10158,182,4,1.9,0.1,360,233,
10159,182,4,1.9,0.2,362,233,
10160,182,4,1.9,0.1,363,233,
10161,182,4,1.9,0.30000001,330,233,
10162,182,4,1.9,0.30000001,331,233,
10163,182,4,1.9,0.30000001,337,233,
10164,182,4,1.9,0.30000001,338,233,
10165,182,4,1.9,0.30000001,339,233,
10166,182,4,1.9,0.30000001,340,233,
10167,182,4,1.9,0.30000001,341,233,
10168,182,4,1.9,0.1,367,233,
10169,182,4,1.9,0.1,368,233,
10170,182,4,1.9,0.1,369,233,
10171,182,4,1.9,0.1,370,233,
10172,182,4,1.9,0.1,371,233,
10173,182,4,1.9,0.1,342,233,
10174,182,4,1.9,0.1,343,233,
10175,182,4,1.9,0.1,344,233,
10176,182,4,1.9,0.1,345,233,
10177,182,4,1.9,0.1,346,233,
10178,182,4,1.9,0.1,348,233,
10179,182,4,1.9,8,379,233,
10180,183,1,2,80,276,220,"312"
10181,183,1,2,0.2,386,220,
10182,183,1,2,0.2,387,220,
10183,183,2,88,90,276,220,"312"
10184,183,3,0.1,0.40000001,264,220,
10185,183,3,0.1,0.40000001,265,220,
10186,183,3,0.1,0.40000001,266,220,
10187,183,3,0.1,0.2,122,220,
10188,183,3,0.1,0.2,125,220,
10189,183,3,0.1,0.2,124,220,
10190,183,3,0.1,0.2,123,220,
10191,183,3,0.1,0.2,126,220,
10192,183,4,1.9,0.2,350,220,
10193,183,4,1.9,0.1,351,220,
10194,183,4,1.9,0.2,356,220,
10195,183,4,1.9,0.1,357,220,
10196,183,4,1.9,0.2,353,220,
10197,183,4,1.9,0.1,354,220,
10198,183,4,1.9,0.2,359,220,
10199,183,4,1.9,0.1,360,220,
10200,183,4,1.9,0.2,362,220,
10201,183,4,1.9,0.1,363,220,
10202,183,4,1.9,0.30000001,330,220,
10203,183,4,1.9,0.30000001,331,220,
10204,183,4,1.9,0.30000001,337,220,
10205,183,4,1.9,0.30000001,338,220,
10206,183,4,1.9,0.30000001,339,220,
10207,183,4,1.9,0.30000001,340,220,
10208,183,4,1.9,0.30000001,341,220,
10209,183,4,1.9,0.1,367,220,
10210,183,4,1.9,0.1,368,220,
10211,183,4,1.9,0.1,369,220,
10212,183,4,1.9,0.1,370,220,
10213,183,4,1.9,0.1,371,220,
10214,183,4,1.9,0.1,342,220,
10215,183,4,1.9,0.1,343,220,
10216,183,4,1.9,0.1,344,220,
10217,183,4,1.9,0.1,345,220,
10218,183,4,1.9,0.1,346,220,
10219,183,4,1.9,0.1,348,220,
10220,183,4,1.9,8,379,220,
10221,184,1,2,80,276,222,"314"
10222,184,1,2,0.2,386,222,
10223,184,1,2,0.2,387,222,
10224,184,2,88,90,276,222,"314"
10225,184,3,0.1,0.40000001,234,222,
10226,184,3,0.1,0.40000001,235,222,
10227,184,3,0.1,0.40000001,236,222,
10228,184,3,0.1,0.2,110,222,
10229,184,3,0.1,0.2,113,222,
10230,184,3,0.1,0.2,112,222,
10231,184,3,0.1,0.2,111,222,
10232,184,3,0.1,0.2,114,222,
10233,184,4,1.9,0.2,350,222,
10234,184,4,1.9,0.1,351,222,
10235,184,4,1.9,0.2,356,222,
10236,184,4,1.9,0.1,357,222,
10237,184,4,1.9,0.2,353,222,
10238,184,4,1.9,0.1,354,222,
10239,184,4,1.9,0.2,359,222,
10240,184,4,1.9,0.1,360,222,
10241,184,4,1.9,0.2,362,222,
10242,184,4,1.9,0.1,363,222,
10243,184,4,1.9,0.30000001,330,222,
10244,184,4,1.9,0.30000001,331,222,
10245,184,4,1.9,0.30000001,337,222,
10246,184,4,1.9,0.30000001,338,222,
10247,184,4,1.9,0.30000001,339,222,
10248,184,4,1.9,0.30000001,340,222,
10249,184,4,1.9,0.30000001,341,222,
10250,184,4,1.9,0.1,367,222,
10251,184,4,1.9,0.1,368,222,
10252,184,4,1.9,0.1,369,222,
10253,184,4,1.9,0.1,370,222,
10254,184,4,1.9,0.1,371,222,
10255,184,4,1.9,0.1,342,222,
10256,184,4,1.9,0.1,343,222,
10257,184,4,1.9,0.1,344,222,
10258,184,4,1.9,0.1,345,222,
10259,184,4,1.9,0.1,346,222,
10260,184,4,1.9,0.1,348,222,
10261,184,4,1.9,8,379,222,
10262,185,1,2,80,276,225,"316"
10263,185,1,2,0.2,386,225,
10264,185,1,2,0.2,387,225,
10265,185,2,88,90,276,225,"316"
10266,185,3,0.1,0.40000001,192,225,
10267,185,3,0.1,0.40000001,193,225,
10268,185,3,0.1,0.40000001,194,225,
10269,185,3,0.1,0.40000001,195,225,
10270,185,3,0.1,0.40000001,196,225,
10271,185,3,0.1,0.40000001,197,225,
10272,185,3,0.1,0.2,116,225,
10273,185,3,0.1,0.2,119,225,
10274,185,3,0.1,0.2,118,225,
10275,185,3,0.1,0.2,117,225,
10276,185,3,0.1,0.2,120,225,
10277,185,4,1.9,0.2,350,225,
10278,185,4,1.9,0.1,351,225,
10279,185,4,1.9,0.2,356,225,
10280,185,4,1.9,0.1,357,225,
10281,185,4,1.9,0.2,353,225,
10282,185,4,1.9,0.1,354,225,
10283,185,4,1.9,0.2,359,225,
10284,185,4,1.9,0.1,360,225,
10285,185,4,1.9,0.2,362,225,
10286,185,4,1.9,0.1,363,225,
10287,185,4,1.9,0.30000001,330,225,
10288,185,4,1.9,0.30000001,331,225,
10289,185,4,1.9,0.30000001,337,225,
10290,185,4,1.9,0.30000001,338,225,
10291,185,4,1.9,0.30000001,339,225,
10292,185,4,1.9,0.30000001,340,225,
10293,185,4,1.9,0.30000001,341,225,
10294,185,4,1.9,0.1,367,225,
10295,185,4,1.9,0.1,368,225,
10296,185,4,1.9,0.1,369,225,
10297,185,4,1.9,0.1,370,225,
10298,185,4,1.9,0.1,371,225,
10299,185,4,1.9,0.1,342,225,
10300,185,4,1.9,0.1,343,225,
10301,185,4,1.9,0.1,344,225,
10302,185,4,1.9,0.1,345,225,
10303,185,4,1.9,0.1,346,225,
10304,185,4,1.9,0.1,348,225,
10305,185,4,1.9,8,379,225,
10306,186,1,1,80,276,223,"314"
10307,186,1,1,0.2,387,223,
10308,186,1,1,0.1,388,223,
10309,186,2,89,90,276,223,"314"
10310,186,3,0.1,0.40000001,192,223,
10311,186,3,0.1,0.40000001,193,223,
10312,186,3,0.1,0.40000001,194,223,
10313,186,3,0.1,0.40000001,195,223,
10314,186,3,0.1,0.40000001,196,223,
10315,186,3,0.1,0.40000001,197,223,
10316,186,3,0.1,0.2,116,223,
10317,186,3,0.1,0.2,119,223,
10318,186,3,0.1,0.2,118,223,
10319,186,3,0.1,0.2,117,223,
10320,186,3,0.1,0.2,120,223,
10321,186,4,1.9,0.2,350,223,
10322,186,4,1.9,0.1,351,223,
10323,186,4,1.9,0.2,356,223,
10324,186,4,1.9,0.1,357,223,
10325,186,4,1.9,0.2,353,223,
10326,186,4,1.9,0.1,354,223,
10327,186,4,1.9,0.2,359,223,
10328,186,4,1.9,0.1,360,223,
10329,186,4,1.9,0.2,362,223,
10330,186,4,1.9,0.1,363,223,
10331,186,4,1.9,0.30000001,330,223,
10332,186,4,1.9,0.30000001,331,223,
10333,186,4,1.9,0.30000001,337,223,
10334,186,4,1.9,0.30000001,338,223,
10335,186,4,1.9,0.30000001,339,223,
10336,186,4,1.9,0.30000001,340,223,
10337,186,4,1.9,0.30000001,341,223,
10338,186,4,1.9,0.1,367,223,
10339,186,4,1.9,0.1,368,223,
10340,186,4,1.9,0.1,369,223,
10341,186,4,1.9,0.1,370,223,
10342,186,4,1.9,0.1,371,223,
10343,186,4,1.9,0.1,342,223,
10344,186,4,1.9,0.1,343,223,
10345,186,4,1.9,0.1,344,223,
10346,186,4,1.9,0.1,345,223,
10347,186,4,1.9,0.1,346,223,
10348,186,4,1.9,0.1,348,223,
10349,186,4,1.9,8,379,223,
10350,187,1,1,80,276,226,"316"
10351,187,1,1,0.2,387,226,
10352,187,1,1,0.1,388,226,
10353,187,2,89,90,276,226,"316"
10354,187,3,0.1,0.40000001,234,226,
10355,187,3,0.1,0.40000001,235,226,
10356,187,3,0.1,0.40000001,236,226,
10357,187,3,0.1,0.2,110,226,
10358,187,3,0.1,0.2,113,226,
10359,187,3,0.1,0.2,112,226,
10360,187,3,0.1,0.2,111,226,
10361,187,3,0.1,0.2,114,226,
10362,187,4,1.9,0.2,350,226,
10363,187,4,1.9,0.1,351,226,
10364,187,4,1.9,0.2,356,226,
10365,187,4,1.9,0.1,357,226,
10366,187,4,1.9,0.2,353,226,
10367,187,4,1.9,0.1,354,226,
10368,187,4,1.9,0.2,359,226,
10369,187,4,1.9,0.1,360,226,
10370,187,4,1.9,0.2,362,226,
10371,187,4,1.9,0.1,363,226,
10372,187,4,1.9,0.30000001,330,226,
10373,187,4,1.9,0.30000001,331,226,
10374,187,4,1.9,0.30000001,337,226,
10375,187,4,1.9,0.30000001,338,226,
10376,187,4,1.9,0.30000001,339,226,
10377,187,4,1.9,0.30000001,340,226,
10378,187,4,1.9,0.30000001,341,226,
10379,187,4,1.9,0.1,367,226,
10380,187,4,1.9,0.1,368,226,
10381,187,4,1.9,0.1,369,226,
10382,187,4,1.9,0.1,370,226,
10383,187,4,1.9,0.1,371,226,
10384,187,4,1.9,0.1,342,226,
10385,187,4,1.9,0.1,343,226,
10386,187,4,1.9,0.1,344,226,
10387,187,4,1.9,0.1,345,226,
10388,187,4,1.9,0.1,346,226,
10389,187,4,1.9,0.1,348,226,
10390,187,4,1.9,8,379,226,
10391,188,1,1,80,276,230,"318"
10392,188,1,1,0.2,387,230,
10393,188,1,1,0.1,388,230,
10394,188,2,89,90,276,230,"318"
10395,188,3,0.1,0.40000001,264,230,
10396,188,3,0.1,0.40000001,265,230,
10397,188,3,0.1,0.40000001,266,230,
10398,188,3,0.1,0.2,122,230,
10399,188,3,0.1,0.2,125,230,
10400,188,3,0.1,0.2,124,230,
10401,188,3,0.1,0.2,123,230,
10402,188,3,0.1,0.2,126,230,
10403,188,4,1.9,0.2,350,230,
10404,188,4,1.9,0.1,351,230,
10405,188,4,1.9,0.2,356,230,
10406,188,4,1.9,0.1,357,230,
10407,188,4,1.9,0.2,353,230,
10408,188,4,1.9,0.1,354,230,
10409,188,4,1.9,0.2,359,230,
10410,188,4,1.9,0.1,360,230,
10411,188,4,1.9,0.2,362,230,
10412,188,4,1.9,0.1,363,230,
10413,188,4,1.9,0.30000001,330,230,
10414,188,4,1.9,0.30000001,331,230,
10415,188,4,1.9,0.30000001,337,230,
10416,188,4,1.9,0.30000001,338,230,
10417,188,4,1.9,0.30000001,339,230,
10418,188,4,1.9,0.30000001,340,230,
10419,188,4,1.9,0.30000001,341,230,
10420,188,4,1.9,0.1,367,230,
10421,188,4,1.9,0.1,368,230,
10422,188,4,1.9,0.1,369,230,
10423,188,4,1.9,0.1,370,230,
10424,188,4,1.9,0.1,371,230,
10425,188,4,1.9,0.1,342,230,
10426,188,4,1.9,0.1,343,230,
10427,188,4,1.9,0.1,344,230,
10428,188,4,1.9,0.1,345,230,
10429,188,4,1.9,0.1,346,230,
10430,188,4,1.9,0.1,348,230,
10431,188,4,1.9,8,379,230,
10432,189,1,1,80,276,227,"316"
10433,189,1,1,0.2,387,227,
10434,189,1,1,0.1,388,227,
10435,189,2,89,90,276,227,"316"
10436,189,3,0.1,0.40000001,264,227,
10437,189,3,0.1,0.40000001,265,227,
10438,189,3,0.1,0.40000001,266,227,
10439,189,3,0.1,0.2,122,227,
10440,189,3,0.1,0.2,125,227,
10441,189,3,0.1,0.2,124,227,
10442,189,3,0.1,0.2,123,227,
10443,189,3,0.1,0.2,126,227,
10444,189,4,1.9,0.2,350,227,
10445,189,4,1.9,0.1,351,227,
10446,189,4,1.9,0.2,356,227,
10447,189,4,1.9,0.1,357,227,
10448,189,4,1.9,0.2,353,227,
10449,189,4,1.9,0.1,354,227,
10450,189,4,1.9,0.2,359,227,
10451,189,4,1.9,0.1,360,227,
10452,189,4,1.9,0.2,362,227,
10453,189,4,1.9,0.1,363,227,
10454,189,4,1.9,0.30000001,330,227,
10455,189,4,1.9,0.30000001,331,227,
10456,189,4,1.9,0.30000001,337,227,
10457,189,4,1.9,0.30000001,338,227,
10458,189,4,1.9,0.30000001,339,227,
10459,189,4,1.9,0.30000001,340,227,
10460,189,4,1.9,0.30000001,341,227,
10461,189,4,1.9,0.1,367,227,
10462,189,4,1.9,0.1,368,227,
10463,189,4,1.9,0.1,369,227,
10464,189,4,1.9,0.1,370,227,
10465,189,4,1.9,0.1,371,227,
10466,189,4,1.9,0.1,342,227,
10467,189,4,1.9,0.1,343,227,
10468,189,4,1.9,0.1,344,227,
10469,189,4,1.9,0.1,345,227,
10470,189,4,1.9,0.1,346,227,
10471,189,4,1.9,0.1,348,227,
10472,189,4,1.9,8,379,227,
10473,190,1,1,80,276,231,"318"
10474,190,1,1,0.2,387,231,
10475,190,1,1,0.1,388,231,
10476,190,2,89,90,276,231,"318"
10477,190,3,0.1,0.40000001,234,231,
10478,190,3,0.1,0.40000001,235,231,
10479,190,3,0.1,0.40000001,236,231,
10480,190,3,0.1,0.2,110,231,
10481,190,3,0.1,0.2,113,231,
10482,190,3,0.1,0.2,112,231,
10483,190,3,0.1,0.2,111,231,
10484,190,3,0.1,0.2,114,231,
10485,190,4,1.9,0.2,350,231,
10486,190,4,1.9,0.1,351,231,
10487,190,4,1.9,0.2,356,231,
10488,190,4,1.9,0.1,357,231,
10489,190,4,1.9,0.2,353,231,
10490,190,4,1.9,0.1,354,231,
10491,190,4,1.9,0.2,359,231,
10492,190,4,1.9,0.1,360,231,
10493,190,4,1.9,0.2,362,231,
10494,190,4,1.9,0.1,363,231,
10495,190,4,1.9,0.30000001,330,231,
10496,190,4,1.9,0.30000001,331,231,
10497,190,4,1.9,0.30000001,337,231,
10498,190,4,1.9,0.30000001,338,231,
10499,190,4,1.9,0.30000001,339,231,
10500,190,4,1.9,0.30000001,340,231,
10501,190,4,1.9,0.30000001,341,231,
10502,190,4,1.9,0.1,367,231,
10503,190,4,1.9,0.1,368,231,
10504,190,4,1.9,0.1,369,231,
10505,190,4,1.9,0.1,370,231,
10506,190,4,1.9,0.1,371,231,
10507,190,4,1.9,0.1,342,231,
10508,190,4,1.9,0.1,343,231,
10509,190,4,1.9,0.1,344,231,
10510,190,4,1.9,0.1,345,231,
10511,190,4,1.9,0.1,346,231,
10512,190,4,1.9,0.1,348,231,
10513,190,4,1.9,8,379,231,
10514,191,1,1,80,276,234,"320"
10515,191,1,1,0.2,387,234,
10516,191,1,1,0.1,388,234,
10517,191,2,89,90,276,234,"320"
10518,191,3,0.1,0.40000001,192,234,
10519,191,3,0.1,0.40000001,193,234,
10520,191,3,0.1,0.40000001,194,234,
10521,191,3,0.1,0.40000001,195,234,
10522,191,3,0.1,0.40000001,196,234,
10523,191,3,0.1,0.40000001,197,234,
10524,191,3,0.1,0.2,116,234,
10525,191,3,0.1,0.2,119,234,
10526,191,3,0.1,0.2,118,234,
10527,191,3,0.1,0.2,117,234,
10528,191,3,0.1,0.2,120,234,
10529,191,4,1.9,0.2,350,234,
10530,191,4,1.9,0.1,351,234,
10531,191,4,1.9,0.2,356,234,
10532,191,4,1.9,0.1,357,234,
10533,191,4,1.9,0.2,353,234,
10534,191,4,1.9,0.1,354,234,
10535,191,4,1.9,0.2,359,234,
10536,191,4,1.9,0.1,360,234,
10537,191,4,1.9,0.2,362,234,
10538,191,4,1.9,0.1,363,234,
10539,191,4,1.9,0.30000001,330,234,
10540,191,4,1.9,0.30000001,331,234,
10541,191,4,1.9,0.30000001,337,234,
10542,191,4,1.9,0.30000001,338,234,
10543,191,4,1.9,0.30000001,339,234,
10544,191,4,1.9,0.30000001,340,234,
10545,191,4,1.9,0.30000001,341,234,
10546,191,4,1.9,0.1,367,234,
10547,191,4,1.9,0.1,368,234,
10548,191,4,1.9,0.1,369,234,
10549,191,4,1.9,0.1,370,234,
10550,191,4,1.9,0.1,371,234,
10551,191,4,1.9,0.1,342,234,
10552,191,4,1.9,0.1,343,234,
10553,191,4,1.9,0.1,344,234,
10554,191,4,1.9,0.1,345,234,
10555,191,4,1.9,0.1,346,234,
10556,191,4,1.9,0.1,348,234,
10557,191,4,1.9,8,379,234,
10558,193,1,90,80,276,228,"500"
10559,1018,1,100,80,276,276,"100"
10560,1018,1,100,10,278,276,
10561,1018,1,100,7,278,276,
10562,1018,1,100,3,278,276,
10563,1019,1,100,80,276,278,"300"
10564,1019,1,100,10,278,278,
10565,1019,1,100,7,278,278,
10566,1019,1,100,3,278,278,
10567,1020,1,100,80,276,278,"600"
10568,1020,1,100,10,279,278,
10569,1020,1,100,7,279,278,
10570,1020,1,100,3,279,278,
10571,1021,1,100,80,276,279,"1000"
10572,1021,1,100,10,279,279,
10573,1021,1,100,7,279,279,
10574,1021,1,100,3,279,279,
10575,1022,1,100,80,276,279,"1500"
10576,1022,1,100,10,279,279,
10577,1022,1,100,7,279,279,
10578,1022,1,100,3,279,279,
10579,1023,1,100,80,276,279,"2000"
10580,1023,1,100,10,279,279,
10581,1023,1,100,7,279,279,
10582,1023,1,100,3,279,279,
10583,1024,1,100,80,276,279,"3000"
10584,1024,1,100,10,279,279,
10585,1024,1,100,7,279,279,
10586,194,1,90,80,276,244,"150"
10587,194,2,0.60000002,0.30000001,350,244,
10588,194,2,0.60000002,0.30000001,356,244,
10589,194,2,0.60000002,0.30000001,353,244,
10590,194,2,0.60000002,0.30000001,359,244,
10591,194,2,0.60000002,0.30000001,362,244,
10592,194,2,0.60000002,0.30000001,330,244,
10593,194,2,0.60000002,0.30000001,331,244,
10594,194,2,0.60000002,0.30000001,337,244,
10595,194,2,0.60000002,0.30000001,338,244,
10596,194,2,0.60000002,0.30000001,339,244,
10597,194,2,0.60000002,0.30000001,340,244,
10598,194,2,0.60000002,0.30000001,341,244,
10599,194,2,0.60000002,0.1,367,244,
10600,194,2,0.60000002,0.1,368,244,
10601,194,2,0.60000002,0.1,369,244,
10602,194,2,0.60000002,0.1,370,244,
10603,194,2,0.60000002,0.1,371,244,
10604,194,2,0.60000002,0.1,342,244,
10605,194,2,0.60000002,0.1,343,244,
10606,194,2,0.60000002,0.1,344,244,
10607,194,2,0.60000002,0.1,345,244,
10608,194,2,0.60000002,0.1,346,244,
10609,194,2,0.60000002,0.1,347,244,
10610,194,2,0.60000002,4.8000002,376,244,
10611,194,2,0.60000002,4.8000002,377,244,
10612,194,3,1,2,378,244,
10613,194,3,1,2,376,244,
10614,194,3,1,2,377,244,
10615,194,3,1,2,466,244,
10616,194,3,1,2,312,244,
10617,194,3,1,2,296,244,
10618,194,3,1,2,465,244,
10619,194,4,0.1,0.1,375,244,
10620,194,4,0.1,0.1,374,244,
10621,194,5,0.1,0.40000001,98,244,
10622,194,5,0.1,0.40000001,101,244,
10623,194,5,0.1,0.40000001,100,244,
10624,194,5,0.1,0.40000001,99,244,
10625,194,5,0.1,0.40000001,102,244,
10626,194,5,0.1,0.40000001,92,244,
10627,194,5,0.1,0.40000001,95,244,
10628,194,5,0.1,0.40000001,94,244,
10629,194,5,0.1,0.40000001,93,244,
10630,194,5,0.1,0.40000001,96,244,
10631,194,5,0.1,0.40000001,104,244,
10632,194,5,0.1,0.40000001,107,244,
10633,194,5,0.1,0.40000001,106,244,
10634,194,5,0.1,0.40000001,105,244,
10635,194,5,0.1,0.40000001,108,244,
10636,194,5,0.1,0.40000001,192,244,
10637,194,5,0.1,0.40000001,193,244,
10638,194,5,0.1,0.40000001,194,244,
10639,194,5,0.1,0.40000001,195,244,
10640,194,5,0.1,0.40000001,196,244,
10641,194,5,0.1,0.40000001,197,244,
10642,194,5,0.1,0.40000001,234,244,
10643,194,5,0.1,0.40000001,235,244,
10644,194,5,0.1,0.40000001,236,244,
10645,194,5,0.1,0.40000001,264,244,
10646,194,5,0.1,0.40000001,265,244,
10647,194,5,0.1,0.40000001,266,244,
10648,194,6,0.1,0.30000001,198,244,
10649,194,6,0.1,0.30000001,201,244,
10650,194,6,0.1,0.30000001,237,244,
10651,194,6,0.1,0.30000001,267,244,
10652,194,6,0.1,0.5,116,244,
10653,194,6,0.1,0.5,119,244,
10654,194,6,0.1,0.5,118,244,
10655,194,6,0.1,0.5,117,244,
10656,194,6,0.1,0.5,120,244,
10657,194,6,0.1,0.5,110,244,
10658,194,6,0.1,0.5,110,244,
10659,194,6,0.1,0.5,112,244,
10660,194,6,0.1,0.5,111,244,
10661,194,6,0.1,0.5,114,244,
10662,194,6,0.1,0.5,122,244,
10663,194,6,0.1,0.5,125,244,
10664,194,6,0.1,0.5,124,244,
10665,194,6,0.1,0.5,123,244,
10666,194,6,0.1,0.5,126,244,
10667,194,6,0.1,1,168,244,
10668,194,1,90,80,276,245,"150"
10669,194,2,0.60000002,0.30000001,350,245,
10670,194,2,0.60000002,0.30000001,356,245,
10671,194,2,0.60000002,0.30000001,353,245,
10672,194,2,0.60000002,0.30000001,359,245,
10673,194,2,0.60000002,0.30000001,362,245,
10674,194,2,0.60000002,0.30000001,330,245,
10675,194,2,0.60000002,0.30000001,331,245,
10676,194,2,0.60000002,0.30000001,337,245,
10677,194,2,0.60000002,0.30000001,338,245,
10678,194,2,0.60000002,0.30000001,339,245,
10679,194,2,0.60000002,0.30000001,340,245,
10680,194,2,0.60000002,0.30000001,341,245,
10681,194,2,0.60000002,0.1,367,245,
10682,194,2,0.60000002,0.1,368,245,
10683,194,2,0.60000002,0.1,369,245,
10684,194,2,0.60000002,0.1,370,245,
10685,194,2,0.60000002,0.1,371,245,
10686,194,2,0.60000002,0.1,342,245,
10687,194,2,0.60000002,0.1,343,245,
10688,194,2,0.60000002,0.1,344,245,
10689,194,2,0.60000002,0.1,345,245,
10690,194,2,0.60000002,0.1,346,245,
10691,194,2,0.60000002,0.1,347,245,
10692,194,2,0.60000002,4.8000002,376,245,
10693,194,2,0.60000002,4.8000002,377,245,
10694,194,3,1,2,378,245,
10695,194,3,1,2,376,245,
10696,194,3,1,2,377,245,
10697,194,3,1,2,466,245,
10698,194,3,1,2,312,245,
10699,194,3,1,2,296,245,
10700,194,3,1,2,465,245,
10701,194,4,0.1,0.1,375,245,
10702,194,4,0.1,0.1,374,245,
10703,194,5,0.1,0.40000001,98,245,
10704,194,5,0.1,0.40000001,101,245,
10705,194,5,0.1,0.40000001,100,245,
10706,194,5,0.1,0.40000001,99,245,
10707,194,5,0.1,0.40000001,102,245,
10708,194,5,0.1,0.40000001,92,245,
10709,194,5,0.1,0.40000001,95,245,
10710,194,5,0.1,0.40000001,94,245,
10711,194,5,0.1,0.40000001,93,245,
10712,194,5,0.1,0.40000001,96,245,
10713,194,5,0.1,0.40000001,104,245,
10714,194,5,0.1,0.40000001,107,245,
10715,194,5,0.1,0.40000001,106,245,
10716,194,5,0.1,0.40000001,105,245,
10717,194,5,0.1,0.40000001,108,245,
10718,194,5,0.1,0.40000001,192,245,
10719,194,5,0.1,0.40000001,193,245,
10720,194,5,0.1,0.40000001,194,245,
10721,194,5,0.1,0.40000001,195,245,
10722,194,5,0.1,0.40000001,196,245,
10723,194,5,0.1,0.40000001,197,245,
10724,194,5,0.1,0.40000001,234,245,
10725,194,5,0.1,0.40000001,235,245,
10726,194,5,0.1,0.40000001,236,245,
10727,194,5,0.1,0.40000001,264,245,
10728,194,5,0.1,0.40000001,265,245,
10729,194,5,0.1,0.40000001,266,245,
10730,194,6,0.1,0.30000001,198,245,
10731,194,6,0.1,0.30000001,201,245,
10732,194,6,0.1,0.30000001,237,245,
10733,194,6,0.1,0.30000001,267,245,
10734,194,6,0.1,0.5,116,245,
10735,194,6,0.1,0.5,119,245,
10736,194,6,0.1,0.5,118,245,
10737,194,6,0.1,0.5,117,245,
10738,194,6,0.1,0.5,120,245,
10739,194,6,0.1,0.5,110,245,
10740,194,6,0.1,0.5,110,245,
10741,194,6,0.1,0.5,112,245,
10742,194,6,0.1,0.5,111,245,
10743,194,6,0.1,0.5,114,245,
10744,194,6,0.1,0.5,122,245,
10745,194,6,0.1,0.5,125,245,
10746,194,6,0.1,0.5,124,245,
10747,194,6,0.1,0.5,123,245,
10748,194,6,0.1,0.5,126,245,
10749,194,6,0.1,1,168,245,
10750,194,1,90,80,276,246,"150"
10751,194,2,0.60000002,0.30000001,350,246,
10752,194,2,0.60000002,0.30000001,356,246,
10753,194,2,0.60000002,0.30000001,353,246,
10754,194,2,0.60000002,0.30000001,359,246,
10755,194,2,0.60000002,0.30000001,362,246,
10756,194,2,0.60000002,0.30000001,330,246,
10757,194,2,0.60000002,0.30000001,331,246,
10758,194,2,0.60000002,0.30000001,337,246,
10759,194,2,0.60000002,0.30000001,338,246,
10760,194,2,0.60000002,0.30000001,339,246,
10761,194,2,0.60000002,0.30000001,340,246,
10762,194,2,0.60000002,0.30000001,341,246,
10763,194,2,0.60000002,0.1,367,246,
10764,194,2,0.60000002,0.1,368,246,
10765,194,2,0.60000002,0.1,369,246,
10766,194,2,0.60000002,0.1,370,246,
10767,194,2,0.60000002,0.1,371,246,
10768,194,2,0.60000002,0.1,342,246,
10769,194,2,0.60000002,0.1,343,246,
10770,194,2,0.60000002,0.1,344,246,
10771,194,2,0.60000002,0.1,345,246,
10772,194,2,0.60000002,0.1,346,246,
10773,194,2,0.60000002,0.1,347,246,
10774,194,2,0.60000002,4.8000002,376,246,
10775,194,2,0.60000002,4.8000002,377,246,
10776,194,3,1,2,378,246,
10777,194,3,1,2,376,246,
10778,194,3,1,2,377,246,
10779,194,3,1,2,466,246,
10780,194,3,1,2,312,246,
10781,194,3,1,2,296,246,
10782,194,3,1,2,465,246,
10783,194,4,0.1,0.1,375,246,
10784,194,4,0.1,0.1,374,246,
10785,194,5,0.1,0.40000001,98,246,
10786,194,5,0.1,0.40000001,101,246,
10787,194,5,0.1,0.40000001,100,246,
10788,194,5,0.1,0.40000001,99,246,
10789,194,5,0.1,0.40000001,102,246,
10790,194,5,0.1,0.40000001,92,246,
10791,194,5,0.1,0.40000001,95,246,
10792,194,5,0.1,0.40000001,94,246,
10793,194,5,0.1,0.40000001,93,246,
10794,194,5,0.1,0.40000001,96,246,
10795,194,5,0.1,0.40000001,104,246,
10796,194,5,0.1,0.40000001,107,246,
10797,194,5,0.1,0.40000001,106,246,
10798,194,5,0.1,0.40000001,105,246,
10799,194,5,0.1,0.40000001,108,246,
10800,194,5,0.1,0.40000001,192,246,
10801,194,5,0.1,0.40000001,193,246,
10802,194,5,0.1,0.40000001,194,246,
10803,194,5,0.1,0.40000001,195,246,
10804,194,5,0.1,0.40000001,196,246,
10805,194,5,0.1,0.40000001,197,246,
10806,194,5,0.1,0.40000001,234,246,
10807,194,5,0.1,0.40000001,235,246,
10808,194,5,0.1,0.40000001,236,246,
10809,194,5,0.1,0.40000001,264,246,
10810,194,5,0.1,0.40000001,265,246,
10811,194,5,0.1,0.40000001,266,246,
10812,194,6,0.1,0.30000001,198,246,
10813,194,6,0.1,0.30000001,201,246,
10814,194,6,0.1,0.30000001,237,246,
10815,194,6,0.1,0.30000001,267,246,
10816,194,6,0.1,0.5,116,246,
10817,194,6,0.1,0.5,119,246,
10818,194,6,0.1,0.5,118,246,
10819,194,6,0.1,0.5,117,246,
10820,194,6,0.1,0.5,120,246,
10821,194,6,0.1,0.5,110,246,
10822,194,6,0.1,0.5,110,246,
10823,194,6,0.1,0.5,112,246,
10824,194,6,0.1,0.5,111,246,
10825,194,6,0.1,0.5,114,246,
10826,194,6,0.1,0.5,122,246,
10827,194,6,0.1,0.5,125,246,
10828,194,6,0.1,0.5,124,246,
10829,194,6,0.1,0.5,123,246,
10830,194,6,0.1,0.5,126,246,
10831,194,6,0.1,1,168,246,
10832,194,1,90,80,276,247,"150"
10833,194,2,0.60000002,0.30000001,350,247,
10834,194,2,0.60000002,0.30000001,356,247,
10835,194,2,0.60000002,0.30000001,353,247,
10836,194,2,0.60000002,0.30000001,359,247,
10837,194,2,0.60000002,0.30000001,362,247,
10838,194,2,0.60000002,0.30000001,330,247,
10839,194,2,0.60000002,0.30000001,331,247,
10840,194,2,0.60000002,0.30000001,337,247,
10841,194,2,0.60000002,0.30000001,338,247,
10842,194,2,0.60000002,0.30000001,339,247,
10843,194,2,0.60000002,0.30000001,340,247,
10844,194,2,0.60000002,0.30000001,341,247,
10845,194,2,0.60000002,0.1,367,247,
10846,194,2,0.60000002,0.1,368,247,
10847,194,2,0.60000002,0.1,369,247,
10848,194,2,0.60000002,0.1,370,247,
10849,194,2,0.60000002,0.1,371,247,
10850,194,2,0.60000002,0.1,342,247,
10851,194,2,0.60000002,0.1,343,247,
10852,194,2,0.60000002,0.1,344,247,
10853,194,2,0.60000002,0.1,345,247,
10854,194,2,0.60000002,0.1,346,247,
10855,194,2,0.60000002,0.1,347,247,
10856,194,2,0.60000002,4.8000002,376,247,
10857,194,2,0.60000002,4.8000002,377,247,
10858,194,3,1,2,378,247,
10859,194,3,1,2,376,247,
10860,194,3,1,2,377,247,
10861,194,3,1,2,466,247,
10862,194,3,1,2,312,247,
10863,194,3,1,2,296,247,
10864,194,3,1,2,465,247,
10865,194,4,0.1,0.1,375,247,
10866,194,4,0.1,0.1,374,247,
10867,194,5,0.1,0.40000001,98,247,
10868,194,5,0.1,0.40000001,101,247,
10869,194,5,0.1,0.40000001,100,247,
10870,194,5,0.1,0.40000001,99,247,
10871,194,5,0.1,0.40000001,102,247,
10872,194,5,0.1,0.40000001,92,247,
10873,194,5,0.1,0.40000001,95,247,
10874,194,5,0.1,0.40000001,94,247,
10875,194,5,0.1,0.40000001,93,247,
10876,194,5,0.1,0.40000001,96,247,
10877,194,5,0.1,0.40000001,104,247,
10878,194,5,0.1,0.40000001,107,247,
10879,194,5,0.1,0.40000001,106,247,
10880,194,5,0.1,0.40000001,105,247,
10881,194,5,0.1,0.40000001,108,247,
10882,194,5,0.1,0.40000001,192,247,
10883,194,5,0.1,0.40000001,193,247,
10884,194,5,0.1,0.40000001,194,247,
10885,194,5,0.1,0.40000001,195,247,
10886,194,5,0.1,0.40000001,196,247,
10887,194,5,0.1,0.40000001,197,247,
10888,194,5,0.1,0.40000001,234,247,
10889,194,5,0.1,0.40000001,235,247,
10890,194,5,0.1,0.40000001,236,247,
10891,194,5,0.1,0.40000001,264,247,
10892,194,5,0.1,0.40000001,265,247,
10893,194,5,0.1,0.40000001,266,247,
10894,194,6,0.1,0.30000001,198,247,
10895,194,6,0.1,0.30000001,201,247,
10896,194,6,0.1,0.30000001,237,247,
10897,194,6,0.1,0.30000001,267,247,
10898,194,6,0.1,0.5,116,247,
10899,194,6,0.1,0.5,119,247,
10900,194,6,0.1,0.5,118,247,
10901,194,6,0.1,0.5,117,247,
10902,194,6,0.1,0.5,120,247,
10903,194,6,0.1,0.5,110,247,
10904,194,6,0.1,0.5,110,247,
10905,194,6,0.1,0.5,112,247,
10906,194,6,0.1,0.5,111,247,
10907,194,6,0.1,0.5,114,247,
10908,194,6,0.1,0.5,122,247,
10909,194,6,0.1,0.5,125,247,
10910,194,6,0.1,0.5,124,247,
10911,194,6,0.1,0.5,123,247,
10912,194,6,0.1,0.5,126,247,
10913,194,6,0.1,1,168,247,
10914,195,1,90,80,276,248,"150"
10915,195,2,0.60000002,0.30000001,350,248,
10916,195,2,0.60000002,0.30000001,356,248,
10917,195,2,0.60000002,0.30000001,353,248,
10918,195,2,0.60000002,0.30000001,359,248,
10919,195,2,0.60000002,0.30000001,362,248,
10920,195,2,0.60000002,0.30000001,330,248,
10921,195,2,0.60000002,0.30000001,331,248,
10922,195,2,0.60000002,0.30000001,337,248,
10923,195,2,0.60000002,0.30000001,338,248,
10924,195,2,0.60000002,0.30000001,339,248,
10925,195,2,0.60000002,0.30000001,340,248,
10926,195,2,0.60000002,0.30000001,341,248,
10927,195,2,0.60000002,0.1,367,248,
10928,195,2,0.60000002,0.1,368,248,
10929,195,2,0.60000002,0.1,369,248,
10930,195,2,0.60000002,0.1,370,248,
10931,195,2,0.60000002,0.1,371,248,
10932,195,2,0.60000002,0.1,342,248,
10933,195,2,0.60000002,0.1,343,248,
10934,195,2,0.60000002,0.1,344,248,
10935,195,2,0.60000002,0.1,345,248,
10936,195,2,0.60000002,0.1,346,248,
10937,195,2,0.60000002,0.1,347,248,
10938,195,2,0.60000002,4.8000002,376,248,
10939,195,2,0.60000002,4.8000002,377,248,
10940,195,3,1,2,378,248,
10941,195,3,1,2,376,248,
10942,195,3,1,2,377,248,
10943,195,3,1,2,466,248,
10944,195,3,1,2,312,248,
10945,195,3,1,2,296,248,
10946,195,3,1,2,465,248,
10947,195,4,0.1,0.1,375,248,
10948,195,4,0.1,0.1,374,248,
10949,195,5,0.1,0.40000001,98,248,
10950,195,5,0.1,0.40000001,101,248,
10951,195,5,0.1,0.40000001,100,248,
10952,195,5,0.1,0.40000001,99,248,
10953,195,5,0.1,0.40000001,102,248,
10954,195,5,0.1,0.40000001,92,248,
10955,195,5,0.1,0.40000001,95,248,
10956,195,5,0.1,0.40000001,94,248,
10957,195,5,0.1,0.40000001,93,248,
10958,195,5,0.1,0.40000001,96,248,
10959,195,5,0.1,0.40000001,104,248,
10960,195,5,0.1,0.40000001,107,248,
10961,195,5,0.1,0.40000001,106,248,
10962,195,5,0.1,0.40000001,105,248,
10963,195,5,0.1,0.40000001,108,248,
10964,195,5,0.1,0.40000001,192,248,
10965,195,5,0.1,0.40000001,193,248,
10966,195,5,0.1,0.40000001,194,248,
10967,195,5,0.1,0.40000001,195,248,
10968,195,5,0.1,0.40000001,196,248,
10969,195,5,0.1,0.40000001,197,248,
10970,195,5,0.1,0.40000001,234,248,
10971,195,5,0.1,0.40000001,235,248,
10972,195,5,0.1,0.40000001,236,248,
10973,195,5,0.1,0.40000001,264,248,
10974,195,5,0.1,0.40000001,265,248,
10975,195,5,0.1,0.40000001,266,248,
10976,195,6,0.1,0.1,204,248,
10977,195,6,0.1,0.1,205,248,
10978,195,6,0.1,0.1,206,248,
10979,195,6,0.1,0.1,207,248,
10980,195,6,0.1,0.1,208,248,
10981,195,6,0.1,0.1,209,248,
10982,195,6,0.1,0.1,240,248,
10983,195,6,0.1,0.1,241,248,
10984,195,6,0.1,0.1,242,248,
10985,195,6,0.1,0.1,270,248,
10986,195,6,0.1,0.1,271,248,
10987,195,6,0.1,0.1,272,248,
10988,195,6,0.1,0.2,134,248,
10989,195,6,0.1,0.2,137,248,
10990,195,6,0.1,0.2,136,248,
10991,195,6,0.1,0.2,135,248,
10992,195,6,0.1,0.2,138,248,
10993,195,6,0.1,0.2,128,248,
10994,195,6,0.1,0.2,131,248,
10995,195,6,0.1,0.2,130,248,
10996,195,6,0.1,0.2,129,248,
10997,195,6,0.1,0.2,132,248,
10998,195,6,0.1,0.2,140,248,
10999,195,6,0.1,0.2,143,248,
11000,195,6,0.1,0.2,142,248,
11001,195,6,0.1,0.2,141,248,
11002,195,6,0.1,0.2,144,248,
11003,195,6,0.1,0.40000001,168,248,
11004,194,1,90,80,276,251,"150"
11005,194,2,0.60000002,0.30000001,350,251,
11006,194,2,0.60000002,0.30000001,356,251,
11007,194,2,0.60000002,0.30000001,353,251,
11008,194,2,0.60000002,0.30000001,359,251,
11009,194,2,0.60000002,0.30000001,362,251,
11010,194,2,0.60000002,0.30000001,330,251,
11011,194,2,0.60000002,0.30000001,331,251,
11012,194,2,0.60000002,0.30000001,337,251,
11013,194,2,0.60000002,0.30000001,338,251,
11014,194,2,0.60000002,0.30000001,339,251,
11015,194,2,0.60000002,0.30000001,340,251,
11016,194,2,0.60000002,0.30000001,341,251,
11017,194,2,0.60000002,0.1,367,251,
11018,194,2,0.60000002,0.1,368,251,
11019,194,2,0.60000002,0.1,369,251,
11020,194,2,0.60000002,0.1,370,251,
11021,194,2,0.60000002,0.1,371,251,
11022,194,2,0.60000002,0.1,342,251,
11023,194,2,0.60000002,0.1,343,251,
11024,194,2,0.60000002,0.1,344,251,
11025,194,2,0.60000002,0.1,345,251,
11026,194,2,0.60000002,0.1,346,251,
11027,194,2,0.60000002,0.1,347,251,
11028,194,2,0.60000002,4.8000002,376,251,
11029,194,2,0.60000002,4.8000002,377,251,
11030,194,3,1,2,378,251,
11031,194,3,1,2,376,251,
11032,194,3,1,2,377,251,
11033,194,3,1,2,466,251,
11034,194,3,1,2,312,251,
11035,194,3,1,2,296,251,
11036,194,3,1,2,465,251,
11037,194,4,0.1,0.1,375,251,
11038,194,4,0.1,0.1,374,251,
11039,194,5,0.1,0.40000001,98,251,
11040,194,5,0.1,0.40000001,101,251,
11041,194,5,0.1,0.40000001,100,251,
11042,194,5,0.1,0.40000001,99,251,
11043,194,5,0.1,0.40000001,102,251,
11044,194,5,0.1,0.40000001,92,251,
11045,194,5,0.1,0.40000001,95,251,
11046,194,5,0.1,0.40000001,94,251,
11047,194,5,0.1,0.40000001,93,251,
11048,194,5,0.1,0.40000001,96,251,
11049,194,5,0.1,0.40000001,104,251,
11050,194,5,0.1,0.40000001,107,251,
11051,194,5,0.1,0.40000001,106,251,
11052,194,5,0.1,0.40000001,105,251,
11053,194,5,0.1,0.40000001,108,251,
11054,194,5,0.1,0.40000001,192,251,
11055,194,5,0.1,0.40000001,193,251,
11056,194,5,0.1,0.40000001,194,251,
11057,194,5,0.1,0.40000001,195,251,
11058,194,5,0.1,0.40000001,196,251,
11059,194,5,0.1,0.40000001,197,251,
11060,194,5,0.1,0.40000001,234,251,
11061,194,5,0.1,0.40000001,235,251,
11062,194,5,0.1,0.40000001,236,251,
11063,194,5,0.1,0.40000001,264,251,
11064,194,5,0.1,0.40000001,265,251,
11065,194,5,0.1,0.40000001,266,251,
11066,194,6,0.1,0.30000001,198,251,
11067,194,6,0.1,0.30000001,201,251,
11068,194,6,0.1,0.30000001,237,251,
11069,194,6,0.1,0.30000001,267,251,
11070,194,6,0.1,0.5,116,251,
11071,194,6,0.1,0.5,119,251,
11072,194,6,0.1,0.5,118,251,
11073,194,6,0.1,0.5,117,251,
11074,194,6,0.1,0.5,120,251,
11075,194,6,0.1,0.5,110,251,
11076,194,6,0.1,0.5,110,251,
11077,194,6,0.1,0.5,112,251,
11078,194,6,0.1,0.5,111,251,
11079,194,6,0.1,0.5,114,251,
11080,194,6,0.1,0.5,122,251,
11081,194,6,0.1,0.5,125,251,
11082,194,6,0.1,0.5,124,251,
11083,194,6,0.1,0.5,123,251,
11084,194,6,0.1,0.5,126,251,
11085,194,6,0.1,1,168,251,
11086,194,1,90,80,276,252,"150"
11087,194,2,0.60000002,0.30000001,350,252,
11088,194,2,0.60000002,0.30000001,356,252,
11089,194,2,0.60000002,0.30000001,353,252,
11090,194,2,0.60000002,0.30000001,359,252,
11091,194,2,0.60000002,0.30000001,362,252,
11092,194,2,0.60000002,0.30000001,330,252,
11093,194,2,0.60000002,0.30000001,331,252,
11094,194,2,0.60000002,0.30000001,337,252,
11095,194,2,0.60000002,0.30000001,338,252,
11096,194,2,0.60000002,0.30000001,339,252,
11097,194,2,0.60000002,0.30000001,340,252,
11098,194,2,0.60000002,0.30000001,341,252,
11099,194,2,0.60000002,0.1,367,252,
11100,194,2,0.60000002,0.1,368,252,
11101,194,2,0.60000002,0.1,369,252,
11102,194,2,0.60000002,0.1,370,252,
11103,194,2,0.60000002,0.1,371,252,
11104,194,2,0.60000002,0.1,342,252,
11105,194,2,0.60000002,0.1,343,252,
11106,194,2,0.60000002,0.1,344,252,
11107,194,2,0.60000002,0.1,345,252,
11108,194,2,0.60000002,0.1,346,252,
11109,194,2,0.60000002,0.1,347,252,
11110,194,2,0.60000002,4.8000002,376,252,
11111,194,2,0.60000002,4.8000002,377,252,
11112,194,3,1,2,378,252,
11113,194,3,1,2,376,252,
11114,194,3,1,2,377,252,
11115,194,3,1,2,466,252,
11116,194,3,1,2,312,252,
11117,194,3,1,2,296,252,
11118,194,3,1,2,465,252,
11119,194,4,0.1,0.1,375,252,
11120,194,4,0.1,0.1,374,252,
11121,194,5,0.1,0.40000001,98,252,
11122,194,5,0.1,0.40000001,101,252,
11123,194,5,0.1,0.40000001,100,252,
11124,194,5,0.1,0.40000001,99,252,
11125,194,5,0.1,0.40000001,102,252,
11126,194,5,0.1,0.40000001,92,252,
11127,194,5,0.1,0.40000001,95,252,
11128,194,5,0.1,0.40000001,94,252,
11129,194,5,0.1,0.40000001,93,252,
11130,194,5,0.1,0.40000001,96,252,
11131,194,5,0.1,0.40000001,104,252,
11132,194,5,0.1,0.40000001,107,252,
11133,194,5,0.1,0.40000001,106,252,
11134,194,5,0.1,0.40000001,105,252,
11135,194,5,0.1,0.40000001,108,252,
11136,194,5,0.1,0.40000001,192,252,
11137,194,5,0.1,0.40000001,193,252,
11138,194,5,0.1,0.40000001,194,252,
11139,194,5,0.1,0.40000001,195,252,
11140,194,5,0.1,0.40000001,196,252,
11141,194,5,0.1,0.40000001,197,252,
11142,194,5,0.1,0.40000001,234,252,
11143,194,5,0.1,0.40000001,235,252,
11144,194,5,0.1,0.40000001,236,252,
11145,194,5,0.1,0.40000001,264,252,
11146,194,5,0.1,0.40000001,265,252,
11147,194,5,0.1,0.40000001,266,252,
11148,194,6,0.1,0.30000001,198,252,
11149,194,6,0.1,0.30000001,201,252,
11150,194,6,0.1,0.30000001,237,252,
11151,194,6,0.1,0.30000001,267,252,
11152,194,6,0.1,0.5,116,252,
11153,194,6,0.1,0.5,119,252,
11154,194,6,0.1,0.5,118,252,
11155,194,6,0.1,0.5,117,252,
11156,194,6,0.1,0.5,120,252,
11157,194,6,0.1,0.5,110,252,
11158,194,6,0.1,0.5,110,252,
11159,194,6,0.1,0.5,112,252,
11160,194,6,0.1,0.5,111,252,
11161,194,6,0.1,0.5,114,252,
11162,194,6,0.1,0.5,122,252,
11163,194,6,0.1,0.5,125,252,
11164,194,6,0.1,0.5,124,252,
11165,194,6,0.1,0.5,123,252,
11166,194,6,0.1,0.5,126,252,
11167,194,6,0.1,1,168,252,
11168,194,1,90,80,276,253,"150"
11169,194,2,0.60000002,0.30000001,350,253,
11170,194,2,0.60000002,0.30000001,356,253,
11171,194,2,0.60000002,0.30000001,353,253,
11172,194,2,0.60000002,0.30000001,359,253,
11173,194,2,0.60000002,0.30000001,362,253,
11174,194,2,0.60000002,0.30000001,330,253,
11175,194,2,0.60000002,0.30000001,331,253,
11176,194,2,0.60000002,0.30000001,337,253,
11177,194,2,0.60000002,0.30000001,338,253,
11178,194,2,0.60000002,0.30000001,339,253,
11179,194,2,0.60000002,0.30000001,340,253,
11180,194,2,0.60000002,0.30000001,341,253,
11181,194,2,0.60000002,0.1,367,253,
11182,194,2,0.60000002,0.1,368,253,
11183,194,2,0.60000002,0.1,369,253,
11184,194,2,0.60000002,0.1,370,253,
11185,194,2,0.60000002,0.1,371,253,
11186,194,2,0.60000002,0.1,342,253,
11187,194,2,0.60000002,0.1,343,253,
11188,194,2,0.60000002,0.1,344,253,
11189,194,2,0.60000002,0.1,345,253,
11190,194,2,0.60000002,0.1,346,253,
11191,194,2,0.60000002,0.1,347,253,
11192,194,2,0.60000002,4.8000002,376,253,
11193,194,2,0.60000002,4.8000002,377,253,
11194,194,3,1,2,378,253,
11195,194,3,1,2,376,253,
11196,194,3,1,2,377,253,
11197,194,3,1,2,466,253,
11198,194,3,1,2,312,253,
11199,194,3,1,2,296,253,
11200,194,3,1,2,465,253,
11201,194,4,0.1,0.1,375,253,
11202,194,4,0.1,0.1,374,253,
11203,194,5,0.1,0.40000001,98,253,
11204,194,5,0.1,0.40000001,101,253,
11205,194,5,0.1,0.40000001,100,253,
11206,194,5,0.1,0.40000001,99,253,
11207,194,5,0.1,0.40000001,102,253,
11208,194,5,0.1,0.40000001,92,253,
11209,194,5,0.1,0.40000001,95,253,
11210,194,5,0.1,0.40000001,94,253,
11211,194,5,0.1,0.40000001,93,253,
11212,194,5,0.1,0.40000001,96,253,
11213,194,5,0.1,0.40000001,104,253,
11214,194,5,0.1,0.40000001,107,253,
11215,194,5,0.1,0.40000001,106,253,
11216,194,5,0.1,0.40000001,105,253,
11217,194,5,0.1,0.40000001,108,253,
11218,194,5,0.1,0.40000001,192,253,
11219,194,5,0.1,0.40000001,193,253,
11220,194,5,0.1,0.40000001,194,253,
11221,194,5,0.1,0.40000001,195,253,
11222,194,5,0.1,0.40000001,196,253,
11223,194,5,0.1,0.40000001,197,253,
11224,194,5,0.1,0.40000001,234,253,
11225,194,5,0.1,0.40000001,235,253,
11226,194,5,0.1,0.40000001,236,253,
11227,194,5,0.1,0.40000001,264,253,
11228,194,5,0.1,0.40000001,265,253,
11229,194,5,0.1,0.40000001,266,253,
11230,194,6,0.1,0.30000001,198,253,
11231,194,6,0.1,0.30000001,201,253,
11232,194,6,0.1,0.30000001,237,253,
11233,194,6,0.1,0.30000001,267,253,
11234,194,6,0.1,0.5,116,253,
11235,194,6,0.1,0.5,119,253,
11236,194,6,0.1,0.5,118,253,
11237,194,6,0.1,0.5,117,253,
11238,194,6,0.1,0.5,120,253,
11239,194,6,0.1,0.5,110,253,
11240,194,6,0.1,0.5,110,253,
11241,194,6,0.1,0.5,112,253,
11242,194,6,0.1,0.5,111,253,
11243,194,6,0.1,0.5,114,253,
11244,194,6,0.1,0.5,122,253,
11245,194,6,0.1,0.5,125,253,
11246,194,6,0.1,0.5,124,253,
11247,194,6,0.1,0.5,123,253,
11248,194,6,0.1,0.5,126,253,
11249,194,6,0.1,1,168,253,
11250,195,1,90,80,276,254,"150"
11251,195,2,0.60000002,0.30000001,350,254,
11252,195,2,0.60000002,0.30000001,356,254,
11253,195,2,0.60000002,0.30000001,353,254,
11254,195,2,0.60000002,0.30000001,359,254,
11255,195,2,0.60000002,0.30000001,362,254,
11256,195,2,0.60000002,0.30000001,330,254,
11257,195,2,0.60000002,0.30000001,331,254,
11258,195,2,0.60000002,0.30000001,337,254,
11259,195,2,0.60000002,0.30000001,338,254,
11260,195,2,0.60000002,0.30000001,339,254,
11261,195,2,0.60000002,0.30000001,340,254,
11262,195,2,0.60000002,0.30000001,341,254,
11263,195,2,0.60000002,0.1,367,254,
11264,195,2,0.60000002,0.1,368,254,
11265,195,2,0.60000002,0.1,369,254,
11266,195,2,0.60000002,0.1,370,254,
11267,195,2,0.60000002,0.1,371,254,
11268,195,2,0.60000002,0.1,342,254,
11269,195,2,0.60000002,0.1,343,254,
11270,195,2,0.60000002,0.1,344,254,
11271,195,2,0.60000002,0.1,345,254,
11272,195,2,0.60000002,0.1,346,254,
11273,195,2,0.60000002,0.1,347,254,
11274,195,2,0.60000002,4.8000002,376,254,
11275,195,2,0.60000002,4.8000002,377,254,
11276,195,3,1,2,378,254,
11277,195,3,1,2,376,254,
11278,195,3,1,2,377,254,
11279,195,3,1,2,466,254,
11280,195,3,1,2,312,254,
11281,195,3,1,2,296,254,
11282,195,3,1,2,465,254,
11283,195,4,0.1,0.1,375,254,
11284,195,4,0.1,0.1,374,254,
11285,195,5,0.1,0.40000001,98,254,
11286,195,5,0.1,0.40000001,101,254,
11287,195,5,0.1,0.40000001,100,254,
11288,195,5,0.1,0.40000001,99,254,
11289,195,5,0.1,0.40000001,102,254,
11290,195,5,0.1,0.40000001,92,254,
11291,195,5,0.1,0.40000001,95,254,
11292,195,5,0.1,0.40000001,94,254,
11293,195,5,0.1,0.40000001,93,254,
11294,195,5,0.1,0.40000001,96,254,
11295,195,5,0.1,0.40000001,104,254,
11296,195,5,0.1,0.40000001,107,254,
11297,195,5,0.1,0.40000001,106,254,
11298,195,5,0.1,0.40000001,105,254,
11299,195,5,0.1,0.40000001,108,254,
11300,195,5,0.1,0.40000001,192,254,
11301,195,5,0.1,0.40000001,193,254,
11302,195,5,0.1,0.40000001,194,254,
11303,195,5,0.1,0.40000001,195,254,
11304,195,5,0.1,0.40000001,196,254,
11305,195,5,0.1,0.40000001,197,254,
11306,195,5,0.1,0.40000001,234,254,
11307,195,5,0.1,0.40000001,235,254,
11308,195,5,0.1,0.40000001,236,254,
11309,195,5,0.1,0.40000001,264,254,
11310,195,5,0.1,0.40000001,265,254,
11311,195,5,0.1,0.40000001,266,254,
11312,195,6,0.1,0.1,204,254,
11313,195,6,0.1,0.1,205,254,
11314,195,6,0.1,0.1,206,254,
11315,195,6,0.1,0.1,207,254,
11316,195,6,0.1,0.1,208,254,
11317,195,6,0.1,0.1,209,254,
11318,195,6,0.1,0.1,240,254,
11319,195,6,0.1,0.1,241,254,
11320,195,6,0.1,0.1,242,254,
11321,195,6,0.1,0.1,270,254,
11322,195,6,0.1,0.1,271,254,
11323,195,6,0.1,0.1,272,254,
11324,195,6,0.1,0.2,134,254,
11325,195,6,0.1,0.2,137,254,
11326,195,6,0.1,0.2,136,254,
11327,195,6,0.1,0.2,135,254,
11328,195,6,0.1,0.2,138,254,
11329,195,6,0.1,0.2,128,254,
11330,195,6,0.1,0.2,131,254,
11331,195,6,0.1,0.2,130,254,
11332,195,6,0.1,0.2,129,254,
11333,195,6,0.1,0.2,132,254,
11334,195,6,0.1,0.2,140,254,
11335,195,6,0.1,0.2,143,254,
11336,195,6,0.1,0.2,142,254,
11337,195,6,0.1,0.2,141,254,
11338,195,6,0.1,0.2,144,254,
11339,195,6,0.1,0.40000001,168,254,
11340,195,1,90,80,276,255,"150"
11341,195,2,0.60000002,0.30000001,350,255,
11342,195,2,0.60000002,0.30000001,356,255,
11343,195,2,0.60000002,0.30000001,353,255,
11344,195,2,0.60000002,0.30000001,359,255,
11345,195,2,0.60000002,0.30000001,362,255,
11346,195,2,0.60000002,0.30000001,330,255,
11347,195,2,0.60000002,0.30000001,331,255,
11348,195,2,0.60000002,0.30000001,337,255,
11349,195,2,0.60000002,0.30000001,338,255,
11350,195,2,0.60000002,0.30000001,339,255,
11351,195,2,0.60000002,0.30000001,340,255,
11352,195,2,0.60000002,0.30000001,341,255,
11353,195,2,0.60000002,0.1,367,255,
11354,195,2,0.60000002,0.1,368,255,
11355,195,2,0.60000002,0.1,369,255,
11356,195,2,0.60000002,0.1,370,255,
11357,195,2,0.60000002,0.1,371,255,
11358,195,2,0.60000002,0.1,342,255,
11359,195,2,0.60000002,0.1,343,255,
11360,195,2,0.60000002,0.1,344,255,
11361,195,2,0.60000002,0.1,345,255,
11362,195,2,0.60000002,0.1,346,255,
11363,195,2,0.60000002,0.1,347,255,
11364,195,2,0.60000002,4.8000002,376,255,
11365,195,2,0.60000002,4.8000002,377,255,
11366,195,3,1,2,378,255,
11367,195,3,1,2,376,255,
11368,195,3,1,2,377,255,
11369,195,3,1,2,466,255,
11370,195,3,1,2,312,255,
11371,195,3,1,2,296,255,
11372,195,3,1,2,465,255,
11373,195,4,0.1,0.1,375,255,
11374,195,4,0.1,0.1,374,255,
11375,195,5,0.1,0.40000001,98,255,
11376,195,5,0.1,0.40000001,101,255,
11377,195,5,0.1,0.40000001,100,255,
11378,195,5,0.1,0.40000001,99,255,
11379,195,5,0.1,0.40000001,102,255,
11380,195,5,0.1,0.40000001,92,255,
11381,195,5,0.1,0.40000001,95,255,
11382,195,5,0.1,0.40000001,94,255,
11383,195,5,0.1,0.40000001,93,255,
11384,195,5,0.1,0.40000001,96,255,
11385,195,5,0.1,0.40000001,104,255,
11386,195,5,0.1,0.40000001,107,255,
11387,195,5,0.1,0.40000001,106,255,
11388,195,5,0.1,0.40000001,105,255,
11389,195,5,0.1,0.40000001,108,255,
11390,195,5,0.1,0.40000001,192,255,
11391,195,5,0.1,0.40000001,193,255,
11392,195,5,0.1,0.40000001,194,255,
11393,195,5,0.1,0.40000001,195,255,
11394,195,5,0.1,0.40000001,196,255,
11395,195,5,0.1,0.40000001,197,255,
11396,195,5,0.1,0.40000001,234,255,
11397,195,5,0.1,0.40000001,235,255,
11398,195,5,0.1,0.40000001,236,255,
11399,195,5,0.1,0.40000001,264,255,
11400,195,5,0.1,0.40000001,265,255,
11401,195,5,0.1,0.40000001,266,255,
11402,195,6,0.1,0.1,204,255,
11403,195,6,0.1,0.1,205,255,
11404,195,6,0.1,0.1,206,255,
11405,195,6,0.1,0.1,207,255,
11406,195,6,0.1,0.1,208,255,
11407,195,6,0.1,0.1,209,255,
11408,195,6,0.1,0.1,240,255,
11409,195,6,0.1,0.1,241,255,
11410,195,6,0.1,0.1,242,255,
11411,195,6,0.1,0.1,270,255,
11412,195,6,0.1,0.1,271,255,
11413,195,6,0.1,0.1,272,255,
11414,195,6,0.1,0.2,134,255,
11415,195,6,0.1,0.2,137,255,
11416,195,6,0.1,0.2,136,255,
11417,195,6,0.1,0.2,135,255,
11418,195,6,0.1,0.2,138,255,
11419,195,6,0.1,0.2,128,255,
11420,195,6,0.1,0.2,131,255,
11421,195,6,0.1,0.2,130,255,
11422,195,6,0.1,0.2,129,255,
11423,195,6,0.1,0.2,132,255,
11424,195,6,0.1,0.2,140,255,
11425,195,6,0.1,0.2,143,255,
11426,195,6,0.1,0.2,142,255,
11427,195,6,0.1,0.2,141,255,
11428,195,6,0.1,0.2,144,255,
11429,195,6,0.1,0.40000001,168,255,
11430,1033,1,0.40000001,0.1,423,256,
11431,1033,1,0.40000001,0.1,424,256,
11432,1033,1,0.40000001,0.1,425,256,
11433,1033,1,0.40000001,0.1,426,256,
11434,1033,1,0.40000001,0.1,427,256,
11435,1033,1,0.40000001,0.1,428,256,
11436,1033,1,0.40000001,0.1,428,256,
11437,1033,1,0.40000001,0.1,430,256,
11438,1033,1,0.40000001,0.1,431,256,
11439,195,1,89.599998,80,276,256,"150"
11440,195,2,0.60000002,0.30000001,350,256,
11441,195,2,0.60000002,0.30000001,356,256,
11442,195,2,0.60000002,0.30000001,353,256,
11443,195,2,0.60000002,0.30000001,359,256,
11444,195,2,0.60000002,0.30000001,362,256,
11445,195,2,0.60000002,0.30000001,330,256,
11446,195,2,0.60000002,0.30000001,331,256,
11447,195,2,0.60000002,0.30000001,337,256,
11448,195,2,0.60000002,0.30000001,338,256,
11449,195,2,0.60000002,0.30000001,339,256,
11450,195,2,0.60000002,0.30000001,340,256,
11451,195,2,0.60000002,0.30000001,341,256,
11452,195,2,0.60000002,0.1,367,256,
11453,195,2,0.60000002,0.1,368,256,
11454,195,2,0.60000002,0.1,369,256,
11455,195,2,0.60000002,0.1,370,256,
11456,195,2,0.60000002,0.1,371,256,
11457,195,2,0.60000002,0.1,342,256,
11458,195,2,0.60000002,0.1,343,256,
11459,195,2,0.60000002,0.1,344,256,
11460,195,2,0.60000002,0.1,345,256,
11461,195,2,0.60000002,0.1,346,256,
11462,195,2,0.60000002,0.1,347,256,
11463,195,2,0.60000002,4.8000002,376,256,
11464,195,2,0.60000002,4.8000002,377,256,
11465,195,3,1,2,378,256,
11466,195,3,1,2,376,256,
11467,195,3,1,2,377,256,
11468,195,3,1,2,466,256,
11469,195,3,1,2,312,256,
11470,195,3,1,2,296,256,
11471,195,3,1,2,465,256,
11472,195,4,0.1,0.1,375,256,
11473,195,4,0.1,0.1,374,256,
11474,195,5,0.1,0.40000001,98,256,
11475,195,5,0.1,0.40000001,101,256,
11476,195,5,0.1,0.40000001,100,256,
11477,195,5,0.1,0.40000001,99,256,
11478,195,5,0.1,0.40000001,102,256,
11479,195,5,0.1,0.40000001,92,256,
11480,195,5,0.1,0.40000001,95,256,
11481,195,5,0.1,0.40000001,94,256,
11482,195,5,0.1,0.40000001,93,256,
11483,195,5,0.1,0.40000001,96,256,
11484,195,5,0.1,0.40000001,104,256,
11485,195,5,0.1,0.40000001,107,256,
11486,195,5,0.1,0.40000001,106,256,
11487,195,5,0.1,0.40000001,105,256,
11488,195,5,0.1,0.40000001,108,256,
11489,195,5,0.1,0.40000001,192,256,
11490,195,5,0.1,0.40000001,193,256,
11491,195,5,0.1,0.40000001,194,256,
11492,195,5,0.1,0.40000001,195,256,
11493,195,5,0.1,0.40000001,196,256,
11494,195,5,0.1,0.40000001,197,256,
11495,195,5,0.1,0.40000001,234,256,
11496,195,5,0.1,0.40000001,235,256,
11497,195,5,0.1,0.40000001,236,256,
11498,195,5,0.1,0.40000001,264,256,
11499,195,5,0.1,0.40000001,265,256,
11500,195,5,0.1,0.40000001,266,256,
11501,195,6,0.1,0.1,204,256,
11502,195,6,0.1,0.1,205,256,
11503,195,6,0.1,0.1,206,256,
11504,195,6,0.1,0.1,207,256,
11505,195,6,0.1,0.1,208,256,
11506,195,6,0.1,0.1,209,256,
11507,195,6,0.1,0.1,240,256,
11508,195,6,0.1,0.1,241,256,
11509,195,6,0.1,0.1,242,256,
11510,195,6,0.1,0.1,270,256,
11511,195,6,0.1,0.1,271,256,
11512,195,6,0.1,0.1,272,256,
11513,195,6,0.1,0.2,134,256,
11514,195,6,0.1,0.2,137,256,
11515,195,6,0.1,0.2,136,256,
11516,195,6,0.1,0.2,135,256,
11517,195,6,0.1,0.2,138,256,
11518,195,6,0.1,0.2,128,256,
11519,195,6,0.1,0.2,131,256,
11520,195,6,0.1,0.2,130,256,
11521,195,6,0.1,0.2,129,256,
11522,195,6,0.1,0.2,132,256,
11523,195,6,0.1,0.2,140,256,
11524,195,6,0.1,0.2,143,256,
11525,195,6,0.1,0.2,142,256,
11526,195,6,0.1,0.2,141,256,
11527,195,6,0.1,0.2,144,256,
11528,195,6,0.1,0.40000001,168,256,
11529,1034,1,0.60000002,0.1,423,257,
11530,1034,1,0.60000002,0.1,424,257,
11531,1034,1,0.60000002,0.1,425,257,
11532,1034,1,0.60000002,0.1,426,257,
11533,1034,1,0.60000002,0.1,427,257,
11534,1034,1,0.60000002,0.1,428,257,
11535,1034,1,0.60000002,0.1,428,257,
11536,1034,1,0.60000002,0.1,430,257,
11537,1034,1,0.60000002,0.1,431,257,
11538,196,1,89.400002,80,276,257,"150"
11539,196,2,0.60000002,0.30000001,350,257,
11540,196,2,0.60000002,0.30000001,356,257,
11541,196,2,0.60000002,0.30000001,353,257,
11542,196,2,0.60000002,0.30000001,359,257,
11543,196,2,0.60000002,0.30000001,362,257,
11544,196,2,0.60000002,0.30000001,330,257,
11545,196,2,0.60000002,0.30000001,331,257,
11546,196,2,0.60000002,0.30000001,337,257,
11547,196,2,0.60000002,0.30000001,338,257,
11548,196,2,0.60000002,0.30000001,339,257,
11549,196,2,0.60000002,0.30000001,340,257,
11550,196,2,0.60000002,0.30000001,341,257,
11551,196,2,0.60000002,0.1,367,257,
11552,196,2,0.60000002,0.1,368,257,
11553,196,2,0.60000002,0.1,369,257,
11554,196,2,0.60000002,0.1,370,257,
11555,196,2,0.60000002,0.1,371,257,
11556,196,2,0.60000002,0.1,342,257,
11557,196,2,0.60000002,0.1,343,257,
11558,196,2,0.60000002,0.1,344,257,
11559,196,2,0.60000002,0.1,345,257,
11560,196,2,0.60000002,0.1,346,257,
11561,196,2,0.60000002,0.1,347,257,
11562,196,2,0.60000002,4.8000002,376,257,
11563,196,2,0.60000002,4.8000002,377,257,
11564,196,3,1,2,378,257,
11565,196,3,1,2,376,257,
11566,196,3,1,2,377,257,
11567,196,3,1,2,466,257,
11568,196,3,1,2,312,257,
11569,196,3,1,2,296,257,
11570,196,3,1,2,465,257,
11571,196,4,0.1,0.1,375,257,
11572,196,4,0.1,0.1,374,257,
11573,196,5,0.1,0.40000001,98,257,
11574,196,5,0.1,0.40000001,101,257,
11575,196,5,0.1,0.40000001,100,257,
11576,196,5,0.1,0.40000001,99,257,
11577,196,5,0.1,0.40000001,102,257,
11578,196,5,0.1,0.40000001,92,257,
11579,196,5,0.1,0.40000001,95,257,
11580,196,5,0.1,0.40000001,94,257,
11581,196,5,0.1,0.40000001,93,257,
11582,196,5,0.1,0.40000001,96,257,
11583,196,5,0.1,0.40000001,104,257,
11584,196,5,0.1,0.40000001,107,257,
11585,196,5,0.1,0.40000001,106,257,
11586,196,5,0.1,0.40000001,105,257,
11587,196,5,0.1,0.40000001,108,257,
11588,196,5,0.1,0.40000001,192,257,
11589,196,5,0.1,0.40000001,193,257,
11590,196,5,0.1,0.40000001,194,257,
11591,196,5,0.1,0.40000001,195,257,
11592,196,5,0.1,0.40000001,196,257,
11593,196,5,0.1,0.40000001,197,257,
11594,196,5,0.1,0.40000001,234,257,
11595,196,5,0.1,0.40000001,235,257,
11596,196,5,0.1,0.40000001,236,257,
11597,196,5,0.1,0.40000001,264,257,
11598,196,5,0.1,0.40000001,265,257,
11599,196,5,0.1,0.40000001,266,257,
11600,196,6,0.1,0.1,210,257,
11601,196,6,0.1,0.1,211,257,
11602,196,6,0.1,0.1,212,257,
11603,196,6,0.1,0.1,213,257,
11604,196,6,0.1,0.1,214,257,
11605,196,6,0.1,0.1,215,257,
11606,196,6,0.1,0.1,243,257,
11607,196,6,0.1,0.1,244,257,
11608,196,6,0.1,0.1,245,257,
11609,196,6,0.1,0.1,273,257,
11610,196,6,0.1,0.1,274,257,
11611,196,6,0.1,0.1,275,257,
11612,196,6,0.1,0.40000001,168,257,
11613,1034,1,0.60000002,0.1,423,258,
11614,1034,1,0.60000002,0.1,424,258,
11615,1034,1,0.60000002,0.1,425,258,
11616,1034,1,0.60000002,0.1,426,258,
11617,1034,1,0.60000002,0.1,427,258,
11618,1034,1,0.60000002,0.1,428,258,
11619,1034,1,0.60000002,0.1,428,258,
11620,1034,1,0.60000002,0.1,430,258,
11621,1034,1,0.60000002,0.1,431,258,
11622,196,1,89.400002,80,276,258,"150"
11623,196,2,0.60000002,0.30000001,350,258,
11624,196,2,0.60000002,0.30000001,356,258,
11625,196,2,0.60000002,0.30000001,353,258,
11626,196,2,0.60000002,0.30000001,359,258,
11627,196,2,0.60000002,0.30000001,362,258,
11628,196,2,0.60000002,0.30000001,330,258,
11629,196,2,0.60000002,0.30000001,331,258,
11630,196,2,0.60000002,0.30000001,337,258,
11631,196,2,0.60000002,0.30000001,338,258,
11632,196,2,0.60000002,0.30000001,339,258,
11633,196,2,0.60000002,0.30000001,340,258,
11634,196,2,0.60000002,0.30000001,341,258,
11635,196,2,0.60000002,0.1,367,258,
11636,196,2,0.60000002,0.1,368,258,
11637,196,2,0.60000002,0.1,369,258,
11638,196,2,0.60000002,0.1,370,258,
11639,196,2,0.60000002,0.1,371,258,
11640,196,2,0.60000002,0.1,342,258,
11641,196,2,0.60000002,0.1,343,258,
11642,196,2,0.60000002,0.1,344,258,
11643,196,2,0.60000002,0.1,345,258,
11644,196,2,0.60000002,0.1,346,258,
11645,196,2,0.60000002,0.1,347,258,
11646,196,2,0.60000002,4.8000002,376,258,
11647,196,2,0.60000002,4.8000002,377,258,
11648,196,3,1,2,378,258,
11649,196,3,1,2,376,258,
11650,196,3,1,2,377,258,
11651,196,3,1,2,466,258,
11652,196,3,1,2,312,258,
11653,196,3,1,2,296,258,
11654,196,3,1,2,465,258,
11655,196,4,0.1,0.1,375,258,
11656,196,4,0.1,0.1,374,258,
11657,196,5,0.1,0.40000001,98,258,
11658,196,5,0.1,0.40000001,101,258,
11659,196,5,0.1,0.40000001,100,258,
11660,196,5,0.1,0.40000001,99,258,
11661,196,5,0.1,0.40000001,102,258,
11662,196,5,0.1,0.40000001,92,258,
11663,196,5,0.1,0.40000001,95,258,
11664,196,5,0.1,0.40000001,94,258,
11665,196,5,0.1,0.40000001,93,258,
11666,196,5,0.1,0.40000001,96,258,
11667,196,5,0.1,0.40000001,104,258,
11668,196,5,0.1,0.40000001,107,258,
11669,196,5,0.1,0.40000001,106,258,
11670,196,5,0.1,0.40000001,105,258,
11671,196,5,0.1,0.40000001,108,258,
11672,196,5,0.1,0.40000001,192,258,
11673,196,5,0.1,0.40000001,193,258,
11674,196,5,0.1,0.40000001,194,258,
11675,196,5,0.1,0.40000001,195,258,
11676,196,5,0.1,0.40000001,196,258,
11677,196,5,0.1,0.40000001,197,258,
11678,196,5,0.1,0.40000001,234,258,
11679,196,5,0.1,0.40000001,235,258,
11680,196,5,0.1,0.40000001,236,258,
11681,196,5,0.1,0.40000001,264,258,
11682,196,5,0.1,0.40000001,265,258,
11683,196,5,0.1,0.40000001,266,258,
11684,196,6,0.1,0.1,210,258,
11685,196,6,0.1,0.1,211,258,
11686,196,6,0.1,0.1,212,258,
11687,196,6,0.1,0.1,213,258,
11688,196,6,0.1,0.1,214,258,
11689,196,6,0.1,0.1,215,258,
11690,196,6,0.1,0.1,243,258,
11691,196,6,0.1,0.1,244,258,
11692,196,6,0.1,0.1,245,258,
11693,196,6,0.1,0.1,273,258,
11694,196,6,0.1,0.1,274,258,
11695,196,6,0.1,0.1,275,258,
11696,196,6,0.1,0.40000001,168,258,
11697,1034,1,0.60000002,0.1,423,250,
11698,1034,1,0.60000002,0.1,424,250,
11699,1034,1,0.60000002,0.1,425,250,
11700,1034,1,0.60000002,0.1,426,250,
11701,1034,1,0.60000002,0.1,427,250,
11702,1034,1,0.60000002,0.1,428,250,
11703,1034,1,0.60000002,0.1,428,250,
11704,1034,1,0.60000002,0.1,430,250,
11705,1034,1,0.60000002,0.1,431,250,
11706,195,1,89.400002,80,276,250,"150"
11707,195,2,0.60000002,0.30000001,350,250,
11708,195,2,0.60000002,0.30000001,356,250,
11709,195,2,0.60000002,0.30000001,353,250,
11710,195,2,0.60000002,0.30000001,359,250,
11711,195,2,0.60000002,0.30000001,362,250,
11712,195,2,0.60000002,0.30000001,330,250,
11713,195,2,0.60000002,0.30000001,331,250,
11714,195,2,0.60000002,0.30000001,337,250,
11715,195,2,0.60000002,0.30000001,338,250,
11716,195,2,0.60000002,0.30000001,339,250,
11717,195,2,0.60000002,0.30000001,340,250,
11718,195,2,0.60000002,0.30000001,341,250,
11719,195,2,0.60000002,0.1,367,250,
11720,195,2,0.60000002,0.1,368,250,
11721,195,2,0.60000002,0.1,369,250,
11722,195,2,0.60000002,0.1,370,250,
11723,195,2,0.60000002,0.1,371,250,
11724,195,2,0.60000002,0.1,342,250,
11725,195,2,0.60000002,0.1,343,250,
11726,195,2,0.60000002,0.1,344,250,
11727,195,2,0.60000002,0.1,345,250,
11728,195,2,0.60000002,0.1,346,250,
11729,195,2,0.60000002,0.1,347,250,
11730,195,2,0.60000002,4.8000002,376,250,
11731,195,2,0.60000002,4.8000002,377,250,
11732,195,3,1,2,378,250,
11733,195,3,1,2,376,250,
11734,195,3,1,2,377,250,
11735,195,3,1,2,466,250,
11736,195,3,1,2,312,250,
11737,195,3,1,2,296,250,
11738,195,3,1,2,465,250,
11739,195,4,0.1,0.1,375,250,
11740,195,4,0.1,0.1,374,250,
11741,195,5,0.1,0.40000001,98,250,
11742,195,5,0.1,0.40000001,101,250,
11743,195,5,0.1,0.40000001,100,250,
11744,195,5,0.1,0.40000001,99,250,
11745,195,5,0.1,0.40000001,102,250,
11746,195,5,0.1,0.40000001,92,250,
11747,195,5,0.1,0.40000001,95,250,
11748,195,5,0.1,0.40000001,94,250,
11749,195,5,0.1,0.40000001,93,250,
11750,195,5,0.1,0.40000001,96,250,
11751,195,5,0.1,0.40000001,104,250,
11752,195,5,0.1,0.40000001,107,250,
11753,195,5,0.1,0.40000001,106,250,
11754,195,5,0.1,0.40000001,105,250,
11755,195,5,0.1,0.40000001,108,250,
11756,195,5,0.1,0.40000001,192,250,
11757,195,5,0.1,0.40000001,193,250,
11758,195,5,0.1,0.40000001,194,250,
11759,195,5,0.1,0.40000001,195,250,
11760,195,5,0.1,0.40000001,196,250,
11761,195,5,0.1,0.40000001,197,250,
11762,195,5,0.1,0.40000001,234,250,
11763,195,5,0.1,0.40000001,235,250,
11764,195,5,0.1,0.40000001,236,250,
11765,195,5,0.1,0.40000001,264,250,
11766,195,5,0.1,0.40000001,265,250,
11767,195,5,0.1,0.40000001,266,250,
11768,195,6,0.1,0.1,204,250,
11769,195,6,0.1,0.1,205,250,
11770,195,6,0.1,0.1,206,250,
11771,195,6,0.1,0.1,207,250,
11772,195,6,0.1,0.1,208,250,
11773,195,6,0.1,0.1,209,250,
11774,195,6,0.1,0.1,240,250,
11775,195,6,0.1,0.1,241,250,
11776,195,6,0.1,0.1,242,250,
11777,195,6,0.1,0.1,270,250,
11778,195,6,0.1,0.1,271,250,
11779,195,6,0.1,0.1,272,250,
11780,195,6,0.1,0.2,134,250,
11781,195,6,0.1,0.2,137,250,
11782,195,6,0.1,0.2,136,250,
11783,195,6,0.1,0.2,135,250,
11784,195,6,0.1,0.2,138,250,
11785,195,6,0.1,0.2,128,250,
11786,195,6,0.1,0.2,131,250,
11787,195,6,0.1,0.2,130,250,
11788,195,6,0.1,0.2,129,250,
11789,195,6,0.1,0.2,132,250,
11790,195,6,0.1,0.2,140,250,
11791,195,6,0.1,0.2,143,250,
11792,195,6,0.1,0.2,142,250,
11793,195,6,0.1,0.2,141,250,
11794,195,6,0.1,0.2,144,250,
11795,195,6,0.1,0.40000001,168,250,
11796,197,1,90,80,276,259,"150"
11797,197,2,0.60000002,0.30000001,350,259,
11798,197,2,0.60000002,0.30000001,356,259,
11799,197,2,0.60000002,0.30000001,353,259,
11800,197,2,0.60000002,0.30000001,359,259,
11801,197,2,0.60000002,0.30000001,362,259,
11802,197,2,0.60000002,0.30000001,330,259,
11803,197,2,0.60000002,0.30000001,331,259,
11804,197,2,0.60000002,0.30000001,337,259,
11805,197,2,0.60000002,0.30000001,338,259,
11806,197,2,0.60000002,0.30000001,339,259,
11807,197,2,0.60000002,0.30000001,340,259,
11808,197,2,0.60000002,0.30000001,341,259,
11809,197,2,0.60000002,0.1,367,259,
11810,197,2,0.60000002,0.1,368,259,
11811,197,2,0.60000002,0.1,369,259,
11812,197,2,0.60000002,0.1,370,259,
11813,197,2,0.60000002,0.1,371,259,
11814,197,2,0.60000002,0.1,342,259,
11815,197,2,0.60000002,0.1,343,259,
11816,197,2,0.60000002,0.1,344,259,
11817,197,2,0.60000002,0.1,345,259,
11818,197,2,0.60000002,0.1,346,259,
11819,197,2,0.60000002,0.1,347,259,
11820,197,2,0.60000002,4.8000002,376,259,
11821,197,2,0.60000002,4.8000002,377,259,
11822,197,3,1,2,378,259,
11823,197,3,1,2,376,259,
11824,197,3,1,2,377,259,
11825,197,3,1,2,466,259,
11826,197,3,1,2,312,259,
11827,197,3,1,2,296,259,
11828,197,3,1,2,465,259,
11829,197,4,0.1,0.1,375,259,
11830,197,4,0.1,0.1,374,259,
11831,197,5,0.1,0.40000001,98,259,
11832,197,5,0.1,0.40000001,101,259,
11833,197,5,0.1,0.40000001,100,259,
11834,197,5,0.1,0.40000001,99,259,
11835,197,5,0.1,0.40000001,102,259,
11836,197,5,0.1,0.40000001,92,259,
11837,197,5,0.1,0.40000001,95,259,
11838,197,5,0.1,0.40000001,94,259,
11839,197,5,0.1,0.40000001,93,259,
11840,197,5,0.1,0.40000001,96,259,
11841,197,5,0.1,0.40000001,104,259,
11842,197,5,0.1,0.40000001,107,259,
11843,197,5,0.1,0.40000001,106,259,
11844,197,5,0.1,0.40000001,105,259,
11845,197,5,0.1,0.40000001,108,259,
11846,197,5,0.1,0.40000001,192,259,
11847,197,5,0.1,0.40000001,193,259,
11848,197,5,0.1,0.40000001,194,259,
11849,197,5,0.1,0.40000001,195,259,
11850,197,5,0.1,0.40000001,196,259,
11851,197,5,0.1,0.40000001,197,259,
11852,197,5,0.1,0.40000001,234,259,
11853,197,5,0.1,0.40000001,235,259,
11854,197,5,0.1,0.40000001,236,259,
11855,197,5,0.1,0.40000001,264,259,
11856,197,5,0.1,0.40000001,265,259,
11857,197,5,0.1,0.40000001,266,259,
11858,197,6,0.1,0.2,204,259,
11859,197,6,0.1,0.2,205,259,
11860,197,6,0.1,0.2,206,259,
11861,197,6,0.1,0.2,207,259,
11862,197,6,0.1,0.2,208,259,
11863,197,6,0.1,0.2,209,259,
11864,197,6,0.1,0.2,240,259,
11865,197,6,0.1,0.2,241,259,
11866,197,6,0.1,0.2,242,259,
11867,197,6,0.1,0.2,270,259,
11868,197,6,0.1,0.2,271,259,
11869,197,6,0.1,0.2,272,259,
11870,197,6,0.1,0.2,134,259,
11871,197,6,0.1,0.2,137,259,
11872,197,6,0.1,0.2,136,259,
11873,197,6,0.1,0.2,135,259,
11874,197,6,0.1,0.2,138,259,
11875,197,6,0.1,0.2,128,259,
11876,197,6,0.1,0.2,131,259,
11877,197,6,0.1,0.2,130,259,
11878,197,6,0.1,0.2,129,259,
11879,197,6,0.1,0.2,132,259,
11880,197,6,0.1,0.2,140,259,
11881,197,6,0.1,0.2,143,259,
11882,197,6,0.1,0.2,142,259,
11883,197,6,0.1,0.2,141,259,
11884,197,6,0.1,0.2,144,259,
11885,197,6,0.1,0.1,210,259,
11886,197,6,0.1,0.1,211,259,
11887,197,6,0.1,0.1,212,259,
11888,197,6,0.1,0.1,213,259,
11889,197,6,0.1,0.1,214,259,
11890,197,6,0.1,0.1,215,259,
11891,197,6,0.1,0.1,243,259,
11892,197,6,0.1,0.1,244,259,
11893,197,6,0.1,0.1,245,259,
11894,197,6,0.1,0.1,273,259,
11895,197,6,0.1,0.1,274,259,
11896,197,6,0.1,0.1,275,259,
11897,197,6,0.1,0.60000002,168,259,
11898,199,1,73,100,276,260,"100000"
11899,199,2,17,10,276,260,"100000"
11900,199,2,17,6,116,260,
11901,199,2,17,6,119,260,
11902,199,2,17,6,118,260,
11903,199,2,17,6,117,260,
11904,199,2,17,6,120,260,
11905,199,2,17,6,110,260,
11906,199,2,17,6,110,260,
11907,199,2,17,6,112,260,
11908,199,2,17,6,111,260,
11909,199,2,17,6,114,260,
11910,199,2,17,6,122,260,
11911,199,2,17,6,125,260,
11912,199,2,17,6,124,260,
11913,199,2,17,6,123,260,
11914,199,2,17,6,126,260,
11915,199,3,7,10,276,260,"150000"
11916,199,3,7,6,134,260,
11917,199,3,7,6,137,260,
11918,199,3,7,6,136,260,
11919,199,3,7,6,135,260,
11920,199,3,7,6,138,260,
11921,199,3,7,6,128,260,
11922,199,3,7,6,131,260,
11923,199,3,7,6,130,260,
11924,199,3,7,6,129,260,
11925,199,3,7,6,132,260,
11926,199,3,7,6,140,260,
11927,199,3,7,6,143,260,
11928,199,3,7,6,142,260,
11929,199,3,7,6,141,260,
11930,199,3,7,6,144,260,
