ita_azon,attribute_ordinal,attribute,values_json,provenance,source_file,source_line
1,1,aspeed,"[""700""]",bango-file,inititem.dat,3
1,2,Attack,"[""3"",""10""]",bango-file,inititem.dat,3
1,3,hit,"[""15""]",bango-file,inititem.dat,3
2,1,aspeed,"[""700""]",bango-file,inititem.dat,6
2,2,Attack,"[""16"",""24""]",bango-file,inititem.dat,6
2,3,hit,"[""18""]",bango-file,inititem.dat,6
3,1,aspeed,"[""700""]",bango-file,inititem.dat,9
3,2,Attack,"[""25"",""37""]",bango-file,inititem.dat,9
3,3,hit,"[""21""]",bango-file,inititem.dat,9
4,1,aspeed,"[""700""]",bango-file,inititem.dat,12
4,2,Attack,"[""34"",""49""]",bango-file,inititem.dat,12
4,3,hit,"[""25""]",bango-file,inititem.dat,12
5,1,aspeed,"[""700""]",bango-file,inititem.dat,15
5,2,Attack,"[""45"",""65""]",bango-file,inititem.dat,15
5,3,hit,"[""29""]",bango-file,inititem.dat,15
6,1,defense,"[""12""]",bango-file,inititem.dat,20
6,2,dodge,"[""1""]",bango-file,inititem.dat,20
6,3,absorb,"[""1""]",bango-file,inititem.dat,20
7,1,defense,"[""5""]",bango-file,inititem.dat,23
7,2,dodge,"[""1""]",bango-file,inititem.dat,23
7,3,absorb,"[""1""]",bango-file,inititem.dat,23
8,1,defense,"[""7""]",bango-file,inititem.dat,26
8,2,dodge,"[""1""]",bango-file,inititem.dat,26
9,1,defense,"[""3""]",bango-file,inititem.dat,29
9,2,dodge,"[""4""]",bango-file,inititem.dat,29
9,3,absorb,"[""1""]",bango-file,inititem.dat,29
10,1,defense,"[""3""]",bango-file,inititem.dat,32
10,2,dodge,"[""5""]",bango-file,inititem.dat,32
11,1,defense,"[""15""]",bango-file,inititem.dat,35
11,2,dodge,"[""3""]",bango-file,inititem.dat,35
11,3,absorb,"[""2""]",bango-file,inititem.dat,35
12,1,defense,"[""10""]",bango-file,inititem.dat,38
12,2,dodge,"[""3""]",bango-file,inititem.dat,38
12,3,absorb,"[""1""]",bango-file,inititem.dat,38
13,1,defense,"[""11""]",bango-file,inititem.dat,41
13,2,dodge,"[""2""]",bango-file,inititem.dat,41
14,1,defense,"[""8""]",bango-file,inititem.dat,44
14,2,dodge,"[""8""]",bango-file,inititem.dat,44
14,3,absorb,"[""1""]",bango-file,inititem.dat,44
15,1,defense,"[""7""]",bango-file,inititem.dat,47
15,2,dodge,"[""9""]",bango-file,inititem.dat,47
16,1,defense,"[""22""]",bango-file,inititem.dat,50
16,2,dodge,"[""4""]",bango-file,inititem.dat,50
16,3,absorb,"[""2""]",bango-file,inititem.dat,50
17,1,defense,"[""14""]",bango-file,inititem.dat,53
17,2,dodge,"[""4""]",bango-file,inititem.dat,53
17,3,absorb,"[""1""]",bango-file,inititem.dat,53
18,1,defense,"[""15""]",bango-file,inititem.dat,56
18,2,dodge,"[""3""]",bango-file,inititem.dat,56
19,1,defense,"[""12""]",bango-file,inititem.dat,59
19,2,dodge,"[""11""]",bango-file,inititem.dat,59
19,3,absorb,"[""2""]",bango-file,inititem.dat,59
20,1,defense,"[""12""]",bango-file,inititem.dat,62
20,2,dodge,"[""11""]",bango-file,inititem.dat,62
21,1,aspeed,"[""700""]",bango-file,inititem.dat,65
21,2,Attack,"[""55"",""80""]",bango-file,inititem.dat,65
21,3,hit,"[""38""]",bango-file,inititem.dat,65
22,1,aspeed,"[""800""]",bango-file,inititem.dat,70
22,2,Attack,"[""2"",""7""]",bango-file,inititem.dat,70
22,3,hit,"[""12""]",bango-file,inititem.dat,70
23,1,aspeed,"[""800""]",bango-file,inititem.dat,73
23,2,Attack,"[""14"",""22""]",bango-file,inititem.dat,73
23,3,hit,"[""17""]",bango-file,inititem.dat,73
24,1,aspeed,"[""800""]",bango-file,inititem.dat,76
24,2,Attack,"[""20"",""31""]",bango-file,inititem.dat,76
24,3,hit,"[""19""]",bango-file,inititem.dat,76
25,1,aspeed,"[""800""]",bango-file,inititem.dat,79
25,2,Attack,"[""26"",""40""]",bango-file,inititem.dat,79
25,3,hit,"[""24""]",bango-file,inititem.dat,79
26,1,aspeed,"[""800""]",bango-file,inititem.dat,82
26,2,Attack,"[""35"",""51""]",bango-file,inititem.dat,82
26,3,hit,"[""28""]",bango-file,inititem.dat,82
27,1,aspeed,"[""800""]",bango-file,inititem.dat,85
27,2,Attack,"[""43"",""56""]",bango-file,inititem.dat,85
27,3,hit,"[""36""]",bango-file,inititem.dat,85
28,1,dodge,"[""2""]",bango-file,inititem.dat,90
29,1,dodge,"[""4""]",bango-file,inititem.dat,93
30,1,dodge,"[""6""]",bango-file,inititem.dat,96
32,1,defense,"[""9""]",bango-file,inititem.dat,106
32,2,dodge,"[""0""]",bango-file,inititem.dat,106
33,1,defense,"[""4""]",bango-file,inititem.dat,109
33,2,dodge,"[""2""]",bango-file,inititem.dat,109
34,1,defense,"[""4""]",bango-file,inititem.dat,112
34,2,dodge,"[""1""]",bango-file,inititem.dat,112
35,1,defense,"[""4""]",bango-file,inititem.dat,115
35,2,dodge,"[""5""]",bango-file,inititem.dat,115
36,1,defense,"[""2""]",bango-file,inititem.dat,118
36,2,dodge,"[""7""]",bango-file,inititem.dat,118
37,1,defense,"[""12""]",bango-file,inititem.dat,121
37,2,dodge,"[""0""]",bango-file,inititem.dat,121
38,1,defense,"[""9""]",bango-file,inititem.dat,124
38,2,dodge,"[""2""]",bango-file,inititem.dat,124
39,1,defense,"[""8""]",bango-file,inititem.dat,127
39,2,dodge,"[""1""]",bango-file,inititem.dat,127
40,1,defense,"[""8""]",bango-file,inititem.dat,130
40,2,dodge,"[""10""]",bango-file,inititem.dat,130
41,1,defense,"[""5""]",bango-file,inititem.dat,133
41,2,dodge,"[""12""]",bango-file,inititem.dat,133
42,1,defense,"[""16""]",bango-file,inititem.dat,136
42,2,dodge,"[""2""]",bango-file,inititem.dat,136
42,3,absorb,"[""1""]",bango-file,inititem.dat,136
43,1,defense,"[""13""]",bango-file,inititem.dat,139
43,2,dodge,"[""3""]",bango-file,inititem.dat,139
44,1,defense,"[""11""]",bango-file,inititem.dat,142
44,2,dodge,"[""2""]",bango-file,inititem.dat,142
45,1,defense,"[""11""]",bango-file,inititem.dat,145
45,2,dodge,"[""13""]",bango-file,inititem.dat,145
46,1,defense,"[""9""]",bango-file,inititem.dat,148
46,2,dodge,"[""15""]",bango-file,inititem.dat,148
47,1,refresh,"[""hp"",""100""]",bango-file,inititem.dat,153
48,1,refresh,"[""hp"",""300""]",bango-file,inititem.dat,156
49,1,defense,"[""27""]",bango-file,inititem.dat,161
49,2,dodge,"[""5""]",bango-file,inititem.dat,161
49,3,absorb,"[""3""]",bango-file,inititem.dat,161
50,1,defense,"[""22""]",bango-file,inititem.dat,164
50,2,dodge,"[""5""]",bango-file,inititem.dat,164
50,3,absorb,"[""1""]",bango-file,inititem.dat,164
51,1,defense,"[""21""]",bango-file,inititem.dat,167
51,2,dodge,"[""3""]",bango-file,inititem.dat,167
52,1,defense,"[""18""]",bango-file,inititem.dat,170
52,2,dodge,"[""13""]",bango-file,inititem.dat,170
52,3,absorb,"[""2""]",bango-file,inititem.dat,170
53,1,defense,"[""17""]",bango-file,inititem.dat,173
53,2,dodge,"[""14""]",bango-file,inititem.dat,173
54,1,defense,"[""24""]",bango-file,inititem.dat,176
54,2,dodge,"[""3""]",bango-file,inititem.dat,176
54,3,absorb,"[""1""]",bango-file,inititem.dat,176
55,1,defense,"[""19""]",bango-file,inititem.dat,179
55,2,dodge,"[""3""]",bango-file,inititem.dat,179
56,1,defense,"[""15""]",bango-file,inititem.dat,182
56,2,dodge,"[""2""]",bango-file,inititem.dat,182
57,1,defense,"[""15""]",bango-file,inititem.dat,185
57,2,dodge,"[""18""]",bango-file,inititem.dat,185
58,1,defense,"[""12""]",bango-file,inititem.dat,188
58,2,dodge,"[""19""]",bango-file,inititem.dat,188
59,1,aspeed,"[""700""]",bango-file,inititem.dat,193
59,2,Attack,"[""51"",""75""]",bango-file,inititem.dat,193
59,3,hit,"[""33""]",bango-file,inititem.dat,193
60,1,aspeed,"[""700""]",bango-file,inititem.dat,196
60,2,Attack,"[""63"",""94""]",bango-file,inititem.dat,196
60,3,hit,"[""43""]",bango-file,inititem.dat,196
61,1,aspeed,"[""700""]",bango-file,inititem.dat,199
61,2,Attack,"[""72"",""96""]",bango-file,inititem.dat,199
61,3,hit,"[""48""]",bango-file,inititem.dat,199
62,1,aspeed,"[""800""]",bango-file,inititem.dat,202
62,2,Attack,"[""41"",""59""]",bango-file,inititem.dat,202
62,3,hit,"[""32""]",bango-file,inititem.dat,202
63,1,aspeed,"[""800""]",bango-file,inititem.dat,205
63,2,Attack,"[""51"",""74""]",bango-file,inititem.dat,205
63,3,hit,"[""40""]",bango-file,inititem.dat,205
64,1,aspeed,"[""800""]",bango-file,inititem.dat,208
64,2,Attack,"[""60"",""83""]",bango-file,inititem.dat,208
64,3,hit,"[""44""]",bango-file,inititem.dat,208
65,1,dodge,"[""3""]",bango-file,inititem.dat,211
66,1,dodge,"[""7""]",bango-file,inititem.dat,214
67,1,dodge,"[""8""]",bango-file,inititem.dat,217
68,1,dodge,"[""11""]",bango-file,inititem.dat,220
69,1,dodge,"[""12""]",bango-file,inititem.dat,223
70,1,defense,"[""7""]",bango-file,inititem.dat,228
70,2,dodge,"[""3""]",bango-file,inititem.dat,228
71,1,defense,"[""5""]",bango-file,inititem.dat,231
71,2,dodge,"[""4""]",bango-file,inititem.dat,231
72,1,defense,"[""3""]",bango-file,inititem.dat,234
72,2,dodge,"[""2""]",bango-file,inititem.dat,234
73,1,defense,"[""4""]",bango-file,inititem.dat,237
73,2,dodge,"[""6""]",bango-file,inititem.dat,237
74,1,defense,"[""1""]",bango-file,inititem.dat,240
74,2,dodge,"[""5""]",bango-file,inititem.dat,240
75,1,defense,"[""10""]",bango-file,inititem.dat,243
75,2,dodge,"[""5""]",bango-file,inititem.dat,243
75,3,resistfire,"[""2""]",bango-file,inititem.dat,243
75,4,resistice,"[""2""]",bango-file,inititem.dat,243
75,5,resistlitning,"[""2""]",bango-file,inititem.dat,243
76,1,defense,"[""7""]",bango-file,inititem.dat,246
76,2,dodge,"[""5""]",bango-file,inititem.dat,246
76,3,resistfire,"[""1""]",bango-file,inititem.dat,246
76,4,resistice,"[""1""]",bango-file,inititem.dat,246
76,5,resistlitning,"[""1""]",bango-file,inititem.dat,246
77,1,defense,"[""6""]",bango-file,inititem.dat,249
77,2,dodge,"[""3""]",bango-file,inititem.dat,249
78,1,defense,"[""6""]",bango-file,inititem.dat,252
78,2,dodge,"[""8""]",bango-file,inititem.dat,252
79,1,defense,"[""4""]",bango-file,inititem.dat,255
79,2,dodge,"[""9""]",bango-file,inititem.dat,255
80,1,defense,"[""13""]",bango-file,inititem.dat,258
80,2,dodge,"[""7""]",bango-file,inititem.dat,258
80,3,resistfire,"[""3""]",bango-file,inititem.dat,258
80,4,resistice,"[""3""]",bango-file,inititem.dat,258
80,5,resistlitning,"[""3""]",bango-file,inititem.dat,258
81,1,defense,"[""9""]",bango-file,inititem.dat,261
81,2,dodge,"[""5""]",bango-file,inititem.dat,261
81,3,resistfire,"[""2""]",bango-file,inititem.dat,261
81,4,resistice,"[""2""]",bango-file,inititem.dat,261
81,5,resistlitning,"[""2""]",bango-file,inititem.dat,261
82,1,defense,"[""8""]",bango-file,inititem.dat,264
82,2,dodge,"[""4""]",bango-file,inititem.dat,264
82,3,resistfire,"[""1""]",bango-file,inititem.dat,264
82,4,resistice,"[""1""]",bango-file,inititem.dat,264
82,5,resistlitning,"[""1""]",bango-file,inititem.dat,264
83,1,defense,"[""9""]",bango-file,inititem.dat,267
83,2,dodge,"[""12""]",bango-file,inititem.dat,267
84,1,defense,"[""6""]",bango-file,inititem.dat,270
84,2,dodge,"[""12""]",bango-file,inititem.dat,270
85,1,defense,"[""16""]",bango-file,inititem.dat,273
85,2,dodge,"[""8""]",bango-file,inititem.dat,273
85,3,resistfire,"[""4""]",bango-file,inititem.dat,273
85,4,resistice,"[""4""]",bango-file,inititem.dat,273
85,5,resistlitning,"[""4""]",bango-file,inititem.dat,273
86,1,defense,"[""13""]",bango-file,inititem.dat,276
86,2,dodge,"[""7""]",bango-file,inititem.dat,276
86,3,resistfire,"[""3""]",bango-file,inititem.dat,276
86,4,resistice,"[""3""]",bango-file,inititem.dat,276
86,5,resistlitning,"[""3""]",bango-file,inititem.dat,276
87,1,defense,"[""11""]",bango-file,inititem.dat,279
87,2,dodge,"[""7""]",bango-file,inititem.dat,279
87,3,resistfire,"[""2""]",bango-file,inititem.dat,279
87,4,resistice,"[""2""]",bango-file,inititem.dat,279
87,5,resistlitning,"[""2""]",bango-file,inititem.dat,279
88,1,defense,"[""12""]",bango-file,inititem.dat,282
88,2,dodge,"[""14""]",bango-file,inititem.dat,282
88,3,resistfire,"[""1""]",bango-file,inititem.dat,282
88,4,resistice,"[""1""]",bango-file,inititem.dat,282
88,5,resistlitning,"[""1""]",bango-file,inititem.dat,282
89,1,defense,"[""8""]",bango-file,inititem.dat,285
89,2,dodge,"[""16""]",bango-file,inititem.dat,285
90,1,aspeed,"[""1000""]",bango-file,inititem.dat,290
90,2,Attack,"[""1"",""8""]",bango-file,inititem.dat,290
90,3,Magic,"[""2"",""12""]",bango-file,inititem.dat,290
90,4,hit,"[""12""]",bango-file,inititem.dat,290
91,1,aspeed,"[""1000""]",bango-file,inititem.dat,293
91,2,Attack,"[""7"",""14""]",bango-file,inititem.dat,293
91,3,Magic,"[""10"",""20""]",bango-file,inititem.dat,293
91,4,hit,"[""16""]",bango-file,inititem.dat,293
92,1,aspeed,"[""1000""]",bango-file,inititem.dat,296
92,2,Attack,"[""13"",""20""]",bango-file,inititem.dat,296
92,3,Magic,"[""19"",""31""]",bango-file,inititem.dat,296
92,4,hit,"[""20""]",bango-file,inititem.dat,296
93,1,aspeed,"[""1000""]",bango-file,inititem.dat,299
93,2,Attack,"[""20"",""27""]",bango-file,inititem.dat,299
93,3,Magic,"[""28"",""42""]",bango-file,inititem.dat,299
93,4,hit,"[""21""]",bango-file,inititem.dat,299
94,1,aspeed,"[""1000""]",bango-file,inititem.dat,302
94,2,Attack,"[""25"",""32""]",bango-file,inititem.dat,302
94,3,Magic,"[""40"",""56""]",bango-file,inititem.dat,302
94,4,hit,"[""26""]",bango-file,inititem.dat,302
95,1,aspeed,"[""1000""]",bango-file,inititem.dat,305
95,2,Attack,"[""33"",""40""]",bango-file,inititem.dat,305
95,3,Magic,"[""52"",""68""]",bango-file,inititem.dat,305
95,4,hit,"[""30""]",bango-file,inititem.dat,305
96,1,aspeed,"[""1000""]",bango-file,inititem.dat,308
96,2,Attack,"[""37"",""44""]",bango-file,inititem.dat,308
96,3,Magic,"[""58"",""78""]",bango-file,inititem.dat,308
96,4,hit,"[""35""]",bango-file,inititem.dat,308
97,1,aspeed,"[""1000""]",bango-file,inititem.dat,311
97,2,Attack,"[""44"",""51""]",bango-file,inititem.dat,311
97,3,Magic,"[""70"",""92""]",bango-file,inititem.dat,311
97,4,hit,"[""39""]",bango-file,inititem.dat,311
98,1,aspeed,"[""1000""]",bango-file,inititem.dat,314
98,2,Attack,"[""52"",""59""]",bango-file,inititem.dat,314
98,3,Magic,"[""79"",""103""]",bango-file,inititem.dat,314
98,4,hit,"[""43""]",bango-file,inititem.dat,314
99,1,aspeed,"[""700""]",bango-file,inititem.dat,319
99,2,Attack,"[""79"",""117""]",bango-file,inititem.dat,319
99,3,hit,"[""54""]",bango-file,inititem.dat,319
100,1,aspeed,"[""700""]",bango-file,inititem.dat,322
100,2,Attack,"[""74"",""184""]",bango-file,inititem.dat,322
100,3,hit,"[""55""]",bango-file,inititem.dat,322
101,1,aspeed,"[""700""]",bango-file,inititem.dat,325
101,2,Attack,"[""98"",""139""]",bango-file,inititem.dat,325
101,3,hit,"[""67""]",bango-file,inititem.dat,325
102,1,aspeed,"[""700""]",bango-file,inititem.dat,328
102,2,Attack,"[""104"",""146""]",bango-file,inititem.dat,328
102,3,hit,"[""60""]",bango-file,inititem.dat,328
103,1,aspeed,"[""700""]",bango-file,inititem.dat,331
103,2,Hth,"[""1""]",bango-file,inititem.dat,331
103,3,Attack,"[""122"",""152""]",bango-file,inititem.dat,331
103,4,hp,"[""150""]",bango-file,inititem.dat,331
103,5,hit,"[""62""]",bango-file,inititem.dat,331
104,1,aspeed,"[""700""]",bango-file,inititem.dat,334
104,2,Dex,"[""1""]",bango-file,inititem.dat,334
104,3,Attack,"[""80"",""204""]",bango-file,inititem.dat,334
104,4,hp,"[""100""]",bango-file,inititem.dat,334
104,5,mp,"[""50""]",bango-file,inititem.dat,334
104,6,hit,"[""68""]",bango-file,inititem.dat,334
105,1,aspeed,"[""800""]",bango-file,inititem.dat,337
105,2,Attack,"[""65"",""93""]",bango-file,inititem.dat,337
105,3,hit,"[""49""]",bango-file,inititem.dat,337
106,1,aspeed,"[""800""]",bango-file,inititem.dat,342
106,2,Attack,"[""58"",""151""]",bango-file,inititem.dat,342
106,3,hit,"[""50""]",bango-file,inititem.dat,342
107,1,aspeed,"[""800""]",bango-file,inititem.dat,345
107,2,Attack,"[""76"",""109""]",bango-file,inititem.dat,345
107,3,hit,"[""62""]",bango-file,inititem.dat,345
108,1,aspeed,"[""800""]",bango-file,inititem.dat,348
108,2,Attack,"[""85"",""118""]",bango-file,inititem.dat,348
108,3,hit,"[""54""]",bango-file,inititem.dat,348
109,1,aspeed,"[""800""]",bango-file,inititem.dat,351
109,2,Hth,"[""1""]",bango-file,inititem.dat,351
109,3,Attack,"[""100"",""128""]",bango-file,inititem.dat,351
109,4,hp,"[""150""]",bango-file,inititem.dat,351
109,5,hit,"[""60""]",bango-file,inititem.dat,351
110,1,aspeed,"[""800""]",bango-file,inititem.dat,354
110,2,Dex,"[""1""]",bango-file,inititem.dat,354
110,3,Attack,"[""72"",""182""]",bango-file,inititem.dat,354
110,4,hp,"[""100""]",bango-file,inititem.dat,354
110,5,mp,"[""50""]",bango-file,inititem.dat,354
110,6,hit,"[""65""]",bango-file,inititem.dat,354
111,1,aspeed,"[""1000""]",bango-file,inititem.dat,359
111,2,Attack,"[""60"",""67""]",bango-file,inititem.dat,359
111,3,Magic,"[""91"",""117""]",bango-file,inititem.dat,359
111,4,hit,"[""46""]",bango-file,inititem.dat,359
112,1,aspeed,"[""1000""]",bango-file,inititem.dat,362
112,2,Int,"[""3""]",bango-file,inititem.dat,362
112,3,Dex,"[""3""]",bango-file,inititem.dat,362
112,4,Attack,"[""26"",""43""]",bango-file,inititem.dat,362
112,5,Magic,"[""82"",""191""]",bango-file,inititem.dat,362
112,6,hit,"[""42""]",bango-file,inititem.dat,362
113,1,aspeed,"[""1000""]",bango-file,inititem.dat,365
113,2,Wis,"[""5""]",bango-file,inititem.dat,365
113,3,Dex,"[""2""]",bango-file,inititem.dat,365
113,4,Attack,"[""95"",""117""]",bango-file,inititem.dat,365
113,5,Magic,"[""84"",""93""]",bango-file,inititem.dat,365
113,6,mp,"[""150""]",bango-file,inititem.dat,365
113,7,hit,"[""72""]",bango-file,inititem.dat,365
114,1,aspeed,"[""1000""]",bango-file,inititem.dat,368
114,2,Attack,"[""78"",""85""]",bango-file,inititem.dat,368
114,3,Magic,"[""117"",""146""]",bango-file,inititem.dat,368
114,4,hit,"[""50""]",bango-file,inititem.dat,368
115,1,aspeed,"[""1000""]",bango-file,inititem.dat,371
115,2,Hth,"[""2""]",bango-file,inititem.dat,371
115,3,Attack,"[""78"",""89""]",bango-file,inititem.dat,371
115,4,Magic,"[""124"",""160""]",bango-file,inititem.dat,371
115,5,hp,"[""150""]",bango-file,inititem.dat,371
115,6,hit,"[""58""]",bango-file,inititem.dat,371
116,1,aspeed,"[""1000""]",bango-file,inititem.dat,374
116,2,Int,"[""2""]",bango-file,inititem.dat,374
116,3,Attack,"[""75"",""92""]",bango-file,inititem.dat,374
116,4,Magic,"[""93"",""225""]",bango-file,inititem.dat,374
116,5,hp,"[""100""]",bango-file,inititem.dat,374
116,6,mp,"[""50""]",bango-file,inititem.dat,374
116,7,hit,"[""54""]",bango-file,inititem.dat,374
117,1,defense,"[""35""]",bango-file,inititem.dat,379
117,2,dodge,"[""6""]",bango-file,inititem.dat,379
117,3,absorb,"[""4""]",bango-file,inititem.dat,379
118,1,defense,"[""29""]",bango-file,inititem.dat,382
118,2,dodge,"[""7""]",bango-file,inititem.dat,382
118,3,absorb,"[""1""]",bango-file,inititem.dat,382
119,1,defense,"[""29""]",bango-file,inititem.dat,385
119,2,dodge,"[""4""]",bango-file,inititem.dat,385
120,1,defense,"[""23""]",bango-file,inititem.dat,388
120,2,dodge,"[""17""]",bango-file,inititem.dat,388
120,3,absorb,"[""2""]",bango-file,inititem.dat,388
121,1,defense,"[""22""]",bango-file,inititem.dat,391
121,2,dodge,"[""16""]",bango-file,inititem.dat,391
122,1,defense,"[""35""]",bango-file,inititem.dat,394
122,2,dodge,"[""4""]",bango-file,inititem.dat,394
122,3,absorb,"[""2""]",bango-file,inititem.dat,394
123,1,defense,"[""23""]",bango-file,inititem.dat,397
123,2,dodge,"[""4""]",bango-file,inititem.dat,397
124,1,defense,"[""21""]",bango-file,inititem.dat,400
124,2,dodge,"[""5""]",bango-file,inititem.dat,400
125,1,defense,"[""22""]",bango-file,inititem.dat,403
125,2,dodge,"[""22""]",bango-file,inititem.dat,403
126,1,defense,"[""14""]",bango-file,inititem.dat,406
126,2,dodge,"[""25""]",bango-file,inititem.dat,406
127,1,defense,"[""21""]",bango-file,inititem.dat,409
127,2,dodge,"[""8""]",bango-file,inititem.dat,409
127,3,resistfire,"[""5""]",bango-file,inititem.dat,409
127,4,resistice,"[""5""]",bango-file,inititem.dat,409
127,5,resistlitning,"[""5""]",bango-file,inititem.dat,409
127,6,resistcurse,"[""2""]",bango-file,inititem.dat,409
127,7,resistpalsy,"[""2""]",bango-file,inititem.dat,409
128,1,defense,"[""17""]",bango-file,inititem.dat,412
128,2,dodge,"[""7""]",bango-file,inititem.dat,412
128,3,resistfire,"[""4""]",bango-file,inititem.dat,412
128,4,resistice,"[""4""]",bango-file,inititem.dat,412
128,5,resistlitning,"[""4""]",bango-file,inititem.dat,412
128,6,resistcurse,"[""1""]",bango-file,inititem.dat,412
128,7,resistpalsy,"[""1""]",bango-file,inititem.dat,412
129,1,defense,"[""15""]",bango-file,inititem.dat,415
129,2,dodge,"[""7""]",bango-file,inititem.dat,415
129,3,resistfire,"[""3""]",bango-file,inititem.dat,415
129,4,resistice,"[""3""]",bango-file,inititem.dat,415
129,5,resistlitning,"[""3""]",bango-file,inititem.dat,415
129,6,resistcurse,"[""1""]",bango-file,inititem.dat,415
129,7,resistpalsy,"[""1""]",bango-file,inititem.dat,415
130,1,defense,"[""16""]",bango-file,inititem.dat,418
130,2,dodge,"[""18""]",bango-file,inititem.dat,418
130,3,resistfire,"[""2""]",bango-file,inititem.dat,418
130,4,resistice,"[""2""]",bango-file,inititem.dat,418
130,5,resistlitning,"[""2""]",bango-file,inititem.dat,418
130,6,resistcurse,"[""1""]",bango-file,inititem.dat,418
130,7,resistpalsy,"[""1""]",bango-file,inititem.dat,418
131,1,defense,"[""11""]",bango-file,inititem.dat,421
131,2,dodge,"[""20""]",bango-file,inititem.dat,421
131,3,resistfire,"[""1""]",bango-file,inititem.dat,421
131,4,resistice,"[""1""]",bango-file,inititem.dat,421
131,5,resistlitning,"[""1""]",bango-file,inititem.dat,421
187,1,teleport,"[""0"",""0""]",bango-file,inititem.dat,593
188,1,teleport,"[""0"",""1""]",bango-file,inititem.dat,596
189,1,teleport,"[""0"",""2""]",bango-file,inititem.dat,599
190,1,teleport,"[""0"",""3""]",bango-file,inititem.dat,602
191,1,teleport,"[""0"",""4""]",bango-file,inititem.dat,605
192,1,teleport,"[""1"",""0""]",bango-file,inititem.dat,608
193,1,teleport,"[""1"",""1""]",bango-file,inititem.dat,611
194,1,teleport,"[""1"",""2""]",bango-file,inititem.dat,614
195,1,teleport,"[""1"",""3""]",bango-file,inititem.dat,617
196,1,teleport,"[""1"",""4""]",bango-file,inititem.dat,620
202,1,Str,"[""1""]",bango-file,inititem.dat,629
202,2,hp,"[""280""]",bango-file,inititem.dat,629
202,3,mp,"[""40""]",bango-file,inititem.dat,629
203,1,Dex,"[""1""]",bango-file,inititem.dat,632
203,2,hp,"[""180""]",bango-file,inititem.dat,632
203,3,mp,"[""140""]",bango-file,inititem.dat,632
204,1,Wis,"[""1""]",bango-file,inititem.dat,635
204,2,hp,"[""20""]",bango-file,inititem.dat,635
204,3,mp,"[""300""]",bango-file,inititem.dat,635
218,1,charming,"[""xattack""]",bango-file,inititem.dat,681
219,1,charming,"[""xmagic""]",bango-file,inititem.dat,684
220,1,charming,"[""xhit""]",bango-file,inititem.dat,687
221,1,charming,"[""xdefense""]",bango-file,inititem.dat,690
222,1,charming,"[""xdodge""]",bango-file,inititem.dat,693
223,1,repair,"[""0"",""1""]",bango-file,inititem.dat,696
224,1,repair,"[""0"",""1""]",bango-file,inititem.dat,699
237,1,refresh,"[""hp"",""300""]",bango-file,inititem.dat,742
239,1,refresh,"[""hp"",""300""]",bango-file,inititem.dat,748
240,1,refresh,"[""hp"",""300""]",bango-file,inititem.dat,751
241,1,refresh,"[""hp"",""300""]",bango-file,inititem.dat,754
242,1,aspeed,"[""700""]",bango-file,inititem.dat,759
242,2,Str,"[""1""]",bango-file,inititem.dat,759
242,3,Hth,"[""2""]",bango-file,inititem.dat,759
242,4,Attack,"[""147"",""187""]",bango-file,inititem.dat,759
242,5,hp,"[""200""]",bango-file,inititem.dat,759
242,6,hit,"[""72""]",bango-file,inititem.dat,759
243,1,aspeed,"[""700""]",bango-file,inititem.dat,762
243,2,Str,"[""3""]",bango-file,inititem.dat,762
243,3,Attack,"[""163"",""203""]",bango-file,inititem.dat,762
243,4,hp,"[""150""]",bango-file,inititem.dat,762
243,5,hit,"[""68""]",bango-file,inititem.dat,762
244,1,aspeed,"[""700""]",bango-file,inititem.dat,765
244,2,Str,"[""1""]",bango-file,inititem.dat,765
244,3,Hth,"[""2""]",bango-file,inititem.dat,765
244,4,Dex,"[""1""]",bango-file,inititem.dat,765
244,5,Attack,"[""132"",""172""]",bango-file,inititem.dat,765
244,6,hp,"[""100""]",bango-file,inititem.dat,765
244,7,mp,"[""50""]",bango-file,inititem.dat,765
244,8,hit,"[""76""]",bango-file,inititem.dat,765
245,1,aspeed,"[""800""]",bango-file,inititem.dat,768
245,2,Dex,"[""3""]",bango-file,inititem.dat,768
245,3,Attack,"[""112"",""182""]",bango-file,inititem.dat,768
245,4,hp,"[""150""]",bango-file,inititem.dat,768
245,5,hit,"[""70""]",bango-file,inititem.dat,768
246,1,aspeed,"[""800""]",bango-file,inititem.dat,771
246,2,Dex,"[""3""]",bango-file,inititem.dat,771
246,3,Attack,"[""127"",""197""]",bango-file,inititem.dat,771
246,4,hp,"[""100""]",bango-file,inititem.dat,771
246,5,mp,"[""50""]",bango-file,inititem.dat,771
246,6,hit,"[""68""]",bango-file,inititem.dat,771
247,1,aspeed,"[""800""]",bango-file,inititem.dat,774
247,2,Str,"[""1""]",bango-file,inititem.dat,774
247,3,Dex,"[""3""]",bango-file,inititem.dat,774
247,4,Attack,"[""97"",""167""]",bango-file,inititem.dat,774
247,5,hp,"[""100""]",bango-file,inititem.dat,774
247,6,hit,"[""72""]",bango-file,inititem.dat,774
248,1,aspeed,"[""1000""]",bango-file,inititem.dat,777
248,2,Int,"[""3""]",bango-file,inititem.dat,777
248,3,Attack,"[""109"",""119""]",bango-file,inititem.dat,777
248,4,Magic,"[""135"",""225""]",bango-file,inititem.dat,777
248,5,hp,"[""150""]",bango-file,inititem.dat,777
248,6,hit,"[""60""]",bango-file,inititem.dat,777
249,1,aspeed,"[""1000""]",bango-file,inititem.dat,780
249,2,Wis,"[""7""]",bango-file,inititem.dat,780
249,3,Dex,"[""2""]",bango-file,inititem.dat,780
249,4,Attack,"[""111"",""129""]",bango-file,inititem.dat,780
249,5,Magic,"[""105"",""195""]",bango-file,inititem.dat,780
249,6,mp,"[""200""]",bango-file,inititem.dat,780
249,7,hit,"[""64""]",bango-file,inititem.dat,780
250,1,aspeed,"[""1000""]",bango-file,inititem.dat,783
250,2,Int,"[""3""]",bango-file,inititem.dat,783
250,3,Attack,"[""88"",""112""]",bango-file,inititem.dat,783
250,4,Magic,"[""120"",""240""]",bango-file,inititem.dat,783
250,5,mp,"[""150""]",bango-file,inititem.dat,783
250,6,hit,"[""60""]",bango-file,inititem.dat,783
251,1,defense,"[""36""]",bango-file,inititem.dat,788
251,2,dodge,"[""15""]",bango-file,inititem.dat,788
251,3,absorb,"[""4""]",bango-file,inititem.dat,788
252,1,defense,"[""35""]",bango-file,inititem.dat,791
252,2,dodge,"[""7""]",bango-file,inititem.dat,791
252,3,absorb,"[""1""]",bango-file,inititem.dat,791
253,1,defense,"[""33""]",bango-file,inititem.dat,794
253,2,dodge,"[""4""]",bango-file,inititem.dat,794
253,3,absorb,"[""1""]",bango-file,inititem.dat,794
254,1,defense,"[""27""]",bango-file,inititem.dat,797
254,2,dodge,"[""17""]",bango-file,inititem.dat,797
254,3,absorb,"[""2""]",bango-file,inititem.dat,797
255,1,defense,"[""24""]",bango-file,inititem.dat,800
255,2,dodge,"[""17""]",bango-file,inititem.dat,800
255,3,absorb,"[""2""]",bango-file,inititem.dat,800
256,1,defense,"[""37""]",bango-file,inititem.dat,803
256,2,dodge,"[""13""]",bango-file,inititem.dat,803
256,3,absorb,"[""2""]",bango-file,inititem.dat,803
257,1,defense,"[""25""]",bango-file,inititem.dat,806
257,2,dodge,"[""8""]",bango-file,inititem.dat,806
257,3,absorb,"[""1""]",bango-file,inititem.dat,806
258,1,defense,"[""23""]",bango-file,inititem.dat,809
258,2,dodge,"[""7""]",bango-file,inititem.dat,809
258,3,absorb,"[""0""]",bango-file,inititem.dat,809
259,1,defense,"[""24""]",bango-file,inititem.dat,812
259,2,dodge,"[""22""]",bango-file,inititem.dat,812
259,3,absorb,"[""1""]",bango-file,inititem.dat,812
260,1,defense,"[""16""]",bango-file,inititem.dat,815
260,2,dodge,"[""25""]",bango-file,inititem.dat,815
260,3,absorb,"[""1""]",bango-file,inititem.dat,815
261,1,defense,"[""22""]",bango-file,inititem.dat,818
261,2,dodge,"[""19""]",bango-file,inititem.dat,818
261,3,resistfire,"[""5""]",bango-file,inititem.dat,818
261,4,resistice,"[""5""]",bango-file,inititem.dat,818
261,5,resistlitning,"[""5""]",bango-file,inititem.dat,818
261,6,resistcurse,"[""2""]",bango-file,inititem.dat,818
261,7,resistpalsy,"[""2""]",bango-file,inititem.dat,818
262,1,defense,"[""18""]",bango-file,inititem.dat,821
262,2,dodge,"[""10""]",bango-file,inititem.dat,821
262,3,resistfire,"[""4""]",bango-file,inititem.dat,821
262,4,resistice,"[""4""]",bango-file,inititem.dat,821
262,5,resistlitning,"[""4""]",bango-file,inititem.dat,821
262,6,resistcurse,"[""2""]",bango-file,inititem.dat,821
262,7,resistpalsy,"[""2""]",bango-file,inititem.dat,821
263,1,defense,"[""18""]",bango-file,inititem.dat,824
263,2,dodge,"[""8""]",bango-file,inititem.dat,824
263,3,resistfire,"[""4""]",bango-file,inititem.dat,824
263,4,resistice,"[""4""]",bango-file,inititem.dat,824
263,5,resistlitning,"[""4""]",bango-file,inititem.dat,824
263,6,resistcurse,"[""3""]",bango-file,inititem.dat,824
263,7,resistpalsy,"[""3""]",bango-file,inititem.dat,824
264,1,defense,"[""20""]",bango-file,inititem.dat,827
264,2,dodge,"[""18""]",bango-file,inititem.dat,827
264,3,resistfire,"[""3""]",bango-file,inititem.dat,827
264,4,resistice,"[""3""]",bango-file,inititem.dat,827
264,5,resistlitning,"[""3""]",bango-file,inititem.dat,827
264,6,resistcurse,"[""3""]",bango-file,inititem.dat,827
264,7,resistpalsy,"[""3""]",bango-file,inititem.dat,827
265,1,defense,"[""17""]",bango-file,inititem.dat,830
265,2,dodge,"[""20""]",bango-file,inititem.dat,830
265,3,resistfire,"[""3""]",bango-file,inititem.dat,830
265,4,resistice,"[""3""]",bango-file,inititem.dat,830
265,5,resistlitning,"[""3""]",bango-file,inititem.dat,830
265,6,resistcurse,"[""2""]",bango-file,inititem.dat,830
265,7,resistpalsy,"[""2""]",bango-file,inititem.dat,830
266,1,refresh,"[""hp"",""100""]",bango-file,inititem.dat,835
267,1,refresh,"[""hp"",""200""]",bango-file,inititem.dat,838
268,1,refresh,"[""hp"",""300""]",bango-file,inititem.dat,841
269,1,refresh,"[""hp"",""400""]",bango-file,inititem.dat,844
270,1,refresh,"[""hp"",""500""]",bango-file,inititem.dat,847
271,1,buff,"[""5"",""3600"",""10""]",bango-file,inititem.dat,850
272,1,buff,"[""6"",""3600"",""10""]",bango-file,inititem.dat,853
275,1,Changeprefix,"[""ornament"",""34"",""3"",""80"",""1""]",bango-file,inititem.dat,858
276,1,Changeprefix,"[""ornament"",""32"",""4"",""79"",""1""]",bango-file,inititem.dat,861
277,1,Changeprefix,"[""ornament"",""30"",""5"",""78"",""1""]",bango-file,inititem.dat,864
278,1,Changeprefix,"[""weapon"",""24"",""6"",""61"",""2""]",bango-file,inititem.dat,867
279,1,Changeprefix,"[""weapon"",""20"",""7"",""58"",""2""]",bango-file,inititem.dat,870
280,1,Changeprefix,"[""weapon"",""16"",""8"",""55"",""2""]",bango-file,inititem.dat,873
281,1,Changeprefix,"[""weapon"",""12"",""9"",""47"",""3""]",bango-file,inititem.dat,876
282,1,Changeprefix,"[""weapon"",""8"",""10"",""44"",""3""]",bango-file,inititem.dat,879
283,1,Changeprefix,"[""ornament"",""34"",""23"",""80"",""21""]",bango-file,inititem.dat,882
284,1,Changeprefix,"[""ornament"",""32"",""24"",""79"",""21""]",bango-file,inititem.dat,885
285,1,Changeprefix,"[""ornament"",""30"",""25"",""78"",""21""]",bango-file,inititem.dat,888
286,1,Changeprefix,"[""weapon"",""24"",""26"",""61"",""22""]",bango-file,inititem.dat,891
287,1,Changeprefix,"[""weapon"",""20"",""27"",""58"",""22""]",bango-file,inititem.dat,894
288,1,Changeprefix,"[""weapon"",""16"",""28"",""55"",""22""]",bango-file,inititem.dat,897
289,1,Changeprefix,"[""weapon"",""12"",""29"",""47"",""23""]",bango-file,inititem.dat,900
290,1,Changeprefix,"[""weapon"",""8"",""30"",""44"",""23""]",bango-file,inititem.dat,903
291,1,Changeprefix,"[""ornament"",""34"",""13"",""80"",""11""]",bango-file,inititem.dat,906
292,1,Changeprefix,"[""ornament"",""32"",""14"",""79"",""11""]",bango-file,inititem.dat,909
293,1,Changeprefix,"[""ornament"",""30"",""15"",""78"",""11""]",bango-file,inititem.dat,912
294,1,Changeprefix,"[""weapon"",""24"",""16"",""61"",""12""]",bango-file,inititem.dat,915
295,1,Changeprefix,"[""weapon"",""20"",""17"",""58"",""12""]",bango-file,inititem.dat,918
296,1,Changeprefix,"[""weapon"",""16"",""18"",""55"",""12""]",bango-file,inititem.dat,921
297,1,Changeprefix,"[""weapon"",""12"",""19"",""47"",""13""]",bango-file,inititem.dat,924
298,1,Changeprefix,"[""weapon"",""8"",""20"",""44"",""13""]",bango-file,inititem.dat,927
299,1,Changeprefix,"[""ornament"",""34"",""33"",""80"",""31""]",bango-file,inititem.dat,930
300,1,Changeprefix,"[""ornament"",""32"",""34"",""79"",""31""]",bango-file,inititem.dat,933
301,1,Changeprefix,"[""ornament"",""30"",""35"",""78"",""31""]",bango-file,inititem.dat,936
302,1,Changeprefix,"[""weapon"",""24"",""36"",""61"",""32""]",bango-file,inititem.dat,939
303,1,Changeprefix,"[""weapon"",""20"",""37"",""58"",""32""]",bango-file,inititem.dat,942
304,1,Changeprefix,"[""weapon"",""16"",""38"",""55"",""32""]",bango-file,inititem.dat,945
305,1,Changeprefix,"[""weapon"",""12"",""39"",""47"",""33""]",bango-file,inititem.dat,948
306,1,Changeprefix,"[""weapon"",""8"",""40"",""44"",""33""]",bango-file,inititem.dat,951
307,1,Changeprefix,"[""ornament"",""34"",""43"",""80"",""41""]",bango-file,inititem.dat,954
308,1,Changeprefix,"[""ornament"",""32"",""44"",""79"",""41""]",bango-file,inititem.dat,957
309,1,Changeprefix,"[""ornament"",""30"",""45"",""78"",""41""]",bango-file,inititem.dat,960
310,1,Changeprefix,"[""weapon"",""24"",""46"",""61"",""42""]",bango-file,inititem.dat,963
311,1,Changeprefix,"[""weapon"",""20"",""47"",""58"",""42""]",bango-file,inititem.dat,966
312,1,Changeprefix,"[""weapon"",""16"",""48"",""55"",""42""]",bango-file,inititem.dat,969
313,1,Changeprefix,"[""weapon"",""12"",""49"",""47"",""43""]",bango-file,inititem.dat,972
314,1,Changeprefix,"[""weapon"",""8"",""50"",""44"",""43""]",bango-file,inititem.dat,975
315,1,Changeprefix,"[""weapon"",""56"",""51"",""70"",""58""]",bango-file,inititem.dat,978
316,1,Changeprefix,"[""weapon"",""37"",""53"",""46"",""59""]",bango-file,inititem.dat,981
317,1,Changeprefix,"[""weapon"",""59"",""60"",""83"",""66""]",bango-file,inititem.dat,984
318,1,Changeprefix,"[""weapon"",""46"",""62"",""63"",""67""]",bango-file,inititem.dat,987
319,1,Changeprefix,"[""defense"",""36"",""56"",""78"",""11""]",bango-file,inititem.dat,990
320,1,Changeprefix,"[""defense"",""36"",""57"",""78"",""11""]",bango-file,inititem.dat,993
321,1,Changeprefix,"[""defense"",""36"",""65"",""78"",""31""]",bango-file,inititem.dat,996
322,1,Changeprefix,"[""defense"",""17"",""83"",""76"",""1""]",bango-file,inititem.dat,999
323,1,Changeprefix,"[""defense"",""17"",""84"",""76"",""41""]",bango-file,inititem.dat,1002
324,1,Changeprefix,"[""defense"",""17"",""85"",""76"",""11""]",bango-file,inititem.dat,1005
325,1,Changeprefix,"[""defense"",""17"",""86"",""76"",""21""]",bango-file,inititem.dat,1008
326,1,Changeprefix,"[""defense"",""17"",""87"",""76"",""31""]",bango-file,inititem.dat,1011
327,1,Changeprefix,"[""weapon"",""24"",""80"",""62"",""35""]",bango-file,inititem.dat,1014
328,1,Changeprefix,"[""weapon"",""24"",""81"",""62"",""15""]",bango-file,inititem.dat,1017
329,1,Changeprefix,"[""weapon"",""24"",""82"",""62"",""5""]",bango-file,inititem.dat,1020
330,1,Changeprefix,"[""weapon"",""24"",""88"",""62"",""45""]",bango-file,inititem.dat,1023
331,1,Changeprefix,"[""weapon"",""24"",""89"",""62"",""25""]",bango-file,inititem.dat,1026
332,1,Changeprefix,"[""weapon"",""29"",""90"",""85"",""91""]",bango-file,inititem.dat,1029
337,1,resistfire,"[""2""]",bango-file,inititem.dat,1042
338,1,resistlitning,"[""2""]",bango-file,inititem.dat,1045
339,1,resistice,"[""2""]",bango-file,inititem.dat,1048
366,1,buff,"[""19"",""30"",""4""]",bango-file,inititem.dat,1143
367,1,buff,"[""19"",""30"",""8""]",bango-file,inititem.dat,1146
368,1,buff,"[""19"",""30"",""17""]",bango-file,inititem.dat,1149
369,1,buff,"[""19"",""30"",""25""]",bango-file,inititem.dat,1152
370,1,buff,"[""19"",""30"",""33""]",bango-file,inititem.dat,1155
372,1,Str,"[""3""]",bango-file,inititem.dat,1161
372,2,Hth,"[""2""]",bango-file,inititem.dat,1161
372,3,defense,"[""44""]",bango-file,inititem.dat,1161
372,4,dodge,"[""17""]",bango-file,inititem.dat,1161
372,5,absorb,"[""5""]",bango-file,inititem.dat,1161
373,1,Hth,"[""1""]",bango-file,inititem.dat,1164
373,2,defense,"[""42""]",bango-file,inititem.dat,1164
373,3,dodge,"[""9""]",bango-file,inititem.dat,1164
373,4,absorb,"[""2""]",bango-file,inititem.dat,1164
374,1,Str,"[""1""]",bango-file,inititem.dat,1167
374,2,defense,"[""43""]",bango-file,inititem.dat,1167
374,3,dodge,"[""6""]",bango-file,inititem.dat,1167
374,4,absorb,"[""1""]",bango-file,inititem.dat,1167
375,1,Dex,"[""1""]",bango-file,inititem.dat,1170
375,2,defense,"[""32""]",bango-file,inititem.dat,1170
375,3,dodge,"[""19""]",bango-file,inititem.dat,1170
375,4,absorb,"[""2""]",bango-file,inititem.dat,1170
376,1,Hth,"[""1""]",bango-file,inititem.dat,1173
376,2,defense,"[""28""]",bango-file,inititem.dat,1173
376,3,dodge,"[""19""]",bango-file,inititem.dat,1173
376,4,absorb,"[""3""]",bango-file,inititem.dat,1173
377,1,Hth,"[""2""]",bango-file,inititem.dat,1176
377,2,Dex,"[""3""]",bango-file,inititem.dat,1176
377,3,defense,"[""46""]",bango-file,inititem.dat,1176
377,4,dodge,"[""16""]",bango-file,inititem.dat,1176
377,5,absorb,"[""3""]",bango-file,inititem.dat,1176
378,1,Hth,"[""1""]",bango-file,inititem.dat,1179
378,2,defense,"[""30""]",bango-file,inititem.dat,1179
378,3,dodge,"[""10""]",bango-file,inititem.dat,1179
378,4,absorb,"[""1""]",bango-file,inititem.dat,1179
379,1,Str,"[""1""]",bango-file,inititem.dat,1182
379,2,defense,"[""28""]",bango-file,inititem.dat,1182
379,3,dodge,"[""9""]",bango-file,inititem.dat,1182
379,4,absorb,"[""1""]",bango-file,inititem.dat,1182
380,1,Dex,"[""1""]",bango-file,inititem.dat,1185
380,2,defense,"[""28""]",bango-file,inititem.dat,1185
380,3,dodge,"[""26""]",bango-file,inititem.dat,1185
380,4,absorb,"[""1""]",bango-file,inititem.dat,1185
381,1,Hth,"[""1""]",bango-file,inititem.dat,1188
381,2,defense,"[""19""]",bango-file,inititem.dat,1188
381,3,dodge,"[""32""]",bango-file,inititem.dat,1188
381,4,absorb,"[""1""]",bango-file,inititem.dat,1188
382,1,Hth,"[""2""]",bango-file,inititem.dat,1191
382,2,Int,"[""3""]",bango-file,inititem.dat,1191
382,3,defense,"[""29""]",bango-file,inititem.dat,1191
382,4,dodge,"[""23""]",bango-file,inititem.dat,1191
382,5,resistfire,"[""6""]",bango-file,inititem.dat,1191
382,6,resistice,"[""6""]",bango-file,inititem.dat,1191
382,7,resistlitning,"[""6""]",bango-file,inititem.dat,1191
382,8,resistcurse,"[""3""]",bango-file,inititem.dat,1191
382,9,resistpalsy,"[""3""]",bango-file,inititem.dat,1191
383,1,Hth,"[""1""]",bango-file,inititem.dat,1194
383,2,defense,"[""23""]",bango-file,inititem.dat,1194
383,3,dodge,"[""12""]",bango-file,inititem.dat,1194
383,4,resistfire,"[""5""]",bango-file,inititem.dat,1194
383,5,resistice,"[""5""]",bango-file,inititem.dat,1194
383,6,resistlitning,"[""5""]",bango-file,inititem.dat,1194
383,7,resistcurse,"[""2""]",bango-file,inititem.dat,1194
383,8,resistpalsy,"[""2""]",bango-file,inititem.dat,1194
384,1,Wis,"[""1""]",bango-file,inititem.dat,1197
384,2,defense,"[""23""]",bango-file,inititem.dat,1197
384,3,dodge,"[""10""]",bango-file,inititem.dat,1197
384,4,resistfire,"[""4""]",bango-file,inititem.dat,1197
384,5,resistice,"[""4""]",bango-file,inititem.dat,1197
384,6,resistlitning,"[""4""]",bango-file,inititem.dat,1197
384,7,resistcurse,"[""3""]",bango-file,inititem.dat,1197
384,8,resistpalsy,"[""3""]",bango-file,inititem.dat,1197
385,1,Wis,"[""1""]",bango-file,inititem.dat,1200
385,2,defense,"[""26""]",bango-file,inititem.dat,1200
385,3,dodge,"[""21""]",bango-file,inititem.dat,1200
385,4,resistfire,"[""3""]",bango-file,inititem.dat,1200
385,5,resistice,"[""3""]",bango-file,inititem.dat,1200
385,6,resistlitning,"[""3""]",bango-file,inititem.dat,1200
385,7,resistcurse,"[""3""]",bango-file,inititem.dat,1200
385,8,resistpalsy,"[""3""]",bango-file,inititem.dat,1200
386,1,Hth,"[""1""]",bango-file,inititem.dat,1203
386,2,defense,"[""21""]",bango-file,inititem.dat,1203
386,3,dodge,"[""25""]",bango-file,inititem.dat,1203
386,4,resistfire,"[""3""]",bango-file,inititem.dat,1203
386,5,resistice,"[""3""]",bango-file,inititem.dat,1203
386,6,resistlitning,"[""3""]",bango-file,inititem.dat,1203
386,7,resistcurse,"[""2""]",bango-file,inititem.dat,1203
386,8,resistpalsy,"[""2""]",bango-file,inititem.dat,1203
399,1,buff,"[""18"",""30"",""9""]",bango-file,inititem.dat,1246
400,1,buff,"[""18"",""30"",""11""]",bango-file,inititem.dat,1249
401,1,buff,"[""18"",""30"",""14""]",bango-file,inititem.dat,1252
402,1,buff,"[""18"",""30"",""18""]",bango-file,inititem.dat,1255
403,1,buff,"[""18"",""30"",""23""]",bango-file,inititem.dat,1258
404,1,buff,"[""18"",""30"",""28""]",bango-file,inititem.dat,1261
405,1,buff,"[""18"",""30"",""34""]",bango-file,inititem.dat,1264
406,1,buff,"[""18"",""30"",""41""]",bango-file,inititem.dat,1267
407,1,buff,"[""18"",""30"",""48""]",bango-file,inititem.dat,1270
408,1,buff,"[""18"",""30"",""55""]",bango-file,inititem.dat,1273
409,1,buff,"[""18"",""30"",""63""]",bango-file,inititem.dat,1276
410,1,buff,"[""18"",""30"",""73""]",bango-file,inititem.dat,1279
411,1,buff,"[""18"",""30"",""83""]",bango-file,inititem.dat,1282
412,1,buff,"[""18"",""30"",""94""]",bango-file,inititem.dat,1285
413,1,buff,"[""18"",""30"",""105""]",bango-file,inititem.dat,1288
414,1,buff,"[""19"",""30"",""3""]",bango-file,inititem.dat,1293
415,1,buff,"[""19"",""30"",""4""]",bango-file,inititem.dat,1296
416,1,buff,"[""19"",""30"",""6""]",bango-file,inititem.dat,1299
417,1,buff,"[""19"",""30"",""8""]",bango-file,inititem.dat,1302
418,1,buff,"[""19"",""30"",""11""]",bango-file,inititem.dat,1305
419,1,buff,"[""19"",""30"",""14""]",bango-file,inititem.dat,1308
420,1,buff,"[""19"",""30"",""17""]",bango-file,inititem.dat,1311
421,1,buff,"[""19"",""30"",""21""]",bango-file,inititem.dat,1314
422,1,buff,"[""19"",""30"",""25""]",bango-file,inititem.dat,1317
423,1,buff,"[""19"",""30"",""29""]",bango-file,inititem.dat,1320
424,1,buff,"[""19"",""30"",""33""]",bango-file,inititem.dat,1323
425,1,buff,"[""19"",""30"",""39""]",bango-file,inititem.dat,1326
426,1,buff,"[""19"",""30"",""45""]",bango-file,inititem.dat,1329
427,1,buff,"[""19"",""30"",""52""]",bango-file,inititem.dat,1332
428,1,buff,"[""19"",""30"",""59""]",bango-file,inititem.dat,1335
429,1,defense,"[""12""]",bango-file,inititem.dat,1340
429,2,dodge,"[""8""]",bango-file,inititem.dat,1340
430,1,defense,"[""16""]",bango-file,inititem.dat,1343
430,2,dodge,"[""8""]",bango-file,inititem.dat,1343
430,3,absorb,"[""1""]",bango-file,inititem.dat,1343
431,1,defense,"[""20""]",bango-file,inititem.dat,1346
431,2,dodge,"[""8""]",bango-file,inititem.dat,1346
431,3,absorb,"[""1""]",bango-file,inititem.dat,1346
440,1,aspeed,"[""1400""]",bango-file,inititem.dat,1377
440,2,Str,"[""3""]",bango-file,inititem.dat,1377
440,3,Attack,"[""360"",""440""]",bango-file,inititem.dat,1377
440,4,hp,"[""150""]",bango-file,inititem.dat,1377
440,5,hit,"[""72""]",bango-file,inititem.dat,1377
441,1,aspeed,"[""1400""]",bango-file,inititem.dat,1380
441,2,Str,"[""4""]",bango-file,inititem.dat,1380
441,3,Attack,"[""390"",""470""]",bango-file,inititem.dat,1380
441,4,hp,"[""100""]",bango-file,inititem.dat,1380
441,5,hit,"[""66""]",bango-file,inititem.dat,1380
442,1,aspeed,"[""1400""]",bango-file,inititem.dat,1383
442,2,Str,"[""2""]",bango-file,inititem.dat,1383
442,3,Dex,"[""1""]",bango-file,inititem.dat,1383
442,4,Attack,"[""330"",""410""]",bango-file,inititem.dat,1383
442,5,hp,"[""100""]",bango-file,inititem.dat,1383
442,6,mp,"[""50""]",bango-file,inititem.dat,1383
442,7,hit,"[""74""]",bango-file,inititem.dat,1383
444,1,refresh,"[""hp"",""300""]",bango-file,inititem.dat,1391
447,1,buff,"[""12"",""1800"",""45""]",bango-file,inititem.dat,1400
457,1,aspeed,"[""700""]",bango-file,inititem.dat,1434
457,2,Str,"[""1""]",bango-file,inititem.dat,1434
457,3,Hth,"[""2""]",bango-file,inititem.dat,1434
457,4,Dex,"[""1""]",bango-file,inititem.dat,1434
457,5,Attack,"[""167"",""207""]",bango-file,inititem.dat,1434
457,6,hp,"[""200""]",bango-file,inititem.dat,1434
457,7,hit,"[""74""]",bango-file,inititem.dat,1434
458,1,aspeed,"[""700""]",bango-file,inititem.dat,1437
458,2,Str,"[""4""]",bango-file,inititem.dat,1437
458,3,Attack,"[""182"",""222""]",bango-file,inititem.dat,1437
458,4,hp,"[""150""]",bango-file,inititem.dat,1437
458,5,hit,"[""70""]",bango-file,inititem.dat,1437
459,1,aspeed,"[""700""]",bango-file,inititem.dat,1440
459,2,Str,"[""1""]",bango-file,inititem.dat,1440
459,3,Hth,"[""2""]",bango-file,inititem.dat,1440
459,4,Wis,"[""1""]",bango-file,inititem.dat,1440
459,5,Dex,"[""1""]",bango-file,inititem.dat,1440
459,6,Attack,"[""152"",""192""]",bango-file,inititem.dat,1440
459,7,hp,"[""100""]",bango-file,inititem.dat,1440
459,8,mp,"[""50""]",bango-file,inititem.dat,1440
459,9,hit,"[""78""]",bango-file,inititem.dat,1440
460,1,aspeed,"[""1400""]",bango-file,inititem.dat,1443
460,2,Str,"[""3""]",bango-file,inititem.dat,1443
460,3,Dex,"[""1""]",bango-file,inititem.dat,1443
460,4,Attack,"[""400"",""480""]",bango-file,inititem.dat,1443
460,5,hp,"[""150""]",bango-file,inititem.dat,1443
460,6,hit,"[""74""]",bango-file,inititem.dat,1443
461,1,aspeed,"[""1400""]",bango-file,inititem.dat,1446
461,2,Str,"[""5""]",bango-file,inititem.dat,1446
461,3,Attack,"[""440"",""520""]",bango-file,inititem.dat,1446
461,4,hp,"[""100""]",bango-file,inititem.dat,1446
461,5,hit,"[""68""]",bango-file,inititem.dat,1446
462,1,aspeed,"[""1400""]",bango-file,inititem.dat,1449
462,2,Str,"[""2""]",bango-file,inititem.dat,1449
462,3,Wis,"[""1""]",bango-file,inititem.dat,1449
462,4,Dex,"[""1""]",bango-file,inititem.dat,1449
462,5,Attack,"[""370"",""450""]",bango-file,inititem.dat,1449
462,6,hp,"[""100""]",bango-file,inititem.dat,1449
462,7,mp,"[""50""]",bango-file,inititem.dat,1449
462,8,hit,"[""76""]",bango-file,inititem.dat,1449
463,1,aspeed,"[""800""]",bango-file,inititem.dat,1452
463,2,Str,"[""1""]",bango-file,inititem.dat,1452
463,3,Dex,"[""3""]",bango-file,inititem.dat,1452
463,4,Attack,"[""132"",""202""]",bango-file,inititem.dat,1452
463,5,hp,"[""150""]",bango-file,inititem.dat,1452
463,6,hit,"[""72""]",bango-file,inititem.dat,1452
464,1,aspeed,"[""800""]",bango-file,inititem.dat,1455
464,2,Dex,"[""4""]",bango-file,inititem.dat,1455
464,3,Attack,"[""147"",""217""]",bango-file,inititem.dat,1455
464,4,hp,"[""100""]",bango-file,inititem.dat,1455
464,5,mp,"[""50""]",bango-file,inititem.dat,1455
464,6,hit,"[""70""]",bango-file,inititem.dat,1455
465,1,aspeed,"[""800""]",bango-file,inititem.dat,1458
465,2,Str,"[""2""]",bango-file,inititem.dat,1458
465,3,Dex,"[""3""]",bango-file,inititem.dat,1458
465,4,Attack,"[""117"",""187""]",bango-file,inititem.dat,1458
465,5,hp,"[""100""]",bango-file,inititem.dat,1458
465,6,hit,"[""74""]",bango-file,inititem.dat,1458
466,1,aspeed,"[""1000""]",bango-file,inititem.dat,1461
466,2,Int,"[""3""]",bango-file,inititem.dat,1461
466,3,Wis,"[""1""]",bango-file,inititem.dat,1461
466,4,Attack,"[""119"",""129""]",bango-file,inititem.dat,1461
466,5,Magic,"[""155"",""245""]",bango-file,inititem.dat,1461
466,6,hp,"[""150""]",bango-file,inititem.dat,1461
466,7,hit,"[""64""]",bango-file,inititem.dat,1461
467,1,aspeed,"[""1000""]",bango-file,inititem.dat,1464
467,2,Int,"[""4""]",bango-file,inititem.dat,1464
467,3,Attack,"[""131"",""141""]",bango-file,inititem.dat,1464
467,4,Magic,"[""170"",""260""]",bango-file,inititem.dat,1464
467,5,mp,"[""200""]",bango-file,inititem.dat,1464
467,6,hit,"[""62""]",bango-file,inititem.dat,1464
468,1,aspeed,"[""1000""]",bango-file,inititem.dat,1467
468,2,Wis,"[""8""]",bango-file,inititem.dat,1467
468,3,Dex,"[""3""]",bango-file,inititem.dat,1467
468,4,Attack,"[""105"",""115""]",bango-file,inititem.dat,1467
468,5,Magic,"[""120"",""200""]",bango-file,inititem.dat,1467
468,6,mp,"[""150""]",bango-file,inititem.dat,1467
468,7,hit,"[""66""]",bango-file,inititem.dat,1467
469,1,buff,"[""30"",""86400"",""0""]",bango-file,inititem.dat,1472
470,1,buff,"[""30"",""604800"",""0""]",bango-file,inititem.dat,1475
471,1,buff,"[""30"",""1296000"",""0""]",bango-file,inititem.dat,1478
472,1,buff,"[""30"",""2592000"",""0""]",bango-file,inititem.dat,1481
473,1,buff,"[""31"",""86400"",""0""]",bango-file,inititem.dat,1484
474,1,buff,"[""31"",""604800"",""0""]",bango-file,inititem.dat,1487
475,1,buff,"[""31"",""1296000"",""0""]",bango-file,inititem.dat,1490
476,1,buff,"[""31"",""2592000"",""0""]",bango-file,inititem.dat,1493
477,1,buff,"[""32"",""86400"",""0""]",bango-file,inititem.dat,1496
478,1,buff,"[""32"",""604800"",""0""]",bango-file,inititem.dat,1499
479,1,buff,"[""32"",""1296000"",""0""]",bango-file,inititem.dat,1502
480,1,buff,"[""32"",""2592000"",""0""]",bango-file,inititem.dat,1505
481,1,protect,[],bango-file,inititem.dat,1508
482,1,revival,"[""100""]",bango-file,inititem.dat,1511
483,1,revival,"[""80""]",bango-file,inititem.dat,1514
484,1,teleport,"[""0"",""5""]",bango-file,inititem.dat,1517
485,1,teleport,"[""1"",""5""]",bango-file,inititem.dat,1520
503,1,Attack,"[""-50"",""-50"",""0""]",bango-file,inititem.dat,1525
503,2,Magic,"[""-50"",""-50"",""0""]",bango-file,inititem.dat,1525
503,3,mspeed,"[""50"",""0""]",bango-file,inititem.dat,1525
504,1,Attack,"[""-50"",""-50"",""0""]",bango-file,inititem.dat,1528
504,2,Magic,"[""-50"",""-50"",""0""]",bango-file,inititem.dat,1528
504,3,hp,"[""100"",""0""]",bango-file,inititem.dat,1528
504,4,mspeed,"[""-20"",""0""]",bango-file,inititem.dat,1528
505,1,Attack,"[""-50"",""-50"",""0""]",bango-file,inititem.dat,1531
505,2,Magic,"[""-50"",""-50"",""0""]",bango-file,inititem.dat,1531
505,3,hp,"[""100"",""0""]",bango-file,inititem.dat,1531
505,4,mspeed,"[""-20"",""0""]",bango-file,inititem.dat,1531
506,1,Attack,"[""-50"",""-50"",""0""]",bango-file,inititem.dat,1534
506,2,Magic,"[""-50"",""-50"",""0""]",bango-file,inititem.dat,1534
506,3,hp,"[""100"",""0""]",bango-file,inititem.dat,1534
506,4,mspeed,"[""-20"",""0""]",bango-file,inititem.dat,1534
507,1,Attack,"[""-50"",""-50"",""0""]",bango-file,inititem.dat,1537
507,2,Magic,"[""-50"",""-50"",""0""]",bango-file,inititem.dat,1537
507,3,hp,"[""100"",""0""]",bango-file,inititem.dat,1537
507,4,mspeed,"[""-20"",""0""]",bango-file,inititem.dat,1537
508,1,Attack,"[""-50"",""-50"",""0""]",bango-file,inititem.dat,1540
508,2,Magic,"[""-50"",""-50"",""0""]",bango-file,inititem.dat,1540
508,3,hp,"[""100"",""0""]",bango-file,inititem.dat,1540
508,4,mspeed,"[""-20"",""0""]",bango-file,inititem.dat,1540
523,1,Changeprefix,"[""weapon"",""15"",""92"",""60"",""91""]",bango-file,inititem.dat,1572
524,1,buff,"[""51"",""7200"",""0""]",bango-file,inititem.dat,1577
525,1,buff,"[""52"",""7200"",""0""]",bango-file,inititem.dat,1580
526,1,buff,"[""53"",""7200"",""0""]",bango-file,inititem.dat,1583
527,1,buff,"[""54"",""7200"",""0""]",bango-file,inititem.dat,1586
528,1,buff,"[""56"",""7200"",""0""]",bango-file,inititem.dat,1589
529,1,buff,"[""57"",""7200"",""0""]",bango-file,inititem.dat,1592
530,1,buff,"[""58"",""100"",""0""]",bango-file,inititem.dat,1595
531,1,buff,"[""58"",""300"",""0""]",bango-file,inititem.dat,1598
532,1,buff,"[""58"",""500"",""0""]",bango-file,inititem.dat,1601
533,1,buff,"[""60"",""7200"",""5""]",bango-file,inititem.dat,1604
534,1,buff,"[""61"",""7200"",""10""]",bango-file,inititem.dat,1607
535,1,buff,"[""62"",""7200"",""5""]",bango-file,inititem.dat,1610
536,1,buff,"[""63"",""7200"",""10""]",bango-file,inititem.dat,1613
537,1,buff,"[""64"",""7200"",""5""]",bango-file,inititem.dat,1616
538,1,buff,"[""59"",""100"",""0""]",bango-file,inititem.dat,1619
539,1,buff,"[""59"",""300"",""0""]",bango-file,inititem.dat,1622
540,1,buff,"[""59"",""500"",""0""]",bango-file,inititem.dat,1625
558,1,hp,"[""100""]",bango-file,inititem.dat,1629
559,1,hp,"[""100""]",bango-file,inititem.dat,1631
560,1,aspeed,"[""700""]",bango-file,inititem.dat,1636
560,2,Str,"[""2""]",bango-file,inititem.dat,1636
560,3,Hth,"[""2""]",bango-file,inititem.dat,1636
560,4,Dex,"[""1""]",bango-file,inititem.dat,1636
560,5,Attack,"[""187"",""227""]",bango-file,inititem.dat,1636
560,6,hp,"[""250""]",bango-file,inititem.dat,1636
560,7,hit,"[""76""]",bango-file,inititem.dat,1636
561,1,aspeed,"[""700""]",bango-file,inititem.dat,1639
561,2,Str,"[""4""]",bango-file,inititem.dat,1639
561,3,Hth,"[""1""]",bango-file,inititem.dat,1639
561,4,Attack,"[""202"",""242""]",bango-file,inititem.dat,1639
561,5,hp,"[""200""]",bango-file,inititem.dat,1639
561,6,hit,"[""73""]",bango-file,inititem.dat,1639
562,1,aspeed,"[""700""]",bango-file,inititem.dat,1642
562,2,Str,"[""1""]",bango-file,inititem.dat,1642
562,3,Hth,"[""2""]",bango-file,inititem.dat,1642
562,4,Wis,"[""1""]",bango-file,inititem.dat,1642
562,5,Dex,"[""2""]",bango-file,inititem.dat,1642
562,6,Attack,"[""172"",""212""]",bango-file,inititem.dat,1642
562,7,hp,"[""150""]",bango-file,inititem.dat,1642
562,8,mp,"[""50""]",bango-file,inititem.dat,1642
562,9,hit,"[""79""]",bango-file,inititem.dat,1642
563,1,aspeed,"[""1400""]",bango-file,inititem.dat,1645
563,2,Str,"[""4""]",bango-file,inititem.dat,1645
563,3,Dex,"[""1""]",bango-file,inititem.dat,1645
563,4,Attack,"[""430"",""490""]",bango-file,inititem.dat,1645
563,5,hp,"[""200""]",bango-file,inititem.dat,1645
563,6,hit,"[""76""]",bango-file,inititem.dat,1645
564,1,aspeed,"[""1400""]",bango-file,inititem.dat,1648
564,2,Str,"[""6""]",bango-file,inititem.dat,1648
564,3,Attack,"[""470"",""530""]",bango-file,inititem.dat,1648
564,4,hp,"[""150""]",bango-file,inititem.dat,1648
564,5,hit,"[""71""]",bango-file,inititem.dat,1648
565,1,aspeed,"[""1400""]",bango-file,inititem.dat,1651
565,2,Str,"[""3""]",bango-file,inititem.dat,1651
565,3,Wis,"[""1""]",bango-file,inititem.dat,1651
565,4,Dex,"[""1""]",bango-file,inititem.dat,1651
565,5,Attack,"[""410"",""470""]",bango-file,inititem.dat,1651
565,6,hp,"[""150""]",bango-file,inititem.dat,1651
565,7,mp,"[""50""]",bango-file,inititem.dat,1651
565,8,hit,"[""77""]",bango-file,inititem.dat,1651
566,1,aspeed,"[""800""]",bango-file,inititem.dat,1654
566,2,Str,"[""1""]",bango-file,inititem.dat,1654
566,3,Dex,"[""4""]",bango-file,inititem.dat,1654
566,4,Attack,"[""157"",""217""]",bango-file,inititem.dat,1654
566,5,hp,"[""200""]",bango-file,inititem.dat,1654
566,6,hit,"[""74""]",bango-file,inititem.dat,1654
567,1,aspeed,"[""800""]",bango-file,inititem.dat,1657
567,2,Str,"[""1""]",bango-file,inititem.dat,1657
567,3,Dex,"[""4""]",bango-file,inititem.dat,1657
567,4,Attack,"[""172"",""232""]",bango-file,inititem.dat,1657
567,5,hp,"[""150""]",bango-file,inititem.dat,1657
567,6,mp,"[""50""]",bango-file,inititem.dat,1657
567,7,hit,"[""72""]",bango-file,inititem.dat,1657
568,1,aspeed,"[""800""]",bango-file,inititem.dat,1660
568,2,Dex,"[""5""]",bango-file,inititem.dat,1660
568,3,Attack,"[""142"",""202""]",bango-file,inititem.dat,1660
568,4,hp,"[""150""]",bango-file,inititem.dat,1660
568,5,hit,"[""76""]",bango-file,inititem.dat,1660
569,1,aspeed,"[""1000""]",bango-file,inititem.dat,1663
569,2,Int,"[""4""]",bango-file,inititem.dat,1663
569,3,Wis,"[""1""]",bango-file,inititem.dat,1663
569,4,Attack,"[""135"",""145""]",bango-file,inititem.dat,1663
569,5,Magic,"[""200"",""280""]",bango-file,inititem.dat,1663
569,6,hp,"[""200""]",bango-file,inititem.dat,1663
569,7,hit,"[""66""]",bango-file,inititem.dat,1663
570,1,aspeed,"[""1000""]",bango-file,inititem.dat,1666
570,2,Int,"[""5""]",bango-file,inititem.dat,1666
570,3,Attack,"[""150"",""160""]",bango-file,inititem.dat,1666
570,4,Magic,"[""220"",""300""]",bango-file,inititem.dat,1666
570,5,mp,"[""250""]",bango-file,inititem.dat,1666
570,6,hit,"[""64""]",bango-file,inititem.dat,1666
571,1,aspeed,"[""1000""]",bango-file,inititem.dat,1669
571,2,Wis,"[""9""]",bango-file,inititem.dat,1669
571,3,Dex,"[""4""]",bango-file,inititem.dat,1669
571,4,Attack,"[""120"",""130""]",bango-file,inititem.dat,1669
571,5,Magic,"[""160"",""240""]",bango-file,inititem.dat,1669
571,6,mp,"[""200""]",bango-file,inititem.dat,1669
571,7,hit,"[""68""]",bango-file,inititem.dat,1669
572,1,aspeed,"[""700""]",bango-file,inititem.dat,1672
572,2,Str,"[""1""]",bango-file,inititem.dat,1672
572,3,Hth,"[""1""]",bango-file,inititem.dat,1672
572,4,Attack,"[""113"",""195""]",bango-file,inititem.dat,1672
572,5,hp,"[""200""]",bango-file,inititem.dat,1672
572,6,hit,"[""68""]",bango-file,inititem.dat,1672
573,1,aspeed,"[""700""]",bango-file,inititem.dat,1675
573,2,Str,"[""2""]",bango-file,inititem.dat,1675
573,3,Attack,"[""121"",""203""]",bango-file,inititem.dat,1675
573,4,hp,"[""150""]",bango-file,inititem.dat,1675
573,5,hit,"[""64""]",bango-file,inititem.dat,1675
574,1,aspeed,"[""700""]",bango-file,inititem.dat,1678
574,2,Str,"[""1""]",bango-file,inititem.dat,1678
574,3,Dex,"[""1""]",bango-file,inititem.dat,1678
574,4,Attack,"[""106"",""188""]",bango-file,inititem.dat,1678
574,5,hp,"[""100""]",bango-file,inititem.dat,1678
574,6,mp,"[""50""]",bango-file,inititem.dat,1678
574,7,hit,"[""72""]",bango-file,inititem.dat,1678
575,1,aspeed,"[""1400""]",bango-file,inititem.dat,1681
575,2,Attack,"[""310"",""400""]",bango-file,inititem.dat,1681
575,3,hit,"[""69""]",bango-file,inititem.dat,1681
575,4,hp,"[""100""]",bango-file,inititem.dat,1681
576,1,aspeed,"[""1400""]",bango-file,inititem.dat,1684
576,2,Attack,"[""350"",""420""]",bango-file,inititem.dat,1684
576,3,hit,"[""63""]",bango-file,inititem.dat,1684
576,4,Str,"[""3""]",bango-file,inititem.dat,1684
576,5,hp,"[""75""]",bango-file,inititem.dat,1684
577,1,aspeed,"[""1400""]",bango-file,inititem.dat,1687
577,2,Attack,"[""300"",""380""]",bango-file,inititem.dat,1687
577,3,hit,"[""71""]",bango-file,inititem.dat,1687
577,4,Str,"[""1""]",bango-file,inititem.dat,1687
577,5,Dex,"[""1""]",bango-file,inititem.dat,1687
577,6,hp,"[""100""]",bango-file,inititem.dat,1687
577,7,mp,"[""50""]",bango-file,inititem.dat,1687
578,1,aspeed,"[""800""]",bango-file,inititem.dat,1690
578,2,Dex,"[""2""]",bango-file,inititem.dat,1690
578,3,Attack,"[""92"",""182""]",bango-file,inititem.dat,1690
578,4,hp,"[""150""]",bango-file,inititem.dat,1690
578,5,hit,"[""68""]",bango-file,inititem.dat,1690
579,1,aspeed,"[""800""]",bango-file,inititem.dat,1693
579,2,Dex,"[""2""]",bango-file,inititem.dat,1693
579,3,Attack,"[""107"",""197""]",bango-file,inititem.dat,1693
579,4,hp,"[""100""]",bango-file,inititem.dat,1693
579,5,mp,"[""50""]",bango-file,inititem.dat,1693
579,6,hit,"[""66""]",bango-file,inititem.dat,1693
580,1,aspeed,"[""800""]",bango-file,inititem.dat,1696
580,2,Dex,"[""2""]",bango-file,inititem.dat,1696
580,3,Attack,"[""77"",""167""]",bango-file,inititem.dat,1696
580,4,hp,"[""100""]",bango-file,inititem.dat,1696
580,5,hit,"[""70""]",bango-file,inititem.dat,1696
581,1,aspeed,"[""1000""]",bango-file,inititem.dat,1699
581,2,Int,"[""2""]",bango-file,inititem.dat,1699
581,3,Attack,"[""92"",""105""]",bango-file,inititem.dat,1699
581,4,Magic,"[""114"",""225""]",bango-file,inititem.dat,1699
581,5,hp,"[""150""]",bango-file,inititem.dat,1699
581,6,hit,"[""57""]",bango-file,inititem.dat,1699
582,1,aspeed,"[""1000""]",bango-file,inititem.dat,1702
582,2,Wis,"[""6""]",bango-file,inititem.dat,1702
582,3,Dex,"[""2""]",bango-file,inititem.dat,1702
582,4,Attack,"[""93"",""110""]",bango-file,inititem.dat,1702
582,5,Magic,"[""99"",""195""]",bango-file,inititem.dat,1702
582,6,mp,"[""200""]",bango-file,inititem.dat,1702
582,7,hit,"[""61""]",bango-file,inititem.dat,1702
583,1,aspeed,"[""1000""]",bango-file,inititem.dat,1705
583,2,Int,"[""2""]",bango-file,inititem.dat,1705
583,3,Attack,"[""81"",""102""]",bango-file,inititem.dat,1705
583,4,Magic,"[""106"",""240""]",bango-file,inititem.dat,1705
583,5,mp,"[""150""]",bango-file,inititem.dat,1705
583,6,hit,"[""57""]",bango-file,inititem.dat,1705
584,1,aspeed,"[""700""]",bango-file,inititem.dat,1708
584,2,Str,"[""4""]",bango-file,inititem.dat,1708
584,3,Hth,"[""3""]",bango-file,inititem.dat,1708
584,4,Dex,"[""1""]",bango-file,inititem.dat,1708
584,5,Attack,"[""220"",""275""]",bango-file,inititem.dat,1708
584,6,hp,"[""350""]",bango-file,inititem.dat,1708
584,7,hit,"[""79""]",bango-file,inititem.dat,1708
585,1,aspeed,"[""700""]",bango-file,inititem.dat,1711
585,2,Str,"[""6""]",bango-file,inititem.dat,1711
585,3,Hth,"[""2""]",bango-file,inititem.dat,1711
585,4,Attack,"[""245"",""300""]",bango-file,inititem.dat,1711
585,5,hp,"[""300""]",bango-file,inititem.dat,1711
585,6,hit,"[""76""]",bango-file,inititem.dat,1711
586,1,aspeed,"[""700""]",bango-file,inititem.dat,1714
586,2,Str,"[""2""]",bango-file,inititem.dat,1714
586,3,Hth,"[""4""]",bango-file,inititem.dat,1714
586,4,Wis,"[""1""]",bango-file,inititem.dat,1714
586,5,Dex,"[""2""]",bango-file,inititem.dat,1714
586,6,Attack,"[""210"",""260""]",bango-file,inititem.dat,1714
586,7,hp,"[""250""]",bango-file,inititem.dat,1714
586,8,mp,"[""150""]",bango-file,inititem.dat,1714
586,9,hit,"[""82""]",bango-file,inititem.dat,1714
587,1,aspeed,"[""1400""]",bango-file,inititem.dat,1717
587,2,Str,"[""6""]",bango-file,inititem.dat,1717
587,3,Hth,"[""2""]",bango-file,inititem.dat,1717
587,4,Attack,"[""440"",""530""]",bango-file,inititem.dat,1717
587,5,hp,"[""300""]",bango-file,inititem.dat,1717
587,6,hit,"[""79""]",bango-file,inititem.dat,1717
588,1,aspeed,"[""1400""]",bango-file,inititem.dat,1720
588,2,Str,"[""8""]",bango-file,inititem.dat,1720
588,3,Attack,"[""490"",""570""]",bango-file,inititem.dat,1720
588,4,hp,"[""250""]",bango-file,inititem.dat,1720
588,5,hit,"[""74""]",bango-file,inititem.dat,1720
589,1,aspeed,"[""1400""]",bango-file,inititem.dat,1723
589,2,Str,"[""4""]",bango-file,inititem.dat,1723
589,3,Hth,"[""3""]",bango-file,inititem.dat,1723
589,4,Wis,"[""1""]",bango-file,inititem.dat,1723
589,5,Dex,"[""1""]",bango-file,inititem.dat,1723
589,6,Attack,"[""420"",""510""]",bango-file,inititem.dat,1723
589,7,hp,"[""200""]",bango-file,inititem.dat,1723
589,8,mp,"[""100""]",bango-file,inititem.dat,1723
589,9,hit,"[""80""]",bango-file,inititem.dat,1723
590,1,aspeed,"[""800""]",bango-file,inititem.dat,1726
590,2,Str,"[""1""]",bango-file,inititem.dat,1726
590,3,Hth,"[""1""]",bango-file,inititem.dat,1726
590,4,Dex,"[""6""]",bango-file,inititem.dat,1726
590,5,Attack,"[""200"",""250""]",bango-file,inititem.dat,1726
590,6,hp,"[""300""]",bango-file,inititem.dat,1726
590,7,hit,"[""77""]",bango-file,inititem.dat,1726
591,1,aspeed,"[""800""]",bango-file,inititem.dat,1729
591,2,Str,"[""4""]",bango-file,inititem.dat,1729
591,3,Dex,"[""4""]",bango-file,inititem.dat,1729
591,4,Attack,"[""225"",""275""]",bango-file,inititem.dat,1729
591,5,hp,"[""250""]",bango-file,inititem.dat,1729
591,6,hit,"[""75""]",bango-file,inititem.dat,1729
592,1,aspeed,"[""800""]",bango-file,inititem.dat,1732
592,2,Hth,"[""1""]",bango-file,inititem.dat,1732
592,3,Wis,"[""2""]",bango-file,inititem.dat,1732
592,4,Dex,"[""5""]",bango-file,inititem.dat,1732
592,5,Attack,"[""190"",""240""]",bango-file,inititem.dat,1732
592,6,hp,"[""200""]",bango-file,inititem.dat,1732
592,7,mp,"[""100""]",bango-file,inititem.dat,1732
592,8,hit,"[""79""]",bango-file,inititem.dat,1732
593,1,aspeed,"[""1000""]",bango-file,inititem.dat,1735
593,2,Int,"[""6""]",bango-file,inititem.dat,1735
593,3,Wis,"[""2""]",bango-file,inititem.dat,1735
593,4,Attack,"[""151"",""161""]",bango-file,inititem.dat,1735
593,5,Magic,"[""270"",""360""]",bango-file,inititem.dat,1735
593,6,hp,"[""150""]",bango-file,inititem.dat,1735
593,7,mp,"[""100""]",bango-file,inititem.dat,1735
593,8,hit,"[""69""]",bango-file,inititem.dat,1735
594,1,aspeed,"[""1000""]",bango-file,inititem.dat,1738
594,2,Int,"[""8""]",bango-file,inititem.dat,1738
594,3,Attack,"[""169"",""179""]",bango-file,inititem.dat,1738
594,4,Magic,"[""290"",""380""]",bango-file,inititem.dat,1738
594,5,mp,"[""300""]",bango-file,inititem.dat,1738
594,6,hit,"[""67""]",bango-file,inititem.dat,1738
595,1,aspeed,"[""1000""]",bango-file,inititem.dat,1741
595,2,Wis,"[""12""]",bango-file,inititem.dat,1741
595,3,Dex,"[""4""]",bango-file,inititem.dat,1741
595,4,Attack,"[""135"",""145""]",bango-file,inititem.dat,1741
595,5,Magic,"[""230"",""320""]",bango-file,inititem.dat,1741
595,6,mp,"[""350""]",bango-file,inititem.dat,1741
595,7,hit,"[""81""]",bango-file,inititem.dat,1741
596,1,Str,"[""3""]",bango-file,inititem.dat,1746
596,2,Hth,"[""3""]",bango-file,inititem.dat,1746
596,3,Int,"[""3""]",bango-file,inititem.dat,1746
596,4,Wis,"[""3""]",bango-file,inititem.dat,1746
596,5,Dex,"[""3""]",bango-file,inititem.dat,1746
596,6,gstate,"[""14""]",bango-file,inititem.dat,1746
597,1,buff,"[""51"",""3600"",""0""]",bango-file,inititem.dat,1751
599,1,buff,"[""52"",""3600"",""0""]",bango-file,inititem.dat,1754
601,1,buff,"[""54"",""3600"",""0""]",bango-file,inititem.dat,1757
603,1,buff,"[""56"",""3600"",""0""]",bango-file,inititem.dat,1760
605,1,buff,"[""57"",""3600"",""0""]",bango-file,inititem.dat,1763
607,1,buff,"[""60"",""3600"",""5""]",bango-file,inititem.dat,1766
608,1,buff,"[""61"",""3600"",""10""]",bango-file,inititem.dat,1769
609,1,buff,"[""62"",""3600"",""5""]",bango-file,inititem.dat,1772
610,1,buff,"[""63"",""3600"",""10""]",bango-file,inititem.dat,1775
611,1,buff,"[""64"",""3600"",""5""]",bango-file,inititem.dat,1778
617,1,buff,"[""58"",""500"",""0""]",bango-file,inititem.dat,1781
618,1,buff,"[""59"",""500"",""0""]",bango-file,inititem.dat,1784
621,1,Str,"[""4""]",bango-file,inititem.dat,1789
621,2,Hth,"[""3""]",bango-file,inititem.dat,1789
621,3,defense,"[""52""]",bango-file,inititem.dat,1789
621,4,dodge,"[""19""]",bango-file,inititem.dat,1789
621,5,absorb,"[""6""]",bango-file,inititem.dat,1789
622,1,Hth,"[""2""]",bango-file,inititem.dat,1792
622,2,defense,"[""50""]",bango-file,inititem.dat,1792
622,3,dodge,"[""11""]",bango-file,inititem.dat,1792
622,4,absorb,"[""3""]",bango-file,inititem.dat,1792
623,1,Str,"[""2""]",bango-file,inititem.dat,1795
623,2,defense,"[""51""]",bango-file,inititem.dat,1795
623,3,dodge,"[""8""]",bango-file,inititem.dat,1795
623,4,absorb,"[""2""]",bango-file,inititem.dat,1795
624,1,Dex,"[""2""]",bango-file,inititem.dat,1798
624,2,defense,"[""37""]",bango-file,inititem.dat,1798
624,3,dodge,"[""21""]",bango-file,inititem.dat,1798
624,4,absorb,"[""2""]",bango-file,inititem.dat,1798
625,1,Hth,"[""2""]",bango-file,inititem.dat,1801
625,2,defense,"[""32""]",bango-file,inititem.dat,1801
625,3,dodge,"[""21""]",bango-file,inititem.dat,1801
625,4,absorb,"[""4""]",bango-file,inititem.dat,1801
626,1,Hth,"[""3""]",bango-file,inititem.dat,1804
626,2,Dex,"[""4""]",bango-file,inititem.dat,1804
626,3,defense,"[""54""]",bango-file,inititem.dat,1804
626,4,dodge,"[""19""]",bango-file,inititem.dat,1804
626,5,absorb,"[""4""]",bango-file,inititem.dat,1804
627,1,Hth,"[""2""]",bango-file,inititem.dat,1807
627,2,defense,"[""35""]",bango-file,inititem.dat,1807
627,3,dodge,"[""12""]",bango-file,inititem.dat,1807
627,4,absorb,"[""2""]",bango-file,inititem.dat,1807
628,1,Str,"[""2""]",bango-file,inititem.dat,1810
628,2,defense,"[""33""]",bango-file,inititem.dat,1810
628,3,dodge,"[""11""]",bango-file,inititem.dat,1810
628,4,absorb,"[""2""]",bango-file,inititem.dat,1810
629,1,Dex,"[""2""]",bango-file,inititem.dat,1813
629,2,defense,"[""32""]",bango-file,inititem.dat,1813
629,3,dodge,"[""34""]",bango-file,inititem.dat,1813
629,4,absorb,"[""1""]",bango-file,inititem.dat,1813
630,1,Hth,"[""2""]",bango-file,inititem.dat,1816
630,2,defense,"[""22""]",bango-file,inititem.dat,1816
630,3,dodge,"[""39""]",bango-file,inititem.dat,1816
630,4,absorb,"[""2""]",bango-file,inititem.dat,1816
631,1,Hth,"[""3""]",bango-file,inititem.dat,1819
631,2,Int,"[""4""]",bango-file,inititem.dat,1819
631,3,defense,"[""35""]",bango-file,inititem.dat,1819
631,4,dodge,"[""27""]",bango-file,inititem.dat,1819
631,5,resistfire,"[""7""]",bango-file,inititem.dat,1819
631,6,resistice,"[""7""]",bango-file,inititem.dat,1819
631,7,resistlitning,"[""7""]",bango-file,inititem.dat,1819
631,8,resistcurse,"[""4""]",bango-file,inititem.dat,1819
631,9,resistpalsy,"[""4""]",bango-file,inititem.dat,1819
632,1,Hth,"[""2""]",bango-file,inititem.dat,1822
632,2,defense,"[""28""]",bango-file,inititem.dat,1822
632,3,dodge,"[""14""]",bango-file,inititem.dat,1822
632,4,resistfire,"[""6""]",bango-file,inititem.dat,1822
632,5,resistice,"[""6""]",bango-file,inititem.dat,1822
632,6,resistlitning,"[""6""]",bango-file,inititem.dat,1822
632,7,resistcurse,"[""3""]",bango-file,inititem.dat,1822
632,8,resistpalsy,"[""3""]",bango-file,inititem.dat,1822
633,1,Wis,"[""2""]",bango-file,inititem.dat,1825
633,2,defense,"[""28""]",bango-file,inititem.dat,1825
633,3,dodge,"[""12""]",bango-file,inititem.dat,1825
633,4,resistfire,"[""5""]",bango-file,inititem.dat,1825
633,5,resistice,"[""5""]",bango-file,inititem.dat,1825
633,6,resistlitning,"[""5""]",bango-file,inititem.dat,1825
633,7,resistcurse,"[""3""]",bango-file,inititem.dat,1825
633,8,resistpalsy,"[""3""]",bango-file,inititem.dat,1825
634,1,Wis,"[""2""]",bango-file,inititem.dat,1828
634,2,defense,"[""32""]",bango-file,inititem.dat,1828
634,3,dodge,"[""24""]",bango-file,inititem.dat,1828
634,4,resistfire,"[""3""]",bango-file,inititem.dat,1828
634,5,resistice,"[""3""]",bango-file,inititem.dat,1828
634,6,resistlitning,"[""3""]",bango-file,inititem.dat,1828
634,7,resistcurse,"[""4""]",bango-file,inititem.dat,1828
634,8,resistpalsy,"[""4""]",bango-file,inititem.dat,1828
635,1,Hth,"[""2""]",bango-file,inititem.dat,1831
635,2,defense,"[""25""]",bango-file,inititem.dat,1831
635,3,dodge,"[""30""]",bango-file,inititem.dat,1831
635,4,resistfire,"[""3""]",bango-file,inititem.dat,1831
635,5,resistice,"[""3""]",bango-file,inititem.dat,1831
635,6,resistlitning,"[""3""]",bango-file,inititem.dat,1831
635,7,resistcurse,"[""3""]",bango-file,inititem.dat,1831
635,8,resistpalsy,"[""3""]",bango-file,inititem.dat,1831
636,1,buff,"[""99"",""604800"",""0""]",bango-file,inititem.dat,1836
637,1,buff,"[""101"",""604800"",""0""]",bango-file,inititem.dat,1839
638,1,buff,"[""100"",""3600"",""0""]",bango-file,inititem.dat,1842
654,1,hp,"[""100""]",bango-file,inititem.dat,1883
655,1,hp,"[""100""]",bango-file,inititem.dat,1885
656,1,hp,"[""100""]",bango-file,inititem.dat,1887
665,1,aspeed,"[""700""]",bango-file,inititem.dat,1918
665,2,Str,"[""5""]",bango-file,inititem.dat,1918
665,3,Hth,"[""4""]",bango-file,inititem.dat,1918
665,4,Dex,"[""1""]",bango-file,inititem.dat,1918
665,5,Attack,"[""300"",""370""]",bango-file,inititem.dat,1918
665,6,hp,"[""450""]",bango-file,inititem.dat,1918
665,7,hit,"[""83""]",bango-file,inititem.dat,1918
666,1,aspeed,"[""1400""]",bango-file,inititem.dat,1921
666,2,Str,"[""7""]",bango-file,inititem.dat,1921
666,3,Hth,"[""3""]",bango-file,inititem.dat,1921
666,4,Attack,"[""560"",""620""]",bango-file,inititem.dat,1921
666,5,hp,"[""400""]",bango-file,inititem.dat,1921
666,6,hit,"[""82""]",bango-file,inititem.dat,1921
667,1,aspeed,"[""800""]",bango-file,inititem.dat,1924
667,2,Str,"[""1""]",bango-file,inititem.dat,1924
667,3,Hth,"[""2""]",bango-file,inititem.dat,1924
667,4,Dex,"[""7""]",bango-file,inititem.dat,1924
667,5,Attack,"[""280"",""360""]",bango-file,inititem.dat,1924
667,6,hp,"[""400""]",bango-file,inititem.dat,1924
667,7,hit,"[""81""]",bango-file,inititem.dat,1924
668,1,aspeed,"[""1000""]",bango-file,inititem.dat,1927
668,2,Int,"[""7""]",bango-file,inititem.dat,1927
668,3,Wis,"[""3""]",bango-file,inititem.dat,1927
668,4,Attack,"[""189"",""199""]",bango-file,inititem.dat,1927
668,5,Magic,"[""350"",""420""]",bango-file,inititem.dat,1927
668,6,hp,"[""250""]",bango-file,inititem.dat,1927
668,7,mp,"[""150""]",bango-file,inititem.dat,1927
668,8,hit,"[""72""]",bango-file,inititem.dat,1927
669,1,aspeed,"[""700""]",bango-file,inititem.dat,1930
669,2,Str,"[""6""]",bango-file,inititem.dat,1930
669,3,Hth,"[""4""]",bango-file,inititem.dat,1930
669,4,Dex,"[""2""]",bango-file,inititem.dat,1930
669,5,Attack,"[""360"",""430""]",bango-file,inititem.dat,1930
669,6,hp,"[""550""]",bango-file,inititem.dat,1930
669,7,hit,"[""86""]",bango-file,inititem.dat,1930
670,1,aspeed,"[""1400""]",bango-file,inititem.dat,1933
670,2,Str,"[""9""]",bango-file,inititem.dat,1933
670,3,Hth,"[""3""]",bango-file,inititem.dat,1933
670,4,Attack,"[""600"",""670""]",bango-file,inititem.dat,1933
670,5,hp,"[""500""]",bango-file,inititem.dat,1933
670,6,hit,"[""85""]",bango-file,inititem.dat,1933
671,1,aspeed,"[""800""]",bango-file,inititem.dat,1936
671,2,Str,"[""1""]",bango-file,inititem.dat,1936
671,3,Hth,"[""2""]",bango-file,inititem.dat,1936
671,4,Dex,"[""9""]",bango-file,inititem.dat,1936
671,5,Attack,"[""345"",""415""]",bango-file,inititem.dat,1936
671,6,hp,"[""450""]",bango-file,inititem.dat,1936
671,7,mp,"[""50""]",bango-file,inititem.dat,1936
671,8,hit,"[""84""]",bango-file,inititem.dat,1936
672,1,aspeed,"[""1000""]",bango-file,inititem.dat,1939
672,2,Hth,"[""1""]",bango-file,inititem.dat,1939
672,3,Int,"[""8""]",bango-file,inititem.dat,1939
672,4,Wis,"[""3""]",bango-file,inititem.dat,1939
672,5,Attack,"[""210"",""220""]",bango-file,inititem.dat,1939
672,6,Magic,"[""420"",""490""]",bango-file,inititem.dat,1939
672,7,hp,"[""350""]",bango-file,inititem.dat,1939
672,8,mp,"[""200""]",bango-file,inititem.dat,1939
672,9,hit,"[""75""]",bango-file,inititem.dat,1939
673,1,Str,"[""6""]",bango-file,inititem.dat,1944
673,2,Hth,"[""3""]",bango-file,inititem.dat,1944
673,3,defense,"[""60""]",bango-file,inititem.dat,1944
673,4,dodge,"[""21""]",bango-file,inititem.dat,1944
673,5,absorb,"[""7""]",bango-file,inititem.dat,1944
674,1,Str,"[""1""]",bango-file,inititem.dat,1947
674,2,Hth,"[""2""]",bango-file,inititem.dat,1947
674,3,defense,"[""58""]",bango-file,inititem.dat,1947
674,4,dodge,"[""13""]",bango-file,inititem.dat,1947
674,5,absorb,"[""4""]",bango-file,inititem.dat,1947
675,1,Str,"[""3""]",bango-file,inititem.dat,1950
675,2,defense,"[""59""]",bango-file,inititem.dat,1950
675,3,dodge,"[""10""]",bango-file,inititem.dat,1950
675,4,absorb,"[""3""]",bango-file,inititem.dat,1950
676,1,Hth,"[""1""]",bango-file,inititem.dat,1953
676,2,Dex,"[""2""]",bango-file,inititem.dat,1953
676,3,defense,"[""45""]",bango-file,inititem.dat,1953
676,4,dodge,"[""23""]",bango-file,inititem.dat,1953
676,5,absorb,"[""3""]",bango-file,inititem.dat,1953
677,1,Str,"[""1""]",bango-file,inititem.dat,1956
677,2,Hth,"[""2""]",bango-file,inititem.dat,1956
677,3,defense,"[""40""]",bango-file,inititem.dat,1956
677,4,dodge,"[""23""]",bango-file,inititem.dat,1956
677,5,absorb,"[""5""]",bango-file,inititem.dat,1956
678,1,Str,"[""2""]",bango-file,inititem.dat,1959
678,2,Hth,"[""3""]",bango-file,inititem.dat,1959
678,3,Dex,"[""4""]",bango-file,inititem.dat,1959
678,4,defense,"[""62""]",bango-file,inititem.dat,1959
678,5,dodge,"[""22""]",bango-file,inititem.dat,1959
678,6,absorb,"[""5""]",bango-file,inititem.dat,1959
679,1,Str,"[""1""]",bango-file,inititem.dat,1962
679,2,Hth,"[""2""]",bango-file,inititem.dat,1962
679,3,defense,"[""40""]",bango-file,inititem.dat,1962
679,4,dodge,"[""14""]",bango-file,inititem.dat,1962
679,5,absorb,"[""3""]",bango-file,inititem.dat,1962
680,1,Str,"[""3""]",bango-file,inititem.dat,1965
680,2,defense,"[""38""]",bango-file,inititem.dat,1965
680,3,dodge,"[""13""]",bango-file,inititem.dat,1965
680,4,absorb,"[""3""]",bango-file,inititem.dat,1965
681,1,Hth,"[""1""]",bango-file,inititem.dat,1968
681,2,Dex,"[""2""]",bango-file,inititem.dat,1968
681,3,defense,"[""36""]",bango-file,inititem.dat,1968
681,4,dodge,"[""42""]",bango-file,inititem.dat,1968
681,5,absorb,"[""2""]",bango-file,inititem.dat,1968
682,1,Str,"[""1""]",bango-file,inititem.dat,1971
682,2,Hth,"[""2""]",bango-file,inititem.dat,1971
682,3,defense,"[""25""]",bango-file,inititem.dat,1971
682,4,dodge,"[""46""]",bango-file,inititem.dat,1971
682,5,absorb,"[""3""]",bango-file,inititem.dat,1971
683,1,Hth,"[""3""]",bango-file,inititem.dat,1974
683,2,Int,"[""6""]",bango-file,inititem.dat,1974
683,3,defense,"[""41""]",bango-file,inititem.dat,1974
683,4,dodge,"[""31""]",bango-file,inititem.dat,1974
683,5,resistfire,"[""8""]",bango-file,inititem.dat,1974
683,6,resistice,"[""8""]",bango-file,inititem.dat,1974
683,7,resistlitning,"[""8""]",bango-file,inititem.dat,1974
683,8,resistcurse,"[""5""]",bango-file,inititem.dat,1974
683,9,resistpalsy,"[""5""]",bango-file,inititem.dat,1974
684,1,Hth,"[""2""]",bango-file,inititem.dat,1977
684,2,Int,"[""1""]",bango-file,inititem.dat,1977
684,3,defense,"[""33""]",bango-file,inititem.dat,1977
684,4,dodge,"[""16""]",bango-file,inititem.dat,1977
684,5,resistfire,"[""7""]",bango-file,inititem.dat,1977
684,6,resistice,"[""7""]",bango-file,inititem.dat,1977
684,7,resistlitning,"[""7""]",bango-file,inititem.dat,1977
684,8,resistcurse,"[""4""]",bango-file,inititem.dat,1977
684,9,resistpalsy,"[""4""]",bango-file,inititem.dat,1977
685,1,Int,"[""1""]",bango-file,inititem.dat,1980
685,2,Wis,"[""2""]",bango-file,inititem.dat,1980
685,3,defense,"[""33""]",bango-file,inititem.dat,1980
685,4,dodge,"[""14""]",bango-file,inititem.dat,1980
685,5,resistfire,"[""6""]",bango-file,inititem.dat,1980
685,6,resistice,"[""6""]",bango-file,inititem.dat,1980
685,7,resistlitning,"[""6""]",bango-file,inititem.dat,1980
685,8,resistcurse,"[""4""]",bango-file,inititem.dat,1980
685,9,resistpalsy,"[""4""]",bango-file,inititem.dat,1980
686,1,Int,"[""1""]",bango-file,inititem.dat,1983
686,2,Wis,"[""2""]",bango-file,inititem.dat,1983
686,3,defense,"[""38""]",bango-file,inititem.dat,1983
686,4,dodge,"[""27""]",bango-file,inititem.dat,1983
686,5,resistfire,"[""4""]",bango-file,inititem.dat,1983
686,6,resistice,"[""4""]",bango-file,inititem.dat,1983
686,7,resistlitning,"[""4""]",bango-file,inititem.dat,1983
686,8,resistcurse,"[""5""]",bango-file,inititem.dat,1983
686,9,resistpalsy,"[""5""]",bango-file,inititem.dat,1983
687,1,Hth,"[""2""]",bango-file,inititem.dat,1986
687,2,Int,"[""1""]",bango-file,inititem.dat,1986
687,3,defense,"[""29""]",bango-file,inititem.dat,1986
687,4,dodge,"[""35""]",bango-file,inititem.dat,1986
687,5,resistfire,"[""4""]",bango-file,inititem.dat,1986
687,6,resistice,"[""4""]",bango-file,inititem.dat,1986
687,7,resistlitning,"[""4""]",bango-file,inititem.dat,1986
687,8,resistcurse,"[""4""]",bango-file,inititem.dat,1986
687,9,resistpalsy,"[""4""]",bango-file,inititem.dat,1986
688,1,defense,"[""34""]",bango-file,inititem.dat,1990
688,2,dodge,"[""10""]",bango-file,inititem.dat,1990
688,3,absorb,"[""2""]",bango-file,inititem.dat,1990
691,1,aspeed,"[""700""]",bango-file,inititem.dat,2003
691,2,Str,"[""1""]",bango-file,inititem.dat,2003
691,3,Hth,"[""2""]",bango-file,inititem.dat,2003
691,4,Dex,"[""1""]",bango-file,inititem.dat,2003
691,5,Attack,"[""167"",""207""]",bango-file,inititem.dat,2003
691,6,hp,"[""200""]",bango-file,inititem.dat,2003
691,7,hit,"[""74""]",bango-file,inititem.dat,2003
692,1,aspeed,"[""700""]",bango-file,inititem.dat,2006
692,2,Str,"[""4""]",bango-file,inititem.dat,2006
692,3,Attack,"[""182"",""222""]",bango-file,inititem.dat,2006
692,4,hp,"[""150""]",bango-file,inititem.dat,2006
692,5,hit,"[""70""]",bango-file,inititem.dat,2006
693,1,aspeed,"[""700""]",bango-file,inititem.dat,2009
693,2,Str,"[""1""]",bango-file,inititem.dat,2009
693,3,Hth,"[""2""]",bango-file,inititem.dat,2009
693,4,Wis,"[""1""]",bango-file,inititem.dat,2009
693,5,Dex,"[""1""]",bango-file,inititem.dat,2009
693,6,Attack,"[""152"",""192""]",bango-file,inititem.dat,2009
693,7,hp,"[""100""]",bango-file,inititem.dat,2009
693,8,mp,"[""50""]",bango-file,inititem.dat,2009
693,9,hit,"[""78""]",bango-file,inititem.dat,2009
694,1,aspeed,"[""1400""]",bango-file,inititem.dat,2012
694,2,Str,"[""3""]",bango-file,inititem.dat,2012
694,3,Dex,"[""1""]",bango-file,inititem.dat,2012
694,4,Attack,"[""400"",""480""]",bango-file,inititem.dat,2012
694,5,hp,"[""150""]",bango-file,inititem.dat,2012
694,6,hit,"[""74""]",bango-file,inititem.dat,2012
695,1,aspeed,"[""1400""]",bango-file,inititem.dat,2015
695,2,Str,"[""5""]",bango-file,inititem.dat,2015
695,3,Attack,"[""440"",""520""]",bango-file,inititem.dat,2015
695,4,hp,"[""100""]",bango-file,inititem.dat,2015
695,5,hit,"[""68""]",bango-file,inititem.dat,2015
696,1,aspeed,"[""1400""]",bango-file,inititem.dat,2018
696,2,Str,"[""2""]",bango-file,inititem.dat,2018
696,3,Wis,"[""1""]",bango-file,inititem.dat,2018
696,4,Dex,"[""1""]",bango-file,inititem.dat,2018
696,5,Attack,"[""370"",""450""]",bango-file,inititem.dat,2018
696,6,hp,"[""100""]",bango-file,inititem.dat,2018
696,7,mp,"[""50""]",bango-file,inititem.dat,2018
696,8,hit,"[""76""]",bango-file,inititem.dat,2018
697,1,aspeed,"[""800""]",bango-file,inititem.dat,2021
697,2,Str,"[""1""]",bango-file,inititem.dat,2021
697,3,Dex,"[""3""]",bango-file,inititem.dat,2021
697,4,Attack,"[""132"",""202""]",bango-file,inititem.dat,2021
697,5,hp,"[""150""]",bango-file,inititem.dat,2021
697,6,hit,"[""72""]",bango-file,inititem.dat,2021
698,1,aspeed,"[""800""]",bango-file,inititem.dat,2024
698,2,Dex,"[""4""]",bango-file,inititem.dat,2024
698,3,Attack,"[""147"",""217""]",bango-file,inititem.dat,2024
698,4,hp,"[""100""]",bango-file,inititem.dat,2024
698,5,mp,"[""50""]",bango-file,inititem.dat,2024
698,6,hit,"[""70""]",bango-file,inititem.dat,2024
699,1,aspeed,"[""800""]",bango-file,inititem.dat,2027
699,2,Str,"[""2""]",bango-file,inititem.dat,2027
699,3,Dex,"[""3""]",bango-file,inititem.dat,2027
699,4,Attack,"[""117"",""187""]",bango-file,inititem.dat,2027
699,5,hp,"[""100""]",bango-file,inititem.dat,2027
699,6,hit,"[""74""]",bango-file,inititem.dat,2027
700,1,aspeed,"[""1000""]",bango-file,inititem.dat,2030
700,2,Int,"[""3""]",bango-file,inititem.dat,2030
700,3,Wis,"[""1""]",bango-file,inititem.dat,2030
700,4,Attack,"[""119"",""129""]",bango-file,inititem.dat,2030
700,5,Magic,"[""155"",""245""]",bango-file,inititem.dat,2030
700,6,hp,"[""150""]",bango-file,inititem.dat,2030
700,7,hit,"[""64""]",bango-file,inititem.dat,2030
701,1,aspeed,"[""1000""]",bango-file,inititem.dat,2033
701,2,Int,"[""4""]",bango-file,inititem.dat,2033
701,3,Attack,"[""131"",""141""]",bango-file,inititem.dat,2033
701,4,Magic,"[""170"",""260""]",bango-file,inititem.dat,2033
701,5,mp,"[""200""]",bango-file,inititem.dat,2033
701,6,hit,"[""62""]",bango-file,inititem.dat,2033
702,1,aspeed,"[""1000""]",bango-file,inititem.dat,2036
702,2,Wis,"[""8""]",bango-file,inititem.dat,2036
702,3,Dex,"[""3""]",bango-file,inititem.dat,2036
702,4,Attack,"[""105"",""115""]",bango-file,inititem.dat,2036
702,5,Magic,"[""120"",""200""]",bango-file,inititem.dat,2036
702,6,mp,"[""150""]",bango-file,inititem.dat,2036
702,7,hit,"[""66""]",bango-file,inititem.dat,2036
703,1,aspeed,"[""700""]",bango-file,inititem.dat,2039
703,2,Str,"[""2""]",bango-file,inititem.dat,2039
703,3,Hth,"[""2""]",bango-file,inititem.dat,2039
703,4,Dex,"[""1""]",bango-file,inititem.dat,2039
703,5,Attack,"[""187"",""227""]",bango-file,inititem.dat,2039
703,6,hp,"[""250""]",bango-file,inititem.dat,2039
703,7,hit,"[""76""]",bango-file,inititem.dat,2039
704,1,aspeed,"[""700""]",bango-file,inititem.dat,2042
704,2,Str,"[""4""]",bango-file,inititem.dat,2042
704,3,Hth,"[""1""]",bango-file,inititem.dat,2042
704,4,Attack,"[""202"",""242""]",bango-file,inititem.dat,2042
704,5,hp,"[""200""]",bango-file,inititem.dat,2042
704,6,hit,"[""73""]",bango-file,inititem.dat,2042
705,1,aspeed,"[""700""]",bango-file,inititem.dat,2045
705,2,Str,"[""1""]",bango-file,inititem.dat,2045
705,3,Hth,"[""2""]",bango-file,inititem.dat,2045
705,4,Wis,"[""1""]",bango-file,inititem.dat,2045
705,5,Dex,"[""2""]",bango-file,inititem.dat,2045
705,6,Attack,"[""172"",""212""]",bango-file,inititem.dat,2045
705,7,hp,"[""150""]",bango-file,inititem.dat,2045
705,8,mp,"[""50""]",bango-file,inititem.dat,2045
705,9,hit,"[""79""]",bango-file,inititem.dat,2045
706,1,aspeed,"[""1400""]",bango-file,inititem.dat,2048
706,2,Str,"[""4""]",bango-file,inititem.dat,2048
706,3,Dex,"[""1""]",bango-file,inititem.dat,2048
706,4,Attack,"[""430"",""490""]",bango-file,inititem.dat,2048
706,5,hp,"[""200""]",bango-file,inititem.dat,2048
706,6,hit,"[""76""]",bango-file,inititem.dat,2048
707,1,aspeed,"[""1400""]",bango-file,inititem.dat,2051
707,2,Str,"[""6""]",bango-file,inititem.dat,2051
707,3,Attack,"[""470"",""530""]",bango-file,inititem.dat,2051
707,4,hp,"[""150""]",bango-file,inititem.dat,2051
707,5,hit,"[""71""]",bango-file,inititem.dat,2051
708,1,aspeed,"[""1400""]",bango-file,inititem.dat,2054
708,2,Str,"[""3""]",bango-file,inititem.dat,2054
708,3,Wis,"[""1""]",bango-file,inititem.dat,2054
708,4,Dex,"[""1""]",bango-file,inititem.dat,2054
708,5,Attack,"[""410"",""470""]",bango-file,inititem.dat,2054
708,6,hp,"[""150""]",bango-file,inititem.dat,2054
708,7,mp,"[""50""]",bango-file,inititem.dat,2054
708,8,hit,"[""77""]",bango-file,inititem.dat,2054
709,1,aspeed,"[""800""]",bango-file,inititem.dat,2057
709,2,Str,"[""1""]",bango-file,inititem.dat,2057
709,3,Dex,"[""4""]",bango-file,inititem.dat,2057
709,4,Attack,"[""157"",""217""]",bango-file,inititem.dat,2057
709,5,hp,"[""200""]",bango-file,inititem.dat,2057
709,6,hit,"[""74""]",bango-file,inititem.dat,2057
710,1,aspeed,"[""800""]",bango-file,inititem.dat,2060
710,2,Str,"[""1""]",bango-file,inititem.dat,2060
710,3,Dex,"[""4""]",bango-file,inititem.dat,2060
710,4,Attack,"[""172"",""232""]",bango-file,inititem.dat,2060
710,5,hp,"[""150""]",bango-file,inititem.dat,2060
710,6,mp,"[""50""]",bango-file,inititem.dat,2060
710,7,hit,"[""72""]",bango-file,inititem.dat,2060
711,1,aspeed,"[""800""]",bango-file,inititem.dat,2063
711,2,Dex,"[""5""]",bango-file,inititem.dat,2063
711,3,Attack,"[""142"",""202""]",bango-file,inititem.dat,2063
711,4,hp,"[""150""]",bango-file,inititem.dat,2063
711,5,hit,"[""76""]",bango-file,inititem.dat,2063
712,1,aspeed,"[""1000""]",bango-file,inititem.dat,2066
712,2,Int,"[""4""]",bango-file,inititem.dat,2066
712,3,Wis,"[""1""]",bango-file,inititem.dat,2066
712,4,Attack,"[""135"",""145""]",bango-file,inititem.dat,2066
712,5,Magic,"[""200"",""280""]",bango-file,inititem.dat,2066
712,6,hp,"[""200""]",bango-file,inititem.dat,2066
712,7,hit,"[""66""]",bango-file,inititem.dat,2066
713,1,aspeed,"[""1000""]",bango-file,inititem.dat,2069
713,2,Int,"[""5""]",bango-file,inititem.dat,2069
713,3,Attack,"[""150"",""160""]",bango-file,inititem.dat,2069
713,4,Magic,"[""220"",""300""]",bango-file,inititem.dat,2069
713,5,mp,"[""250""]",bango-file,inititem.dat,2069
713,6,hit,"[""64""]",bango-file,inititem.dat,2069
714,1,aspeed,"[""1000""]",bango-file,inititem.dat,2072
714,2,Wis,"[""9""]",bango-file,inititem.dat,2072
714,3,Dex,"[""4""]",bango-file,inititem.dat,2072
714,4,Attack,"[""120"",""130""]",bango-file,inititem.dat,2072
714,5,Magic,"[""160"",""240""]",bango-file,inititem.dat,2072
714,6,mp,"[""200""]",bango-file,inititem.dat,2072
714,7,hit,"[""68""]",bango-file,inititem.dat,2072
715,1,Str,"[""3""]",bango-file,inititem.dat,2075
715,2,Hth,"[""2""]",bango-file,inititem.dat,2075
715,3,defense,"[""44""]",bango-file,inititem.dat,2075
715,4,dodge,"[""17""]",bango-file,inititem.dat,2075
715,5,absorb,"[""5""]",bango-file,inititem.dat,2075
716,1,Hth,"[""1""]",bango-file,inititem.dat,2078
716,2,defense,"[""42""]",bango-file,inititem.dat,2078
716,3,dodge,"[""9""]",bango-file,inititem.dat,2078
716,4,absorb,"[""2""]",bango-file,inititem.dat,2078
717,1,Str,"[""1""]",bango-file,inititem.dat,2081
717,2,defense,"[""43""]",bango-file,inititem.dat,2081
717,3,dodge,"[""6""]",bango-file,inititem.dat,2081
717,4,absorb,"[""1""]",bango-file,inititem.dat,2081
718,1,Dex,"[""1""]",bango-file,inititem.dat,2084
718,2,defense,"[""32""]",bango-file,inititem.dat,2084
718,3,dodge,"[""19""]",bango-file,inititem.dat,2084
718,4,absorb,"[""2""]",bango-file,inititem.dat,2084
719,1,Hth,"[""1""]",bango-file,inititem.dat,2087
719,2,defense,"[""28""]",bango-file,inititem.dat,2087
719,3,dodge,"[""19""]",bango-file,inititem.dat,2087
719,4,absorb,"[""3""]",bango-file,inititem.dat,2087
720,1,Hth,"[""2""]",bango-file,inititem.dat,2090
720,2,Dex,"[""3""]",bango-file,inititem.dat,2090
720,3,defense,"[""46""]",bango-file,inititem.dat,2090
720,4,dodge,"[""16""]",bango-file,inititem.dat,2090
720,5,absorb,"[""3""]",bango-file,inititem.dat,2090
721,1,Hth,"[""1""]",bango-file,inititem.dat,2093
721,2,defense,"[""30""]",bango-file,inititem.dat,2093
721,3,dodge,"[""10""]",bango-file,inititem.dat,2093
721,4,absorb,"[""1""]",bango-file,inititem.dat,2093
722,1,Str,"[""1""]",bango-file,inititem.dat,2096
722,2,defense,"[""28""]",bango-file,inititem.dat,2096
722,3,dodge,"[""9""]",bango-file,inititem.dat,2096
722,4,absorb,"[""1""]",bango-file,inititem.dat,2096
723,1,Dex,"[""1""]",bango-file,inititem.dat,2099
723,2,defense,"[""28""]",bango-file,inititem.dat,2099
723,3,dodge,"[""26""]",bango-file,inititem.dat,2099
723,4,absorb,"[""1""]",bango-file,inititem.dat,2099
724,1,Hth,"[""1""]",bango-file,inititem.dat,2102
724,2,defense,"[""19""]",bango-file,inititem.dat,2102
724,3,dodge,"[""32""]",bango-file,inititem.dat,2102
724,4,absorb,"[""1""]",bango-file,inititem.dat,2102
725,1,Hth,"[""2""]",bango-file,inititem.dat,2105
725,2,Int,"[""3""]",bango-file,inititem.dat,2105
725,3,defense,"[""29""]",bango-file,inititem.dat,2105
725,4,dodge,"[""23""]",bango-file,inititem.dat,2105
725,5,resistfire,"[""6""]",bango-file,inititem.dat,2105
725,6,resistice,"[""6""]",bango-file,inititem.dat,2105
725,7,resistlitning,"[""6""]",bango-file,inititem.dat,2105
725,8,resistcurse,"[""3""]",bango-file,inititem.dat,2105
725,9,resistpalsy,"[""3""]",bango-file,inititem.dat,2105
726,1,Hth,"[""1""]",bango-file,inititem.dat,2108
726,2,defense,"[""23""]",bango-file,inititem.dat,2108
726,3,dodge,"[""12""]",bango-file,inititem.dat,2108
726,4,resistfire,"[""5""]",bango-file,inititem.dat,2108
726,5,resistice,"[""5""]",bango-file,inititem.dat,2108
726,6,resistlitning,"[""5""]",bango-file,inititem.dat,2108
726,7,resistcurse,"[""2""]",bango-file,inititem.dat,2108
726,8,resistpalsy,"[""2""]",bango-file,inititem.dat,2108
727,1,Wis,"[""1""]",bango-file,inititem.dat,2111
727,2,defense,"[""23""]",bango-file,inititem.dat,2111
727,3,dodge,"[""10""]",bango-file,inititem.dat,2111
727,4,resistfire,"[""4""]",bango-file,inititem.dat,2111
727,5,resistice,"[""4""]",bango-file,inititem.dat,2111
727,6,resistlitning,"[""4""]",bango-file,inititem.dat,2111
727,7,resistcurse,"[""3""]",bango-file,inititem.dat,2111
727,8,resistpalsy,"[""3""]",bango-file,inititem.dat,2111
728,1,Wis,"[""1""]",bango-file,inititem.dat,2114
728,2,defense,"[""26""]",bango-file,inititem.dat,2114
728,3,dodge,"[""21""]",bango-file,inititem.dat,2114
728,4,resistfire,"[""3""]",bango-file,inititem.dat,2114
728,5,resistice,"[""3""]",bango-file,inititem.dat,2114
728,6,resistlitning,"[""3""]",bango-file,inititem.dat,2114
728,7,resistcurse,"[""3""]",bango-file,inititem.dat,2114
728,8,resistpalsy,"[""3""]",bango-file,inititem.dat,2114
729,1,Hth,"[""1""]",bango-file,inititem.dat,2117
729,2,defense,"[""21""]",bango-file,inititem.dat,2117
729,3,dodge,"[""25""]",bango-file,inititem.dat,2117
729,4,resistfire,"[""3""]",bango-file,inititem.dat,2117
729,5,resistice,"[""3""]",bango-file,inititem.dat,2117
729,6,resistlitning,"[""3""]",bango-file,inititem.dat,2117
729,7,resistcurse,"[""2""]",bango-file,inititem.dat,2117
729,8,resistpalsy,"[""2""]",bango-file,inititem.dat,2117
730,1,Str,"[""4""]",bango-file,inititem.dat,2120
730,2,Hth,"[""3""]",bango-file,inititem.dat,2120
730,3,defense,"[""52""]",bango-file,inititem.dat,2120
730,4,dodge,"[""19""]",bango-file,inititem.dat,2120
730,5,absorb,"[""6""]",bango-file,inititem.dat,2120
731,1,Hth,"[""2""]",bango-file,inititem.dat,2123
731,2,defense,"[""50""]",bango-file,inititem.dat,2123
731,3,dodge,"[""11""]",bango-file,inititem.dat,2123
731,4,absorb,"[""3""]",bango-file,inititem.dat,2123
732,1,Str,"[""2""]",bango-file,inititem.dat,2126
732,2,defense,"[""51""]",bango-file,inititem.dat,2126
732,3,dodge,"[""8""]",bango-file,inititem.dat,2126
732,4,absorb,"[""2""]",bango-file,inititem.dat,2126
733,1,Dex,"[""2""]",bango-file,inititem.dat,2129
733,2,defense,"[""37""]",bango-file,inititem.dat,2129
733,3,dodge,"[""21""]",bango-file,inititem.dat,2129
733,4,absorb,"[""2""]",bango-file,inititem.dat,2129
734,1,Hth,"[""2""]",bango-file,inititem.dat,2132
734,2,defense,"[""32""]",bango-file,inititem.dat,2132
734,3,dodge,"[""21""]",bango-file,inititem.dat,2132
734,4,absorb,"[""4""]",bango-file,inititem.dat,2132
735,1,Hth,"[""3""]",bango-file,inititem.dat,2135
735,2,Dex,"[""4""]",bango-file,inititem.dat,2135
735,3,defense,"[""54""]",bango-file,inititem.dat,2135
735,4,dodge,"[""19""]",bango-file,inititem.dat,2135
735,5,absorb,"[""4""]",bango-file,inititem.dat,2135
736,1,Hth,"[""2""]",bango-file,inititem.dat,2138
736,2,defense,"[""35""]",bango-file,inititem.dat,2138
736,3,dodge,"[""12""]",bango-file,inititem.dat,2138
736,4,absorb,"[""2""]",bango-file,inititem.dat,2138
737,1,Str,"[""2""]",bango-file,inititem.dat,2141
737,2,defense,"[""33""]",bango-file,inititem.dat,2141
737,3,dodge,"[""11""]",bango-file,inititem.dat,2141
737,4,absorb,"[""2""]",bango-file,inititem.dat,2141
738,1,Dex,"[""2""]",bango-file,inititem.dat,2144
738,2,defense,"[""32""]",bango-file,inititem.dat,2144
738,3,dodge,"[""34""]",bango-file,inititem.dat,2144
738,4,absorb,"[""1""]",bango-file,inititem.dat,2144
739,1,Hth,"[""2""]",bango-file,inititem.dat,2147
739,2,defense,"[""22""]",bango-file,inititem.dat,2147
739,3,dodge,"[""39""]",bango-file,inititem.dat,2147
739,4,absorb,"[""2""]",bango-file,inititem.dat,2147
740,1,Hth,"[""3""]",bango-file,inititem.dat,2150
740,2,Int,"[""4""]",bango-file,inititem.dat,2150
740,3,defense,"[""35""]",bango-file,inititem.dat,2150
740,4,dodge,"[""27""]",bango-file,inititem.dat,2150
740,5,resistfire,"[""7""]",bango-file,inititem.dat,2150
740,6,resistice,"[""7""]",bango-file,inititem.dat,2150
740,7,resistlitning,"[""7""]",bango-file,inititem.dat,2150
740,8,resistcurse,"[""4""]",bango-file,inititem.dat,2150
740,9,resistpalsy,"[""4""]",bango-file,inititem.dat,2150
741,1,Hth,"[""2""]",bango-file,inititem.dat,2153
741,2,defense,"[""28""]",bango-file,inititem.dat,2153
741,3,dodge,"[""14""]",bango-file,inititem.dat,2153
741,4,resistfire,"[""6""]",bango-file,inititem.dat,2153
741,5,resistice,"[""6""]",bango-file,inititem.dat,2153
741,6,resistlitning,"[""6""]",bango-file,inititem.dat,2153
741,7,resistcurse,"[""3""]",bango-file,inititem.dat,2153
741,8,resistpalsy,"[""3""]",bango-file,inititem.dat,2153
742,1,Wis,"[""2""]",bango-file,inititem.dat,2156
742,2,defense,"[""28""]",bango-file,inititem.dat,2156
742,3,dodge,"[""12""]",bango-file,inititem.dat,2156
742,4,resistfire,"[""5""]",bango-file,inititem.dat,2156
742,5,resistice,"[""5""]",bango-file,inititem.dat,2156
742,6,resistlitning,"[""5""]",bango-file,inititem.dat,2156
742,7,resistcurse,"[""3""]",bango-file,inititem.dat,2156
742,8,resistpalsy,"[""3""]",bango-file,inititem.dat,2156
743,1,Wis,"[""2""]",bango-file,inititem.dat,2159
743,2,defense,"[""32""]",bango-file,inititem.dat,2159
743,3,dodge,"[""24""]",bango-file,inititem.dat,2159
743,4,resistfire,"[""3""]",bango-file,inititem.dat,2159
743,5,resistice,"[""3""]",bango-file,inititem.dat,2159
743,6,resistlitning,"[""3""]",bango-file,inititem.dat,2159
743,7,resistcurse,"[""4""]",bango-file,inititem.dat,2159
743,8,resistpalsy,"[""4""]",bango-file,inititem.dat,2159
744,1,Hth,"[""2""]",bango-file,inititem.dat,2162
744,2,defense,"[""25""]",bango-file,inititem.dat,2162
744,3,dodge,"[""30""]",bango-file,inititem.dat,2162
744,4,resistfire,"[""3""]",bango-file,inititem.dat,2162
744,5,resistice,"[""3""]",bango-file,inititem.dat,2162
744,6,resistlitning,"[""3""]",bango-file,inititem.dat,2162
744,7,resistcurse,"[""3""]",bango-file,inititem.dat,2162
744,8,resistpalsy,"[""3""]",bango-file,inititem.dat,2162
745,1,aspeed,"[""700""]",bango-file,inititem.dat,2167
745,2,Str,"[""4""]",bango-file,inititem.dat,2167
745,3,Hth,"[""3""]",bango-file,inititem.dat,2167
745,4,Dex,"[""1""]",bango-file,inititem.dat,2167
745,5,Attack,"[""220"",""275""]",bango-file,inititem.dat,2167
745,6,hp,"[""350""]",bango-file,inititem.dat,2167
745,7,hit,"[""79""]",bango-file,inititem.dat,2167
746,1,aspeed,"[""700""]",bango-file,inititem.dat,2170
746,2,Str,"[""6""]",bango-file,inititem.dat,2170
746,3,Hth,"[""2""]",bango-file,inititem.dat,2170
746,4,Attack,"[""245"",""300""]",bango-file,inititem.dat,2170
746,5,hp,"[""300""]",bango-file,inititem.dat,2170
746,6,hit,"[""76""]",bango-file,inititem.dat,2170
747,1,aspeed,"[""700""]",bango-file,inititem.dat,2173
747,2,Str,"[""2""]",bango-file,inititem.dat,2173
747,3,Hth,"[""4""]",bango-file,inititem.dat,2173
747,4,Wis,"[""1""]",bango-file,inititem.dat,2173
747,5,Dex,"[""2""]",bango-file,inititem.dat,2173
747,6,Attack,"[""210"",""260""]",bango-file,inititem.dat,2173
747,7,hp,"[""250""]",bango-file,inititem.dat,2173
747,8,mp,"[""150""]",bango-file,inititem.dat,2173
747,9,hit,"[""82""]",bango-file,inititem.dat,2173
748,1,aspeed,"[""1400""]",bango-file,inititem.dat,2176
748,2,Str,"[""6""]",bango-file,inititem.dat,2176
748,3,Hth,"[""2""]",bango-file,inititem.dat,2176
748,4,Attack,"[""440"",""530""]",bango-file,inititem.dat,2176
748,5,hp,"[""300""]",bango-file,inititem.dat,2176
748,6,hit,"[""79""]",bango-file,inititem.dat,2176
749,1,aspeed,"[""1400""]",bango-file,inititem.dat,2179
749,2,Str,"[""8""]",bango-file,inititem.dat,2179
749,3,Attack,"[""490"",""570""]",bango-file,inititem.dat,2179
749,4,hp,"[""250""]",bango-file,inititem.dat,2179
749,5,hit,"[""74""]",bango-file,inititem.dat,2179
750,1,aspeed,"[""1400""]",bango-file,inititem.dat,2182
750,2,Str,"[""4""]",bango-file,inititem.dat,2182
750,3,Hth,"[""3""]",bango-file,inititem.dat,2182
750,4,Wis,"[""1""]",bango-file,inititem.dat,2182
750,5,Dex,"[""1""]",bango-file,inititem.dat,2182
750,6,Attack,"[""420"",""510""]",bango-file,inititem.dat,2182
750,7,hp,"[""200""]",bango-file,inititem.dat,2182
750,8,mp,"[""100""]",bango-file,inititem.dat,2182
750,9,hit,"[""80""]",bango-file,inititem.dat,2182
751,1,aspeed,"[""800""]",bango-file,inititem.dat,2185
751,2,Str,"[""1""]",bango-file,inititem.dat,2185
751,3,Hth,"[""1""]",bango-file,inititem.dat,2185
751,4,Dex,"[""6""]",bango-file,inititem.dat,2185
751,5,Attack,"[""200"",""250""]",bango-file,inititem.dat,2185
751,6,hp,"[""300""]",bango-file,inititem.dat,2185
751,7,hit,"[""77""]",bango-file,inititem.dat,2185
752,1,aspeed,"[""800""]",bango-file,inititem.dat,2188
752,2,Str,"[""4""]",bango-file,inititem.dat,2188
752,3,Dex,"[""4""]",bango-file,inititem.dat,2188
752,4,Attack,"[""225"",""275""]",bango-file,inititem.dat,2188
752,5,hp,"[""250""]",bango-file,inititem.dat,2188
752,6,hit,"[""75""]",bango-file,inititem.dat,2188
753,1,aspeed,"[""800""]",bango-file,inititem.dat,2191
753,2,Hth,"[""1""]",bango-file,inititem.dat,2191
753,3,Wis,"[""2""]",bango-file,inititem.dat,2191
753,4,Dex,"[""5""]",bango-file,inititem.dat,2191
753,5,Attack,"[""190"",""240""]",bango-file,inititem.dat,2191
753,6,hp,"[""200""]",bango-file,inititem.dat,2191
753,7,mp,"[""100""]",bango-file,inititem.dat,2191
753,8,hit,"[""79""]",bango-file,inititem.dat,2191
754,1,aspeed,"[""1000""]",bango-file,inititem.dat,2194
754,2,Int,"[""6""]",bango-file,inititem.dat,2194
754,3,Wis,"[""2""]",bango-file,inititem.dat,2194
754,4,Attack,"[""151"",""161""]",bango-file,inititem.dat,2194
754,5,Magic,"[""270"",""360""]",bango-file,inititem.dat,2194
754,6,hp,"[""150""]",bango-file,inititem.dat,2194
754,7,mp,"[""100""]",bango-file,inititem.dat,2194
754,8,hit,"[""69""]",bango-file,inititem.dat,2194
755,1,aspeed,"[""1000""]",bango-file,inititem.dat,2197
755,2,Int,"[""8""]",bango-file,inititem.dat,2197
755,3,Attack,"[""169"",""179""]",bango-file,inititem.dat,2197
755,4,Magic,"[""290"",""380""]",bango-file,inititem.dat,2197
755,5,mp,"[""300""]",bango-file,inititem.dat,2197
755,6,hit,"[""67""]",bango-file,inititem.dat,2197
756,1,aspeed,"[""1000""]",bango-file,inititem.dat,2200
756,2,Wis,"[""12""]",bango-file,inititem.dat,2200
756,3,Dex,"[""4""]",bango-file,inititem.dat,2200
756,4,Attack,"[""135"",""145""]",bango-file,inititem.dat,2200
756,5,Magic,"[""230"",""320""]",bango-file,inititem.dat,2200
756,6,mp,"[""350""]",bango-file,inititem.dat,2200
756,7,hit,"[""81""]",bango-file,inititem.dat,2200
758,1,buff,"[""99"",""86400"",""0""]",bango-file,inititem.dat,2208
759,1,buff,"[""101"",""86400"",""0""]",bango-file,inititem.dat,2211
769,1,aspeed,"[""700""]",bango-file,inititem.dat,2263
769,2,Attack,"[""114"",""150""]",bango-file,inititem.dat,2263
769,3,hit,"[""60""]",bango-file,inititem.dat,2263
770,1,aspeed,"[""800""]",bango-file,inititem.dat,2266
770,2,Attack,"[""93"",""129""]",bango-file,inititem.dat,2266
770,3,hit,"[""54""]",bango-file,inititem.dat,2266
771,1,aspeed,"[""1000""]",bango-file,inititem.dat,2269
771,2,Attack,"[""85"",""93""]",bango-file,inititem.dat,2269
771,3,Magic,"[""128"",""160""]",bango-file,inititem.dat,2269
771,4,hit,"[""50""]",bango-file,inititem.dat,2269
772,1,aspeed,"[""700""]",bango-file,inititem.dat,2272
772,2,Dex,"[""1""]",bango-file,inititem.dat,2272
772,3,Attack,"[""88"",""224""]",bango-file,inititem.dat,2272
772,4,hp,"[""100""]",bango-file,inititem.dat,2272
772,5,mp,"[""50""]",bango-file,inititem.dat,2272
772,6,hit,"[""68""]",bango-file,inititem.dat,2272
773,1,aspeed,"[""800""]",bango-file,inititem.dat,2275
773,2,Dex,"[""1""]",bango-file,inititem.dat,2275
773,3,Attack,"[""79"",""200""]",bango-file,inititem.dat,2275
773,4,hp,"[""100""]",bango-file,inititem.dat,2275
773,5,mp,"[""50""]",bango-file,inititem.dat,2275
773,6,hit,"[""65""]",bango-file,inititem.dat,2275
774,1,aspeed,"[""1000""]",bango-file,inititem.dat,2278
774,2,Hth,"[""2""]",bango-file,inititem.dat,2278
774,3,Attack,"[""85"",""97""]",bango-file,inititem.dat,2278
774,4,Magic,"[""136"",""176""]",bango-file,inititem.dat,2278
774,5,hp,"[""150""]",bango-file,inititem.dat,2278
774,6,hit,"[""58""]",bango-file,inititem.dat,2278
775,1,aspeed,"[""700""]",bango-file,inititem.dat,2281
775,2,Str,"[""2""]",bango-file,inititem.dat,2281
775,3,Attack,"[""133"",""223""]",bango-file,inititem.dat,2281
775,4,hp,"[""150""]",bango-file,inititem.dat,2281
775,5,hit,"[""64""]",bango-file,inititem.dat,2281
776,1,aspeed,"[""800""]",bango-file,inititem.dat,2284
776,2,Dex,"[""2""]",bango-file,inititem.dat,2284
776,3,Attack,"[""117"",""216""]",bango-file,inititem.dat,2284
776,4,hp,"[""100""]",bango-file,inititem.dat,2284
776,5,mp,"[""50""]",bango-file,inititem.dat,2284
776,6,hit,"[""66""]",bango-file,inititem.dat,2284
777,1,aspeed,"[""1000""]",bango-file,inititem.dat,2287
777,2,Int,"[""2""]",bango-file,inititem.dat,2287
777,3,Attack,"[""89"",""112""]",bango-file,inititem.dat,2287
777,4,Magic,"[""116"",""264""]",bango-file,inititem.dat,2287
777,5,mp,"[""150""]",bango-file,inititem.dat,2287
777,6,hit,"[""57""]",bango-file,inititem.dat,2287
778,1,aspeed,"[""700""]",bango-file,inititem.dat,2290
778,2,Str,"[""1""]",bango-file,inititem.dat,2290
778,3,Hth,"[""2""]",bango-file,inititem.dat,2290
778,4,Dex,"[""1""]",bango-file,inititem.dat,2290
778,5,Attack,"[""145"",""189""]",bango-file,inititem.dat,2290
778,6,hp,"[""100""]",bango-file,inititem.dat,2290
778,7,mp,"[""50""]",bango-file,inititem.dat,2290
778,8,hit,"[""76""]",bango-file,inititem.dat,2290
779,1,aspeed,"[""1400""]",bango-file,inititem.dat,2293
779,2,Str,"[""2""]",bango-file,inititem.dat,2293
779,3,Dex,"[""1""]",bango-file,inititem.dat,2293
779,4,Attack,"[""363"",""454""]",bango-file,inititem.dat,2293
779,5,hp,"[""100""]",bango-file,inititem.dat,2293
779,6,mp,"[""50""]",bango-file,inititem.dat,2293
779,7,hit,"[""74""]",bango-file,inititem.dat,2293
780,1,aspeed,"[""800""]",bango-file,inititem.dat,2296
780,2,Dex,"[""3""]",bango-file,inititem.dat,2296
780,3,Attack,"[""139"",""216""]",bango-file,inititem.dat,2296
780,4,hp,"[""100""]",bango-file,inititem.dat,2296
780,5,mp,"[""50""]",bango-file,inititem.dat,2296
780,6,hit,"[""68""]",bango-file,inititem.dat,2296
781,1,aspeed,"[""1000""]",bango-file,inititem.dat,2299
781,2,Int,"[""3""]",bango-file,inititem.dat,2299
781,3,Attack,"[""96"",""123""]",bango-file,inititem.dat,2299
781,4,Magic,"[""132"",""264""]",bango-file,inititem.dat,2299
781,5,mp,"[""150""]",bango-file,inititem.dat,2299
781,6,hit,"[""60""]",bango-file,inititem.dat,2299
782,1,aspeed,"[""700""]",bango-file,inititem.dat,2302
782,2,Str,"[""4""]",bango-file,inititem.dat,2302
782,3,Attack,"[""200"",""244""]",bango-file,inititem.dat,2302
782,4,hp,"[""150""]",bango-file,inititem.dat,2302
782,5,hit,"[""70""]",bango-file,inititem.dat,2302
783,1,aspeed,"[""1400""]",bango-file,inititem.dat,2305
783,2,Str,"[""5""]",bango-file,inititem.dat,2305
783,3,Attack,"[""484"",""575""]",bango-file,inititem.dat,2305
783,4,hp,"[""100""]",bango-file,inititem.dat,2305
783,5,hit,"[""68""]",bango-file,inititem.dat,2305
784,1,aspeed,"[""800""]",bango-file,inititem.dat,2308
784,2,Str,"[""2""]",bango-file,inititem.dat,2308
784,3,Dex,"[""3""]",bango-file,inititem.dat,2308
784,4,Attack,"[""128"",""205""]",bango-file,inititem.dat,2308
784,5,hp,"[""100""]",bango-file,inititem.dat,2308
784,6,hit,"[""74""]",bango-file,inititem.dat,2308
785,1,aspeed,"[""1000""]",bango-file,inititem.dat,2311
785,2,Int,"[""4""]",bango-file,inititem.dat,2311
785,3,Attack,"[""144"",""155""]",bango-file,inititem.dat,2311
785,4,Magic,"[""187"",""286""]",bango-file,inititem.dat,2311
785,5,mp,"[""200""]",bango-file,inititem.dat,2311
785,6,hit,"[""62""]",bango-file,inititem.dat,2311
786,1,aspeed,"[""700""]",bango-file,inititem.dat,2314
786,2,Str,"[""4""]",bango-file,inititem.dat,2314
786,3,Hth,"[""1""]",bango-file,inititem.dat,2314
786,4,Attack,"[""222"",""266""]",bango-file,inititem.dat,2314
786,5,hp,"[""200""]",bango-file,inititem.dat,2314
786,6,hit,"[""73""]",bango-file,inititem.dat,2314
787,1,aspeed,"[""1400""]",bango-file,inititem.dat,2317
787,2,Str,"[""6""]",bango-file,inititem.dat,2317
787,3,Attack,"[""517"",""585""]",bango-file,inititem.dat,2317
787,4,hp,"[""150""]",bango-file,inititem.dat,2317
787,5,hit,"[""71""]",bango-file,inititem.dat,2317
788,1,aspeed,"[""800""]",bango-file,inititem.dat,2320
788,2,Str,"[""1""]",bango-file,inititem.dat,2320
788,3,Dex,"[""4""]",bango-file,inititem.dat,2320
788,4,Attack,"[""189"",""255""]",bango-file,inititem.dat,2320
788,5,hp,"[""150""]",bango-file,inititem.dat,2320
788,6,mp,"[""50""]",bango-file,inititem.dat,2320
788,7,hit,"[""72""]",bango-file,inititem.dat,2320
789,1,aspeed,"[""1000""]",bango-file,inititem.dat,2323
789,2,Int,"[""5""]",bango-file,inititem.dat,2323
789,3,Attack,"[""165"",""176""]",bango-file,inititem.dat,2323
789,4,Magic,"[""242"",""330""]",bango-file,inititem.dat,2323
789,5,mp,"[""250""]",bango-file,inititem.dat,2323
789,6,hit,"[""64""]",bango-file,inititem.dat,2323
790,1,aspeed,"[""700""]",bango-file,inititem.dat,2326
790,2,Str,"[""6""]",bango-file,inititem.dat,2326
790,3,Hth,"[""2""]",bango-file,inititem.dat,2326
790,4,Attack,"[""269"",""330""]",bango-file,inititem.dat,2326
790,5,hp,"[""300""]",bango-file,inititem.dat,2326
790,6,hit,"[""76""]",bango-file,inititem.dat,2326
791,1,aspeed,"[""1400""]",bango-file,inititem.dat,2329
791,2,Str,"[""8""]",bango-file,inititem.dat,2329
791,3,Attack,"[""539"",""627""]",bango-file,inititem.dat,2329
791,4,hp,"[""250""]",bango-file,inititem.dat,2329
791,5,hit,"[""74""]",bango-file,inititem.dat,2329
792,1,aspeed,"[""800""]",bango-file,inititem.dat,2332
792,2,Str,"[""4""]",bango-file,inititem.dat,2332
792,3,Dex,"[""4""]",bango-file,inititem.dat,2332
792,4,Attack,"[""247"",""302""]",bango-file,inititem.dat,2332
792,5,hp,"[""250""]",bango-file,inititem.dat,2332
792,6,hit,"[""75""]",bango-file,inititem.dat,2332
793,1,aspeed,"[""1000""]",bango-file,inititem.dat,2335
793,2,Int,"[""8""]",bango-file,inititem.dat,2335
793,3,Attack,"[""185"",""196""]",bango-file,inititem.dat,2335
793,4,Magic,"[""319"",""418""]",bango-file,inititem.dat,2335
793,5,mp,"[""300""]",bango-file,inititem.dat,2335
793,6,hit,"[""67""]",bango-file,inititem.dat,2335
794,1,aspeed,"[""700""]",bango-file,inititem.dat,2338
794,2,Str,"[""5""]",bango-file,inititem.dat,2338
794,3,Hth,"[""4""]",bango-file,inititem.dat,2338
794,4,Dex,"[""1""]",bango-file,inititem.dat,2338
794,5,Attack,"[""330"",""407""]",bango-file,inititem.dat,2338
794,6,hp,"[""450""]",bango-file,inititem.dat,2338
794,7,hit,"[""83""]",bango-file,inititem.dat,2338
795,1,aspeed,"[""1400""]",bango-file,inititem.dat,2341
795,2,Str,"[""7""]",bango-file,inititem.dat,2341
795,3,Hth,"[""3""]",bango-file,inititem.dat,2341
795,4,Attack,"[""615"",""686""]",bango-file,inititem.dat,2341
795,5,hp,"[""400""]",bango-file,inititem.dat,2341
795,6,hit,"[""82""]",bango-file,inititem.dat,2341
796,1,aspeed,"[""800""]",bango-file,inititem.dat,2344
796,2,Str,"[""1""]",bango-file,inititem.dat,2344
796,3,Hth,"[""2""]",bango-file,inititem.dat,2344
796,4,Dex,"[""7""]",bango-file,inititem.dat,2344
796,5,Attack,"[""308"",""396""]",bango-file,inititem.dat,2344
796,6,hp,"[""400""]",bango-file,inititem.dat,2344
796,7,hit,"[""81""]",bango-file,inititem.dat,2344
797,1,aspeed,"[""1000""]",bango-file,inititem.dat,2347
797,2,Int,"[""7""]",bango-file,inititem.dat,2347
797,3,Wis,"[""3""]",bango-file,inititem.dat,2347
797,4,Attack,"[""207"",""218""]",bango-file,inititem.dat,2347
797,5,Magic,"[""385"",""462""]",bango-file,inititem.dat,2347
797,6,hp,"[""250""]",bango-file,inititem.dat,2347
797,7,mp,"[""150""]",bango-file,inititem.dat,2347
797,8,hit,"[""72""]",bango-file,inititem.dat,2347
798,1,aspeed,"[""700""]",bango-file,inititem.dat,2350
798,2,Str,"[""6""]",bango-file,inititem.dat,2350
798,3,Hth,"[""4""]",bango-file,inititem.dat,2350
798,4,Dex,"[""2""]",bango-file,inititem.dat,2350
798,5,Attack,"[""393"",""470""]",bango-file,inititem.dat,2350
798,6,hp,"[""550""]",bango-file,inititem.dat,2350
798,7,hit,"[""86""]",bango-file,inititem.dat,2350
799,1,aspeed,"[""1400""]",bango-file,inititem.dat,2353
799,2,Str,"[""9""]",bango-file,inititem.dat,2353
799,3,Hth,"[""3""]",bango-file,inititem.dat,2353
799,4,Attack,"[""660"",""736""]",bango-file,inititem.dat,2353
799,5,hp,"[""500""]",bango-file,inititem.dat,2353
799,6,hit,"[""85""]",bango-file,inititem.dat,2353
800,1,aspeed,"[""800""]",bango-file,inititem.dat,2356
800,2,Str,"[""1""]",bango-file,inititem.dat,2356
800,3,Hth,"[""2""]",bango-file,inititem.dat,2356
800,4,Dex,"[""9""]",bango-file,inititem.dat,2356
800,5,Attack,"[""379"",""456""]",bango-file,inititem.dat,2356
800,6,hp,"[""450""]",bango-file,inititem.dat,2356
800,7,mp,"[""50""]",bango-file,inititem.dat,2356
800,8,hit,"[""84""]",bango-file,inititem.dat,2356
801,1,aspeed,"[""1000""]",bango-file,inititem.dat,2359
801,2,Hth,"[""1""]",bango-file,inititem.dat,2359
801,3,Int,"[""8""]",bango-file,inititem.dat,2359
801,4,Wis,"[""3""]",bango-file,inititem.dat,2359
801,5,Attack,"[""232"",""242""]",bango-file,inititem.dat,2359
801,6,Magic,"[""462"",""539""]",bango-file,inititem.dat,2359
801,7,hp,"[""350""]",bango-file,inititem.dat,2359
801,8,mp,"[""200""]",bango-file,inititem.dat,2359
801,9,hit,"[""75""]",bango-file,inititem.dat,2359
802,1,aspeed,"[""700""]",bango-file,inititem.dat,2364
802,2,Str,"[""1""]",bango-file,inititem.dat,2364
802,3,Hth,"[""2""]",bango-file,inititem.dat,2364
802,4,Dex,"[""1""]",bango-file,inititem.dat,2364
802,5,Attack,"[""167"",""207""]",bango-file,inititem.dat,2364
802,6,hp,"[""200""]",bango-file,inititem.dat,2364
802,7,hit,"[""74""]",bango-file,inititem.dat,2364
803,1,aspeed,"[""700""]",bango-file,inititem.dat,2367
803,2,Str,"[""4""]",bango-file,inititem.dat,2367
803,3,Attack,"[""182"",""222""]",bango-file,inititem.dat,2367
803,4,hp,"[""150""]",bango-file,inititem.dat,2367
803,5,hit,"[""70""]",bango-file,inititem.dat,2367
804,1,aspeed,"[""700""]",bango-file,inititem.dat,2370
804,2,Str,"[""1""]",bango-file,inititem.dat,2370
804,3,Hth,"[""2""]",bango-file,inititem.dat,2370
804,4,Wis,"[""1""]",bango-file,inititem.dat,2370
804,5,Dex,"[""1""]",bango-file,inititem.dat,2370
804,6,Attack,"[""152"",""192""]",bango-file,inititem.dat,2370
804,7,hp,"[""100""]",bango-file,inititem.dat,2370
804,8,mp,"[""50""]",bango-file,inititem.dat,2370
804,9,hit,"[""78""]",bango-file,inititem.dat,2370
805,1,aspeed,"[""1400""]",bango-file,inititem.dat,2373
805,2,Str,"[""3""]",bango-file,inititem.dat,2373
805,3,Dex,"[""1""]",bango-file,inititem.dat,2373
805,4,Attack,"[""400"",""480""]",bango-file,inititem.dat,2373
805,5,hp,"[""150""]",bango-file,inititem.dat,2373
805,6,hit,"[""74""]",bango-file,inititem.dat,2373
806,1,aspeed,"[""1400""]",bango-file,inititem.dat,2376
806,2,Str,"[""5""]",bango-file,inititem.dat,2376
806,3,Attack,"[""440"",""520""]",bango-file,inititem.dat,2376
806,4,hp,"[""100""]",bango-file,inititem.dat,2376
806,5,hit,"[""68""]",bango-file,inititem.dat,2376
807,1,aspeed,"[""1400""]",bango-file,inititem.dat,2379
807,2,Str,"[""2""]",bango-file,inititem.dat,2379
807,3,Wis,"[""1""]",bango-file,inititem.dat,2379
807,4,Dex,"[""1""]",bango-file,inititem.dat,2379
807,5,Attack,"[""370"",""450""]",bango-file,inititem.dat,2379
807,6,hp,"[""100""]",bango-file,inititem.dat,2379
807,7,mp,"[""50""]",bango-file,inititem.dat,2379
807,8,hit,"[""76""]",bango-file,inititem.dat,2379
808,1,aspeed,"[""800""]",bango-file,inititem.dat,2382
808,2,Str,"[""1""]",bango-file,inititem.dat,2382
808,3,Dex,"[""3""]",bango-file,inititem.dat,2382
808,4,Attack,"[""132"",""202""]",bango-file,inititem.dat,2382
808,5,hp,"[""150""]",bango-file,inititem.dat,2382
808,6,hit,"[""72""]",bango-file,inititem.dat,2382
809,1,aspeed,"[""800""]",bango-file,inititem.dat,2385
809,2,Dex,"[""4""]",bango-file,inititem.dat,2385
809,3,Attack,"[""147"",""217""]",bango-file,inititem.dat,2385
809,4,hp,"[""100""]",bango-file,inititem.dat,2385
809,5,mp,"[""50""]",bango-file,inititem.dat,2385
809,6,hit,"[""70""]",bango-file,inititem.dat,2385
810,1,aspeed,"[""800""]",bango-file,inititem.dat,2388
810,2,Str,"[""2""]",bango-file,inititem.dat,2388
810,3,Dex,"[""3""]",bango-file,inititem.dat,2388
810,4,Attack,"[""117"",""187""]",bango-file,inititem.dat,2388
810,5,hp,"[""100""]",bango-file,inititem.dat,2388
810,6,hit,"[""74""]",bango-file,inititem.dat,2388
811,1,aspeed,"[""1000""]",bango-file,inititem.dat,2391
811,2,Int,"[""3""]",bango-file,inititem.dat,2391
811,3,Wis,"[""1""]",bango-file,inititem.dat,2391
811,4,Attack,"[""119"",""129""]",bango-file,inititem.dat,2391
811,5,Magic,"[""155"",""245""]",bango-file,inititem.dat,2391
811,6,hp,"[""150""]",bango-file,inititem.dat,2391
811,7,hit,"[""64""]",bango-file,inititem.dat,2391
812,1,aspeed,"[""1000""]",bango-file,inititem.dat,2394
812,2,Int,"[""4""]",bango-file,inititem.dat,2394
812,3,Attack,"[""131"",""141""]",bango-file,inititem.dat,2394
812,4,Magic,"[""170"",""260""]",bango-file,inititem.dat,2394
812,5,mp,"[""200""]",bango-file,inititem.dat,2394
812,6,hit,"[""62""]",bango-file,inititem.dat,2394
813,1,aspeed,"[""1000""]",bango-file,inititem.dat,2397
813,2,Wis,"[""8""]",bango-file,inititem.dat,2397
813,3,Dex,"[""3""]",bango-file,inititem.dat,2397
813,4,Attack,"[""105"",""115""]",bango-file,inititem.dat,2397
813,5,Magic,"[""120"",""200""]",bango-file,inititem.dat,2397
813,6,mp,"[""150""]",bango-file,inititem.dat,2397
813,7,hit,"[""66""]",bango-file,inititem.dat,2397
814,1,aspeed,"[""700""]",bango-file,inititem.dat,2400
814,2,Str,"[""2""]",bango-file,inititem.dat,2400
814,3,Hth,"[""2""]",bango-file,inititem.dat,2400
814,4,Dex,"[""1""]",bango-file,inititem.dat,2400
814,5,Attack,"[""187"",""227""]",bango-file,inititem.dat,2400
814,6,hp,"[""250""]",bango-file,inititem.dat,2400
814,7,hit,"[""76""]",bango-file,inititem.dat,2400
815,1,aspeed,"[""700""]",bango-file,inititem.dat,2403
815,2,Str,"[""4""]",bango-file,inititem.dat,2403
815,3,Hth,"[""1""]",bango-file,inititem.dat,2403
815,4,Attack,"[""202"",""242""]",bango-file,inititem.dat,2403
815,5,hp,"[""200""]",bango-file,inititem.dat,2403
815,6,hit,"[""73""]",bango-file,inititem.dat,2403
816,1,aspeed,"[""700""]",bango-file,inititem.dat,2406
816,2,Str,"[""1""]",bango-file,inititem.dat,2406
816,3,Hth,"[""2""]",bango-file,inititem.dat,2406
816,4,Wis,"[""1""]",bango-file,inititem.dat,2406
816,5,Dex,"[""2""]",bango-file,inititem.dat,2406
816,6,Attack,"[""172"",""212""]",bango-file,inititem.dat,2406
816,7,hp,"[""150""]",bango-file,inititem.dat,2406
816,8,mp,"[""50""]",bango-file,inititem.dat,2406
816,9,hit,"[""79""]",bango-file,inititem.dat,2406
817,1,aspeed,"[""1400""]",bango-file,inititem.dat,2409
817,2,Str,"[""4""]",bango-file,inititem.dat,2409
817,3,Dex,"[""1""]",bango-file,inititem.dat,2409
817,4,Attack,"[""430"",""490""]",bango-file,inititem.dat,2409
817,5,hp,"[""200""]",bango-file,inititem.dat,2409
817,6,hit,"[""76""]",bango-file,inititem.dat,2409
818,1,aspeed,"[""1400""]",bango-file,inititem.dat,2412
818,2,Str,"[""6""]",bango-file,inititem.dat,2412
818,3,Attack,"[""470"",""530""]",bango-file,inititem.dat,2412
818,4,hp,"[""150""]",bango-file,inititem.dat,2412
818,5,hit,"[""71""]",bango-file,inititem.dat,2412
819,1,aspeed,"[""1400""]",bango-file,inititem.dat,2415
819,2,Str,"[""3""]",bango-file,inititem.dat,2415
819,3,Wis,"[""1""]",bango-file,inititem.dat,2415
819,4,Dex,"[""1""]",bango-file,inititem.dat,2415
819,5,Attack,"[""410"",""470""]",bango-file,inititem.dat,2415
819,6,hp,"[""150""]",bango-file,inititem.dat,2415
819,7,mp,"[""50""]",bango-file,inititem.dat,2415
819,8,hit,"[""77""]",bango-file,inititem.dat,2415
820,1,aspeed,"[""800""]",bango-file,inititem.dat,2418
820,2,Str,"[""1""]",bango-file,inititem.dat,2418
820,3,Dex,"[""4""]",bango-file,inititem.dat,2418
820,4,Attack,"[""157"",""217""]",bango-file,inititem.dat,2418
820,5,hp,"[""200""]",bango-file,inititem.dat,2418
820,6,hit,"[""74""]",bango-file,inititem.dat,2418
821,1,aspeed,"[""800""]",bango-file,inititem.dat,2421
821,2,Str,"[""1""]",bango-file,inititem.dat,2421
821,3,Dex,"[""4""]",bango-file,inititem.dat,2421
821,4,Attack,"[""172"",""232""]",bango-file,inititem.dat,2421
821,5,hp,"[""150""]",bango-file,inititem.dat,2421
821,6,mp,"[""50""]",bango-file,inititem.dat,2421
821,7,hit,"[""72""]",bango-file,inititem.dat,2421
822,1,aspeed,"[""800""]",bango-file,inititem.dat,2424
822,2,Dex,"[""5""]",bango-file,inititem.dat,2424
822,3,Attack,"[""142"",""202""]",bango-file,inititem.dat,2424
822,4,hp,"[""150""]",bango-file,inititem.dat,2424
822,5,hit,"[""76""]",bango-file,inititem.dat,2424
823,1,aspeed,"[""1000""]",bango-file,inititem.dat,2427
823,2,Int,"[""4""]",bango-file,inititem.dat,2427
823,3,Wis,"[""1""]",bango-file,inititem.dat,2427
823,4,Attack,"[""135"",""145""]",bango-file,inititem.dat,2427
823,5,Magic,"[""200"",""280""]",bango-file,inititem.dat,2427
823,6,hp,"[""200""]",bango-file,inititem.dat,2427
823,7,hit,"[""66""]",bango-file,inititem.dat,2427
824,1,aspeed,"[""1000""]",bango-file,inititem.dat,2430
824,2,Int,"[""5""]",bango-file,inititem.dat,2430
824,3,Attack,"[""150"",""160""]",bango-file,inititem.dat,2430
824,4,Magic,"[""220"",""300""]",bango-file,inititem.dat,2430
824,5,mp,"[""250""]",bango-file,inititem.dat,2430
824,6,hit,"[""64""]",bango-file,inititem.dat,2430
825,1,aspeed,"[""1000""]",bango-file,inititem.dat,2433
825,2,Wis,"[""9""]",bango-file,inititem.dat,2433
825,3,Dex,"[""4""]",bango-file,inititem.dat,2433
825,4,Attack,"[""120"",""130""]",bango-file,inititem.dat,2433
825,5,Magic,"[""160"",""240""]",bango-file,inititem.dat,2433
825,6,mp,"[""200""]",bango-file,inititem.dat,2433
825,7,hit,"[""68""]",bango-file,inititem.dat,2433
826,1,Str,"[""3""]",bango-file,inititem.dat,2438
826,2,Hth,"[""2""]",bango-file,inititem.dat,2438
826,3,defense,"[""44""]",bango-file,inititem.dat,2438
826,4,dodge,"[""17""]",bango-file,inititem.dat,2438
826,5,absorb,"[""5""]",bango-file,inititem.dat,2438
827,1,Hth,"[""1""]",bango-file,inititem.dat,2441
827,2,defense,"[""42""]",bango-file,inititem.dat,2441
827,3,dodge,"[""9""]",bango-file,inititem.dat,2441
827,4,absorb,"[""2""]",bango-file,inititem.dat,2441
828,1,Str,"[""1""]",bango-file,inititem.dat,2444
828,2,defense,"[""43""]",bango-file,inititem.dat,2444
828,3,dodge,"[""6""]",bango-file,inititem.dat,2444
828,4,absorb,"[""1""]",bango-file,inititem.dat,2444
829,1,Dex,"[""1""]",bango-file,inititem.dat,2447
829,2,defense,"[""32""]",bango-file,inititem.dat,2447
829,3,dodge,"[""19""]",bango-file,inititem.dat,2447
829,4,absorb,"[""2""]",bango-file,inititem.dat,2447
830,1,Hth,"[""1""]",bango-file,inititem.dat,2450
830,2,defense,"[""28""]",bango-file,inititem.dat,2450
830,3,dodge,"[""19""]",bango-file,inititem.dat,2450
830,4,absorb,"[""3""]",bango-file,inititem.dat,2450
831,1,Hth,"[""2""]",bango-file,inititem.dat,2453
831,2,Dex,"[""3""]",bango-file,inititem.dat,2453
831,3,defense,"[""46""]",bango-file,inititem.dat,2453
831,4,dodge,"[""16""]",bango-file,inititem.dat,2453
831,5,absorb,"[""3""]",bango-file,inititem.dat,2453
832,1,Hth,"[""1""]",bango-file,inititem.dat,2456
832,2,defense,"[""30""]",bango-file,inititem.dat,2456
832,3,dodge,"[""10""]",bango-file,inititem.dat,2456
832,4,absorb,"[""1""]",bango-file,inititem.dat,2456
833,1,Str,"[""1""]",bango-file,inititem.dat,2459
833,2,defense,"[""28""]",bango-file,inititem.dat,2459
833,3,dodge,"[""9""]",bango-file,inititem.dat,2459
833,4,absorb,"[""1""]",bango-file,inititem.dat,2459
834,1,Dex,"[""1""]",bango-file,inititem.dat,2462
834,2,defense,"[""28""]",bango-file,inititem.dat,2462
834,3,dodge,"[""26""]",bango-file,inititem.dat,2462
834,4,absorb,"[""1""]",bango-file,inititem.dat,2462
835,1,Hth,"[""1""]",bango-file,inititem.dat,2465
835,2,defense,"[""19""]",bango-file,inititem.dat,2465
835,3,dodge,"[""32""]",bango-file,inititem.dat,2465
835,4,absorb,"[""1""]",bango-file,inititem.dat,2465
836,1,Hth,"[""2""]",bango-file,inititem.dat,2468
836,2,Int,"[""3""]",bango-file,inititem.dat,2468
836,3,defense,"[""29""]",bango-file,inititem.dat,2468
836,4,dodge,"[""23""]",bango-file,inititem.dat,2468
836,5,resistfire,"[""6""]",bango-file,inititem.dat,2468
836,6,resistice,"[""6""]",bango-file,inititem.dat,2468
836,7,resistlitning,"[""6""]",bango-file,inititem.dat,2468
836,8,resistcurse,"[""3""]",bango-file,inititem.dat,2468
836,9,resistpalsy,"[""3""]",bango-file,inititem.dat,2468
837,1,Hth,"[""1""]",bango-file,inititem.dat,2471
837,2,defense,"[""23""]",bango-file,inititem.dat,2471
837,3,dodge,"[""12""]",bango-file,inititem.dat,2471
837,4,resistfire,"[""5""]",bango-file,inititem.dat,2471
837,5,resistice,"[""5""]",bango-file,inititem.dat,2471
837,6,resistlitning,"[""5""]",bango-file,inititem.dat,2471
837,7,resistcurse,"[""2""]",bango-file,inititem.dat,2471
837,8,resistpalsy,"[""2""]",bango-file,inititem.dat,2471
838,1,Wis,"[""1""]",bango-file,inititem.dat,2474
838,2,defense,"[""23""]",bango-file,inititem.dat,2474
838,3,dodge,"[""10""]",bango-file,inititem.dat,2474
838,4,resistfire,"[""4""]",bango-file,inititem.dat,2474
838,5,resistice,"[""4""]",bango-file,inititem.dat,2474
838,6,resistlitning,"[""4""]",bango-file,inititem.dat,2474
838,7,resistcurse,"[""3""]",bango-file,inititem.dat,2474
838,8,resistpalsy,"[""3""]",bango-file,inititem.dat,2474
839,1,Wis,"[""1""]",bango-file,inititem.dat,2477
839,2,defense,"[""26""]",bango-file,inititem.dat,2477
839,3,dodge,"[""21""]",bango-file,inititem.dat,2477
839,4,resistfire,"[""3""]",bango-file,inititem.dat,2477
839,5,resistice,"[""3""]",bango-file,inititem.dat,2477
839,6,resistlitning,"[""3""]",bango-file,inititem.dat,2477
839,7,resistcurse,"[""3""]",bango-file,inititem.dat,2477
839,8,resistpalsy,"[""3""]",bango-file,inititem.dat,2477
840,1,Hth,"[""1""]",bango-file,inititem.dat,2480
840,2,defense,"[""21""]",bango-file,inititem.dat,2480
840,3,dodge,"[""25""]",bango-file,inititem.dat,2480
840,4,resistfire,"[""3""]",bango-file,inititem.dat,2480
840,5,resistice,"[""3""]",bango-file,inititem.dat,2480
840,6,resistlitning,"[""3""]",bango-file,inititem.dat,2480
840,7,resistcurse,"[""2""]",bango-file,inititem.dat,2480
840,8,resistpalsy,"[""2""]",bango-file,inititem.dat,2480
841,1,Str,"[""4""]",bango-file,inititem.dat,2483
841,2,Hth,"[""3""]",bango-file,inititem.dat,2483
841,3,defense,"[""52""]",bango-file,inititem.dat,2483
841,4,dodge,"[""19""]",bango-file,inititem.dat,2483
841,5,absorb,"[""6""]",bango-file,inititem.dat,2483
842,1,Hth,"[""2""]",bango-file,inititem.dat,2486
842,2,defense,"[""50""]",bango-file,inititem.dat,2486
842,3,dodge,"[""11""]",bango-file,inititem.dat,2486
842,4,absorb,"[""3""]",bango-file,inititem.dat,2486
843,1,Str,"[""2""]",bango-file,inititem.dat,2489
843,2,defense,"[""51""]",bango-file,inititem.dat,2489
843,3,dodge,"[""8""]",bango-file,inititem.dat,2489
843,4,absorb,"[""2""]",bango-file,inititem.dat,2489
844,1,Dex,"[""2""]",bango-file,inititem.dat,2492
844,2,defense,"[""37""]",bango-file,inititem.dat,2492
844,3,dodge,"[""21""]",bango-file,inititem.dat,2492
844,4,absorb,"[""2""]",bango-file,inititem.dat,2492
845,1,Hth,"[""2""]",bango-file,inititem.dat,2495
845,2,defense,"[""32""]",bango-file,inititem.dat,2495
845,3,dodge,"[""21""]",bango-file,inititem.dat,2495
845,4,absorb,"[""4""]",bango-file,inititem.dat,2495
846,1,Hth,"[""3""]",bango-file,inititem.dat,2498
846,2,Dex,"[""4""]",bango-file,inititem.dat,2498
846,3,defense,"[""54""]",bango-file,inititem.dat,2498
846,4,dodge,"[""19""]",bango-file,inititem.dat,2498
846,5,absorb,"[""4""]",bango-file,inititem.dat,2498
847,1,Hth,"[""2""]",bango-file,inititem.dat,2501
847,2,defense,"[""35""]",bango-file,inititem.dat,2501
847,3,dodge,"[""12""]",bango-file,inititem.dat,2501
847,4,absorb,"[""2""]",bango-file,inititem.dat,2501
848,1,Str,"[""2""]",bango-file,inititem.dat,2504
848,2,defense,"[""33""]",bango-file,inititem.dat,2504
848,3,dodge,"[""11""]",bango-file,inititem.dat,2504
848,4,absorb,"[""2""]",bango-file,inititem.dat,2504
849,1,Dex,"[""2""]",bango-file,inititem.dat,2507
849,2,defense,"[""32""]",bango-file,inititem.dat,2507
849,3,dodge,"[""34""]",bango-file,inititem.dat,2507
849,4,absorb,"[""1""]",bango-file,inititem.dat,2507
850,1,Hth,"[""2""]",bango-file,inititem.dat,2510
850,2,defense,"[""22""]",bango-file,inititem.dat,2510
850,3,dodge,"[""39""]",bango-file,inititem.dat,2510
850,4,absorb,"[""2""]",bango-file,inititem.dat,2510
851,1,Hth,"[""3""]",bango-file,inititem.dat,2513
851,2,Int,"[""4""]",bango-file,inititem.dat,2513
851,3,defense,"[""35""]",bango-file,inititem.dat,2513
851,4,dodge,"[""27""]",bango-file,inititem.dat,2513
851,5,resistfire,"[""7""]",bango-file,inititem.dat,2513
851,6,resistice,"[""7""]",bango-file,inititem.dat,2513
851,7,resistlitning,"[""7""]",bango-file,inititem.dat,2513
851,8,resistcurse,"[""4""]",bango-file,inititem.dat,2513
851,9,resistpalsy,"[""4""]",bango-file,inititem.dat,2513
852,1,Hth,"[""2""]",bango-file,inititem.dat,2516
852,2,defense,"[""28""]",bango-file,inititem.dat,2516
852,3,dodge,"[""14""]",bango-file,inititem.dat,2516
852,4,resistfire,"[""6""]",bango-file,inititem.dat,2516
852,5,resistice,"[""6""]",bango-file,inititem.dat,2516
852,6,resistlitning,"[""6""]",bango-file,inititem.dat,2516
852,7,resistcurse,"[""3""]",bango-file,inititem.dat,2516
852,8,resistpalsy,"[""3""]",bango-file,inititem.dat,2516
853,1,Wis,"[""2""]",bango-file,inititem.dat,2519
853,2,defense,"[""28""]",bango-file,inititem.dat,2519
853,3,dodge,"[""12""]",bango-file,inititem.dat,2519
853,4,resistfire,"[""5""]",bango-file,inititem.dat,2519
853,5,resistice,"[""5""]",bango-file,inititem.dat,2519
853,6,resistlitning,"[""5""]",bango-file,inititem.dat,2519
853,7,resistcurse,"[""3""]",bango-file,inititem.dat,2519
853,8,resistpalsy,"[""3""]",bango-file,inititem.dat,2519
854,1,Wis,"[""2""]",bango-file,inititem.dat,2522
854,2,defense,"[""32""]",bango-file,inititem.dat,2522
854,3,dodge,"[""24""]",bango-file,inititem.dat,2522
854,4,resistfire,"[""3""]",bango-file,inititem.dat,2522
854,5,resistice,"[""3""]",bango-file,inititem.dat,2522
854,6,resistlitning,"[""3""]",bango-file,inititem.dat,2522
854,7,resistcurse,"[""4""]",bango-file,inititem.dat,2522
854,8,resistpalsy,"[""4""]",bango-file,inititem.dat,2522
855,1,Hth,"[""2""]",bango-file,inititem.dat,2525
855,2,defense,"[""25""]",bango-file,inititem.dat,2525
855,3,dodge,"[""30""]",bango-file,inititem.dat,2525
855,4,resistfire,"[""3""]",bango-file,inititem.dat,2525
855,5,resistice,"[""3""]",bango-file,inititem.dat,2525
855,6,resistlitning,"[""3""]",bango-file,inititem.dat,2525
855,7,resistcurse,"[""3""]",bango-file,inititem.dat,2525
855,8,resistpalsy,"[""3""]",bango-file,inititem.dat,2525
856,1,aspeed,"[""700""]",bango-file,inititem.dat,2530
856,2,Str,"[""4""]",bango-file,inititem.dat,2530
856,3,Hth,"[""3""]",bango-file,inititem.dat,2530
856,4,Dex,"[""1""]",bango-file,inititem.dat,2530
856,5,Attack,"[""220"",""275""]",bango-file,inititem.dat,2530
856,6,hp,"[""350""]",bango-file,inititem.dat,2530
856,7,hit,"[""79""]",bango-file,inititem.dat,2530
857,1,aspeed,"[""700""]",bango-file,inititem.dat,2533
857,2,Str,"[""6""]",bango-file,inititem.dat,2533
857,3,Hth,"[""2""]",bango-file,inititem.dat,2533
857,4,Attack,"[""245"",""300""]",bango-file,inititem.dat,2533
857,5,hp,"[""300""]",bango-file,inititem.dat,2533
857,6,hit,"[""76""]",bango-file,inititem.dat,2533
858,1,aspeed,"[""700""]",bango-file,inititem.dat,2536
858,2,Str,"[""2""]",bango-file,inititem.dat,2536
858,3,Hth,"[""4""]",bango-file,inititem.dat,2536
858,4,Wis,"[""1""]",bango-file,inititem.dat,2536
858,5,Dex,"[""2""]",bango-file,inititem.dat,2536
858,6,Attack,"[""210"",""260""]",bango-file,inititem.dat,2536
858,7,hp,"[""250""]",bango-file,inititem.dat,2536
858,8,mp,"[""150""]",bango-file,inititem.dat,2536
858,9,hit,"[""82""]",bango-file,inititem.dat,2536
859,1,aspeed,"[""1400""]",bango-file,inititem.dat,2539
859,2,Str,"[""6""]",bango-file,inititem.dat,2539
859,3,Hth,"[""2""]",bango-file,inititem.dat,2539
859,4,Attack,"[""440"",""530""]",bango-file,inititem.dat,2539
859,5,hp,"[""300""]",bango-file,inititem.dat,2539
859,6,hit,"[""79""]",bango-file,inititem.dat,2539
860,1,aspeed,"[""1400""]",bango-file,inititem.dat,2542
860,2,Str,"[""8""]",bango-file,inititem.dat,2542
860,3,Attack,"[""490"",""570""]",bango-file,inititem.dat,2542
860,4,hp,"[""250""]",bango-file,inititem.dat,2542
860,5,hit,"[""74""]",bango-file,inititem.dat,2542
861,1,aspeed,"[""1400""]",bango-file,inititem.dat,2545
861,2,Str,"[""4""]",bango-file,inititem.dat,2545
861,3,Hth,"[""3""]",bango-file,inititem.dat,2545
861,4,Wis,"[""1""]",bango-file,inititem.dat,2545
861,5,Dex,"[""1""]",bango-file,inititem.dat,2545
861,6,Attack,"[""420"",""510""]",bango-file,inititem.dat,2545
861,7,hp,"[""200""]",bango-file,inititem.dat,2545
861,8,mp,"[""100""]",bango-file,inititem.dat,2545
861,9,hit,"[""80""]",bango-file,inititem.dat,2545
862,1,aspeed,"[""800""]",bango-file,inititem.dat,2548
862,2,Str,"[""1""]",bango-file,inititem.dat,2548
862,3,Hth,"[""1""]",bango-file,inititem.dat,2548
862,4,Dex,"[""6""]",bango-file,inititem.dat,2548
862,5,Attack,"[""200"",""250""]",bango-file,inititem.dat,2548
862,6,hp,"[""300""]",bango-file,inititem.dat,2548
862,7,hit,"[""77""]",bango-file,inititem.dat,2548
863,1,aspeed,"[""800""]",bango-file,inititem.dat,2551
863,2,Str,"[""4""]",bango-file,inititem.dat,2551
863,3,Dex,"[""4""]",bango-file,inititem.dat,2551
863,4,Attack,"[""225"",""275""]",bango-file,inititem.dat,2551
863,5,hp,"[""250""]",bango-file,inititem.dat,2551
863,6,hit,"[""75""]",bango-file,inititem.dat,2551
864,1,aspeed,"[""800""]",bango-file,inititem.dat,2554
864,2,Hth,"[""1""]",bango-file,inititem.dat,2554
864,3,Wis,"[""2""]",bango-file,inititem.dat,2554
864,4,Dex,"[""5""]",bango-file,inititem.dat,2554
864,5,Attack,"[""190"",""240""]",bango-file,inititem.dat,2554
864,6,hp,"[""200""]",bango-file,inititem.dat,2554
864,7,mp,"[""100""]",bango-file,inititem.dat,2554
864,8,hit,"[""79""]",bango-file,inititem.dat,2554
865,1,aspeed,"[""1000""]",bango-file,inititem.dat,2557
865,2,Int,"[""6""]",bango-file,inititem.dat,2557
865,3,Wis,"[""2""]",bango-file,inititem.dat,2557
865,4,Attack,"[""151"",""161""]",bango-file,inititem.dat,2557
865,5,Magic,"[""270"",""360""]",bango-file,inititem.dat,2557
865,6,hp,"[""150""]",bango-file,inititem.dat,2557
865,7,mp,"[""100""]",bango-file,inititem.dat,2557
865,8,hit,"[""69""]",bango-file,inititem.dat,2557
866,1,aspeed,"[""1000""]",bango-file,inititem.dat,2560
866,2,Int,"[""8""]",bango-file,inititem.dat,2560
866,3,Attack,"[""169"",""179""]",bango-file,inititem.dat,2560
866,4,Magic,"[""290"",""380""]",bango-file,inititem.dat,2560
866,5,mp,"[""300""]",bango-file,inititem.dat,2560
866,6,hit,"[""67""]",bango-file,inititem.dat,2560
867,1,aspeed,"[""1000""]",bango-file,inititem.dat,2563
867,2,Wis,"[""12""]",bango-file,inititem.dat,2563
867,3,Dex,"[""4""]",bango-file,inititem.dat,2563
867,4,Attack,"[""135"",""145""]",bango-file,inititem.dat,2563
867,5,Magic,"[""230"",""320""]",bango-file,inititem.dat,2563
867,6,mp,"[""350""]",bango-file,inititem.dat,2563
867,7,hit,"[""81""]",bango-file,inititem.dat,2563
868,1,refresh,"[""hp"",""500""]",bango-file,inititem.dat,2568
869,1,buff,"[""107"",""1800"",""5""]",bango-file,inititem.dat,2571
870,1,buff,"[""109"",""1800"",""5""]",bango-file,inititem.dat,2574
871,1,buff,"[""106"",""1800"",""3""]",bango-file,inititem.dat,2577
872,1,buff,"[""110"",""1800"",""3""]",bango-file,inititem.dat,2580
873,1,buff,"[""108"",""1800"",""3""]",bango-file,inititem.dat,2583
874,1,buff,"[""12"",""3600"",""45""]",bango-file,inititem.dat,2586
875,1,buff,"[""56"",""3600"",""5""]",bango-file,inititem.dat,2589
876,1,buff,"[""51"",""3600"",""7""]",bango-file,inititem.dat,2592
877,1,buff,"[""52"",""3600"",""7""]",bango-file,inititem.dat,2595
878,1,buff,"[""54"",""3600"",""3""]",bango-file,inititem.dat,2598
879,1,buff,"[""111"",""7200"",""0""]",bango-file,inititem.dat,2603
887,1,buff,"[""111"",""7200"",""0""]",bango-file,inititem.dat,2627
941,1,aspeed,"[""800""]",bango-file,inititem.dat,2789
941,2,Attack,"[""85"",""118""]",bango-file,inititem.dat,2789
941,3,hit,"[""54""]",bango-file,inititem.dat,2789
942,1,Str,"[""0""]",bango-file,inititem.dat,2795
942,2,Int,"[""0""]",bango-file,inititem.dat,2795
942,3,Dex,"[""0""]",bango-file,inititem.dat,2795
992,1,repair,"[""0"",""5""]",bango-file,inititem.dat,2844
993,1,repair,"[""1"",""3""]",bango-file,inititem.dat,2847
1003,1,refresh,"[""hp"",""400""]",bango-file,inititem.dat,2881
1004,1,refresh,"[""hp"",""500""]",bango-file,inititem.dat,2884
1005,1,refresh,"[""hpr"",""10""]",bango-file,inititem.dat,2887
1006,1,refresh,"[""hpr"",""25""]",bango-file,inititem.dat,2890
1007,1,buff,"[""129"",""600"",""10""]",bango-file,inititem.dat,2893
1008,1,buff,"[""130"",""600"",""10""]",bango-file,inititem.dat,2896
1029,1,Str,"[""0""]",bango-file,inititem.dat,2959
1029,2,Int,"[""0""]",bango-file,inititem.dat,2959
1029,3,Dex,"[""0""]",bango-file,inititem.dat,2959
1030,1,refresh,"[""hp"",""500""]",bango-file,inititem.dat,2964
1031,1,buff,"[""136"",""1800"",""7""]",bango-file,inititem.dat,2967
1032,1,buff,"[""137"",""1800"",""3""]",bango-file,inititem.dat,2970
1033,1,buff,"[""138"",""1800"",""5""]",bango-file,inititem.dat,2973
1034,1,buff,"[""139"",""1800"",""5""]",bango-file,inititem.dat,2976
1036,1,buff,"[""104"",""3600"",""0""]",bango-file,inititem.dat,2986
1037,1,buff,"[""104"",""3600"",""0""]",bango-file,inititem.dat,2989
1038,1,buff,"[""104"",""3600"",""0""]",bango-file,inititem.dat,2992
1039,1,Str,"[""3""]",bango-file,inititem.dat,2997
1039,2,Dex,"[""3""]",bango-file,inititem.dat,2997
1040,1,Str,"[""3""]",bango-file,inititem.dat,3000
1040,2,Dex,"[""3""]",bango-file,inititem.dat,3000
1041,1,Str,"[""3""]",bango-file,inititem.dat,3003
1041,2,Hth,"[""3""]",bango-file,inititem.dat,3003
1042,1,Str,"[""3""]",bango-file,inititem.dat,3006
1042,2,Hth,"[""3""]",bango-file,inititem.dat,3006
1043,1,Str,"[""3""]",bango-file,inititem.dat,3009
1043,2,Int,"[""3""]",bango-file,inititem.dat,3009
1044,1,Str,"[""3""]",bango-file,inititem.dat,3012
1044,2,Int,"[""3""]",bango-file,inititem.dat,3012
1045,1,Str,"[""3""]",bango-file,inititem.dat,3015
1045,2,Wis,"[""3""]",bango-file,inititem.dat,3015
1046,1,Str,"[""3""]",bango-file,inititem.dat,3018
1046,2,Wis,"[""3""]",bango-file,inititem.dat,3018
1047,1,Int,"[""3""]",bango-file,inititem.dat,3021
1047,2,Wis,"[""3""]",bango-file,inititem.dat,3021
1048,1,Int,"[""3""]",bango-file,inititem.dat,3024
1048,2,Wis,"[""3""]",bango-file,inititem.dat,3024
1049,1,Hth,"[""3""]",bango-file,inititem.dat,3027
1049,2,Int,"[""3""]",bango-file,inititem.dat,3027
1050,1,Hth,"[""3""]",bango-file,inititem.dat,3030
1050,2,Int,"[""3""]",bango-file,inititem.dat,3030
1051,1,Int,"[""3""]",bango-file,inititem.dat,3033
1051,2,Dex,"[""3""]",bango-file,inititem.dat,3033
1052,1,Int,"[""3""]",bango-file,inititem.dat,3036
1052,2,Dex,"[""3""]",bango-file,inititem.dat,3036
1053,1,Wis,"[""3""]",bango-file,inititem.dat,3039
1053,2,Dex,"[""3""]",bango-file,inititem.dat,3039
1054,1,Wis,"[""3""]",bango-file,inititem.dat,3042
1054,2,Dex,"[""3""]",bango-file,inititem.dat,3042
1055,1,Hth,"[""3""]",bango-file,inititem.dat,3045
1055,2,Dex,"[""3""]",bango-file,inititem.dat,3045
1056,1,Hth,"[""3""]",bango-file,inititem.dat,3048
1056,2,Dex,"[""3""]",bango-file,inititem.dat,3048
1059,1,charming,"[""xattack""]",bango-file,inititem.dat,3059
1060,1,charming,"[""xattack""]",bango-file,inititem.dat,3062
1061,1,charming,"[""xattack""]",bango-file,inititem.dat,3065
1062,1,protect,[],bango-file,inititem.dat,3068
1088,1,defense,"[""27""]",bango-file,inititem.dat,3153
1088,2,dodge,"[""9""]",bango-file,inititem.dat,3153
1088,3,absorb,"[""1""]",bango-file,inititem.dat,3153
1092,1,Hth,"[""3""]",bango-file,inititem.dat,3158
1092,2,Wis,"[""3""]",bango-file,inititem.dat,3158
1093,1,Hth,"[""3""]",bango-file,inititem.dat,3161
1093,2,Wis,"[""3""]",bango-file,inititem.dat,3161
1094,1,charming,"[""xattack""]",bango-file,inititem.dat,3164
1095,1,charming,"[""xattack""]",bango-file,inititem.dat,3167
1117,1,refresh,[],bango-file,inititem.dat,3221
1118,1,refresh,[],bango-file,inititem.dat,3224
1119,1,refresh,[],bango-file,inititem.dat,3227
1120,1,refresh,[],bango-file,inititem.dat,3230
1121,1,refresh,[],bango-file,inititem.dat,3233
1122,1,refresh,[],bango-file,inititem.dat,3236
1123,1,refresh,[],bango-file,inititem.dat,3239
1124,1,Str,"[""6""]",bango-file,inititem.dat,3243
1124,2,Hth,"[""3""]",bango-file,inititem.dat,3243
1124,3,defense,"[""60""]",bango-file,inititem.dat,3243
1124,4,dodge,"[""21""]",bango-file,inititem.dat,3243
1124,5,absorb,"[""7""]",bango-file,inititem.dat,3243
1125,1,Str,"[""1""]",bango-file,inititem.dat,3246
1125,2,Hth,"[""2""]",bango-file,inititem.dat,3246
1125,3,defense,"[""58""]",bango-file,inititem.dat,3246
1125,4,dodge,"[""13""]",bango-file,inititem.dat,3246
1125,5,absorb,"[""4""]",bango-file,inititem.dat,3246
1126,1,Str,"[""3""]",bango-file,inititem.dat,3249
1126,2,defense,"[""59""]",bango-file,inititem.dat,3249
1126,3,dodge,"[""10""]",bango-file,inititem.dat,3249
1126,4,absorb,"[""3""]",bango-file,inititem.dat,3249
1127,1,Hth,"[""1""]",bango-file,inititem.dat,3252
1127,2,Dex,"[""2""]",bango-file,inititem.dat,3252
1127,3,defense,"[""45""]",bango-file,inititem.dat,3252
1127,4,dodge,"[""23""]",bango-file,inititem.dat,3252
1127,5,absorb,"[""3""]",bango-file,inititem.dat,3252
1128,1,Str,"[""1""]",bango-file,inititem.dat,3255
1128,2,Hth,"[""2""]",bango-file,inititem.dat,3255
1128,3,defense,"[""40""]",bango-file,inititem.dat,3255
1128,4,dodge,"[""23""]",bango-file,inititem.dat,3255
1128,5,absorb,"[""5""]",bango-file,inititem.dat,3255
1129,1,Str,"[""2""]",bango-file,inititem.dat,3258
1129,2,Hth,"[""3""]",bango-file,inititem.dat,3258
1129,3,Dex,"[""4""]",bango-file,inititem.dat,3258
1129,4,defense,"[""62""]",bango-file,inititem.dat,3258
1129,5,dodge,"[""22""]",bango-file,inititem.dat,3258
1129,6,absorb,"[""5""]",bango-file,inititem.dat,3258
1130,1,Str,"[""1""]",bango-file,inititem.dat,3261
1130,2,Hth,"[""2""]",bango-file,inititem.dat,3261
1130,3,defense,"[""40""]",bango-file,inititem.dat,3261
1130,4,dodge,"[""14""]",bango-file,inititem.dat,3261
1130,5,absorb,"[""3""]",bango-file,inititem.dat,3261
1131,1,Str,"[""3""]",bango-file,inititem.dat,3264
1131,2,defense,"[""38""]",bango-file,inititem.dat,3264
1131,3,dodge,"[""13""]",bango-file,inititem.dat,3264
1131,4,absorb,"[""3""]",bango-file,inititem.dat,3264
1132,1,Hth,"[""1""]",bango-file,inititem.dat,3267
1132,2,Dex,"[""2""]",bango-file,inititem.dat,3267
1132,3,defense,"[""36""]",bango-file,inititem.dat,3267
1132,4,dodge,"[""42""]",bango-file,inititem.dat,3267
1132,5,absorb,"[""2""]",bango-file,inititem.dat,3267
1133,1,Str,"[""1""]",bango-file,inititem.dat,3270
1133,2,Hth,"[""2""]",bango-file,inititem.dat,3270
1133,3,defense,"[""25""]",bango-file,inititem.dat,3270
1133,4,dodge,"[""46""]",bango-file,inititem.dat,3270
1133,5,absorb,"[""3""]",bango-file,inititem.dat,3270
1134,1,Hth,"[""3""]",bango-file,inititem.dat,3273
1134,2,Int,"[""6""]",bango-file,inititem.dat,3273
1134,3,defense,"[""41""]",bango-file,inititem.dat,3273
1134,4,dodge,"[""31""]",bango-file,inititem.dat,3273
1134,5,resistfire,"[""8""]",bango-file,inititem.dat,3273
1134,6,resistice,"[""8""]",bango-file,inititem.dat,3273
1134,7,resistlitning,"[""8""]",bango-file,inititem.dat,3273
1134,8,resistcurse,"[""5""]",bango-file,inititem.dat,3273
1134,9,resistpalsy,"[""5""]",bango-file,inititem.dat,3273
1135,1,Hth,"[""2""]",bango-file,inititem.dat,3276
1135,2,Int,"[""1""]",bango-file,inititem.dat,3276
1135,3,defense,"[""33""]",bango-file,inititem.dat,3276
1135,4,dodge,"[""16""]",bango-file,inititem.dat,3276
1135,5,resistfire,"[""7""]",bango-file,inititem.dat,3276
1135,6,resistice,"[""7""]",bango-file,inititem.dat,3276
1135,7,resistlitning,"[""7""]",bango-file,inititem.dat,3276
1135,8,resistcurse,"[""4""]",bango-file,inititem.dat,3276
1135,9,resistpalsy,"[""4""]",bango-file,inititem.dat,3276
1136,1,Int,"[""1""]",bango-file,inititem.dat,3279
1136,2,Wis,"[""2""]",bango-file,inititem.dat,3279
1136,3,defense,"[""33""]",bango-file,inititem.dat,3279
1136,4,dodge,"[""14""]",bango-file,inititem.dat,3279
1136,5,resistfire,"[""6""]",bango-file,inititem.dat,3279
1136,6,resistice,"[""6""]",bango-file,inititem.dat,3279
1136,7,resistlitning,"[""6""]",bango-file,inititem.dat,3279
1136,8,resistcurse,"[""4""]",bango-file,inititem.dat,3279
1136,9,resistpalsy,"[""4""]",bango-file,inititem.dat,3279
1137,1,Int,"[""1""]",bango-file,inititem.dat,3282
1137,2,Wis,"[""2""]",bango-file,inititem.dat,3282
1137,3,defense,"[""38""]",bango-file,inititem.dat,3282
1137,4,dodge,"[""27""]",bango-file,inititem.dat,3282
1137,5,resistfire,"[""4""]",bango-file,inititem.dat,3282
1137,6,resistice,"[""4""]",bango-file,inititem.dat,3282
1137,7,resistlitning,"[""4""]",bango-file,inititem.dat,3282
1137,8,resistcurse,"[""5""]",bango-file,inititem.dat,3282
1137,9,resistpalsy,"[""5""]",bango-file,inititem.dat,3282
1138,1,Hth,"[""2""]",bango-file,inititem.dat,3285
1138,2,Int,"[""1""]",bango-file,inititem.dat,3285
1138,3,defense,"[""29""]",bango-file,inititem.dat,3285
1138,4,dodge,"[""35""]",bango-file,inititem.dat,3285
1138,5,resistfire,"[""4""]",bango-file,inititem.dat,3285
1138,6,resistice,"[""4""]",bango-file,inititem.dat,3285
1138,7,resistlitning,"[""4""]",bango-file,inititem.dat,3285
1138,8,resistcurse,"[""4""]",bango-file,inititem.dat,3285
1138,9,resistpalsy,"[""4""]",bango-file,inititem.dat,3285
1139,1,buff,"[""30"",""1296000"",""0""]",bango-file,inititem.dat,3290
1140,1,buff,"[""31"",""1296000"",""0""]",bango-file,inititem.dat,3293
1141,1,buff,"[""32"",""1296000"",""0""]",bango-file,inititem.dat,3296
1142,1,buff,"[""60"",""3600"",""5""]",bango-file,inititem.dat,3299
1143,1,buff,"[""61"",""3600"",""10""]",bango-file,inititem.dat,3302
1144,1,buff,"[""62"",""3600"",""5""]",bango-file,inititem.dat,3305
1145,1,buff,"[""63"",""3600"",""10""]",bango-file,inititem.dat,3308
1146,1,buff,"[""64"",""3600"",""5""]",bango-file,inititem.dat,3311
1147,1,revival,"[""100""]",bango-file,inititem.dat,3314
1150,1,buff,"[""51"",""3600"",""0""]",bango-file,inititem.dat,3323
1151,1,buff,"[""52"",""3600"",""0""]",bango-file,inititem.dat,3326
1152,1,buff,"[""54"",""3600"",""0""]",bango-file,inititem.dat,3329
1153,1,buff,"[""56"",""3600"",""0""]",bango-file,inititem.dat,3332
1154,1,buff,"[""57"",""3600"",""0""]",bango-file,inititem.dat,3335
1155,1,buff,"[""58"",""500"",""0""]",bango-file,inititem.dat,3338
1156,1,buff,"[""59"",""500"",""0""]",bango-file,inititem.dat,3341
1159,1,protect,[],bango-file,inititem.dat,3354
1161,1,buff,"[""99"",""604800"",""0""]",bango-file,inititem.dat,3360
1162,1,buff,"[""101"",""604800"",""0""]",bango-file,inititem.dat,3363
1165,1,Str,"[""0""]",bango-file,inititem.dat,3375
1165,2,Int,"[""0""]",bango-file,inititem.dat,3375
1165,3,Dex,"[""0""]",bango-file,inititem.dat,3375
1169,1,buff,"[""30"",""86400"",""0""]",bango-file,inititem.dat,3391
1170,1,buff,"[""31"",""86400"",""0""]",bango-file,inititem.dat,3394
1172,1,protect,[],bango-file,inititem.dat,3400
1173,1,buff,"[""147"",""172800"",""0""]",bango-file,inititem.dat,3403
1174,1,buff,"[""148"",""172800"",""0""]",bango-file,inititem.dat,3406
1175,1,buff,"[""149"",""172800"",""0""]",bango-file,inititem.dat,3409
1184,1,Str,"[""6""]",bango-file,inititem.dat,3438
1184,2,Hth,"[""3""]",bango-file,inititem.dat,3438
1184,3,defense,"[""60""]",bango-file,inititem.dat,3438
1184,4,dodge,"[""21""]",bango-file,inititem.dat,3438
1184,5,absorb,"[""7""]",bango-file,inititem.dat,3438
1185,1,Str,"[""1""]",bango-file,inititem.dat,3441
1185,2,Hth,"[""2""]",bango-file,inititem.dat,3441
1185,3,defense,"[""58""]",bango-file,inititem.dat,3441
1185,4,dodge,"[""13""]",bango-file,inititem.dat,3441
1185,5,absorb,"[""4""]",bango-file,inititem.dat,3441
1186,1,Str,"[""3""]",bango-file,inititem.dat,3444
1186,2,defense,"[""59""]",bango-file,inititem.dat,3444
1186,3,dodge,"[""10""]",bango-file,inititem.dat,3444
1186,4,absorb,"[""3""]",bango-file,inititem.dat,3444
1187,1,Hth,"[""1""]",bango-file,inititem.dat,3447
1187,2,Dex,"[""2""]",bango-file,inititem.dat,3447
1187,3,defense,"[""45""]",bango-file,inititem.dat,3447
1187,4,dodge,"[""23""]",bango-file,inititem.dat,3447
1187,5,absorb,"[""3""]",bango-file,inititem.dat,3447
1188,1,Str,"[""1""]",bango-file,inititem.dat,3450
1188,2,Hth,"[""2""]",bango-file,inititem.dat,3450
1188,3,defense,"[""40""]",bango-file,inititem.dat,3450
1188,4,dodge,"[""23""]",bango-file,inititem.dat,3450
1188,5,absorb,"[""5""]",bango-file,inititem.dat,3450
1189,1,Str,"[""2""]",bango-file,inititem.dat,3453
1189,2,Hth,"[""3""]",bango-file,inititem.dat,3453
1189,3,Dex,"[""4""]",bango-file,inititem.dat,3453
1189,4,defense,"[""62""]",bango-file,inititem.dat,3453
1189,5,dodge,"[""22""]",bango-file,inititem.dat,3453
1189,6,absorb,"[""5""]",bango-file,inititem.dat,3453
1190,1,Str,"[""1""]",bango-file,inititem.dat,3456
1190,2,Hth,"[""2""]",bango-file,inititem.dat,3456
1190,3,defense,"[""40""]",bango-file,inititem.dat,3456
1190,4,dodge,"[""14""]",bango-file,inititem.dat,3456
1190,5,absorb,"[""3""]",bango-file,inititem.dat,3456
1191,1,Str,"[""3""]",bango-file,inititem.dat,3459
1191,2,defense,"[""38""]",bango-file,inititem.dat,3459
1191,3,dodge,"[""13""]",bango-file,inititem.dat,3459
1191,4,absorb,"[""3""]",bango-file,inititem.dat,3459
1192,1,Hth,"[""1""]",bango-file,inititem.dat,3462
1192,2,Dex,"[""2""]",bango-file,inititem.dat,3462
1192,3,defense,"[""36""]",bango-file,inititem.dat,3462
1192,4,dodge,"[""42""]",bango-file,inititem.dat,3462
1192,5,absorb,"[""2""]",bango-file,inititem.dat,3462
1193,1,Str,"[""1""]",bango-file,inititem.dat,3465
1193,2,Hth,"[""2""]",bango-file,inititem.dat,3465
1193,3,defense,"[""25""]",bango-file,inititem.dat,3465
1193,4,dodge,"[""46""]",bango-file,inititem.dat,3465
1193,5,absorb,"[""3""]",bango-file,inititem.dat,3465
1194,1,Hth,"[""3""]",bango-file,inititem.dat,3468
1194,2,Int,"[""6""]",bango-file,inititem.dat,3468
1194,3,defense,"[""41""]",bango-file,inititem.dat,3468
1194,4,dodge,"[""31""]",bango-file,inititem.dat,3468
1194,5,resistfire,"[""8""]",bango-file,inititem.dat,3468
1194,6,resistice,"[""8""]",bango-file,inititem.dat,3468
1194,7,resistlitning,"[""8""]",bango-file,inititem.dat,3468
1194,8,resistcurse,"[""5""]",bango-file,inititem.dat,3468
1194,9,resistpalsy,"[""5""]",bango-file,inititem.dat,3468
1195,1,Hth,"[""2""]",bango-file,inititem.dat,3471
1195,2,Int,"[""1""]",bango-file,inititem.dat,3471
1195,3,defense,"[""33""]",bango-file,inititem.dat,3471
1195,4,dodge,"[""16""]",bango-file,inititem.dat,3471
1195,5,resistfire,"[""7""]",bango-file,inititem.dat,3471
1195,6,resistice,"[""7""]",bango-file,inititem.dat,3471
1195,7,resistlitning,"[""7""]",bango-file,inititem.dat,3471
1195,8,resistcurse,"[""4""]",bango-file,inititem.dat,3471
1195,9,resistpalsy,"[""4""]",bango-file,inititem.dat,3471
1196,1,Int,"[""1""]",bango-file,inititem.dat,3474
1196,2,Wis,"[""2""]",bango-file,inititem.dat,3474
1196,3,defense,"[""33""]",bango-file,inititem.dat,3474
1196,4,dodge,"[""14""]",bango-file,inititem.dat,3474
1196,5,resistfire,"[""6""]",bango-file,inititem.dat,3474
1196,6,resistice,"[""6""]",bango-file,inititem.dat,3474
1196,7,resistlitning,"[""6""]",bango-file,inititem.dat,3474
1196,8,resistcurse,"[""4""]",bango-file,inititem.dat,3474
1196,9,resistpalsy,"[""4""]",bango-file,inititem.dat,3474
1197,1,Int,"[""1""]",bango-file,inititem.dat,3477
1197,2,Wis,"[""2""]",bango-file,inititem.dat,3477
1197,3,defense,"[""38""]",bango-file,inititem.dat,3477
1197,4,dodge,"[""27""]",bango-file,inititem.dat,3477
1197,5,resistfire,"[""4""]",bango-file,inititem.dat,3477
1197,6,resistice,"[""4""]",bango-file,inititem.dat,3477
1197,7,resistlitning,"[""4""]",bango-file,inititem.dat,3477
1197,8,resistcurse,"[""5""]",bango-file,inititem.dat,3477
1197,9,resistpalsy,"[""5""]",bango-file,inititem.dat,3477
1198,1,Hth,"[""2""]",bango-file,inititem.dat,3480
1198,2,Int,"[""1""]",bango-file,inititem.dat,3480
1198,3,defense,"[""29""]",bango-file,inititem.dat,3480
1198,4,dodge,"[""35""]",bango-file,inititem.dat,3480
1198,5,resistfire,"[""4""]",bango-file,inititem.dat,3480
1198,6,resistice,"[""4""]",bango-file,inititem.dat,3480
1198,7,resistlitning,"[""4""]",bango-file,inititem.dat,3480
1198,8,resistcurse,"[""4""]",bango-file,inititem.dat,3480
1198,9,resistpalsy,"[""4""]",bango-file,inititem.dat,3480
1199,1,Str,"[""4""]",bango-file,inititem.dat,3485
1199,2,Hth,"[""3""]",bango-file,inititem.dat,3485
1199,3,defense,"[""52""]",bango-file,inititem.dat,3485
1199,4,dodge,"[""19""]",bango-file,inititem.dat,3485
1199,5,absorb,"[""6""]",bango-file,inititem.dat,3485
1200,1,Hth,"[""2""]",bango-file,inititem.dat,3488
1200,2,defense,"[""50""]",bango-file,inititem.dat,3488
1200,3,dodge,"[""11""]",bango-file,inititem.dat,3488
1200,4,absorb,"[""3""]",bango-file,inititem.dat,3488
1201,1,Str,"[""2""]",bango-file,inititem.dat,3491
1201,2,defense,"[""51""]",bango-file,inititem.dat,3491
1201,3,dodge,"[""8""]",bango-file,inititem.dat,3491
1201,4,absorb,"[""2""]",bango-file,inititem.dat,3491
1202,1,Dex,"[""2""]",bango-file,inititem.dat,3494
1202,2,defense,"[""37""]",bango-file,inititem.dat,3494
1202,3,dodge,"[""21""]",bango-file,inititem.dat,3494
1202,4,absorb,"[""2""]",bango-file,inititem.dat,3494
1203,1,Hth,"[""2""]",bango-file,inititem.dat,3497
1203,2,defense,"[""32""]",bango-file,inititem.dat,3497
1203,3,dodge,"[""21""]",bango-file,inititem.dat,3497
1203,4,absorb,"[""4""]",bango-file,inititem.dat,3497
1204,1,Hth,"[""3""]",bango-file,inititem.dat,3500
1204,2,Dex,"[""4""]",bango-file,inititem.dat,3500
1204,3,defense,"[""54""]",bango-file,inititem.dat,3500
1204,4,dodge,"[""19""]",bango-file,inititem.dat,3500
1204,5,absorb,"[""4""]",bango-file,inititem.dat,3500
1205,1,Hth,"[""2""]",bango-file,inititem.dat,3503
1205,2,defense,"[""35""]",bango-file,inititem.dat,3503
1205,3,dodge,"[""12""]",bango-file,inititem.dat,3503
1205,4,absorb,"[""2""]",bango-file,inititem.dat,3503
1206,1,Str,"[""2""]",bango-file,inititem.dat,3506
1206,2,defense,"[""33""]",bango-file,inititem.dat,3506
1206,3,dodge,"[""11""]",bango-file,inititem.dat,3506
1206,4,absorb,"[""2""]",bango-file,inititem.dat,3506
1207,1,Dex,"[""2""]",bango-file,inititem.dat,3509
1207,2,defense,"[""32""]",bango-file,inititem.dat,3509
1207,3,dodge,"[""34""]",bango-file,inititem.dat,3509
1207,4,absorb,"[""1""]",bango-file,inititem.dat,3509
1208,1,Hth,"[""2""]",bango-file,inititem.dat,3512
1208,2,defense,"[""22""]",bango-file,inititem.dat,3512
1208,3,dodge,"[""39""]",bango-file,inititem.dat,3512
1208,4,absorb,"[""2""]",bango-file,inititem.dat,3512
1209,1,Hth,"[""3""]",bango-file,inititem.dat,3515
1209,2,Int,"[""4""]",bango-file,inititem.dat,3515
1209,3,defense,"[""35""]",bango-file,inititem.dat,3515
1209,4,dodge,"[""27""]",bango-file,inititem.dat,3515
1209,5,resistfire,"[""7""]",bango-file,inititem.dat,3515
1209,6,resistice,"[""7""]",bango-file,inititem.dat,3515
1209,7,resistlitning,"[""7""]",bango-file,inititem.dat,3515
1209,8,resistcurse,"[""4""]",bango-file,inititem.dat,3515
1209,9,resistpalsy,"[""4""]",bango-file,inititem.dat,3515
1210,1,Hth,"[""2""]",bango-file,inititem.dat,3518
1210,2,defense,"[""28""]",bango-file,inititem.dat,3518
1210,3,dodge,"[""14""]",bango-file,inititem.dat,3518
1210,4,resistfire,"[""6""]",bango-file,inititem.dat,3518
1210,5,resistice,"[""6""]",bango-file,inititem.dat,3518
1210,6,resistlitning,"[""6""]",bango-file,inititem.dat,3518
1210,7,resistcurse,"[""3""]",bango-file,inititem.dat,3518
1210,8,resistpalsy,"[""3""]",bango-file,inititem.dat,3518
1211,1,Wis,"[""2""]",bango-file,inititem.dat,3521
1211,2,defense,"[""28""]",bango-file,inititem.dat,3521
1211,3,dodge,"[""12""]",bango-file,inititem.dat,3521
1211,4,resistfire,"[""5""]",bango-file,inititem.dat,3521
1211,5,resistice,"[""5""]",bango-file,inititem.dat,3521
1211,6,resistlitning,"[""5""]",bango-file,inititem.dat,3521
1211,7,resistcurse,"[""3""]",bango-file,inititem.dat,3521
1211,8,resistpalsy,"[""3""]",bango-file,inititem.dat,3521
1212,1,Wis,"[""2""]",bango-file,inititem.dat,3524
1212,2,defense,"[""32""]",bango-file,inititem.dat,3524
1212,3,dodge,"[""24""]",bango-file,inititem.dat,3524
1212,4,resistfire,"[""3""]",bango-file,inititem.dat,3524
1212,5,resistice,"[""3""]",bango-file,inititem.dat,3524
1212,6,resistlitning,"[""3""]",bango-file,inititem.dat,3524
1212,7,resistcurse,"[""4""]",bango-file,inititem.dat,3524
1212,8,resistpalsy,"[""4""]",bango-file,inititem.dat,3524
1213,1,Hth,"[""2""]",bango-file,inititem.dat,3527
1213,2,defense,"[""25""]",bango-file,inititem.dat,3527
1213,3,dodge,"[""30""]",bango-file,inititem.dat,3527
1213,4,resistfire,"[""3""]",bango-file,inititem.dat,3527
1213,5,resistice,"[""3""]",bango-file,inititem.dat,3527
1213,6,resistlitning,"[""3""]",bango-file,inititem.dat,3527
1213,7,resistcurse,"[""3""]",bango-file,inititem.dat,3527
1213,8,resistpalsy,"[""3""]",bango-file,inititem.dat,3527
1214,1,aspeed,"[""700""]",bango-file,inititem.dat,3532
1214,2,Str,"[""5""]",bango-file,inititem.dat,3532
1214,3,Hth,"[""4""]",bango-file,inititem.dat,3532
1214,4,Dex,"[""1""]",bango-file,inititem.dat,3532
1214,5,Attack,"[""300"",""370""]",bango-file,inititem.dat,3532
1214,6,hp,"[""450""]",bango-file,inititem.dat,3532
1214,7,hit,"[""83""]",bango-file,inititem.dat,3532
1215,1,aspeed,"[""1400""]",bango-file,inititem.dat,3535
1215,2,Str,"[""7""]",bango-file,inititem.dat,3535
1215,3,Hth,"[""3""]",bango-file,inititem.dat,3535
1215,4,Attack,"[""560"",""620""]",bango-file,inititem.dat,3535
1215,5,hp,"[""400""]",bango-file,inititem.dat,3535
1215,6,hit,"[""82""]",bango-file,inititem.dat,3535
1216,1,aspeed,"[""800""]",bango-file,inititem.dat,3538
1216,2,Str,"[""1""]",bango-file,inititem.dat,3538
1216,3,Hth,"[""2""]",bango-file,inititem.dat,3538
1216,4,Dex,"[""7""]",bango-file,inititem.dat,3538
1216,5,Attack,"[""280"",""360""]",bango-file,inititem.dat,3538
1216,6,hp,"[""400""]",bango-file,inititem.dat,3538
1216,7,hit,"[""81""]",bango-file,inititem.dat,3538
1217,1,aspeed,"[""1000""]",bango-file,inititem.dat,3541
1217,2,Int,"[""7""]",bango-file,inititem.dat,3541
1217,3,Wis,"[""3""]",bango-file,inititem.dat,3541
1217,4,Attack,"[""189"",""199""]",bango-file,inititem.dat,3541
1217,5,Magic,"[""350"",""420""]",bango-file,inititem.dat,3541
1217,6,hp,"[""250""]",bango-file,inititem.dat,3541
1217,7,mp,"[""150""]",bango-file,inititem.dat,3541
1217,8,hit,"[""72""]",bango-file,inititem.dat,3541
1218,1,aspeed,"[""700""]",bango-file,inititem.dat,3544
1218,2,Str,"[""4""]",bango-file,inititem.dat,3544
1218,3,Hth,"[""3""]",bango-file,inititem.dat,3544
1218,4,Dex,"[""1""]",bango-file,inititem.dat,3544
1218,5,Attack,"[""220"",""275""]",bango-file,inititem.dat,3544
1218,6,hp,"[""350""]",bango-file,inititem.dat,3544
1218,7,hit,"[""79""]",bango-file,inititem.dat,3544
1219,1,aspeed,"[""700""]",bango-file,inititem.dat,3547
1219,2,Str,"[""6""]",bango-file,inititem.dat,3547
1219,3,Hth,"[""2""]",bango-file,inititem.dat,3547
1219,4,Attack,"[""245"",""300""]",bango-file,inititem.dat,3547
1219,5,hp,"[""300""]",bango-file,inititem.dat,3547
1219,6,hit,"[""76""]",bango-file,inititem.dat,3547
1220,1,aspeed,"[""700""]",bango-file,inititem.dat,3550
1220,2,Str,"[""2""]",bango-file,inititem.dat,3550
1220,3,Hth,"[""4""]",bango-file,inititem.dat,3550
1220,4,Wis,"[""1""]",bango-file,inititem.dat,3550
1220,5,Dex,"[""2""]",bango-file,inititem.dat,3550
1220,6,Attack,"[""210"",""260""]",bango-file,inititem.dat,3550
1220,7,hp,"[""250""]",bango-file,inititem.dat,3550
1220,8,mp,"[""150""]",bango-file,inititem.dat,3550
1220,9,hit,"[""82""]",bango-file,inititem.dat,3550
1221,1,aspeed,"[""1400""]",bango-file,inititem.dat,3553
1221,2,Str,"[""6""]",bango-file,inititem.dat,3553
1221,3,Hth,"[""2""]",bango-file,inititem.dat,3553
1221,4,Attack,"[""440"",""530""]",bango-file,inititem.dat,3553
1221,5,hp,"[""300""]",bango-file,inititem.dat,3553
1221,6,hit,"[""79""]",bango-file,inititem.dat,3553
1222,1,aspeed,"[""1400""]",bango-file,inititem.dat,3556
1222,2,Str,"[""8""]",bango-file,inititem.dat,3556
1222,3,Attack,"[""490"",""570""]",bango-file,inititem.dat,3556
1222,4,hp,"[""250""]",bango-file,inititem.dat,3556
1222,5,hit,"[""74""]",bango-file,inititem.dat,3556
1223,1,aspeed,"[""1400""]",bango-file,inititem.dat,3559
1223,2,Str,"[""4""]",bango-file,inititem.dat,3559
1223,3,Hth,"[""3""]",bango-file,inititem.dat,3559
1223,4,Wis,"[""1""]",bango-file,inititem.dat,3559
1223,5,Dex,"[""1""]",bango-file,inititem.dat,3559
1223,6,Attack,"[""420"",""510""]",bango-file,inititem.dat,3559
1223,7,hp,"[""200""]",bango-file,inititem.dat,3559
1223,8,mp,"[""100""]",bango-file,inititem.dat,3559
1223,9,hit,"[""80""]",bango-file,inititem.dat,3559
1224,1,aspeed,"[""800""]",bango-file,inititem.dat,3562
1224,2,Str,"[""1""]",bango-file,inititem.dat,3562
1224,3,Hth,"[""1""]",bango-file,inititem.dat,3562
1224,4,Dex,"[""6""]",bango-file,inititem.dat,3562
1224,5,Attack,"[""200"",""250""]",bango-file,inititem.dat,3562
1224,6,hp,"[""300""]",bango-file,inititem.dat,3562
1224,7,hit,"[""77""]",bango-file,inititem.dat,3562
1225,1,aspeed,"[""800""]",bango-file,inititem.dat,3565
1225,2,Str,"[""4""]",bango-file,inititem.dat,3565
1225,3,Dex,"[""4""]",bango-file,inititem.dat,3565
1225,4,Attack,"[""225"",""275""]",bango-file,inititem.dat,3565
1225,5,hp,"[""250""]",bango-file,inititem.dat,3565
1225,6,hit,"[""75""]",bango-file,inititem.dat,3565
1226,1,aspeed,"[""800""]",bango-file,inititem.dat,3568
1226,2,Hth,"[""1""]",bango-file,inititem.dat,3568
1226,3,Wis,"[""2""]",bango-file,inititem.dat,3568
1226,4,Dex,"[""5""]",bango-file,inititem.dat,3568
1226,5,Attack,"[""190"",""240""]",bango-file,inititem.dat,3568
1226,6,hp,"[""200""]",bango-file,inititem.dat,3568
1226,7,mp,"[""100""]",bango-file,inititem.dat,3568
1226,8,hit,"[""79""]",bango-file,inititem.dat,3568
1227,1,aspeed,"[""1000""]",bango-file,inititem.dat,3571
1227,2,Int,"[""6""]",bango-file,inititem.dat,3571
1227,3,Wis,"[""2""]",bango-file,inititem.dat,3571
1227,4,Attack,"[""151"",""161""]",bango-file,inititem.dat,3571
1227,5,Magic,"[""270"",""360""]",bango-file,inititem.dat,3571
1227,6,hp,"[""150""]",bango-file,inititem.dat,3571
1227,7,mp,"[""100""]",bango-file,inititem.dat,3571
1227,8,hit,"[""69""]",bango-file,inititem.dat,3571
1228,1,aspeed,"[""1000""]",bango-file,inititem.dat,3574
1228,2,Int,"[""8""]",bango-file,inititem.dat,3574
1228,3,Attack,"[""169"",""179""]",bango-file,inititem.dat,3574
1228,4,Magic,"[""290"",""380""]",bango-file,inititem.dat,3574
1228,5,mp,"[""300""]",bango-file,inititem.dat,3574
1228,6,hit,"[""67""]",bango-file,inititem.dat,3574
1229,1,aspeed,"[""1000""]",bango-file,inititem.dat,3577
1229,2,Wis,"[""12""]",bango-file,inititem.dat,3577
1229,3,Dex,"[""4""]",bango-file,inititem.dat,3577
1229,4,Attack,"[""135"",""145""]",bango-file,inititem.dat,3577
1229,5,Magic,"[""230"",""320""]",bango-file,inititem.dat,3577
1229,6,mp,"[""350""]",bango-file,inititem.dat,3577
1229,7,hit,"[""81""]",bango-file,inititem.dat,3577
1230,1,aspeed,"[""700""]",bango-file,inititem.dat,3580
1230,2,Str,"[""2""]",bango-file,inititem.dat,3580
1230,3,Hth,"[""2""]",bango-file,inititem.dat,3580
1230,4,Dex,"[""1""]",bango-file,inititem.dat,3580
1230,5,Attack,"[""187"",""227""]",bango-file,inititem.dat,3580
1230,6,hp,"[""250""]",bango-file,inititem.dat,3580
1230,7,hit,"[""76""]",bango-file,inititem.dat,3580
1231,1,aspeed,"[""700""]",bango-file,inititem.dat,3583
1231,2,Str,"[""4""]",bango-file,inititem.dat,3583
1231,3,Hth,"[""1""]",bango-file,inititem.dat,3583
1231,4,Attack,"[""202"",""242""]",bango-file,inititem.dat,3583
1231,5,hp,"[""200""]",bango-file,inititem.dat,3583
1231,6,hit,"[""73""]",bango-file,inititem.dat,3583
1232,1,aspeed,"[""700""]",bango-file,inititem.dat,3586
1232,2,Str,"[""1""]",bango-file,inititem.dat,3586
1232,3,Hth,"[""2""]",bango-file,inititem.dat,3586
1232,4,Wis,"[""1""]",bango-file,inititem.dat,3586
1232,5,Dex,"[""2""]",bango-file,inititem.dat,3586
1232,6,Attack,"[""172"",""212""]",bango-file,inititem.dat,3586
1232,7,hp,"[""150""]",bango-file,inititem.dat,3586
1232,8,mp,"[""50""]",bango-file,inititem.dat,3586
1232,9,hit,"[""79""]",bango-file,inititem.dat,3586
1233,1,aspeed,"[""1400""]",bango-file,inititem.dat,3589
1233,2,Str,"[""4""]",bango-file,inititem.dat,3589
1233,3,Dex,"[""1""]",bango-file,inititem.dat,3589
1233,4,Attack,"[""430"",""490""]",bango-file,inititem.dat,3589
1233,5,hp,"[""200""]",bango-file,inititem.dat,3589
1233,6,hit,"[""76""]",bango-file,inititem.dat,3589
1234,1,aspeed,"[""1400""]",bango-file,inititem.dat,3592
1234,2,Str,"[""6""]",bango-file,inititem.dat,3592
1234,3,Attack,"[""470"",""530""]",bango-file,inititem.dat,3592
1234,4,hp,"[""150""]",bango-file,inititem.dat,3592
1234,5,hit,"[""71""]",bango-file,inititem.dat,3592
1235,1,aspeed,"[""1400""]",bango-file,inititem.dat,3595
1235,2,Str,"[""3""]",bango-file,inititem.dat,3595
1235,3,Wis,"[""1""]",bango-file,inititem.dat,3595
1235,4,Dex,"[""1""]",bango-file,inititem.dat,3595
1235,5,Attack,"[""410"",""470""]",bango-file,inititem.dat,3595
1235,6,hp,"[""150""]",bango-file,inititem.dat,3595
1235,7,mp,"[""50""]",bango-file,inititem.dat,3595
1235,8,hit,"[""77""]",bango-file,inititem.dat,3595
1236,1,aspeed,"[""800""]",bango-file,inititem.dat,3598
1236,2,Str,"[""1""]",bango-file,inititem.dat,3598
1236,3,Dex,"[""4""]",bango-file,inititem.dat,3598
1236,4,Attack,"[""157"",""217""]",bango-file,inititem.dat,3598
1236,5,hp,"[""200""]",bango-file,inititem.dat,3598
1236,6,hit,"[""74""]",bango-file,inititem.dat,3598
1237,1,aspeed,"[""800""]",bango-file,inititem.dat,3601
1237,2,Str,"[""1""]",bango-file,inititem.dat,3601
1237,3,Dex,"[""4""]",bango-file,inititem.dat,3601
1237,4,Attack,"[""172"",""232""]",bango-file,inititem.dat,3601
1237,5,hp,"[""150""]",bango-file,inititem.dat,3601
1237,6,mp,"[""50""]",bango-file,inititem.dat,3601
1237,7,hit,"[""72""]",bango-file,inititem.dat,3601
1238,1,aspeed,"[""800""]",bango-file,inititem.dat,3604
1238,2,Dex,"[""5""]",bango-file,inititem.dat,3604
1238,3,Attack,"[""142"",""202""]",bango-file,inititem.dat,3604
1238,4,hp,"[""150""]",bango-file,inititem.dat,3604
1238,5,hit,"[""76""]",bango-file,inititem.dat,3604
1239,1,aspeed,"[""1000""]",bango-file,inititem.dat,3607
1239,2,Int,"[""4""]",bango-file,inititem.dat,3607
1239,3,Wis,"[""1""]",bango-file,inititem.dat,3607
1239,4,Attack,"[""135"",""145""]",bango-file,inititem.dat,3607
1239,5,Magic,"[""200"",""280""]",bango-file,inititem.dat,3607
1239,6,hp,"[""200""]",bango-file,inititem.dat,3607
1239,7,hit,"[""66""]",bango-file,inititem.dat,3607
1240,1,aspeed,"[""1000""]",bango-file,inititem.dat,3610
1240,2,Int,"[""5""]",bango-file,inititem.dat,3610
1240,3,Attack,"[""150"",""160""]",bango-file,inititem.dat,3610
1240,4,Magic,"[""220"",""300""]",bango-file,inititem.dat,3610
1240,5,mp,"[""250""]",bango-file,inititem.dat,3610
1240,6,hit,"[""64""]",bango-file,inititem.dat,3610
1241,1,aspeed,"[""1000""]",bango-file,inititem.dat,3613
1241,2,Wis,"[""9""]",bango-file,inititem.dat,3613
1241,3,Dex,"[""4""]",bango-file,inititem.dat,3613
1241,4,Attack,"[""120"",""130""]",bango-file,inititem.dat,3613
1241,5,Magic,"[""160"",""240""]",bango-file,inititem.dat,3613
1241,6,mp,"[""200""]",bango-file,inititem.dat,3613
1241,7,hit,"[""68""]",bango-file,inititem.dat,3613
1242,1,Str,"[""6""]",bango-file,inititem.dat,3618
1242,2,Hth,"[""3""]",bango-file,inititem.dat,3618
1242,3,defense,"[""60""]",bango-file,inititem.dat,3618
1242,4,dodge,"[""21""]",bango-file,inititem.dat,3618
1242,5,absorb,"[""7""]",bango-file,inititem.dat,3618
1243,1,Str,"[""1""]",bango-file,inititem.dat,3621
1243,2,Hth,"[""2""]",bango-file,inititem.dat,3621
1243,3,defense,"[""58""]",bango-file,inititem.dat,3621
1243,4,dodge,"[""13""]",bango-file,inititem.dat,3621
1243,5,absorb,"[""4""]",bango-file,inititem.dat,3621
1244,1,Str,"[""3""]",bango-file,inititem.dat,3624
1244,2,defense,"[""59""]",bango-file,inititem.dat,3624
1244,3,dodge,"[""10""]",bango-file,inititem.dat,3624
1244,4,absorb,"[""3""]",bango-file,inititem.dat,3624
1245,1,Hth,"[""1""]",bango-file,inititem.dat,3627
1245,2,Dex,"[""2""]",bango-file,inititem.dat,3627
1245,3,defense,"[""45""]",bango-file,inititem.dat,3627
1245,4,dodge,"[""23""]",bango-file,inititem.dat,3627
1245,5,absorb,"[""3""]",bango-file,inititem.dat,3627
1246,1,Str,"[""1""]",bango-file,inititem.dat,3630
1246,2,Hth,"[""2""]",bango-file,inititem.dat,3630
1246,3,defense,"[""40""]",bango-file,inititem.dat,3630
1246,4,dodge,"[""23""]",bango-file,inititem.dat,3630
1246,5,absorb,"[""5""]",bango-file,inititem.dat,3630
1247,1,Str,"[""2""]",bango-file,inititem.dat,3633
1247,2,Hth,"[""3""]",bango-file,inititem.dat,3633
1247,3,Dex,"[""4""]",bango-file,inititem.dat,3633
1247,4,defense,"[""62""]",bango-file,inititem.dat,3633
1247,5,dodge,"[""22""]",bango-file,inititem.dat,3633
1247,6,absorb,"[""5""]",bango-file,inititem.dat,3633
1248,1,Str,"[""1""]",bango-file,inititem.dat,3636
1248,2,Hth,"[""2""]",bango-file,inititem.dat,3636
1248,3,defense,"[""40""]",bango-file,inititem.dat,3636
1248,4,dodge,"[""14""]",bango-file,inititem.dat,3636
1248,5,absorb,"[""3""]",bango-file,inititem.dat,3636
1249,1,Str,"[""3""]",bango-file,inititem.dat,3639
1249,2,defense,"[""38""]",bango-file,inititem.dat,3639
1249,3,dodge,"[""13""]",bango-file,inititem.dat,3639
1249,4,absorb,"[""3""]",bango-file,inititem.dat,3639
1250,1,Hth,"[""1""]",bango-file,inititem.dat,3642
1250,2,Dex,"[""2""]",bango-file,inititem.dat,3642
1250,3,defense,"[""36""]",bango-file,inititem.dat,3642
1250,4,dodge,"[""42""]",bango-file,inititem.dat,3642
1250,5,absorb,"[""2""]",bango-file,inititem.dat,3642
1251,1,Str,"[""1""]",bango-file,inititem.dat,3645
1251,2,Hth,"[""2""]",bango-file,inititem.dat,3645
1251,3,defense,"[""25""]",bango-file,inititem.dat,3645
1251,4,dodge,"[""46""]",bango-file,inititem.dat,3645
1251,5,absorb,"[""3""]",bango-file,inititem.dat,3645
1252,1,Hth,"[""3""]",bango-file,inititem.dat,3648
1252,2,Int,"[""6""]",bango-file,inititem.dat,3648
1252,3,defense,"[""41""]",bango-file,inititem.dat,3648
1252,4,dodge,"[""31""]",bango-file,inititem.dat,3648
1252,5,resistfire,"[""8""]",bango-file,inititem.dat,3648
1252,6,resistice,"[""8""]",bango-file,inititem.dat,3648
1252,7,resistlitning,"[""8""]",bango-file,inititem.dat,3648
1252,8,resistcurse,"[""5""]",bango-file,inititem.dat,3648
1252,9,resistpalsy,"[""5""]",bango-file,inititem.dat,3648
1253,1,Hth,"[""2""]",bango-file,inititem.dat,3651
1253,2,Int,"[""1""]",bango-file,inititem.dat,3651
1253,3,defense,"[""33""]",bango-file,inititem.dat,3651
1253,4,dodge,"[""16""]",bango-file,inititem.dat,3651
1253,5,resistfire,"[""7""]",bango-file,inititem.dat,3651
1253,6,resistice,"[""7""]",bango-file,inititem.dat,3651
1253,7,resistlitning,"[""7""]",bango-file,inititem.dat,3651
1253,8,resistcurse,"[""4""]",bango-file,inititem.dat,3651
1253,9,resistpalsy,"[""4""]",bango-file,inititem.dat,3651
1254,1,Int,"[""1""]",bango-file,inititem.dat,3654
1254,2,Wis,"[""2""]",bango-file,inititem.dat,3654
1254,3,defense,"[""33""]",bango-file,inititem.dat,3654
1254,4,dodge,"[""14""]",bango-file,inititem.dat,3654
1254,5,resistfire,"[""6""]",bango-file,inititem.dat,3654
1254,6,resistice,"[""6""]",bango-file,inititem.dat,3654
1254,7,resistlitning,"[""6""]",bango-file,inititem.dat,3654
1254,8,resistcurse,"[""4""]",bango-file,inititem.dat,3654
1254,9,resistpalsy,"[""4""]",bango-file,inititem.dat,3654
1255,1,Int,"[""1""]",bango-file,inititem.dat,3657
1255,2,Wis,"[""2""]",bango-file,inititem.dat,3657
1255,3,defense,"[""38""]",bango-file,inititem.dat,3657
1255,4,dodge,"[""27""]",bango-file,inititem.dat,3657
1255,5,resistfire,"[""4""]",bango-file,inititem.dat,3657
1255,6,resistice,"[""4""]",bango-file,inititem.dat,3657
1255,7,resistlitning,"[""4""]",bango-file,inititem.dat,3657
1255,8,resistcurse,"[""5""]",bango-file,inititem.dat,3657
1255,9,resistpalsy,"[""5""]",bango-file,inititem.dat,3657
1256,1,Hth,"[""2""]",bango-file,inititem.dat,3660
1256,2,Int,"[""1""]",bango-file,inititem.dat,3660
1256,3,defense,"[""29""]",bango-file,inititem.dat,3660
1256,4,dodge,"[""35""]",bango-file,inititem.dat,3660
1256,5,resistfire,"[""4""]",bango-file,inititem.dat,3660
1256,6,resistice,"[""4""]",bango-file,inititem.dat,3660
1256,7,resistlitning,"[""4""]",bango-file,inititem.dat,3660
1256,8,resistcurse,"[""4""]",bango-file,inititem.dat,3660
1256,9,resistpalsy,"[""4""]",bango-file,inititem.dat,3660
1257,1,aspeed,"[""700""]",bango-file,inititem.dat,3665
1257,2,Str,"[""5""]",bango-file,inititem.dat,3665
1257,3,Hth,"[""4""]",bango-file,inititem.dat,3665
1257,4,Dex,"[""1""]",bango-file,inititem.dat,3665
1257,5,Attack,"[""300"",""370""]",bango-file,inititem.dat,3665
1257,6,hp,"[""450""]",bango-file,inititem.dat,3665
1257,7,hit,"[""83""]",bango-file,inititem.dat,3665
1258,1,aspeed,"[""1400""]",bango-file,inititem.dat,3668
1258,2,Str,"[""7""]",bango-file,inititem.dat,3668
1258,3,Hth,"[""3""]",bango-file,inititem.dat,3668
1258,4,Attack,"[""560"",""620""]",bango-file,inititem.dat,3668
1258,5,hp,"[""400""]",bango-file,inititem.dat,3668
1258,6,hit,"[""82""]",bango-file,inititem.dat,3668
1259,1,aspeed,"[""800""]",bango-file,inititem.dat,3671
1259,2,Str,"[""1""]",bango-file,inititem.dat,3671
1259,3,Hth,"[""2""]",bango-file,inititem.dat,3671
1259,4,Dex,"[""7""]",bango-file,inititem.dat,3671
1259,5,Attack,"[""280"",""360""]",bango-file,inititem.dat,3671
1259,6,hp,"[""400""]",bango-file,inititem.dat,3671
1259,7,hit,"[""81""]",bango-file,inititem.dat,3671
1260,1,aspeed,"[""1000""]",bango-file,inititem.dat,3674
1260,2,Int,"[""7""]",bango-file,inititem.dat,3674
1260,3,Wis,"[""3""]",bango-file,inititem.dat,3674
1260,4,Attack,"[""189"",""199""]",bango-file,inititem.dat,3674
1260,5,Magic,"[""350"",""420""]",bango-file,inititem.dat,3674
1260,6,hp,"[""250""]",bango-file,inititem.dat,3674
1260,7,mp,"[""150""]",bango-file,inititem.dat,3674
1260,8,hit,"[""72""]",bango-file,inititem.dat,3674
1261,1,Hth,"[""2""]",bango-file,inititem.dat,3679
1261,2,Int,"[""1""]",bango-file,inititem.dat,3679
1261,3,defense,"[""33""]",bango-file,inititem.dat,3679
1261,4,dodge,"[""16""]",bango-file,inititem.dat,3679
1261,5,resistfire,"[""7""]",bango-file,inititem.dat,3679
1261,6,resistice,"[""7""]",bango-file,inititem.dat,3679
1261,7,resistlitning,"[""7""]",bango-file,inititem.dat,3679
1261,8,resistcurse,"[""4""]",bango-file,inititem.dat,3679
1261,9,resistpalsy,"[""4""]",bango-file,inititem.dat,3679
1262,1,Str,"[""1""]",bango-file,inititem.dat,3682
1262,2,Hth,"[""2""]",bango-file,inititem.dat,3682
1262,3,defense,"[""58""]",bango-file,inititem.dat,3682
1262,4,dodge,"[""13""]",bango-file,inititem.dat,3682
1262,5,absorb,"[""4""]",bango-file,inititem.dat,3682
1287,1,buff,"[""164"",""3600"",""0""]",bango-file,inititem.dat,3749
1288,1,buff,"[""165"",""3600"",""0""]",bango-file,inititem.dat,3752
1289,1,buff,"[""166"",""3600"",""0""]",bango-file,inititem.dat,3755
1294,1,buff,"[""30"",""86400"",""0""]",bango-file,inititem.dat,3770
1295,1,buff,"[""31"",""86400"",""0""]",bango-file,inititem.dat,3773
1296,1,Str,"[""3""]",bango-file,inititem.dat,3778
1296,2,defense,"[""59""]",bango-file,inititem.dat,3778
1296,3,dodge,"[""10""]",bango-file,inititem.dat,3778
1296,4,absorb,"[""3""]",bango-file,inititem.dat,3778
1297,1,Str,"[""3""]",bango-file,inititem.dat,3781
1297,2,defense,"[""38""]",bango-file,inititem.dat,3781
1297,3,dodge,"[""13""]",bango-file,inititem.dat,3781
1297,4,absorb,"[""3""]",bango-file,inititem.dat,3781
1298,1,Int,"[""1""]",bango-file,inititem.dat,3784
1298,2,Wis,"[""2""]",bango-file,inititem.dat,3784
1298,3,defense,"[""33""]",bango-file,inititem.dat,3784
1298,4,dodge,"[""14""]",bango-file,inititem.dat,3784
1298,5,resistfire,"[""6""]",bango-file,inititem.dat,3784
1298,6,resistice,"[""6""]",bango-file,inititem.dat,3784
1298,7,resistlitning,"[""6""]",bango-file,inititem.dat,3784
1298,8,resistcurse,"[""4""]",bango-file,inititem.dat,3784
1298,9,resistpalsy,"[""4""]",bango-file,inititem.dat,3784
1299,1,quest,"[""5001"",""1""]",bango-file,inititem.dat,3788
1300,1,quest,"[""5002"",""1""]",bango-file,inititem.dat,3789
1301,1,quest,"[""5003"",""1""]",bango-file,inititem.dat,3790
1302,1,quest,"[""5004"",""1""]",bango-file,inititem.dat,3791
1303,1,quest,"[""5005"",""1""]",bango-file,inititem.dat,3792
1304,1,quest,"[""5006"",""1""]",bango-file,inititem.dat,3793
1305,1,quest,"[""5007"",""1""]",bango-file,inititem.dat,3794
1306,1,quest,"[""5008"",""1""]",bango-file,inititem.dat,3795
1307,1,quest,"[""5009"",""1""]",bango-file,inititem.dat,3796
1308,1,quest,"[""5010"",""1""]",bango-file,inititem.dat,3797
1309,1,quest,"[""5011"",""1""]",bango-file,inititem.dat,3798
1310,1,quest,"[""5012"",""1""]",bango-file,inititem.dat,3799
1311,1,quest,"[""5013"",""1""]",bango-file,inititem.dat,3800
1312,1,quest,"[""5014"",""1""]",bango-file,inititem.dat,3801
1313,1,quest,"[""5015"",""1""]",bango-file,inititem.dat,3802
1314,1,quest,"[""5016"",""1""]",bango-file,inititem.dat,3803
1315,1,quest,"[""5017"",""1""]",bango-file,inititem.dat,3804
1316,1,quest,"[""5018"",""1""]",bango-file,inititem.dat,3805
1317,1,quest,"[""5019"",""1""]",bango-file,inititem.dat,3806
1318,1,refresh,"[""mp"",""300""]",bango-file,inititem.dat,3811
1319,1,refresh,"[""mp"",""500""]",bango-file,inititem.dat,3814
1320,1,defense,"[""34""]",bango-file,inititem.dat,3819
1320,2,dodge,"[""10""]",bango-file,inititem.dat,3819
1320,3,absorb,"[""2""]",bango-file,inititem.dat,3819
1323,1,buff,"[""303"",""10000""]",bango-file,inititem.dat,3830
1328,1,quest,"[""5020"",""1""]",bango-file,inititem.dat,3846
1329,1,quest,"[""5021"",""1""]",bango-file,inititem.dat,3847
1330,1,quest,"[""5022"",""1""]",bango-file,inititem.dat,3848
1331,1,quest,"[""5023"",""1""]",bango-file,inititem.dat,3849
1332,1,quest,"[""5024"",""1""]",bango-file,inititem.dat,3850
1333,1,quest,"[""5025"",""1""]",bango-file,inititem.dat,3851
1334,1,quest,"[""5026"",""1""]",bango-file,inititem.dat,3852
1335,1,quest,"[""5027"",""1""]",bango-file,inititem.dat,3853
1336,1,quest,"[""5028"",""1""]",bango-file,inititem.dat,3854
1337,1,quest,"[""5029"",""1""]",bango-file,inititem.dat,3855
1338,1,quest,"[""5030"",""1""]",bango-file,inititem.dat,3856
1339,1,quest,"[""5031"",""1""]",bango-file,inititem.dat,3857
1340,1,quest,"[""5032"",""1""]",bango-file,inititem.dat,3858
1341,1,quest,"[""5033"",""1""]",bango-file,inititem.dat,3859
1342,1,quest,"[""5034"",""1""]",bango-file,inititem.dat,3860
1343,1,quest,"[""5035"",""1""]",bango-file,inititem.dat,3861
1344,1,quest,"[""5036"",""1""]",bango-file,inititem.dat,3862
1345,1,quest,"[""5037"",""1""]",bango-file,inititem.dat,3863
1346,1,quest,"[""5038"",""1""]",bango-file,inititem.dat,3864
1347,1,quest,"[""5039"",""1""]",bango-file,inititem.dat,3865
1348,1,quest,"[""5040"",""1""]",bango-file,inititem.dat,3866
1349,1,quest,"[""5041"",""1""]",bango-file,inititem.dat,3867
1350,1,quest,"[""5042"",""1""]",bango-file,inititem.dat,3868
1351,1,quest,"[""5043"",""1""]",bango-file,inititem.dat,3869
1352,1,quest,"[""5044"",""1""]",bango-file,inititem.dat,3870
1353,1,quest,"[""5045"",""1""]",bango-file,inititem.dat,3871
1354,1,quest,"[""5046"",""1""]",bango-file,inititem.dat,3872
1355,1,quest,"[""5047"",""1""]",bango-file,inititem.dat,3873
1356,1,quest,"[""5048"",""1""]",bango-file,inititem.dat,3874
1357,1,quest,"[""5049"",""1""]",bango-file,inititem.dat,3875
1358,1,quest,"[""5050"",""1""]",bango-file,inititem.dat,3876
1359,1,quest,"[""5051"",""1""]",bango-file,inititem.dat,3877
1360,1,quest,"[""5052"",""1""]",bango-file,inititem.dat,3878
1361,1,quest,"[""5053"",""1""]",bango-file,inititem.dat,3879
1362,1,quest,"[""5054"",""1""]",bango-file,inititem.dat,3880
1363,1,quest,"[""5055"",""1""]",bango-file,inititem.dat,3881
1364,1,quest,"[""5056"",""1""]",bango-file,inititem.dat,3882
1365,1,quest,"[""5057"",""1""]",bango-file,inititem.dat,3883
1404,1,aspeed,"[""500""]",bango-file,inititem.dat,4002
1404,2,Attack,"[""3"",""12""]",bango-file,inititem.dat,4002
1404,3,hit,"[""15""]",bango-file,inititem.dat,4002
1405,1,aspeed,"[""500""]",bango-file,inititem.dat,4005
1405,2,Attack,"[""19"",""29""]",bango-file,inititem.dat,4005
1405,3,hit,"[""18""]",bango-file,inititem.dat,4005
1406,1,aspeed,"[""500""]",bango-file,inititem.dat,4008
1406,2,Attack,"[""30"",""44""]",bango-file,inititem.dat,4008
1406,3,hit,"[""21""]",bango-file,inititem.dat,4008
1407,1,aspeed,"[""500""]",bango-file,inititem.dat,4011
1407,2,Attack,"[""40"",""59""]",bango-file,inititem.dat,4011
1407,3,hit,"[""25""]",bango-file,inititem.dat,4011
1408,1,aspeed,"[""500""]",bango-file,inititem.dat,4014
1408,2,Attack,"[""54"",""78""]",bango-file,inititem.dat,4014
1408,3,hit,"[""29""]",bango-file,inititem.dat,4014
1409,1,aspeed,"[""500""]",bango-file,inititem.dat,4017
1409,2,Attack,"[""61"",""90""]",bango-file,inititem.dat,4017
1409,3,hit,"[""33""]",bango-file,inititem.dat,4017
1410,1,aspeed,"[""500""]",bango-file,inititem.dat,4020
1410,2,Attack,"[""66"",""96""]",bango-file,inititem.dat,4020
1410,3,hit,"[""38""]",bango-file,inititem.dat,4020
1412,1,aspeed,"[""500""]",bango-file,inititem.dat,4026
1412,2,Attack,"[""86"",""115""]",bango-file,inititem.dat,4026
1412,3,hit,"[""48""]",bango-file,inititem.dat,4026
1413,1,aspeed,"[""500""]",bango-file,inititem.dat,4029
1413,2,Attack,"[""95"",""140""]",bango-file,inititem.dat,4029
1413,3,hit,"[""54""]",bango-file,inititem.dat,4029
1414,1,aspeed,"[""500""]",bango-file,inititem.dat,4032
1414,2,Attack,"[""89"",""220""]",bango-file,inititem.dat,4032
1414,3,hit,"[""55""]",bango-file,inititem.dat,4032
1415,1,aspeed,"[""500""]",bango-file,inititem.dat,4035
1415,2,Attack,"[""117"",""167""]",bango-file,inititem.dat,4035
1415,3,hit,"[""67""]",bango-file,inititem.dat,4035
1416,1,aspeed,"[""500""]",bango-file,inititem.dat,4038
1416,2,Hth,"[""1""]",bango-file,inititem.dat,4038
1416,3,Attack,"[""170"",""212""]",bango-file,inititem.dat,4038
1416,4,hp,"[""150""]",bango-file,inititem.dat,4038
1416,5,hit,"[""68""]",bango-file,inititem.dat,4038
1417,1,aspeed,"[""500""]",bango-file,inititem.dat,4041
1417,2,Dex,"[""1""]",bango-file,inititem.dat,4041
1417,3,Attack,"[""112"",""285""]",bango-file,inititem.dat,4041
1417,4,hp,"[""100""]",bango-file,inititem.dat,4041
1417,5,mp,"[""50""]",bango-file,inititem.dat,4041
1417,6,hit,"[""74""]",bango-file,inititem.dat,4041
1418,1,aspeed,"[""500""]",bango-file,inititem.dat,4044
1418,2,Str,"[""1""]",bango-file,inititem.dat,4044
1418,3,Hth,"[""1""]",bango-file,inititem.dat,4044
1418,4,Attack,"[""158"",""273""]",bango-file,inititem.dat,4044
1418,5,hp,"[""200""]",bango-file,inititem.dat,4044
1418,6,hit,"[""74""]",bango-file,inititem.dat,4044
1419,1,aspeed,"[""500""]",bango-file,inititem.dat,4047
1419,2,Str,"[""2""]",bango-file,inititem.dat,4047
1419,3,Attack,"[""169"",""284""]",bango-file,inititem.dat,4047
1419,4,hp,"[""150""]",bango-file,inititem.dat,4047
1419,5,hit,"[""70""]",bango-file,inititem.dat,4047
1420,1,aspeed,"[""500""]",bango-file,inititem.dat,4050
1420,2,Str,"[""1""]",bango-file,inititem.dat,4050
1420,3,Hth,"[""2""]",bango-file,inititem.dat,4050
1420,4,Attack,"[""205"",""261""]",bango-file,inititem.dat,4050
1420,5,hp,"[""200""]",bango-file,inititem.dat,4050
1420,6,hit,"[""79""]",bango-file,inititem.dat,4050
1421,1,aspeed,"[""500""]",bango-file,inititem.dat,4053
1421,2,Str,"[""3""]",bango-file,inititem.dat,4053
1421,3,Attack,"[""228"",""284""]",bango-file,inititem.dat,4053
1421,4,hp,"[""150""]",bango-file,inititem.dat,4053
1421,5,hit,"[""75""]",bango-file,inititem.dat,4053
1422,1,aspeed,"[""500""]",bango-file,inititem.dat,4056
1422,2,Str,"[""4""]",bango-file,inititem.dat,4056
1422,3,Attack,"[""184"",""240""]",bango-file,inititem.dat,4056
1422,4,hp,"[""100""]",bango-file,inititem.dat,4056
1422,5,hit,"[""73""]",bango-file,inititem.dat,4056
1423,1,aspeed,"[""500""]",bango-file,inititem.dat,4059
1423,2,Str,"[""1""]",bango-file,inititem.dat,4059
1423,3,Hth,"[""2""]",bango-file,inititem.dat,4059
1423,4,Dex,"[""1""]",bango-file,inititem.dat,4059
1423,5,Attack,"[""233"",""290""]",bango-file,inititem.dat,4059
1423,6,hp,"[""200""]",bango-file,inititem.dat,4059
1423,7,hit,"[""81""]",bango-file,inititem.dat,4059
1424,1,aspeed,"[""500""]",bango-file,inititem.dat,4062
1424,2,Str,"[""4""]",bango-file,inititem.dat,4062
1424,3,Attack,"[""254"",""310""]",bango-file,inititem.dat,4062
1424,4,hp,"[""150""]",bango-file,inititem.dat,4062
1424,5,hit,"[""77""]",bango-file,inititem.dat,4062
1425,1,aspeed,"[""500""]",bango-file,inititem.dat,4065
1425,2,Str,"[""1""]",bango-file,inititem.dat,4065
1425,3,Hth,"[""2""]",bango-file,inititem.dat,4065
1425,4,Wis,"[""1""]",bango-file,inititem.dat,4065
1425,5,Dex,"[""1""]",bango-file,inititem.dat,4065
1425,6,Attack,"[""212"",""269""]",bango-file,inititem.dat,4065
1425,7,hp,"[""100""]",bango-file,inititem.dat,4065
1425,8,mp,"[""50""]",bango-file,inititem.dat,4065
1425,9,hit,"[""85""]",bango-file,inititem.dat,4065
1426,1,aspeed,"[""500""]",bango-file,inititem.dat,4068
1426,2,Str,"[""2""]",bango-file,inititem.dat,4068
1426,3,Hth,"[""2""]",bango-file,inititem.dat,4068
1426,4,Dex,"[""1""]",bango-file,inititem.dat,4068
1426,5,Attack,"[""240"",""296""]",bango-file,inititem.dat,4068
1426,6,hp,"[""250""]",bango-file,inititem.dat,4068
1426,7,hit,"[""86""]",bango-file,inititem.dat,4068
1427,1,aspeed,"[""500""]",bango-file,inititem.dat,4071
1427,2,Str,"[""4""]",bango-file,inititem.dat,4071
1427,3,Hth,"[""1""]",bango-file,inititem.dat,4071
1427,4,Attack,"[""282"",""338""]",bango-file,inititem.dat,4071
1427,5,hp,"[""200""]",bango-file,inititem.dat,4071
1427,6,hit,"[""83""]",bango-file,inititem.dat,4071
1428,1,aspeed,"[""500""]",bango-file,inititem.dat,4074
1428,2,Str,"[""1""]",bango-file,inititem.dat,4074
1428,3,Hth,"[""2""]",bango-file,inititem.dat,4074
1428,4,Wis,"[""1""]",bango-file,inititem.dat,4074
1428,5,Dex,"[""2""]",bango-file,inititem.dat,4074
1428,6,Attack,"[""261"",""359""]",bango-file,inititem.dat,4074
1428,7,hp,"[""150""]",bango-file,inititem.dat,4074
1428,8,mp,"[""50""]",bango-file,inititem.dat,4074
1428,9,hit,"[""80""]",bango-file,inititem.dat,4074
1429,1,aspeed,"[""500""]",bango-file,inititem.dat,4077
1429,2,Str,"[""4""]",bango-file,inititem.dat,4077
1429,3,Hth,"[""3""]",bango-file,inititem.dat,4077
1429,4,Dex,"[""1""]",bango-file,inititem.dat,4077
1429,5,Attack,"[""308"",""385""]",bango-file,inititem.dat,4077
1429,6,hp,"[""350""]",bango-file,inititem.dat,4077
1429,7,hit,"[""86""]",bango-file,inititem.dat,4077
1430,1,aspeed,"[""500""]",bango-file,inititem.dat,4080
1430,2,Str,"[""6""]",bango-file,inititem.dat,4080
1430,3,Hth,"[""2""]",bango-file,inititem.dat,4080
1430,4,Attack,"[""343"",""420""]",bango-file,inititem.dat,4080
1430,5,hp,"[""300""]",bango-file,inititem.dat,4080
1430,6,hit,"[""83""]",bango-file,inititem.dat,4080
1431,1,aspeed,"[""500""]",bango-file,inititem.dat,4083
1431,2,Str,"[""5""]",bango-file,inititem.dat,4083
1431,3,Hth,"[""4""]",bango-file,inititem.dat,4083
1431,4,Dex,"[""1""]",bango-file,inititem.dat,4083
1431,5,Attack,"[""420"",""518""]",bango-file,inititem.dat,4083
1431,6,hp,"[""450""]",bango-file,inititem.dat,4083
1431,7,hit,"[""91""]",bango-file,inititem.dat,4083
1432,1,aspeed,"[""500""]",bango-file,inititem.dat,4086
1432,2,Str,"[""6""]",bango-file,inititem.dat,4086
1432,3,Hth,"[""4""]",bango-file,inititem.dat,4086
1432,4,Dex,"[""2""]",bango-file,inititem.dat,4086
1432,5,Attack,"[""504"",""602""]",bango-file,inititem.dat,4086
1432,6,hp,"[""550""]",bango-file,inititem.dat,4086
1432,7,hit,"[""94""]",bango-file,inititem.dat,4086
1433,1,aspeed,"[""500""]",bango-file,inititem.dat,4089
1433,2,Attack,"[""160"",""210""]",bango-file,inititem.dat,4089
1433,3,hit,"[""60""]",bango-file,inititem.dat,4089
1434,1,aspeed,"[""500""]",bango-file,inititem.dat,4092
1434,2,Dex,"[""1""]",bango-file,inititem.dat,4092
1434,3,Attack,"[""123"",""314""]",bango-file,inititem.dat,4092
1434,4,hp,"[""100""]",bango-file,inititem.dat,4092
1434,5,mp,"[""50""]",bango-file,inititem.dat,4092
1434,6,hit,"[""68""]",bango-file,inititem.dat,4092
1435,1,aspeed,"[""500""]",bango-file,inititem.dat,4095
1435,2,Str,"[""2""]",bango-file,inititem.dat,4095
1435,3,Attack,"[""186"",""312""]",bango-file,inititem.dat,4095
1435,4,hp,"[""150""]",bango-file,inititem.dat,4095
1435,5,hit,"[""64""]",bango-file,inititem.dat,4095
1436,1,aspeed,"[""500""]",bango-file,inititem.dat,4098
1436,2,Str,"[""1""]",bango-file,inititem.dat,4098
1436,3,Hth,"[""2""]",bango-file,inititem.dat,4098
1436,4,Dex,"[""1""]",bango-file,inititem.dat,4098
1436,5,Attack,"[""203"",""265""]",bango-file,inititem.dat,4098
1436,6,hp,"[""100""]",bango-file,inititem.dat,4098
1436,7,mp,"[""50""]",bango-file,inititem.dat,4098
1436,8,hit,"[""76""]",bango-file,inititem.dat,4098
1437,1,aspeed,"[""500""]",bango-file,inititem.dat,4101
1437,2,Str,"[""4""]",bango-file,inititem.dat,4101
1437,3,Attack,"[""280"",""342""]",bango-file,inititem.dat,4101
1437,4,hp,"[""150""]",bango-file,inititem.dat,4101
1437,5,hit,"[""70""]",bango-file,inititem.dat,4101
1438,1,aspeed,"[""500""]",bango-file,inititem.dat,4104
1438,2,Str,"[""4""]",bango-file,inititem.dat,4104
1438,3,Hth,"[""1""]",bango-file,inititem.dat,4104
1438,4,Attack,"[""311"",""372""]",bango-file,inititem.dat,4104
1438,5,hp,"[""200""]",bango-file,inititem.dat,4104
1438,6,hit,"[""73""]",bango-file,inititem.dat,4104
1439,1,aspeed,"[""500""]",bango-file,inititem.dat,4107
1439,2,Str,"[""6""]",bango-file,inititem.dat,4107
1439,3,Hth,"[""2""]",bango-file,inititem.dat,4107
1439,4,Attack,"[""377"",""462""]",bango-file,inititem.dat,4107
1439,5,hp,"[""300""]",bango-file,inititem.dat,4107
1439,6,hit,"[""76""]",bango-file,inititem.dat,4107
1440,1,aspeed,"[""500""]",bango-file,inititem.dat,4110
1440,2,Str,"[""5""]",bango-file,inititem.dat,4110
1440,3,Hth,"[""4""]",bango-file,inititem.dat,4110
1440,4,Dex,"[""1""]",bango-file,inititem.dat,4110
1440,5,Attack,"[""462"",""570""]",bango-file,inititem.dat,4110
1440,6,hp,"[""450""]",bango-file,inititem.dat,4110
1440,7,hit,"[""83""]",bango-file,inititem.dat,4110
1441,1,aspeed,"[""500""]",bango-file,inititem.dat,4113
1441,2,Str,"[""6""]",bango-file,inititem.dat,4113
1441,3,Hth,"[""4""]",bango-file,inititem.dat,4113
1441,4,Dex,"[""2""]",bango-file,inititem.dat,4113
1441,5,Attack,"[""550"",""658""]",bango-file,inititem.dat,4113
1441,6,hp,"[""550""]",bango-file,inititem.dat,4113
1441,7,hit,"[""86""]",bango-file,inititem.dat,4113
1442,1,aspeed,"[""1000""]",bango-file,inititem.dat,4116
1442,2,Hth,"[""6""]",bango-file,inititem.dat,4116
1442,3,Wis,"[""6""]",bango-file,inititem.dat,4116
1442,4,Attack,"[""144"",""153""]",bango-file,inititem.dat,4116
1442,5,Magic,"[""257"",""342""]",bango-file,inititem.dat,4116
1442,6,hp,"[""210""]",bango-file,inititem.dat,4116
1442,7,mp,"[""140""]",bango-file,inititem.dat,4116
1442,8,hit,"[""69""]",bango-file,inititem.dat,4116
1443,1,aspeed,"[""1000""]",bango-file,inititem.dat,4119
1443,2,Wis,"[""8""]",bango-file,inititem.dat,4119
1443,3,Attack,"[""174"",""186""]",bango-file,inititem.dat,4119
1443,4,Magic,"[""304"",""398""]",bango-file,inititem.dat,4119
1443,5,mp,"[""390""]",bango-file,inititem.dat,4119
1443,6,hit,"[""67""]",bango-file,inititem.dat,4119
1444,1,aspeed,"[""1000""]",bango-file,inititem.dat,4122
1444,2,Hth,"[""3""]",bango-file,inititem.dat,4122
1444,3,Wis,"[""7""]",bango-file,inititem.dat,4122
1444,4,Attack,"[""180"",""189""]",bango-file,inititem.dat,4122
1444,5,Magic,"[""333"",""399""]",bango-file,inititem.dat,4122
1444,6,hp,"[""350""]",bango-file,inititem.dat,4122
1444,7,mp,"[""210""]",bango-file,inititem.dat,4122
1444,8,hit,"[""72""]",bango-file,inititem.dat,4122
1445,1,aspeed,"[""1000""]",bango-file,inititem.dat,4125
1445,2,Hth,"[""3""]",bango-file,inititem.dat,4125
1445,3,Wis,"[""7""]",bango-file,inititem.dat,4125
1445,4,Attack,"[""197"",""207""]",bango-file,inititem.dat,4125
1445,5,Magic,"[""367"",""440""]",bango-file,inititem.dat,4125
1445,6,hp,"[""360""]",bango-file,inititem.dat,4125
1445,7,mp,"[""220""]",bango-file,inititem.dat,4125
1445,8,hit,"[""72""]",bango-file,inititem.dat,4125
1446,1,buff,"[""167"",""10000""]",bango-file,inititem.dat,4130
1447,1,buff,"[""167"",""10000""]",bango-file,inititem.dat,4133
1448,1,aspeed,"[""700""]",bango-file,inititem.dat,4138
1448,2,Str,"[""3""]",bango-file,inititem.dat,4138
1448,3,Hth,"[""7""]",bango-file,inititem.dat,4138
1448,4,Attack,"[""276"",""341""]",bango-file,inititem.dat,4138
1448,5,hp,"[""540""]",bango-file,inititem.dat,4138
1448,6,hit,"[""85""]",bango-file,inititem.dat,4138
1449,1,aspeed,"[""1400""]",bango-file,inititem.dat,4141
1449,2,Str,"[""4""]",bango-file,inititem.dat,4141
1449,3,Hth,"[""6""]",bango-file,inititem.dat,4141
1449,4,Attack,"[""516"",""571""]",bango-file,inititem.dat,4141
1449,5,hp,"[""480""]",bango-file,inititem.dat,4141
1449,6,hit,"[""84""]",bango-file,inititem.dat,4141
1450,1,aspeed,"[""800""]",bango-file,inititem.dat,4144
1450,2,Hth,"[""6""]",bango-file,inititem.dat,4144
1450,3,Dex,"[""4""]",bango-file,inititem.dat,4144
1450,4,Attack,"[""258"",""332""]",bango-file,inititem.dat,4144
1450,5,hp,"[""480""]",bango-file,inititem.dat,4144
1450,6,hit,"[""83""]",bango-file,inititem.dat,4144
1451,1,aspeed,"[""700""]",bango-file,inititem.dat,4147
1451,2,Str,"[""3""]",bango-file,inititem.dat,4147
1451,3,Hth,"[""7""]",bango-file,inititem.dat,4147
1451,4,Attack,"[""305"",""374""]",bango-file,inititem.dat,4147
1451,5,hp,"[""540""]",bango-file,inititem.dat,4147
1451,6,hit,"[""85""]",bango-file,inititem.dat,4147
1452,1,aspeed,"[""1400""]",bango-file,inititem.dat,4150
1452,2,Str,"[""4""]",bango-file,inititem.dat,4150
1452,3,Hth,"[""6""]",bango-file,inititem.dat,4150
1452,4,Attack,"[""570"",""631""]",bango-file,inititem.dat,4150
1452,5,hp,"[""480""]",bango-file,inititem.dat,4150
1452,6,hit,"[""84""]",bango-file,inititem.dat,4150
1453,1,aspeed,"[""800""]",bango-file,inititem.dat,4153
1453,2,Hth,"[""6""]",bango-file,inititem.dat,4153
1453,3,Dex,"[""4""]",bango-file,inititem.dat,4153
1453,4,Attack,"[""285"",""366""]",bango-file,inititem.dat,4153
1453,5,hp,"[""480""]",bango-file,inititem.dat,4153
1453,6,hit,"[""83""]",bango-file,inititem.dat,4153
1478,1,Str,"[""6""]",bango-file,inititem.dat,4236
1478,2,Hth,"[""3""]",bango-file,inititem.dat,4236
1478,3,Dex,"[""1""]",bango-file,inititem.dat,4236
1478,4,defense,"[""68""]",bango-file,inititem.dat,4236
1478,5,dodge,"[""30""]",bango-file,inititem.dat,4236
1478,6,absorb,"[""9""]",bango-file,inititem.dat,4236
1478,7,resistfire,"[""1""]",bango-file,inititem.dat,4236
1478,8,resistice,"[""1""]",bango-file,inititem.dat,4236
1478,9,resistpalsy,"[""1""]",bango-file,inititem.dat,4236
1479,1,Str,"[""1""]",bango-file,inititem.dat,4239
1479,2,Hth,"[""2""]",bango-file,inititem.dat,4239
1479,3,Dex,"[""1""]",bango-file,inititem.dat,4239
1479,4,defense,"[""65""]",bango-file,inititem.dat,4239
1479,5,dodge,"[""15""]",bango-file,inititem.dat,4239
1479,6,absorb,"[""5""]",bango-file,inititem.dat,4239
1479,7,resistfire,"[""1""]",bango-file,inititem.dat,4239
1480,1,Str,"[""3""]",bango-file,inititem.dat,4242
1480,2,Dex,"[""1""]",bango-file,inititem.dat,4242
1480,3,defense,"[""66""]",bango-file,inititem.dat,4242
1480,4,dodge,"[""12""]",bango-file,inititem.dat,4242
1480,5,absorb,"[""4""]",bango-file,inititem.dat,4242
1480,6,resistpalsy,"[""1""]",bango-file,inititem.dat,4242
1481,1,Hth,"[""1""]",bango-file,inititem.dat,4245
1481,2,Dex,"[""3""]",bango-file,inititem.dat,4245
1481,3,defense,"[""53""]",bango-file,inititem.dat,4245
1481,4,dodge,"[""30""]",bango-file,inititem.dat,4245
1481,5,absorb,"[""5""]",bango-file,inititem.dat,4245
1481,6,resistice,"[""1""]",bango-file,inititem.dat,4245
1482,1,Str,"[""1""]",bango-file,inititem.dat,4248
1482,2,Hth,"[""2""]",bango-file,inititem.dat,4248
1482,3,Dex,"[""1""]",bango-file,inititem.dat,4248
1482,4,defense,"[""48""]",bango-file,inititem.dat,4248
1482,5,dodge,"[""38""]",bango-file,inititem.dat,4248
1482,6,absorb,"[""7""]",bango-file,inititem.dat,4248
1482,7,resistfire,"[""1""]",bango-file,inititem.dat,4248
1482,8,resistice,"[""1""]",bango-file,inititem.dat,4248
1482,9,resistpalsy,"[""1""]",bango-file,inititem.dat,4248
1483,1,Str,"[""3""]",bango-file,inititem.dat,4251
1483,2,Hth,"[""3""]",bango-file,inititem.dat,4251
1483,3,Dex,"[""4""]",bango-file,inititem.dat,4251
1483,4,defense,"[""66""]",bango-file,inititem.dat,4251
1483,5,dodge,"[""30""]",bango-file,inititem.dat,4251
1483,6,absorb,"[""6""]",bango-file,inititem.dat,4251
1483,7,resistfire,"[""1""]",bango-file,inititem.dat,4251
1483,8,resistlitning,"[""1""]",bango-file,inititem.dat,4251
1483,9,resistcurse,"[""1""]",bango-file,inititem.dat,4251
1484,1,Str,"[""2""]",bango-file,inititem.dat,4254
1484,2,Hth,"[""2""]",bango-file,inititem.dat,4254
1484,3,defense,"[""42""]",bango-file,inititem.dat,4254
1484,4,dodge,"[""16""]",bango-file,inititem.dat,4254
1484,5,absorb,"[""4""]",bango-file,inititem.dat,4254
1484,6,resistfire,"[""1""]",bango-file,inititem.dat,4254
1485,1,Str,"[""3""]",bango-file,inititem.dat,4257
1485,2,Dex,"[""1""]",bango-file,inititem.dat,4257
1485,3,defense,"[""40""]",bango-file,inititem.dat,4257
1485,4,dodge,"[""15""]",bango-file,inititem.dat,4257
1485,5,absorb,"[""4""]",bango-file,inititem.dat,4257
1485,6,resistlitning,"[""1""]",bango-file,inititem.dat,4257
1486,1,Str,"[""1""]",bango-file,inititem.dat,4260
1486,2,Hth,"[""1""]",bango-file,inititem.dat,4260
1486,3,Dex,"[""2""]",bango-file,inititem.dat,4260
1486,4,defense,"[""38""]",bango-file,inititem.dat,4260
1486,5,dodge,"[""44""]",bango-file,inititem.dat,4260
1486,6,absorb,"[""3""]",bango-file,inititem.dat,4260
1486,7,resistcurse,"[""1""]",bango-file,inititem.dat,4260
1487,1,Str,"[""1""]",bango-file,inititem.dat,4263
1487,2,Hth,"[""2""]",bango-file,inititem.dat,4263
1487,3,Dex,"[""1""]",bango-file,inititem.dat,4263
1487,4,defense,"[""29""]",bango-file,inititem.dat,4263
1487,5,dodge,"[""50""]",bango-file,inititem.dat,4263
1487,6,absorb,"[""5""]",bango-file,inititem.dat,4263
1487,7,resistfire,"[""1""]",bango-file,inititem.dat,4263
1487,8,resistlitning,"[""1""]",bango-file,inititem.dat,4263
1487,9,resistcurse,"[""1""]",bango-file,inititem.dat,4263
1488,1,Hth,"[""3""]",bango-file,inititem.dat,4266
1488,2,Int,"[""7""]",bango-file,inititem.dat,4266
1488,3,defense,"[""45""]",bango-file,inititem.dat,4266
1488,4,dodge,"[""35""]",bango-file,inititem.dat,4266
1488,5,absorb,"[""2""]",bango-file,inititem.dat,4266
1488,6,resistfire,"[""9""]",bango-file,inititem.dat,4266
1488,7,resistice,"[""9""]",bango-file,inititem.dat,4266
1488,8,resistlitning,"[""9""]",bango-file,inititem.dat,4266
1488,9,resistcurse,"[""6""]",bango-file,inititem.dat,4266
1488,10,resistpalsy,"[""6""]",bango-file,inititem.dat,4266
1489,1,Hth,"[""2""]",bango-file,inititem.dat,4269
1489,2,Int,"[""2""]",bango-file,inititem.dat,4269
1489,3,defense,"[""35""]",bango-file,inititem.dat,4269
1489,4,dodge,"[""18""]",bango-file,inititem.dat,4269
1489,5,absorb,"[""1""]",bango-file,inititem.dat,4269
1489,6,resistfire,"[""8""]",bango-file,inititem.dat,4269
1489,7,resistice,"[""8""]",bango-file,inititem.dat,4269
1489,8,resistlitning,"[""8""]",bango-file,inititem.dat,4269
1489,9,resistcurse,"[""5""]",bango-file,inititem.dat,4269
1489,10,resistpalsy,"[""5""]",bango-file,inititem.dat,4269
1490,1,Int,"[""2""]",bango-file,inititem.dat,4272
1490,2,Wis,"[""2""]",bango-file,inititem.dat,4272
1490,3,defense,"[""36""]",bango-file,inititem.dat,4272
1490,4,dodge,"[""17""]",bango-file,inititem.dat,4272
1490,5,absorb,"[""1""]",bango-file,inititem.dat,4272
1490,6,resistfire,"[""7""]",bango-file,inititem.dat,4272
1490,7,resistice,"[""7""]",bango-file,inititem.dat,4272
1490,8,resistlitning,"[""7""]",bango-file,inititem.dat,4272
1490,9,resistcurse,"[""5""]",bango-file,inititem.dat,4272
1490,10,resistpalsy,"[""5""]",bango-file,inititem.dat,4272
1491,1,Int,"[""2""]",bango-file,inititem.dat,4275
1491,2,Wis,"[""2""]",bango-file,inititem.dat,4275
1491,3,defense,"[""41""]",bango-file,inititem.dat,4275
1491,4,dodge,"[""30""]",bango-file,inititem.dat,4275
1491,5,absorb,"[""1""]",bango-file,inititem.dat,4275
1491,6,resistfire,"[""5""]",bango-file,inititem.dat,4275
1491,7,resistice,"[""5""]",bango-file,inititem.dat,4275
1491,8,resistlitning,"[""5""]",bango-file,inititem.dat,4275
1491,9,resistcurse,"[""6""]",bango-file,inititem.dat,4275
1491,10,resistpalsy,"[""6""]",bango-file,inititem.dat,4275
1492,1,Hth,"[""2""]",bango-file,inititem.dat,4278
1492,2,Int,"[""2""]",bango-file,inititem.dat,4278
1492,3,defense,"[""33""]",bango-file,inititem.dat,4278
1492,4,dodge,"[""40""]",bango-file,inititem.dat,4278
1492,5,absorb,"[""2""]",bango-file,inititem.dat,4278
1492,6,resistfire,"[""5""]",bango-file,inititem.dat,4278
1492,7,resistice,"[""5""]",bango-file,inititem.dat,4278
1492,8,resistlitning,"[""5""]",bango-file,inititem.dat,4278
1492,9,resistcurse,"[""5""]",bango-file,inititem.dat,4278
1492,10,resistpalsy,"[""5""]",bango-file,inititem.dat,4278
1504,1,Str,"[""4""]",bango-file,inititem.dat,4320
1504,2,Hth,"[""3""]",bango-file,inititem.dat,4320
1504,3,defense,"[""52""]",bango-file,inititem.dat,4320
1504,4,dodge,"[""19""]",bango-file,inititem.dat,4320
1504,5,absorb,"[""6""]",bango-file,inititem.dat,4320
1505,1,Hth,"[""2""]",bango-file,inititem.dat,4323
1505,2,defense,"[""50""]",bango-file,inititem.dat,4323
1505,3,dodge,"[""11""]",bango-file,inititem.dat,4323
1505,4,absorb,"[""3""]",bango-file,inititem.dat,4323
1506,1,Str,"[""2""]",bango-file,inititem.dat,4326
1506,2,defense,"[""51""]",bango-file,inititem.dat,4326
1506,3,dodge,"[""8""]",bango-file,inititem.dat,4326
1506,4,absorb,"[""2""]",bango-file,inititem.dat,4326
1507,1,Dex,"[""2""]",bango-file,inititem.dat,4329
1507,2,defense,"[""37""]",bango-file,inititem.dat,4329
1507,3,dodge,"[""21""]",bango-file,inititem.dat,4329
1507,4,absorb,"[""2""]",bango-file,inititem.dat,4329
1508,1,Hth,"[""2""]",bango-file,inititem.dat,4332
1508,2,defense,"[""32""]",bango-file,inititem.dat,4332
1508,3,dodge,"[""21""]",bango-file,inititem.dat,4332
1508,4,absorb,"[""4""]",bango-file,inititem.dat,4332
1509,1,Hth,"[""3""]",bango-file,inititem.dat,4335
1509,2,Dex,"[""4""]",bango-file,inititem.dat,4335
1509,3,defense,"[""54""]",bango-file,inititem.dat,4335
1509,4,dodge,"[""19""]",bango-file,inititem.dat,4335
1509,5,absorb,"[""4""]",bango-file,inititem.dat,4335
1510,1,Hth,"[""2""]",bango-file,inititem.dat,4338
1510,2,defense,"[""35""]",bango-file,inititem.dat,4338
1510,3,dodge,"[""12""]",bango-file,inititem.dat,4338
1510,4,absorb,"[""2""]",bango-file,inititem.dat,4338
1511,1,Str,"[""2""]",bango-file,inititem.dat,4341
1511,2,defense,"[""33""]",bango-file,inititem.dat,4341
1511,3,dodge,"[""11""]",bango-file,inititem.dat,4341
1511,4,absorb,"[""2""]",bango-file,inititem.dat,4341
1512,1,Dex,"[""2""]",bango-file,inititem.dat,4344
1512,2,defense,"[""32""]",bango-file,inititem.dat,4344
1512,3,dodge,"[""34""]",bango-file,inititem.dat,4344
1512,4,absorb,"[""1""]",bango-file,inititem.dat,4344
1513,1,Hth,"[""2""]",bango-file,inititem.dat,4347
1513,2,defense,"[""22""]",bango-file,inititem.dat,4347
1513,3,dodge,"[""39""]",bango-file,inititem.dat,4347
1513,4,absorb,"[""2""]",bango-file,inititem.dat,4347
1514,1,Hth,"[""3""]",bango-file,inititem.dat,4350
1514,2,Int,"[""4""]",bango-file,inititem.dat,4350
1514,3,defense,"[""35""]",bango-file,inititem.dat,4350
1514,4,dodge,"[""27""]",bango-file,inititem.dat,4350
1514,5,resistfire,"[""7""]",bango-file,inititem.dat,4350
1514,6,resistice,"[""7""]",bango-file,inititem.dat,4350
1514,7,resistlitning,"[""7""]",bango-file,inititem.dat,4350
1514,8,resistcurse,"[""4""]",bango-file,inititem.dat,4350
1514,9,resistpalsy,"[""4""]",bango-file,inititem.dat,4350
1515,1,Hth,"[""2""]",bango-file,inititem.dat,4353
1515,2,defense,"[""28""]",bango-file,inititem.dat,4353
1515,3,dodge,"[""14""]",bango-file,inititem.dat,4353
1515,4,resistfire,"[""6""]",bango-file,inititem.dat,4353
1515,5,resistice,"[""6""]",bango-file,inititem.dat,4353
1515,6,resistlitning,"[""6""]",bango-file,inititem.dat,4353
1515,7,resistcurse,"[""3""]",bango-file,inititem.dat,4353
1515,8,resistpalsy,"[""3""]",bango-file,inititem.dat,4353
1516,1,Wis,"[""2""]",bango-file,inititem.dat,4356
1516,2,defense,"[""28""]",bango-file,inititem.dat,4356
1516,3,dodge,"[""12""]",bango-file,inititem.dat,4356
1516,4,resistfire,"[""5""]",bango-file,inititem.dat,4356
1516,5,resistice,"[""5""]",bango-file,inititem.dat,4356
1516,6,resistlitning,"[""5""]",bango-file,inititem.dat,4356
1516,7,resistcurse,"[""3""]",bango-file,inititem.dat,4356
1516,8,resistpalsy,"[""3""]",bango-file,inititem.dat,4356
1517,1,Wis,"[""2""]",bango-file,inititem.dat,4359
1517,2,defense,"[""32""]",bango-file,inititem.dat,4359
1517,3,dodge,"[""24""]",bango-file,inititem.dat,4359
1517,4,resistfire,"[""3""]",bango-file,inititem.dat,4359
1517,5,resistice,"[""3""]",bango-file,inititem.dat,4359
1517,6,resistlitning,"[""3""]",bango-file,inititem.dat,4359
1517,7,resistcurse,"[""4""]",bango-file,inititem.dat,4359
1517,8,resistpalsy,"[""4""]",bango-file,inititem.dat,4359
1518,1,Hth,"[""2""]",bango-file,inititem.dat,4362
1518,2,defense,"[""25""]",bango-file,inititem.dat,4362
1518,3,dodge,"[""30""]",bango-file,inititem.dat,4362
1518,4,resistfire,"[""3""]",bango-file,inititem.dat,4362
1518,5,resistice,"[""3""]",bango-file,inititem.dat,4362
1518,6,resistlitning,"[""3""]",bango-file,inititem.dat,4362
1518,7,resistcurse,"[""3""]",bango-file,inititem.dat,4362
1518,8,resistpalsy,"[""3""]",bango-file,inititem.dat,4362
1519,1,Str,"[""6""]",bango-file,inititem.dat,4367
1519,2,Hth,"[""3""]",bango-file,inititem.dat,4367
1519,3,defense,"[""60""]",bango-file,inititem.dat,4367
1519,4,dodge,"[""21""]",bango-file,inititem.dat,4367
1519,5,absorb,"[""7""]",bango-file,inititem.dat,4367
1520,1,Str,"[""1""]",bango-file,inititem.dat,4370
1520,2,Hth,"[""2""]",bango-file,inititem.dat,4370
1520,3,defense,"[""58""]",bango-file,inititem.dat,4370
1520,4,dodge,"[""13""]",bango-file,inititem.dat,4370
1520,5,absorb,"[""4""]",bango-file,inititem.dat,4370
1521,1,Str,"[""3""]",bango-file,inititem.dat,4373
1521,2,defense,"[""59""]",bango-file,inititem.dat,4373
1521,3,dodge,"[""10""]",bango-file,inititem.dat,4373
1521,4,absorb,"[""3""]",bango-file,inititem.dat,4373
1522,1,Hth,"[""1""]",bango-file,inititem.dat,4376
1522,2,Dex,"[""2""]",bango-file,inititem.dat,4376
1522,3,defense,"[""45""]",bango-file,inititem.dat,4376
1522,4,dodge,"[""23""]",bango-file,inititem.dat,4376
1522,5,absorb,"[""3""]",bango-file,inititem.dat,4376
1523,1,Str,"[""1""]",bango-file,inititem.dat,4379
1523,2,Hth,"[""2""]",bango-file,inititem.dat,4379
1523,3,defense,"[""40""]",bango-file,inititem.dat,4379
1523,4,dodge,"[""23""]",bango-file,inititem.dat,4379
1523,5,absorb,"[""5""]",bango-file,inititem.dat,4379
1524,1,Str,"[""2""]",bango-file,inititem.dat,4382
1524,2,Hth,"[""3""]",bango-file,inititem.dat,4382
1524,3,Dex,"[""4""]",bango-file,inititem.dat,4382
1524,4,defense,"[""62""]",bango-file,inititem.dat,4382
1524,5,dodge,"[""22""]",bango-file,inititem.dat,4382
1524,6,absorb,"[""5""]",bango-file,inititem.dat,4382
1525,1,Str,"[""1""]",bango-file,inititem.dat,4385
1525,2,Hth,"[""2""]",bango-file,inititem.dat,4385
1525,3,defense,"[""40""]",bango-file,inititem.dat,4385
1525,4,dodge,"[""14""]",bango-file,inititem.dat,4385
1525,5,absorb,"[""3""]",bango-file,inititem.dat,4385
1526,1,Str,"[""3""]",bango-file,inititem.dat,4388
1526,2,defense,"[""38""]",bango-file,inititem.dat,4388
1526,3,dodge,"[""13""]",bango-file,inititem.dat,4388
1526,4,absorb,"[""3""]",bango-file,inititem.dat,4388
1527,1,Hth,"[""1""]",bango-file,inititem.dat,4391
1527,2,Dex,"[""2""]",bango-file,inititem.dat,4391
1527,3,defense,"[""36""]",bango-file,inititem.dat,4391
1527,4,dodge,"[""42""]",bango-file,inititem.dat,4391
1527,5,absorb,"[""2""]",bango-file,inititem.dat,4391
1528,1,Str,"[""1""]",bango-file,inititem.dat,4394
1528,2,Hth,"[""2""]",bango-file,inititem.dat,4394
1528,3,defense,"[""25""]",bango-file,inititem.dat,4394
1528,4,dodge,"[""46""]",bango-file,inititem.dat,4394
1528,5,absorb,"[""3""]",bango-file,inititem.dat,4394
1529,1,Hth,"[""3""]",bango-file,inititem.dat,4397
1529,2,Int,"[""6""]",bango-file,inititem.dat,4397
1529,3,defense,"[""41""]",bango-file,inititem.dat,4397
1529,4,dodge,"[""31""]",bango-file,inititem.dat,4397
1529,5,resistfire,"[""8""]",bango-file,inititem.dat,4397
1529,6,resistice,"[""8""]",bango-file,inititem.dat,4397
1529,7,resistlitning,"[""8""]",bango-file,inititem.dat,4397
1529,8,resistcurse,"[""5""]",bango-file,inititem.dat,4397
1529,9,resistpalsy,"[""5""]",bango-file,inititem.dat,4397
1530,1,Hth,"[""2""]",bango-file,inititem.dat,4400
1530,2,Int,"[""1""]",bango-file,inititem.dat,4400
1530,3,defense,"[""33""]",bango-file,inititem.dat,4400
1530,4,dodge,"[""16""]",bango-file,inititem.dat,4400
1530,5,resistfire,"[""7""]",bango-file,inititem.dat,4400
1530,6,resistice,"[""7""]",bango-file,inititem.dat,4400
1530,7,resistlitning,"[""7""]",bango-file,inititem.dat,4400
1530,8,resistcurse,"[""4""]",bango-file,inititem.dat,4400
1530,9,resistpalsy,"[""4""]",bango-file,inititem.dat,4400
1531,1,Int,"[""1""]",bango-file,inititem.dat,4403
1531,2,Wis,"[""2""]",bango-file,inititem.dat,4403
1531,3,defense,"[""33""]",bango-file,inititem.dat,4403
1531,4,dodge,"[""14""]",bango-file,inititem.dat,4403
1531,5,resistfire,"[""6""]",bango-file,inititem.dat,4403
1531,6,resistice,"[""6""]",bango-file,inititem.dat,4403
1531,7,resistlitning,"[""6""]",bango-file,inititem.dat,4403
1531,8,resistcurse,"[""4""]",bango-file,inititem.dat,4403
1531,9,resistpalsy,"[""4""]",bango-file,inititem.dat,4403
1532,1,Int,"[""1""]",bango-file,inititem.dat,4406
1532,2,Wis,"[""2""]",bango-file,inititem.dat,4406
1532,3,defense,"[""38""]",bango-file,inititem.dat,4406
1532,4,dodge,"[""27""]",bango-file,inititem.dat,4406
1532,5,resistfire,"[""4""]",bango-file,inititem.dat,4406
1532,6,resistice,"[""4""]",bango-file,inititem.dat,4406
1532,7,resistlitning,"[""4""]",bango-file,inititem.dat,4406
1532,8,resistcurse,"[""5""]",bango-file,inititem.dat,4406
1532,9,resistpalsy,"[""5""]",bango-file,inititem.dat,4406
1533,1,Hth,"[""2""]",bango-file,inititem.dat,4409
1533,2,Int,"[""1""]",bango-file,inititem.dat,4409
1533,3,defense,"[""29""]",bango-file,inititem.dat,4409
1533,4,dodge,"[""35""]",bango-file,inititem.dat,4409
1533,5,resistfire,"[""4""]",bango-file,inititem.dat,4409
1533,6,resistice,"[""4""]",bango-file,inititem.dat,4409
1533,7,resistlitning,"[""4""]",bango-file,inititem.dat,4409
1533,8,resistcurse,"[""4""]",bango-file,inititem.dat,4409
1533,9,resistpalsy,"[""4""]",bango-file,inititem.dat,4409
1534,1,refresh,"[""hp"",""0""]",bango-file,inititem.dat,4414
1535,1,refresh,"[""hp"",""0""]",bango-file,inititem.dat,4417
1536,1,refresh,"[""hp"",""0""]",bango-file,inititem.dat,4420
1537,1,refresh,"[""hp"",""0""]",bango-file,inititem.dat,4423
1538,1,refresh,"[""hp"",""0""]",bango-file,inititem.dat,4426
1550,1,defense,"[""8""]",bango-file,inititem.dat,4437
1550,2,dodge,"[""1""]",bango-file,inititem.dat,4437
1551,1,defense,"[""4""]",bango-file,inititem.dat,4440
1551,2,dodge,"[""1""]",bango-file,inititem.dat,4440
1552,1,defense,"[""3""]",bango-file,inititem.dat,4443
1552,2,dodge,"[""2""]",bango-file,inititem.dat,4443
1553,1,defense,"[""4""]",bango-file,inititem.dat,4446
1553,2,dodge,"[""4""]",bango-file,inititem.dat,4446
1554,1,defense,"[""2""]",bango-file,inititem.dat,4449
1554,2,dodge,"[""5""]",bango-file,inititem.dat,4449
1555,1,defense,"[""11""]",bango-file,inititem.dat,4452
1555,2,dodge,"[""2""]",bango-file,inititem.dat,4452
1556,1,defense,"[""8""]",bango-file,inititem.dat,4455
1556,2,dodge,"[""2""]",bango-file,inititem.dat,4455
1557,1,defense,"[""7""]",bango-file,inititem.dat,4458
1557,2,dodge,"[""3""]",bango-file,inititem.dat,4458
1558,1,defense,"[""7""]",bango-file,inititem.dat,4461
1558,2,dodge,"[""5""]",bango-file,inititem.dat,4461
1559,1,defense,"[""4""]",bango-file,inititem.dat,4464
1559,2,dodge,"[""13""]",bango-file,inititem.dat,4464
1560,1,defense,"[""14""]",bango-file,inititem.dat,4467
1560,2,dodge,"[""3""]",bango-file,inititem.dat,4467
1560,3,absorb,"[""1""]",bango-file,inititem.dat,4467
1561,1,defense,"[""11""]",bango-file,inititem.dat,4470
1561,2,dodge,"[""3""]",bango-file,inititem.dat,4470
1562,1,defense,"[""9""]",bango-file,inititem.dat,4473
1562,2,dodge,"[""4""]",bango-file,inititem.dat,4473
1563,1,defense,"[""10""]",bango-file,inititem.dat,4476
1563,2,dodge,"[""9""]",bango-file,inititem.dat,4476
1564,1,defense,"[""8""]",bango-file,inititem.dat,4479
1564,2,dodge,"[""15""]",bango-file,inititem.dat,4479
1565,1,defense,"[""21""]",bango-file,inititem.dat,4482
1565,2,dodge,"[""4""]",bango-file,inititem.dat,4482
1565,3,absorb,"[""1""]",bango-file,inititem.dat,4482
1566,1,defense,"[""16""]",bango-file,inititem.dat,4485
1566,2,dodge,"[""4""]",bango-file,inititem.dat,4485
1567,1,defense,"[""12""]",bango-file,inititem.dat,4488
1567,2,dodge,"[""5""]",bango-file,inititem.dat,4488
1568,1,defense,"[""12""]",bango-file,inititem.dat,4491
1568,2,dodge,"[""11""]",bango-file,inititem.dat,4491
1569,1,defense,"[""11""]",bango-file,inititem.dat,4494
1569,2,dodge,"[""19""]",bango-file,inititem.dat,4494
1570,1,defense,"[""28""]",bango-file,inititem.dat,4497
1570,2,hit,"[""2""]",bango-file,inititem.dat,4497
1570,3,dodge,"[""5""]",bango-file,inititem.dat,4497
1570,4,absorb,"[""2""]",bango-file,inititem.dat,4497
1571,1,defense,"[""20""]",bango-file,inititem.dat,4500
1571,2,dodge,"[""5""]",bango-file,inititem.dat,4500
1572,1,defense,"[""17""]",bango-file,inititem.dat,4503
1572,2,hit,"[""4""]",bango-file,inititem.dat,4503
1572,3,dodge,"[""6""]",bango-file,inititem.dat,4503
1573,1,defense,"[""19""]",bango-file,inititem.dat,4506
1573,2,dodge,"[""16""]",bango-file,inititem.dat,4506
1574,1,defense,"[""13""]",bango-file,inititem.dat,4509
1574,2,hit,"[""1""]",bango-file,inititem.dat,4509
1574,3,dodge,"[""23""]",bango-file,inititem.dat,4509
1575,1,defense,"[""32""]",bango-file,inititem.dat,4512
1575,2,hit,"[""3""]",bango-file,inititem.dat,4512
1575,3,dodge,"[""6""]",bango-file,inititem.dat,4512
1575,4,absorb,"[""2""]",bango-file,inititem.dat,4512
1576,1,defense,"[""23""]",bango-file,inititem.dat,4515
1576,2,dodge,"[""6""]",bango-file,inititem.dat,4515
1576,3,absorb,"[""1""]",bango-file,inititem.dat,4515
1577,1,defense,"[""19""]",bango-file,inititem.dat,4518
1577,2,hit,"[""6""]",bango-file,inititem.dat,4518
1577,3,dodge,"[""7""]",bango-file,inititem.dat,4518
1577,4,absorb,"[""0""]",bango-file,inititem.dat,4518
1578,1,defense,"[""21""]",bango-file,inititem.dat,4521
1578,2,dodge,"[""20""]",bango-file,inititem.dat,4521
1578,3,absorb,"[""1""]",bango-file,inititem.dat,4521
1579,1,defense,"[""15""]",bango-file,inititem.dat,4524
1579,2,hit,"[""2""]",bango-file,inititem.dat,4524
1579,3,dodge,"[""28""]",bango-file,inititem.dat,4524
1579,4,absorb,"[""1""]",bango-file,inititem.dat,4524
1580,1,Str,"[""1""]",bango-file,inititem.dat,4527
1580,2,Hth,"[""2""]",bango-file,inititem.dat,4527
1580,3,Dex,"[""2""]",bango-file,inititem.dat,4527
1580,4,defense,"[""43""]",bango-file,inititem.dat,4527
1580,5,hit,"[""4""]",bango-file,inititem.dat,4527
1580,6,dodge,"[""7""]",bango-file,inititem.dat,4527
1580,7,absorb,"[""3""]",bango-file,inititem.dat,4527
1581,1,Hth,"[""1""]",bango-file,inititem.dat,4530
1581,2,defense,"[""26""]",bango-file,inititem.dat,4530
1581,3,dodge,"[""7""]",bango-file,inititem.dat,4530
1581,4,absorb,"[""1""]",bango-file,inititem.dat,4530
1582,1,Str,"[""1""]",bango-file,inititem.dat,4533
1582,2,defense,"[""22""]",bango-file,inititem.dat,4533
1582,3,hit,"[""8""]",bango-file,inititem.dat,4533
1582,4,dodge,"[""8""]",bango-file,inititem.dat,4533
1582,5,absorb,"[""1""]",bango-file,inititem.dat,4533
1583,1,Dex,"[""1""]",bango-file,inititem.dat,4536
1583,2,defense,"[""25""]",bango-file,inititem.dat,4536
1583,3,dodge,"[""24""]",bango-file,inititem.dat,4536
1583,4,absorb,"[""1""]",bango-file,inititem.dat,4536
1584,1,Hth,"[""1""]",bango-file,inititem.dat,4539
1584,2,defense,"[""18""]",bango-file,inititem.dat,4539
1584,3,hit,"[""4""]",bango-file,inititem.dat,4539
1584,4,dodge,"[""35""]",bango-file,inititem.dat,4539
1584,5,absorb,"[""1""]",bango-file,inititem.dat,4539
1585,1,Str,"[""1""]",bango-file,inititem.dat,4542
1585,2,Hth,"[""3""]",bango-file,inititem.dat,4542
1585,3,Dex,"[""3""]",bango-file,inititem.dat,4542
1585,4,defense,"[""50""]",bango-file,inititem.dat,4542
1585,5,hit,"[""5""]",bango-file,inititem.dat,4542
1585,6,dodge,"[""8""]",bango-file,inititem.dat,4542
1585,7,absorb,"[""4""]",bango-file,inititem.dat,4542
1586,1,Hth,"[""7""]",bango-file,inititem.dat,4545
1586,2,defense,"[""31""]",bango-file,inititem.dat,4545
1586,3,dodge,"[""8""]",bango-file,inititem.dat,4545
1586,4,absorb,"[""2""]",bango-file,inititem.dat,4545
1587,1,Str,"[""2""]",bango-file,inititem.dat,4548
1587,2,defense,"[""28""]",bango-file,inititem.dat,4548
1587,3,hit,"[""10""]",bango-file,inititem.dat,4548
1587,4,dodge,"[""9""]",bango-file,inititem.dat,4548
1587,5,absorb,"[""2""]",bango-file,inititem.dat,4548
1588,1,Dex,"[""2""]",bango-file,inititem.dat,4551
1588,2,defense,"[""30""]",bango-file,inititem.dat,4551
1588,3,dodge,"[""29""]",bango-file,inititem.dat,4551
1588,4,absorb,"[""1""]",bango-file,inititem.dat,4551
1589,1,Hth,"[""2""]",bango-file,inititem.dat,4554
1589,2,defense,"[""20""]",bango-file,inititem.dat,4554
1589,3,hit,"[""5""]",bango-file,inititem.dat,4554
1589,4,dodge,"[""43""]",bango-file,inititem.dat,4554
1589,5,absorb,"[""2""]",bango-file,inititem.dat,4554
1590,1,Str,"[""3""]",bango-file,inititem.dat,4557
1590,2,Hth,"[""3""]",bango-file,inititem.dat,4557
1590,3,Dex,"[""3""]",bango-file,inititem.dat,4557
1590,4,defense,"[""58""]",bango-file,inititem.dat,4557
1590,5,hit,"[""6""]",bango-file,inititem.dat,4557
1590,6,dodge,"[""9""]",bango-file,inititem.dat,4557
1590,7,absorb,"[""5""]",bango-file,inititem.dat,4557
1591,1,Str,"[""1""]",bango-file,inititem.dat,4560
1591,2,Hth,"[""10""]",bango-file,inititem.dat,4560
1591,3,defense,"[""36""]",bango-file,inititem.dat,4560
1591,4,dodge,"[""9""]",bango-file,inititem.dat,4560
1591,5,absorb,"[""3""]",bango-file,inititem.dat,4560
1592,1,Str,"[""3""]",bango-file,inititem.dat,4563
1592,2,defense,"[""32""]",bango-file,inititem.dat,4563
1592,3,hit,"[""12""]",bango-file,inititem.dat,4563
1592,4,dodge,"[""10""]",bango-file,inititem.dat,4563
1592,5,absorb,"[""3""]",bango-file,inititem.dat,4563
1593,1,Hth,"[""1""]",bango-file,inititem.dat,4566
1593,2,Dex,"[""2""]",bango-file,inititem.dat,4566
1593,3,defense,"[""35""]",bango-file,inititem.dat,4566
1593,4,dodge,"[""34""]",bango-file,inititem.dat,4566
1593,5,absorb,"[""2""]",bango-file,inititem.dat,4566
1594,1,Str,"[""1""]",bango-file,inititem.dat,4569
1594,2,Hth,"[""2""]",bango-file,inititem.dat,4569
1594,3,defense,"[""24""]",bango-file,inititem.dat,4569
1594,4,hit,"[""6""]",bango-file,inititem.dat,4569
1594,5,dodge,"[""51""]",bango-file,inititem.dat,4569
1594,6,absorb,"[""3""]",bango-file,inititem.dat,4569
1595,1,Hth,"[""1""]",bango-file,inititem.dat,4572
1595,2,hp,"[""220""]",bango-file,inititem.dat,4572
1595,3,mp,"[""100""]",bango-file,inititem.dat,4572
1596,1,resistpalsy,"[""2""]",bango-file,inititem.dat,4575
1609,1,defense,"[""45""]",bango-file,inititem.dat,4600
1609,2,dodge,"[""12""]",bango-file,inititem.dat,4600
1609,3,absorb,"[""3""]",bango-file,inititem.dat,4600
1620,1,teleport,"[""1"",""7""]",bango-file,inititem.dat,4632
1628,1,buff,"[""18"",""30"",""125""]",bango-file,inititem.dat,4640
1629,1,buff,"[""19"",""30"",""69""]",bango-file,inititem.dat,4643
1631,1,Str,"[""2""]",bango-file,inititem.dat,4648
1631,2,Hth,"[""9""]",bango-file,inititem.dat,4648
1631,3,Dex,"[""1""]",bango-file,inititem.dat,4648
1631,4,defense,"[""70""]",bango-file,inititem.dat,4648
1631,5,dodge,"[""34""]",bango-file,inititem.dat,4648
1631,6,absorb,"[""10""]",bango-file,inititem.dat,4648
1631,7,resistfire,"[""2""]",bango-file,inititem.dat,4648
1631,8,resistice,"[""2""]",bango-file,inititem.dat,4648
1631,9,resistlitning,"[""2""]",bango-file,inititem.dat,4648
1631,10,resistcurse,"[""2""]",bango-file,inititem.dat,4648
1631,11,resistpalsy,"[""2""]",bango-file,inititem.dat,4648
1632,1,Str,"[""9""]",bango-file,inititem.dat,4651
1632,2,Dex,"[""3""]",bango-file,inititem.dat,4651
1632,3,defense,"[""70""]",bango-file,inititem.dat,4651
1632,4,hit,"[""3""]",bango-file,inititem.dat,4651
1632,5,dodge,"[""31""]",bango-file,inititem.dat,4651
1632,6,absorb,"[""9""]",bango-file,inititem.dat,4651
1632,7,resistfire,"[""1""]",bango-file,inititem.dat,4651
1632,8,resistice,"[""1""]",bango-file,inititem.dat,4651
1632,9,resistpalsy,"[""1""]",bango-file,inititem.dat,4651
1633,1,Str,"[""1""]",bango-file,inititem.dat,4654
1633,2,Hth,"[""4""]",bango-file,inititem.dat,4654
1633,3,Dex,"[""1""]",bango-file,inititem.dat,4654
1633,4,defense,"[""67""]",bango-file,inititem.dat,4654
1633,5,dodge,"[""41""]",bango-file,inititem.dat,4654
1633,6,absorb,"[""8""]",bango-file,inititem.dat,4654
1633,7,resistfire,"[""1""]",bango-file,inititem.dat,4654
1633,8,resistice,"[""1""]",bango-file,inititem.dat,4654
1633,9,resistlitning,"[""1""]",bango-file,inititem.dat,4654
1633,10,resistcurse,"[""1""]",bango-file,inititem.dat,4654
1633,11,resistpalsy,"[""1""]",bango-file,inititem.dat,4654
1634,1,Str,"[""4""]",bango-file,inititem.dat,4657
1634,2,Dex,"[""2""]",bango-file,inititem.dat,4657
1634,3,defense,"[""67""]",bango-file,inititem.dat,4657
1634,4,hit,"[""2""]",bango-file,inititem.dat,4657
1634,5,dodge,"[""38""]",bango-file,inititem.dat,4657
1634,6,absorb,"[""8""]",bango-file,inititem.dat,4657
1634,7,resistfire,"[""1""]",bango-file,inititem.dat,4657
1634,8,resistice,"[""1""]",bango-file,inititem.dat,4657
1634,9,resistpalsy,"[""1""]",bango-file,inititem.dat,4657
1635,1,Str,"[""4""]",bango-file,inititem.dat,4660
1635,2,Hth,"[""2""]",bango-file,inititem.dat,4660
1635,3,Dex,"[""6""]",bango-file,inititem.dat,4660
1635,4,defense,"[""68""]",bango-file,inititem.dat,4660
1635,5,dodge,"[""33""]",bango-file,inititem.dat,4660
1635,6,absorb,"[""5""]",bango-file,inititem.dat,4660
1635,7,resistfire,"[""1""]",bango-file,inititem.dat,4660
1635,8,resistice,"[""1""]",bango-file,inititem.dat,4660
1635,9,resistlitning,"[""1""]",bango-file,inititem.dat,4660
1635,10,resistcurse,"[""1""]",bango-file,inititem.dat,4660
1635,11,resistpalsy,"[""1""]",bango-file,inititem.dat,4660
1636,1,Str,"[""3""]",bango-file,inititem.dat,4663
1636,2,Hth,"[""3""]",bango-file,inititem.dat,4663
1636,3,Dex,"[""6""]",bango-file,inititem.dat,4663
1636,4,defense,"[""68""]",bango-file,inititem.dat,4663
1636,5,hit,"[""1""]",bango-file,inititem.dat,4663
1636,6,dodge,"[""30""]",bango-file,inititem.dat,4663
1636,7,absorb,"[""7""]",bango-file,inititem.dat,4663
1636,8,resistfire,"[""1""]",bango-file,inititem.dat,4663
1636,9,resistlitning,"[""1""]",bango-file,inititem.dat,4663
1636,10,resistcurse,"[""1""]",bango-file,inititem.dat,4663
1637,1,Str,"[""2""]",bango-file,inititem.dat,4666
1637,2,Hth,"[""1""]",bango-file,inititem.dat,4666
1637,3,Dex,"[""3""]",bango-file,inititem.dat,4666
1637,4,defense,"[""31""]",bango-file,inititem.dat,4666
1637,5,dodge,"[""56""]",bango-file,inititem.dat,4666
1637,6,absorb,"[""3""]",bango-file,inititem.dat,4666
1637,7,resistfire,"[""1""]",bango-file,inititem.dat,4666
1637,8,resistice,"[""1""]",bango-file,inititem.dat,4666
1637,9,resistlitning,"[""1""]",bango-file,inititem.dat,4666
1637,10,resistcurse,"[""1""]",bango-file,inititem.dat,4666
1637,11,resistpalsy,"[""1""]",bango-file,inititem.dat,4666
1638,1,Str,"[""1""]",bango-file,inititem.dat,4669
1638,2,Hth,"[""2""]",bango-file,inititem.dat,4669
1638,3,Dex,"[""3""]",bango-file,inititem.dat,4669
1638,4,defense,"[""31""]",bango-file,inititem.dat,4669
1638,5,hit,"[""2""]",bango-file,inititem.dat,4669
1638,6,dodge,"[""53""]",bango-file,inititem.dat,4669
1638,7,absorb,"[""6""]",bango-file,inititem.dat,4669
1638,8,resistfire,"[""1""]",bango-file,inititem.dat,4669
1638,9,resistlitning,"[""1""]",bango-file,inititem.dat,4669
1638,10,resistcurse,"[""1""]",bango-file,inititem.dat,4669
1639,1,Hth,"[""1""]",bango-file,inititem.dat,4672
1639,2,Int,"[""13""]",bango-file,inititem.dat,4672
1639,3,Wis,"[""2""]",bango-file,inititem.dat,4672
1639,4,defense,"[""47""]",bango-file,inititem.dat,4672
1639,5,dodge,"[""37""]",bango-file,inititem.dat,4672
1639,6,absorb,"[""2""]",bango-file,inititem.dat,4672
1639,7,resistfire,"[""9""]",bango-file,inititem.dat,4672
1639,8,resistice,"[""9""]",bango-file,inititem.dat,4672
1639,9,resistlitning,"[""9""]",bango-file,inititem.dat,4672
1639,10,resistcurse,"[""6""]",bango-file,inititem.dat,4672
1639,11,resistpalsy,"[""6""]",bango-file,inititem.dat,4672
1640,1,Hth,"[""7""]",bango-file,inititem.dat,4675
1640,2,Int,"[""1""]",bango-file,inititem.dat,4675
1640,3,Wis,"[""8""]",bango-file,inititem.dat,4675
1640,4,defense,"[""47""]",bango-file,inititem.dat,4675
1640,5,dodge,"[""34""]",bango-file,inititem.dat,4675
1640,6,absorb,"[""4""]",bango-file,inititem.dat,4675
1640,7,resistfire,"[""10""]",bango-file,inititem.dat,4675
1640,8,resistice,"[""10""]",bango-file,inititem.dat,4675
1640,9,resistlitning,"[""10""]",bango-file,inititem.dat,4675
1640,10,resistcurse,"[""7""]",bango-file,inititem.dat,4675
1640,11,resistpalsy,"[""7""]",bango-file,inititem.dat,4675
1641,1,Hth,"[""1""]",bango-file,inititem.dat,4678
1641,2,Int,"[""7""]",bango-file,inititem.dat,4678
1641,3,Wis,"[""2""]",bango-file,inititem.dat,4678
1641,4,defense,"[""35""]",bango-file,inititem.dat,4678
1641,5,dodge,"[""41""]",bango-file,inititem.dat,4678
1641,6,absorb,"[""2""]",bango-file,inititem.dat,4678
1641,7,resistfire,"[""5""]",bango-file,inititem.dat,4678
1641,8,resistice,"[""5""]",bango-file,inititem.dat,4678
1641,9,resistlitning,"[""5""]",bango-file,inititem.dat,4678
1641,10,resistcurse,"[""5""]",bango-file,inititem.dat,4678
1641,11,resistpalsy,"[""5""]",bango-file,inititem.dat,4678
1642,1,Hth,"[""4""]",bango-file,inititem.dat,4681
1642,2,Int,"[""1""]",bango-file,inititem.dat,4681
1642,3,Wis,"[""5""]",bango-file,inititem.dat,4681
1642,4,defense,"[""35""]",bango-file,inititem.dat,4681
1642,5,dodge,"[""38""]",bango-file,inititem.dat,4681
1642,6,absorb,"[""4""]",bango-file,inititem.dat,4681
1642,7,resistfire,"[""6""]",bango-file,inititem.dat,4681
1642,8,resistice,"[""6""]",bango-file,inititem.dat,4681
1642,9,resistlitning,"[""6""]",bango-file,inititem.dat,4681
1642,10,resistcurse,"[""6""]",bango-file,inititem.dat,4681
1642,11,resistpalsy,"[""6""]",bango-file,inititem.dat,4681
1665,1,revival,"[""100""]",bango-file,inititem.dat,4686
1666,1,protect,[],bango-file,inititem.dat,4689
1668,1,aspeed,"[""700""]",bango-file,inititem.dat,4695
1668,2,Str,"[""2""]",bango-file,inititem.dat,4695
1668,3,Hth,"[""6""]",bango-file,inititem.dat,4695
1668,4,Dex,"[""2""]",bango-file,inititem.dat,4695
1668,5,Attack,"[""387"",""425""]",bango-file,inititem.dat,4695
1668,6,hp,"[""480""]",bango-file,inititem.dat,4695
1668,7,hit,"[""93""]",bango-file,inititem.dat,4695
1669,1,aspeed,"[""700""]",bango-file,inititem.dat,4698
1669,2,Str,"[""2""]",bango-file,inititem.dat,4698
1669,3,Hth,"[""6""]",bango-file,inititem.dat,4698
1669,4,Dex,"[""2""]",bango-file,inititem.dat,4698
1669,5,Attack,"[""427"",""499""]",bango-file,inititem.dat,4698
1669,6,hp,"[""480""]",bango-file,inititem.dat,4698
1669,7,hit,"[""93""]",bango-file,inititem.dat,4698
1675,1,aspeed,"[""1000""]",bango-file,inititem.dat,4701
1675,2,Int,"[""10""]",bango-file,inititem.dat,4701
1675,3,Attack,"[""210"",""220""]",bango-file,inititem.dat,4701
1675,4,Magic,"[""375"",""445""]",bango-file,inititem.dat,4701
1675,5,mp,"[""350""]",bango-file,inititem.dat,4701
1675,6,hit,"[""70""]",bango-file,inititem.dat,4701
1676,1,aspeed,"[""1000""]",bango-file,inititem.dat,4704
1676,2,Wis,"[""14""]",bango-file,inititem.dat,4704
1676,3,Dex,"[""6""]",bango-file,inititem.dat,4704
1676,4,Attack,"[""172"",""182""]",bango-file,inititem.dat,4704
1676,5,Magic,"[""305"",""375""]",bango-file,inititem.dat,4704
1676,6,mp,"[""450""]",bango-file,inititem.dat,4704
1676,7,hit,"[""74""]",bango-file,inititem.dat,4704
1677,1,aspeed,"[""1000""]",bango-file,inititem.dat,4707
1677,2,Int,"[""12""]",bango-file,inititem.dat,4707
1677,3,Attack,"[""234"",""244""]",bango-file,inititem.dat,4707
1677,4,Magic,"[""450"",""520""]",bango-file,inititem.dat,4707
1677,5,mp,"[""400""]",bango-file,inititem.dat,4707
1677,6,hit,"[""73""]",bango-file,inititem.dat,4707
1678,1,aspeed,"[""1000""]",bango-file,inititem.dat,4710
1678,2,Wis,"[""16""]",bango-file,inititem.dat,4710
1678,3,Dex,"[""8""]",bango-file,inititem.dat,4710
1678,4,Attack,"[""192"",""202""]",bango-file,inititem.dat,4710
1678,5,Magic,"[""370"",""440""]",bango-file,inititem.dat,4710
1678,6,mp,"[""550""]",bango-file,inititem.dat,4710
1678,7,hit,"[""77""]",bango-file,inititem.dat,4710
1681,1,buff,"[""104"",""3600"",""0""]",bango-file,inititem.dat,4713
1695,1,aspeed,"[""700""]",bango-file,inititem.dat,4751
1695,2,Str,"[""7""]",bango-file,inititem.dat,4751
1695,3,Hth,"[""4""]",bango-file,inititem.dat,4751
1695,4,Dex,"[""3""]",bango-file,inititem.dat,4751
1695,5,Attack,"[""420"",""490""]",bango-file,inititem.dat,4751
1695,6,hp,"[""650""]",bango-file,inititem.dat,4751
1695,7,hit,"[""89""]",bango-file,inititem.dat,4751
1696,1,aspeed,"[""1400""]",bango-file,inititem.dat,4754
1696,2,Str,"[""11""]",bango-file,inititem.dat,4754
1696,3,Hth,"[""3""]",bango-file,inititem.dat,4754
1696,4,Attack,"[""650"",""720""]",bango-file,inititem.dat,4754
1696,5,hp,"[""600""]",bango-file,inititem.dat,4754
1696,6,hit,"[""88""]",bango-file,inititem.dat,4754
1697,1,aspeed,"[""800""]",bango-file,inititem.dat,4757
1697,2,Str,"[""1""]",bango-file,inititem.dat,4757
1697,3,Hth,"[""2""]",bango-file,inititem.dat,4757
1697,4,Dex,"[""11""]",bango-file,inititem.dat,4757
1697,5,Attack,"[""410"",""480""]",bango-file,inititem.dat,4757
1697,6,hp,"[""500""]",bango-file,inititem.dat,4757
1697,7,mp,"[""100""]",bango-file,inititem.dat,4757
1697,8,hit,"[""87""]",bango-file,inititem.dat,4757
1698,1,aspeed,"[""1000""]",bango-file,inititem.dat,4760
1698,2,Hth,"[""2""]",bango-file,inititem.dat,4760
1698,3,Int,"[""9""]",bango-file,inititem.dat,4760
1698,4,Wis,"[""3""]",bango-file,inititem.dat,4760
1698,5,Attack,"[""231"",""241""]",bango-file,inititem.dat,4760
1698,6,Magic,"[""490"",""560""]",bango-file,inititem.dat,4760
1698,7,hp,"[""450""]",bango-file,inititem.dat,4760
1698,8,mp,"[""250""]",bango-file,inititem.dat,4760
1698,9,hit,"[""78""]",bango-file,inititem.dat,4760
1699,1,aspeed,"[""500""]",bango-file,inititem.dat,4763
1699,2,Str,"[""8""]",bango-file,inititem.dat,4763
1699,3,Hth,"[""6""]",bango-file,inititem.dat,4763
1699,4,Dex,"[""5""]",bango-file,inititem.dat,4763
1699,5,Attack,"[""608"",""706""]",bango-file,inititem.dat,4763
1699,6,hp,"[""672""]",bango-file,inititem.dat,4763
1699,7,hit,"[""97""]",bango-file,inititem.dat,4763
1700,1,aspeed,"[""700""]",bango-file,inititem.dat,4767
1700,2,Str,"[""7""]",bango-file,inititem.dat,4767
1700,3,Hth,"[""4""]",bango-file,inititem.dat,4767
1700,4,Dex,"[""3""]",bango-file,inititem.dat,4767
1700,5,Attack,"[""456"",""533""]",bango-file,inititem.dat,4767
1700,6,hp,"[""650""]",bango-file,inititem.dat,4767
1700,7,hit,"[""89""]",bango-file,inititem.dat,4767
1701,1,aspeed,"[""1400""]",bango-file,inititem.dat,4770
1701,2,Str,"[""11""]",bango-file,inititem.dat,4770
1701,3,Hth,"[""3""]",bango-file,inititem.dat,4770
1701,4,Attack,"[""715"",""791""]",bango-file,inititem.dat,4770
1701,5,hp,"[""600""]",bango-file,inititem.dat,4770
1701,6,hit,"[""88""]",bango-file,inititem.dat,4770
1702,1,aspeed,"[""800""]",bango-file,inititem.dat,4773
1702,2,Str,"[""1""]",bango-file,inititem.dat,4773
1702,3,Hth,"[""2""]",bango-file,inititem.dat,4773
1702,4,Dex,"[""11""]",bango-file,inititem.dat,4773
1702,5,Attack,"[""450"",""526""]",bango-file,inititem.dat,4773
1702,6,hp,"[""500""]",bango-file,inititem.dat,4773
1702,7,mp,"[""100""]",bango-file,inititem.dat,4773
1702,8,hit,"[""87""]",bango-file,inititem.dat,4773
1703,1,aspeed,"[""1000""]",bango-file,inititem.dat,4776
1703,2,Hth,"[""2""]",bango-file,inititem.dat,4776
1703,3,Int,"[""9""]",bango-file,inititem.dat,4776
1703,4,Wis,"[""3""]",bango-file,inititem.dat,4776
1703,5,Attack,"[""259"",""266""]",bango-file,inititem.dat,4776
1703,6,Magic,"[""539"",""616""]",bango-file,inititem.dat,4776
1703,7,hp,"[""450""]",bango-file,inititem.dat,4776
1703,8,mp,"[""250""]",bango-file,inititem.dat,4776
1703,9,hit,"[""78""]",bango-file,inititem.dat,4776
1704,1,aspeed,"[""500""]",bango-file,inititem.dat,4779
1704,2,Str,"[""11""]",bango-file,inititem.dat,4779
1704,3,Hth,"[""7""]",bango-file,inititem.dat,4779
1704,4,Dex,"[""8""]",bango-file,inititem.dat,4779
1704,5,Attack,"[""658"",""766""]",bango-file,inititem.dat,4779
1704,6,hp,"[""798""]",bango-file,inititem.dat,4779
1704,7,hit,"[""89""]",bango-file,inititem.dat,4779
1705,1,aspeed,"[""1000""]",bango-file,inititem.dat,4784
1705,2,Hth,"[""5""]",bango-file,inititem.dat,4784
1705,3,Int,"[""26""]",bango-file,inititem.dat,4784
1705,4,Attack,"[""274"",""285""]",bango-file,inititem.dat,4784
1705,5,Magic,"[""557"",""631""]",bango-file,inititem.dat,4784
1705,6,mp,"[""518""]",bango-file,inititem.dat,4784
1705,7,hit,"[""76""]",bango-file,inititem.dat,4784
1706,1,aspeed,"[""1000""]",bango-file,inititem.dat,4788
1706,2,Wis,"[""21""]",bango-file,inititem.dat,4788
1706,3,Dex,"[""11""]",bango-file,inititem.dat,4788
1706,4,Attack,"[""225"",""236""]",bango-file,inititem.dat,4788
1706,5,Magic,"[""462"",""536""]",bango-file,inititem.dat,4788
1706,6,mp,"[""728""]",bango-file,inititem.dat,4788
1706,7,hit,"[""80""]",bango-file,inititem.dat,4788
1709,1,aspeed,"[""1000""]",bango-file,inititem.dat,4791
1709,2,Int,"[""11""]",bango-file,inititem.dat,4791
1709,3,Wis,"[""5""]",bango-file,inititem.dat,4791
1709,4,Attack,"[""245"",""255""]",bango-file,inititem.dat,4791
1709,5,Magic,"[""462"",""532""]",bango-file,inititem.dat,4791
1709,6,mp,"[""300""]",bango-file,inititem.dat,4791
1709,7,hit,"[""77""]",bango-file,inititem.dat,4791
1710,1,aspeed,"[""1000""]",bango-file,inititem.dat,4794
1710,2,Int,"[""12""]",bango-file,inititem.dat,4794
1710,3,Wis,"[""8""]",bango-file,inititem.dat,4794
1710,4,Attack,"[""268"",""278""]",bango-file,inititem.dat,4794
1710,5,Magic,"[""530"",""600""]",bango-file,inititem.dat,4794
1710,6,mp,"[""350""]",bango-file,inititem.dat,4794
1710,7,hit,"[""80""]",bango-file,inititem.dat,4794
1741,1,quest,"[""5058"",""1""]",bango-file,inititem.dat,4889
1742,1,quest,"[""5059"",""1""]",bango-file,inititem.dat,4890
1743,1,quest,"[""5060"",""1""]",bango-file,inititem.dat,4891
1744,1,quest,"[""5061"",""1""]",bango-file,inititem.dat,4892
1745,1,quest,"[""5062"",""1""]",bango-file,inititem.dat,4893
1763,1,Str,"[""3""]",bango-file,inititem.dat,4896
1763,2,Hth,"[""5""]",bango-file,inititem.dat,4896
1763,3,Dex,"[""4""]",bango-file,inititem.dat,4896
1763,4,defense,"[""66""]",bango-file,inititem.dat,4896
1763,5,hit,"[""8""]",bango-file,inititem.dat,4896
1763,6,dodge,"[""12""]",bango-file,inititem.dat,4896
1763,7,absorb,"[""6""]",bango-file,inititem.dat,4896
1763,8,resistfire,"[""1""]",bango-file,inititem.dat,4896
1763,9,resistice,"[""1""]",bango-file,inititem.dat,4896
1763,10,resistlitning,"[""1""]",bango-file,inititem.dat,4896
1764,1,Str,"[""2""]",bango-file,inititem.dat,4899
1764,2,Hth,"[""9""]",bango-file,inititem.dat,4899
1764,3,Dex,"[""1""]",bango-file,inititem.dat,4899
1764,4,defense,"[""66""]",bango-file,inititem.dat,4899
1764,5,hit,"[""5""]",bango-file,inititem.dat,4899
1764,6,dodge,"[""12""]",bango-file,inititem.dat,4899
1764,7,absorb,"[""8""]",bango-file,inititem.dat,4899
1764,8,resistfire,"[""1""]",bango-file,inititem.dat,4899
1764,9,resistice,"[""1""]",bango-file,inititem.dat,4899
1764,10,resistlitning,"[""1""]",bango-file,inititem.dat,4899
1764,11,resistcurse,"[""1""]",bango-file,inititem.dat,4899
1764,12,resistpalsy,"[""1""]",bango-file,inititem.dat,4899
1765,1,Str,"[""5""]",bango-file,inititem.dat,4902
1765,2,Hth,"[""3""]",bango-file,inititem.dat,4902
1765,3,Dex,"[""3""]",bango-file,inititem.dat,4902
1765,4,defense,"[""66""]",bango-file,inititem.dat,4902
1765,5,dodge,"[""10""]",bango-file,inititem.dat,4902
1765,6,absorb,"[""6""]",bango-file,inititem.dat,4902
1765,7,resistfire,"[""1""]",bango-file,inititem.dat,4902
1765,8,resistice,"[""1""]",bango-file,inititem.dat,4902
1765,9,resistlitning,"[""1""]",bango-file,inititem.dat,4902
1766,1,Str,"[""2""]",bango-file,inititem.dat,4905
1766,2,Hth,"[""13""]",bango-file,inititem.dat,4905
1766,3,defense,"[""41""]",bango-file,inititem.dat,4905
1766,4,dodge,"[""10""]",bango-file,inititem.dat,4905
1766,5,absorb,"[""4""]",bango-file,inititem.dat,4905
1766,6,resistfire,"[""1""]",bango-file,inititem.dat,4905
1767,1,Str,"[""4""]",bango-file,inititem.dat,4908
1767,2,Hth,"[""1""]",bango-file,inititem.dat,4908
1767,3,defense,"[""36""]",bango-file,inititem.dat,4908
1767,4,dodge,"[""11""]",bango-file,inititem.dat,4908
1767,5,absorb,"[""4""]",bango-file,inititem.dat,4908
1767,6,resistice,"[""1""]",bango-file,inititem.dat,4908
1768,1,Str,"[""2""]",bango-file,inititem.dat,4911
1768,2,Dex,"[""3""]",bango-file,inititem.dat,4911
1768,3,defense,"[""40""]",bango-file,inititem.dat,4911
1768,4,dodge,"[""39""]",bango-file,inititem.dat,4911
1768,5,absorb,"[""3""]",bango-file,inititem.dat,4911
1768,6,resistlitning,"[""1""]",bango-file,inititem.dat,4911
1769,1,Str,"[""2""]",bango-file,inititem.dat,4914
1769,2,Hth,"[""4""]",bango-file,inititem.dat,4914
1769,3,defense,"[""28""]",bango-file,inititem.dat,4914
1769,4,hit,"[""9""]",bango-file,inititem.dat,4914
1769,5,dodge,"[""61""]",bango-file,inititem.dat,4914
1769,6,absorb,"[""4""]",bango-file,inititem.dat,4914
1769,7,resistfire,"[""1""]",bango-file,inititem.dat,4914
1769,8,resistice,"[""1""]",bango-file,inititem.dat,4914
1769,9,resistlitning,"[""1""]",bango-file,inititem.dat,4914
1770,1,Str,"[""1""]",bango-file,inititem.dat,4917
1770,2,Hth,"[""7""]",bango-file,inititem.dat,4917
1770,3,defense,"[""28""]",bango-file,inititem.dat,4917
1770,4,hit,"[""6""]",bango-file,inititem.dat,4917
1770,5,dodge,"[""61""]",bango-file,inititem.dat,4917
1770,6,absorb,"[""6""]",bango-file,inititem.dat,4917
1770,7,resistfire,"[""1""]",bango-file,inititem.dat,4917
1770,8,resistice,"[""1""]",bango-file,inititem.dat,4917
1770,9,resistlitning,"[""1""]",bango-file,inititem.dat,4917
1770,10,resistcurse,"[""1""]",bango-file,inititem.dat,4917
1770,11,resistpalsy,"[""1""]",bango-file,inititem.dat,4917
1771,1,Str,"[""2""]",bango-file,inititem.dat,4920
1771,2,Hth,"[""3""]",bango-file,inititem.dat,4920
1771,3,defense,"[""28""]",bango-file,inititem.dat,4920
1771,4,dodge,"[""59""]",bango-file,inititem.dat,4920
1771,5,absorb,"[""4""]",bango-file,inititem.dat,4920
1771,6,resistfire,"[""1""]",bango-file,inititem.dat,4920
1771,7,resistice,"[""1""]",bango-file,inititem.dat,4920
1771,8,resistlitning,"[""1""]",bango-file,inititem.dat,4920
1774,1,buff,"[""257"",""1200"",""0""]",bango-file,inititem.dat,4929
1796,1,quest,"[""5063"",""1""]",bango-file,inititem.dat,4996
1797,1,quest,"[""5064"",""1""]",bango-file,inititem.dat,4997
1798,1,quest,"[""5065"",""1""]",bango-file,inititem.dat,4998
1799,1,quest,"[""5066"",""1""]",bango-file,inititem.dat,4999
1800,1,quest,"[""5067"",""1""]",bango-file,inititem.dat,5000
1801,1,aspeed,"[""700""]",bango-file,inititem.dat,5005
1801,2,Str,"[""7""]",bango-file,inititem.dat,5005
1801,3,Hth,"[""4""]",bango-file,inititem.dat,5005
1801,4,Dex,"[""3""]",bango-file,inititem.dat,5005
1801,5,Attack,"[""456"",""533""]",bango-file,inititem.dat,5005
1801,6,hp,"[""650""]",bango-file,inititem.dat,5005
1801,7,hit,"[""89""]",bango-file,inititem.dat,5005
1802,1,aspeed,"[""1400""]",bango-file,inititem.dat,5008
1802,2,Str,"[""11""]",bango-file,inititem.dat,5008
1802,3,Hth,"[""3""]",bango-file,inititem.dat,5008
1802,4,Attack,"[""715"",""791""]",bango-file,inititem.dat,5008
1802,5,hp,"[""600""]",bango-file,inititem.dat,5008
1802,6,hit,"[""88""]",bango-file,inititem.dat,5008
1803,1,aspeed,"[""800""]",bango-file,inititem.dat,5011
1803,2,Str,"[""1""]",bango-file,inititem.dat,5011
1803,3,Hth,"[""2""]",bango-file,inititem.dat,5011
1803,4,Dex,"[""11""]",bango-file,inititem.dat,5011
1803,5,Attack,"[""450"",""526""]",bango-file,inititem.dat,5011
1803,6,hp,"[""500""]",bango-file,inititem.dat,5011
1803,7,mp,"[""100""]",bango-file,inititem.dat,5011
1803,8,hit,"[""87""]",bango-file,inititem.dat,5011
1804,1,aspeed,"[""500""]",bango-file,inititem.dat,5014
1804,2,Str,"[""7""]",bango-file,inititem.dat,5014
1804,3,Hth,"[""4""]",bango-file,inititem.dat,5014
1804,4,Dex,"[""3""]",bango-file,inititem.dat,5014
1804,5,Attack,"[""638"",""746""]",bango-file,inititem.dat,5014
1804,6,hp,"[""650""]",bango-file,inititem.dat,5014
1804,7,hit,"[""89""]",bango-file,inititem.dat,5014
1805,1,aspeed,"[""1000""]",bango-file,inititem.dat,5017
1805,2,Hth,"[""2""]",bango-file,inititem.dat,5017
1805,3,Int,"[""9""]",bango-file,inititem.dat,5017
1805,4,Wis,"[""3""]",bango-file,inititem.dat,5017
1805,5,Attack,"[""259"",""266""]",bango-file,inititem.dat,5017
1805,6,Magic,"[""539"",""616""]",bango-file,inititem.dat,5017
1805,7,hp,"[""450""]",bango-file,inititem.dat,5017
1805,8,mp,"[""250""]",bango-file,inititem.dat,5017
1805,9,hit,"[""78""]",bango-file,inititem.dat,5017
1806,1,aspeed,"[""700""]",bango-file,inititem.dat,5020
1806,2,Str,"[""6""]",bango-file,inititem.dat,5020
1806,3,Hth,"[""4""]",bango-file,inititem.dat,5020
1806,4,Dex,"[""2""]",bango-file,inititem.dat,5020
1806,5,Attack,"[""393"",""470""]",bango-file,inititem.dat,5020
1806,6,hp,"[""550""]",bango-file,inititem.dat,5020
1806,7,hit,"[""86""]",bango-file,inititem.dat,5020
1807,1,aspeed,"[""1400""]",bango-file,inititem.dat,5023
1807,2,Str,"[""9""]",bango-file,inititem.dat,5023
1807,3,Hth,"[""3""]",bango-file,inititem.dat,5023
1807,4,Attack,"[""660"",""736""]",bango-file,inititem.dat,5023
1807,5,hp,"[""500""]",bango-file,inititem.dat,5023
1807,6,hit,"[""85""]",bango-file,inititem.dat,5023
1808,1,aspeed,"[""800""]",bango-file,inititem.dat,5026
1808,2,Str,"[""1""]",bango-file,inititem.dat,5026
1808,3,Hth,"[""2""]",bango-file,inititem.dat,5026
1808,4,Dex,"[""9""]",bango-file,inititem.dat,5026
1808,5,Attack,"[""379"",""456""]",bango-file,inititem.dat,5026
1808,6,hp,"[""450""]",bango-file,inititem.dat,5026
1808,7,mp,"[""50""]",bango-file,inititem.dat,5026
1808,8,hit,"[""84""]",bango-file,inititem.dat,5026
1809,1,aspeed,"[""500""]",bango-file,inititem.dat,5029
1809,2,Str,"[""6""]",bango-file,inititem.dat,5029
1809,3,Hth,"[""4""]",bango-file,inititem.dat,5029
1809,4,Dex,"[""2""]",bango-file,inititem.dat,5029
1809,5,Attack,"[""550"",""658""]",bango-file,inititem.dat,5029
1809,6,hp,"[""550""]",bango-file,inititem.dat,5029
1809,7,hit,"[""86""]",bango-file,inititem.dat,5029
1810,1,aspeed,"[""1000""]",bango-file,inititem.dat,5032
1810,2,Hth,"[""1""]",bango-file,inititem.dat,5032
1810,3,Int,"[""8""]",bango-file,inititem.dat,5032
1810,4,Wis,"[""3""]",bango-file,inititem.dat,5032
1810,5,Attack,"[""232"",""242""]",bango-file,inititem.dat,5032
1810,6,Magic,"[""462"",""539""]",bango-file,inititem.dat,5032
1810,7,hp,"[""350""]",bango-file,inititem.dat,5032
1810,8,mp,"[""200""]",bango-file,inititem.dat,5032
1810,9,hit,"[""75""]",bango-file,inititem.dat,5032
1811,1,resistfire,"[""15""]",bango-file,inititem.dat,5037
1811,2,resistice,"[""15""]",bango-file,inititem.dat,5037
1811,3,resistlitning,"[""15""]",bango-file,inititem.dat,5037
1811,4,resistcurse,"[""15""]",bango-file,inititem.dat,5037
1811,5,resistpalsy,"[""15""]",bango-file,inititem.dat,5037
1812,1,resistfire,"[""12""]",bango-file,inititem.dat,5040
1812,2,resistice,"[""12""]",bango-file,inititem.dat,5040
1812,3,resistlitning,"[""5""]",bango-file,inititem.dat,5040
1812,4,resistcurse,"[""5""]",bango-file,inititem.dat,5040
1812,5,resistpalsy,"[""5""]",bango-file,inititem.dat,5040
1813,1,resistfire,"[""2""]",bango-file,inititem.dat,5043
1813,2,resistice,"[""2""]",bango-file,inititem.dat,5043
1813,3,resistlitning,"[""10""]",bango-file,inititem.dat,5043
1813,4,resistcurse,"[""10""]",bango-file,inititem.dat,5043
1813,5,resistpalsy,"[""10""]",bango-file,inititem.dat,5043
1816,1,Changeprefix,"[""ornament"",""34"",""136"",""82"",""137""]",bango-file,inititem.dat,5053
1817,1,Changeprefix,"[""ornament"",""34"",""138"",""82"",""139""]",bango-file,inititem.dat,5056
1818,1,Changeprefix,"[""ornament"",""34"",""140"",""82"",""141""]",bango-file,inititem.dat,5059
1819,1,Changeprefix,"[""ornament"",""34"",""142"",""82"",""143""]",bango-file,inititem.dat,5062
1820,1,Changeprefix,"[""ornament"",""34"",""144"",""82"",""145""]",bango-file,inititem.dat,5065
1823,1,aspeed,"[""1000""]",bango-file,inititem.dat,5068
1823,2,Hth,"[""9""]",bango-file,inititem.dat,5068
1823,3,Int,"[""33""]",bango-file,inititem.dat,5068
1823,4,Attack,"[""314"",""326""]",bango-file,inititem.dat,5068
1823,5,Magic,"[""621"",""702""]",bango-file,inititem.dat,5068
1823,6,mp,"[""1008""]",bango-file,inititem.dat,5068
1823,7,hit,"[""78""]",bango-file,inititem.dat,5068
1824,1,aspeed,"[""1000""]",bango-file,inititem.dat,5071
1824,2,Wis,"[""31""]",bango-file,inititem.dat,5071
1824,3,Dex,"[""13""]",bango-file,inititem.dat,5071
1824,4,Attack,"[""262"",""273""]",bango-file,inititem.dat,5071
1824,5,Magic,"[""518"",""598""]",bango-file,inititem.dat,5071
1824,6,mp,"[""1233""]",bango-file,inititem.dat,5071
1824,7,hit,"[""82""]",bango-file,inititem.dat,5071
1821,1,aspeed,"[""1000""]",bango-file,inititem.dat,5082
1821,2,Int,"[""15""]",bango-file,inititem.dat,5082
1821,3,Attack,"[""249"",""259""]",bango-file,inititem.dat,5082
1821,4,Magic,"[""465"",""535""]",bango-file,inititem.dat,5082
1821,5,mp,"[""600""]",bango-file,inititem.dat,5082
1821,6,hit,"[""75""]",bango-file,inititem.dat,5082
1822,1,aspeed,"[""1000""]",bango-file,inititem.dat,5085
1822,2,Wis,"[""19""]",bango-file,inititem.dat,5085
1822,3,Dex,"[""10""]",bango-file,inititem.dat,5085
1822,4,Attack,"[""207"",""217""]",bango-file,inititem.dat,5085
1822,5,Magic,"[""385"",""455""]",bango-file,inititem.dat,5085
1822,6,mp,"[""750""]",bango-file,inititem.dat,5085
1822,7,hit,"[""79""]",bango-file,inititem.dat,5085
1852,1,aspeed,"[""1000""]",bango-file,inititem.dat,5094
1852,2,Hth,"[""1""]",bango-file,inititem.dat,5094
1852,3,Int,"[""10""]",bango-file,inititem.dat,5094
1852,4,Wis,"[""3""]",bango-file,inititem.dat,5094
1852,5,Attack,"[""225"",""235""]",bango-file,inititem.dat,5094
1852,6,Magic,"[""435"",""505""]",bango-file,inititem.dat,5094
1852,7,hp,"[""450""]",bango-file,inititem.dat,5094
1852,8,mp,"[""300""]",bango-file,inititem.dat,5094
1852,9,hit,"[""77""]",bango-file,inititem.dat,5094
1853,1,aspeed,"[""1000""]",bango-file,inititem.dat,5097
1853,2,Int,"[""11""]",bango-file,inititem.dat,5097
1853,3,Wis,"[""5""]",bango-file,inititem.dat,5097
1853,4,Attack,"[""248"",""258""]",bango-file,inititem.dat,5097
1853,5,Magic,"[""503"",""573""]",bango-file,inititem.dat,5097
1853,6,hp,"[""550""]",bango-file,inititem.dat,5097
1853,7,mp,"[""350""]",bango-file,inititem.dat,5097
1853,8,hit,"[""80""]",bango-file,inititem.dat,5097
2055,1,refresh,"[""hp"",""500""]",bango-file,inititem.dat,5172
2057,1,buff,"[""18"",""30"",""116""]",bango-file,inititem.dat,5176
2058,1,buff,"[""18"",""30"",""127""]",bango-file,inititem.dat,5178
2059,1,buff,"[""19"",""30"",""66""]",bango-file,inititem.dat,5180
2060,1,buff,"[""19"",""30"",""73""]",bango-file,inititem.dat,5182
2061,1,quest,"[""20007"",""1""]",bango-file,inititem.dat,5184
2062,1,quest,"[""20008"",""1""]",bango-file,inititem.dat,5186
2063,1,quest,"[""20009"",""1""]",bango-file,inititem.dat,5188
2064,1,quest,"[""20010"",""1""]",bango-file,inititem.dat,5190
2065,1,quest,"[""20011"",""1""]",bango-file,inititem.dat,5192
2066,1,quest,"[""20012"",""1""]",bango-file,inititem.dat,5194
2067,1,quest,"[""20013"",""1""]",bango-file,inititem.dat,5196
2068,1,quest,"[""20014"",""1""]",bango-file,inititem.dat,5198
2069,1,quest,"[""20015"",""1""]",bango-file,inititem.dat,5200
2070,1,buff,"[""412"",""1800"",""1""]",bango-file,inititem.dat,5202
2071,1,buff,"[""413"",""1800"",""2""]",bango-file,inititem.dat,5204
2072,1,buff,"[""414"",""1800"",""3""]",bango-file,inititem.dat,5206
2073,1,refresh,"[""hp"",""600""]",bango-file,inititem.dat,5208
2074,1,refresh,"[""hp"",""700""]",bango-file,inititem.dat,5210
2076,1,buff,"[""415"",""3600"",""4""]",bango-file,inititem.dat,5214
2077,1,buff,"[""416"",""3600"",""5""]",bango-file,inititem.dat,5216
2078,1,buff,"[""417"",""3600"",""6""]",bango-file,inititem.dat,5218
2079,1,buff,"[""418"",""3600"",""7""]",bango-file,inititem.dat,5220
2090,1,haveItems,"[""[\""270\"",\""10\"",\""1\"",\""250\""]"",""[\""271\"",\""3\"",\""251\"",\""500\""]"",""[\""2070\"",\""3\"",\""501\"",\""750\""]"",""[\""690\"",\""3\"",\""751\"",\""1000\""]""]",bango-file,inititem.dat,5242
2091,1,haveItems,"[""[\""689\"",\""3\"",\""1\"",\""200\""]"",""[\""2071\"",\""3\"",\""201\"",\""400\""]"",""[\""2076\"",\""3\"",\""401\"",\""600\""]"",""[\""2077\"",\""2\"",\""601\"",\""800\""]"",""[\""2078\"",\""2\"",\""801\"",\""1000\""]""]",bango-file,inititem.dat,5244
2092,1,haveItems,"[""[\""2076\"",\""5\"",\""1\"",\""200\""]"",""[\""2079\"",\""3\"",\""201\"",\""400\""]"",""[\""2072\"",\""3\"",\""401\"",\""600\""]"",""[\""2077\"",\""3\"",\""601\"",\""800\""]"",""[\""2078\"",\""3\"",\""801\"",\""1000\""]""]",bango-file,inititem.dat,5246
2093,1,haveItems,"[""[\""2076\"",\""5\"",\""1\"",\""200\""]"",""[\""2079\"",\""3\"",\""201\"",\""400\""]"",""[\""2072\"",\""3\"",\""401\"",\""600\""]"",""[\""2077\"",\""3\"",\""601\"",\""800\""]"",""[\""2078\"",\""3\"",\""801\"",\""1000\""]""]",bango-file,inititem.dat,5248
2157,1,teleport,"[""0"",""0"",""7""]",bango-file,inititem.dat,5258
2158,1,teleport,"[""0"",""1"",""7""]",bango-file,inititem.dat,5260
2159,1,teleport,"[""0"",""0"",""8""]",bango-file,inititem.dat,5262
2160,1,teleport,"[""0"",""1"",""8""]",bango-file,inititem.dat,5264
1878,1,Str,"[""7""]",bango-file,inititem.dat,5268
1878,2,Hth,"[""4""]",bango-file,inititem.dat,5268
1878,3,Dex,"[""1""]",bango-file,inititem.dat,5268
1878,4,defense,"[""76""]",bango-file,inititem.dat,5268
1878,5,dodge,"[""35""]",bango-file,inititem.dat,5268
1878,6,absorb,"[""11""]",bango-file,inititem.dat,5268
1878,7,resistfire,"[""2""]",bango-file,inititem.dat,5268
1878,8,resistice,"[""2""]",bango-file,inititem.dat,5268
1878,9,resistpalsy,"[""2""]",bango-file,inititem.dat,5268
1879,1,Str,"[""2""]",bango-file,inititem.dat,5270
1879,2,Hth,"[""12""]",bango-file,inititem.dat,5270
1879,3,Dex,"[""1""]",bango-file,inititem.dat,5270
1879,4,hp,"[""250""]",bango-file,inititem.dat,5270
1879,5,mp,"[""50""]",bango-file,inititem.dat,5270
1879,6,defense,"[""85""]",bango-file,inititem.dat,5270
1879,7,dodge,"[""37""]",bango-file,inititem.dat,5270
1879,8,absorb,"[""12""]",bango-file,inititem.dat,5270
1879,9,resistfire,"[""3""]",bango-file,inititem.dat,5270
1879,10,resistice,"[""3""]",bango-file,inititem.dat,5270
1879,11,resistlitning,"[""3""]",bango-file,inititem.dat,5270
1879,12,resistcurse,"[""3""]",bango-file,inititem.dat,5270
1879,13,resistpalsy,"[""3""]",bango-file,inititem.dat,5270
1880,1,Str,"[""12""]",bango-file,inititem.dat,5272
1880,2,Hth,"[""3""]",bango-file,inititem.dat,5272
1880,3,Dex,"[""3""]",bango-file,inititem.dat,5272
1880,4,hp,"[""200""]",bango-file,inititem.dat,5272
1880,5,mp,"[""100""]",bango-file,inititem.dat,5272
1880,6,defense,"[""83""]",bango-file,inititem.dat,5272
1880,7,hit,"[""3""]",bango-file,inititem.dat,5272
1880,8,dodge,"[""34""]",bango-file,inititem.dat,5272
1880,9,absorb,"[""11""]",bango-file,inititem.dat,5272
1880,10,resistfire,"[""2""]",bango-file,inititem.dat,5272
1880,11,resistice,"[""2""]",bango-file,inititem.dat,5272
1880,12,resistlitning,"[""2""]",bango-file,inititem.dat,5272
1880,13,resistcurse,"[""2""]",bango-file,inititem.dat,5272
1880,14,resistpalsy,"[""2""]",bango-file,inititem.dat,5272
1881,1,Str,"[""2""]",bango-file,inititem.dat,5274
1881,2,Hth,"[""2""]",bango-file,inititem.dat,5274
1881,3,Dex,"[""1""]",bango-file,inititem.dat,5274
1881,4,hp,"[""100""]",bango-file,inititem.dat,5274
1881,5,defense,"[""72""]",bango-file,inititem.dat,5274
1881,6,dodge,"[""16""]",bango-file,inititem.dat,5274
1881,7,absorb,"[""6""]",bango-file,inititem.dat,5274
1881,8,resistfire,"[""2""]",bango-file,inititem.dat,5274
1882,1,Str,"[""4""]",bango-file,inititem.dat,5276
1882,2,Dex,"[""1""]",bango-file,inititem.dat,5276
1882,3,defense,"[""71""]",bango-file,inititem.dat,5276
1882,4,hit,"[""3""]",bango-file,inititem.dat,5276
1882,5,dodge,"[""13""]",bango-file,inititem.dat,5276
1882,6,absorb,"[""5""]",bango-file,inititem.dat,5276
1882,7,resistpalsy,"[""2""]",bango-file,inititem.dat,5276
1883,1,Hth,"[""2""]",bango-file,inititem.dat,5278
1883,2,Dex,"[""3""]",bango-file,inititem.dat,5278
1883,3,hp,"[""100""]",bango-file,inititem.dat,5278
1883,4,defense,"[""56""]",bango-file,inititem.dat,5278
1883,5,dodge,"[""32""]",bango-file,inititem.dat,5278
1883,6,absorb,"[""6""]",bango-file,inititem.dat,5278
1883,7,resistice,"[""2""]",bango-file,inititem.dat,5278
1884,1,Str,"[""2""]",bango-file,inititem.dat,5280
1884,2,Hth,"[""2""]",bango-file,inititem.dat,5280
1884,3,Dex,"[""1""]",bango-file,inititem.dat,5280
1884,4,defense,"[""56""]",bango-file,inititem.dat,5280
1884,5,dodge,"[""41""]",bango-file,inititem.dat,5280
1884,6,absorb,"[""9""]",bango-file,inititem.dat,5280
1884,7,resistfire,"[""2""]",bango-file,inititem.dat,5280
1884,8,resistice,"[""2""]",bango-file,inititem.dat,5280
1884,9,resistpalsy,"[""2""]",bango-file,inititem.dat,5280
1885,1,Str,"[""2""]",bango-file,inititem.dat,5282
1885,2,Hth,"[""5""]",bango-file,inititem.dat,5282
1885,3,Dex,"[""1""]",bango-file,inititem.dat,5282
1885,4,hp,"[""150""]",bango-file,inititem.dat,5282
1885,5,defense,"[""77""]",bango-file,inititem.dat,5282
1885,6,dodge,"[""44""]",bango-file,inititem.dat,5282
1885,7,absorb,"[""10""]",bango-file,inititem.dat,5282
1885,8,resistfire,"[""1""]",bango-file,inititem.dat,5282
1885,9,resistice,"[""1""]",bango-file,inititem.dat,5282
1885,10,resistlitning,"[""1""]",bango-file,inititem.dat,5282
1885,11,resistcurse,"[""1""]",bango-file,inititem.dat,5282
1885,12,resistpalsy,"[""1""]",bango-file,inititem.dat,5282
1886,1,Str,"[""6""]",bango-file,inititem.dat,5284
1886,2,Dex,"[""2""]",bango-file,inititem.dat,5284
1886,3,hp,"[""120""]",bango-file,inititem.dat,5284
1886,4,mp,"[""30""]",bango-file,inititem.dat,5284
1886,5,defense,"[""75""]",bango-file,inititem.dat,5284
1886,6,hit,"[""2""]",bango-file,inititem.dat,5284
1886,7,dodge,"[""41""]",bango-file,inititem.dat,5284
1886,8,absorb,"[""10""]",bango-file,inititem.dat,5284
1886,9,resistfire,"[""1""]",bango-file,inititem.dat,5284
1886,10,resistice,"[""1""]",bango-file,inititem.dat,5284
1886,11,resistpalsy,"[""1""]",bango-file,inititem.dat,5284
1887,1,Str,"[""4""]",bango-file,inititem.dat,5287
1887,2,Hth,"[""3""]",bango-file,inititem.dat,5287
1887,3,Dex,"[""5""]",bango-file,inititem.dat,5287
1887,4,defense,"[""70""]",bango-file,inititem.dat,5287
1887,5,dodge,"[""35""]",bango-file,inititem.dat,5287
1887,6,absorb,"[""7""]",bango-file,inititem.dat,5287
1887,7,resistfire,"[""2""]",bango-file,inititem.dat,5287
1887,8,resistlitning,"[""2""]",bango-file,inititem.dat,5287
1887,9,resistcurse,"[""2""]",bango-file,inititem.dat,5287
1888,1,Str,"[""6""]",bango-file,inititem.dat,5289
1888,2,Hth,"[""2""]",bango-file,inititem.dat,5289
1888,3,Dex,"[""7""]",bango-file,inititem.dat,5289
1888,4,hp,"[""150""]",bango-file,inititem.dat,5289
1888,5,mp,"[""150""]",bango-file,inititem.dat,5289
1888,6,defense,"[""75""]",bango-file,inititem.dat,5289
1888,7,dodge,"[""43""]",bango-file,inititem.dat,5289
1888,8,absorb,"[""6""]",bango-file,inititem.dat,5289
1888,9,resistfire,"[""2""]",bango-file,inititem.dat,5289
1888,10,resistice,"[""2""]",bango-file,inititem.dat,5289
1888,11,resistlitning,"[""2""]",bango-file,inititem.dat,5289
1888,12,resistcurse,"[""2""]",bango-file,inititem.dat,5289
1888,13,resistpalsy,"[""2""]",bango-file,inititem.dat,5289
1889,1,Str,"[""4""]",bango-file,inititem.dat,5291
1889,2,Hth,"[""3""]",bango-file,inititem.dat,5291
1889,3,Dex,"[""8""]",bango-file,inititem.dat,5291
1889,4,hp,"[""150""]",bango-file,inititem.dat,5291
1889,5,mp,"[""150""]",bango-file,inititem.dat,5291
1889,6,defense,"[""75""]",bango-file,inititem.dat,5291
1889,7,hit,"[""1""]",bango-file,inititem.dat,5291
1889,8,dodge,"[""40""]",bango-file,inititem.dat,5291
1889,9,absorb,"[""8""]",bango-file,inititem.dat,5291
1889,10,resistfire,"[""2""]",bango-file,inititem.dat,5291
1889,11,resistice,"[""2""]",bango-file,inititem.dat,5291
1889,12,resistlitning,"[""2""]",bango-file,inititem.dat,5291
1889,13,resistcurse,"[""2""]",bango-file,inititem.dat,5291
1889,14,resistpalsy,"[""2""]",bango-file,inititem.dat,5291
1890,1,Str,"[""3""]",bango-file,inititem.dat,5293
1890,2,Hth,"[""2""]",bango-file,inititem.dat,5293
1890,3,hp,"[""50""]",bango-file,inititem.dat,5293
1890,4,mp,"[""50""]",bango-file,inititem.dat,5293
1890,5,defense,"[""46""]",bango-file,inititem.dat,5293
1890,6,dodge,"[""18""]",bango-file,inititem.dat,5293
1890,7,absorb,"[""5""]",bango-file,inititem.dat,5293
1890,8,resistfire,"[""2""]",bango-file,inititem.dat,5293
1891,1,Str,"[""4""]",bango-file,inititem.dat,5295
1891,2,Dex,"[""1""]",bango-file,inititem.dat,5295
1891,3,defense,"[""43""]",bango-file,inititem.dat,5295
1891,4,hit,"[""3""]",bango-file,inititem.dat,5295
1891,5,dodge,"[""17""]",bango-file,inititem.dat,5295
1891,6,absorb,"[""5""]",bango-file,inititem.dat,5295
1891,7,resistlitning,"[""2""]",bango-file,inititem.dat,5295
1892,1,Str,"[""2""]",bango-file,inititem.dat,5297
1892,2,Hth,"[""1""]",bango-file,inititem.dat,5297
1892,3,Dex,"[""2""]",bango-file,inititem.dat,5297
1892,4,hp,"[""50""]",bango-file,inititem.dat,5297
1892,5,mp,"[""50""]",bango-file,inititem.dat,5297
1892,6,defense,"[""40""]",bango-file,inititem.dat,5297
1892,7,dodge,"[""47""]",bango-file,inititem.dat,5297
1892,8,absorb,"[""4""]",bango-file,inititem.dat,5297
1892,9,resistcurse,"[""2""]",bango-file,inititem.dat,5297
1893,1,Str,"[""2""]",bango-file,inititem.dat,5299
1893,2,Hth,"[""2""]",bango-file,inititem.dat,5299
1893,3,Dex,"[""1""]",bango-file,inititem.dat,5299
1893,4,defense,"[""33""]",bango-file,inititem.dat,5299
1893,5,dodge,"[""57""]",bango-file,inititem.dat,5299
1893,6,absorb,"[""7""]",bango-file,inititem.dat,5299
1893,7,resistfire,"[""2""]",bango-file,inititem.dat,5299
1893,8,resistlitning,"[""2""]",bango-file,inititem.dat,5299
1893,9,resistcurse,"[""2""]",bango-file,inititem.dat,5299
1894,1,Str,"[""3""]",bango-file,inititem.dat,5301
1894,2,Hth,"[""1""]",bango-file,inititem.dat,5301
1894,3,Dex,"[""4""]",bango-file,inititem.dat,5301
1894,4,hp,"[""100""]",bango-file,inititem.dat,5301
1894,5,mp,"[""50""]",bango-file,inititem.dat,5301
1894,6,defense,"[""35""]",bango-file,inititem.dat,5301
1894,7,dodge,"[""63""]",bango-file,inititem.dat,5301
1894,8,absorb,"[""4""]",bango-file,inititem.dat,5301
1894,9,resistfire,"[""1""]",bango-file,inititem.dat,5301
1894,10,resistice,"[""1""]",bango-file,inititem.dat,5301
1894,11,resistlitning,"[""1""]",bango-file,inititem.dat,5301
1894,12,resistcurse,"[""1""]",bango-file,inititem.dat,5301
1894,13,resistpalsy,"[""1""]",bango-file,inititem.dat,5301
1895,1,Str,"[""1""]",bango-file,inititem.dat,5303
1895,2,Hth,"[""2""]",bango-file,inititem.dat,5303
1895,3,Dex,"[""5""]",bango-file,inititem.dat,5303
1895,4,hp,"[""100""]",bango-file,inititem.dat,5303
1895,5,mp,"[""50""]",bango-file,inititem.dat,5303
1895,6,defense,"[""35""]",bango-file,inititem.dat,5303
1895,7,hit,"[""2""]",bango-file,inititem.dat,5303
1895,8,dodge,"[""60""]",bango-file,inititem.dat,5303
1895,9,absorb,"[""7""]",bango-file,inititem.dat,5303
1895,10,resistfire,"[""1""]",bango-file,inititem.dat,5303
1895,11,resistlitning,"[""1""]",bango-file,inititem.dat,5303
1895,12,resistcurse,"[""1""]",bango-file,inititem.dat,5303
1896,1,Hth,"[""4""]",bango-file,inititem.dat,5306
1896,2,Int,"[""8""]",bango-file,inititem.dat,5306
1896,3,defense,"[""49""]",bango-file,inititem.dat,5306
1896,4,dodge,"[""39""]",bango-file,inititem.dat,5306
1896,5,absorb,"[""3""]",bango-file,inititem.dat,5306
1896,6,resistfire,"[""10""]",bango-file,inititem.dat,5306
1896,7,resistice,"[""10""]",bango-file,inititem.dat,5306
1896,8,resistlitning,"[""10""]",bango-file,inititem.dat,5306
1896,9,resistcurse,"[""7""]",bango-file,inititem.dat,5306
1896,10,resistpalsy,"[""7""]",bango-file,inititem.dat,5306
1897,1,Hth,"[""1""]",bango-file,inititem.dat,5308
1897,2,Int,"[""18""]",bango-file,inititem.dat,5308
1897,3,Wis,"[""2""]",bango-file,inititem.dat,5308
1897,4,hp,"[""100""]",bango-file,inititem.dat,5308
1897,5,mp,"[""250""]",bango-file,inititem.dat,5308
1897,6,defense,"[""52""]",bango-file,inititem.dat,5308
1897,7,dodge,"[""43""]",bango-file,inititem.dat,5308
1897,8,absorb,"[""3""]",bango-file,inititem.dat,5308
1897,9,resistfire,"[""10""]",bango-file,inititem.dat,5308
1897,10,resistice,"[""10""]",bango-file,inititem.dat,5308
1897,11,resistlitning,"[""10""]",bango-file,inititem.dat,5308
1897,12,resistcurse,"[""7""]",bango-file,inititem.dat,5308
1897,13,resistpalsy,"[""7""]",bango-file,inititem.dat,5308
1898,1,Hth,"[""9""]",bango-file,inititem.dat,5310
1898,2,Int,"[""1""]",bango-file,inititem.dat,5310
1898,3,Wis,"[""11""]",bango-file,inititem.dat,5310
1898,4,hp,"[""150""]",bango-file,inititem.dat,5310
1898,5,mp,"[""200""]",bango-file,inititem.dat,5310
1898,6,defense,"[""52""]",bango-file,inititem.dat,5310
1898,7,dodge,"[""40""]",bango-file,inititem.dat,5310
1898,8,absorb,"[""5""]",bango-file,inititem.dat,5310
1898,9,resistfire,"[""12""]",bango-file,inititem.dat,5310
1898,10,resistice,"[""12""]",bango-file,inititem.dat,5310
1898,11,resistlitning,"[""12""]",bango-file,inititem.dat,5310
1898,12,resistcurse,"[""9""]",bango-file,inititem.dat,5310
1898,13,resistpalsy,"[""9""]",bango-file,inititem.dat,5310
1899,1,Hth,"[""2""]",bango-file,inititem.dat,5312
1899,2,Int,"[""3""]",bango-file,inititem.dat,5312
1899,3,hp,"[""30""]",bango-file,inititem.dat,5312
1899,4,mp,"[""70""]",bango-file,inititem.dat,5312
1899,5,defense,"[""38""]",bango-file,inititem.dat,5312
1899,6,dodge,"[""19""]",bango-file,inititem.dat,5312
1899,7,absorb,"[""2""]",bango-file,inititem.dat,5312
1899,8,resistfire,"[""9""]",bango-file,inititem.dat,5312
1899,9,resistice,"[""9""]",bango-file,inititem.dat,5312
1899,10,resistlitning,"[""9""]",bango-file,inititem.dat,5312
1899,11,resistcurse,"[""6""]",bango-file,inititem.dat,5312
1899,12,resistpalsy,"[""6""]",bango-file,inititem.dat,5312
1900,1,Int,"[""2""]",bango-file,inititem.dat,5314
1900,2,Wis,"[""3""]",bango-file,inititem.dat,5314
1900,3,hp,"[""50""]",bango-file,inititem.dat,5314
1900,4,mp,"[""50""]",bango-file,inititem.dat,5314
1900,5,defense,"[""38""]",bango-file,inititem.dat,5314
1900,6,dodge,"[""19""]",bango-file,inititem.dat,5314
1900,7,absorb,"[""2""]",bango-file,inititem.dat,5314
1900,8,resistfire,"[""8""]",bango-file,inititem.dat,5314
1900,9,resistice,"[""8""]",bango-file,inititem.dat,5314
1900,10,resistlitning,"[""8""]",bango-file,inititem.dat,5314
1900,11,resistcurse,"[""6""]",bango-file,inititem.dat,5314
1900,12,resistpalsy,"[""6""]",bango-file,inititem.dat,5314
1901,1,Int,"[""2""]",bango-file,inititem.dat,5316
1901,2,Wis,"[""3""]",bango-file,inititem.dat,5316
1901,3,hp,"[""30""]",bango-file,inititem.dat,5316
1901,4,mp,"[""70""]",bango-file,inititem.dat,5316
1901,5,defense,"[""42""]",bango-file,inititem.dat,5316
1901,6,dodge,"[""33""]",bango-file,inititem.dat,5316
1901,7,absorb,"[""2""]",bango-file,inititem.dat,5316
1901,8,resistfire,"[""6""]",bango-file,inititem.dat,5316
1901,9,resistice,"[""6""]",bango-file,inititem.dat,5316
1901,10,resistlitning,"[""6""]",bango-file,inititem.dat,5316
1901,11,resistcurse,"[""7""]",bango-file,inititem.dat,5316
1901,12,resistpalsy,"[""7""]",bango-file,inititem.dat,5316
1902,1,Hth,"[""3""]",bango-file,inititem.dat,5318
1902,2,Int,"[""2""]",bango-file,inititem.dat,5318
1902,3,defense,"[""37""]",bango-file,inititem.dat,5318
1902,4,dodge,"[""45""]",bango-file,inititem.dat,5318
1902,5,absorb,"[""4""]",bango-file,inititem.dat,5318
1902,6,resistfire,"[""6""]",bango-file,inititem.dat,5318
1902,7,resistice,"[""6""]",bango-file,inititem.dat,5318
1902,8,resistlitning,"[""6""]",bango-file,inititem.dat,5318
1902,9,resistcurse,"[""6""]",bango-file,inititem.dat,5318
1902,10,resistpalsy,"[""6""]",bango-file,inititem.dat,5318
1903,1,Hth,"[""1""]",bango-file,inititem.dat,5320
1903,2,Int,"[""9""]",bango-file,inititem.dat,5320
1903,3,Wis,"[""3""]",bango-file,inititem.dat,5320
1903,4,hp,"[""70""]",bango-file,inititem.dat,5320
1903,5,mp,"[""100""]",bango-file,inititem.dat,5320
1903,6,defense,"[""38""]",bango-file,inititem.dat,5320
1903,7,dodge,"[""45""]",bango-file,inititem.dat,5320
1903,8,absorb,"[""3""]",bango-file,inititem.dat,5320
1903,9,resistfire,"[""6""]",bango-file,inititem.dat,5320
1903,10,resistice,"[""6""]",bango-file,inititem.dat,5320
1903,11,resistlitning,"[""6""]",bango-file,inititem.dat,5320
1903,12,resistcurse,"[""6""]",bango-file,inititem.dat,5320
1903,13,resistpalsy,"[""6""]",bango-file,inititem.dat,5320
1904,1,Hth,"[""5""]",bango-file,inititem.dat,5322
1904,2,Int,"[""1""]",bango-file,inititem.dat,5322
1904,3,Wis,"[""7""]",bango-file,inititem.dat,5322
1904,4,hp,"[""70""]",bango-file,inititem.dat,5322
1904,5,mp,"[""100""]",bango-file,inititem.dat,5322
1904,6,defense,"[""38""]",bango-file,inititem.dat,5322
1904,7,dodge,"[""42""]",bango-file,inititem.dat,5322
1904,8,absorb,"[""5""]",bango-file,inititem.dat,5322
1904,9,resistfire,"[""7""]",bango-file,inititem.dat,5322
1904,10,resistice,"[""7""]",bango-file,inititem.dat,5322
1904,11,resistlitning,"[""7""]",bango-file,inititem.dat,5322
1904,12,resistcurse,"[""7""]",bango-file,inititem.dat,5322
1904,13,resistpalsy,"[""7""]",bango-file,inititem.dat,5322
1905,1,Str,"[""7""]",bango-file,inititem.dat,5325
1905,2,Hth,"[""3""]",bango-file,inititem.dat,5325
1905,3,Dex,"[""4""]",bango-file,inititem.dat,5325
1905,4,defense,"[""74""]",bango-file,inititem.dat,5325
1905,5,dodge,"[""13""]",bango-file,inititem.dat,5325
1905,6,absorb,"[""7""]",bango-file,inititem.dat,5325
1905,7,resistfire,"[""2""]",bango-file,inititem.dat,5325
1905,8,resistice,"[""2""]",bango-file,inititem.dat,5325
1905,9,resistlitning,"[""2""]",bango-file,inititem.dat,5325
1906,1,Str,"[""5""]",bango-file,inititem.dat,5327
1906,2,Hth,"[""5""]",bango-file,inititem.dat,5327
1906,3,Dex,"[""5""]",bango-file,inititem.dat,5327
1906,4,hp,"[""150""]",bango-file,inititem.dat,5327
1906,5,mp,"[""150""]",bango-file,inititem.dat,5327
1906,6,defense,"[""75""]",bango-file,inititem.dat,5327
1906,7,dodge,"[""20""]",bango-file,inititem.dat,5327
1906,8,absorb,"[""7""]",bango-file,inititem.dat,5327
1906,9,resistfire,"[""2""]",bango-file,inititem.dat,5327
1906,10,resistice,"[""2""]",bango-file,inititem.dat,5327
1906,11,resistlitning,"[""2""]",bango-file,inititem.dat,5327
1906,12,resistcurse,"[""1""]",bango-file,inititem.dat,5327
1906,13,resistpalsy,"[""1""]",bango-file,inititem.dat,5327
1907,1,Str,"[""5""]",bango-file,inititem.dat,5329
1907,2,Hth,"[""9""]",bango-file,inititem.dat,5329
1907,3,Dex,"[""1""]",bango-file,inititem.dat,5329
1907,4,hp,"[""150""]",bango-file,inititem.dat,5329
1907,5,mp,"[""150""]",bango-file,inititem.dat,5329
1907,6,defense,"[""74""]",bango-file,inititem.dat,5329
1907,7,dodge,"[""21""]",bango-file,inititem.dat,5329
1907,8,absorb,"[""9""]",bango-file,inititem.dat,5329
1907,9,resistfire,"[""2""]",bango-file,inititem.dat,5329
1907,10,resistice,"[""2""]",bango-file,inititem.dat,5329
1907,11,resistlitning,"[""2""]",bango-file,inititem.dat,5329
1907,12,resistcurse,"[""2""]",bango-file,inititem.dat,5329
1907,13,resistpalsy,"[""2""]",bango-file,inititem.dat,5329
1908,1,Str,"[""3""]",bango-file,inititem.dat,5331
1908,2,Hth,"[""13""]",bango-file,inititem.dat,5331
1908,3,Dex,"[""1""]",bango-file,inititem.dat,5331
1908,4,hp,"[""50""]",bango-file,inititem.dat,5331
1908,5,mp,"[""50""]",bango-file,inititem.dat,5331
1908,6,defense,"[""46""]",bango-file,inititem.dat,5331
1908,7,dodge,"[""11""]",bango-file,inititem.dat,5331
1908,8,absorb,"[""5""]",bango-file,inititem.dat,5331
1908,9,resistfire,"[""2""]",bango-file,inititem.dat,5331
1909,1,Str,"[""5""]",bango-file,inititem.dat,5333
1909,2,Hth,"[""2""]",bango-file,inititem.dat,5333
1909,3,defense,"[""40""]",bango-file,inititem.dat,5333
1909,4,hit,"[""8""]",bango-file,inititem.dat,5333
1909,5,dodge,"[""13""]",bango-file,inititem.dat,5333
1909,6,absorb,"[""5""]",bango-file,inititem.dat,5333
1909,7,resistice,"[""2""]",bango-file,inititem.dat,5333
1910,1,Str,"[""3""]",bango-file,inititem.dat,5335
1910,2,Dex,"[""4""]",bango-file,inititem.dat,5335
1910,3,hp,"[""50""]",bango-file,inititem.dat,5335
1910,4,mp,"[""50""]",bango-file,inititem.dat,5335
1910,5,defense,"[""43""]",bango-file,inititem.dat,5335
1910,6,dodge,"[""43""]",bango-file,inititem.dat,5335
1910,7,absorb,"[""4""]",bango-file,inititem.dat,5335
1910,8,resistlitning,"[""2""]",bango-file,inititem.dat,5335
1911,1,Str,"[""3""]",bango-file,inititem.dat,5337
1911,2,Hth,"[""4""]",bango-file,inititem.dat,5337
1911,3,defense,"[""32""]",bango-file,inititem.dat,5337
1911,4,dodge,"[""67""]",bango-file,inititem.dat,5337
1911,5,absorb,"[""5""]",bango-file,inititem.dat,5337
1911,6,resistfire,"[""2""]",bango-file,inititem.dat,5337
1911,7,resistice,"[""2""]",bango-file,inititem.dat,5337
1911,8,resistlitning,"[""2""]",bango-file,inititem.dat,5337
1912,1,Str,"[""3""]",bango-file,inititem.dat,5339
1912,2,Hth,"[""4""]",bango-file,inititem.dat,5339
1912,3,Dex,"[""1""]",bango-file,inititem.dat,5339
1912,4,hp,"[""100""]",bango-file,inititem.dat,5339
1912,5,mp,"[""50""]",bango-file,inititem.dat,5339
1912,6,defense,"[""35""]",bango-file,inititem.dat,5339
1912,7,hit,"[""9""]",bango-file,inititem.dat,5339
1912,8,dodge,"[""66""]",bango-file,inititem.dat,5339
1912,9,absorb,"[""5""]",bango-file,inititem.dat,5339
1912,10,resistfire,"[""1""]",bango-file,inititem.dat,5339
1912,11,resistice,"[""1""]",bango-file,inititem.dat,5339
1912,12,resistlitning,"[""1""]",bango-file,inititem.dat,5339
1913,1,Str,"[""3""]",bango-file,inititem.dat,5341
1913,2,Hth,"[""7""]",bango-file,inititem.dat,5341
1913,3,hp,"[""100""]",bango-file,inititem.dat,5341
1913,4,mp,"[""50""]",bango-file,inititem.dat,5341
1913,5,defense,"[""34""]",bango-file,inititem.dat,5341
1913,6,hit,"[""6""]",bango-file,inititem.dat,5341
1913,7,dodge,"[""67""]",bango-file,inititem.dat,5341
1913,8,absorb,"[""7""]",bango-file,inititem.dat,5341
1913,9,resistfire,"[""1""]",bango-file,inititem.dat,5341
1913,10,resistice,"[""1""]",bango-file,inititem.dat,5341
1913,11,resistlitning,"[""1""]",bango-file,inititem.dat,5341
1913,12,resistcurse,"[""1""]",bango-file,inititem.dat,5341
1913,13,resistpalsy,"[""1""]",bango-file,inititem.dat,5341
1914,1,aspeed,"[""700""]",bango-file,inititem.dat,5345
1914,2,Str,"[""9""]",bango-file,inititem.dat,5345
1914,3,Hth,"[""15""]",bango-file,inititem.dat,5345
1914,4,Dex,"[""7""]",bango-file,inititem.dat,5345
1914,5,Attack,"[""520"",""590""]",bango-file,inititem.dat,5345
1914,6,hp,"[""938""]",bango-file,inititem.dat,5345
1914,7,hit,"[""92""]",bango-file,inititem.dat,5345
1915,1,aspeed,"[""1400""]",bango-file,inititem.dat,5347
1915,2,Str,"[""17""]",bango-file,inititem.dat,5347
1915,3,Hth,"[""7""]",bango-file,inititem.dat,5347
1915,4,Dex,"[""4""]",bango-file,inititem.dat,5347
1915,5,Attack,"[""740"",""810""]",bango-file,inititem.dat,5347
1915,6,hp,"[""875""]",bango-file,inititem.dat,5347
1915,7,hit,"[""91""]",bango-file,inititem.dat,5347
1916,1,aspeed,"[""800""]",bango-file,inititem.dat,5349
1916,2,Str,"[""3""]",bango-file,inititem.dat,5349
1916,3,Hth,"[""7""]",bango-file,inititem.dat,5349
1916,4,Dex,"[""18""]",bango-file,inititem.dat,5349
1916,5,Attack,"[""515"",""585""]",bango-file,inititem.dat,5349
1916,6,hp,"[""688""]",bango-file,inititem.dat,5349
1916,7,mp,"[""188""]",bango-file,inititem.dat,5349
1916,8,hit,"[""90""]",bango-file,inititem.dat,5349
1917,1,aspeed,"[""1000""]",bango-file,inititem.dat,5351
1917,2,Hth,"[""5""]",bango-file,inititem.dat,5351
1917,3,Int,"[""14""]",bango-file,inititem.dat,5351
1917,4,Wis,"[""8""]",bango-file,inititem.dat,5351
1917,5,Dex,"[""2""]",bango-file,inititem.dat,5351
1917,6,Attack,"[""295"",""307""]",bango-file,inititem.dat,5351
1917,7,Magic,"[""656"",""738""]",bango-file,inititem.dat,5351
1917,8,hp,"[""633""]",bango-file,inititem.dat,5351
1917,9,mp,"[""438""]",bango-file,inititem.dat,5351
1917,10,hit,"[""81""]",bango-file,inititem.dat,5351
1918,1,aspeed,"[""1000""]",bango-file,inititem.dat,5353
1918,2,Hth,"[""10""]",bango-file,inititem.dat,5353
1918,3,Int,"[""33""]",bango-file,inititem.dat,5353
1918,4,Dex,"[""2""]",bango-file,inititem.dat,5353
1918,5,Attack,"[""330"",""342""]",bango-file,inititem.dat,5353
1918,6,Magic,"[""702"",""784""]",bango-file,inititem.dat,5353
1918,7,hp,"[""245""]",bango-file,inititem.dat,5353
1918,8,mp,"[""987""]",bango-file,inititem.dat,5353
1918,9,hit,"[""79""]",bango-file,inititem.dat,5353
1919,1,aspeed,"[""1000""]",bango-file,inititem.dat,5355
1919,2,Hth,"[""3""]",bango-file,inititem.dat,5355
1919,3,Wis,"[""30""]",bango-file,inititem.dat,5355
1919,4,Dex,"[""13""]",bango-file,inititem.dat,5355
1919,5,Attack,"[""272"",""284""]",bango-file,inititem.dat,5355
1919,6,Magic,"[""585"",""667""]",bango-file,inititem.dat,5355
1919,7,hp,"[""95""]",bango-file,inititem.dat,5355
1919,8,mp,"[""1188""]",bango-file,inititem.dat,5355
1919,9,hit,"[""83""]",bango-file,inititem.dat,5355
1920,1,aspeed,"[""500""]",bango-file,inititem.dat,5357
1920,2,Str,"[""11""]",bango-file,inititem.dat,5357
1920,3,Hth,"[""7""]",bango-file,inititem.dat,5357
1920,4,Dex,"[""9""]",bango-file,inititem.dat,5357
1920,5,Attack,"[""712"",""810""]",bango-file,inititem.dat,5357
1920,6,hp,"[""875""]",bango-file,inititem.dat,5357
1920,7,hit,"[""100""]",bango-file,inititem.dat,5357
1921,1,aspeed,"[""700""]",bango-file,inititem.dat,5360
1921,2,Str,"[""11""]",bango-file,inititem.dat,5360
1921,3,Hth,"[""20""]",bango-file,inititem.dat,5360
1921,4,Dex,"[""8""]",bango-file,inititem.dat,5360
1921,5,Attack,"[""549"",""636""]",bango-file,inititem.dat,5360
1921,6,hp,"[""1238""]",bango-file,inititem.dat,5360
1921,7,hit,"[""92""]",bango-file,inititem.dat,5360
1922,1,aspeed,"[""1400""]",bango-file,inititem.dat,5362
1922,2,Str,"[""21""]",bango-file,inititem.dat,5362
1922,3,Hth,"[""9""]",bango-file,inititem.dat,5362
1922,4,Dex,"[""5""]",bango-file,inititem.dat,5362
1922,5,Attack,"[""810"",""886""]",bango-file,inititem.dat,5362
1922,6,hp,"[""1155""]",bango-file,inititem.dat,5362
1922,7,hit,"[""91""]",bango-file,inititem.dat,5362
1923,1,aspeed,"[""800""]",bango-file,inititem.dat,5364
1923,2,Str,"[""5""]",bango-file,inititem.dat,5364
1923,3,Hth,"[""9""]",bango-file,inititem.dat,5364
1923,4,Dex,"[""22""]",bango-file,inititem.dat,5364
1923,5,Attack,"[""561"",""636""]",bango-file,inititem.dat,5364
1923,6,hp,"[""908""]",bango-file,inititem.dat,5364
1923,7,mp,"[""248""]",bango-file,inititem.dat,5364
1923,8,hit,"[""90""]",bango-file,inititem.dat,5364
1924,1,aspeed,"[""1000""]",bango-file,inititem.dat,5366
1924,2,Hth,"[""8""]",bango-file,inititem.dat,5366
1924,3,Int,"[""19""]",bango-file,inititem.dat,5366
1924,4,Wis,"[""10""]",bango-file,inititem.dat,5366
1924,5,Dex,"[""3""]",bango-file,inititem.dat,5366
1924,6,Attack,"[""344"",""348""]",bango-file,inititem.dat,5366
1924,7,Magic,"[""696"",""780""]",bango-file,inititem.dat,5366
1924,8,hp,"[""781""]",bango-file,inititem.dat,5366
1924,9,mp,"[""578""]",bango-file,inititem.dat,5366
1924,10,hit,"[""81""]",bango-file,inititem.dat,5366
1925,1,aspeed,"[""1000""]",bango-file,inititem.dat,5368
1925,2,Hth,"[""12""]",bango-file,inititem.dat,5368
1925,3,Int,"[""42""]",bango-file,inititem.dat,5368
1925,4,Dex,"[""3""]",bango-file,inititem.dat,5368
1925,5,Attack,"[""357"",""369""]",bango-file,inititem.dat,5368
1925,6,Magic,"[""738"",""822""]",bango-file,inititem.dat,5368
1925,7,hp,"[""512""]",bango-file,inititem.dat,5368
1925,8,mp,"[""1253""]",bango-file,inititem.dat,5368
1925,9,hit,"[""81""]",bango-file,inititem.dat,5368
1926,1,aspeed,"[""1000""]",bango-file,inititem.dat,5370
1926,2,Hth,"[""5""]",bango-file,inititem.dat,5370
1926,3,Wis,"[""38""]",bango-file,inititem.dat,5370
1926,4,Dex,"[""15""]",bango-file,inititem.dat,5370
1926,5,Attack,"[""297"",""309""]",bango-file,inititem.dat,5370
1926,6,Magic,"[""618"",""702""]",bango-file,inititem.dat,5370
1926,7,hp,"[""256""]",bango-file,inititem.dat,5370
1926,8,mp,"[""1568""]",bango-file,inititem.dat,5370
1926,9,hit,"[""85""]",bango-file,inititem.dat,5370
1927,1,aspeed,"[""500""]",bango-file,inititem.dat,5372
1927,2,Str,"[""14""]",bango-file,inititem.dat,5372
1927,3,Hth,"[""8""]",bango-file,inititem.dat,5372
1927,4,Dex,"[""12""]",bango-file,inititem.dat,5372
1927,5,Attack,"[""766"",""874""]",bango-file,inititem.dat,5372
1927,6,hp,"[""1073""]",bango-file,inititem.dat,5372
1927,7,hit,"[""92""]",bango-file,inititem.dat,5372
1928,1,defense,"[""56""]",bango-file,inititem.dat,5377
1928,2,dodge,"[""14""]",bango-file,inititem.dat,5377
1928,3,absorb,"[""4""]",bango-file,inititem.dat,5377
1973,1,MonsterSpawn,"[""[\""0\"",\""15\""]"",""[\""768\"",\""1\""]"",""[\""770\"",\""1\""]"",""[\""771\"",\""1\""]"",""[\""773\"",\""1\""]"",""[\""774\"",\""1\""]"",""[\""775\"",\""1\""]"",""[\""776\"",\""1\""]""]",bango-file,inititem.dat,5380
2171,1,refresh,"[""hp"",""800""]",bango-file,inititem.dat,5383
2172,1,refresh,"[""mp"",""300""]",bango-file,inititem.dat,5385
2173,1,buff,"[""430"",""1800"",""15""]",bango-file,inititem.dat,5387
2174,1,buff,"[""431"",""1800"",""16""]",bango-file,inititem.dat,5389
2175,1,buff,"[""432"",""1800"",""17""]",bango-file,inititem.dat,5391
2176,1,buff,"[""12"",""1800"",""60""]",bango-file,inititem.dat,5393
2246,1,Str,"[""3""]",bango-file,inititem.dat,5404
2246,2,Int,"[""3""]",bango-file,inititem.dat,5404
2246,3,Wis,"[""3""]",bango-file,inititem.dat,5404
2246,4,Hth,"[""3""]",bango-file,inititem.dat,5404
2246,5,Dex,"[""3""]",bango-file,inititem.dat,5404
2247,1,Str,"[""3""]",bango-file,inititem.dat,5406
2247,2,Int,"[""3""]",bango-file,inititem.dat,5406
2247,3,Wis,"[""3""]",bango-file,inititem.dat,5406
2247,4,Hth,"[""3""]",bango-file,inititem.dat,5406
2247,5,Dex,"[""3""]",bango-file,inititem.dat,5406
2248,1,Str,"[""5""]",bango-file,inititem.dat,5408
2248,2,Int,"[""5""]",bango-file,inititem.dat,5408
2248,3,Wis,"[""5""]",bango-file,inititem.dat,5408
2248,4,Hth,"[""5""]",bango-file,inititem.dat,5408
2248,5,Dex,"[""5""]",bango-file,inititem.dat,5408
2248,6,hp,"[""365""]",bango-file,inititem.dat,5408
2249,1,Str,"[""5""]",bango-file,inititem.dat,5410
2249,2,Int,"[""5""]",bango-file,inititem.dat,5410
2249,3,Wis,"[""5""]",bango-file,inititem.dat,5410
2249,4,Hth,"[""5""]",bango-file,inititem.dat,5410
2249,5,Dex,"[""5""]",bango-file,inititem.dat,5410
2249,6,hp,"[""365""]",bango-file,inititem.dat,5410
2250,1,Str,"[""5""]",bango-file,inititem.dat,5412
2250,2,Int,"[""5""]",bango-file,inititem.dat,5412
2250,3,Wis,"[""5""]",bango-file,inititem.dat,5412
2250,4,Hth,"[""5""]",bango-file,inititem.dat,5412
2250,5,Dex,"[""5""]",bango-file,inititem.dat,5412
2250,6,hp,"[""200""]",bango-file,inititem.dat,5412
2251,1,Str,"[""5""]",bango-file,inititem.dat,5414
2251,2,Int,"[""5""]",bango-file,inititem.dat,5414
2251,3,Wis,"[""5""]",bango-file,inititem.dat,5414
2251,4,Hth,"[""5""]",bango-file,inititem.dat,5414
2251,5,Dex,"[""5""]",bango-file,inititem.dat,5414
2251,6,hp,"[""200""]",bango-file,inititem.dat,5414
2252,1,Str,"[""6""]",bango-file,inititem.dat,5416
2252,2,Int,"[""6""]",bango-file,inititem.dat,5416
2252,3,Wis,"[""6""]",bango-file,inititem.dat,5416
2252,4,Hth,"[""6""]",bango-file,inititem.dat,5416
2252,5,Dex,"[""6""]",bango-file,inititem.dat,5416
2252,6,hp,"[""350""]",bango-file,inititem.dat,5416
2253,1,Str,"[""6""]",bango-file,inititem.dat,5418
2253,2,Int,"[""6""]",bango-file,inititem.dat,5418
2253,3,Wis,"[""6""]",bango-file,inititem.dat,5418
2253,4,Hth,"[""6""]",bango-file,inititem.dat,5418
2253,5,Dex,"[""6""]",bango-file,inititem.dat,5418
2253,6,hp,"[""350""]",bango-file,inititem.dat,5418
2254,1,Str,"[""7""]",bango-file,inititem.dat,5420
2254,2,Int,"[""7""]",bango-file,inititem.dat,5420
2254,3,Wis,"[""7""]",bango-file,inititem.dat,5420
2254,4,Hth,"[""7""]",bango-file,inititem.dat,5420
2254,5,Dex,"[""7""]",bango-file,inititem.dat,5420
2254,6,hp,"[""550""]",bango-file,inititem.dat,5420
2255,1,Str,"[""7""]",bango-file,inititem.dat,5422
2255,2,Int,"[""7""]",bango-file,inititem.dat,5422
2255,3,Wis,"[""7""]",bango-file,inititem.dat,5422
2255,4,Hth,"[""7""]",bango-file,inititem.dat,5422
2255,5,Dex,"[""7""]",bango-file,inititem.dat,5422
2255,6,hp,"[""550""]",bango-file,inititem.dat,5422
2366,1,buff,"[""430"",""1800"",""15""]",bango-file,inititem.dat,5426
2367,1,buff,"[""431"",""1800"",""16""]",bango-file,inititem.dat,5428
2368,1,buff,"[""432"",""1800"",""17""]",bango-file,inititem.dat,5430
2369,1,buff,"[""107"",""1800"",""5""]",bango-file,inititem.dat,5432
2370,1,buff,"[""109"",""1800"",""5""]",bango-file,inititem.dat,5434
2371,1,buff,"[""106"",""1800"",""3""]",bango-file,inititem.dat,5436
2372,1,buff,"[""110"",""1800"",""3""]",bango-file,inititem.dat,5438
2373,1,buff,"[""108"",""1800"",""3""]",bango-file,inititem.dat,5440
2374,1,buff,"[""12"",""1800"",""60""]",bango-file,inititem.dat,5442
2375,1,buff,"[""12"",""1800"",""50""]",bango-file,inititem.dat,5444
2376,1,buff,"[""12"",""1800"",""45""]",bango-file,inititem.dat,5446
1986,1,buff,"[""254"",""1296000"",""0""]",bango-file,inititem.dat,5451
2448,1,hp,"[""2000""]",bango-file,inititem.dat,5454
2449,1,mp,"[""2000""]",bango-file,inititem.dat,5457
2450,1,hp,"[""1500""]",bango-file,inititem.dat,5460
2450,2,mp,"[""1200""]",bango-file,inititem.dat,5460
2461,1,hp,"[""1000""]",bango-file,inititem.dat,5463
2462,1,mp,"[""1000""]",bango-file,inititem.dat,5466
2463,1,hp,"[""750""]",bango-file,inititem.dat,5469
2463,2,mp,"[""600""]",bango-file,inititem.dat,5469
2601,1,buff,"[""104"",""600"",""0""]",bango-file,inititem.dat,5472
2602,1,buff,"[""104"",""600"",""0""]",bango-file,inititem.dat,5475
2603,1,buff,"[""104"",""600"",""0""]",bango-file,inititem.dat,5478
2604,1,refresh,[],bango-file,inititem.dat,5481
2605,1,refresh,[],bango-file,inititem.dat,5484
2606,1,refresh,[],bango-file,inititem.dat,5487
2609,1,refresh,[],bango-file,inititem.dat,5498
2610,1,refresh,[],bango-file,inititem.dat,5501
2611,1,buff,"[""255"",""1296000"",""0""]",bango-file,inititem.dat,5504
2612,1,refresh,[],bango-file,inititem.dat,5507
2613,1,buff,"[""104"",""600"",""0""]",bango-file,inititem.dat,5510
2614,1,aspeed,"[""700""]",bango-file,inititem.dat,5513
2614,2,Str,"[""5""]",bango-file,inititem.dat,5513
2614,3,Hth,"[""4""]",bango-file,inititem.dat,5513
2614,4,Dex,"[""1""]",bango-file,inititem.dat,5513
2614,5,Attack,"[""300"",""370""]",bango-file,inititem.dat,5513
2614,6,hp,"[""450""]",bango-file,inititem.dat,5513
2614,7,hit,"[""83""]",bango-file,inititem.dat,5513
2615,1,aspeed,"[""1400""]",bango-file,inititem.dat,5516
2615,2,Str,"[""7""]",bango-file,inititem.dat,5516
2615,3,Hth,"[""3""]",bango-file,inititem.dat,5516
2615,4,Attack,"[""560"",""620""]",bango-file,inititem.dat,5516
2615,5,hp,"[""400""]",bango-file,inititem.dat,5516
2615,6,hit,"[""82""]",bango-file,inititem.dat,5516
2616,1,aspeed,"[""800""]",bango-file,inititem.dat,5519
2616,2,Str,"[""1""]",bango-file,inititem.dat,5519
2616,3,Hth,"[""2""]",bango-file,inititem.dat,5519
2616,4,Dex,"[""7""]",bango-file,inititem.dat,5519
2616,5,Attack,"[""280"",""360""]",bango-file,inititem.dat,5519
2616,6,hp,"[""400""]",bango-file,inititem.dat,5519
2616,7,hit,"[""81""]",bango-file,inititem.dat,5519
2617,1,aspeed,"[""1000""]",bango-file,inititem.dat,5522
2617,2,Int,"[""7""]",bango-file,inititem.dat,5522
2617,3,Wis,"[""3""]",bango-file,inititem.dat,5522
2617,4,Attack,"[""189"",""199""]",bango-file,inititem.dat,5522
2617,5,Magic,"[""350"",""420""]",bango-file,inititem.dat,5522
2617,6,hp,"[""250""]",bango-file,inititem.dat,5522
2617,7,mp,"[""150""]",bango-file,inititem.dat,5522
2617,8,hit,"[""72""]",bango-file,inititem.dat,5522
2618,1,aspeed,"[""500""]",bango-file,inititem.dat,5525
2618,2,Str,"[""5""]",bango-file,inititem.dat,5525
2618,3,Hth,"[""4""]",bango-file,inititem.dat,5525
2618,4,Dex,"[""1""]",bango-file,inititem.dat,5525
2618,5,Attack,"[""420"",""518""]",bango-file,inititem.dat,5525
2618,6,hp,"[""450""]",bango-file,inititem.dat,5525
2618,7,hit,"[""91""]",bango-file,inititem.dat,5525
2619,1,aspeed,"[""700""]",bango-file,inititem.dat,5528
2619,2,Str,"[""5""]",bango-file,inititem.dat,5528
2619,3,Hth,"[""4""]",bango-file,inititem.dat,5528
2619,4,Dex,"[""1""]",bango-file,inititem.dat,5528
2619,5,Attack,"[""330"",""407""]",bango-file,inititem.dat,5528
2619,6,hp,"[""450""]",bango-file,inititem.dat,5528
2619,7,hit,"[""83""]",bango-file,inititem.dat,5528
2620,1,aspeed,"[""1400""]",bango-file,inititem.dat,5531
2620,2,Str,"[""7""]",bango-file,inititem.dat,5531
2620,3,Hth,"[""3""]",bango-file,inititem.dat,5531
2620,4,Attack,"[""615"",""686""]",bango-file,inititem.dat,5531
2620,5,hp,"[""400""]",bango-file,inititem.dat,5531
2620,6,hit,"[""82""]",bango-file,inititem.dat,5531
2621,1,aspeed,"[""800""]",bango-file,inititem.dat,5534
2621,2,Str,"[""1""]",bango-file,inititem.dat,5534
2621,3,Hth,"[""2""]",bango-file,inititem.dat,5534
2621,4,Dex,"[""7""]",bango-file,inititem.dat,5534
2621,5,Attack,"[""308"",""396""]",bango-file,inititem.dat,5534
2621,6,hp,"[""400""]",bango-file,inititem.dat,5534
2621,7,hit,"[""81""]",bango-file,inititem.dat,5534
2622,1,aspeed,"[""1000""]",bango-file,inititem.dat,5537
2622,2,Int,"[""7""]",bango-file,inititem.dat,5537
2622,3,Wis,"[""3""]",bango-file,inititem.dat,5537
2622,4,Attack,"[""207"",""218""]",bango-file,inititem.dat,5537
2622,5,Magic,"[""385"",""462""]",bango-file,inititem.dat,5537
2622,6,hp,"[""250""]",bango-file,inititem.dat,5537
2622,7,mp,"[""150""]",bango-file,inititem.dat,5537
2622,8,hit,"[""72""]",bango-file,inititem.dat,5537
2623,1,aspeed,"[""500""]",bango-file,inititem.dat,5540
2623,2,Str,"[""5""]",bango-file,inititem.dat,5540
2623,3,Hth,"[""4""]",bango-file,inititem.dat,5540
2623,4,Dex,"[""1""]",bango-file,inititem.dat,5540
2623,5,Attack,"[""462"",""570""]",bango-file,inititem.dat,5540
2623,6,hp,"[""450""]",bango-file,inititem.dat,5540
2623,7,hit,"[""83""]",bango-file,inititem.dat,5540
2624,1,Str,"[""3""]",bango-file,inititem.dat,5543
2624,2,Hth,"[""3""]",bango-file,inititem.dat,5543
2624,3,Dex,"[""3""]",bango-file,inititem.dat,5543
2624,4,defense,"[""58""]",bango-file,inititem.dat,5543
2624,5,hit,"[""6""]",bango-file,inititem.dat,5543
2624,6,dodge,"[""9""]",bango-file,inititem.dat,5543
2624,7,absorb,"[""5""]",bango-file,inititem.dat,5543
2625,1,Str,"[""1""]",bango-file,inititem.dat,5546
2625,2,Hth,"[""10""]",bango-file,inititem.dat,5546
2625,3,defense,"[""36""]",bango-file,inititem.dat,5546
2625,4,dodge,"[""9""]",bango-file,inititem.dat,5546
2625,5,absorb,"[""3""]",bango-file,inititem.dat,5546
2626,1,Str,"[""3""]",bango-file,inititem.dat,5549
2626,2,defense,"[""32""]",bango-file,inititem.dat,5549
2626,3,hit,"[""12""]",bango-file,inititem.dat,5549
2626,4,dodge,"[""10""]",bango-file,inititem.dat,5549
2626,5,absorb,"[""3""]",bango-file,inititem.dat,5549
2627,1,Hth,"[""1""]",bango-file,inititem.dat,5552
2627,2,Dex,"[""2""]",bango-file,inititem.dat,5552
2627,3,defense,"[""35""]",bango-file,inititem.dat,5552
2627,4,dodge,"[""34""]",bango-file,inititem.dat,5552
2627,5,absorb,"[""2""]",bango-file,inititem.dat,5552
2628,1,Str,"[""1""]",bango-file,inititem.dat,5555
2628,2,Hth,"[""2""]",bango-file,inititem.dat,5555
2628,3,defense,"[""24""]",bango-file,inititem.dat,5555
2628,4,hit,"[""6""]",bango-file,inititem.dat,5555
2628,5,dodge,"[""51""]",bango-file,inititem.dat,5555
2628,6,absorb,"[""3""]",bango-file,inititem.dat,5555
2629,1,refresh,[],bango-file,inititem.dat,5559
2630,1,refresh,[],bango-file,inititem.dat,5562
2631,1,buff,"[""252"",""1296000"",""0""]",bango-file,inititem.dat,5566
2633,1,buff,"[""251"",""3600"",""0""]",bango-file,inititem.dat,5569
2634,1,refresh,[],bango-file,inititem.dat,5574
2635,1,refresh,[],bango-file,inititem.dat,5578
2636,1,refresh,[],bango-file,inititem.dat,5581
2637,1,refresh,[],bango-file,inititem.dat,5584
2638,1,refresh,[],bango-file,inititem.dat,5588
2639,1,refresh,[],bango-file,inititem.dat,5591
2640,1,refresh,[],bango-file,inititem.dat,5594
2641,1,refresh,[],bango-file,inititem.dat,5597
2642,1,refresh,[],bango-file,inititem.dat,5601
2643,1,refresh,[],bango-file,inititem.dat,5605
2644,1,refresh,[],bango-file,inititem.dat,5609
2645,1,refresh,[],bango-file,inititem.dat,5612
2648,1,aspeed,"[""1400""]",bango-file,inititem.dat,5622
2648,2,Attack,"[""385"",""462""]",bango-file,inititem.dat,5622
2648,3,hit,"[""63""]",bango-file,inititem.dat,5622
2648,4,Str,"[""3""]",bango-file,inititem.dat,5622
2648,5,hp,"[""75""]",bango-file,inititem.dat,5622
