namespace,message_id,text,definition_ordinal,provenance,source_file,source_line
sys,0,You got %2!d! of damage from the %1,1,bango-file,message.dat,9
sys,1,Please choose your character.,1,bango-file,message.dat,10
sys,2,No more than 16 letters for the ID length.,1,bango-file,message.dat,11
sys,3,No more than 16 letters for the PW length.,1,bango-file,message.dat,12
sys,4,Unable to connect to the server.,1,bango-file,message.dat,13
sys,5,You need 2 points.,1,bango-file,message.dat,14
sys,6,Choose your job.,1,bango-file,message.dat,15
sys,7,No more than 16 letters for the name of your character.,1,bango-file,message.dat,16
sys,8,Problem occurred on creating your character. - NA_ERROR.,1,bango-file,message.dat,17
sys,9,Wrong job number. - NA_WRONGJOB.,1,bango-file,message.dat,18
sys,10,Exceed the maximum number of character that you can create.,1,bango-file,message.dat,19
sys,11,There's a same name in the game.,1,bango-file,message.dat,21
sys,12,All points should be shared to create a character.,1,bango-file,message.dat,22
sys,13,Problem occurred on logging in. - LA_ERROR.,1,bango-file,message.dat,23
sys,14,Wrong ID or doesn't exist.,1,bango-file,message.dat,24
sys,15,Wrong passwords.,1,bango-file,message.dat,25
sys,16,Please try to connect it again later.,1,bango-file,message.dat,27
sys,17,Your ID is blocked. Please contact C/S center in the official homepage. Thanks for enjoying Kal Online.,1,bango-file,message.dat,33
sys,18,The ID has been expired.,1,bango-file,message.dat,35
sys,19,Creating Socket Window failed,1,bango-file,message.dat,36
sys,20,There is a point left. Use all point.,1,bango-file,message.dat,37
sys,21,You can create up to 3 characters.,1,bango-file,message.dat,39
sys,22,Wrong name. Special letter and space can't be used.,1,bango-file,message.dat,40
sys,23,Knight,1,bango-file,message.dat,41
sys,24,Magician,1,bango-file,message.dat,42
sys,25,Archer,1,bango-file,message.dat,43
sys,26,%1 is increased by %2!d!.,1,bango-file,message.dat,44
sys,27,%1 is decreased by %2!d!.,1,bango-file,message.dat,45
sys,28,Fire Resistance,1,bango-file,message.dat,46
sys,29,Ice Resistance,1,bango-file,message.dat,47
sys,30,Lightning Resistance,1,bango-file,message.dat,48
sys,31,Non Elemental Resistance,1,bango-file,message.dat,50
sys,32,Curse Resistance,1,bango-file,message.dat,51
sys,33,Strength,1,bango-file,message.dat,52
sys,34,Health,1,bango-file,message.dat,53
sys,35,Intelligence,1,bango-file,message.dat,54
sys,36,Wisdom,1,bango-file,message.dat,55
sys,37,Agility,1,bango-file,message.dat,56
sys,38,On Target Point,1,bango-file,message.dat,57
sys,39,Evasion Point,1,bango-file,message.dat,58
sys,40,Defense,1,bango-file,message.dat,59
sys,41,Absorption Rate,1,bango-file,message.dat,61
sys,42,Min. Physical Attack,1,bango-file,message.dat,62
sys,43,Max. Physical Attack,1,bango-file,message.dat,63
sys,44,Min. Magical Attack,1,bango-file,message.dat,64
sys,45,Max. Magical Attack,1,bango-file,message.dat,65
sys,46,Wandering %1,1,bango-file,message.dat,66
sys,47,Health Point,1,bango-file,message.dat,67
sys,48,Magic Point,1,bango-file,message.dat,68
sys,49,Max. Health Point,1,bango-file,message.dat,69
sys,50,Max. Magic Point,1,bango-file,message.dat,70
sys,51,Point,1,bango-file,message.dat,72
sys,52,Skill Point,1,bango-file,message.dat,73
sys,53,Level,1,bango-file,message.dat,74
sys,54,Exp,1,bango-file,message.dat,75
sys,55,Money can't be checked in the storage.,1,bango-file,message.dat,78
sys,56,Green Poisoned needle: Health Decrease#nGradually your Health Decreases.,1,bango-file,message.dat,81
sys,57,Green Poisoned needle: Health Decrease,1,bango-file,message.dat,82
sys,58,Brown Poisoned needle: Movement Speed Decrease#nYour body feels like it weighs a Ton.,1,bango-file,message.dat,83
sys,59,Brown Poisoned needle: Movement Speed Decrease,1,bango-file,message.dat,84
sys,60,Defense Penetration#nYour armor is torn out.,1,bango-file,message.dat,85
sys,61,Defense Penetration,1,bango-file,message.dat,86
sys,62,Energy of the Dragon is getting into your body. #nYou are gethering 10% more Money and EXP.,1,bango-file,message.dat,87
sys,63,You can persevere the Energy of the Dragon. #nYou are gathering 10% more Money and EXP.,1,bango-file,message.dat,88
sys,64,You have successfully locked your item. ,1,bango-file,message.dat,91
sys,65,You typed wrong password. A Key is consumed. (%1!d! times left),1,bango-file,message.dat,92
sys,66,You completely unlocked your item. A Key is consumed.,1,bango-file,message.dat,93
sys,67,Error in use of item,1,bango-file,message.dat,94
sys,68,Item is locked.,1,bango-file,message.dat,95
sys,69,You are wearing locked item.,1,bango-file,message.dat,96
sys,70,You may not use your locked item when you are assassin mode.,1,bango-file,message.dat,97
sys,71,Your character in the main server must be 41 or above.,1,bango-file,message.dat,100
sys,72,Doggebi Mask,1,bango-file,message.dat,103
sys,73,47,1,bango-file,message.dat,106
sys,74,Version is not matched with the server. Can't connect to the server,1,bango-file,message.dat,108
sys,75,Grade,1,bango-file,message.dat,109
sys,76,Endurance,1,bango-file,message.dat,110
sys,77,Destroyed,1,bango-file,message.dat,111
sys,78,Evasion Point,1,bango-file,message.dat,112
sys,79,Defense,1,bango-file,message.dat,113
sys,80,Absorption Rate,1,bango-file,message.dat,114
sys,81,Fire Resistance,1,bango-file,message.dat,116
sys,82,Ice Resistance,1,bango-file,message.dat,117
sys,83,Lightning Resistance,1,bango-file,message.dat,118
sys,84,Curse Resistance,1,bango-file,message.dat,119
sys,85,Non Elemental Resistance,1,bango-file,message.dat,120
sys,86,Physical Attack,1,bango-file,message.dat,121
sys,87,Magical Attack,1,bango-file,message.dat,122
sys,88,Effective Range,1,bango-file,message.dat,123
sys,89,On Target Point,1,bango-file,message.dat,124
sys,90,Quality,1,bango-file,message.dat,125
sys,91,Texture Quality,1,bango-file,message.dat,127
sys,92,High,1,bango-file,message.dat,128
sys,93,Medium,1,bango-file,message.dat,129
sys,94,Low,1,bango-file,message.dat,130
sys,95,Enable,1,bango-file,message.dat,131
sys,96,Disable,1,bango-file,message.dat,132
sys,97,Plants,1,bango-file,message.dat,133
sys,98,Water Effect,1,bango-file,message.dat,134
sys,99,OK,1,bango-file,message.dat,135
sys,100,Cancel,1,bango-file,message.dat,136
sys,101,Close,1,bango-file,message.dat,138
sys,102,You gave %2!d! of damage to the %1.,1,bango-file,message.dat,140
sys,103,Shadow,1,bango-file,message.dat,141
sys,104,Do you want to destroy the %1?,1,bango-file,message.dat,142
sys,105,Do you want to delete the character?,1,bango-file,message.dat,143
sys,106,Resolution,1,bango-file,message.dat,144
sys,107,Connection lost with the server,1,bango-file,message.dat,145
sys,108,Connection has lost because the time synchronization was not matched between the server and the client.,1,bango-file,message.dat,146
sys,109,The feature is not supported yet,1,bango-file,message.dat,147
sys,110,Are you sure you want to quit the game?,1,bango-file,message.dat,148
sys,111,Geon(s),1,bango-file,message.dat,150
sys,112, ,1,bango-file,message.dat,151
sys,113,[Notice],1,bango-file,message.dat,152
sys,114,"After %1!d!minute(s), the server is closing",1,bango-file,message.dat,153
sys,115,Server closing process has been canceled,1,bango-file,message.dat,154
sys,116,"After %1!d!second(s), the server is closing",1,bango-file,message.dat,155
sys,117,Server has been Closed,1,bango-file,message.dat,156
sys,118,[Stone of Fire : Grade %1!d!]#nActive Percentage 30%%#nAdditional Fire Damage %2!d!~%3!d!,1,bango-file,message.dat,157
sys,119,[Stone of Ice : Grade %1!d!]#nActive Percentage 30%%#nAdditional Ice Damage %2!d!~%3!d!,1,bango-file,message.dat,158
sys,120,[Stone of Lightning : Grade %1!d!]#nActive Percentage 30%%#nAdditional Lightning Damage %2!d!~%3!d!,1,bango-file,message.dat,159
sys,121,[Stone of Health Absorption : Grade %1!d!]#nExecute after successful attack#n Recovers Health from %2!d!%% of damage,1,bango-file,message.dat,161
sys,122,[Stone of Energy Absorption : Grade %1!d!]#nExecute after successful attack#n Recovers Energy from %2!d!%% of damage,1,bango-file,message.dat,162
sys,123,[Stone of Blow : Grade %1!d!]#nActive Percentage 30%%#nNon Elemental Damage %2!d!~%3!d!,1,bango-file,message.dat,163
sys,124,Topography Quality,1,bango-file,message.dat,164
sys,125,Compass,1,bango-file,message.dat,165
sys,126,%1 skill couldn't be executed,1,bango-file,message.dat,166
sys,127,%1 is activated,1,bango-file,message.dat,167
sys,128,%1 is canceled,1,bango-file,message.dat,168
sys,129,%1 is short,1,bango-file,message.dat,169
sys,130,This program can't be executed alone. Please execute KalOnline.exe again,1,bango-file,message.dat,170
sys,131,MSG_SAMEPLAYERONGAME,1,bango-file,message.dat,172
sys,132,Your character is blocked. Please contact C/S center in the official homepage. Thanks for enjoying Kal Online.,1,bango-file,message.dat,176
sys,133,There's a problem on information of character,1,bango-file,message.dat,178
sys,134,Your ID is not available now. Please contact C/S center in the official homepage. Thanks for enjoying Kal Online.,1,bango-file,message.dat,179
sys,135,You are already wearing an item,1,bango-file,message.dat,180
sys,136,Equipped items can't be deleted,1,bango-file,message.dat,181
sys,137,The item can't be equipped,1,bango-file,message.dat,182
sys,138,This item can't be dropped,1,bango-file,message.dat,183
sys,139,Attacking missed the target,1,bango-file,message.dat,184
sys,140,Evaded the %1's attack,1,bango-file,message.dat,185
sys,141,You're dead. You'll revive after 10 minutes at the latest crow statue you saved.,1,bango-file,message.dat,188
sys,142,Please connect again after few seconds.,1,bango-file,message.dat,189
sys,143,The term of validity has been expired.,1,bango-file,message.dat,190
sys,144,You tried to log in with same account and game Closes automatically.,1,bango-file,message.dat,191
sys,145,You're expelled,1,bango-file,message.dat,192
sys,146,/coordinates,1,bango-file,message.dat,193
sys,147,Price when buying : ,1,bango-file,message.dat,194
sys,148,Deleting the %1.,1,bango-file,message.dat,195
sys,149,Buying the %1.,1,bango-file,message.dat,196
sys,150,Selling them %1.,1,bango-file,message.dat,197
sys,151,DirectX 9.0b or higher must be installed to play KalOnline.,1,bango-file,message.dat,199
sys,152,/time,1,bango-file,message.dat,200
sys,153,Brightness,1,bango-file,message.dat,201
sys,154,You've run it more than once.,1,bango-file,message.dat,202
sys,155,Character sight range,1,bango-file,message.dat,203
sys,156,Price when selling : ,1,bango-file,message.dat,204
sys,157,Not enough money.,1,bango-file,message.dat,205
sys,158,You got %1!d! Geon.,1,bango-file,message.dat,206
sys,159,%1!d! Geon is spent.,1,bango-file,message.dat,207
sys,160,%1 will be dropped.,1,bango-file,message.dat,208
sys,161,Items only can be dropped on the ground.,1,bango-file,message.dat,210
sys,162,Destroying item,1,bango-file,message.dat,211
sys,163,Packet transferring fails,1,bango-file,message.dat,212
sys,164,"During Logging in, an undefined error has occurred.",1,bango-file,message.dat,213
sys,165,You only can upload once on the trading list.,1,bango-file,message.dat,214
sys,166,/trade,1,bango-file,message.dat,215
sys,167,"%1 is wanting to trade, do you accept it?",1,bango-file,message.dat,216
sys,168,The one is on trade. You can't trade in.,1,bango-file,message.dat,217
sys,169,The one canceled the trade.,1,bango-file,message.dat,218
sys,170,"First, select the item please.",1,bango-file,message.dat,219
sys,171,Waiting for the result for trade.,1,bango-file,message.dat,221
sys,172,Cancel can't be made.,1,bango-file,message.dat,222
sys,173,Exceed the number of items that can be traded.,1,bango-file,message.dat,223
sys,174,Trading is ending normally.,1,bango-file,message.dat,224
sys,175,Trading is ending abnormally.,1,bango-file,message.dat,225
sys,176,The item can be traded is on the item list. Registering on trade list has been canceled.,1,bango-file,message.dat,226
sys,177,The other party's inventory space is full.,1,bango-file,message.dat,227
sys,178,Trade has canceled.,1,bango-file,message.dat,228
sys,179,"During trade, wrong reply has been received.",1,bango-file,message.dat,229
sys,180,Ask for trade to %1.,1,bango-file,message.dat,230
sys,181,Asking for trade has failed.,1,bango-file,message.dat,232
sys,182,The other party accept your offer for trade.,1,bango-file,message.dat,233
sys,183,No priority on the item.,1,bango-file,message.dat,234
sys,184,You can't connect to the server because of the limitation of the age.,1,bango-file,message.dat,235
sys,185,You got %2!d! critical damage from the %1,1,bango-file,message.dat,236
sys,186,You gave %2!d! critical damage to the %1.,1,bango-file,message.dat,238
sys,187,The other party refused the trade.,1,bango-file,message.dat,240
sys,188,Trade has started.,1,bango-file,message.dat,241
sys,189,Too far away for trade.,1,bango-file,message.dat,242
sys,190,disconnected or nonexistent player.,1,bango-file,message.dat,243
sys,191,Your ID is not allowed to connect.,1,bango-file,message.dat,245
sys,192,No item can be picked up near you.,1,bango-file,message.dat,246
sys,193,You got %1.,1,bango-file,message.dat,247
sys,194,You got %2!d! %1.,1,bango-file,message.dat,248
sys,195,You need %1!d! point(S).,1,bango-file,message.dat,249
sys,196,Exceed the number that you can choose.,1,bango-file,message.dat,250
sys,197,whisper,1,bango-file,message.dat,251
sys,198,Job Limitation : %1,1,bango-file,message.dat,252
sys,199,Level Limitation : %1!d!,1,bango-file,message.dat,253
sys,200,Government Position Limitation : %1,1,bango-file,message.dat,254
sys,201,Not enough Magic Point.,1,bango-file,message.dat,256
sys,202,[Current Grade %1!d!],1,bango-file,message.dat,257
sys,203,[Next Grade %1!d!],1,bango-file,message.dat,258
sys,204,<Executable Skill>,1,bango-file,message.dat,259
sys,205,<Maintaining Skill>,1,bango-file,message.dat,260
sys,206,<Applied Skill>,1,bango-file,message.dat,261
sys,207,%1 skill has canceled.,1,bango-file,message.dat,262
sys,208,Character Information (Hotkey:C),1,bango-file,message.dat,264
sys,209,Inventory (Hotkey:I),1,bango-file,message.dat,265
sys,210,Skill (Hotkey:S),1,bango-file,message.dat,266
sys,211,Party (Hotkey:P),1,bango-file,message.dat,268
sys,212,Map (Hotkey:M),1,bango-file,message.dat,269
sys,213,Option (Hotkey:ESC),1,bango-file,message.dat,270
sys,214,Rest,1,bango-file,message.dat,271
sys,215,#nSits down on the ground#nand recovers the health point and energy,1,bango-file,message.dat,272
sys,216,Trade,1,bango-file,message.dat,273
sys,217,#nRequests for trade to others,1,bango-file,message.dat,274
sys,218,Pick,1,bango-file,message.dat,275
sys,219,#nPicks up items on the ground#nHotkey: Spacebar,1,bango-file,message.dat,276
sys,220,Wandering Knight,1,bango-file,message.dat,277
sys,221,Apprentice Knight,1,bango-file,message.dat,279
sys,222,Commander,1,bango-file,message.dat,280
sys,223,Vagabond Swordman,1,bango-file,message.dat,281
sys,224,God of Sword,1,bango-file,message.dat,282
sys,225,General,1,bango-file,message.dat,283
sys,226,Scholar,1,bango-file,message.dat,284
sys,227,Literary Man,1,bango-file,message.dat,285
sys,228,Hermit,1,bango-file,message.dat,286
sys,229,Chairperson of Joong-Bang,1,bango-file,message.dat,287
sys,230,Ascetic,1,bango-file,message.dat,288
sys,231,Military Adviser,1,bango-file,message.dat,290
sys,232,Wandering Archer,1,bango-file,message.dat,291
sys,233,Apprentice Archer,1,bango-file,message.dat,292
sys,234,Imperial Commander,1,bango-file,message.dat,293
sys,235,Expert Archer,1,bango-file,message.dat,294
sys,236,God of Bow,1,bango-file,message.dat,295
sys,237,Imperial General,1,bango-file,message.dat,296
sys,238,Party request has been made by %1.,1,bango-file,message.dat,297
sys,239,%1 is already in an another party.,1,bango-file,message.dat,298
sys,240,You have no authority to express the party request.,1,bango-file,message.dat,299
sys,241,"The version of updater is changed, please restart the game",1,bango-file,message.dat,301
sys,242,%1 refused the party request.,1,bango-file,message.dat,303
sys,243,%1 has joined the party.,1,bango-file,message.dat,304
sys,244,No more party member is allowed.,1,bango-file,message.dat,305
sys,245,You have been expelled from the party.,1,bango-file,message.dat,306
sys,246,You became a leader of the party.,1,bango-file,message.dat,307
sys,247,The party has been dispersed.,1,bango-file,message.dat,308
sys,248,%1 has been expelled from the party.,1,bango-file,message.dat,309
sys,249,%1 has left from the party.,1,bango-file,message.dat,310
sys,250,You have left from the party.,1,bango-file,message.dat,311
sys,251,/party,1,bango-file,message.dat,313
sys,252, Party request has been made by %1. Do you accept it?,1,bango-file,message.dat,314
sys,253,%1 has refused the party request.,1,bango-file,message.dat,315
sys,254,/leaveparty,1,bango-file,message.dat,316
sys,255,The target is not selected or found.,1,bango-file,message.dat,317
sys,256,The party request has been made to %1.,1,bango-file,message.dat,318
sys,257,The targeted character is not connected or in range.,1,bango-file,message.dat,319
sys,258,/expelparty,1,bango-file,message.dat,320
sys,259,You have joined to the party.,1,bango-file,message.dat,321
sys,260,Normal,1,bango-file,message.dat,322
sys,261,Party,1,bango-file,message.dat,324
sys,262,Guild,1,bango-file,message.dat,325
sys,263,Option,1,bango-file,message.dat,326
sys,264,Task,1,bango-file,message.dat,327
sys,265,Mission (Hotkey:Q),1,bango-file,message.dat,328
sys,266,Government position has been changed from %1 to %2.,1,bango-file,message.dat,329
sys,267,Contribution,1,bango-file,message.dat,330
sys,268,Unable to connect to the server because of the busyness. Please use another server.,1,bango-file,message.dat,331
sys,269,You redeemed the %1 item.,1,bango-file,message.dat,332
sys,270,You redeemed %2!d! of %1 items.,1,bango-file,message.dat,333
sys,271,#n Party request has been made to the other character.,1,bango-file,message.dat,335
sys,272,Party request has been made to %1.,1,bango-file,message.dat,336
sys,273,You redeemed %1!d! Geon.,1,bango-file,message.dat,337
sys,274,/refusetrade ,1,bango-file,message.dat,338
sys,275,Trade status has been changed to refusal.,1,bango-file,message.dat,339
sys,276,/allowtrade,1,bango-file,message.dat,340
sys,277, Refusal status for trade has been canceled.,1,bango-file,message.dat,341
sys,278,/refuseparty,1,bango-file,message.dat,342
sys,279,Party status has been changed to refusal.,1,bango-file,message.dat,343
sys,280,/allowparty,1,bango-file,message.dat,344
sys,281,Refusal status for party has been canceled.,1,bango-file,message.dat,346
sys,282,This place is saved as the revival place.,1,bango-file,message.dat,347
sys,283,The last saved revival place is %1.,1,bango-file,message.dat,348
sys,284,Moving to %1.,1,bango-file,message.dat,349
sys,285,Above %1 %2!d! level,1,bango-file,message.dat,350
sys,286,[Training Completed %1!d!],1,bango-file,message.dat,351
sys,287,"Try enchanting. But when it fails, its endurance may be reduced or destroyed. Continue to try enchanting?",1,bango-file,message.dat,352
sys,288,Enchanting %1 has failed. The endurance has reduced by %2!d!.,1,bango-file,message.dat,353
sys,289,Additional damage of %1 by the series of magic.,1,bango-file,message.dat,354
sys,290,%1 has been destroyed.,1,bango-file,message.dat,355
sys,291,%1 has succeeded to enchant and the item's value has increased.,1,bango-file,message.dat,357
sys,292,This item cannot be enchanted.,1,bango-file,message.dat,358
sys,293,Enchanting cannot be tried to the item with 0 endurance.,1,bango-file,message.dat,359
sys,294,Enchanting only can be tried to the level 40 or above of the items.,1,bango-file,message.dat,360
sys,295,"When the item is repaired with the fixing tool, the endurance will be increased by 1. Do you want to repair it?",1,bango-file,message.dat,361
sys,296,"Succeed to repair. Fixing Tool decreased by 1, the endurance increased by %1!d!.",1,bango-file,message.dat,362
sys,297,This item doesn't need to be repaired.,1,bango-file,message.dat,363
sys,298,This item cannot be repaired.,1,bango-file,message.dat,364
sys,299,Enchanting %1 has failed and the its value has decreased.,1,bango-file,message.dat,365
sys,300,Current item's endurance is 3 or below. The item can be destroyed when the endurance gets reduced. Do you want to try?,1,bango-file,message.dat,366
sys,301,%1 got %2.,1,bango-file,message.dat,368
sys,302,Strengthened,1,bango-file,message.dat,369
sys,307,This item is already registered.,1,bango-file,message.dat,379
sys,308,Not enough money.,1,bango-file,message.dat,380
sys,309,Private Shop,1,bango-file,message.dat,381
sys,310,#nOpen shop for selling items.,1,bango-file,message.dat,382
sys,311,Please enter name for your shop,1,bango-file,message.dat,384
sys,312,Please register the item that you want to sell,1,bango-file,message.dat,385
sys,313,%1 is already sold.,1,bango-file,message.dat,386
sys,314, There're some change in quantity  or the price of %1. Please try again.,1,bango-file,message.dat,387
sys,315,There's no item to be sold or wrong quantity of item. Please try again.,1,bango-file,message.dat,388
sys,316,"It's already been registered for sale. If the price or quantity, please remove the item on the list.",1,bango-file,message.dat,389
sys,317,"Currently, the shop can't be open.",1,bango-file,message.dat,390
sys,318,The other party Close the shop so the trade has not been made.,1,bango-file,message.dat,391
sys,319,Requirement for the food is not satisfied.,1,bango-file,message.dat,392
sys,320,Set Quantity,1,bango-file,message.dat,393
sys,321,Set Price,1,bango-file,message.dat,395
sys,322,Baked Mackerel in Soy Sauce   	Price: 10,1,bango-file,message.dat,396
sys,323,Baked Mackerel with Spicy Sauce  Price: 10,1,bango-file,message.dat,397
sys,324,Hard-boiled Mackerel        		Price: 10,1,bango-file,message.dat,398
sys,325,Smoked Salmon			Price: 100,1,bango-file,message.dat,399
sys,326,Hard-boiled Salmon with Bean Paste   Price: 200,1,bango-file,message.dat,400
sys,327,Baked Eel				Price: 1000,1,bango-file,message.dat,401
sys,328,Eel Soup				Price: 1000,1,bango-file,message.dat,402
sys,329, Food ,1,bango-file,message.dat,403
sys,330,Please select the item first.,1,bango-file,message.dat,404
sys,331,No more item can be added.,1,bango-file,message.dat,406
sys,332,It's not supported ID(name).,1,bango-file,message.dat,407
sys,333,Please select the list,1,bango-file,message.dat,408
sys,334,Please select the quantity,1,bango-file,message.dat,409
sys,335,It can' be used on equipped item.,1,bango-file,message.dat,410
sys,336,The other party can't trade right now.,1,bango-file,message.dat,411
sys,337,The other party can't make a party right now.,1,bango-file,message.dat,412
sys,338,<Shop>,1,bango-file,message.dat,413
sys,339,[Master of Paper-Rock-Scissors] I've been lost so many times but I exercised a lot. Now it's whole different story! Let's Rock~!,1,bango-file,message.dat,414
sys,340,[Master of Paper-Rock-Scissors] Oh... Man~. I lost once. But no more winning. Let's go to the second round.,1,bango-file,message.dat,415
sys,341,[Master of Paper-Rock-Scissors] Hm... You're good. It's been a long time to lose a two times in a raw. But your luck ends here. Let's do it again!,1,bango-file,message.dat,417
sys,342,[Master of Paper-Rock-Scissors] What! I've lost it again? Aren't you cheating? Let's do it again. I'll watch you this time for no cheating!,1,bango-file,message.dat,418
sys,343,[Master of Paper-Rock-Scissors] Wow... You're awesome. But give me one last chance. I'm the master of Paper-Rock-Scissors. Let's play one last time.,1,bango-file,message.dat,419
sys,344,Congratulations. You won %1!d! time(s).,1,bango-file,message.dat,420
sys,345,Drew the game. Please decide again.,1,bango-file,message.dat,421
sys,346,You lost. Please play it again after 1 hour.,1,bango-file,message.dat,422
sys,347,[Master of Paper-Rock-Scissors] Uh hu hu hu... Great!!! You've won 5 in a row against me. Come back after 1 hour and let's play again!,1,bango-file,message.dat,423
sys,348,[Master of Paper-Rock-Scissors] Ha ha ha! I won~ Come back after 1 hour if you want to try again!,1,bango-file,message.dat,424
sys,349,[Master],1,bango-file,message.dat,425
sys,350,[Scissors],1,bango-file,message.dat,426
sys,351,[Rock],1,bango-file,message.dat,428
sys,352,[Paper],1,bango-file,message.dat,429
sys,353,Limited once in 1 hour. Decide carefully. Are you sure you want to try?,1,bango-file,message.dat,430
sys,354,You can't join in the [Paper-Rock-Scissors] event. 1 hour must be passed to get a chance to join in.,1,bango-file,message.dat,431
sys,355,[Master of Paper-Rock-Scissors] Oh! Draw... Let's do it again!,1,bango-file,message.dat,432
sys,356,  Won.,1,bango-file,message.dat,433
sys,357,  Draw.,1,bango-file,message.dat,434
sys,358,  Lost.,1,bango-file,message.dat,435
sys,359,Buy,1,bango-file,message.dat,436
sys,360,You must be level 5 or higher to join in the [Paper-Rock-Scissors] event.,1,bango-file,message.dat,437
sys,361,Item that is registered on the shop can't be equipped.,1,bango-file,message.dat,439
sys,362,You're currently unable to fight. Press [Start from Village] button for reviving from saved village.,1,bango-file,message.dat,440
sys,363,%1 spells  %2 on you. Do you accept?,1,bango-file,message.dat,441
sys,364,%2!d! %1 item(s) has been sold.,1,bango-file,message.dat,442
sys,365,%1 item has been sold.,1,bango-file,message.dat,443
sys,366,There's no free space on the item list.,1,bango-file,message.dat,444
sys,367,There's no free space on the storage.,1,bango-file,message.dat,445
sys,368,Price for each:,1,bango-file,message.dat,446
sys,369,End Shop,1,bango-file,message.dat,447
sys,370,the %1's attack is blocked.,1,bango-file,message.dat,448
sys,371,Defensive incantation 1,1,bango-file,message.dat,451
sys,372,Meditation,1,bango-file,message.dat,452
sys,373,Chance Capture,1,bango-file,message.dat,453
sys,374,Revival Sequela,1,bango-file,message.dat,454
sys,375,Enchanting item and the talisman are different.,1,bango-file,message.dat,455
sys,376,Limitation: %1 Level %2!d!,1,bango-file,message.dat,456
sys,377,Effective on: Armor,1,bango-file,message.dat,457
sys,378,Effective on: Weapon,1,bango-file,message.dat,458
sys,379,Effective on: Accessory,1,bango-file,message.dat,459
sys,380,Percentage of Success: %1!d! %%,1,bango-file,message.dat,460
sys,381,Evaded the %1's attack.,1,bango-file,message.dat,462
sys,382,Physical Attack,1,bango-file,message.dat,464
sys,383,Magical Attack,1,bango-file,message.dat,465
sys,384,Revive,1,bango-file,message.dat,466
sys,385,Start from village,1,bango-file,message.dat,467
sys,386,Start from village,1,bango-file,message.dat,468
sys,387,"After 10 sec from the last battle, you may log-out from the game.",1,bango-file,message.dat,469
sys,388,%1 skill is enable now.,1,bango-file,message.dat,470
sys,389,Try enchanting.[%1]is disappeared [%2 / %3] is created. But when it fails [%4] is remained and the duration is decreased or destroyed. Are you sure you want to try?,1,bango-file,message.dat,471
sys,390,%1 is changed due to success of enchanting.,1,bango-file,message.dat,472
sys,391,Active,1,bango-file,message.dat,474
sys,392,Passive,1,bango-file,message.dat,475
sys,393,Action,1,bango-file,message.dat,476
sys,394,Defensive incantation 2,1,bango-file,message.dat,477
sys,395,Defensive incantation 3,1,bango-file,message.dat,478
sys,396,Defensive incantation 4,1,bango-file,message.dat,479
sys,397,Defensive incantation 5,1,bango-file,message.dat,480
sys,398,Earth's power has been disappeared from your body.,1,bango-file,message.dat,481
sys,399,Typed name is not registered or valid.,1,bango-file,message.dat,492
sys,400,You can't recommend yourself.,1,bango-file,message.dat,493
sys,401,The character is not a new member.,1,bango-file,message.dat,495
sys,402,The selected character is recommended.,1,bango-file,message.dat,496
sys,403,Level %1!d! or higher can join in the event.,1,bango-file,message.dat,497
sys,404,You already recommended another character.,1,bango-file,message.dat,498
sys,405,The input name is not registered or valid.,1,bango-file,message.dat,499
sys,406,%1 skill must be used with weapon.,1,bango-file,message.dat,501
sys,407,%1's EXP has increased by %2!d!.,1,bango-file,message.dat,502
sys,408,%1's level has increased by %2!d!.,1,bango-file,message.dat,503
sys,409,Muscle solidity,1,bango-file,message.dat,504
sys,410,Increasing Concentration,1,bango-file,message.dat,505
sys,411,Speed Up,1,bango-file,message.dat,507
sys,412,Poison,1,bango-file,message.dat,508
sys,413,     Position,1,bango-file,message.dat,509
sys,414,     Name,1,bango-file,message.dat,510
sys,415, Level,1,bango-file,message.dat,511
sys,416,%1 poisoned you.,1,bango-file,message.dat,512
sys,417,Poison has removed from the body.,1,bango-file,message.dat,513
sys,418,Agree,1,bango-file,message.dat,514
sys,419,Objection,1,bango-file,message.dat,515
sys,420,Declaration of Guild Creation,1,bango-file,message.dat,516
sys,421,Declaration of Guild Creation Cancel,1,bango-file,message.dat,518
sys,422,"Guild Creation must be declared by leader of party of 6. All members should not be in any guild and total contribution must be over 60. Also there's 100,000 guild creation fee. Must be Agreed with all the above for creating a guild.",1,bango-file,message.dat,519
sys,423,"All 5 members' agreement is required. Now waiting for their agreement. If they agreed, you're selected as a guild leader and guild is made.",1,bango-file,message.dat,520
sys,424,Guild Creation has decided by the leader's declaration and the agreements of members. The leader declared for guild creation. Guild creation needs your agreement and when the guild is created the leader will be a leader of the guild and you will be the one of the members.,1,bango-file,message.dat,521
sys,425,"Guild Creation requires donation. Guild Creation collect 100,000 Geon for donation. Agree this for creating guild successfully.",1,bango-file,message.dat,522
sys,426,Name of the guild is %1. Guild name can't be changed. Please make one carefully. Do you want to use the guild name as %2?,1,bango-file,message.dat,523
sys,427,%1 is logged in.,1,bango-file,message.dat,524
sys,428,%1 is logged out.,1,bango-file,message.dat,525
sys,429,Level must be 30 or higher to declare guild creation.,1,bango-file,message.dat,526
sys,430,"Guild Creation requires donation as 100,000 Geon.",1,bango-file,message.dat,527
sys,431,"Only the leader can declare guild creation. Currently, you're no a leader of party.",1,bango-file,message.dat,529
sys,432,Guild declaration is possible with a party of minmum of 6 people.,1,bango-file,message.dat,530
sys,433,Guild declaration is impossible because one of the members is in a guild or in a process of guild declaration.,1,bango-file,message.dat,531
sys,434,%1 must declare after %2!d!/%3!d!/%4!d! %5!d!:%6!d! passed.,1,bango-file,message.dat,532
sys,435,Total contribution must be over 60. Contribution is short.,1,bango-file,message.dat,533
sys,436,%1 agreed with guild creation.,1,bango-file,message.dat,534
sys,437,%1 didn't agree with guild creation. All member must agree for guild creation.,1,bango-file,message.dat,535
sys,438,Guild creation is already canceled.,1,bango-file,message.dat,536
sys,439,You're already agree/cancel the guild creation.,1,bango-file,message.dat,537
sys,440,You don't have an authorization.,1,bango-file,message.dat,538
sys,441,This guild name can't used.,1,bango-file,message.dat,540
sys,442,It's already been used. Please decide again.,1,bango-file,message.dat,541
sys,443,Guild agreement has not finished.,1,bango-file,message.dat,542
sys,444,<%1>Guild has been declared.,1,bango-file,message.dat,543
sys,445,Selected player is not logged-in condition.,1,bango-file,message.dat,544
sys,446,Selected player is already in other guild or a process of agreement for guild declaration.,1,bango-file,message.dat,545
sys,447,%1 has joined into the guild.,1,bango-file,message.dat,546
sys,448,The leader of the guild can't be succeeded.,1,bango-file,message.dat,547
sys,449,%1 is seceded from the guild.,1,bango-file,message.dat,548
sys,450,Secession finished.,1,bango-file,message.dat,549
sys,451,Not a guild member.,1,bango-file,message.dat,551
sys,452,The leader can't be expelled.,1,bango-file,message.dat,552
sys,453,%1 has expelled.,1,bango-file,message.dat,553
sys,454,Expulsion is finished.,1,bango-file,message.dat,554
sys,455,The leader can't be appointed.,1,bango-file,message.dat,555
sys,456,Sub-leader can be appointed after %1!d!/%2!d!/%3!d! %4!d!:%5!d!.,1,bango-file,message.dat,556
sys,457,Appointed position is same.,1,bango-file,message.dat,557
sys,458,No space for the selected position.,1,bango-file,message.dat,558
sys,459,%1 has appointed as %2.,1,bango-file,message.dat,559
sys,460,Guild has be dissolved.,1,bango-file,message.dat,560
sys,461,Guild dissolution has completed.,1,bango-file,message.dat,562
sys,462,This position name can't be used.,1,bango-file,message.dat,563
sys,463,%1's position name has changed to %2.,1,bango-file,message.dat,564
sys,464,There's no more EXP left.,1,bango-file,message.dat,565
sys,465,%1!d! EXP is put.,1,bango-file,message.dat,566
sys,466,Position setting function is completed.,1,bango-file,message.dat,567
sys,467,Guild mark setting is completed.,1,bango-file,message.dat,568
sys,468,Value of connection condition is same.,1,bango-file,message.dat,569
sys,469,Connection condition setting is completed.,1,bango-file,message.dat,570
sys,470,Leader,1,bango-file,message.dat,571
sys,471,Sub-leader,1,bango-file,message.dat,573
sys,472,Head Chief,1,bango-file,message.dat,574
sys,473,Chief,1,bango-file,message.dat,575
sys,474,Official Member,1,bango-file,message.dat,576
sys,475,Temporary Member,1,bango-file,message.dat,577
sys,476,Connected,1,bango-file,message.dat,578
sys,477,Disconnected,1,bango-file,message.dat,579
sys,478,Guild,1,bango-file,message.dat,580
sys,479,Poison item is needed for using poison arrow.,1,bango-file,message.dat,581
sys,480,Combination skill is failed.,1,bango-file,message.dat,582
sys,481,"Donate own EXP to the guild is possible. Donated EXP is converted to the guild EXP and when certain amount of guild EXP are collected, the guild level will be increased. There're two types of donation as whole EXP donation and 10% EXP donation.",1,bango-file,message.dat,584
sys,482,"If whole EXP donation is selected, all EXP goes to the guild EXP and personal EXP will be disappeared. Keep proceeding?",1,bango-file,message.dat,585
sys,483,"If 10% EXP donation is selected, 10% of EXP goes to the guild EXP and 10% of personal EXP will be disappeared. Keep proceeding?",1,bango-file,message.dat,586
sys,484,"Using the stone of birth to reset your status. All basic status will change back to default value. As you use the stone of birth, your equipment will be taken off. Keep proceeding?",1,bango-file,message.dat,587
sys,485,"Resetting status is completed. Now, you can give point to where you want.",1,bango-file,message.dat,588
sys,486,The stone of birth is needed for resetting status.,1,bango-file,message.dat,589
sys,487,Temporary member can't be added any more.,1,bango-file,message.dat,590
sys,488,Guild members are full.,1,bango-file,message.dat,591
sys,489,Are you sure you want to secede from the guild?,1,bango-file,message.dat,592
sys,490,Accept,1,bango-file,message.dat,593
sys,491,Refuse,1,bango-file,message.dat,595
sys,492,[%1]guild ask you to join them. Do you accept the offer?,1,bango-file,message.dat,596
sys,493,[%1]guild ask you to be allied for %2!d!days. Allied guild is [%3] guild. Do you accept?,1,bango-file,message.dat,597
sys,494,Requested player is off-line.,1,bango-file,message.dat,598
sys,495,%1 refused your request for joining guild.,1,bango-file,message.dat,599
sys,496,You already joined in other guild or progressing of guild creation.,1,bango-file,message.dat,600
sys,497,You need to create a guild first for using.,1,bango-file,message.dat,601
sys,498,Setting guild name,1,bango-file,message.dat,602
sys,499,No more guild EXP can't be added.,1,bango-file,message.dat,603
sys,500,[Guild Notice],1,bango-file,message.dat,604
sys,501,#n see guild information.,1,bango-file,message.dat,606
sys,502,Protect,1,bango-file,message.dat,607
sys,503,%1 %2,1,bango-file,message.dat,608
sys,504,%1 used %3 skill on %2.,1,bango-file,message.dat,609
sys,505,Dissolution,1,bango-file,message.dat,610
sys,506,Are you sure you want to dissolve the guild?,1,bango-file,message.dat,611
sys,507,%1 is asked for joining guild.,1,bango-file,message.dat,612
sys,508,It can't be used for a position name,1,bango-file,message.dat,613
sys,509,%1 disconnected and guild can't be created.,1,bango-file,message.dat,614
sys,510,This skill only can be used on its party member.,1,bango-file,message.dat,615
sys,511,Using the stone of chance for resetting the selected skill point. Keep proceeding?,1,bango-file,message.dat,617
sys,512,You need the stone of chance for reseating the selected skill point.,1,bango-file,message.dat,618
sys,513,%1 skill is reset.,1,bango-file,message.dat,619
sys,514,%1 is asked for duel. Waiting for %2's response.,1,bango-file,message.dat,620
sys,515,%1 refuse the duel request.,1,bango-file,message.dat,621
sys,516,Refuse the duel request from %1.,1,bango-file,message.dat,622
sys,517,Duel with %1 is starting in %2!d! sec.,1,bango-file,message.dat,623
sys,518,Duel with %1 is started.,1,bango-file,message.dat,624
sys,519,Won in the duel with %1.,1,bango-file,message.dat,625
sys,520,Lost in the duel with %1.,1,bango-file,message.dat,626
sys,521,You can have a duel during being in a party.,1,bango-file,message.dat,628
sys,522,Duel time is up. Duel with %1 is drawn.,1,bango-file,message.dat,629
sys,523,Trade and party request are limited during the duel.,1,bango-file,message.dat,630
sys,524,Duel between %1 and %2 has started.,1,bango-file,message.dat,631
sys,525,%3 won form the duel between %1 and %2.,1,bango-file,message.dat,632
sys,526,Duel between %1 and %2 has finished with no winner.,1,bango-file,message.dat,633
sys,527,You're now in Assassin mode.,1,bango-file,message.dat,634
sys,528,Someone is using the mask around you.,1,bango-file,message.dat,635
sys,529,Assassin mode is now off.,1,bango-file,message.dat,636
sys,530,"You're killed by the Assassin, %1.",1,bango-file,message.dat,637
sys,531,You're killed in Assassin mode.,1,bango-file,message.dat,639
sys,532,Assassin mode cannot be off for 3 hours or 180 seconds from the last attack.,1,bango-file,message.dat,640
sys,533,"You killed the Assassin, %1 and you gained fame. Your contribution will be on the Assassin Board.",1,bango-file,message.dat,641
sys,534,Trading is now allowed to a player in Duel or Assassin mode.,1,bango-file,message.dat,642
sys,535,Economic activities can't be done in Assassin mode. Assassin mode must be off first.,1,bango-file,message.dat,643
sys,536,Private shop can't be open in Duel and/or Assassin mode. Assassin mode must be off first.,1,bango-file,message.dat,644
sys,537,Trading can't be done in Duel and/or Assassin mode. Assassin mode must be off first.,1,bango-file,message.dat,645
sys,538,Requesting to be a guild member is limited in Assassin mode.,1,bango-file,message.dat,646
sys,539,%1 ask you for a challenge. Do you accept?,1,bango-file,message.dat,647
sys,540,"You're killed by the Assassin, %1.",1,bango-file,message.dat,648
sys,541,Request of alliance can not be made for this time.,1,bango-file,message.dat,650
sys,542,Revive,1,bango-file,message.dat,651
sys,543,Lost from the duel. Press Revive button for revival except died from monsters during the duel.,1,bango-file,message.dat,652
sys,544,Special letters can't be used on guild notice.,1,bango-file,message.dat,653
sys,545,Faint,1,bango-file,message.dat,654
sys,546,You're in a faint condition.,1,bango-file,message.dat,655
sys,547,Faint condition is removed.,1,bango-file,message.dat,656
sys,548,ASSASSIN,1,bango-file,message.dat,657
sys,549,%2!d!-%3!d!-%1!d! (%4!d!' %5!d!''),1,bango-file,message.dat,658
sys,550,/Duel,1,bango-file,message.dat,659
sys,551,You're unable to have a duel.,1,bango-file,message.dat,661
sys,552,The other party is unable to have a duel.,1,bango-file,message.dat,662
sys,553,The other party is off-line or too far away for duel request.,1,bango-file,message.dat,663
sys,554,Moving speed get slow.,1,bango-file,message.dat,664
sys,555,Moving speed get back to normal.,1,bango-file,message.dat,665
sys,556,On icy condition.,1,bango-file,message.dat,666
sys,557,Icy condition is removed.,1,bango-file,message.dat,667
sys,558,Can't find the one.,1,bango-file,message.dat,668
sys,559,Duel,1,bango-file,message.dat,669
sys,560,Frost,1,bango-file,message.dat,670
sys,561,Slow,1,bango-file,message.dat,672
sys,562,Requesting a party is not allowed in Assassin mode,1,bango-file,message.dat,673
sys,563,Requesting a party is not allowed to the Assassin,1,bango-file,message.dat,674
sys,564,Loading character has failed,1,bango-file,message.dat,675
sys,565,Loading character has completed. Please log-in again.,1,bango-file,message.dat,676
sys,566,"Try enchanting. Currently, the safety is granted.",1,bango-file,message.dat,677
sys,567,Guild level is low.,1,bango-file,message.dat,679
sys,568,You must not in no alliance condition or you're the leader of the alliance for alliance request.,1,bango-file,message.dat,680
sys,569,Alliance request must be between 1 day ~ 15 days.,1,bango-file,message.dat,681
sys,570,Guild is not exist or the leader of the guild is off-line.,1,bango-file,message.dat,682
sys,571,You're already allied.,1,bango-file,message.dat,684
sys,572,%1guild request for alliance during [ %2!d!/%3!d!/%4!d! %5!d!:%6!d! ]. Do you accept?,1,bango-file,message.dat,685
sys,573,Ask %1 guild for alliance.,1,bango-file,message.dat,686
sys,574,Alliance can be made any more.,1,bango-file,message.dat,687
sys,575,%1guild made alliance with %2guild for[ %3!d!/%4!d!/%5!d! %6!d!:%7!d! ].,1,bango-file,message.dat,688
sys,576,%1guild refused for alliance.,1,bango-file,message.dat,689
sys,577,Allied term is ended.,1,bango-file,message.dat,690
sys,578,Selected server is on a maintenance or a wrong server.,1,bango-file,message.dat,691
sys,579,Wrong character name is inserted.,1,bango-file,message.dat,692
sys,580,Blocked character can't be loaded.,1,bango-file,message.dat,693
sys,581,Long-range Protection,1,bango-file,message.dat,694
sys,582,Enchanting has failed.,1,bango-file,message.dat,695
sys,583,This skill can't be used on an assassin.,1,bango-file,message.dat,696
sys,584,Magic can't be spelled during silence condition.,1,bango-file,message.dat,697
sys,585,Arrow of Silence only can be used on magician.,1,bango-file,message.dat,698
sys,586,Time usage has ended,1,bango-file,message.dat,699
sys,587,Silence,1,bango-file,message.dat,700
sys,588,"When castle siege is proclaimed, Allied term is automatically extended till [ %1!d!/%2!d!/%3!d! %4!d!:%5!d! ].",1,bango-file,message.dat,702
sys,589,It's not time for applying castle siege.,1,bango-file,message.dat,703
sys,590,Only the leader can proclaim castle siege.,1,bango-file,message.dat,704
sys,591,It's your castle.,1,bango-file,message.dat,705
sys,592,You're allied with the castle owner.,1,bango-file,message.dat,706
sys,593,You don't have enough cost of castle siege.,1,bango-file,message.dat,707
sys,594,Castle siege is already proclaimed.,1,bango-file,message.dat,708
sys,595,%1 guild proclaimed castle siege to %2.,1,bango-file,message.dat,709
sys,596,Castle siege of %1 is started.,1,bango-file,message.dat,710
sys,597,%1 won the castle siege.,1,bango-file,message.dat,711
sys,598,%1 lost the castle siege. You'll teleport to the nearest village.,1,bango-file,message.dat,712
sys,599,It's not proclaimed for castle siege.,1,bango-file,message.dat,713
sys,600,Geum-Oh Main Castle,1,bango-file,message.dat,714
sys,601,The flag is already on setting up.,1,bango-file,message.dat,715
sys,602,Set-up can be made after the flag is destroyed.,1,bango-file,message.dat,716
sys,603,The flag is starting to set up.,1,bango-file,message.dat,717
sys,604,You're not a castle owner.,1,bango-file,message.dat,718
sys,605,Control of tax rate is off the limit.,1,bango-file,message.dat,719
sys,606,Control of tax rate is completed.,1,bango-file,message.dat,720
sys,607,Application of castle siege can't be accepted any more.,1,bango-file,message.dat,721
sys,608,%1!d! second(s) left.,1,bango-file,message.dat,722
sys,609,Reserved payment information is started to use.,1,bango-file,message.dat,723
sys,610,Can't move.,1,bango-file,message.dat,724
sys,611,Limitation of Gate setting is completed.,1,bango-file,message.dat,725
sys,612,Expiration Date: %2-%3-%1 (Remaining Time:%4!d! Day(s)),1,bango-file,message.dat,726
sys,613,Effective time left [%1!d!hour(s) %2!d!Minute(s) %3!d!Second(s)].,1,bango-file,message.dat,727
sys,614,Payment is refunded.,1,bango-file,message.dat,728
sys,615,%1 guild's flag is settled.,1,bango-file,message.dat,729
sys,616,It's not time for castle siege.,1,bango-file,message.dat,730
sys,617,You're not a leader of ally.,1,bango-file,message.dat,731
sys,618,You're not related to the castle siege.,1,bango-file,message.dat,732
sys,619,Requesting to be a guild member is limited for the guilds are in castle siege terms and/or terms of preparing castle siege.,1,bango-file,message.dat,733
sys,620,Castle Siege,1,bango-file,message.dat,734
sys,621,Another guild is already setting up the flag. You can't do it right now.,1,bango-file,message.dat,735
sys,622,%2 guild won from the castle siege of %1.,1,bango-file,message.dat,737
sys,623,Fail to mage a castle siege of %1.,1,bango-file,message.dat,738
sys,624,Current level is %1!d! so %2!d! hour(s) of bless for %3Geon.,1,bango-file,message.dat,740
sys,625,Please select the hour,1,bango-file,message.dat,741
sys,626,Current level is%1!d! so %2!d! hour(s) of protection for %3Geon.,1,bango-file,message.dat,742
sys,627,For %1!d!hour(s) %2,1,bango-file,message.dat,743
sys,628,Bless,1,bango-file,message.dat,744
sys,629,Protection,1,bango-file,message.dat,745
sys,630,Level must be %1!d! or above for using.,1,bango-file,message.dat,746
sys,631,It's only for the members of the guild who own the castle.,1,bango-file,message.dat,748
sys,632,It's only for the members of the guild who own the castle and its allies.,1,bango-file,message.dat,749
sys,633,You've killed by %1.,1,bango-file,message.dat,751
sys,634,Ancient Animal,1,bango-file,message.dat,752
sys,635,%1guild set up the flag on %2.,1,bango-file,message.dat,754
sys,636,%2 guild's flag of %1 is destroyed.,1,bango-file,message.dat,755
sys,637,Flag of %1 is destroyed.,1,bango-file,message.dat,756
sys,638,%2 gate of %1 is destroyed.,1,bango-file,message.dat,757
sys,639,South Gate of Geum-Oh Castle,1,bango-file,message.dat,759
sys,640,East Gate of Geum-Oh Castle,1,bango-file,message.dat,760
sys,641,North Gate of Geum-Oh Castle,1,bango-file,message.dat,761
sys,642,1 Gate of Geum-Oh Castle,1,bango-file,message.dat,762
sys,643,2 Gate of Geum-Oh Castle,1,bango-file,message.dat,763
sys,644,Rage,1,bango-file,message.dat,764
sys,645,Remaining time for castle siege is %1!d! Minute(s).,1,bango-file,message.dat,766
sys,646,Remaining time for castle siege is %1!d! Second(s).,1,bango-file,message.dat,767
sys,647,You can't do it several time.,1,bango-file,message.dat,768
sys,648,It can only be used during transforming.,1,bango-file,message.dat,770
sys,649,It's other ancient animal's skill.,1,bango-file,message.dat,771
sys,650,Rage gauge is short.,1,bango-file,message.dat,772
sys,651,Ancient Tiger,1,bango-file,message.dat,773
sys,652,Ancient Bird,1,bango-file,message.dat,774
sys,653,Ancient Panther,1,bango-file,message.dat,775
sys,654,Alliance,1,bango-file,message.dat,776
sys,655,"Because of short rage gauge, %1 skill can't be used.",1,bango-file,message.dat,777
sys,656,Transforming has stopped due to attacking from enemy.,1,bango-file,message.dat,778
sys,657,This skill can't be used during transforming.,1,bango-file,message.dat,779
sys,658,Transformation,1,bango-file,message.dat,780
sys,659,#nTransformation by Ancient animals,1,bango-file,message.dat,781
sys,660,Current condition: %1!d!,1,bango-file,message.dat,782
sys,661,You already have a teacher or used to have a teacher. One account can have only one teacher.,1,bango-file,message.dat,784
sys,662,%1 wants you to be a teacher. Do you accept it?,1,bango-file,message.dat,785
sys,663,%1 is accepted as your student. Number of your students is %2!d!.,1,bango-file,message.dat,786
sys,664,No more student can be accepted.,1,bango-file,message.dat,787
sys,665,%1 accepted you as a student.,1,bango-file,message.dat,788
sys,666,"Because you reached at level 16 or 30, you and your teacher get 10,000/25,000 geons for Teacher and Student System. Paid geons will be in your storage when you re-log in to the game.",1,bango-file,message.dat,789
sys,667,"Because your student, %1 reached at level 16 or 30, you and your student gets 10,000/25,000 geons for Teacher and Student System. Paid geons will be in your storage when you re-log in to the game.",1,bango-file,message.dat,790
sys,668,%1 refused.,1,bango-file,message.dat,791
sys,669,Ancient animal's level is low so %1skill can't be used.,1,bango-file,message.dat,793
sys,670,Please set the price.(Minimum of 1),1,bango-file,message.dat,794
sys,671,Recovering Health,1,bango-file,message.dat,795
sys,672,Recovering Energy,1,bango-file,message.dat,796
sys,673,Only %1!d! level or lower can join the event.,1,bango-file,message.dat,798
sys,674,Ancient animal item must be equipped for using transformation.,1,bango-file,message.dat,800
sys,675,"Currently, this function is not supported.",1,bango-file,message.dat,801
sys,676,Limitation : level %1!d! or above,1,bango-file,message.dat,802
sys,677,%1 item is used.,1,bango-file,message.dat,803
sys,678,Transforming is impossible,1,bango-file,message.dat,804
sys,679,Young transformation possible,1,bango-file,message.dat,805
sys,680,Adult transformation possible,1,bango-file,message.dat,806
sys,681,Ancient animal transformation possible(Not supported),1,bango-file,message.dat,807
sys,682,Ancient animal transformation possible(Not supported),1,bango-file,message.dat,808
sys,683,Transforming can't be used on here.,1,bango-file,message.dat,809
sys,684,This skill can't be used,1,bango-file,message.dat,810
sys,685,%1 is not related with you as Teacher and Student.,1,bango-file,message.dat,812
sys,686,Relation can be cancelled only at level 16 or higher.,1,bango-file,message.dat,813
sys,687,Relation between the grand teacher can not be cancelled.,1,bango-file,message.dat,814
sys,688,/relation,1,bango-file,message.dat,815
sys,689,She/He already has a teacher.,1,bango-file,message.dat,816
sys,690,She/He refused your request.,1,bango-file,message.dat,817
sys,691,Teacher must be level 16 or higher.,1,bango-file,message.dat,818
sys,692,Are you sure you want to cancel the relationship with %1?,1,bango-file,message.dat,819
sys,693,You made relationship with %1.,1,bango-file,message.dat,820
sys,694,Please type your name.,1,bango-file,message.dat,821
sys,695,%1!d!Geon is needed for checking-out item from the storage.,1,bango-file,message.dat,823
sys,696,%1 item can't be used.,1,bango-file,message.dat,824
sys,697,Message,1,bango-file,message.dat,825
sys,698,This skill can't be used during transforming.,1,bango-file,message.dat,826
sys,699,Change of attacking speed,1,bango-file,message.dat,827
sys,700,Change of on-target point,1,bango-file,message.dat,828
sys,701,Additional damage,1,bango-file,message.dat,829
sys,702,Rage,1,bango-file,message.dat,830
sys,703,Phoenix,1,bango-file,message.dat,831
sys,704,Golden Bird,1,bango-file,message.dat,832
sys,705,Can't attack in this area.,1,bango-file,message.dat,833
sys,706,1 Speed-up medicine : 1 Melting sea-bream + 500 geons,1,bango-file,message.dat,834
sys,707,Making Medicine,1,bango-file,message.dat,835
sys,708,Material or money is short for making medicine.,1,bango-file,message.dat,836
sys,709,"Map(HotKey:,)",1,bango-file,message.dat,838
sys,710,Map(small),1,bango-file,message.dat,839
sys,711,Map(medium),1,bango-file,message.dat,840
sys,712,Teacher's Words,1,bango-file,message.dat,841
sys,713,Student Notice,1,bango-file,message.dat,842
sys,714,"%1 already has had a teacher before so Grade 8 armors won't be given and you won't get 20,000 geons even if you reaches at level 16. However, the tuition is applied as normal. Are you sure you want to make a relationship with %3 as teacher and student?",1,bango-file,message.dat,843
sys,715,T&S Relation,1,bango-file,message.dat,844
sys,716,#nLook Information of Teacher & Student relation.,1,bango-file,message.dat,845
sys,717,Can't open a shop because the NPC is too near.,1,bango-file,message.dat,846
sys,718,Student Information,1,bango-file,message.dat,847
sys,719,Alumni Information,1,bango-file,message.dat,848
sys,720,Alumni,1,bango-file,message.dat,849
sys,721,Student,1,bango-file,message.dat,850
sys,722,Chatting,1,bango-file,message.dat,851
sys,729,Change,1,bango-file,message.dat,853
sys,730,Tax has been changed and buying/selling can't be done. Check the changed tax rate and try again.,1,bango-file,message.dat,854
sys,732,%1 skill is used by obtaining the skill point.,1,bango-file,message.dat,858
sys,733,Deadly Blow Point,1,bango-file,message.dat,859
sys,734,Force of Defense,1,bango-file,message.dat,860
sys,735,Call of Defense,1,bango-file,message.dat,861
sys,736,The shield must be taken off for equipping two-handed sword.,1,bango-file,message.dat,862
sys,737,The two-handed sword must be taken off for equipping the shield.,1,bango-file,message.dat,863
sys,738,Too far away from the magician who casted Summons on you.,1,bango-file,message.dat,864
sys,739,Summons,1,bango-file,message.dat,865
sys,740,You've used macro indiscreetly. Macro system will be disable for 10 minutes.,1,bango-file,message.dat,866
sys,741,/assassin name,1,bango-file,message.dat,867
sys,742,Open,1,bango-file,message.dat,868
sys,743,Close,1,bango-file,message.dat,869
sys,744,Preparing a Focus Shot.,1,bango-file,message.dat,870
sys,745,The skill is already used in the party.,1,bango-file,message.dat,871
sys,746,Teacher,1,bango-file,message.dat,872
sys,747,[%1] %2 is logged in.,1,bango-file,message.dat,873
sys,748,Remaining Time: %1!d!Day(s) %2!d!Hour(s) %3!d!Minute(s),1,bango-file,message.dat,875
sys,749,Remaining Time: %1!d!Hour(s) %2!d!Minute(s),1,bango-file,message.dat,876
sys,750,Remaining Time: %1!d!Minute(s),1,bango-file,message.dat,877
sys,751,Remaining Time: %1!d!Second(s),1,bango-file,message.dat,878
sys,752,Pain,1,bango-file,message.dat,880
sys,753,Hypnotism,1,bango-file,message.dat,881
sys,754,You need more than %1!d! geons to check-in your item in the storage.,1,bango-file,message.dat,883
sys,755,Speed of fishery get twice much fast.,1,bango-file,message.dat,884
sys,756,Gathering of EXP from monsters is increased by 30%.,1,bango-file,message.dat,885
sys,757,Gathering of money from monsters is increased by 20%.#nBut it's not effective when you're in a party.#nIt only effects to the one who used.#n,1,bango-file,message.dat,886
sys,758,Same effect is already in use.,1,bango-file,message.dat,887
sys,761,"When the Polishing Stone is used, When it used on an item, item won't be destroyed for one time even if it failed to enchant with talisman. Do you want to use the item?",1,bango-file,message.dat,892
sys,762,Polishing Stone is already used on this item.,1,bango-file,message.dat,893
sys,763,Polishing Stone can't be used on this.,1,bango-file,message.dat,894
sys,764,Polishing Stone is used.,1,bango-file,message.dat,895
sys,765,You're trying to enchanting an item that is used by the Polishing Stone. Continue to enchant the item?,1,bango-file,message.dat,896
sys,766,"You're trying to enchanting an item that is used by the Polishing Stone.[%1] will be disappeared and changed to [%2 / %3]. But if it failed, [%4] will remain same.",1,bango-file,message.dat,897
sys,767,Percentage of destruction when it fails: %1!d! %%,1,bango-file,message.dat,898
sys,768,"If %1 is used, loss of EXP will be decreased by %2!d! %% and revive from the place where you died. This item can be used one time. ",1,bango-file,message.dat,899
sys,769,%1 can be used when you died.,1,bango-file,message.dat,900
sys,770,Enchanting of %1 got failed.,1,bango-file,message.dat,901
sys,771,The color of the girth,1,bango-file,message.dat,903
sys,772,The color of the ground,1,bango-file,message.dat,904
sys,773,The mark ,1,bango-file,message.dat,905
sys,774,Gathering EXP Event,1,bango-file,message.dat,906
sys,775,Save Screenshot,1,bango-file,message.dat,908
sys,776,The skill can't be used because the target is too near.,1,bango-file,message.dat,910
sys,777,Dash attack time is up.,1,bango-file,message.dat,911
sys,778,Set up the color of the girth for the flag.,1,bango-file,message.dat,912
sys,779,Set up the color of the ground for the flag.,1,bango-file,message.dat,913
sys,780,Set up the color of the mark for the flag.,1,bango-file,message.dat,914
sys,781,Next,1,bango-file,message.dat,915
sys,782,Back,1,bango-file,message.dat,916
sys,783,You can't save this place as a revivable place.,1,bango-file,message.dat,918
sys,784,KalOnline's Snow Event#n#n10% of Attacking Power is Increased#n Percentage of Item Drop is Increased[Talisman of Defense],1,bango-file,message.dat,920
sys,785,KalOnline's Snow Event#n#n10% of Attacking Power is Increased#n Percentage of Item Drop is Increased[Talisman of Wonder],1,bango-file,message.dat,921
sys,786,KalOnline's Snow Event#n#n10% of Attacking Power is Increased#n Percentage of Item Drop is Increased[Talisman of Strength],1,bango-file,message.dat,922
sys,787,%1's attack is block with the weapon.,1,bango-file,message.dat,924
sys,788,Call of Recovery,1,bango-file,message.dat,926
sys,789,Refining Weapon,1,bango-file,message.dat,927
sys,790,Defense Improvement,1,bango-file,message.dat,928
sys,791,Continuous Damage,1,bango-file,message.dat,929
sys,792,The shield must be equipped to use %1 skill.,1,bango-file,message.dat,930
sys,793,%1 skill is used.,1,bango-file,message.dat,931
sys,794,Enemy defend %1 skill.,1,bango-file,message.dat,932
sys,795,Making of guild mark is completed.,1,bango-file,message.dat,934
sys,796,Complete,1,bango-file,message.dat,935
sys,797,The flag is already in use by other guild.,1,bango-file,message.dat,937
sys,798,Speed of moving is increased,1,bango-file,message.dat,938
sys,799,Attack power is increased,1,bango-file,message.dat,939
sys,800,Magic attack power is increased,1,bango-file,message.dat,940
sys,801,Defense is increased,1,bango-file,message.dat,941
sys,802,Magic defense is increased,1,bango-file,message.dat,942
sys,803,Recovering 100 HP per every second,1,bango-file,message.dat,943
sys,804,You need to make a guild mark first.,1,bango-file,message.dat,944
sys,805,Fail to make a guild mark,1,bango-file,message.dat,945
sys,806,"Requirements for making guild mark[Guild level 3 or higher, guild leader, guild mark must not be registered, and Zamogeon 500,000 Geons]",1,bango-file,message.dat,946
sys,807,This item can't be trade with other player.,1,bango-file,message.dat,947
sys,808,Flag bearer can't use the transformation skill.,1,bango-file,message.dat,948
sys,809,Flag can't be unequipped for 10 seconds from you equip it.,1,bango-file,message.dat,949
sys,810,Macro is set,1,bango-file,message.dat,950
sys,811,"     You're unable to fight now.      In castle siege mode, after %1!d! seconds, you can revive from the saved place by pressing [Restart from the Village].",1,bango-file,message.dat,951
sys,812,You can get  %2!d Stone of Revision by destroying %1!.,1,bango-file,message.dat,953
sys,813,Current Successful Percentage : %1!d! %%,1,bango-file,message.dat,954
sys,814,Next Successful Percentage : %1!d! %%,1,bango-file,message.dat,955
sys,815,Required Stone of Revision : %1!d!,1,bango-file,message.dat,956
sys,816,Percentage of Failure : %1 %%,1,bango-file,message.dat,957
sys,817,Percentage of Downgrade in Case of Failure : %1 %%,1,bango-file,message.dat,958
sys,818,Percentage of Destruction in Case of Failure : %1 %%,1,bango-file,message.dat,959
sys,819,Create Stone of Revision,1,bango-file,message.dat,960
sys,820,Apply,1,bango-file,message.dat,961
sys,821,Apply,1,bango-file,message.dat,962
sys,822,Destroy Item,1,bango-file,message.dat,963
sys,823,Revise Successful Percentage,1,bango-file,message.dat,964
sys,824,Apply Explosive Blow,1,bango-file,message.dat,965
sys,825,You must make a guild mark in order to equip the flag.,1,bango-file,message.dat,967
sys,826,The Polishing Stone can be used on this item any more.,1,bango-file,message.dat,968
sys,828,Please select the location you want to teleport to first.,1,bango-file,message.dat,972
sys,829,Please select the location you want to delete first.,1,bango-file,message.dat,973
sys,830,Please select from the list first.,1,bango-file,message.dat,974
sys,831,[Saving Scroll of Location] is needed.,1,bango-file,message.dat,975
sys,832,"500,000 Geons are needed for making a guild mark.",1,bango-file,message.dat,977
sys,833,Fail to save the location.[Saving name may be incorrect or already existed.],1,bango-file,message.dat,979
sys,834,"After the location is saved, [Saving Scroll of Location] will be disappeared. Continue to use?",1,bango-file,message.dat,981
sys,835,Do you want to move to [%1]?,1,bango-file,message.dat,982
sys,836,Do you want to delete [%1]?,1,bango-file,message.dat,983
sys,837,[Moving Scroll of Location] is needed.,1,bango-file,message.dat,984
sys,838,Current location is saved.,1,bango-file,message.dat,985
sys,839,%1 is deleted.,1,bango-file,message.dat,986
sys,840,Support within 20 letters in English.,1,bango-file,message.dat,987
sys,841,/y,1,bango-file,message.dat,988
sys,842,/yell,1,bango-file,message.dat,989
sys,843,/s,1,bango-file,message.dat,990
sys,844,/shout,1,bango-file,message.dat,991
sys,845,Fail to save.[No special letters and more than 20 letters in English are supported.],1,bango-file,message.dat,992
sys,846,No more location can be saved.,1,bango-file,message.dat,993
sys,847,Saving Location,1,bango-file,message.dat,994
sys,848,"Fail to save.[Can't be saved in castle siege areas, villages, and area where can't go.]",1,bango-file,message.dat,995
sys,849,Fail to save.[Please contact the Game Master.],1,bango-file,message.dat,996
sys,850,A Horn is need to yell. The Horn can be bought from the official website of KalOnline.,1,bango-file,message.dat,998
sys,851,A Horn of Spirit is need to shout. The Horn of Spirit can be bought from the official website of KalOnline.,1,bango-file,message.dat,1000
sys,852,Explosive Blow of Weapon [%1!d!],1,bango-file,message.dat,1002
sys,853,Percentage of Occurrence %1!d! %%,1,bango-file,message.dat,1003
sys,854,Damage %1!d! ~ %2!d!,1,bango-file,message.dat,1004
sys,855,Successful Percentage of Next Level,1,bango-file,message.dat,1005
sys,856,%1!d! > %2!d! : %3!d! %%,1,bango-file,message.dat,1006
sys,857,Destroy %1 item for getting the Stone of Revision.,1,bango-file,message.dat,1007
sys,858,"For revising %1 item, %2!d! Stone of Revision is(are) needed.",1,bango-file,message.dat,1008
sys,859,%2!d! Geons are needed for applying Explosive Blow to %1 item.,1,bango-file,message.dat,1009
sys,860,Using %2!d! Stone of Revision to revise the successful percentage on %1 item.,1,bango-file,message.dat,1010
sys,861,Apply the Explosive Blow to %1 item with %2!d! Geons.,1,bango-file,message.dat,1011
sys,862,%1 item's successful percentage is already increased to 100%%.,1,bango-file,message.dat,1012
sys,863,Required Zamogeons : %1!d! Geons,1,bango-file,message.dat,1013
sys,864,You can apply the Explosive Blow as higher as the Talisman of Attack(Magic)'s quality.,1,bango-file,message.dat,1014
sys,865,Highest,1,bango-file,message.dat,1015
sys,866,%1 item's successful percentage of applying Explosive Blow is increased.,1,bango-file,message.dat,1016
sys,867,%1 item is upgraded by the success of applying the Explosive Blow.,1,bango-file,message.dat,1017
sys,868,%1 item is downgraded by the failure of applying the Explosive Blow.,1,bango-file,message.dat,1018
sys,869,Explosive Blow can't be applied on  %1 item.,1,bango-file,message.dat,1019
sys,870,Can't be used in Assassin mode.,1,bango-file,message.dat,1021
sys,871,You gave %2!d! of Explosive Blow to the %1.,1,bango-file,message.dat,1023
sys,872,Item is destroyed because a fatal failure has occurred during the applying Explosive Blow.,1,bango-file,message.dat,1025
sys,873,Zomogeon is consumed because a failure has occurred during the applying Explosive Blow.,1,bango-file,message.dat,1026
sys,874,Enchanting Talisman,1,bango-file,message.dat,1027
sys,875,Now Using...,1,bango-file,message.dat,1028
sys,876,Stone of Revision,1,bango-file,message.dat,1029
sys,877,Revising,1,bango-file,message.dat,1030
sys,878,ExplosiveBlow,1,bango-file,message.dat,1031
sys,879,World Map can't be seen at this place.,1,bango-file,message.dat,1034
sys,880,Attack can't be made because the opponent is out of range.,1,bango-file,message.dat,1036
sys,881,All,1,bango-file,message.dat,1038
sys,882,Friend,1,bango-file,message.dat,1039
sys,883,Guild Member,1,bango-file,message.dat,1040
sys,884,All,1,bango-file,message.dat,1041
sys,885,Name of Friend,1,bango-file,message.dat,1042
sys,886,Select,1,bango-file,message.dat,1043
sys,887,Write your friend's name to register.,1,bango-file,message.dat,1044
sys,888,Write the name for the receiver list.,1,bango-file,message.dat,1045
sys,889,Delete the character from the Friends List.,1,bango-file,message.dat,1046
sys,890,No friend is selected.,1,bango-file,message.dat,1047
sys,891,%1 is already registered.,1,bango-file,message.dat,1048
sys,892,%1 can't be registered. Limit of registration is 30 characters.,1,bango-file,message.dat,1049
sys,893,%1 is not existed.,1,bango-file,message.dat,1050
sys,894, is deleted from the Friends List.,1,bango-file,message.dat,1051
sys,895,Registration can't be made with your own name.,1,bango-file,message.dat,1052
sys,896,#nLook at the information about the friends.,1,bango-file,message.dat,1053
sys,897,"You must be level %1!d! or higher to use this system. (if you're using it with a cash item, you must be level 31 or higher)",1,bango-file,message.dat,1058
sys,898,"You must be level %1!d! or higher to drop your item on the ground. (if it's a cash item, you must be level 31 or higher)",1,bango-file,message.dat,1059
sys,899,[Friends],1,bango-file,message.dat,1064
sys,900,[Guild],1,bango-file,message.dat,1065
sys,901,Registration of %1 is made successfully.,1,bango-file,message.dat,1066
sys,902,/registerfriend,1,bango-file,message.dat,1067
sys,903,/deletefriend,1,bango-file,message.dat,1068
sys,904,%1 is not a friend.,1,bango-file,message.dat,1069
sys,905,%1 is already on the receiver list.,1,bango-file,message.dat,1070
sys,906,"If the receiver is more than one, item can't be attached.",1,bango-file,message.dat,1071
sys,907,"If item is attached, more than one receiver can't be selected.",1,bango-file,message.dat,1072
sys,908,No more receiver can be added.,1,bango-file,message.dat,1073
sys,909,Personal Shop can't be opened in the castle siege area.,1,bango-file,message.dat,1074
sys,910,/refuseduel,1,bango-file,message.dat,1075
sys,911,/allowduel,1,bango-file,message.dat,1076
sys,912,It's changed to Refuse Duel Mode.,1,bango-file,message.dat,1077
sys,913,Refuse Duel Mode is cancelled.,1,bango-file,message.dat,1078
sys,914,Message,1,bango-file,message.dat,1079
sys,915,Parcel,1,bango-file,message.dat,1080
sys,916,Gift,1,bango-file,message.dat,1081
sys,917,Return,1,bango-file,message.dat,1082
sys,918,System,1,bango-file,message.dat,1083
sys,919,Final Striking Power[Physical/Magical] is increased by 10%,1,bango-file,message.dat,1085
sys,920,Final damage from the monster is decreased by 10%,1,bango-file,message.dat,1086
sys,921,Activity of Explosive Blow percentage is increased by 3%,1,bango-file,message.dat,1087
sys,922,Activity of Explosive Blow percentage is increased by 5%,1,bango-file,message.dat,1088
sys,923,Final On Target Point is increased by 10,1,bango-file,message.dat,1089
sys,924,Final Evasion Point is increased by 5,1,bango-file,message.dat,1090
sys,925,Absorbing the enemy's attack with 10% activity percentage,1,bango-file,message.dat,1091
sys,926,Strength is increased by 5,1,bango-file,message.dat,1092
sys,927,Health is increased by 10,1,bango-file,message.dat,1093
sys,928,Intelligence is increased by 5,1,bango-file,message.dat,1094
sys,929,Wisdom is increased by 10,1,bango-file,message.dat,1095
sys,930,Agility is increased by 5,1,bango-file,message.dat,1096
sys,931,Draining the enemy's HP with 10% activity percentage,1,bango-file,message.dat,1097
sys,932,Date: %1!d!/%2!d!/%3!d!_%4!d!:%5!d!,1,bango-file,message.dat,1099
sys,933,Del: After %1!d! day(s),1,bango-file,message.dat,1100
sys,934,Del: After %1!d! Hour(s),1,bango-file,message.dat,1101
sys,935,Del: After %1!d! Minute(s),1,bango-file,message.dat,1102
sys,936,Payment is [ %1 Geons ]. Will you pay?,1,bango-file,message.dat,1103
sys,937,Remaining Count: %1!d!,1,bango-file,message.dat,1105
sys,938,Maximum of 50 letters are allowed.,1,bango-file,message.dat,1107
sys,939,No content.,1,bango-file,message.dat,1108
sys,940,Message Content,1,bango-file,message.dat,1109
sys,941,Reply Content,1,bango-file,message.dat,1110
sys,942,Send Reply,1,bango-file,message.dat,1111
sys,943,100 geons is required to send an item.,1,bango-file,message.dat,1112
sys,944,%1 geons is decided for the payment price of the item.,1,bango-file,message.dat,1113
sys,945,Do you want to send the message? (Fee = 100 geons),1,bango-file,message.dat,1114
sys,946,You're currently unable to fight.,1,bango-file,message.dat,1116
sys,947,Press [Start from Village] to revive from the saved village.,1,bango-file,message.dat,1117
sys,948,Receive Item.,1,bango-file,message.dat,1119
sys,949,Pay %1 geons for the item.,1,bango-file,message.dat,1120
sys,950,Enemy's Attack is absorbed.,1,bango-file,message.dat,1122
sys,951,Enemy's HP is drained.,1,bango-file,message.dat,1123
sys,952,Are you sure you want to return this message?,1,bango-file,message.dat,1125
sys,953,Are you sure you want to delete this message?,1,bango-file,message.dat,1126
sys,954,Do you want to send the reply?,1,bango-file,message.dat,1127
sys,955,Register Friend,1,bango-file,message.dat,1128
sys,956,Delete Friend,1,bango-file,message.dat,1129
sys,957,Send Message/Parcel,1,bango-file,message.dat,1130
sys,958,Received Message,1,bango-file,message.dat,1131
sys,959,The message with attachment can't be deleted.,1,bango-file,message.dat,1132
sys,960,Receiver must be one or more.,1,bango-file,message.dat,1133
sys,961,No change on the item.,1,bango-file,message.dat,1134
sys,962,There's an unread message.,1,bango-file,message.dat,1135
sys,963,Payment can't be settled if there's no item.,1,bango-file,message.dat,1136
sys,964,The message is sent to %1.,1,bango-file,message.dat,1137
sys,965,Message can't be sent because the receiver's message box is full.,1,bango-file,message.dat,1138
sys,966,Sending reply is completed,1,bango-file,message.dat,1139
sys,967,Deleting message is completed,1,bango-file,message.dat,1140
sys,968,Message(parcel) is sending now.,1,bango-file,message.dat,1141
sys,969,Bringing in the attached item now.,1,bango-file,message.dat,1142
sys,970,This message is already replied.,1,bango-file,message.dat,1143
sys,971,The item can't be brought in because the inventory is full.,1,bango-file,message.dat,1144
sys,972,Wrong item.,1,bango-file,message.dat,1145
sys,973,Pay,1,bango-file,message.dat,1146
sys,974,Message can't be sent because the money is short.,1,bango-file,message.dat,1147
sys,975,There's no attached item or not enough item.,1,bango-file,message.dat,1148
sys,976,Please try after 3 seconds,1,bango-file,message.dat,1149
sys,977,5 geons require to send message. Do you want to send a message?,1,bango-file,message.dat,1150
sys,978,5 geons require to send the reply. Do you want to send a reply?,1,bango-file,message.dat,1151
sys,979,Another person is using it now.,1,bango-file,message.dat,1153
sys,980,Break a watermelon.,1,bango-file,message.dat,1154
sys,981,A watermelon broke,1,bango-file,message.dat,1155
sys,982,Canceled a watermelon breaking,1,bango-file,message.dat,1156
sys,983,In Use,1,bango-file,message.dat,1157
sys,984,Lucky Finish,1,bango-file,message.dat,1158
sys,985,%1[%2/%3]is picked up.,1,bango-file,message.dat,1159
sys,986,%1 picked up %2[%3/%4].,1,bango-file,message.dat,1160
sys,987,Powerful Arrow of Silence,1,bango-file,message.dat,1162
sys,988,MP Vaporization,1,bango-file,message.dat,1163
sys,989,Poison Cloud,1,bango-file,message.dat,1164
sys,990,Sight Blockade,1,bango-file,message.dat,1165
sys,991,Blessing of Strength,1,bango-file,message.dat,1166
sys,992,Blessing of Health,1,bango-file,message.dat,1167
sys,993,Blessing of Agility,1,bango-file,message.dat,1168
sys,994,Blessing of Intelligence,1,bango-file,message.dat,1169
sys,995,Increase of Critical Hit,1,bango-file,message.dat,1170
sys,996,Berserk,1,bango-file,message.dat,1171
sys,997,Call of Lightning Defense,1,bango-file,message.dat,1172
sys,998,Call of Ice Defense,1,bango-file,message.dat,1173
sys,999,Call of Fire Defense,1,bango-file,message.dat,1174
sys,1000,Call of On Target Point,1,bango-file,message.dat,1175
sys,1001,Call of Physical Attack,1,bango-file,message.dat,1176
sys,1002,Elastic Shield,1,bango-file,message.dat,1177
sys,1003,Lightning Resistance,1,bango-file,message.dat,1178
sys,1004,Ice Resistance,1,bango-file,message.dat,1179
sys,1005,Fire Resistance,1,bango-file,message.dat,1180
sys,1006,Curse Resistance,1,bango-file,message.dat,1181
sys,1007,Non-Attribution Resistance,1,bango-file,message.dat,1182
sys,1008,Emergency Escape,1,bango-file,message.dat,1183
sys,1009,Decrease of Target Range,1,bango-file,message.dat,1184
sys,1010,Curse of Critical Hit,1,bango-file,message.dat,1185
sys,1011,Curse of Strength,1,bango-file,message.dat,1186
sys,1012,Curse of Health,1,bango-file,message.dat,1187
sys,1013,Curse of Agility,1,bango-file,message.dat,1188
sys,1014,Curse of Intellegence,1,bango-file,message.dat,1189
sys,1015,Curse of Wisdom,1,bango-file,message.dat,1190
sys,1016,Curse of Defense,1,bango-file,message.dat,1191
sys,1017,Loss of Confidence,1,bango-file,message.dat,1192
sys,1018,%1 skill is only for Two Handed Weapon.,1,bango-file,message.dat,1194
sys,1019,[%2] is sent to %1,1,bango-file,message.dat,1195
sys,1020,Scroll Bar Lock,1,bango-file,message.dat,1196
sys,1021,Scroll Bar Unlock,1,bango-file,message.dat,1197
sys,1022,Can't touch it because it's too hot.,1,bango-file,message.dat,1199
sys,1023,[%1] is needed.,1,bango-file,message.dat,1200
sys,1024,[%1] is put on to the Stone Monument.,1,bango-file,message.dat,1201
sys,1025,[%1] is destroyed because of too strong light.,1,bango-file,message.dat,1202
sys,1026,All Bronze Mirrors are on the place.,1,bango-file,message.dat,1203
sys,1027,The light that shines on the throne starts to crack the space.,1,bango-file,message.dat,1204
sys,1028,The crack is getting wider and the owner of the throne starts appearing.,1,bango-file,message.dat,1205
sys,1029,Huge unknow force is getting Closer.,1,bango-file,message.dat,1206
sys,1030,The Doggebi Lord is now arrived to the current world.,1,bango-file,message.dat,1207
sys,1031,Abnormal condition is found. Your account may get some disadvantages. Take a screenshoy with the message is shown and report it to C/S Center on the official website.,1,bango-file,message.dat,1209
sys,1032,Item that is on the private shop can't be sent to anyone.,1,bango-file,message.dat,1211
sys,1033,"Error : Version of the executable file is different. Please uninstall Kalonline completely and reinstall it so the latest updates can be recieved. If the same error is occurred after reinstallation, please ask us through the KalOnline Homepage.",1,bango-file,message.dat,1212
sys,1034,Can't see anything because Sight Blockade is on you.,1,bango-file,message.dat,1214
sys,1035,Character Name,1,bango-file,message.dat,1216
sys,1036,New Character Name,1,bango-file,message.dat,1217
sys,1037,Guild Name,1,bango-file,message.dat,1218
sys,1038,New Guild Name,1,bango-file,message.dat,1219
sys,1039,Do you want to change your character name from [%1] to [%2]?,1,bango-file,message.dat,1220
sys,1040,Do you want to change your guild name from [%1] to [%2]?,1,bango-file,message.dat,1221
sys,1041,Character name is changed to [%1]. Please re-login to check your changed character name.,1,bango-file,message.dat,1222
sys,1042,Guild name is changed to [%1]. Please re-login to check your changed guild name.,1,bango-file,message.dat,1223
sys,1043,You don't have authority to change your character name.,1,bango-file,message.dat,1224
sys,1044,[%1] is not a valid character name.,1,bango-file,message.dat,1225
sys,1045,[%1] is already in use.,1,bango-file,message.dat,1226
sys,1046,You don't have authority to change your guild name.,1,bango-file,message.dat,1227
sys,1047,[%1] is not a valid guild name.,1,bango-file,message.dat,1228
sys,1048,[%1] is already in use.,1,bango-file,message.dat,1229
sys,1049,Name is changing now. Please wait a moment.,1,bango-file,message.dat,1230
sys,1050,You already changed.,1,bango-file,message.dat,1231
sys,1051,%1 file is missing. Please take a screenshot that contains the current message and send it to C/S center in the official homepage.,1,bango-file,message.dat,1235
sys,1052,Lucky Key,1,bango-file,message.dat,1237
sys,1053,Piece of Lucky Stone,1,bango-file,message.dat,1238
sys,1054,Lucky Stone,1,bango-file,message.dat,1239
sys,1055,%1 is needed to execute it.,1,bango-file,message.dat,1240
sys,1056,Account Bound,1,bango-file,message.dat,1241
sys,1057,%1 skill is already active on the target.,1,bango-file,message.dat,1242
sys,1058,Golden Coin is not enough.,1,bango-file,message.dat,1243
sys,1059,You must be level 10 or higher to play the dice.,1,bango-file,message.dat,1244
sys,1060,You win.,1,bango-file,message.dat,1245
sys,1061,You lose. Please try again later.,1,bango-file,message.dat,1246
sys,1062,One or more Golden Coin is needed.,1,bango-file,message.dat,1247
sys,1063,%1 guild became a new lord of %2 castle.,1,bango-file,message.dat,1251
sys,1064,A new lord is not decided. The castle siege time is extended for 10 min.,1,bango-file,message.dat,1252
sys,1065,%2!d! min. remains for %1 guild's proclamation condition,1,bango-file,message.dat,1253
sys,1066,%2!d! sec. remains for %1 guild's proclamation condition,1,bango-file,message.dat,1254
sys,1067,"From now, %1 guild's proclamation condition is applied for 5 min.",1,bango-file,message.dat,1255
sys,1068,%1 guild's proclamation gets failed.,1,bango-file,message.dat,1257
sys,1069,[%1] window has an error. Please contact the GM with screenshot that contains current message.,1,bango-file,message.dat,1259
sys,1070,Buying [%1] at  %2 geons?,1,bango-file,message.dat,1260
sys,1071,Failed: You selected the same appearance as the previous one.,1,bango-file,message.dat,1261
sys,1072,The appearance is changed.,1,bango-file,message.dat,1262
sys,1073,You already changed once.,1,bango-file,message.dat,1263
sys,1074,Return: %1!d!day(s) later,1,bango-file,message.dat,1264
sys,1075,Return: %1!d!Hour(s) later,1,bango-file,message.dat,1265
sys,1076,Return: %1!d!Minute(s) later,1,bango-file,message.dat,1266
sys,1077,The [Guild] or [Allied Guild] that is related with Castle Siege can not be dissolved.,1,bango-file,message.dat,1267
sys,1078,Would you change into this appearance?,1,bango-file,message.dat,1268
sys,1079,The [Guild Leader] or [Allied Guild Leader] that is related with Castle Siege can not be deleted.,1,bango-file,message.dat,1269
sys,1080,Your inventory is full. Please get some free space.,1,bango-file,message.dat,1271
sys,1081,%2!d! %1 is/are needed.,1,bango-file,message.dat,1272
sys,1082,Part of the installed Config file are changed. Please reinstall the client.,1,bango-file,message.dat,1273
sys,1083,Move to the Client Download Page,1,bango-file,message.dat,1274
sys,1084,Limited to the level 50 or higher charater.,1,bango-file,message.dat,1275
sys,1085,You have not got the 2nd job.,1,bango-file,message.dat,1276
sys,1086,Will you select this [%1]?,1,bango-file,message.dat,1277
sys,1087,Please choose your job [%1].,1,bango-file,message.dat,1278
sys,1088,Level 10 or higher is required to join the event.,1,bango-file,message.dat,1279
sys,1089,You're already with the bird[%1].,1,bango-file,message.dat,1280
sys,1090,The bird [%1] is following you.,1,bango-file,message.dat,1281
sys,1091,The bird [%1] is disappeared.,1,bango-file,message.dat,1282
sys,1092,[%1]is increased 25%.,1,bango-file,message.dat,1283
sys,1093,Hawk,1,bango-file,message.dat,1284
sys,1094,Crow,1,bango-file,message.dat,1285
sys,1095,Owl,1,bango-file,message.dat,1286
sys,1096,HP,1,bango-file,message.dat,1287
sys,1097,MP,1,bango-file,message.dat,1288
sys,1098,Offense,1,bango-file,message.dat,1289
sys,1099,Defense,1,bango-file,message.dat,1290
sys,1100,HP is increased 25%,1,bango-file,message.dat,1291
sys,1101,MP is increased  25%,1,bango-file,message.dat,1292
sys,1102,Offense is increased 25%,1,bango-file,message.dat,1293
sys,1103,Defense is increased 25%,1,bango-file,message.dat,1294
sys,1104,The time is extended [%1!d! Day(s) %2!d! hour(s) %3!d! minute(s)].,1,bango-file,message.dat,1295
sys,1105,The time is extended [%1!d! hour(s) %2!d! minute(s)].,1,bango-file,message.dat,1296
sys,1106,The time is extended [%1!d!minute(s)].,1,bango-file,message.dat,1297
sys,1107,Flat Rate ,1,bango-file,message.dat,1298
sys,1108,Meter Rate,1,bango-file,message.dat,1299
sys,1109,"If the Stone of Job  is used, all skills will reset except the basic skills and you have chance to choose a 2nd Job.                                                    Continue to use the Stone of Job?",1,bango-file,message.dat,1300
sys,1110,Changing Job is finished successfully.,1,bango-file,message.dat,1301
sys,1111,Game can't be finished when in Assassin Mode.,1,bango-file,message.dat,1302
sys,1112,Can't be worn anymore.,1,bango-file,message.dat,1303
sys,1113,"If the  High-Grade Stone of Chance is used, all skills will reset except the basic skills.",1,bango-file,message.dat,1304
sys,1114,Continue to use the High-Grade Stone of Chance?,1,bango-file,message.dat,1305
sys,1115,Resetting Skill is finished successfully.,1,bango-file,message.dat,1306
sys,1116,bow [/bow],1,bango-file,message.dat,1308
sys,1117,yes [/yes],1,bango-file,message.dat,1309
sys,1118,no [/no],1,bango-file,message.dat,1310
sys,1119,laugh [/laugh],1,bango-file,message.dat,1311
sys,1120,hug [/hug],1,bango-file,message.dat,1312
sys,1121,excitement [/excitement or /excite],1,bango-file,message.dat,1313
sys,1122,anger [/anger],1,bango-file,message.dat,1314
sys,1123,yawn [/yawn],1,bango-file,message.dat,1315
sys,1124,best [/best],1,bango-file,message.dat,1316
sys,1125,clap [/clap],1,bango-file,message.dat,1317
sys,1126,hand [/hand],1,bango-file,message.dat,1318
sys,1127,cheers [/cheers],1,bango-file,message.dat,1319
sys,1128,there [/there],1,bango-file,message.dat,1320
sys,1129,provocation [/provocation or /provoke],1,bango-file,message.dat,1321
sys,1130,dance [/dance],1,bango-file,message.dat,1322
sys,1131,showoff [/showoff],1,bango-file,message.dat,1323
sys,1132,forward [/forward],1,bango-file,message.dat,1324
sys,1133,kiss [/kiss],1,bango-file,message.dat,1325
sys,1134,bashfulness [/bashfulness or /bashful],1,bango-file,message.dat,1326
sys,1135,drink [/drink],1,bango-file,message.dat,1327
sys,1136,/bow,1,bango-file,message.dat,1328
sys,1137,/yes,1,bango-file,message.dat,1329
sys,1138,/no,1,bango-file,message.dat,1330
sys,1139,/laugh,1,bango-file,message.dat,1331
sys,1140,/hug,1,bango-file,message.dat,1332
sys,1141,/excitement,1,bango-file,message.dat,1333
sys,1142,/anger,1,bango-file,message.dat,1334
sys,1143,/yawn,1,bango-file,message.dat,1335
sys,1144,/best,1,bango-file,message.dat,1336
sys,1145,/clap,1,bango-file,message.dat,1337
sys,1146,/hand,1,bango-file,message.dat,1338
sys,1147,/cheers,1,bango-file,message.dat,1339
sys,1148,/there,1,bango-file,message.dat,1340
sys,1149,/provocation,1,bango-file,message.dat,1341
sys,1150,/dance,1,bango-file,message.dat,1342
sys,1151,/showoff,1,bango-file,message.dat,1343
sys,1152,/forward,1,bango-file,message.dat,1344
sys,1153,/kiss,1,bango-file,message.dat,1345
sys,1154,/bashful,1,bango-file,message.dat,1346
sys,1155,/drink,1,bango-file,message.dat,1347
sys,1156,/bashfulness,1,bango-file,message.dat,1348
sys,1157,/provoke,1,bango-file,message.dat,1349
sys,1158,You must be level 30 or higher to play mini games.,1,bango-file,message.dat,1350
sys,1159,Please select the amount of Zomogeons for the Gold Coins.,1,bango-file,message.dat,1351
sys,1160,Please select the amount of Gold Coins for Zomogeons.,1,bango-file,message.dat,1352
sys,1161,%1!d! geons will be changed to %2!d! Gold coins. Will you continue?,1,bango-file,message.dat,1353
sys,1162,%1!d! Gold coins will be changed to %2!d! geons. Will you continue?,1,bango-file,message.dat,1354
sys,1163,         Please decide whether you bet or give up.,1,bango-file,message.dat,1355
sys,1164,%1!d! Gold Coins are needed.,1,bango-file,message.dat,1356
sys,1165,Change is completed successfully.,1,bango-file,message.dat,1357
sys,1166,Pair Maker Master,1,bango-file,message.dat,1358
sys,1167,Card Maker Master,1,bango-file,message.dat,1359
sys,1168,           cards are confirming.,1,bango-file,message.dat,1360
sys,1169,Lucky Pouch,1,bango-file,message.dat,1361
sys,1170,Bet Gold Coins,1,bango-file,message.dat,1362
sys,1171,Give Up,1,bango-file,message.dat,1363
sys,1172,Play Again,1,bango-file,message.dat,1364
sys,1173,Give Up,1,bango-file,message.dat,1365
sys,1174,One More Card,1,bango-file,message.dat,1366
sys,1175,Stay,1,bango-file,message.dat,1367
sys,1176,You must be level 11 or higher to send pakages.,1,bango-file,message.dat,1368
sys,1177,This event is not for you this time.,1,bango-file,message.dat,1369
sys,1178,%1 dropped %2.,1,bango-file,message.dat,1370
sys,1179,Exchanging is failed. Please try it again.,1,bango-file,message.dat,1371
sys,1180,Suicide can't be done when in Assassin Mode.,1,bango-file,message.dat,1372
sys,1181,The character is restored. Please log in again.,1,bango-file,message.dat,1373
sys,1182,Please select the character to be restored.,1,bango-file,message.dat,1374
sys,1183,Restoring is failed because currently there's no empty slot.,1,bango-file,message.dat,1375
sys,1184,Restoring character is failed.,1,bango-file,message.dat,1376
sys,1185,Unable to execute it because an assassin is in your party.,1,bango-file,message.dat,1377
sys,1186,Charater can't be created with this name. Please select a different name.,1,bango-file,message.dat,1378
sys,1187,Pot Open,1,bango-file,message.dat,1379
sys,1188,%1 is opening.,1,bango-file,message.dat,1380
sys,1189,%1 is closing.,1,bango-file,message.dat,1381
sys,1190,You don't have a key.,1,bango-file,message.dat,1382
sys,1191,Hydrochloric Acid,1,bango-file,message.dat,1384
sys,1192,Assembling is cancelled.,1,bango-file,message.dat,1385
sys,1193,Assembling is not possible for now.,1,bango-file,message.dat,1386
sys,1194,Another person is already assembling it.,1,bango-file,message.dat,1387
sys,1195,Another person is already disassembling it.,1,bango-file,message.dat,1388
sys,1196,The parts are not enough.,1,bango-file,message.dat,1389
sys,1197,It's another guild's weapon.,1,bango-file,message.dat,1390
sys,1198,[%1] is already on board.,1,bango-file,message.dat,1391
sys,1199,,1,bango-file,message.dat,1392
sys,1200,Disassembling is not possible because another person is on board.,1,bango-file,message.dat,1393
sys,1201,Disassembling is cancelled.,1,bango-file,message.dat,1394
sys,1202,Assembling,1,bango-file,message.dat,1395
sys,1203,Disassembling,1,bango-file,message.dat,1396
sys,1204,Weapon of castle siege is now assembling.,1,bango-file,message.dat,1397
sys,1205,Weapon of castle siege is assembled.,1,bango-file,message.dat,1398
sys,1206,Weapon of castle siege is disassembling.,1,bango-file,message.dat,1399
sys,1207,Weapon of castle siege is disassembled.,1,bango-file,message.dat,1400
sys,1208,power 100 increase,1,bango-file,message.dat,1403
sys,1209,Health 5 increase,1,bango-file,message.dat,1404
sys,1210,Inteligent 100 increase,1,bango-file,message.dat,1405
sys,1211,Wisdom 5 increase,1,bango-file,message.dat,1406
sys,1212,Agility 100 increase,1,bango-file,message.dat,1407
sys,1217,It's out of range for the cannon,1,bango-file,message.dat,1413
sys,1218,It's out of range for the cannon,1,bango-file,message.dat,1414
sys,1219,Weapon of castle siege is already assembled.,1,bango-file,message.dat,1415
sys,1220,Artillery must be learned.,1,bango-file,message.dat,1416
sys,1221,[%1] guild's weapon of castle siege is already existed on another place.,1,bango-file,message.dat,1417
sys,1222,Disassembling is not possible for now. ,1,bango-file,message.dat,1418
sys,1223,Game client version is not matched with the server.   Please run the game launcher to download the         update automatically.,1,bango-file,message.dat,1419
sys,1224,Other guild's weapon of castle siege can't be disassembled.,1,bango-file,message.dat,1420
sys,1225,This only can be assembled by the guilds and its alliances which are on the castle siege.,1,bango-file,message.dat,1421
sys,1226,On board : %1 ,1,bango-file,message.dat,1422
sys,1227,System,1,bango-file,message.dat,1423
sys,1228,Quest,1,bango-file,message.dat,1424
sys,1229,Commend,1,bango-file,message.dat,1425
sys,1230,Monster,1,bango-file,message.dat,1426
sys,1231,Another game is running. The program is closing.,1,bango-file,message.dat,1427
sys,1232,Incorrect  file(s) is installed. Please reinstall the program.,1,bango-file,message.dat,1428
sys,1233,A debugger is detected from the computer. Please Close the debugger and start it again.,1,bango-file,message.dat,1429
sys,1234,This program must be run in Admin authority. The program is closing.,1,bango-file,message.dat,1430
sys,1235,The program is running at the compatibility mode. The program is closing.,1,bango-file,message.dat,1431
sys,1236,There's a problem in the function of anti-hacking. The program is closing.,1,bango-file,message.dat,1432
sys,1237,The program is Closed because there's a hacking tool in the following location.,1,bango-file,message.dat,1433
sys,1238,"Currently, similar process with the Speed Hack is detected.",1,bango-file,message.dat,1434
sys,1239,A trial of debugging the program is detected. The program is closing.,1,bango-file,message.dat,1435
sys,1240,Artillery Flag,1,bango-file,message.dat,1436
sys,1241,[%1] item cannot be used during PvP.,1,bango-file,message.dat,1438
sys,1242, %1!d! EA ,1,bango-file,message.dat,1439
sys,1243,[Sea Bream with Blood],1,bango-file,message.dat,1440
sys,1244,4 Demon's blood+1 Sea-bream+1 Bamboo Keg,1,bango-file,message.dat,1441
sys,1245,[Speed up Medicine],1,bango-file,message.dat,1442
sys,1246,1 Sea Bream with Blood+500 Zamogeons,1,bango-file,message.dat,1443
sys,1247,[Speed up Medicine],1,bango-file,message.dat,1444
sys,1248,4 Demon's blood+1 Sea-bream+1 Bamboo Keg+500 Zamogeons,1,bango-file,message.dat,1445
sys,1249,Making %2!d! %1.,1,bango-file,message.dat,1446
sys,1250,Requirements are not enough. Please check them again,1,bango-file,message.dat,1447
sys,1252,event of May #nAttack 10% increase #nlevel of experience 10% increase,1,bango-file,message.dat,1450
sys,1254,Please contact the CS team if you have any problem,1,bango-file,message.dat,1454
sys,1256, - Item to be mixed : Center,1,bango-file,message.dat,1456
sys,1257, - Materials : Any where except the Center,1,bango-file,message.dat,1457
sys,1258,Materials will be consumed after mixing the items.,1,bango-file,message.dat,1458
sys,1259,1. Place the item that will be mixed on the center and the materials.,1,bango-file,message.dat,1459
sys,1260,"2. After step 1 is finished, press the 'Mix' button to start mixing.",1,bango-file,message.dat,1460
sys,1261,"3. After the mixing is finished, the elemental stones are disappeared.",1,bango-file,message.dat,1461
sys,1262,"And when it fails, its endurance will be reduced.",1,bango-file,message.dat,1462
sys,1263,"(When the endurance reaches below 1, the item will be destroyed.)",1,bango-file,message.dat,1463
sys,1264, %1!d! Grade Weapon,1,bango-file,message.dat,1464
sys,1265, %1!d! Grade Armor(Any parts),1,bango-file,message.dat,1465
sys,1266, %1!d! Grade Armor,1,bango-file,message.dat,1466
sys,1267, %1!d! Elemental Stone(s),1,bango-file,message.dat,1467
sys,1268,Do you want to restore it?,1,bango-file,message.dat,1468
sys,1269,Mix Item,1,bango-file,message.dat,1469
sys,1270,"Mixing cost is %6!d!. %1, %2, %3, %4, %5 Mixing is starting with items above.#n#n(You can get Imperial weapons if you make weapons with processed items.)",1,bango-file,message.dat,1470
sys,1271,"Mixing cost is %5!d!. %1, %2, %3, %4 Mixing is starting with items above.",1,bango-file,message.dat,1471
sys,1272,Weapon is upgraded.,1,bango-file,message.dat,1472
sys,1273,Mixing is completed as a new weapon.,1,bango-file,message.dat,1473
sys,1274,Mixing is failed and the endurance is reduced by %1!d!.,1,bango-file,message.dat,1474
sys,1275,Item is not enough,1,bango-file,message.dat,1475
sys,1276,Place the item to be mixed first.,1,bango-file,message.dat,1476
sys,1277,Mixing condition is not met. Please refer the list.,1,bango-file,message.dat,1477
sys,1278,Mixing : ,1,bango-file,message.dat,1478
sys,1279,Stone of Shadow,1,bango-file,message.dat,1479
sys,1280,Stone of Holy,1,bango-file,message.dat,1480
sys,1281,Stone of Flame,1,bango-file,message.dat,1481
sys,1282,Stone of Ice,1,bango-file,message.dat,1482
sys,1283,Stone of Lightening,1,bango-file,message.dat,1483
sys,1284,Stone of Poison,1,bango-file,message.dat,1484
sys,1285,Stone of Paralysis,1,bango-file,message.dat,1485
sys,1286,Stone of Strength,1,bango-file,message.dat,1486
sys,1287,Stone of Skill,1,bango-file,message.dat,1487
sys,1288,Stone of Mystery,1,bango-file,message.dat,1488
sys,1289,Stone of Demon's Blood,1,bango-file,message.dat,1489
sys,1290,[Upgrading a weapon],1,bango-file,message.dat,1490
sys,1291,[Making a weapon],1,bango-file,message.dat,1491
sys,1292,HP+20/Strength+2/Intelligence+2/Agility+2,1,bango-file,message.dat,1492
sys,1293,MP+20/Wisdom+2/Health+2,1,bango-file,message.dat,1493
sys,1294,Flame damage with 5% probability,1,bango-file,message.dat,1494
sys,1295,Ice damage with 5% probability,1,bango-file,message.dat,1495
sys,1296,"Lightening damage with 5% probability,",1,bango-file,message.dat,1496
sys,1297,Reduce the target's defense by 10,1,bango-file,message.dat,1497
sys,1298,Poison damage with 5% probability,1,bango-file,message.dat,1498
sys,1299,Paralysis with 5% probability,1,bango-file,message.dat,1499
sys,1300,"HP + 10%, MP - 5%",1,bango-file,message.dat,1500
sys,1301,"HP - 5%, MP + 10%",1,bango-file,message.dat,1501
sys,1302,HP+50/Strength+3/Intelligence+3/Agility+3,1,bango-file,message.dat,1502
sys,1303,MP+50/Wisdom+5/Health+5,1,bango-file,message.dat,1503
sys,1304,Flame damage with 10% probability,1,bango-file,message.dat,1504
sys,1305,Ice damage with 10% probability,1,bango-file,message.dat,1505
sys,1306,"Lightening damage with 10% probability,",1,bango-file,message.dat,1506
sys,1307,Reduce the target's defense by 10,1,bango-file,message.dat,1507
sys,1308,Poison damage with 10% probability,1,bango-file,message.dat,1508
sys,1309,Paralysis with 10% probability,1,bango-file,message.dat,1509
sys,1310,"HP + 20%, MP - 10%",1,bango-file,message.dat,1510
sys,1311,"HP - 10%, MP + 20%",1,bango-file,message.dat,1511
sys,1312,Min/Max Attack + 50,1,bango-file,message.dat,1512
sys,1313,"HP+50/MP+50/Strength+6,",1,bango-file,message.dat,1513
sys,1314,/Intelligence+6/Agility+6/Wisdom+10/Health+10,1,bango-file,message.dat,1514
sys,1315,Mixing Grade 1,1,bango-file,message.dat,1515
sys,1316,Mixing Grade 2,1,bango-file,message.dat,1516
sys,1317,Stone of Mystery and Stone of Demon's Blood only can be mixed with Mixing Grade 2 weapon.,1,bango-file,message.dat,1517
sys,1318,New,1,bango-file,message.dat,1518
sys,1319,%1!d! demon's sword is required,1,bango-file,message.dat,1519
sys,1320,%1!d! demon's sword is required ,1,bango-file,message.dat,1520
sys,1321,Hacking on the memory is detected. Program is closing. ,1,bango-file,message.dat,1522
sys,1322,%1 is waking up.,1,bango-file,message.dat,1525
sys,1323,%1 fell on sleep.,1,bango-file,message.dat,1526
sys,1324, Equip : Bead of Fire ,1,bango-file,message.dat,1528
sys,1325,"Try equipping the Bead of Fire. But when it fails, its endurance will be reduced. Continue to try equipping the Bead of Fire?",1,bango-file,message.dat,1529
sys,1326,Bead of Fire is already equipped.,1,bango-file,message.dat,1530
sys,1327,Bead of Fire can't be equipped on this item.,1,bango-file,message.dat,1531
sys,1328,Equipping the Bead of Fire,1,bango-file,message.dat,1532
sys,1329,Equipping the Bead of Fire has succeeded.,1,bango-file,message.dat,1533
sys,1330,Equipping the Bead of Fire has failed.,1,bango-file,message.dat,1534
sys,1331,Do you want to registered the battle?,1,bango-file,message.dat,1537
sys,1332,Playing for long time may harm your health. Take some rest.,1,bango-file,message.dat,1539
sys,1335,Do you want to see the registered guild for the battle?,1,bango-file,message.dat,1542
sys,1336,White Tiger :,1,bango-file,message.dat,1543
sys,1337,Blue Dragon :,1,bango-file,message.dat,1544
sys,1338,Do you want to request the registered guild list?,1,bango-file,message.dat,1545
sys,1339,"You can only use this system over [level %1!d!]. Therefore, it will be refused to others.",1,bango-file,message.dat,1546
sys,1340,[Request Register],1,bango-file,message.dat,1547
sys,1341,[Confirm Register],1,bango-file,message.dat,1548
sys,1342,%1 Guild,1,bango-file,message.dat,1549
sys,1343,[Registered Guild for Destructing Key Points],1,bango-file,message.dat,1550
sys,1344,[Member of Participation for Destructing Key Points],1,bango-file,message.dat,1551
sys,1345,%1!d! Level,1,bango-file,message.dat,1552
sys,1346,Do you want to request the list of the member of participation?,1,bango-file,message.dat,1553
sys,1347,[List of Member of Participation for Destructing Key Points],1,bango-file,message.dat,1554
sys,1348,Do you want to request the list for applying for the member of participation?,1,bango-file,message.dat,1555
sys,1349,This is an Artisan's Fixing Tool. The damaged item can be repaired its endurance by 5 points when it used.,1,bango-file,message.dat,1558
sys,1350,This is a Doggebi's Fixing Tool. The damaged item can be fully repaired but its endurance can be down to 1. And the item will be destroyed if using it at low endurance.,1,bango-file,message.dat,1559
sys,1351,Using the item has failed. The endurance of %1 is reduced by %2!d!,1,bango-file,message.dat,1560
sys,1352,[Scenario 3],1,bango-file,message.dat,1562
sys,1353,You're unable to fight. You'll be teleported to the summoning place after 30 seconds.,1,bango-file,message.dat,1563
sys,1354,Event #n Gathering EXP 200%#n Dropping Rate 200%,1,bango-file,message.dat,1567
sys,1355,You get killed. You'll be teleported to the summoning place after 30 seconds. ,1,bango-file,message.dat,1570
sys,1356,KalOnline Event#n#n10% of Attacking Power is Increased,1,bango-file,message.dat,1572
sys,1357,KalOnline Event#n#n100% of Gathering EXP is Increased,1,bango-file,message.dat,1573
sys,1358,Can't move to the person you've chosen.,1,bango-file,message.dat,1575
sys,1359,"If a Monster Summoning Scroll has been used, manual disconnection is unavailable for 3 minutes.",1,bango-file,message.dat,1578
sys,1360,Tower is upgraded.,1,bango-file,message.dat,1580
sys,1361,It's not friendly force's tower.,1,bango-file,message.dat,1581
sys,1362,You don't have a upgrading item.,1,bango-file,message.dat,1582
sys,1363,Tower that wants to be upgraded must not be attacked by anyone.,1,bango-file,message.dat,1583
sys,1364,Guild that is registered for the battle can not be disorganized. ,1,bango-file,message.dat,1584
sys,1365,Selected member for the battle can not be seceded from the guild.,1,bango-file,message.dat,1585
sys,1366,Can not be done in the battle area.,1,bango-file,message.dat,1586
sys,1367,It can't be done because of the one who is in the battle area.,1,bango-file,message.dat,1587
sys,1368,Making a party with enenmy is not allowed in the battle area.,1,bango-file,message.dat,1588
sys,1369,The seal is not revealed yet.,1,bango-file,message.dat,1589
sys,1370,This tower is already upgraded,1,bango-file,message.dat,1590
sys,1371,Exiting from the game is not allowed in the battle area.,1,bango-file,message.dat,1591
sys,1372,Assassin mode is not allowed in the battle area. ,1,bango-file,message.dat,1592
sys,1373, Pray For Snow Event#n#n Final Striking Power[Physical/Magical] is increased by 10% ,1,bango-file,message.dat,1596
sys,1374,"Because of %1??s effort, snow is falling from the sky",1,bango-file,message.dat,1597
sys,1375,"On maintenance or not in service hour,#n Please visit the homepage for server condition check.",1,bango-file,message.dat,1599
sys,1376,Scenario 3- Destructing Key Points,1,bango-file,message.dat,1601
sys,1377,Joining the Scenario 3- Destructing Key Points?,1,bango-file,message.dat,1602
sys,1378,Time for joining Scenario 3- Destructing Key Points is over.,1,bango-file,message.dat,1603
sys,1379,Owner of the Training Area of Destructing Key Points.#n 10% of damage reducing buff is on#nThis effect can be added with similar buffs.,1,bango-file,message.dat,1604
sys,1380,"Because many people are working hard on collecting crystals, we have plenty of crystals so far. Crystals are now <%1!d!>",1,bango-file,message.dat,1606
sys,1381,We need <%1!d!> Crystals for snow.,1,bango-file,message.dat,1607
sys,1382,Power 7% Up,1,bango-file,message.dat,1609
sys,1383,Explosive Blow 3% Up,1,bango-file,message.dat,1610
sys,1384,Target Point Rate 5% Up,1,bango-file,message.dat,1611
sys,1385,Critical Rate 5% Up,1,bango-file,message.dat,1612
sys,1386,Honor Class,1,bango-file,message.dat,1614
sys,1387,Reward Point,1,bango-file,message.dat,1615
sys,1388,Maximum limit of buying item is exceeded. Please select it again.,1,bango-file,message.dat,1617
sys,1389,None,1,bango-file,message.dat,1619
sys,1390,Recruit,1,bango-file,message.dat,1620
sys,1391,Private,1,bango-file,message.dat,1621
sys,1392,Specialist,1,bango-file,message.dat,1622
sys,1393,Corporal,1,bango-file,message.dat,1623
sys,1394,Sergeant,1,bango-file,message.dat,1624
sys,1395,Lieutenant,1,bango-file,message.dat,1625
sys,1396,Captain,1,bango-file,message.dat,1626
sys,1397,Major,1,bango-file,message.dat,1627
sys,1398,Colonel,1,bango-file,message.dat,1628
sys,1399,General,1,bango-file,message.dat,1629
sys,1400,You must be %1 or higher class to buy this item.,1,bango-file,message.dat,1630
sys,1401,%1!d! or higher Reward points are required to buy this item.,1,bango-file,message.dat,1631
sys,1402,%1 is selected. Reward points of  %2 will be used. Continue to buy this item?,1,bango-file,message.dat,1632
sys,1403,You already received the item(s).,1,bango-file,message.dat,1633
sys,1404,Limit is full so you can't receive any item.,1,bango-file,message.dat,1634
sys,1405,Aftereffect of Assassin 10%,1,bango-file,message.dat,1635
sys,1406,Aftereffect of Assassin 20%,1,bango-file,message.dat,1636
sys,1407,Aftereffect of Assassin 30%,1,bango-file,message.dat,1637
sys,1408,Aftereffect of Assassin 40%,1,bango-file,message.dat,1638
sys,1409,Aftereffect of Assassin 50%,1,bango-file,message.dat,1639
sys,1410,The selected character is already recommended.,1,bango-file,message.dat,1640
sys,1411,Honor Skill can be learned.,1,bango-file,message.dat,1641
sys,1412,No more enchanting is possible with same element.,1,bango-file,message.dat,1642
sys,1413,Skill grade is increased.,1,bango-file,message.dat,1643
sys,1414,Defensive incantation 6,1,bango-file,message.dat,1644
sys,1415,%1!d! of Reward points are received.,1,bango-file,message.dat,1645
sys,1416,[List of Participants for Protecting Leader],1,bango-file,message.dat,1647
sys,1417,[Member of Participation for Protecting Leader],1,bango-file,message.dat,1648
sys,1418,Hermit's accessories won't be destroyed even if it failed to enchant with honor talismans. But its effectiveness goes away once you enchanted. Continue to use this item?,1,bango-file,message.dat,1650
sys,1419,[Registered Guilds for Destructing Key Points],1,bango-file,message.dat,1652
sys,1420,[Registered Guilds for Protecting Leader],1,bango-file,message.dat,1653
sys,1421,Honor Info (Hotkey:V),1,bango-file,message.dat,1655
sys,1422,The battle is starting in %1!d! seconds.,1,bango-file,message.dat,1657
sys,1423,Opponent team is starting to pray first.,1,bango-file,message.dat,1659
sys,1424,Prayer is preparing.,1,bango-file,message.dat,1660
sys,1425,Prayer condition is on.,1,bango-file,message.dat,1661
sys,1426,Prayer condition is cancelled.,1,bango-file,message.dat,1662
sys,1427,Owner of Protecting Leader Training Area.#nDrop Rate increased by 10%.,1,bango-file,message.dat,1663
sys,1428,%1 %2 %3,1,bango-file,message.dat,1665
sys,1429,%1,1,bango-file,message.dat,1666
sys,1430,The battle is started.,1,bango-file,message.dat,1667
sys,1431,Hermit's Water is already used on this item. This item can be used one time.,1,bango-file,message.dat,1668
sys,1432,Hermit's Water is used.,1,bango-file,message.dat,1669
sys,1433,You're trying to enchanting an item that is used by the Hermit's Water. Continue to enchant the item?,1,bango-file,message.dat,1670
sys,1434,Leader can't move while praying.,1,bango-file,message.dat,1672
sys,1435,Leader can't use skill or attack while praying.,1,bango-file,message.dat,1673
sys,1436,Opponent is praying now.,1,bango-file,message.dat,1674
sys,1437,Item can't be used while praying.,1,bango-file,message.dat,1675
sys,1438,Leader can't be revived.,1,bango-file,message.dat,1676
sys,1439,Leader can't use High Grade Scroll of Rebirth.,1,bango-file,message.dat,1677
sys,1440,Praying.,1,bango-file,message.dat,1678
sys,1441,Leader can't move while praying.,1,bango-file,message.dat,1679
sys,1442,Do you want to join the Scenario 3 - Protecting Leader Training Area?,1,bango-file,message.dat,1680
sys,1443,Remaining Ticket: %1!d!,1,bango-file,message.dat,1683
sys,1445,Congratulation!! You won a 5th medal!,1,bango-file,message.dat,1684
sys,1446,Congratulation!! You won a 4th medal!,1,bango-file,message.dat,1685
sys,1447,Congratulation!! You won a bronze medal!,1,bango-file,message.dat,1686
sys,1448,Congratulation!! You won a silver medal!,1,bango-file,message.dat,1687
sys,1449,Congratulation!! You won a gold medal!,1,bango-file,message.dat,1688
sys,1450,Leader can't use magic while praying.,1,bango-file,message.dat,1690
sys,1451,Leader can't receive magic while praying.,1,bango-file,message.dat,1691
sys,1452,%1!d! seconds left for reviving.,1,bango-file,message.dat,1692
sys,1453,Prayer can't be taken from this place.,1,bango-file,message.dat,1693
sys,1454,You have no qualification for prayer.,1,bango-file,message.dat,1694
sys,1455,"This time, %2 of %1 get the qualification same as the leader temporally.",1,bango-file,message.dat,1695
sys,1456,[Register for the Tournament],1,bango-file,message.dat,1696
sys,1457,"Would you like to register for the tournament? If you click on Register button, application fee 10,000 geon will be consumed. Once your application is completed, you will not receive your money back even if you are not selected.",1,bango-file,message.dat,1697
sys,1458,"Would you like to register for the tournament? When you click on Register button, message for agreement will be sent to other participants and if they agree, 10,000 geon will be consumed. Once your application is completed, you will not receive your money back even if you are not selected.",1,bango-file,message.dat,1698
sys,1459,"Would you like to register for the tournament for 3:3 with %1? 10,000 geon will be consumed as you clikc on Register button. Once your application is completed, you will not receive your money back even if you are not selected.",1,bango-file,message.dat,1699
sys,1460,"Would you like to register for the tournament for 6:6 with %1? 10,000 geon will be consumed as you clikc on Register button. Once your application is completed, you will not receive your money back even if you are not selected.",1,bango-file,message.dat,1700
sys,1461,Participant,1,bango-file,message.dat,1701
sys,1462,It is impossible to join/secede/expel for the guilds that are participating or waiting for the training of battle area.,1,bango-file,message.dat,1702
sys,1463,Out of the target range.,1,bango-file,message.dat,1703
sys,1464,You have already registered.,1,bango-file,message.dat,1704
sys,1465,It's not the time for registration of tournament.,1,bango-file,message.dat,1705
sys,1466,Registration for Tournament has expired.,1,bango-file,message.dat,1706
sys,1467,Not enough money of member.,1,bango-file,message.dat,1707
sys,1468,Other party's level is lower than 50.,1,bango-file,message.dat,1708
sys,1469,Other party has already applied or waiting for the registration.,1,bango-file,message.dat,1709
sys,1470,Waiting for other party's acceptance for your participation.,1,bango-file,message.dat,1710
sys,1471,Other party has accepted your request for participation.,1,bango-file,message.dat,1711
sys,1472,Other party has rejected your participation.,1,bango-file,message.dat,1712
sys,1473,Other party is already in process of registration with other user.,1,bango-file,message.dat,1713
sys,1474,Preparing to move to the Leader.,1,bango-file,message.dat,1715
sys,1475,Moving to the leader.,1,bango-file,message.dat,1716
sys,1476,You can't move to the leader because the leader is not connected.,1,bango-file,message.dat,1717
sys,1477,It only can be used in Protecting Leader Training area.,1,bango-file,message.dat,1718
sys,1478,Only the leader can use this item.,1,bango-file,message.dat,1719
sys,1479,The leader can't use this item.,1,bango-file,message.dat,1720
sys,1480,Can't be used this time.,1,bango-file,message.dat,1721
sys,1481,"Waiting for other party's participation. If you click on cancel button, you can cancel your request for participation.",1,bango-file,message.dat,1722
sys,1482,Your request for participation has been cancled.,1,bango-file,message.dat,1723
sys,1483,Your request for participation has been registered.,1,bango-file,message.dat,1724
sys,1484,Portable Bomb can't be used on this area.,1,bango-file,message.dat,1727
sys,1485,Scroll of Invincibility #n Making all attacks ineffectively from your enemies.,1,bango-file,message.dat,1728
sys,1486,Invincibility is on.,1,bango-file,message.dat,1729
sys,1487,Invincibility is off. ,1,bango-file,message.dat,1730
sys,1488,"This game is for users over 15, so you can not play this game.",1,bango-file,message.dat,1731
sys,1489,You can not use your item during observation.,1,bango-file,message.dat,1732
sys,1490,You are dead. You will be automatically revive in 10 seconds. ,1,bango-file,message.dat,1733
sys,1491,[Duel tournament competition],1,bango-file,message.dat,1734
sys,1492,You can not fight at the moment. You will revive in 10 seconds automatically.,1,bango-file,message.dat,1735
sys,1493,Game willl start in %1!d! seconds.,1,bango-file,message.dat,1736
sys,1494,You have %1!d! minutes %2!d! seconds left.,1,bango-file,message.dat,1737
sys,1495,Duel tournament has started.,1,bango-file,message.dat,1738
sys,1496,Duel tournament has ended.,1,bango-file,message.dat,1739
sys,1497,You can not use this while you are viewing.,1,bango-file,message.dat,1740
sys,1498,"Because you've already attended 5 times, your registration won't be accepted this time. Try for the next tournament.",1,bango-file,message.dat,1741
sys,1499,The duel between %1 and %2 is about to begin in a moment.,1,bango-file,message.dat,1742
sys,1500,Automatically win by default because %1 doesn't show up.,1,bango-file,message.dat,1743
sys,1501,The duel between %1 and %2 is just started.,1,bango-file,message.dat,1744
sys,1502,%3 wins from the duel between %1 and %2 .,1,bango-file,message.dat,1745
sys,1503,Next match is beginning at the Arena 1. Please wait for one moment.,1,bango-file,message.dat,1746
sys,1504,The tournament is ended and the final winner is %1 .,1,bango-file,message.dat,1747
sys,1505,RedDamage : [ %1!d! ] BlueDamage:[ %2!d! ],1,bango-file,message.dat,1748
sys,1506,<No Show>,1,bango-file,message.dat,1749
sys,1507,Health Decrease x 1#nGradually Health Decreases.,1,bango-file,message.dat,1752
sys,1508,Health Decrease x 2#nGradually Health Decreases.,1,bango-file,message.dat,1753
sys,1509,Health Decrease x 3#nGradually Health Decreases.,1,bango-file,message.dat,1754
sys,1510,Health Decrease x 4#nGradually Health Decreases.,1,bango-file,message.dat,1755
sys,1511,Health Decrease x 5#nGradually Health Decreases.,1,bango-file,message.dat,1756
sys,1512,Health Decrease x 6#nGradually Health Decreases,1,bango-file,message.dat,1757
sys,1513,Health Decrease x 7#nGradually Health Decreases.,1,bango-file,message.dat,1758
sys,1514,Health Decrease x 8#nGradually Health Decreases.,1,bango-file,message.dat,1759
sys,1515,Health Decrease x 9#nGradually Health Decreases.,1,bango-file,message.dat,1760
sys,1516,Health Decrease x 1,1,bango-file,message.dat,1761
sys,1517,Health Decrease x 2,1,bango-file,message.dat,1762
sys,1518,Health Decrease x 3,1,bango-file,message.dat,1763
sys,1519,Health Decrease x 4,1,bango-file,message.dat,1764
sys,1520,Health Decrease x 5,1,bango-file,message.dat,1765
sys,1521,Health Decrease x 6,1,bango-file,message.dat,1766
sys,1522,Health Decrease x 7,1,bango-file,message.dat,1767
sys,1523,Health Decrease x 8,1,bango-file,message.dat,1768
sys,1524,Health Decrease x 9,1,bango-file,message.dat,1769
sys,1525,Movement Speed Decrease x 1#nYour body feels like it weighs a Ton.,1,bango-file,message.dat,1770
sys,1526,Movement Speed Decrease x 2#nYour body feels like it weighs a Ton.,1,bango-file,message.dat,1771
sys,1527,Movement Speed Decrease x 3#nYour body feels like it weighs a Ton.,1,bango-file,message.dat,1772
sys,1528,Movement Speed Decrease x 4#nYour body feels like it weighs a Ton.,1,bango-file,message.dat,1773
sys,1529,Movement Speed Decrease x 5#nYour body feels like it weighs a Ton.,1,bango-file,message.dat,1774
sys,1530,Movement Speed Decrease x 6#nYour body feels like it weighs a Ton.,1,bango-file,message.dat,1775
sys,1531,Movement Speed Decrease x 7#nYour body feels like it weighs a Ton.,1,bango-file,message.dat,1776
sys,1532,Movement Speed Decrease x 8#nYour body feels like it weighs a Ton.,1,bango-file,message.dat,1777
sys,1533,Movement Speed Decrease x 9#nYour body feels like it weighs a Ton.,1,bango-file,message.dat,1778
sys,1534,Movement Speed Decrease x 1,1,bango-file,message.dat,1779
sys,1535,Movement Speed Decrease x 2,1,bango-file,message.dat,1780
sys,1536,Movement Speed Decrease x 3,1,bango-file,message.dat,1781
sys,1537,Movement Speed Decrease x 4,1,bango-file,message.dat,1782
sys,1538,Movement Speed Decrease x 5,1,bango-file,message.dat,1783
sys,1539,Movement Speed Decrease x 6,1,bango-file,message.dat,1784
sys,1540,Movement Speed Decrease x 7,1,bango-file,message.dat,1785
sys,1541,Movement Speed Decrease x 8,1,bango-file,message.dat,1786
sys,1542,Movement Speed Decrease x 9,1,bango-file,message.dat,1787
sys,1543,Poison of the dragon is all over you.,1,bango-file,message.dat,1788
sys,1544,You cannont enter the E-Mok Island.,1,bango-file,message.dat,1789
sys,1545,  Locked  ,1,bango-file,message.dat,1792
sys,1546,%1 will be locked. Will you continue? (Try not to use the account's passwords for preventing from hacking,1,bango-file,message.dat,1795
sys,1547,It is already locked.,1,bango-file,message.dat,1796
sys,1548,You cannot lock this item.,1,bango-file,message.dat,1797
sys,1549,You locked your item.,1,bango-file,message.dat,1798
sys,1550,%1,1,bango-file,message.dat,1799
sys,1551,Your password is incorrect. Please type your password again.,1,bango-file,message.dat,1800
sys,1552,Password should be 4~12 numbers and letters.,1,bango-file,message.dat,1801
sys,1553,Questions and Answer should be in 4~12 letters.,1,bango-file,message.dat,1802
sys,1554,%1 will be unlocked. Will you continue?(Please be aware that Key will be consumed even if you type in incorrect password.),1,bango-file,message.dat,1806
sys,1555,It's not Locked.,1,bango-file,message.dat,1807
sys,1556,You cannot open this item by using Key.,1,bango-file,message.dat,1808
sys,1557,You are already using lock.,1,bango-file,message.dat,1809
sys,1558,Key is already in use.,1,bango-file,message.dat,1810
sys,1559,You cannot use lock and key together.,1,bango-file,message.dat,1811
sys,1560,%1 will be locked permanently because the of chances of inputting passwords are exceeded. Please contact the CS of Kalonline.,1,bango-file,message.dat,1813
sys,1561,You have %1!d!hours left to stay in the E-Mok Island.,1,bango-file,message.dat,1816
sys,1562,Unauthorized character is contained in the Password.,1,bango-file,message.dat,1823
sys,1563,Unauthorized character is contained in the Question.,1,bango-file,message.dat,1824
sys,1564,Unauthorized character is contained in the Answer.,1,bango-file,message.dat,1825
sys,1565,Unauthorized character is contained.,1,bango-file,message.dat,1826
sys,1566,Skills can't be executed in current condition.,1,bango-file,message.dat,1829
sys,1567,Server is full. You are placed in a queue. Please try again later.,1,bango-file,message.dat,1833
sys,1568, Please log in again after 10 seconds ,1,bango-file,message.dat,1836
sys,1569,You have succeeded.,1,bango-file,message.dat,1839
sys,1570,It's impossible due to your level.,1,bango-file,message.dat,1840
sys,1571,There are no Fish Trap.,1,bango-file,message.dat,1841
sys,1572,You are already registered.,1,bango-file,message.dat,1842
sys,1573,You don't have enough money.,1,bango-file,message.dat,1843
sys,1574,It's not period for Event registration.,1,bango-file,message.dat,1844
sys,1575,There are no winners of that name last week.,1,bango-file,message.dat,1845
sys,1576,Not enough money and/or materials.,1,bango-file,message.dat,1846
sys,1577,Strength has effect on characters' attack and on-target point.,1,bango-file,message.dat,1849
sys,1578,Health has effect on characters' life.,1,bango-file,message.dat,1850
sys,1579,"Intelligence has effect on characters' magic using attack,#nand resistance to ice, fire, and Lightning attacks.",1,bango-file,message.dat,1851
sys,1580,Wisdom has effect on Recovering Energy and Curse Resistance.,1,bango-file,message.dat,1852
sys,1581,Ability has effect on characters' attack and evasions.,1,bango-file,message.dat,1853
sys,1582,Remaining points can be consumed to increase the status#npoint. Raising 1 point can consume different amount.,1,bango-file,message.dat,1854
sys,1583,You are not capable of using this at this time.,1,bango-file,message.dat,1857
sys,1584,You have returned %1 quantity of Imperfect Element of Fire.,1,bango-file,message.dat,1860
sys,1585,You have returned %1 quantity of Imperfect Element of Water.,1,bango-file,message.dat,1861
sys,1586,You have returned %1 quantity of Imperfect Element of Wood.,1,bango-file,message.dat,1862
sys,1587,You have returned %1 quantity of Imperfect Element of Iron.,1,bango-file,message.dat,1863
sys,1588,You have returned %1 quantity of Imperfect Element of Earth.,1,bango-file,message.dat,1864
sys,1589,Target is not log-in at the moment.,1,bango-file,message.dat,1867
sys,1590,"You can't move, now.",1,bango-file,message.dat,1868
sys,1591,Assassin is not available.,1,bango-file,message.dat,1869
sys,1594,Virulent Arrow,1,bango-file,message.dat,1876
sys,1595,Therapeutic touch,1,bango-file,message.dat,1877
sys,1599,You are registered.,1,bango-file,message.dat,1884
sys,1600,The South Gate Restoration Event#nGathering 20% more EXP,1,bango-file,message.dat,1892
sys,1601,The South Gate Restoration Event,1,bango-file,message.dat,1893
sys,1604,[Suffering Valley Registration Guild],1,bango-file,message.dat,1901
sys,1605,[Suffering Valley Registration Participating  List],1,bango-file,message.dat,1902
sys,1606,[Suffering Valley Registration Participants],1,bango-file,message.dat,1903
sys,1607,Scenario 3-3 Would you like to participate in Suffering Valley Training?,1,bango-file,message.dat,1904
sys,1608,Scenario 3-3 Suffering Valley Recall Buff,1,bango-file,message.dat,1905
sys,1609,Flag Buff#ndefense 50 increase,1,bango-file,message.dat,1908
sys,1610,Flag Buff,1,bango-file,message.dat,1909
sys,1613,[Scenario 3-3 Suffering Valley],1,bango-file,message.dat,1913
sys,1614,Scenario 3-3 Suffering Valley encampment Buff#nDefense level 100 increase#nResistance level 10 increase,1,bango-file,message.dat,1914
sys,1615,Scenario 3-3 Suffering Valley encampment Buff,1,bango-file,message.dat,1915
sys,1611,%2 is attached for %1.,1,bango-file,message.dat,1918
sys,1612,%3 geon is set for the price of %2 for %1.,1,bango-file,message.dat,1919
sys,1616,#pos(20 8)Checking Duplication#n#pos(20 30)#color(0 255 0)%1 #color(255 255 255)can be used.#n#pos(20 35)Do you want to use it?,1,bango-file,message.dat,1922
sys,1617,#pos(20 8)Checking Duplication#n#pos(20 30)#color(0 255 0)%1 #color(255 255 255)can??t be used.#n#pos(20 35)Please use #color(0 255 0)another 'Army name'#color(255 255 255).,1,bango-file,message.dat,1923
sys,1618,"#pos(20 8)Warning!#n#pos(20 30)Before creating an army, #n#pos(20 35)please #color(0 255 0)check the name duplication#color(255 255 255).",1,bango-file,message.dat,1924
sys,1619,#pos(20 8)Warning!#n#pos(20 30)Please input the army name and#n#pos(20 35)#color(0 255 0)check the name duplication#color(255 255 255).,1,bango-file,message.dat,1925
sys,1620,#pos(20 8)Opening to the public your Army#n#pos(20 30)Please choose that you want to #color(0 255 0)open #color(255 255 255)or #color(0 255 0)close#n#pos(20 35)#color(255 255 255)your army to the public.,1,bango-file,message.dat,1926
sys,1621,#pos(20 8)Army Creation Completed!#n#pos(20 30)Congratulations!!#n#pos(20 35)#color(0 255 0)%1 #color(255 255 255)Army has been created.,1,bango-file,message.dat,1927
sys,1622,"#pos(20 8)Warning!#n#pos(20 30)You??re already in an army so it can??t be created.#n#pos(20 35)If you want to create it,#n#pos(20 40)please leave or dismiss your army.",1,bango-file,message.dat,1928
sys,1623,#pos(20 8)#color(0 0 255)Discharging #color(255 255 255)Confirmation#n#pos(20 30)#color(0 255 0)%1 #color(255 255 255)will be discharged from the army.#n#pos(20 35)Do you want to continue?,1,bango-file,message.dat,1929
sys,1624,#pos(20 8)#color(0 0 255)Discharging #color(255 255 255)Confirmation#n#pos(20 30)#color(0 255 0)%1 #color(255 255 255)has been discharged from the army.,1,bango-file,message.dat,1930
sys,1625,#pos(20 8)#color(0 0 255)Army Dismissal!!#n#pos(20 30)#color(0 255 0)%1 #color(255 255 255)will be #color(255 0 0)dismissed#color(255 255 255).#n#pos(20 35)It can??t be restored once it??s done.#n#pos(20 40)will you continue?,1,bango-file,message.dat,1931
sys,1626,#pos(20 8)#color(0 0 255)Army Dismissal Confirmation#n#pos(20 30)#color(0 255 0)%1 #color(255 255 255)has been dismissed.,1,bango-file,message.dat,1932
sys,1627,#pos(20 8)#color(0 0 255)Leaving Army!!#n#pos(20 30)#color(0 255 0)%1 #color(255 255 255)will #color(255 0 0)leave #color(255 255 255)from the army.#n#pos(20 35)It can??t be restored once it??s done.#n#pos(20 40)will you continue?,1,bango-file,message.dat,1933
sys,1628,#pos(20 8)#color(0 0 255)Leaving Army Confirmation#n#pos(20 30)#color(0 255 0)%1 #color(255 255 255)has been left from the army.,1,bango-file,message.dat,1934
sys,1629,#pos(20 8)#color(0 0 255)Changing Army Introduction Confirmation#n#pos(20 30)#color(0 255 0)Army Introduction #color(255 255 255)has been changed.,1,bango-file,message.dat,1935
sys,1630,#pos(20 8)#color(0 0 255)Army Joining Application#n#pos(20 30)Applying to #color(0 255 0)%1 #color(255 255 255)army will you continue?,1,bango-file,message.dat,1936
sys,1631,#pos(20 8)#color(0 0 255)Army Joining Application Confirmation#n#pos(20 30)Applying to #color(0 255 0)%1 #color(255 255 255)has been completed.,1,bango-file,message.dat,1937
sys,1632,#pos(20 8)#color(0 0 255)Warning!#n#pos(20 30)You??re already in #color(0 255 0)%1#color(255 255 255).#n#pos(20 35)Please cancel your application and try again.,1,bango-file,message.dat,1938
sys,1633,#pos(20 8)#color(0 0 255)Warning!#n#pos(20 30)Maximum capacity of 200 for #color(0 255 0)%1#n#pos(20 35)#color(255 255 255)has been exceeded.,1,bango-file,message.dat,1939
sys,1634,#pos(20 8)#color(255 255 255)Warning!#n#pos(20 30)You??re already in an army.#n#pos(20 35)Please leave your army before applying.,1,bango-file,message.dat,1940
sys,1635,#pos(20 8)Warning!#n#pos(20 30)Please input the army introduction.,1,bango-file,message.dat,1941
sys,1636,#pos(20 8)Warning!#n#pos(20 30)You??re not in an army.,1,bango-file,message.dat,1942
sys,1637,#pos(20 8)#color(0 0 255)Warning!#n#pos(20 30)#color(255 255 255)You??re not in an army.,1,bango-file,message.dat,1943
sys,1638,#pos(20 8)#color(0 0 255)Warning!#n#pos(20 30)#color(0 255 0)You??re registered for the event.,1,bango-file,message.dat,1944
sys,1639,#pos(20 8)#color(0 0 255)Warning!#n#pos(20 30)#color(0 255 0)Registration for the event has not been made.,1,bango-file,message.dat,1945
sys,1640,#pos(20 8)#color(0 0 255)Leave Army confirmation#n#pos(20 30)#color(255 255 255)One Soldier is not normal#n#pos(20 35)because you can not unsubscribe.,1,bango-file,message.dat,1946
sys,1641,#pos(20 8)#color(0 0 255)Warning!#n#pos(20 30)#color(255 255 255)Levels of less than 45 users#n#pos(20 35)will be able to participate in the event.#n#pos(20 40)thank you.,1,bango-file,message.dat,1947
sys,1642,"#pos(20 8)#color(0 0 255)Warning!#n#pos(20 30)#color(255 255 255)The name of the wrong type.#n#pos(20 35)Special characters, spaces are not available.",1,bango-file,message.dat,1948
sys,1643,#pos(20 8)#color(0 0 255)Warning!#n#pos(20 35)#color(255 255 255)You do not have permission.,1,bango-file,message.dat,1949
sys,1645,Army Commander,1,bango-file,message.dat,1951
sys,1646,Battalion Leader ,1,bango-file,message.dat,1952
sys,1647,Soldier,1,bango-file,message.dat,1953
sys,1648,Discharged Soldier,1,bango-file,message.dat,1954
sys,1649,There's one problem found. Try re-login please. %n%n( ErrorCode %%#x ),1,bango-file,message.dat,1957
sys,1650,Kal online !PowerUP! Event!,1,bango-file,message.dat,1960
sys,1651,happy hour #n %50 of Hunting experience increases.,1,bango-file,message.dat,1961
sys,1652,"happy hour #n This has Lucky Finish effect. #n (when hunting, your zamogeons will increase in random probability 2times~300times)",1,bango-file,message.dat,1962
sys,1653,happy hour #n Earned Zamogeon increase 20%.,1,bango-file,message.dat,1963
sys,1654,happy hour #n Item drop 20% increase.,1,bango-file,message.dat,1964
sys,1655,"happy hour #n Strength 7pt., intelligence 7pt. increase.",1,bango-file,message.dat,1965
sys,1656,happy hour #n Physical Defense 50 point and Magic resistance 20 point increase.,1,bango-file,message.dat,1966
sys,1657,"happy hour #n On Target Point 5pt., Fatal attack percentage 5% increase.",1,bango-file,message.dat,1967
sys,1658,happy hour #n Health increase 10 pt.,1,bango-file,message.dat,1968
sys,1659,happy hour #n Speed of Movement increase. #n (This does not overlap with pre-existing item or skills.),1,bango-file,message.dat,1969
sys,1660,"happy hour #n Physical, magical attack 10% increase.",1,bango-file,message.dat,1970
sys,1661,happy hour #n Final damage 10% decrease.(applies only to monsters.),1,bango-file,message.dat,1971
sys,1662,"happy hour #n Explosive Blow percentage is increased by 3%, #n on target point 5, avoiding point 2 are increased.",1,bango-file,message.dat,1972
sys,1663,"happy hour #n Strength 2, Health 5, Intelligence 2, Wisdom 5, #n Agility 3pt. are increased.",1,bango-file,message.dat,1973
sys,1664,happy hour #n Draining the enemy's HP with 10% activity percentage,1,bango-file,message.dat,1974
sys,1665,Happy hour will start in %1 minute(s),1,bango-file,message.dat,1976
sys,1666,Happy hour will end in %1 minute(s),1,bango-file,message.dat,1978
sys,1667,[Happy Hour] Enemy's HP is drained,1,bango-file,message.dat,1980
sys,1668,%1 minute,1,bango-file,message.dat,1981
sys,1669,"Today, 'Kal online !PowerUP! Event!' is %1,%2,%3",1,bango-file,message.dat,1982
sys,1670,Stone of Lucky,1,bango-file,message.dat,1983
sys,1671,Stone of Wealth,1,bango-file,message.dat,1984
sys,1672,Drop,1,bango-file,message.dat,1985
sys,1673,Power Improvement,1,bango-file,message.dat,1986
sys,1674,Defense Improvement,1,bango-file,message.dat,1987
sys,1675,Taget.crt,1,bango-file,message.dat,1988
sys,1676,Health,1,bango-file,message.dat,1989
sys,1677,speed up,1,bango-file,message.dat,1990
sys,1678,Power Improvement,1,bango-file,message.dat,1991
sys,1679,Damage Reduction,1,bango-file,message.dat,1992
sys,1680,ex.ta.ev,1,bango-file,message.dat,1993
sys,1681,All state,1,bango-file,message.dat,1994
sys,1682,HP Absorption,1,bango-file,message.dat,1995
sys,1683,"After %1 minute, from %%02d:%%02d 'Kal online !PowerUP! Event!' begins. Please participate and enjoy.",1,bango-file,message.dat,1996
sys,1684,After ,1,bango-file,message.dat,1997
sys,1685,blank,1,bango-file,message.dat,1998
sys,1651,Kal online !PowerUP! Event!#n50%% of Hunting experience increases.,2,bango-file,message.dat,2001
sys,1657,"Kal online !PowerUP! Event!#nOn Target Point 7pt, Fatal attack percentage 7% increase.",2,bango-file,message.dat,2002
sys,1660,"Kal online !PowerUP! Event!#nPhysical, magical attack 15% increase.",2,bango-file,message.dat,2003
sys,1662,"Kal online !PowerUP! Event!#nExplosive Blow percentage is 7%%% increased, #n on target point 7, avoiding point 3 are increased.",2,bango-file,message.dat,2004
sys,1663,Kal online !PowerUP! Event! STARTS,2,bango-file,message.dat,2005
sys,1664,Kal online !PowerUP! Event! ENDS,2,bango-file,message.dat,2006
sys,1718,Firmamental Pillar Attack + buff#naccuracy point will rise by 15,1,bango-file,message.dat,2018
sys,1719,Firmamental Pillar Defence + buff#nevasion point will rise by 15,1,bango-file,message.dat,2019
sys,1720,Firmamental Pillar Attack - buff#naccuracy point will fall by 15,1,bango-file,message.dat,2020
sys,1721,Firmamental Pillar Defence - buff#nevasion point will fall by 15,1,bango-file,message.dat,2021
sys,1722,Island of the Battle Field,1,bango-file,message.dat,2022
sys,1723,Firmamental Pillar Attack + buff,1,bango-file,message.dat,2023
sys,1724,Firmamental Pillar Defence + buff,1,bango-file,message.dat,2024
sys,1725,Firmamental Pillar Attack - buff,1,bango-file,message.dat,2025
sys,1726,Firmamental Pillar Defence - buff,1,bango-file,message.dat,2026
sys,1727,White Tiger Team,1,bango-file,message.dat,2027
sys,1728,Blue Dragon Team,1,bango-file,message.dat,2028
sys,1729,%2 of %1 conquered %3.,1,bango-file,message.dat,2029
sys,1730,%3 of %2 is raising a pillar on %1.,1,bango-file,message.dat,2030
sys,1731,%1 is destroyed by the guk-point conquering effect.,1,bango-file,message.dat,2031
sys,1732,%2 of %1 destroyed the pilar of %3.,1,bango-file,message.dat,2032
sys,1733,Monsters of %1 destroyed the pilar of %2.,1,bango-file,message.dat,2033
sys,1734,You can't conquer %2 before destroying the guk-point.,1,bango-file,message.dat,2034
sys,1735,You have no Firmamental Pillar.,1,bango-file,message.dat,2035
sys,1736,You scored a success to raise the pillar.,1,bango-file,message.dat,2036
sys,1737,You canceled raising a pillar.,1,bango-file,message.dat,2037
sys,1738,%3 of %2 conquered %1.,1,bango-file,message.dat,2038
sys,1739,You can't conquer before destroying the guk-point.,1,bango-file,message.dat,2039
sys,1740,You clicked the Firmamental Pillar Base.,1,bango-file,message.dat,2040
sys,1741,Island of the Battle Field' Begins.,1,bango-file,message.dat,2041
sys,1742,Island of the Battle Field' Ends.,1,bango-file,message.dat,2042
sys,1743,gun-point,1,bango-file,message.dat,2043
sys,1744,gon-point,1,bango-file,message.dat,2044
sys,1745,gam-point,1,bango-file,message.dat,2045
sys,1746,lee-point,1,bango-file,message.dat,2046
sys,1747,guk-point,1,bango-file,message.dat,2047
sys,1748,You are conquering the %1 now.,1,bango-file,message.dat,2048
sys,1749,Are you using strengthening scroll to the pillar?,1,bango-file,message.dat,2049
sys,1750,%2 of %1 is using strengthening scroll to the pillar.,1,bango-file,message.dat,2050
sys,1751,You are strengthening the pillar of %1 point.,1,bango-file,message.dat,2051
sys,1752,You have been strengthened the pillar of %1 point.,1,bango-file,message.dat,2052
sys,1753,You can't use strengthening scroll repetitiously.,1,bango-file,message.dat,2053
sys,1754,strengthening was cancelled.,1,bango-file,message.dat,2054
sys,1755,#valign(25)#halign(center)#color(0 255 0) Will you recall the party?,1,bango-file,message.dat,2057
sys,1756,#valign(25)#halign(center)#color(0 255 0) Will you recall the guild?,1,bango-file,message.dat,2058
sys,1757,#valign(25)#halign(center)#color(0 255 0) %1 #color(255 255 255) #n#valign(35)#halign(center) is not log-in at the moment.,1,bango-file,message.dat,2059
sys,1758,#valign(25)#halign(center)#color(0 255 255) you should join the party first.,1,bango-file,message.dat,2060
sys,1759,#valign(25)#halign(center)#color(0 255 255) you should join the guild first.,1,bango-file,message.dat,2061
sys,1760,#valign(25)#halign(center)#color(0 255 255) Will not be able to recall.,1,bango-file,message.dat,2062
sys,1761,#valign(25)#halign(center)#color(0 255 255) You don't have permission to recall the guild.,1,bango-file,message.dat,2063
sys,1762,#valign(25)#halign(center)#color(0 255 255) turned down the recall.,1,bango-file,message.dat,2064
sys,1763,#valign(25)#halign(center)#color(0 255 255) There is another recall process progressing.,1,bango-file,message.dat,2065
sys,1764,#valign(25)#halign(center)#color(0 255 0) %1 #color(255 255 255) will recall you to him(her). #n#valign(35)#halign(center) Do you accept the recall?,1,bango-file,message.dat,2066
sys,1765,#valign(25)#halign(center)#color(255 255 255) Recalls #color(0 255 0) %1 #color(255 255 255) ?,1,bango-file,message.dat,2067
sys,1766,The element is insufficient.,1,bango-file,message.dat,2070
sys,1767,Blessing of Son of the Sky#nPower is increased by 8%,1,bango-file,message.dat,2073
sys,1768,job is changed with the %1,1,bango-file,message.dat,2075
sys,1769,"[Jae-Ga] calls you in [Temporary Fort of Geum-Ohee Castle]. Please, Go to [Jae-Ga]",1,bango-file,message.dat,2076
sys,1770,Secondary password was incorrect.,1,bango-file,message.dat,2081
sys,1771,Did not input Secondary password.,1,bango-file,message.dat,2082
sys,1772,Secondary password' must fill with 8-digit number.,1,bango-file,message.dat,2083
sys,1773,Secondary password' must fill with 8-digit number.,1,bango-file,message.dat,2084
sys,1774,Secondary password' table & 'Confirm Secondary password' table are must be the same.,1,bango-file,message.dat,2085
sys,1775,Did not input Old password.,1,bango-file,message.dat,2086
sys,1776,Old password was incorrect.,1,bango-file,message.dat,2087
sys,1777,Old password' must fill with 8-digit number.,1,bango-file,message.dat,2088
sys,1778,Old password' must fill with 8-digit number.,1,bango-file,message.dat,2089
sys,1779,Did not input New password.,1,bango-file,message.dat,2090
sys,1780,New password was incorrect.,1,bango-file,message.dat,2091
sys,1781,New password' must fill with 8-digit number.,1,bango-file,message.dat,2092
sys,1782,New password' must fill with 8-digit number.,1,bango-file,message.dat,2093
sys,1783,New password' table & 'Confirm Secondary password' table are must be the same.,1,bango-file,message.dat,2094
sys,1784,"Reconfirm the Secondary password, please input correct secondary password.",1,bango-file,message.dat,2095
sys,1785,Secondary password' table & 'Confirm Secondary password' table are must be the same.,1,bango-file,message.dat,2096
sys,1786,Secondary password' must fill with 8-digit number.,1,bango-file,message.dat,2097
sys,1787,You account was blocked for inputting wrong secondary password 5 times in a row. Please contact C/S center in the official homepage.,1,bango-file,message.dat,2101
sys,1788,There's already 'Secondary password' exist.,1,bango-file,message.dat,2103
sys,1789,Create Secondary password.,1,bango-file,message.dat,2104
sys,1790,"You can not use Keyboard, only can make fill with mouse click.",1,bango-file,message.dat,2105
sys,1793,Blessing,1,bango-file,message.dat,2108
sys,1794,magic Intensification,1,bango-file,message.dat,2109
sys,1795,Perfect defense,1,bango-file,message.dat,2110
sys,1796,the %1's attack is blocked.,1,bango-file,message.dat,2111
sys,1797,Your attack is absorbed by %1.,1,bango-file,message.dat,2113
sys,1804,Event #n Gathering EXP 120%#n Dropping Rate 120%,1,bango-file,message.dat,2117
sys,1805,Event #n Gathering EXP 150%#n Dropping Rate 150%,1,bango-file,message.dat,2118
sys,1806,Event #n Gathering EXP 170%#n Dropping Rate 170%,1,bango-file,message.dat,2119
sys,1807,Alumni,1,bango-file,message.dat,2122
sys,1808,%1 purchased %3!d! of %2 item.,1,bango-file,message.dat,2123
sys,1809,%1 purchased %2 item.,1,bango-file,message.dat,2124
sys,1810,Load character,1,bango-file,message.dat,2125
sys,1998,Blessing of Son of the Sky#nDefense is increased by 12%,1,bango-file,message.dat,2128
sys,1999,Blessing of Son of the Sky,1,bango-file,message.dat,2129
sys,2000,Thief,1,bango-file,message.dat,2133
sys,2001,Wandering Thief,1,bango-file,message.dat,2134
sys,2002,Thief Guild member,1,bango-file,message.dat,2135
sys,2003,Hitman,1,bango-file,message.dat,2136
sys,2004,I. Swordman,1,bango-file,message.dat,2137
sys,2005,Dark Shadow,1,bango-file,message.dat,2138
sys,2006,Unearthly Ghost,1,bango-file,message.dat,2139
sys,2007,ZilPoongShinRhoe,1,bango-file,message.dat,2141
sys,2008,Hiding,1,bango-file,message.dat,2143
sys,2009,Stun,1,bango-file,message.dat,2144
sys,2010,Confusion,1,bango-file,message.dat,2145
sys,2011,Strangle,1,bango-file,message.dat,2146
sys,2012,Dual Shadow,1,bango-file,message.dat,2147
sys,2013,Dance of Killing,1,bango-file,message.dat,2148
sys,2014,Fatal Wound,1,bango-file,message.dat,2149
sys,2015,Ankle Amputate,1,bango-file,message.dat,2150
sys,2016,Vital Strike,1,bango-file,message.dat,2151
sys,2017,Rupture,1,bango-file,message.dat,2152
sys,2018,High Class Hiding,1,bango-file,message.dat,2153
sys,2019,Counter attack,1,bango-file,message.dat,2154
sys,2020,Armor Breaker,1,bango-file,message.dat,2155
sys,2021,Twin Blade Strike,1,bango-file,message.dat,2156
sys,2022,miss the target,1,bango-file,message.dat,2157
sys,2029,World in Christmas Bless,1,bango-file,message.dat,2160
sys,2026,"To change imperfect element into perfect element, %1 geon will be required. Do you continue?",1,bango-file,message.dat,2163
sys,2027,Changed successfully.%1,1,bango-file,message.dat,2164
sys,2030,element of fire %1 (EA),1,bango-file,message.dat,2165
sys,2031,element of water %1 (EA),1,bango-file,message.dat,2166
sys,2032,element of wood %1 (EA),1,bango-file,message.dat,2167
sys,2033,element of iron %1 (EA),1,bango-file,message.dat,2168
sys,2034,element of ground %1 (EA),1,bango-file,message.dat,2169
sys,2035,Change all failed.,1,bango-file,message.dat,2170
sys,2037,Breath of Darkness,1,bango-file,message.dat,2173
sys,2038,Breath of Darkness #n health is getting decreased.,1,bango-file,message.dat,2174
sys,2039,Approaching Death,1,bango-file,message.dat,2175
sys,2040,Approaching Death #n The death is coming. Purifying is available.,1,bango-file,message.dat,2176
sys,2041,Curse of cheios,1,bango-file,message.dat,2177
sys,2042,Curse of cheios #n speed and dodge point is decreased.,1,bango-file,message.dat,2178
sys,2101,sharpness,1,bango-file,message.dat,2181
sys,2043,/ally ,1,bango-file,message.dat,2184
sys,2044,Already belong to another platoon.,1,bango-file,message.dat,2187
sys,2045,Already belong to another team.,1,bango-file,message.dat,2188
sys,2046,"If the number of current party members does not come to 8, no party can be transformed into Platoon. Check this and try again.",1,bango-file,message.dat,2189
sys,2047,"If the members of the Platoon come to 24, the Platoon cannot be transformed into Company. Check this and try again.",1,bango-file,message.dat,2190
sys,2048,Must be in the 10th floor of Tower of Priest. Check this and try again.,1,bango-file,message.dat,2191
sys,2049,Must be in the 10th floor of Tower of Priest. Check this and try again.,1,bango-file,message.dat,2192
sys,2050,The party was transformed into a Platoon. The current Platoon information can be checked at the press of 'P' button.,1,bango-file,message.dat,2193
sys,2051,The Platoon was transformed into Company. The current Company infomration can be checked at the press of 'P' button.,1,bango-file,message.dat,2194
sys,2052,The party cannot be invited because it has belonged to another Platoon.,1,bango-file,message.dat,2195
sys,2053,The party cannot be invited because it is not a eight-membered party.,1,bango-file,message.dat,2196
sys,2054,The party cannot be invited because all of the members are not in 10th floor of Tower of Priest.,1,bango-file,message.dat,2197
sys,2055,The party cannot be invited because there is no vacancy in the Platoon. At least 1 vacancy in Platoon is required for a party to be invited.,1,bango-file,message.dat,2198
sys,2056,Party invitation is available only in the name of leader. Check this and try again.,1,bango-file,message.dat,2199
sys,2057,"Party invitation can be sent only to a party. To invite a person, use the function of Individual Invitation.",1,bango-file,message.dat,2200
sys,2058,Platoon Invitation has been sent.,1,bango-file,message.dat,2201
sys,2059,%1's party joined in the Platoon.,1,bango-file,message.dat,2202
sys,2060,%1 refused to join in the Platoon,1,bango-file,message.dat,2203
sys,2061,You have been joined in %1's Platoon.The current Platoon information can be checked at the press of 'P' button.,1,bango-file,message.dat,2204
sys,2062,%1 is inviting your party to its Platoon. Do you accept it?,1,bango-file,message.dat,2205
sys,2063,%1 cannot be invited because it has already beloinged to another party.,1,bango-file,message.dat,2206
sys,2064,%1 is now in the place where it cannot be joined in the Platoon. Invite it again after you check whether it is in the 10th floor of Tower of Priest.,1,bango-file,message.dat,2207
sys,2065,%1 cannot be invited becaues there is no vacancy. To invite at least one blank space should.,1,bango-file,message.dat,2208
sys,2066,A Platoon Invitation has been sent to %1.,1,bango-file,message.dat,2209
sys,2067,%1 has been joined in the Platoon.,1,bango-file,message.dat,2210
sys,2068,%1 refused to join in the Platoon.,1,bango-file,message.dat,2211
sys,2069,You have been joined to the Platoon.The current Platoon information can be checked at the press of 'P' button.,1,bango-file,message.dat,2212
sys,2070,%1 is inviting you to its Platoon. Do you accept it?,1,bango-file,message.dat,2213
sys,2071,You have no authority to send Platoon invitation.,1,bango-file,message.dat,2214
sys,2072,You became the leader of the Platoon.,1,bango-file,message.dat,2215
sys,2073,Platoon invitation cannot be sent to any person in the battle area.,1,bango-file,message.dat,2216
sys,2074,Platoon invitation cannot be sent while you put an assassin mask on.,1,bango-file,message.dat,2217
sys,2075,Platoon invitation cannot be sent to any person in the battle area.,1,bango-file,message.dat,2218
sys,2076,Platoon invitation cannot be sent to any person in duel.,1,bango-file,message.dat,2219
sys,2077,Press 'Change Location' button after you select the 2 members whose locations would change.,1,bango-file,message.dat,2220
sys,2078,Only one-on-one interchange is available to change the 2 members' locations.,1,bango-file,message.dat,2221
sys,2079,"If the 2 members are in the same party, transfer will be unavailable.",1,bango-file,message.dat,2222
sys,2080,You have withdrawn from the Platoon.,1,bango-file,message.dat,2223
sys,2081,Platoon leader is not allowed to withdraw.,1,bango-file,message.dat,2224
sys,2082,Do you really want to withdraw from the Platoon?,1,bango-file,message.dat,2225
sys,2083,The Platoon was dissolved.,1,bango-file,message.dat,2226
sys,2084,You have no authority to dissolve the Platoon.,1,bango-file,message.dat,2227
sys,2085,Do you really want to dissolve the Platoon?,1,bango-file,message.dat,2228
sys,2086,%1 has been discharged.,1,bango-file,message.dat,2229
sys,2087,Do you really want to discharge %1?,1,bango-file,message.dat,2230
sys,2088,Press 'Discharging' butten after selecting the member that you want to discharge.,1,bango-file,message.dat,2231
sys,2089,You can discharge only one member.,1,bango-file,message.dat,2232
sys,2090,You have been excluded from the Platoon.,1,bango-file,message.dat,2233
sys,2091,You have no authority to expel it.,1,bango-file,message.dat,2234
sys,2092,%1 cannot be invited the Company because it has already beloinged to another party,1,bango-file,message.dat,2235
sys,2093,%1 is now in the place where it cannot be joined in the Company. Invite it again after you check whether it is in the 10th floor of Tower of Priest.,1,bango-file,message.dat,2236
sys,2094,%1 cannot be invited becaues there is no vacancy. To invite at least one blank space should.,1,bango-file,message.dat,2237
sys,2095,A Platoon Invitation has been sent to %1.,1,bango-file,message.dat,2238
sys,2096,%1 has been joined in the Company.,1,bango-file,message.dat,2239
sys,2097,%1 refused to join.,1,bango-file,message.dat,2240
sys,2098,You have been joined in the Company.The current Company infomration can be checked at the press of 'P' button.,1,bango-file,message.dat,2241
sys,2099,%1 is inviting you to its Company. Do you accept it?,1,bango-file,message.dat,2242
sys,2105,The party cannot be invited because it has belonged to another Platoon.,1,bango-file,message.dat,2243
sys,2106,The party cannot be invited because it is not a eight-membered party.,1,bango-file,message.dat,2244
sys,2107,Invitation cannnot be performed because all members of the Platoon are not in the 10th floor of Tower of Priest.,1,bango-file,message.dat,2245
sys,2108,The Platoon cannot be invited becaues there is no vacancy in the Company. At least 1 vacancy in Company is required for a Platoon to be invited.,1,bango-file,message.dat,2246
sys,2109,Platoon invitation can be done in the name of leader. Check this and try again.,1,bango-file,message.dat,2247
sys,2110,"Platoon invitation is available only to a Platoon. To invite a person, use the function of Individual Invitation.",1,bango-file,message.dat,2248
sys,2111,A Company Invitation has been sent to %1.,1,bango-file,message.dat,2249
sys,2112,%1's Platoon joined in the Company.,1,bango-file,message.dat,2250
sys,2113,%1 refused to join in the Company.,1,bango-file,message.dat,2251
sys,2114,You have been joined in %1's Company.The current Company infomration can be checked at the press of 'P' button.,1,bango-file,message.dat,2252
sys,2115,%1 is inviting your Platoon to the Company. Do you accept it?,1,bango-file,message.dat,2253
sys,2116,You have no authority to send Company invitation.,1,bango-file,message.dat,2254
sys,2117,You became the leader of the Company.,1,bango-file,message.dat,2255
sys,2118,Company invitation cannot be sent to any person in the battle area.,1,bango-file,message.dat,2256
sys,2119,Company invitation cannot be sent while you put an assassin mask on.,1,bango-file,message.dat,2257
sys,2120,Company invitation cannot be sent to any person in the battle area.,1,bango-file,message.dat,2258
sys,2121,Company invitation cannot be sent to any person in duel.,1,bango-file,message.dat,2259
sys,2122,Press 'Change Location' button after you select the 2 members whose locations would change.,1,bango-file,message.dat,2260
sys,2123,Only one-on-one interchange is available to change the 2 members' locations.,1,bango-file,message.dat,2261
sys,2124,"If the 2 members are in the same Platoon, transfer will be unavailable.",1,bango-file,message.dat,2262
sys,2125,You have withdrawn from the Company.,1,bango-file,message.dat,2263
sys,2126,No Company leader is allowed to withdraw.,1,bango-file,message.dat,2264
sys,2127,Do you really want to withdraw from the Company?,1,bango-file,message.dat,2265
sys,2128,The Company was dissolved.,1,bango-file,message.dat,2266
sys,2129,You have no authority to dissolve the Company.,1,bango-file,message.dat,2267
sys,2130,Do you really want to dissolve the Company?,1,bango-file,message.dat,2268
sys,2131,Do you really want to discharge %1?,1,bango-file,message.dat,2269
sys,2132,Press 'Discharging' butten after selecting the member that you want to discharge.,1,bango-file,message.dat,2270
sys,2133,You can discharge only one member.,1,bango-file,message.dat,2271
sys,2134,You have been excluded from the Company.,1,bango-file,message.dat,2272
sys,2135,You have no authority to expel it.,1,bango-file,message.dat,2273
sys,2137,There is no Platoon. Please create a Platoon first.,1,bango-file,message.dat,2274
sys,2138,%1 has withdrawn from the Platoon.,1,bango-file,message.dat,2275
sys,2139,%1 has withdrawn from the Company.,1,bango-file,message.dat,2276
sys,2140,%1 has been discharged.,1,bango-file,message.dat,2277
sys,2143,A Platoon invitation has been sent to %1.,1,bango-file,message.dat,2278
sys,2144,A Company invitation has been sent to %1.,1,bango-file,message.dat,2279
sys,2145,Do you get into I'Lryer's room?,1,bango-file,message.dat,2280
sys,2146,Only the Company leader can decide whether its Company gets in or not.,1,bango-file,message.dat,2281
sys,2147,No admittance because another team is getting into. Try again when the door is open.,1,bango-file,message.dat,2282
sys,2148,Cannot discharge Platoon leader.,1,bango-file,message.dat,2283
sys,2149,Cannot discharge Company leader.,1,bango-file,message.dat,2284
sys,2150,The party cannot be invited because it has belonged to another Company.,1,bango-file,message.dat,2285
sys,2151,The party cannot be invited because it is not a eight-membered party.,1,bango-file,message.dat,2286
sys,2152,The party cannot be invited because all of the members are not in 10th floor of Tower of Priest.,1,bango-file,message.dat,2287
sys,2153,The party cannot be invited because there is no vacancy in the Company. At least 1 vacancy in Company is required for a party to be invited.,1,bango-file,message.dat,2288
sys,2154,Party invitation is available only in the name of leader. Check this and try again.,1,bango-file,message.dat,2289
sys,2155,"Party invitation can be sent only to a party. To invite a person, use the function of Individual Invitation.",1,bango-file,message.dat,2290
sys,2156,Company Invitation has been sent.,1,bango-file,message.dat,2291
sys,2157,%1's party joined in the Company.,1,bango-file,message.dat,2292
sys,2158,%1 refused to join in the Company,1,bango-file,message.dat,2293
sys,2159,You have been joined in %1's Company.The current Company information can be checked at the press of 'P' button.,1,bango-file,message.dat,2294
sys,2160,%1 is inviting your party to its Company. Do you accept it?,1,bango-file,message.dat,2295
sys,2102,Do you restore %1 EXP by using Talisman of Transmigration?,1,bango-file,message.dat,2298
sys,2103,There is no EXP to be restored.,1,bango-file,message.dat,2299
sys,2104,%1 EXP have been restored.,1,bango-file,message.dat,2300
sys,2136,Talisman of Transmigration is now unavailable. Try again after the next midnight(based on KalOnline Standard Time) because its available time is initialized at every midnight.,1,bango-file,message.dat,2303
sys,2141,You cannot summon a monster at this place.,1,bango-file,message.dat,2306
sys,2142,The cooltime has not been finished yet.,1,bango-file,message.dat,2307
sys,2201,Breath of Darkness x %1!d! #n health is getting decreased.,1,bango-file,message.dat,2310
sys,2202,Breath of Darkness x %1!d! is activated.,1,bango-file,message.dat,2311
sys,2203,Deep Breath,1,bango-file,message.dat,2314
sys,2204,Acrobatic,1,bango-file,message.dat,2315
sys,2205,High grade Acrobatic,1,bango-file,message.dat,2316
sys,2206,Lightning Slash,1,bango-file,message.dat,2317
sys,2207,Wind Cry,1,bango-file,message.dat,2318
sys,2208,Wrath of Thief,1,bango-file,message.dat,2319
sys,2209,Shadow Slash,1,bango-file,message.dat,2320
sys,2210,Silence Step,1,bango-file,message.dat,2321
sys,2211,Wrath of Heaven,1,bango-file,message.dat,2322
sys,2212,Remove Sign,1,bango-file,message.dat,2323
sys,2213,Flame Dance,1,bango-file,message.dat,2324
sys,2214,Spin Blade,1,bango-file,message.dat,2325
sys,2216,sixth,1,bango-file,message.dat,2328
sys,2217,seventh,1,bango-file,message.dat,2329
sys,2218,eighth,1,bango-file,message.dat,2330
sys,2219,ninth,1,bango-file,message.dat,2331
sys,2220,The limited time for trade has been over. trade was canceled.,1,bango-file,message.dat,2334
sys,2222,"No party can be Challenge, Can be Reception only party leader.",1,bango-file,message.dat,2337
sys,2223,The character level of at least one of your party members is not eligible for this map. %1 to %2 are allowed.,1,bango-file,message.dat,2338
sys,2224,"You have not enough Zamo-geon, %1 Zamo-geon requires that reception the challenge.",1,bango-file,message.dat,2339
sys,2225,#pos(10 20)#color(0 0 0) Sharing Rebirth Talismans consumes the items each time #n#pos(10 25) a party member dies. #n#pos(10 30) Would you like to share the item?,1,bango-file,message.dat,2340
sys,2226,"#pos(10 20)#color(0 0 0) If you modify Challenge Grade, your game results #n#pos(10 25) will not be reflected on the ranking system. #n#pos(10 30) Do you still want to modify the grade?",1,bango-file,message.dat,2341
sys,2248,Low,1,bango-file,message.dat,2342
sys,2249,Medium,1,bango-file,message.dat,2343
sys,2250,High,1,bango-file,message.dat,2344
sys,2247,Caution! The item can be destroyed as the current success rate is not 100%.,1,bango-file,message.dat,2347
sys,2251,Virulent Arrow,1,bango-file,message.dat,2350
sys,2252,Ice Arrow x %1!d!,1,bango-file,message.dat,2351
sys,2253,Preparing a Fireball.,1,bango-file,message.dat,2352
sys,2254,ice arrow is Enabled.,1,bango-file,message.dat,2353
sys,2255,ice arrow is released.,1,bango-file,message.dat,2354
sys,2256,%1!d!#color(255 0 0) reward point will be given if you sell this. Any items that were used for strengthening and enchanting will not be compensated. Would you like to sell this now? ,1,bango-file,message.dat,2357
sys,2257,disallowed to invite any other guilds until the end scenario 3.,1,bango-file,message.dat,2361
sys,2258,Community (Hotkey:F),1,bango-file,message.dat,2364
sys,2259,Mana Circulation,1,bango-file,message.dat,2367
sys,2260,Mana Circulation#nTo facilitate the flow of inside energy#n to help the recovery of Mana.,1,bango-file,message.dat,2368
sys,2261,At least one member which is in possession of a I'Lryer's necklace is required to enter the room.,1,bango-file,message.dat,2371
sys,2262,"For 3 minutes after Monster Summoning Scroll is used, any items related with character transfer are unavailable. ",1,bango-file,message.dat,2374
sys,2263,Rev Success%,1,bango-file,message.dat,2377
sys,2264,Explosive Blow,1,bango-file,message.dat,2378
sys,2265,Cancel,1,bango-file,message.dat,2381
sys,2266,Invalid location.,1,bango-file,message.dat,2384
sys,2267,The party for Picture of Hell has been dispersed.,1,bango-file,message.dat,2385
sys,2269,Unable to send any message because private shop is open.,1,bango-file,message.dat,2388
sys,2270,Unable to open private shop because message window is open.,1,bango-file,message.dat,2389
sys,2268,Perfect party#nGathering of EXP from Monster is increased by 20%,1,bango-file,message.dat,2392
sys,2308,A Benefit of Son of the sky has been given. The available period is 1 hours.,1,bango-file,message.dat,2395
sys,2309,A Benefit of Son of the sky has been given.,1,bango-file,message.dat,2396
sys,2310,You have already received Benefit of Son of the sky today.,1,bango-file,message.dat,2397
sys,2311,No Benefit of Son of the sky has been given.,1,bango-file,message.dat,2398
sys,2312,No Benefit of Son of the sky is given in Exciting Hour.,1,bango-file,message.dat,2399
sys,2314,Event #n Gathering EXP 120%,1,bango-file,message.dat,2403
sys,2315,Event #n Gathering EXP 150%,1,bango-file,message.dat,2404
sys,2316,Event #n Gathering EXP 200%,1,bango-file,message.dat,2405
sys,2317,Event #n acquiring money increases 130%,1,bango-file,message.dat,2406
sys,2318,Event #n acquiring money increases 150%,1,bango-file,message.dat,2407
sys,2319,Event #n acquiring money increases 170%,1,bango-file,message.dat,2408
sys,2320,Event #n acquiring money increases 200%,1,bango-file,message.dat,2409
sys,2324,"A Benefit of Son of the sky #n Physical, magical attack 10% increase.",1,bango-file,message.dat,2414
sys,2325,A Benefit of Son of the sky #n Speed of Movement increase. #n (This does not overlap with pre-existing item or skills.),1,bango-file,message.dat,2415
sys,2326,A Benefit of Son of the sky #n Physical Defense 50 point and Magic resistance 20 point increase.,1,bango-file,message.dat,2416
sys,2327,A Benefit of Son of the sky #n Item drop 5% increase.,1,bango-file,message.dat,2417
sys,2328,"A Benefit of Son of the sky #n When succeess in Attack, 10% of health absorption increase.",1,bango-file,message.dat,2418
sys,2329,"A Benefit of Son of the sky #n Strength 2, Health 5, Intelligence 2, Wisdom 5, #n Agility 3pt. are increased.",1,bango-file,message.dat,2419
sys,2330,"A Benefit of Son of the sky #n Explosive Blow percentage is 5% increased, #n on target point 5, avoiding point 2 are increased.",1,bango-file,message.dat,2420
sys,2331,A Benefit of Son of the sky #n Final damage 10% decrease.(applies only to monsters.),1,bango-file,message.dat,2421
sys,2332,"A Benefit of Son of the sky #n On Target Point 5pt., Fatal attack percentage 5% increase.",1,bango-file,message.dat,2422
sys,2333,"A Benefit of Son of the sky #n This has Lucky Finish effect. #n (when hunting, your zamogeons will increase in random probability 2times~300times)",1,bango-file,message.dat,2423
sys,2334,Can get only up to 1-60 levels.,1,bango-file,message.dat,2424
sys,2336,Unable to use item while fishing.,1,bango-file,message.dat,2427
sys,2337,Chat is banned.,1,bango-file,message.dat,2430
sys,2340,Your pet is vanished since the usage period has been expired.,1,bango-file,message.dat,2433
sys,2341,Throwing-Knife of Evil Spirit#nDecrease enemy's physical attack by 50% for 5 seconds,1,bango-file,message.dat,2435
sys,2342,Blood-Burster Popp#nIncrease my maximum HP by 30% for 180 seconds,1,bango-file,message.dat,2436
sys,2343,Anorexia,1,bango-file,message.dat,2439
sys,2344,Anorexia #n Do not eat food,1,bango-file,message.dat,2440
sys,2345,Demon Nest has been destroyed Successfully. Do you want to move to the village?,1,bango-file,message.dat,2443
sys,2346,You cannot go to the Dokdo Because of permissioned person number is over.,1,bango-file,message.dat,2444
sys,2347,Time is up.,1,bango-file,message.dat,2445
sys,2348,Failed to destroy Demon Nest.,1,bango-file,message.dat,2446
sys,2349,Devine Suction,1,bango-file,message.dat,2449
sys,2350,Devine Suction#nAbsorbs a certain amount of damage when attacked.,1,bango-file,message.dat,2450
sys,2351,Memory manipulation has been detected.,1,bango-file,message.dat,2453
sys,2352,You absorbed %1!d! damage from the enemy,1,bango-file,message.dat,2456
sys,2353,Defensive Plant#nIncrease my defense by 200 for 10 seconds.,1,bango-file,message.dat,2459
sys,2354,Accuracy rate Plant#nIncrease my target rate by 50 for 10 seconds.,1,bango-file,message.dat,2460
sys,2355,You reflected %1!d! damage from the enemy.,1,bango-file,message.dat,2463
sys,2356,Counter Damage,1,bango-file,message.dat,2464
sys,2357,Unable to get in the room.,1,bango-file,message.dat,2467
sys,2358,%1 quest failed,1,bango-file,message.dat,2470
sys,2359,Incresing Evasion,1,bango-file,message.dat,2473
sys,2360,Increasing Attack,1,bango-file,message.dat,2474
sys,2361,Incresing Defence,1,bango-file,message.dat,2475
sys,2362,Incresing rate of Explosive Blow,1,bango-file,message.dat,2476
sys,2363,Common error,1,bango-file,message.dat,2479
sys,2364,Not enough Coupons,1,bango-file,message.dat,2480
sys,2365,Invalid amount of Zamongeon for bid,1,bango-file,message.dat,2481
sys,2366,Not enought Zamogeon,1,bango-file,message.dat,2482
sys,2367,Exceeded the maximum limit of bid cost,1,bango-file,message.dat,2483
sys,2368,Your bid has been put successfully.,1,bango-file,message.dat,2484
sys,2369,The amount of Zamogeon you input is lower than the current bid in progress.,1,bango-file,message.dat,2485
sys,2370,Bid price,1,bango-file,message.dat,2486
sys,2371,%1!d! Coupons have been used.,1,bango-file,message.dat,2487
sys,2372,You cannot wear field pet.,1,bango-file,message.dat,2490
sys,2373,You cannot wear PVP pet.,1,bango-file,message.dat,2491
sys,2374,Incresing Evasion (level 2),1,bango-file,message.dat,2494
sys,2375,Increasing Attack (level 2),1,bango-file,message.dat,2495
sys,2376,Incresing Defence (level 2),1,bango-file,message.dat,2496
sys,2377,Incresing rate of Explosive Blow (level 2),1,bango-file,message.dat,2497
sys,2378,Incresing Evasion (level 3),1,bango-file,message.dat,2499
sys,2379,Increasing Attack (level 3),1,bango-file,message.dat,2500
sys,2380,Incresing Defence (level 3),1,bango-file,message.dat,2501
sys,2381,Incresing rate of Explosive Blow (level 3),1,bango-file,message.dat,2502
sys,2382,Auction,1,bango-file,message.dat,2505
sys,2383,Bid,1,bango-file,message.dat,2506
sys,2384,Registration,1,bango-file,message.dat,2507
sys,2385,Image,1,bango-file,message.dat,2508
sys,2386,Item name,1,bango-file,message.dat,2509
sys,2387,Seller,1,bango-file,message.dat,2510
sys,2388,Remaining time,1,bango-file,message.dat,2511
sys,2389,Current bidders,1,bango-file,message.dat,2512
sys,2390,Bid status,1,bango-file,message.dat,2513
sys,2391,Auction House,1,bango-file,message.dat,2514
sys,2392,Bid price,1,bango-file,message.dat,2515
sys,2393,Invaild price!,1,bango-file,message.dat,2516
sys,2394,Registration price cannot be larger than BUY NOW! price.,1,bango-file,message.dat,2517
sys,2395,Bid price is smaller than current price.,1,bango-file,message.dat,2518
sys,2396,More bids are not acceptable.,1,bango-file,message.dat,2519
sys,2397,"Input a multiple of 1,000.",1,bango-file,message.dat,2520
sys,2398,"100,000 geon of guaranty money is required.",1,bango-file,message.dat,2521
sys,2399,Not enough money,1,bango-file,message.dat,2522
sys,2401,Drug Effect,1,bango-file,message.dat,2525
sys,2402,Complete suit of armor has been made successfully.,1,bango-file,message.dat,2526
sys,2403,Complete suit of armor has been made failed.,1,bango-file,message.dat,2527
sys,2404,Deciphering has succeeded.,1,bango-file,message.dat,2528
sys,2405,Deciphering has failed.,1,bango-file,message.dat,2529
sys,2406,Properly Brown Bear meat has been made successfully.,1,bango-file,message.dat,2530
sys,2407,Properly Brown Bear meat has been made failed.,1,bango-file,message.dat,2531
sys,2408,Diluted Poisonous Liquid has been made successfully.,1,bango-file,message.dat,2532
sys,2409,Diluted Poisonous Liquid has been made failed.,1,bango-file,message.dat,2533
sys,2410,Event #n Gathering EXP 300%,1,bango-file,message.dat,2535
sys,2411,Event #n Gathering EXP 400%,1,bango-file,message.dat,2536
sys,2415,You made an unavailable attempt to the Item of Soo-Ra High-ranker.,1,bango-file,message.dat,2539
sys,2416,Event #n Gathering EXP 120%#n Acquiring Money Increases 120%,1,bango-file,message.dat,2542
sys,2420,Gathering of money from monsters is increased by 50%.#nBut it's not effective when you're in a party.#nIt only effects to the one who used.#n,1,bango-file,message.dat,2545
sys,2421,Gathering of money from monsters is increased by 100%.#nBut it's not effective when you're in a party.#nIt only effects to the one who used.#n,1,bango-file,message.dat,2546
sys,2417,bid price,1,bango-file,message.dat,2549
sys,2418,BUY NOW!,1,bango-file,message.dat,2550
sys,2419,Auction,1,bango-file,message.dat,2551
sys,2422,You have successfully bid!,1,bango-file,message.dat,2555
sys,2423,You have failed in bid!,1,bango-file,message.dat,2556
sys,2424,Auction,1,bango-file,message.dat,2557
sys,2425,Bid,1,bango-file,message.dat,2558
sys,2426,Registration,1,bango-file,message.dat,2559
sys,2427,Counter Offensive,1,bango-file,message.dat,2562
sys,2428,%1!d!of received damange have been reflected to enemies.,1,bango-file,message.dat,2563
sys,2430,Common,1,bango-file,message.dat,2566
sys,2431,1st Job,1,bango-file,message.dat,2567
sys,2432,2nd Job,1,bango-file,message.dat,2568
sys,2433,3rd Job,1,bango-file,message.dat,2569
sys,2434,Chocolate Sand,1,bango-file,message.dat,2572
sys,2435,Chococup Cake,1,bango-file,message.dat,2573
sys,2436,Heart Chocolate Cake,1,bango-file,message.dat,2574
sys,2437,Chocolate Cake,1,bango-file,message.dat,2575
sys,2438,Pink Love Cake,1,bango-file,message.dat,2576
sys,2439,"Choco Chip Cookie#n+Hp: 5,000",1,bango-file,message.dat,2577
sys,2440,"Heart Cookie#n+Attack: 1,200",1,bango-file,message.dat,2578
sys,2441,"Chocolate Ball#n+Magic: 1,200",1,bango-file,message.dat,2579
sys,2442,"Almond Chocolate#n+Def 1,000",1,bango-file,message.dat,2580
sys,2443,"Strawberry Chocolate#n+Mp 3,000",1,bango-file,message.dat,2581
sys,2444,"Choco Pudding#n+Hp 5,000 / +Def 1,000",1,bango-file,message.dat,2582
sys,2445,"In progress, please wait.",1,bango-file,message.dat,2585
sys,2446,You have successfully put it up at auction.,1,bango-file,message.dat,2586
sys,2447,You have made a bid.,1,bango-file,message.dat,2587
sys,2448,BUY NOW! has succeeded.,1,bango-file,message.dat,2588
sys,2449,You will be moved to Narootuh in 10 seconds.,1,bango-file,message.dat,2591
sys,2450,You can use valentine buffs only in Dokdo.,1,bango-file,message.dat,2592
sys,2451,Already in use.,1,bango-file,message.dat,2593
sys,2452,You cannot use the same item simultaneously.,1,bango-file,message.dat,2594
sys,2453,You can change your pet after a while.,1,bango-file,message.dat,2596
sys,2454,Your king has returned.,1,bango-file,message.dat,2599
sys,2455,You cannot kill me forever.,1,bango-file,message.dat,2600
sys,2456,Hahahahahaha.,1,bango-file,message.dat,2601
sys,2457,It...can't end like...this,1,bango-file,message.dat,2602
sys,2458,The item cannot be registered.,1,bango-file,message.dat,2606
sys,2459,Please try after a little while.,1,bango-file,message.dat,2607
sys,2460,Putting up %1 item for auction now.,1,bango-file,message.dat,2608
sys,2461,Record,1,bango-file,message.dat,2610
sys,2462,There is no item on the selected list.,1,bango-file,message.dat,2613
sys,2463,You cannot use Rebirth Talisman because you are not qualified.,1,bango-file,message.dat,2616
sys,2464,You have used Rebirth Talisman.,1,bango-file,message.dat,2617
sys,2465,Are you sure you want to use Rebirth Talisman?,1,bango-file,message.dat,2618
sys,2466,You cannot get more items because your inventory is full.,1,bango-file,message.dat,2619
sys,2467,You cannot get the items.,1,bango-file,message.dat,2620
sys,2468,Tearing Skin,1,bango-file,message.dat,2623
sys,2469,Crash,1,bango-file,message.dat,2624
sys,2470,Tearing Flash,1,bango-file,message.dat,2625
sys,2471,Teeth Attack,1,bango-file,message.dat,2626
sys,2472,"The 'Buy Now' price must be at least 2,000 Jamo higher than the bid price.",1,bango-file,message.dat,2629
sys,2473,Cash items or quest items cannot be put up for auction.,1,bango-file,message.dat,2630
sys,2474,"Unless you decide the 'Buy Now' price, you cannot put up an item for auction.",1,bango-file,message.dat,2631
sys,2475,Tearing Skin x %1!d! #nYour Hp decreases slowly.,1,bango-file,message.dat,2634
sys,2476,Tearing Flash x %1!d! #nYour Hp decreases slowly.,1,bango-file,message.dat,2635
sys,2477,Tearing Skin x %1!d!,1,bango-file,message.dat,2637
sys,2478,Tearing Flash x %1!d!,1,bango-file,message.dat,2638
sys,2479,There is no selected target to ask for a party member.,1,bango-file,message.dat,2641
sys,2480,Map(Close),1,bango-file,message.dat,2644
sys,2481,'Exp from Monster Summoning Scroll',1,bango-file,message.dat,2647
sys,2482,%1!d!,1,bango-file,message.dat,2648
sys,2483,You cannot obtain Exp from 'Monster Summoning Scroll' anymore.,1,bango-file,message.dat,2649
sys,2484,You cannot use the item since the Exp from 'Monster Summoning Scroll' reaches the maximum point.,1,bango-file,message.dat,2650
sys,2485,The items you have in your inventory exceeds the maximum number. You must keep any extra items in the warehouse.,1,bango-file,message.dat,2653
sys,2486,Change Coupon is not enough.,1,bango-file,message.dat,2656
sys,2487,Completely changed!,1,bango-file,message.dat,2657
sys,2488,You cannot enter the room since the number of your team members is not sufficient.,1,bango-file,message.dat,2660
sys,3326,There is no character to be restored.,1,bango-file,message.dat,2666
sys,3327,Enchanting is not available any more.,1,bango-file,message.dat,2669
sys,3328,Another kind of Chunjoo cannot be enchanted additionally. ,1,bango-file,message.dat,2670
sys,3329,%1 has already been enchanted. The existing  %1 will be removed if %2 is successfully enchanted. Are you sure you continue to enchant?,1,bango-file,message.dat,2671
sys,3330,"Enchanting is being carried out. In case of the failure in enchanting, item endurance decreases and insufficient endurance leads to item destruction. Are you sure you want to enchant %1?",1,bango-file,message.dat,2672
sys,3331,%1 has already been enchanted.,1,bango-file,message.dat,2673
sys,3332,Successfully enchanted!,1,bango-file,message.dat,2674
sys,3333,Enchanting failed!,1,bango-file,message.dat,2675
sys,3334,%1 cannot be enchanted on this item.,1,bango-file,message.dat,2676
sys,3335,%1 prevents item destruction and endurance decrease for a try of Chunjoo enchantment. Do you want to use now?,1,bango-file,message.dat,2677
sys,3336,%1 has been activated.,1,bango-file,message.dat,2678
sys,3337,%1 has already been used on this item.,1,bango-file,message.dat,2679
sys,3338,"%1 try enchanting. Currently, the safety is granted.",1,bango-file,message.dat,2680
sys,3339,Polishing Stone,1,bango-file,message.dat,2681
sys,3340,Soul of Artisan,1,bango-file,message.dat,2682
sys,3341,Chunjoo(Tiger Claws),1,bango-file,message.dat,2683
sys,3342,Chunjoo(Eagle Wings),1,bango-file,message.dat,2684
sys,3343,Chunjoo(Sagacity),1,bango-file,message.dat,2685
sys,3344,Chunjoo(Bear Skin),1,bango-file,message.dat,2686
sys,3345,Chunjoo(Penetration,1,bango-file,message.dat,2687
sys,3346,Equip : %1,1,bango-file,message.dat,2688
sys,3347,FireBall,1,bango-file,message.dat,2689
sys,3348,You're trying to enchanting an %2 that is used by the %1.Continue to enchant the %2,1,bango-file,message.dat,2690
sys,3349,Equipping the Chunjoo,1,bango-file,message.dat,2691
sys,3350,Chunjoo reserve,1,bango-file,message.dat,2693
sys,3351,Chunjoo reserve,1,bango-file,message.dat,2694
sys,3352,Chunjoo reserve,1,bango-file,message.dat,2695
sys,3353,Chunjoo reserve,1,bango-file,message.dat,2696
sys,3354,Chunjoo reserve,1,bango-file,message.dat,2697
sys,3355,Reward items have been sent by parcel. Please check your Message Box.,1,bango-file,message.dat,2700
sys,3358,The registration for Triangular Battle has been completed successfully.,1,bango-file,message.dat,2706
sys,3359,You have already signed up for Triangular Battle.,1,bango-file,message.dat,2707
sys,3360,It is not registration time now.,1,bango-file,message.dat,2708
sys,3361,"The registration capacity has been filled, registration is closed.",1,bango-file,message.dat,2709
sys,3362,Now is out of the available time to get into.,1,bango-file,message.dat,2710
sys,3363,Triangular Battle hasn't opened by insufficient participants.,1,bango-file,message.dat,2711
sys,3364,Triangular Battle will take place today.,1,bango-file,message.dat,2712
sys,3365,You cannot be transferred because you didn't register.,1,bango-file,message.dat,2713
sys,3366,You will be summoned in 10 seconds. Do you really want to participate in Triangular Battle?,1,bango-file,message.dat,2714
sys,3367,%1!d! minutes left before the Triangular Battle start.,1,bango-file,message.dat,2715
sys,3368,%1!d! seconds left before the Triangular Battle start.,1,bango-file,message.dat,2716
sys,3369,Triangular Battle has started.,1,bango-file,message.dat,2717
sys,3370,Triangular Battle has finished.,1,bango-file,message.dat,2718
sys,3371,"From 00:40, you can get into the Triangular Battle Field through Manager of Triangular Battle.",1,bango-file,message.dat,2719
sys,3372,"Triangular Battle starts from 01:00. Please make haste to get into through Manager of Triangular Battle. Onceit starts, nobody can get into anymore.",1,bango-file,message.dat,2720
sys,3373,Triangular Battle has started. Nobody can participate anymore.,1,bango-file,message.dat,2721
sys,3374,[ %1 ] has been killed by [ %2 ].,1,bango-file,message.dat,2725
sys,3375,[ %1 ] has obtained [ %2 ].,1,bango-file,message.dat,2726
sys,3376,[ %1 ] has set up [ %2 ].,1,bango-file,message.dat,2727
sys,3377,"Once you go out from Triangular Battle, you cannot get back. Do you really want to go out now?",1,bango-file,message.dat,2728
sys,3378,[ Triangular Battle ],1,bango-file,message.dat,2729
sys,3379,Triangular Battle hasn't started yet.,1,bango-file,message.dat,2730
sys,3380,An emblem has already been set up.,1,bango-file,message.dat,2731
sys,3381,An emblem is setting up.,1,bango-file,message.dat,2732
sys,3382,There is no emblem to be set up.,1,bango-file,message.dat,2733
sys,3383,No more emblem can be set up.,1,bango-file,message.dat,2734
sys,3384,Another player is setting up.,1,bango-file,message.dat,2735
sys,3385,Successfully set up!,1,bango-file,message.dat,2736
sys,3386,Installing an emblem has been canceled.,1,bango-file,message.dat,2737
sys,3387,An emblem is being pulled out.,1,bango-file,message.dat,2738
sys,3388,No emblem here!,1,bango-file,message.dat,2739
sys,3389,Another player is pulling out.,1,bango-file,message.dat,2740
sys,3390,Successfully pulled out!,1,bango-file,message.dat,2741
sys,3391,Pulling out an emblem has been canceled.,1,bango-file,message.dat,2742
sys,3392,Setting up an emblem,1,bango-file,message.dat,2743
sys,3393,Pulling out an emblem,1,bango-file,message.dat,2744
sys,3394,%1 is unavailable during Triangular Battle.,1,bango-file,message.dat,2748
sys,3395,There is no emblem in your inventory.,1,bango-file,message.dat,2749
sys,3396,Insufficient inventory slots!,1,bango-file,message.dat,2750
sys,3397,%1 is unavailble to enemies.,1,bango-file,message.dat,2751
sys,3398,%1 has been activated already.,1,bango-file,message.dat,2752
sys,3399,The battle will start in %1!d! minutes.,1,bango-file,message.dat,2753
sys,3400,Contracting space,1,bango-file,message.dat,2757
sys,3401,Improving attack,1,bango-file,message.dat,2758
sys,3402,Improving defense,1,bango-file,message.dat,2759
sys,3403,Recovering HP,1,bango-file,message.dat,2760
sys,3404,Spontaneous cure,1,bango-file,message.dat,2761
sys,3405,Recovery,1,bango-file,message.dat,2762
sys,3406,Unkillableness,1,bango-file,message.dat,2763
sys,3407,Precision,1,bango-file,message.dat,2764
sys,3408,Teleport,1,bango-file,message.dat,2765
sys,3409,Only one emblem can be picked.,1,bango-file,message.dat,2769
sys,3410,Failed to carry off the emblem.,1,bango-file,message.dat,2770
sys,3411,Ancient Essence,1,bango-file,message.dat,2771
sys,3412,Ring of Doggebi ,1,bango-file,message.dat,2772
sys,3413,Sword of Demon ,1,bango-file,message.dat,2773
sys,3414,%1 cannot be destroyed.,1,bango-file,message.dat,2774
sys,3415,Another team member cannot be invited.,1,bango-file,message.dat,2775
sys,3416,[ %2 ] obtained by [ %1 ] has returned to the altar.,1,bango-file,message.dat,2776
sys,3417,Remaining Time: %1!d!Minute(s) %2!d!Second(s),1,bango-file,message.dat,2777
sys,3418,No private message is available during Triangular Battle.,1,bango-file,message.dat,2778
sys,3419,The dropped [ %1 ] has been gone back to the altar.,1,bango-file,message.dat,2779
sys,3420,Gathering of EXP from monsters is increased by 40%.,1,bango-file,message.dat,2782
sys,3421,Gathering of money from monsters is increased by 30%.#nBut it's not effective when you're in a party.#nIt only effects to the one who used.,1,bango-file,message.dat,2783
sys,3422,Speed of fishery is increased by 25%.,1,bango-file,message.dat,2784
sys,3423,Final striking power(physical/magical) is increased by 30%.,1,bango-file,message.dat,2785
sys,3424,Activity of Explosive Blow percentage is increased by 2%.,1,bango-file,message.dat,2786
sys,3425,Final damage from the monster is decreased by 5%,1,bango-file,message.dat,2787
sys,3426,Final On Target Point is increased by 5.,1,bango-file,message.dat,2788
sys,3427,Final Evasion Point is increased by 3.,1,bango-file,message.dat,2789
sys,3428,Strength is increased by 3,1,bango-file,message.dat,2790
sys,3429,Health is increased by 5,1,bango-file,message.dat,2791
sys,3430,Intelligence is increased by 3,1,bango-file,message.dat,2792
sys,3431,Wisdom is increased by 5,1,bango-file,message.dat,2793
sys,3432,Agility is increased by 3,1,bango-file,message.dat,2794
sys,3433,You have no 'Soul of Craftsman',1,bango-file,message.dat,2797
sys,3434,Recheck and try later.,1,bango-file,message.dat,2798
sys,3435,There is no item to be restored.,1,bango-file,message.dat,2799
sys,3436,Would you really want to restore %1 item? Click 'OK' to restore.,1,bango-file,message.dat,2800
sys,3437,The item has been restored successfully. %1EA of Soul of Craftsman available in this item You can get it after re-login.,1,bango-file,message.dat,2801
sys,3438,"You cannot use 'Soul of Craftsman' anymore on this item, you have already used it three times.",1,bango-file,message.dat,2802
sys,3439,%1!d!.%2!d!.%3!d! %4!d!:%5!d!,1,bango-file,message.dat,2803
sys,3440,Restoring,1,bango-file,message.dat,2804
sys,3441,Restore Count %1!d!/3EA,1,bango-file,message.dat,2807
sys,3442,,1,bango-file,message.dat,2808
sys,3443,Increase of 10% experience gained.,1,bango-file,message.dat,2811
sys,3444,"Physical, magical attack 100%% increase.",1,bango-file,message.dat,2812
sys,3445,HP Absorption 100 times.,1,bango-file,message.dat,2813
sys,3446,Gained Experience increased by 100%,1,bango-file,message.dat,2829
sys,3447,White Tiger,1,bango-file,message.dat,2832
sys,3448,Fierce Tiger,1,bango-file,message.dat,2833
sys,3449,Black Horse,1,bango-file,message.dat,2834
sys,3450,Horse,1,bango-file,message.dat,2835
sys,3451,Dire Wolf,1,bango-file,message.dat,2836
sys,3452,Wolf,1,bango-file,message.dat,2837
sys,3453,Dire Bear,1,bango-file,message.dat,2838
sys,3454,Bear,1,bango-file,message.dat,2839
sys,3455,"During the battle, you cannot ride the riding animal.",1,bango-file,message.dat,2842
sys,3456,Boarding on the %1.,1,bango-file,message.dat,2843
sys,3457,Get off the %1.,1,bango-file,message.dat,2844
sys,3458,You cannot board in this area.,1,bango-file,message.dat,2845
sys,3459,You cannot board at this condition.,1,bango-file,message.dat,2846
sys,3460,"During the ride, you will not be able to use this feature.",1,bango-file,message.dat,2847
sys,3461,"You are using the same types, it cannot be used.",1,bango-file,message.dat,2848
sys,3462,"During the ride, you cannot move to another area.",1,bango-file,message.dat,2849
sys,3463,"During the ride, you are not able to use %1.",1,bango-file,message.dat,2850
sys,3464,"When boarding a riding animal, the moving speed effect is removed. Would you like to riding animal?",1,bango-file,message.dat,2851
sys,3465,Target is on the riding animal so it is not available do this skill.,1,bango-file,message.dat,2852
sys,3466,White horse,1,bango-file,message.dat,2853
sys,3467,Raptor,1,bango-file,message.dat,2854
sys,3468,Skeleten Raptor,1,bango-file,message.dat,2855
sys,3469,Battle Raptor,1,bango-file,message.dat,2856
sys,3470,Battle Skeleten Raptor,1,bango-file,message.dat,2857
sys,3471,White Bunny,1,bango-file,message.dat,2858
sys,3472,Gray Bunny,1,bango-file,message.dat,2859
sys,3473,White Angora,1,bango-file,message.dat,2860
sys,3474,Black Angora,1,bango-file,message.dat,2861
sys,3475,Halloween Bunny,1,bango-file,message.dat,2862
sys,3476,,1,bango-file,message.dat,2863
sys,3477,General Turtle,1,bango-file,message.dat,2864
sys,3478,Dragon King Turtle,1,bango-file,message.dat,2865
sys,3479,Sled Turtle,1,bango-file,message.dat,2866
sys,3480,Grim Reaper Turtle,1,bango-file,message.dat,2867
sys,3481,An assault captain's battle horse,1,bango-file,message.dat,2868
sys,3482,A brave captain's battle horse,1,bango-file,message.dat,2869
sys,3483,,1,bango-file,message.dat,2870
sys,3484,,1,bango-file,message.dat,2871
sys,3486,Explosive Blow(S),1,bango-file,message.dat,2874
sys,3487,Explosive Blow(M),1,bango-file,message.dat,2875
sys,3488,Explosive Blow(L),1,bango-file,message.dat,2876
sys,3489,Increase the success rate of Explosive Blow by 5%,1,bango-file,message.dat,2877
sys,3490,Increase the success rate of Explosive Blow by 4%,1,bango-file,message.dat,2878
sys,3491,Increase the success rate of Explosive Blow by 2%,1,bango-file,message.dat,2879
sys,3492,Triangular Battle is unavailable in old UI.,1,bango-file,message.dat,2880
sys,3493,%1!d! seconds left before the Random Buff.,1,bango-file,message.dat,2881
sys,3494,"%1!d! seconds later, %2 applies to %3!d! players.",1,bango-file,message.dat,2882
sys,3495,No whisper can be given toopponent players.,1,bango-file,message.dat,2883
sys,3496,No party invitation can be given toopponent players.,1,bango-file,message.dat,2884
sys,3497,Trading is unavailable during Triangular Battle.,1,bango-file,message.dat,2885
sys,3498,No duel is available during Triangular Battle.,1,bango-file,message.dat,2886
sys,3499,No private shop is available during Triangular Battle.,1,bango-file,message.dat,2887
sys,3500,No item can be dropped during Triangular Battle.,1,bango-file,message.dat,2888
sys,3501,/leave,1,bango-file,message.dat,2889
sys,3502,[Combatant],1,bango-file,message.dat,2890
sys,3503,HP gets increased by 100%,1,bango-file,message.dat,2891
sys,3504,Moving Speed gets decreased by 60%,1,bango-file,message.dat,2892
sys,3505,Human's members,1,bango-file,message.dat,2893
sys,3506,Doggebi's members,1,bango-file,message.dat,2894
sys,3507,Demon's members,1,bango-file,message.dat,2895
sys,3508,T-Battle,1,bango-file,message.dat,2896
sys,3509,The invitation for Triangular Battle has been sent to you.,1,bango-file,message.dat,2897
sys,3510,Players that could get no invitation can get into manually through Manager of Triangular Battle at least 3 minutes before start time.,1,bango-file,message.dat,2898
sys,3511,Increase Ancient Animal's EXP additionally by 30%,1,bango-file,message.dat,2901
sys,3512,Increase Ancient Animal's EXP additionally by 35%,1,bango-file,message.dat,2902
sys,3513,Increase Ancient Animal's EXP additionally by 10%,1,bango-file,message.dat,2903
sys,3514,Increase Ancient Animal's EXP additionally by 20%,1,bango-file,message.dat,2904
sys,3515,Increase Ancient Animal's EXP additionally by 40%,1,bango-file,message.dat,2905
sys,3554,Increase Ancient Animal's EXP additionally by 50%,1,bango-file,message.dat,2906
sys,3521,You can reset your Mystery skill with a Stone of Chance for Mystery Skill. Do you really want to reset?,1,bango-file,message.dat,2909
sys,3522,You have no Stone of Chance for Mystery Skill.,1,bango-file,message.dat,2910
sys,3523,Are you sure you want to reset your Mystery skill?,1,bango-file,message.dat,2911
sys,3524,File manipulation has been detected.,1,bango-file,message.dat,2914
sys,3525,Blue Dragon,1,bango-file,message.dat,2917
sys,3526,WhiteTiger,1,bango-file,message.dat,2918
sys,3525,Turtle Snake,2,bango-file,message.dat,2919
sys,3526,RedBird,2,bango-file,message.dat,2920
sys,3525,Blue Dragon(PVP),3,bango-file,message.dat,2921
sys,3526,WhiteTiger(PVP),3,bango-file,message.dat,2922
sys,3525,Turtle Snake(PVP),4,bango-file,message.dat,2923
sys,3526,RedBird(PVP),4,bango-file,message.dat,2924
sys,3533,Goblin,1,bango-file,message.dat,2925
sys,3534,Cheios,1,bango-file,message.dat,2926
sys,3535,Dunamic,1,bango-file,message.dat,2927
sys,3536,Remaining Time : Unlimited,1,bango-file,message.dat,2928
sys,3537,The player cannot accept your party invitation.,1,bango-file,message.dat,2931
sys,3538,All status 10%% ,1,bango-file,message.dat,2934
sys,3539,Speed up,1,bango-file,message.dat,2935
sys,3540,Time limit for your stay in E-mok Island is running out.#n You need power of dragon.,1,bango-file,message.dat,2938
sys,3541,Experience gained at E-mok Island is increased by 10%.,1,bango-file,message.dat,2939
sys,3542,Experience gained at E-mok Island is increased by 20%.,1,bango-file,message.dat,2940
sys,3543,Experience gained at E-mok Island is increased by 30%.,1,bango-file,message.dat,2941
sys,3544,You got %1 Dragon certificate%2!d!,1,bango-file,message.dat,2942
sys,3545,All Certificates of Sons of the Sky are no longer available and you have to exchange them for Dragons Certificates through Son of the Sky Guard to get into E-Mok Island.,1,bango-file,message.dat,2943
sys,3546,"If you use a Dragon Certificate, free buff for E-Mok Island will be deactivated and only the Dragon Certificate will be applied. Are you sure you want to use?",1,bango-file,message.dat,2944
sys,3547,"Due to lack of remained time, You cannot go E-mok Island.",1,bango-file,message.dat,2945
sys,3548,,1,bango-file,message.dat,2946
sys,3549,,1,bango-file,message.dat,2947
sys,3550,,1,bango-file,message.dat,2948
sys,3553,Gathering of EXP from monsters is increased by 50%,1,bango-file,message.dat,2950
sys,3556,%1 cannot be sold in stores.,1,bango-file,message.dat,2954
sys,3557,#pos(20 8)#color(0 255 0)%1 #n#pos(20 16)#color(255 255 255)will you sell #color(0 255 0)%2!d! #color(255 255 255) for  #n#pos(20 24)#color(0 255 0)%3#color(255 255 255) zamogeon?,1,bango-file,message.dat,2955
sys,3558,%1 cannot be registered for sale in a private shop.,1,bango-file,message.dat,2956
sys,3559,#pos(20 8)#color(0 255 0)%1 #n#pos(20 16)#color(255 255 255)will you sell #color(0 255 0)%2!d! #color(255 255 255) for  #n#pos(20 24)#color(0 255 0)%3#color(255 255 255) each?,1,bango-file,message.dat,2957
sys,3560,#pos(20 8)#color(0 255 0)%1 #n#pos(20 16)#color(255 255 255)will you cancel the registration?,1,bango-file,message.dat,2958
sys,3561,Blessing of Son of the Sky#nPower is increased by 12%,1,bango-file,message.dat,2961
sys,3562,Blessing of Son of the Sky#nPower is increased by 16%,1,bango-file,message.dat,2962
sys,3563,Blessing of Son of the Sky#nPower is increased by 20%,1,bango-file,message.dat,2963
sys,3564,Blessing of Son of the Sky#nPower is increased by 24%,1,bango-file,message.dat,2964
sys,3565,Blessing of Son of the Sky#nPower is increased by 28%,1,bango-file,message.dat,2965
sys,3566,Blessing of Son of the Sky#nPower is increased by 32%,1,bango-file,message.dat,2966
sys,3567,Blessing of Son of the Sky#nDefense is increased by 16%,1,bango-file,message.dat,2968
sys,3568,Blessing of Son of the Sky#nDefense is increased by 20%,1,bango-file,message.dat,2969
sys,3569,Blessing of Son of the Sky#nDefense is increased by 24%,1,bango-file,message.dat,2970
sys,3570,Blessing of Son of the Sky#nDefense is increased by 28%,1,bango-file,message.dat,2971
sys,3571,Blessing of Son of the Sky#nDefense is increased by 32%,1,bango-file,message.dat,2972
sys,3572,Blessing of Son of the Sky#nDefense is increased by 36%,1,bango-file,message.dat,2973
sys,3573,Exceeded the maximum limit of registration,1,bango-file,message.dat,2976
sys,3574,fusing...,1,bango-file,message.dat,2979
sys,3575,Thunder Dragon,1,bango-file,message.dat,2980
sys,3576,Violent Dragon,1,bango-file,message.dat,2981
sys,3577,Storm Dragon,1,bango-file,message.dat,2982
sys,3578,Ancient Dragon,1,bango-file,message.dat,2983
sys,3579,Sky Dragon,1,bango-file,message.dat,2984
sys,3580,Shadow Dragon,1,bango-file,message.dat,2985
sys,3581,Imoogi,1,bango-file,message.dat,2986
sys,3582, fuse,1,bango-file,message.dat,2987
sys,3583,this item cannot be fused,1,bango-file,message.dat,2988
sys,3584,Only an Item may be set. ,1,bango-file,message.dat,2989
sys,3585,You cannot fuse locked items,1,bango-file,message.dat,2990
sys,3586,You do not have enough items for fusing,1,bango-file,message.dat,2991
sys,3587,You cannot fuse locked items. ,1,bango-file,message.dat,2992
sys,3588,Fusing has been canceled. ,1,bango-file,message.dat,2993
sys,3589,%1's %2 has been fused with the Spirit of %3,1,bango-file,message.dat,2994
sys,3590,Melee Attack %1!d! %% increase,1,bango-file,message.dat,2995
sys,3591,Small natural regeneration potion      price: 2000,1,bango-file,message.dat,2998
sys,3592,Medium natural regeneration potion  price: 2500,1,bango-file,message.dat,2999
sys,3593,Large natural regeneration potion     price: 3000,1,bango-file,message.dat,3000
sys,3594,Cooked shad              price: 25000,1,bango-file,message.dat,3001
sys,3595,Tasty eel skewer  	       price: 33000,1,bango-file,message.dat,3002
sys,3596,Fantastic eel skewer	    price: 33000,1,bango-file,message.dat,3003
sys,3597,Cooked carp              price: 42000,1,bango-file,message.dat,3004
sys,3598,"adds 10 points to HP regeneration, and 3 points to MP regeneration",1,bango-file,message.dat,3005
sys,3599,"adds 15 points to HP regeneration, and 5 points to MP regeneration",1,bango-file,message.dat,3006
sys,3600,"adds 20 points to HP regeneration, and 7 points to MP regeneration",1,bango-file,message.dat,3007
sys,3601,HP & MP is increased by 500,1,bango-file,message.dat,3008
sys,3602,"Melee damage is increased by 11%, On-Target Point is increased by 10%",1,bango-file,message.dat,3009
sys,3603,Magic Damage is increased by 14%,1,bango-file,message.dat,3010
sys,3604,"Melee Damage is increased by 7%, Magic Damage is increased by 10%#nAttack Speed is increased by 5%, Dodge Point is increased by 10",1,bango-file,message.dat,3011
sys,3605,/lfs,1,bango-file,message.dat,3013
sys,3606,/slfs,1,bango-file,message.dat,3014
sys,3607, 70 Grade Armor(2 Any parts),1,bango-file,message.dat,3016
sys,3608, Black Dragon Stone,1,bango-file,message.dat,3017
sys,3609,No increase in success rate,1,bango-file,message.dat,3018
sys,3610,All material destruction in critical failure,1,bango-file,message.dat,3019
sys,3611,Success rate %1!s! %% increase,1,bango-file,message.dat,3020
sys,3612,Decrease rate of critical failure,1,bango-file,message.dat,3021
sys,3613,No critical failure,1,bango-file,message.dat,3022
sys,3615,Magic Attack %1!d! %% increase,1,bango-file,message.dat,3025
sys,3616,Defense + %1!d! %%,1,bango-file,message.dat,3026
sys,3617,Absroption rate + %1!d! %%,1,bango-file,message.dat,3027
sys,3618,Evasion+%1!d!,1,bango-file,message.dat,3028
sys,3619,Str+%1!d!,1,bango-file,message.dat,3029
sys,3620,Health+%1!d!,1,bango-file,message.dat,3030
sys,3621,Int+%1!d!,1,bango-file,message.dat,3031
sys,3622,Wis+%1!d!,1,bango-file,message.dat,3032
sys,3623,Agi+%1!d!,1,bango-file,message.dat,3033
sys,3624,Otp+%1!d!,1,bango-file,message.dat,3034
sys,3625,HP+%1!d!,1,bango-file,message.dat,3035
sys,3626,MP+%1!d!,1,bango-file,message.dat,3036
sys,3627,"When transmuting, the current grade of Dragon Spirit may be changed to a lower grade.",1,bango-file,message.dat,3037
sys,3628,Will you continue?,1,bango-file,message.dat,3038
sys,3629,/,1,bango-file,message.dat,3039
sys,3630,Character Bound,1,bango-file,message.dat,3040
sys,3633,You cannot use another region`s Magic Scroll.,1,bango-file,message.dat,3043
sys,3634,You cannot summon player in another region.,1,bango-file,message.dat,3044
sys,3635,You cannot go to another region.,1,bango-file,message.dat,3045
sys,3636,WindowMode,1,bango-file,message.dat,3048
sys,3637,%1 is unable to receive the Blessing. Please check your Level or Zamogeon.,1,bango-file,message.dat,3051
sys,3638,Gathering of EXP from monsters is increased by 100%.,1,bango-file,message.dat,3053
sys,3639,"BangoKal 2009 Battle Pass#n#nAutomatic pick-up of items nearby.#n[Not applicable in Dungeon 1]#nType /pickoff to disable, and /pickon to enable back.#n#nAccess to extra items from vote system (press 'R' to vote and redeem).#nEarly access to future 'Quality of Life' UI changes.#n#nThank you for supporting the server. <3",1,bango-file,message.dat,3055
sys,3640,Blessing of Hanin#nExperience + 10%,1,bango-file,message.dat,3056
sys,3641,%1!d! Blessings of Hanin Left,1,bango-file,message.dat,3057
sys,3642,Will you receive Hanin's Blessing?,1,bango-file,message.dat,3058
sys,3643,You must be at least LV. 50 to participate in the Triangular Battle.,1,bango-file,message.dat,3061
sys,3644,%1!d!Zamogeon,1,bango-file,message.dat,3064
sys,3645,HP is increased by 1450,1,bango-file,message.dat,3065
sys,3646,MP is increased by 900,1,bango-file,message.dat,3066
sys,3647,"adds 30 points to HP regeneration, and 10 points to MP regeneration",1,bango-file,message.dat,3067
sys,3648,Trade,1,bango-file,message.dat,3068
sys,3649,Vegetable Skewer,1,bango-file,message.dat,3069
sys,3650,You cannot use previous 6 digit secondary password. Please make new 8 digit secondary password.,1,bango-file,message.dat,3071
sys,3651,Changing password complete. #n Please connect KalOnline again,1,bango-file,message.dat,3072
sys,3652,Black Market Sword(1day),1,bango-file,message.dat,3074
sys,3653,Black Market Giant Sword(1day),1,bango-file,message.dat,3075
sys,3654,Black Market Bow(1day),1,bango-file,message.dat,3076
sys,3655,Black Market Stick(1day),1,bango-file,message.dat,3077
sys,3656,Black Market Stick of Ruin(1day),1,bango-file,message.dat,3078
sys,3657,Black Market Stick of Hell(1day),1,bango-file,message.dat,3079
sys,3658,Black Market Dagger(1day),1,bango-file,message.dat,3080
sys,3659,Black Market Shield(1day),1,bango-file,message.dat,3081
sys,3660,Black Market Sword(7days),1,bango-file,message.dat,3082
sys,3661,Black Market Giant Sword(7days),1,bango-file,message.dat,3083
sys,3662,Black Market Bow(7days),1,bango-file,message.dat,3084
sys,3663,Black Market Stick(7days),1,bango-file,message.dat,3085
sys,3664,Black Market Stick of Ruin(7days),1,bango-file,message.dat,3086
sys,3665,Black Market Stick of Hell(7days),1,bango-file,message.dat,3087
sys,3666,Black Market Dagger(7days),1,bango-file,message.dat,3088
sys,3667,Black Market Shield(7days),1,bango-file,message.dat,3089
sys,3668,%1!s! : Materials required for exchange,1,bango-file,message.dat,3090
sys,3669,Splash Damage : Effect Level Restriction %1!d!,1,bango-file,message.dat,3091
sys,3670,Activation Percent %1!d! %% Damage Rating %2!d! %%,1,bango-file,message.dat,3092
sys,3671,MP Restoration : Effect Level Restriction %1!d!,1,bango-file,message.dat,3093
sys,3672,Activation Percent %1!d! %% HP Restoration %2!d! %%,1,bango-file,message.dat,3094
sys,3673,Talisman of Protection[Despotic],1,bango-file,message.dat,3095
sys,3674,Talisman of Protection[Revenge's],1,bango-file,message.dat,3096
sys,3675,Talisman of Protection[Prideful],1,bango-file,message.dat,3097
sys,3676,Talisman of Protection[Ruinous],1,bango-file,message.dat,3098
sys,3677,Talisman of Protection[Glorious],1,bango-file,message.dat,3099
sys,3691,Blessing of Asadal#nExperience + 10%#nAnimal Experience + 10%#nMedicine item effect + 10%#nItem Shop Field Pet effect + 5%#nItem Level Restriction - 5,1,bango-file,message.dat,3101
sys,3692,5,1,bango-file,message.dat,3102
sys,3693,(-5),1,bango-file,message.dat,3103
sys,3694,Attack Increase : +8%,1,bango-file,message.dat,3104
sys,3695,Attack Increase : +2%,1,bango-file,message.dat,3105
sys,3696,Defense Increase : +10%,1,bango-file,message.dat,3106
sys,3697,Defense Increase : +3%,1,bango-file,message.dat,3107
sys,3698,Evasion Increase  : +3%,1,bango-file,message.dat,3108
sys,3699,Evasion Increase  : +2%,1,bango-file,message.dat,3109
sys,3700,Rate of Explosive Blow Increase  : +4%,1,bango-file,message.dat,3110
sys,3701,Rate of Explosive Blow Increase  : +2%,1,bango-file,message.dat,3111
sys,3702,#6(+5%)#8,1,bango-file,message.dat,3112
sys,3703,Type: Normal#n<Executable Skill>#nThe following buff(s) may be applied by a certain chance.,1,bango-file,message.dat,3113
sys,3704,Energy of Asadal : Belligerence#nStrength + 5,1,bango-file,message.dat,3114
sys,3705,Energy of Asadal : Determination#nAgility + 5,1,bango-file,message.dat,3115
sys,3706,Energy of Asadal : Virtuality#nWisdom + 10,1,bango-file,message.dat,3116
sys,3707,Energy of Asadal : Quintessence#nIntelligence + 5,1,bango-file,message.dat,3117
sys,3708,Energy of Asadal : Vitality#nHealth + 10,1,bango-file,message.dat,3118
sys,3709,Energy of Asadal : Enlightenment#nAll States + 5,1,bango-file,message.dat,3119
sys,3710,"You are unable to receive the buff. (Please check your package item status, and zamogeon)",1,bango-file,message.dat,3120
sys,3711,Will you receive the Energy of Asadal : Belligerence?,1,bango-file,message.dat,3121
sys,3712,Will you receive the Energy of Asadal : Determination?,1,bango-file,message.dat,3122
sys,3713,Will you receive the Energy of Asadal : Virtuality?,1,bango-file,message.dat,3123
sys,3714,Will you receive the Energy of Asadal : Quintessence?,1,bango-file,message.dat,3124
sys,3715,Will you receive the Energy of Asadal : Vitality?,1,bango-file,message.dat,3125
sys,3716,Will you receive the Energy of Asadal : Enlightenment?,1,bango-file,message.dat,3126
sys,3717,You are currently not using the [Blessings of Asadal].,1,bango-file,message.dat,3127
sys,3718,The buff is already in effect.,1,bango-file,message.dat,3128
sys,3719,You do not have enough Zamogeons to receive the buff.,1,bango-file,message.dat,3129
sys,3720,,1,bango-file,message.dat,3130
sys,3721,Not enough materials. Please check them again,1,bango-file,message.dat,3132
sys,3724,Experience +100%,1,bango-file,message.dat,3143
sys,3729,change shop name,1,bango-file,message.dat,3146
sys,3730,close shop,1,bango-file,message.dat,3147
sys,3732,%1!s!??s Ranking,1,bango-file,message.dat,3153
sys,3733,%1!s! Completed,1,bango-file,message.dat,3156
sys,3734,%1!s! Quest completed.,1,bango-file,message.dat,3157
sys,3735,%1!s! Accepted,1,bango-file,message.dat,3158
sys,3736,%1!s! Quest accepted.,1,bango-file,message.dat,3159
sys,3752,Reached maximum number of quest.,1,bango-file,message.dat,3160
sys,3753,Unable to show anymore quests.,1,bango-file,message.dat,3161
sys,3754,Expand,1,bango-file,message.dat,3162
sys,3755,Whisper,1,bango-file,message.dat,3163
sys,3756,"Vigor of new comer#n+ Attack increase#n+ Defense increase #n Limit : Level 50 below, After 5 hours 50% effectivness",1,bango-file,message.dat,3164
sys,3740,"If you increase strength, on target point/min. physical attack#n/max. physical attack may increase.",1,bango-file,message.dat,3167
sys,3741,"If you increase health, max. health point/non elemental resistance#n may increase.",1,bango-file,message.dat,3168
sys,3742,"If you increase intelligence, min. magical attack/max. magical attack#n/fire resistance/ice resistance/lightning#n resistance may increase.",1,bango-file,message.dat,3169
sys,3743,"If you increase wisdom, max. magic point/min. magical attack/max. magical#n attack/curse resistance may increase.	",1,bango-file,message.dat,3170
sys,3744,"If you increase agility, on target point/min. physical attack/max. physical#n attack/evasion point may increase.",1,bango-file,message.dat,3171
sys,3748,Total Point,1,bango-file,message.dat,3172
sys,3749,#n#pos(20 %1!d!)#color(255 255 255)%2 : #color(255 255 50)%3!d!#color(255 255 255) Point Increase,1,bango-file,message.dat,3173
sys,3750,#n#pos(20 %1!d!)#color(255 255 255)%2 : #color(255 50 50)%3!d!#color(255 255 255) Point Decrease,1,bango-file,message.dat,3174
sys,3751,Apply,1,bango-file,message.dat,3175
sys,3762,This is not the right time to enter the Spirit world of sand.,1,bango-file,message.dat,3178
sys,3763,"Spirit world of sand is full, please try again few moments later.",1,bango-file,message.dat,3179
sys,3764,You do not meet the requirement to travel to the Spirit world of sand.,1,bango-file,message.dat,3180
sys,3765,You are not inside the company or need more party member in your party.,1,bango-file,message.dat,3181
sys,3766,Time has been expired! Mautareta has fled!,1,bango-file,message.dat,3182
sys,3767,Iron body #n  increases physical/mage attack points by 200,1,bango-file,message.dat,3183
sys,3768,Blooming of life #n  Increases Maximum HP by 2500,1,bango-file,message.dat,3184
sys,3769,Endless will #n  increases Maximum MP by 3800,1,bango-file,message.dat,3185
sys,3770,Time left on before Mautareta flees %1!d! Minutes %2!d! Seconds.,1,bango-file,message.dat,3186
sys,3771,Mautareta has appeared!,1,bango-file,message.dat,3187
sys,3772,"Time is running out, only 5mins left.",1,bango-file,message.dat,3188
sys,3773,You will be expelled from the Spirit world of sand.,1,bango-file,message.dat,3189
sys,3774,You have been expelled from the Spirit world of sand.,1,bango-file,message.dat,3190
sys,3775,"You have entered the Spirit world of sand, Mautareta will appear soon!",1,bango-file,message.dat,3191
sys,3776,Only company leader has authority to enter.,1,bango-file,message.dat,3192
sys,3777,Daily quests will be reset,1,bango-file,message.dat,3193
sys,3778,existing daily quests will be disappeared also,1,bango-file,message.dat,3194
sys,3779,are you sure you want to reset?,1,bango-file,message.dat,3195
sys,3780,"In order to enter Normal difficulty, you need Magical black parchment.",1,bango-file,message.dat,3196
sys,3781,"In order to enter Hard difficulty, you need Magical Golden parchment.",1,bango-file,message.dat,3197
sys,3782,You are not inside the Platoon. You do not meet the requirement to travel to the Spirit world of sand.,1,bango-file,message.dat,3198
sys,3784,Kill %1. And bring %2.,1,bango-file,message.dat,3201
sys,3787,Attack Increase : + 7%,1,bango-file,message.dat,3204
sys,3788,Defense Increase : + 2%,1,bango-file,message.dat,3205
sys,3789,Rate of Explosive Blow Increase : + 1%,1,bango-file,message.dat,3206
sys,3790,Evasion Increase : + 1%,1,bango-file,message.dat,3207
sys,3791,Attack Increase : + 12%,1,bango-file,message.dat,3208
sys,3792,Enemy,1,bango-file,message.dat,3211
sys,3793,You got %3!d! %2 damage from %1.,1,bango-file,message.dat,3212
sys,3794,%1 got %3!d! %2 damage from you.,1,bango-file,message.dat,3213
sys,3795,You got %3!d! %2 critical damage from %1,1,bango-file,message.dat,3214
sys,3796,%1 got %3!d! %2 critical damage from you.,1,bango-file,message.dat,3215
sys,3797,%1's Attack is absorbed.,1,bango-file,message.dat,3216
sys,3798,You gave %2!d! normal damage to the %1.,1,bango-file,message.dat,3217
sys,3799,You got %2!d! normal damage from the %1,1,bango-file,message.dat,3218
sys,3800,1 on 1 : level 50 ~ 54,1,bango-file,message.dat,3221
sys,3801,1 on 1 : level 55 ~ 59,1,bango-file,message.dat,3222
sys,3802,1 on 1 : level 60 ~ 64,1,bango-file,message.dat,3223
sys,3803,1 on 1 : level 65 ~ 69,1,bango-file,message.dat,3224
sys,3804,1 on 1 : level 70 ~ 74,1,bango-file,message.dat,3225
sys,3805,1 on 1 : level 75 ~ 79,1,bango-file,message.dat,3226
sys,3806,1 on 1 : level 80 ~ 84,1,bango-file,message.dat,3227
sys,3807,1 on 1 : level 85 ~ 99,1,bango-file,message.dat,3228
sys,3809,List of Matches: ,1,bango-file,message.dat,3230
sys,3810,1vs1 (Level 50~54),1,bango-file,message.dat,3231
sys,3811,1vs1 (Level 55~59),1,bango-file,message.dat,3232
sys,3812,1vs1 (Level 60~64),1,bango-file,message.dat,3233
sys,3813,1vs1 (Level 65~69),1,bango-file,message.dat,3234
sys,3814,1vs1 (Level 70~74),1,bango-file,message.dat,3235
sys,3815,1vs1 (Level 75~79),1,bango-file,message.dat,3236
sys,3816,1vs1 (Level 80~84),1,bango-file,message.dat,3237
sys,3817,1vs1 (Level 85~99),1,bango-file,message.dat,3238
sys,3818,3vs3,1,bango-file,message.dat,3239
sys,3819,6vs6,1,bango-file,message.dat,3240
sys,3820,"An unknown error has occurred, Application will be closed.",1,bango-file,message.dat,3243
sys,3821,A game must restart to initialize after uninitialization has been performed. Application will be closed.,1,bango-file,message.dat,3244
sys,3822,A Unicode conversion has failed. Application will be closed.,1,bango-file,message.dat,3245
sys,3823,An exception has occurred. Application will be closed.,1,bango-file,message.dat,3246
sys,3824,An executable file code has been cracked. Application will be closed.,1,bango-file,message.dat,3247
sys,3825,Failed to initialized hack shield module. Application will be closed.,1,bango-file,message.dat,3248
sys,3826,An unable to start anti hacking program engine. Application will be closed.,1,bango-file,message.dat,3249
sys,3827,An error has occurred on hack shield driver. Application will be closed.,1,bango-file,message.dat,3250
sys,3828,An Unable to start hack shield thread test. Application will be closed.,1,bango-file,message.dat,3251
sys,3829,Application is already in use. You cannot run the same application twice.,1,bango-file,message.dat,3252
sys,3830,You cannot run this application on virtual operating system or emulator.,1,bango-file,message.dat,3253
sys,3831,A problem has occurred on hack shield service. Application will be closed.,1,bango-file,message.dat,3254
sys,3832,An update on hack shield module is required. Application will be closed.,1,bango-file,message.dat,3255
sys,3833,Selected API is on hooking at the moment. Application will be closed.,1,bango-file,message.dat,3256
sys,3834,A failure has occurred on bringing version cost. Application will be closed.,1,bango-file,message.dat,3257
sys,3835,An unable to start LPM function. Application will be closed.,1,bango-file,message.dat,3258
sys,3836,Hack shield monitoring service is not in progress. Application will be closed.,1,bango-file,message.dat,3259
sys,3840,Auto-mouse has been detected. Application will be closed.,1,bango-file,message.dat,3262
sys,3841,Auto-macro has been detected. Application will be closed.,1,bango-file,message.dat,3263
sys,3842,Hooking action has been detected on protective API.,1,bango-file,message.dat,3264
sys,3843,Anti hacking driver has not been loaded.,1,bango-file,message.dat,3265
sys,3844,Speed hacking program has been detected. Application will be closed.,1,bango-file,message.dat,3266
sys,3845,Attempt on message hooking has been detected. Application will be closed.,1,bango-file,message.dat,3267
sys,3846,Multi client loading has been detected. Application will be closed.,1,bango-file,message.dat,3268
sys,3847,Attempt on code patch has been detected. Application will be closed.,1,bango-file,message.dat,3269
sys,3848,Related module on hack shield has been altered. Application will be closed.,1,bango-file,message.dat,3270
sys,3849,Unable to perform engine function properly. Application will be closed.,1,bango-file,message.dat,3271
sys,3850,Unable to match selected codes. Application will be closed.,1,bango-file,message.dat,3272
sys,3851,Unable to perform screen saver function properly. Application will be closed.,1,bango-file,message.dat,3273
sys,3852,Outside module activity has been detected from random code. Application will be closed.,1,bango-file,message.dat,3274
sys,3853,Server connection method is invalid. Application will be closed.,1,bango-file,message.dat,3275
sys,3854,Hack shield function is not operating properly. Application will be closed.,1,bango-file,message.dat,3276
sys,3855,Parameter cost is invalid.,1,bango-file,message.dat,3279
sys,3856,Approached wrong memory address.,1,bango-file,message.dat,3280
sys,3857,Insufficient memory.,1,bango-file,message.dat,3281
sys,3858,Unable to initialize CRC table.,1,bango-file,message.dat,3282
sys,3859,Length of message is incorrect.,1,bango-file,message.dat,3283
sys,3860,Size of buffer is small.,1,bango-file,message.dat,3284
sys,3861,Selected function is not supported by current version.,1,bango-file,message.dat,3285
sys,3862,Unable find selected file.,1,bango-file,message.dat,3286
sys,3863,Size of the inputted message is incorrect.,1,bango-file,message.dat,3287
sys,3864,Invalid format.,1,bango-file,message.dat,3288
sys,3865,Debug situation has been detected.,1,bango-file,message.dat,3289
sys,3866,Path of hack shield module or hack shield module is invalid.,1,bango-file,message.dat,3290
sys,3867,Client module is invalid.,1,bango-file,message.dat,3291
sys,3868,Message received from the server is invalid.,1,bango-file,message.dat,3292
sys,3869,Unable to perform hack shield core engine properly.,1,bango-file,message.dat,3293
sys,3870,System error has occurred due to hacking attempt.,1,bango-file,message.dat,3294
sys,3871,Auto-heal potions cannot be used by clicking.,1,bango-file,message.dat,3297
sys,3872,Insert medicines into slot to use Doggebi Censer.,1,bango-file,message.dat,3298
sys,3873,Auto-heal On/Off,1,bango-file,message.dat,3299
sys,3874,Doggebi Censer ,1,bango-file,message.dat,3300
sys,3875,Return of Heroes#nIncrease EXP by 100%,1,bango-file,message.dat,3303
sys,3876,"Welcome Back!!#nDouble EXP buff has been applied.#n#nAlso, a horn of spirit has been given to your storage to use for event 'Welcome Back, Heroes!'",1,bango-file,message.dat,3304
sys,3877,Final striking power(physical/magical) is increased by 12%.,1,bango-file,message.dat,3307
sys,3878,Activity of Explosive Blow percentage is increased by 7%.,1,bango-file,message.dat,3308
sys,3879,Final damage from the monster is decreased by 12%.,1,bango-file,message.dat,3309
sys,3880,Final Evasion Point is increased by 7.,1,bango-file,message.dat,3310
sys,3881,Strength is increased by 7.,1,bango-file,message.dat,3311
sys,3882,Agility is increased by 7.,1,bango-file,message.dat,3312
sys,3883,Intelligence is increased by 7.,1,bango-file,message.dat,3313
sys,3884,Wisdom is increased by 12.,1,bango-file,message.dat,3314
sys,3885,Health is increased by 12.,1,bango-file,message.dat,3315
sys,3886,Final On Target Point is increased by 15.,1,bango-file,message.dat,3316
sys,3887,Insufficient Gold Coin.#n#nNeed 100 Gold Coin to issue Gold Bar.,1,bango-file,message.dat,3319
sys,3888,Exchange 100 Gold Coin with Gold Bar.#n#nWould you like to continue?,1,bango-file,message.dat,3320
sys,3889,Cannot deposit Gold Bar anymore.#n#n Need to expand extra slot.,1,bango-file,message.dat,3321
sys,3890,Cannot deposit Gold Bar anymore.#n#n No more empty slot available.,1,bango-file,message.dat,3322
sys,3891,Want to expand more slot?#n#n[ %1 ] Item is used.,1,bango-file,message.dat,3323
sys,3892,To expand extra slot [ %1 ] Item is needed.,1,bango-file,message.dat,3324
sys,3893,Cannot expand more slots anymore.,1,bango-file,message.dat,3325
sys,3894,Doggebi Medicine Setting,1,bango-file,message.dat,3328
sys,3895,Doggebi Censer Setting,1,bango-file,message.dat,3329
sys,3896,Halloween Event#nRemon Candy#nFinal striking power(physical/magical) is increased by 5%,1,bango-file,message.dat,3332
sys,3897,Halloween Event#nRemon Candy#nDefense +100,1,bango-file,message.dat,3333
sys,3898,Halloween Event#nBerry Candy#nEXP +30%,1,bango-file,message.dat,3334
sys,3899,Halloween Event#nBerry Candy#nEXP +40%,1,bango-file,message.dat,3335
sys,3900,Halloween Event#nBerry Candy#nEXP +50%,1,bango-file,message.dat,3336
sys,3901,Halloween Event#nApple Candy#nAncient Animal EXP +30% ,1,bango-file,message.dat,3337
sys,3902,Halloween Event#nApple Candy#nSpeed Up,1,bango-file,message.dat,3338
sys,3905,Blessing of Christmas#nExperience + 10%#nAnimal Experience + 10%#nMedicine item effect + 10%#nItem Shop Field Pet effect + 5%#nItem Level Restriction - 5,1,bango-file,message.dat,3341
sys,3906,Dawn Shadow of D'evah has been appeared.,1,bango-file,message.dat,3344
sys,3907,Devil Shadow of D'evah has been appeared.,1,bango-file,message.dat,3345
sys,3908,Nightmare shadow of D'evah has been appeared.,1,bango-file,message.dat,3346
sys,3909,Hell Shadow of D'evah has been appeared.,1,bango-file,message.dat,3347
sys,3910,%1!d! of free space on the inventory is needed.,1,bango-file,message.dat,3350
sys,3920,Insanity Dragon,1,bango-file,message.dat,3353
sys,3921,Cook,1,bango-file,message.dat,3356
sys,3922,Special Cook,1,bango-file,message.dat,3357
sys,3923,HP & MP is increased by 700,1,bango-file,message.dat,3359
sys,3924,"Melee Damage is increased by 10%, Magic Damage is increased by 14%#nAttack Speed is increased by 7%, Dodge Point is increased by 14",1,bango-file,message.dat,3360
sys,3925,Melee Damage is increased by 14%,1,bango-file,message.dat,3361
sys,3926,"Melee damage is increased by 15%, On-Target Point is increased by 13",1,bango-file,message.dat,3362
sys,3927,Magic Damage is increased by 18%,1,bango-file,message.dat,3363
sys,3928,Fishing has ended due to lack of fishing net.,1,bango-file,message.dat,3365
sys,3930,"If you use Moving Scroll, you will not be able to participate Castle Siege again. Would you like to use it?",1,bango-file,message.dat,3368
sys,3931,You can not participate offender side.,1,bango-file,message.dat,3369
sys,3932,You can not participate defender side.,1,bango-file,message.dat,3370
sys,3933,"The number of participants has been exceeded the max, so you are not able to participate Castle Seige.",1,bango-file,message.dat,3371
sys,3934,"If you get out from battlefield, you will give up this Castle Siege. Would you like to get out?",1,bango-file,message.dat,3372
sys,3935,Castle Siege registration has been failed because participation payment is not enough.,1,bango-file,message.dat,3373
sys,3936,"You will be defeated when Leader of the alliance or guild leader get out of the Base,  would you like to get out?",1,bango-file,message.dat,3374
sys,3937,Start from the base.,1,bango-file,message.dat,3375
sys,3938,%1 Guild has set %2 flag.,1,bango-file,message.dat,3376
sys,3939,%1 Guild has destroyed %2 flag.,1,bango-file,message.dat,3377
sys,3940,Castle Siege registration is succeed. Ready for Castle Siege.,1,bango-file,message.dat,3378
sys,3941,Castle Siege registration is failed.,1,bango-file,message.dat,3379
sys,3942,"You are currently unable to fight. When you press [start from the base] button, You will revive at the lastest base you saved.",1,bango-file,message.dat,3380
sys,3943,"The number of participants has been exceeded the max, so you are not able to participate Castle Seige.",1,bango-file,message.dat,3381
sys,3944,Unable to use Moving Scroll during participating Castle Siege.,1,bango-file,message.dat,3382
sys,3945,Participated as a spectator.,1,bango-file,message.dat,3383
sys,3946,You are a participant of Castle Siege.,1,bango-file,message.dat,3384
sys,3947,You are not a spectator.,1,bango-file,message.dat,3385
sys,3948,You cannot participate when you are Assasin mode or joining in the other PVP with other user.,1,bango-file,message.dat,3386
sys,3949,The last flag is setting. Castle Siege will be finished if you cannot defend.,1,bango-file,message.dat,3387
sys,3950,Unable to use Mask of Assassin during participating Castle Siege.,1,bango-file,message.dat,3388
sys,3951,Unable to set the flag.,1,bango-file,message.dat,3389
sys,3952,Unable to use Recall scroll during participating Castle Siege.,1,bango-file,message.dat,3390
sys,3953,Unable to use Scroll of Summoning Monsters during participating Castle Siege.,1,bango-file,message.dat,3391
sys,3954,"You cannot use %1, if you didn't participate Castle Siege as a deffender, offender or spectator.",1,bango-file,message.dat,3392
sys,3955,"Castle Siege will be finished, if this condition maintains for after 10 minutes.",1,bango-file,message.dat,3393
sys,3956,You cannot use Recall scroll in re-spawn area.,1,bango-file,message.dat,3394
sys,3957,Castle Siege has been canceled because both side of guild leader and Leader of the alliance did not attend.,1,bango-file,message.dat,3395
sys,3958,Defender side win! Offender side of guild leader and Leader of the alliance did not attend.,1,bango-file,message.dat,3396
sys,3959,Offender side win! Defender side of guild leader and Leader of the alliance did not attend.,1,bango-file,message.dat,3397
sys,3929,You cannot register because of you are made a request to transfer the guild leader.,1,bango-file,message.dat,3401
sys,3960,Policy of mercy ,1,bango-file,message.dat,3404
sys,3961,Policy of moderation,1,bango-file,message.dat,3405
sys,3962,Policy of force,1,bango-file,message.dat,3406
sys,3963,It has been already changed. You are not able to change until next Castle Siege.,1,bango-file,message.dat,3407
sys,3964, [%1!d!Day(s)],1,bango-file,message.dat,3410
sys,3965,Training of %1!d! grade is requested.,1,bango-file,message.dat,3413
sys,3966,You can enter the Training Field of Unknown World with Medical doctor.,1,bango-file,message.dat,3414
sys,3967,%1 monster is summoned.,1,bango-file,message.dat,3415
sys,3968,Entry of Training Field of Unknown World is ended.,1,bango-file,message.dat,3416
sys,3969,The end of dungeon time limit is %1!d! minutes left.,1,bango-file,message.dat,3417
sys,3970,%1 is cannot be used in this area.,1,bango-file,message.dat,3418
sys,3971,[Master] Tower of D'evah dungeon entrance,1,bango-file,message.dat,3421
sys,3972,You are not able to enter because you have not reached the playable level.,1,bango-file,message.dat,3422
sys,3973,"You are not able to enter the Tower of D'evah, because you did not bring the certificate of D'evah.",1,bango-file,message.dat,3423
sys,3974,"You are not able to enter the Tower of D'evah, because you did not use the certificate of D'evah [??].",1,bango-file,message.dat,3424
sys,3975,"Once Necklace of Holy Hermit is enchanted, it never can be enchanted again with another type of Talisman.",1,bango-file,message.dat,3428
sys,3976,Unable to use item while mining.,1,bango-file,message.dat,3431
sys,3977,Mining is finished because the pickax is lacking.,1,bango-file,message.dat,3432
sys,3978,Mining is unable because the inventory is full.,1,bango-file,message.dat,3433
sys,3979,Mining is stopped because the inventory is full.,1,bango-file,message.dat,3434
sys,3980,This area is unable for mining.,1,bango-file,message.dat,3435
sys,3981,You have entered data into chat window excessively. Using chat window is limited for 5 min. ,1,bango-file,message.dat,3439
sys,3982,Using chat window is prohibited. You are able to use it again after %1!d!min. ,1,bango-file,message.dat,3442
sys,3983,Your contents include restricted words.,1,bango-file,message.dat,3445
sys,3984,"Using macro can be prohibited for a while, when you use macro repeatedly.",1,bango-file,message.dat,3448
sys,3985,You are using macro repeatedly. Using macro is prohibited for a while. ,1,bango-file,message.dat,3451
sys,3986,"#pos(10 0)#color(0 255 0)%3 #color(255 255 255) pet will be made by crossbreed between #n#pos(10 8)#color(0 255 0)%1#color(255 255 255) and #color(0 255 0)%2#color(255 255 255).#n#pos(10 14)Pets for the process will be deleted, do you wish to continue?",1,bango-file,message.dat,3456
sys,3987,Please place your pet on the main pet slot. ,1,bango-file,message.dat,3458
sys,3988,"Crossbreed is successfully finished, you have got %1 pet.",1,bango-file,message.dat,3459
sys,3989,"If you accept the geons from this message, you will not able to receive this zamogeons due to outweighing the zamogeon limit",1,bango-file,message.dat,3462
sys,3990,The number of processes cannot exceed the number of Doggebi solvents.,1,bango-file,message.dat,3465
sys,3991,Mining cannot be started because the inventory is full.,1,bango-file,message.dat,3466
sys,3992,Mineral process ( remaining processes : %1!d! ),1,bango-file,message.dat,3467
sys,3993,It is not available for Doggebi solvent.,1,bango-file,message.dat,3468
sys,3994,Weapons,1,bango-file,message.dat,3470
sys,3995,Armors,1,bango-file,message.dat,3471
sys,3996,Golden,1,bango-file,message.dat,3473
sys,3997,Blood dragon,1,bango-file,message.dat,3474
sys,3998,Heavenly#nExecutioner,1,bango-file,message.dat,3475
sys,4002,Processed items are NOT used for material of mix.,1,bango-file,message.dat,3480
sys,4003,%1 succeeded in enchanting for +%2!d! Necklace of Holy Hermit.,1,bango-file,message.dat,3482
sys,4004,There is no enough silver coin to change.,1,bango-file,message.dat,3485
sys,4005,%1 will be exchanged with %2. Do you want to continue?,1,bango-file,message.dat,3486
sys,4006,All enchanted grades will be reset by enchanted equipment exchange.,1,bango-file,message.dat,3487
sys,4007,"watermelon punch#n increase stregth, agility +10!",1,bango-file,message.dat,3496
sys,4008,"watermelon ice cream#n increase intelligence, wisdom +10!",1,bango-file,message.dat,3497
sys,4009,watermelon juice#n increase attack/magic +10%!,1,bango-file,message.dat,3498
sys,4018,Minerals from mining are changed to materials by processing.,1,bango-file,message.dat,3505
sys,4019,Sometimes materials are also obtainable from mining.,1,bango-file,message.dat,3506
sys,4020,It is impossible to mine when there are full and you should wait for the vacancy.,1,bango-file,message.dat,3507
sys,4021,Honor points are obtainable through daily mining quest.,1,bango-file,message.dat,3508
sys,4022,Making items of your own job are available only.,1,bango-file,message.dat,3509
sys,4023,Gravels are obtainable in certain chance from minerals processing.,1,bango-file,message.dat,3510
sys,4024,A blue dragon pickax can dig high grade minerals more compared to others.,1,bango-file,message.dat,3511
sys,4025,A red bird pickax has the same effect as a blue dragon pickax and can dig more minerals.,1,bango-file,message.dat,3512
sys,4029,Pickax qty,1,bango-file,message.dat,3515
sys,4030,Enchanting Trigram,1,bango-file,message.dat,3518
sys,4031,There was insufficient Material Trigrams to proceed.,1,bango-file,message.dat,3519
sys,4032,Your item can be downgraded when you fail to enchant.,1,bango-file,message.dat,3520
sys,4033,Congratulations! You have succeeded in enchanting Trigram.#nYou've got %1.,1,bango-file,message.dat,3521
sys,4034,%1 succeeded in +%3!d! enchanting of %2.,1,bango-file,message.dat,3522
sys,4035,Your Trigram has been downgraded because you fail to enchant.,1,bango-file,message.dat,3523
sys,4036,You failed to enchant Trigram but the grade of Trigram won't be changed.,1,bango-file,message.dat,3524
sys,4037,Result of Enchanting Trigram,1,bango-file,message.dat,3525
sys,4038,[ Set Effect ],1,bango-file,message.dat,3527
sys,4039,You can't wear the Yin-Yang Mirror because you have higher grade Trigrams or Taegeuk.,1,bango-file,message.dat,3530
sys,4040,You can wear Yin-Yang Mirror only when wearing all of Eight Tragrams.,1,bango-file,message.dat,3531
sys,4041,You can wear Taegeuk only when you are wearing all of Eight Trigrams.,1,bango-file,message.dat,3532
sys,4042,Your Trigram's grade is too high to wear Taegeuk.,1,bango-file,message.dat,3533
sys,4043,You can't wear Taegeuk because grade of Yin-Yang Mirror is too low.,1,bango-file,message.dat,3534
sys,4044,You can't take off Trigram when wearing Yin-Yang Mirror and Taegeuk.,1,bango-file,message.dat,3535
sys,4045,Trigram Absorption,1,bango-file,message.dat,3538
sys,4046,Taegeuk has got %1!d! effect(s)#nby Trigrams absorption of Taegeuk.,1,bango-file,message.dat,3539
sys,4047,You can proceed with Trigram Absorption only when wearing all of 8 Trigrams.,1,bango-file,message.dat,3540
sys,4048,You can't proceed with Trigram Absorption when wearing Taegeuk.,1,bango-file,message.dat,3541
sys,4049,There is no available Taegeuk for Trigram Absorption.,1,bango-file,message.dat,3542
sys,4050,"To activate the Trigram Absorption, all your Trigrams' grades should be same.",1,bango-file,message.dat,3543
sys,4051,You can't absorb the Trigram because its grade is higher than Taegeuk.,1,bango-file,message.dat,3544
sys,4052,Trigram absorption is available only when all your trigrams are enchanted more than +5.,1,bango-file,message.dat,3545
sys,4053,[ Normal Effect ],1,bango-file,message.dat,3546
sys,4054,[ Absorption Effect ],1,bango-file,message.dat,3547
sys,4059,The absorption Effect is initialized.,1,bango-file,message.dat,3548
sys,4060,This taegeuk doesn't have the absorption effect.,1,bango-file,message.dat,3549
sys,4061,The absorption effect of taegeuk will be initialized by Absorption Medicine.,1,bango-file,message.dat,3550
sys,4062,Accessories,1,bango-file,message.dat,3553
sys,4063,Taegeuk,1,bango-file,message.dat,3555
sys,4069,Guem-Oh Taegeuk (Event),1,bango-file,message.dat,3561
sys,4070,This item can't be enchanted anymore.,1,bango-file,message.dat,3562
sys,4071,Only you can wear Trigrams enchanted with the same level.,1,bango-file,message.dat,3563
sys,4072,Ability of wearing Trigram increases by %1!d! %%,1,bango-file,message.dat,3564
sys,4073,You don't have enough gold medals to get a buff.,1,bango-file,message.dat,3567
sys,4074,EXP 10% increases,1,bango-file,message.dat,3568
sys,4075,20 gold medals are removed from your inventory.,1,bango-file,message.dat,3569
sys,4076,Attack,1,bango-file,message.dat,3572
sys,4077,#nAttack to selected target.#nHotkey : `,1,bango-file,message.dat,3573
sys,4078,Inventory,1,bango-file,message.dat,3576
sys,4079,Storage,1,bango-file,message.dat,3577
sys,4080,Geum-Oh,1,bango-file,message.dat,3580
sys,4081,Deva,1,bango-file,message.dat,3581
sys,4082,Narootuh,1,bango-file,message.dat,3582
sys,4083,Jook-Suh Cargo Station,1,bango-file,message.dat,3583
sys,4084,Geum-Oh Mine,1,bango-file,message.dat,3584
sys,4085,The Pub of the Giant Bird,1,bango-file,message.dat,3585
sys,4086,Temporary Fort of Geum-Ohee Castle,1,bango-file,message.dat,3586
sys,4087,The City of Priest,1,bango-file,message.dat,3587
sys,4088,Cheonji-Yun,1,bango-file,message.dat,3588
sys,4089,Hondel,1,bango-file,message.dat,3589
sys,4090,The Doggebi Tower,1,bango-file,message.dat,3590
sys,4091,Abandoned Grave,1,bango-file,message.dat,3591
sys,4092,Royal Tomb of GehBalHan,1,bango-file,message.dat,3592
sys,4093,Cave Of Giant Bird,1,bango-file,message.dat,3593
sys,4094,Tower of Priest,1,bango-file,message.dat,3594
sys,4095,Tower of Deva,1,bango-file,message.dat,3595
sys,4096,More stuff can't be added because trade has already been approved.,1,bango-file,message.dat,3596
sys,4097,Trade can't be made because it exceeds maximum money you can possess..,1,bango-file,message.dat,3597
sys,4098,You can't sell your items because it exceeds maximum money you can possess with this trade.,1,bango-file,message.dat,3598
sys,4099,You can't sell your items because it exceeds maximum money you can sell in your private shop,1,bango-file,message.dat,3599
sys,4100,It is not a disposable item,1,bango-file,message.dat,3600
sys,4101,Auto Navigation is over.,1,bango-file,message.dat,3603
sys,4107,Perforation,1,bango-file,message.dat,3606
sys,4108,Black Magic Power,1,bango-file,message.dat,3607
sys,4109,Failed to create Qigong.,1,bango-file,message.dat,3608
sys,4110,Succeeded to create Qigong.,1,bango-file,message.dat,3609
sys,4111,Failed to create Qigong. The endurance has been decreased by %1!d!.,1,bango-file,message.dat,3610
sys,4112,Can't create Qigong on %1.,1,bango-file,message.dat,3611
sys,4113,You can add Qigong ability only on the item which already has Qigong.,1,bango-file,message.dat,3612
sys,4114,You can't add Qigong ability on equipped items.,1,bango-file,message.dat,3613
sys,4115,You can't add Qigong ability on locked items.,1,bango-file,message.dat,3614
sys,4116,Adding Qigong ability,1,bango-file,message.dat,3615
sys,4117,Adding Qigong ability has been stopped.,1,bango-file,message.dat,3616
sys,4118,You don't have enough items to add Qigong ability.,1,bango-file,message.dat,3617
sys,4119,You can only put Qigong Talisman.,1,bango-file,message.dat,3618
sys,4120,Black Imoogie,1,bango-file,message.dat,3619
sys,4121,Black Shadow Dragon,1,bango-file,message.dat,3620
sys,4122,Black Sky Dragon,1,bango-file,message.dat,3621
sys,4123,Black Ancient Dragon,1,bango-file,message.dat,3622
sys,4124,Black Storm Dragon,1,bango-file,message.dat,3623
sys,4125,Black Violent Dragon,1,bango-file,message.dat,3624
sys,4126,Black Thunder Dragon,1,bango-file,message.dat,3625
sys,4127,Black Insanity Dragon,1,bango-file,message.dat,3626
sys,4128,Already Qiqong has succeeded.,1,bango-file,message.dat,3627
sys,4129,"Adding the perforation power by using Perforation Shot. If it fail to adding the perforation power, the endurance can be decreased or destroyed.",1,bango-file,message.dat,3628
sys,4130,Current item's endurance is 5 or below. The item can be destroyed when the endurance gets reduced. You would better use Fixing Tool. Do you want to try?,1,bango-file,message.dat,3629
sys,4131,You're trying to adding Qigong an item that is used by the Polishing Stone. Continue to add Qigong the item?,1,bango-file,message.dat,3630
sys,4132,Adding Qigong only can be tried to the level 40 or above of the items.,1,bango-file,message.dat,3631
sys,4133,Adding Qigong,1,bango-file,message.dat,3632
sys,4134,This is the last message.,1,bango-file,message.dat,3635
sys,4135,You have unread messages. #n#n#color(255 255 255)Do you delete selected messages?,1,bango-file,message.dat,3636
sys,4136,There is no selected message.,1,bango-file,message.dat,3637
sys,4137,Action,1,bango-file,message.dat,3640
sys,4138,#color(0 255 0)%1 #n#n#color(255 255 255)Do you want to learn it?,1,bango-file,message.dat,3641
sys,4139,#color(0 255 0)%1 #n#n#color(255 255 1)Lv%2!d!  -> Lv%3!d! #n#n#color(255 255 255)Do you want to upgrade it?,1,bango-file,message.dat,3642
sys,4140,It's automated learning skill.,1,bango-file,message.dat,3643
sys,4141,Your grade is not enough to learn it.,1,bango-file,message.dat,3644
sys,4142,Your grade of preceding skill is not enough to learn it.,1,bango-file,message.dat,3645
sys,4143,You can't learn it anymore.,1,bango-file,message.dat,3646
sys,4144,Passive skill is not able to be registered in quick slot.,1,bango-file,message.dat,3647
sys,4145,Required skill point : 1,1,bango-file,message.dat,3648
sys,4146,#n#color(255 255 255)1st Job Change Quest is available at #color(255 255 1)30 level #color(255 255 255)from #n#n#color(1 255 1)HyungJoo-SeungGong #color(255 255 255)in #color(1 255 1)Geum-Oh mine.,1,bango-file,message.dat,3649
sys,4147,#n#color(255 255 255)2nd Job Change Quest is available at #color(255 255 1)50 level #color(255 255 255)from #n#n#color(1 255 1)Jae-Ga #color(255 255 255)in #color(1 255 1)Geum-Ohee Castle.,1,bango-file,message.dat,3650
sys,4148,#n#color(255 255 255)3rd Job Change Quest is available at #color(255 255 1)70 level #color(255 255 255)from #n#n#color(1 255 1)Jae-Ga in #color(1 255 1)Geum-Ohee Castle.,1,bango-file,message.dat,3651
sys,4149,#color(0 255 0)%1 #n#n#color(255 255 255)Do you want to learn it? #n#n#color(255 1 1)??It is impossible to cancel it when you learn it once!,1,bango-file,message.dat,3652
sys,4150,You have already learned the mystery skill of the emperor.,1,bango-file,message.dat,3653
sys,4151,Back,1,bango-file,message.dat,3654
sys,4152,Your skill Point is not enough to learn it.,1,bango-file,message.dat,3655
sys,4153,Final On Target Point is increased by 10,1,bango-file,message.dat,3657
sys,4154,Final On Target Point is increased by 20,1,bango-file,message.dat,3658
sys,4155,Final On Target Point is increased by 30,1,bango-file,message.dat,3659
sys,4156,Final On Target Point is increased by 5,1,bango-file,message.dat,3660
sys,4202,your inventory does not have enough space to take zamogeon.,1,bango-file,message.dat,3663
sys,4203,The character of GMs can't be added on your friend list.,1,bango-file,message.dat,3664
sys,4323,Increase WIS +5 and Health +5,1,bango-file,message.dat,3666
sys,4324,Increase WIS +5 and INT +5,1,bango-file,message.dat,3667
sys,4325,Increase WIS +5 and STR +5,1,bango-file,message.dat,3668
sys,4326,Increase WIS +5 and AGI +5,1,bango-file,message.dat,3669
sys,4327,Increase HP +500,1,bango-file,message.dat,3670
sys,4200,Do you delete selected messages?,1,bango-file,message.dat,3681
sys,4202,your inventory does not have enough space to take zamogeon.,2,bango-file,message.dat,3683
sys,4203,The character of GMs can't be added on your friend list.,2,bango-file,message.dat,3684
sys,4204,Demon Gong,1,bango-file,message.dat,3687
sys,4205,You have been failed on creating the slot ,1,bango-file,message.dat,3688
sys,4206,You have been succeeded on creating the slot,1,bango-file,message.dat,3689
sys,4207,"Because of you have failed on creating demon gong, durability has gone down to %1!d!",1,bango-file,message.dat,3690
sys,4208,Item %1 cannot be provided with creating the demon gong,1,bango-file,message.dat,3691
sys,4209,Items that have been provided with the demon gong can be embedded of the demon gong's ability.,1,bango-file,message.dat,3692
sys,4210,You can not put the ability into the wearing Item.,1,bango-file,message.dat,3693
sys,4211,You can not put the ability into the locked Item.,1,bango-file,message.dat,3694
sys,4212,Embedding the ability of demon gong,1,bango-file,message.dat,3695
sys,4213,Embedding the ability of demon gong is stopped.,1,bango-file,message.dat,3696
sys,4214,You have not enough item that can embed the Demon Gong's ability.,1,bango-file,message.dat,3697
sys,4215,This is wrong material item.,1,bango-file,message.dat,3698
sys,4216,Making the slot for the Demong Gong has already been succeeded.,1,bango-file,message.dat,3699
sys,4217,"Try to generate the Demon Gong by using the Shot of Demong Gong. If fail, not only the item's durability could be decreased but the item could be destoryed as well.",1,bango-file,message.dat,3700
sys,4218,"Right now, the durability on this equipment is below 5. This equipment has very low durability. If you fail on creating the demon gong, its durability will be 0. Then, the equipment will be destoryed. We recommend you to use the fixing tool. Are you sure on creating the demon gong?",1,bango-file,message.dat,3701
sys,4219,You are trying to create the demon gong into the item that has the Polishing Stone used. Are you sure about this?,1,bango-file,message.dat,3702
sys,4220,"When the equipment is under 65 level, you can not create the demon gong.",1,bango-file,message.dat,3703
sys,4221,Creating the Demon Gong,1,bango-file,message.dat,3704
sys,4222,The rank for the sub material cannot be higher than the main material.,1,bango-file,message.dat,3705
sys,4223,This item is impossible smelting.,1,bango-file,message.dat,3706
sys,4224,The Earth,1,bango-file,message.dat,3707
sys,4225,The Wind,1,bango-file,message.dat,3708
sys,4226,The Water,1,bango-file,message.dat,3709
sys,4227,Left Gong,1,bango-file,message.dat,3710
sys,4228,Right Gong,1,bango-file,message.dat,3711
sys,4229,You can't extend slot anymore.,1,bango-file,message.dat,3712
sys,4230,Player %1 has acquired,1,bango-file,message.dat,3715
sys,4231,%1 out of the %2 !,1,bango-file,message.dat,3716
sys,4233,You cannot attack in this place.,1,bango-file,message.dat,3719
sys,4234,You have to have the awaken level to enhance.,1,bango-file,message.dat,3721
sys,4235,The equipment that is Qigong enhanced can expand the slot for the demon Gong,1,bango-file,message.dat,3722
sys,4236,You have no target for enhancing.,1,bango-file,message.dat,3723
sys,4237,You have no item for materials,1,bango-file,message.dat,3724
sys,4238,It's not available location for the slot.,1,bango-file,message.dat,3725
sys,4239,You have been failed on enhancing the Qigong.,1,bango-file,message.dat,3726
sys,4240,Shout of Defense,1,bango-file,message.dat,3729
sys,4241,Curse,1,bango-file,message.dat,3730
sys,4242,Incapacitation,1,bango-file,message.dat,3731
sys,4243,Shout of Fighting Spirit,1,bango-file,message.dat,3732
sys,4244,Releasing the Energy,1,bango-file,message.dat,3733
sys,4245,Critical Diffusion,1,bango-file,message.dat,3734
sys,4246,Walk on the Air,1,bango-file,message.dat,3735
sys,4247,Awaken,1,bango-file,message.dat,3736
sys,4248,Awaken Lv1,1,bango-file,message.dat,3737
sys,4249,Awaken Lv2,1,bango-file,message.dat,3738
sys,4250,Awaken Lv3,1,bango-file,message.dat,3739
sys,4251,This tap will be provided once you are awaken.,1,bango-file,message.dat,3741
sys,4252,The Bead Of Fire doesn't exist.,1,bango-file,message.dat,3743
sys,4253,The equipment doesn't exist.,1,bango-file,message.dat,3744
sys,4254,It is a locked item,1,bango-file,message.dat,3745
sys,4255,It is an item that is not possible to put the Bead Of Fire,1,bango-file,message.dat,3746
sys,4256,It is not the Bead Of Fire.,1,bango-file,message.dat,3747
sys,4257,This item's rank is not available to use the Bead Of Fire.,1,bango-file,message.dat,3748
sys,4258,Attack of Dark Shadow,1,bango-file,message.dat,3750
sys,4259,Evolution of Mana Circulation ,1,bango-file,message.dat,3751
sys,4269,Please choose what you want.,1,bango-file,message.dat,3754
sys,4270,The Alchemy succeeded as normal.,1,bango-file,message.dat,3755
sys,4271,The Alchemy doesn't exist.,1,bango-file,message.dat,3756
sys,4272,The Necessary item for Alchemy doesn't have enough.,1,bango-file,message.dat,3757
sys,4273,You are wearing the Necessary item for Alchemy now.,1,bango-file,message.dat,3758
sys,4274,The Necessary item for Alchemy is locked.,1,bango-file,message.dat,3759
sys,4275,The Alchemy didn't succeed as normal.,1,bango-file,message.dat,3760
sys,4276,The commission isn't enough to require for the Alchemy.,1,bango-file,message.dat,3761
sys,4277,Talisman of expert can't be used when this item is wearing now.,1,bango-file,message.dat,3764
sys,4278,There is no item to use Talisman of expert.,1,bango-file,message.dat,3765
sys,4279,Talisman of expert in use.,1,bango-file,message.dat,3766
sys,4280,Only Talisman of expert can put in here.,1,bango-file,message.dat,3767
sys,4281,Talisman of expert can't be used when this item is locked.,1,bango-file,message.dat,3768
sys,4282,Talisman of expert doesn't have enough.,1,bango-file,message.dat,3769
sys,4283,The endurance of item is decreased to %1!d!.,1,bango-file,message.dat,3770
sys,4284,Talisman of expert was stopped use.,1,bango-file,message.dat,3771
sys,4285,There is no item to use Talisman of expert.,1,bango-file,message.dat,3772
sys,4286,Talisman of expert has failed.,1,bango-file,message.dat,3773
sys,4287,This Platoon has person who be behind to minimum Grade 60.,1,bango-file,message.dat,3775
sys,4288,Only the Stone of Demon Gong can be added.,1,bango-file,message.dat,3778
sys,4289,You can grant ability on the item when the slot for the Stone of Demon Gong is empty.,1,bango-file,message.dat,3779
sys,4290,Please select where you want to apply the ability of Demong Gong.,1,bango-file,message.dat,3780
sys,4291,Solvent for Removing Stone of Demon Gong cannot be used upon the locked item.,1,bango-file,message.dat,3781
sys,4292,Solvent for Removing Stone of Demon Gong cannot be used upon the equiped item.,1,bango-file,message.dat,3782
sys,4293,"The item that cannot be applied of the Demong Gong's ability, Solvent for Removing Stone of Demon Gong cannot be used neither.",1,bango-file,message.dat,3783
sys,4294,Deleting stone of Demon Gong...,1,bango-file,message.dat,3784
sys,4295,Expulsion stone of Demon Gong...,1,bango-file,message.dat,3785
sys,4296,Do you wish to delete %1?,1,bango-file,message.dat,3786
sys,4297,Do you wish to extract %1?,1,bango-file,message.dat,3787
sys,4298,The Deletion stone of Demon Gong was canceled.,1,bango-file,message.dat,3788
sys,4299,The Expulsion stone of Demon Gong was canceled.,1,bango-file,message.dat,3789
sys,4300,The locked item can't be used in all of smelting material.,1,bango-file,message.dat,3790
sys,4301,Smelting material isn't enough. ,1,bango-file,message.dat,3791
sys,4302,Smelting stone of Demon Gong.,1,bango-file,message.dat,3792
sys,4303,Refining the Stone of Demon Gong has succeeded.,1,bango-file,message.dat,3793
sys,4304,Refining the Stone of Demon Gong has failed.,1,bango-file,message.dat,3794
sys,4305,The Smelting stone of Demon Gong was canceled.,1,bango-file,message.dat,3795
sys,4306,Extract,1,bango-file,message.dat,3796
sys,4307,Delete,1,bango-file,message.dat,3797
sys,4308,You are too high level to open the box.,1,bango-file,message.dat,3800
sys,4309,Please write the receiver.,1,bango-file,message.dat,3804
sys,4310,The character name is too long. ,1,bango-file,message.dat,3805
sys,4311,Kal Shop,1,bango-file,message.dat,3806
sys,4312,  Gold KC : ,1,bango-file,message.dat,3807
sys,4313,Silver KC : ,1,bango-file,message.dat,3808
sys,4314,    Point : ,1,bango-file,message.dat,3809
sys,4315,    Jewel : ,1,bango-file,message.dat,3810
sys,4316,Gold KC,1,bango-file,message.dat,3811
sys,4317,Silver KC,1,bango-file,message.dat,3812
sys,4318,Point,1,bango-file,message.dat,3813
sys,4319,Jewel,1,bango-file,message.dat,3814
sys,4320,Buy,1,bango-file,message.dat,3815
sys,4321,Gift,1,bango-file,message.dat,3816
sys,4322,Cash,1,bango-file,message.dat,3817
sys,4323,Chocochip Cookie#nMelee damage is increased by 20%,2,bango-file,message.dat,3820
sys,4324,"Pumpkin Candy#nadds 20 points to HP regeneration, and 7 points to MP regeneration",2,bango-file,message.dat,3821
sys,4325,Chocolate Muffin#nMagic Damage is increased by 23%,2,bango-file,message.dat,3822
sys,4326,Apple Candy#nStrength is increased by 3.,2,bango-file,message.dat,3823
sys,4327,Green Grape Candy#nIntelligence is increased by 3.,2,bango-file,message.dat,3824
sys,4328,Banana Candy#nAgility is increased by 3.,1,bango-file,message.dat,3825
sys,4329,Lemonade#nHP is increased by 1450,1,bango-file,message.dat,3826
sys,4330,You cannot acquire items anymore.,1,bango-file,message.dat,3829
sys,4331,Please write the character name which be received %2 item(s) of %1,1,bango-file,message.dat,3832
sys,4332,Would you send %3 item(s) of %2 to %1 for gift?,1,bango-file,message.dat,3833
sys,4333,Obtained %1!d! honor reward points with using a Reward point coupon,1,bango-file,message.dat,3836
sys,4334,You can use a Reward point coupon %1!d! hour %2!d! mins later.,1,bango-file,message.dat,3837
sys,4335,You can use a Reward point coupon %1!d! mins later.,1,bango-file,message.dat,3838
sys,4336,You failed to use a Reward coupon,1,bango-file,message.dat,3839
sys,4337,One or more of your Guild member(s) is not satisfied with a requirement of entrance.,1,bango-file,message.dat,3840
sys,4338,You don't have an enough Jewel. Are you going to buy Jewel from Cash shop?,1,bango-file,message.dat,3843
sys,4339,Sorry for inconvenience. Kal Point shop cannot be used for a while because of maintenance.,1,bango-file,message.dat,3846
sys,4343,Comeback user's bless#nExperience + 30%#nAnimal Experience + 20%#nMedicine item effect + 10%#nItem Shop Field Pet effect + 5%,1,bango-file,message.dat,3850
sys,4344,Exchange,1,bango-file,message.dat,3853
sys,4345,Exchange,1,bango-file,message.dat,3854
sys,4346,Cannot open the shop to mining or fishing.,1,bango-file,message.dat,3855
sys,4347,Buy,1,bango-file,message.dat,3856
sys,4348,"Jewel cannot auction registration and check-in storage, send mail.",1,bango-file,message.dat,3857
sys,4349,Best wine,1,bango-file,message.dat,3860
sys,4350,"Best wine#nSTR+5, Health+10, INT+5, WIS+10, AGI+5",1,bango-file,message.dat,3861
sys,4351,Expired,1,bango-file,message.dat,3864
sys,4352,The rental period of the %1 has ended.#nDo you want extend the rental period of the %1?#nRental period:%2#nNecessary jewel amount:%3 / %4,1,bango-file,message.dat,3865
sys,4353,Do you want extend the rental period of the %1?#nRental period : %2#nExtend period : %3#nNecessary jewel count:%4 / %5,1,bango-file,message.dat,3866
sys,4354,%1!d!Day(s) %2!d!Hour(s) %3!d!Minute(s),1,bango-file,message.dat,3867
sys,4355,The rental period of the %1 will be ended after %2!d! hours.,1,bango-file,message.dat,3868
sys,4356,The rental period of the %1 will be ended after %2!d! minutes.,1,bango-file,message.dat,3869
sys,4357,"When rental period ends, you can not wear this item.",1,bango-file,message.dat,3870
sys,4358,"Among your rental items, there are rental items in less than 24 hours.#nPlease check your rental period.#nIf you want to extend the rental period, please extend the rental period.",1,bango-file,message.dat,3871
sys,4359,Rental period extension failed.,1,bango-file,message.dat,3872
sys,4360,Rental period is possible extended for up to 6 months.,1,bango-file,message.dat,3873
sys,4361,Unused items cannot extend the rental period.,1,bango-file,message.dat,3874
sys,4362,Below amount of Jewel(s) will be deducted for extended rental period of %1.#nCount of jewel required : %2#nYou will extend the rental period?,1,bango-file,message.dat,3875
sys,4365,Jewel can't be dropped,1,bango-file,message.dat,3878
sys,4366,Jewel cannot be destroyed.,1,bango-file,message.dat,3879
sys,4367,XTrap version does not match the server. Please reinstall the Kalonline clients. Thank you.,1,bango-file,message.dat,3882
sys,4383,Would you like to open a collection slot? #n#n Price : %1!d! %2,1,bango-file,message.dat,3885
sys,4384,Speed,1,bango-file,message.dat,3886
sys,4385,Critical,1,bango-file,message.dat,3887
sys,4386,Increases critical damage,1,bango-file,message.dat,3888
sys,4387,Increases explosive blow damage,1,bango-file,message.dat,3889
sys,4388,Increases experience,1,bango-file,message.dat,3890
sys,4389,Increases ancient experience,1,bango-file,message.dat,3891
sys,4390,Resistance,1,bango-file,message.dat,3892
sys,4391,Opened slot,1,bango-file,message.dat,3893
sys,4392,None,1,bango-file,message.dat,3894
sys,4393,Collection,1,bango-file,message.dat,3895
sys,4394,Hanin's Mirror,1,bango-file,message.dat,3896
sys,4395,Equipped Hanin's essence ability,1,bango-file,message.dat,3897
sys,4396,There are updated data. Restart the game to proceed with the update.,1,bango-file,message.dat,3900
sys,4397,The Hanin's essence change failed.,1,bango-file,message.dat,3903
sys,4398,The Hanin's essence upgrade failed.,1,bango-file,message.dat,3904
sys,4399,You had succeeded in opening the Hanin's mirror slot.,1,bango-file,message.dat,3905
sys,4400,You had failed in opening the Hanin's mirror slot.,1,bango-file,message.dat,3906
sys,4401,High class essence cannot evolution,1,bango-file,message.dat,3907
sys,4402,You can be used on an item in the same class as the material.,1,bango-file,message.dat,3908
sys,4403,You can no longer equipped.,1,bango-file,message.dat,3909
sys,4404,Essence of the same property can be fitted with only one.,1,bango-file,message.dat,3910
sys,4405,"If you are equipped an essence, you cannot turn off the Hanin's Mirror.",1,bango-file,message.dat,3911
sys,4406,"You have equipped with the Hanin's Mirror, it can be equipped.",1,bango-file,message.dat,3912
sys,4409,"Due to problems with character creation system, the character creation is temporarily unavailable. We will do our best to fix this problem quickly.",1,bango-file,message.dat,3914
sys,4407,"Increase EXP +30%%#n#1This event Buff will be deleted on 12th of Jan, 2017.",1,bango-file,message.dat,3916
sys,4408,This area is not designated fishing area.,1,bango-file,message.dat,3920
sys,4410,You cannot open a items shop due to temporary disability. Please re-login again.,1,bango-file,message.dat,3923
sys,4411,This place is not stall zone.,1,bango-file,message.dat,3924
sys,4412,You cannot connect to the same IP the client 26EA.,1,bango-file,message.dat,3926
sys,4413,The limited sale product %1 sale start now.,1,bango-file,message.dat,3929
sys,4414,%1 will close a sale soon. Please hurry up to buy.,1,bango-file,message.dat,3930
sys,4415,%1 will sold out soon!! It just remain a few of them. Hurry up!,1,bango-file,message.dat,3931
sys,4416,%1 sale time is over. Thank you for your purchase.,1,bango-file,message.dat,3932
sys,4417,%1 is sold out. Thank you for your purchase.,1,bango-file,message.dat,3933
sys,4418,%1 sale time is over. Thank you for your purchase.,1,bango-file,message.dat,3934
sys,4419,%1 is not on sale now. Please buy next time.,1,bango-file,message.dat,3935
sys,4420,You can buy %2 ea of %1 left.,1,bango-file,message.dat,3936
sys,4421,Over the 1% purchase limit amount. Please buy it next time.,1,bango-file,message.dat,3937
sys,4422,Welcome to mysterious oriental fantasy Kalonline. Guide Doggebi is waiting for you.,1,bango-file,message.dat,3940
sys,4423,This game cannot access from Korea.,1,bango-file,message.dat,3941
sys,4424,Taegeuk,1,bango-file,message.dat,3942
sys,4425,Ring,1,bango-file,message.dat,3943
sys,4426,Protection Talisman,1,bango-file,message.dat,3944
sys,4427,Trinket,1,bango-file,message.dat,3945
sys,4428,Necklace,1,bango-file,message.dat,3946
sys,4429,Ancient Animal,1,bango-file,message.dat,3947
sys,4430,Pet,1,bango-file,message.dat,3948
sys,4431,Flag,1,bango-file,message.dat,3949
sys,4432,This program can't be executed alone. Please execute Steam again.,1,bango-file,message.dat,3950
sys,4440,"For a safe game data, the game is being saved.#nWhen you terminate abnormally may cause problems, so please wait a moment.#nWhen data save completed, it will be closed automatically.",1,bango-file,message.dat,3951
sys,4441,The game closing after %1!d!sec.,1,bango-file,message.dat,3952
sys,4479,The cash items cannot dropped on the ground.,1,bango-file,message.dat,3954
sys,4480,The zamogeons cannot dropped on the ground.,1,bango-file,message.dat,3955
sys,4481,The daily cash items trading amount or the move count has been exceeded. (The remaining amount of trading %1 times)(You can trade at 10 AM (KST) tomorrow.),1,bango-file,message.dat,3956
sys,4482,"The daily cash items trading amount or the move count has been exceeded, you cannot registered. (Daily Max trading amount is %1 times)",1,bango-file,message.dat,3957
sys,4483,The daily zamogeons trading amount has been exceeded. (The amount of tradable zamogeons are %1 zamogeons)(You can trade at 10 AM (KST) tomorrow.),1,bango-file,message.dat,3958
sys,4484,"The daily zamogeons trading amount has been exceeded, so you cannot registered. (Daily Max trading amount is %1 zamogeons)",1,bango-file,message.dat,3959
sys,4485,"You cannot buy the jewel items yet. If your LV is over 40 LV, you can buy the jewel items.",1,bango-file,message.dat,3960
sys,4486,You cannot purchase an item because creation date is less than 7days.,1,bango-file,message.dat,3961
sys,4487,"You cannot sell this items yet, you can sell later limited time to sell.",1,bango-file,message.dat,3962
sys,4550,Limitation : Level %1!d!~%2!d!,1,bango-file,message.dat,3966
sys,4551,Limitation : Level %1!d! below,1,bango-file,message.dat,3967
sys,4552,Limitation : %1 Level %2!d!~%3!d!,1,bango-file,message.dat,3968
sys,4553,Limitation : %1 Level %2!d! below,1,bango-file,message.dat,3969
sys,4554,Limitation : only %1,1,bango-file,message.dat,3970
sys,4555,Trade is not possible,1,bango-file,message.dat,3971
sys,4556,E-mok Island,1,bango-file,message.dat,3972
sys,4557,"The same kind of buff is already activated. So, this buff cannot be used.",1,bango-file,message.dat,3973
sys,4600,costume / riding item decomposition,1,bango-file,message.dat,3976
sys,4601,decomposition,1,bango-file,message.dat,3977
sys,4602,Zamogeons is insufficient. Please check your Zamogeons again.,1,bango-file,message.dat,3979
sys,4603,This item has been decomposition.,1,bango-file,message.dat,3980
sys,4604,Riding animal has succeeded to enchant.,1,bango-file,message.dat,3981
sys,4605,Costume has succeeded to enchant.,1,bango-file,message.dat,3982
sys,4606,Need %1!d!zamogeon. Please check and try again.,1,bango-file,message.dat,3983
sys,4607,"Disassemble the selected %1 item. Need %2!d!zamogeon for decomposition, and you can get %3 %4!d! ea Gorgeous experience stones. After you disassembled an item, this item can't be recovered. Are you sure to continue?",1,bango-file,message.dat,3984
sys,4608,Fishing,1,bango-file,message.dat,3985
sys,4609,Enchant,1,bango-file,message.dat,3986
sys,4610,Obtained Experience stone.,1,bango-file,message.dat,3987
sys,4611,Needed Experience stone,1,bango-file,message.dat,3988
sys,4612,Needed Zamogeons,1,bango-file,message.dat,3989
sys,4613,Enchant Items,1,bango-file,message.dat,3990
sys,4614,Consumption Items,1,bango-file,message.dat,3991
sys,4615,Decomposition Items,1,bango-file,message.dat,3992
sys,4616,"A selected %1 weapon costume will be enchanted. When this item enchanted, %2!d! Zamogeons and %3 %4!d! will be deducted. Do you want to enchant it?",1,bango-file,message.dat,3993
sys,4617,There is not enough an enchant stones. Please check enchant stone numbers.,1,bango-file,message.dat,3994
sys,4618,"There is no weapon costume item registered for enchant, so it cannot be process an enchant system. Please register an weapon costume item first then try again.",1,bango-file,message.dat,3995
sys,4619,"There is no enchant stone item registered for enchant, so it cannot be process an enchant system. Please register an enchant stone item first then try again.",1,bango-file,message.dat,3996
sys,4620,This item cannot do more an enchant.,1,bango-file,message.dat,3997
sys,4621,"Because item is not registered, it cannot do a decomposition. After check an item, please try again.",1,bango-file,message.dat,3998
sys,4622,It has succeeded to enchant and %1 item's grade has increased.,1,bango-file,message.dat,3999
sys,4623,Wearing items cannot be enchanted.,1,bango-file,message.dat,4000
sys,4624,Wearing items cannot be decomposition.,1,bango-file,message.dat,4001
sys,4625,This item cannot be enchanted.,1,bango-file,message.dat,4003
sys,4626,This item cannot be disassembled.,1,bango-file,message.dat,4004
sys,4627,Cannot be enhanced,1,bango-file,message.dat,4005
sys,4628,Cannot be decomposition,1,bango-file,message.dat,4006
sys,4629,Automatic acquisition of items,1,bango-file,message.dat,4007
sys,4630,Would you like to sell all selected items?,1,bango-file,message.dat,4008
sys,4636,Upgrade,1,bango-file,message.dat,4014
sys,4637,Needed enchant stone,1,bango-file,message.dat,4015
sys,4638,Upgrade Item,1,bango-file,message.dat,4016
sys,4639,"There is no upgrade item registered for enchant, so it cannot be process an upgrade system. Please register an upgrade item first then try again.",1,bango-file,message.dat,4017
sys,4640,"There is no max leveled weapon costume as a consumption item registered for upgrade system, so it cannot be process an upgrade system. Please register consumption item first then try again.",1,bango-file,message.dat,4018
sys,4641,"A selected %1 weapon costume will be upgraded. When this item upgrade, %2!d! Zamogeons will be deducted. Do you want to upgrade it?",1,bango-file,message.dat,4019
sys,4642,"This weapon costume's enchant level is low, so please enchant to level 10 first.",1,bango-file,message.dat,4020
sys,4643,This weapon costume is max level. Please check weapon custom and try it again.,1,bango-file,message.dat,4021
sys,4644,It is a failed an enchant or upgrade of weapon costume.,1,bango-file,message.dat,4022
sys,4646,????,1,bango-file,message.dat,4023
sys,4662,Increase EXP +5%,1,bango-file,message.dat,4040
sys,4700,"When you register a %1, it  the usage time decreases. Do you want to use really?",1,bango-file,message.dat,4043
sys,4701,The riding animal is not registered. Please check and try again.,1,bango-file,message.dat,4044
sys,4702,The riding animal remaining period: %1,1,bango-file,message.dat,4045
sys,4703,The riding animal apply stats: %1,1,bango-file,message.dat,4046
sys,4704,Group options,1,bango-file,message.dat,4047
sys,4705,Group options stats,1,bango-file,message.dat,4048
sys,4706,Riding(Hotkey:E),1,bango-file,message.dat,4049
sys,4710,Valiancy,1,bango-file,message.dat,4051
sys,4711,Tenacity,1,bango-file,message.dat,4052
sys,4712,Knowledge,1,bango-file,message.dat,4053
sys,4713,Sagacity,1,bango-file,message.dat,4054
sys,4714,Swiftness,1,bango-file,message.dat,4055
sys,4715,Trust,1,bango-file,message.dat,4056
sys,4716,Wind,1,bango-file,message.dat,4057
sys,4717,impregnable,1,bango-file,message.dat,4058
sys,4720,Health poing/Mana point+%1!d!,1,bango-file,message.dat,4060
sys,4721,Gathering of EXP from monsters is increased by 35%.,1,bango-file,message.dat,4063
sys,4728,"Gathering of EXP from monsters is increased by 45%.#n Increased magic attack +30% .#n Increased Intelligence +10, Wisdom +10.",1,bango-file,message.dat,4066
sys,4750,No duel is available at Training Center.,1,bango-file,message.dat,4077
sys,4751,You can buy training period up to 999 hours.,1,bango-file,message.dat,4078
sys,4752,Do you want to buy %2!d! training hour(s) for spending %1!d! jewel(s)?,1,bango-file,message.dat,4079
sys,4753,You cannot do training anymore because training hour is over.,1,bango-file,message.dat,4080
sys,4754,Let's start a training.,1,bango-file,message.dat,4081
sys,4755,"Training hour is over, Training section is ended. ",1,bango-file,message.dat,4082
sys,4756,Training is finished,1,bango-file,message.dat,4083
sys,4757,"You do not have an enough Zamogeons, so you cannot move to Training Center. You need %1!d! Zamogeons.",1,bango-file,message.dat,4084
sys,4758,You need to pay %1!d! Zamogeons to move Training Center. Are you sure to move?,1,bango-file,message.dat,4085
sys,4760,You cannot summon the other characters at this place.,1,bango-file,message.dat,4088
sys,4761,Your character moves to the target location.,1,bango-file,message.dat,4089
sys,4762,Current location cannot be saved.,1,bango-file,message.dat,4090
sys,4763,You cannot moves to target place.,1,bango-file,message.dat,4091
sys,4800,Cash Buff,1,bango-file,message.dat,4095
sys,4801,36 slots,1,bango-file,message.dat,4096
sys,4802,"All inventory slots open, Can not use the item.",1,bango-file,message.dat,4097
sys,4803,You cannot add more the inventory slot(s).,1,bango-file,message.dat,4098
sys,4804,You have expanded %1!d slot(s).,1,bango-file,message.dat,4099
sys,4805,"The period has expired, so %1!d slot(s) has been closed.",1,bango-file,message.dat,4100
sys,4806,The period of [%1] has been added.,1,bango-file,message.dat,4101
sys,4807,You can not extend the period with an invalid buff.,1,bango-file,message.dat,4102
sys,4808,You can not extend the period because there are not enough jewels.,1,bango-file,message.dat,4103
sys,4809,Failed to extend the buff period.,1,bango-file,message.dat,4104
sys,4810,Can not add any more period.,1,bango-file,message.dat,4105
sys,4811,Need [%3!d!] jewel to add [%1] for [%2] Want to add a period?,1,bango-file,message.dat,4106
sys,4812,Could not add period,1,bango-file,message.dat,4107
sys,4813,Want to use [%1] item?,1,bango-file,message.dat,4108
sys,4814,The inventory slot disabled. Want to expand?,1,bango-file,message.dat,4109
sys,4815,Please purchase DLC first.,1,bango-file,message.dat,4110
sys,4816,The inventory slot disabled.#nCan be expanded using jewel.,1,bango-file,message.dat,4111
sys,4817,Can expand later.,1,bango-file,message.dat,4112
sys,4818,The default inventory slot.,1,bango-file,message.dat,4113
sys,4819,%1,1,bango-file,message.dat,4114
sys,4820,Enhanced equipment item. Do you want to register?.,1,bango-file,message.dat,4116
sys,4821,Materials already registered can not be re-registered.,1,bango-file,message.dat,4117
sys,4822,It is a material that can not be registered.,1,bango-file,message.dat,4118
sys,4826,Skill,1,bango-file,message.dat,4122
sys,4827,Increase of 10% experience gained.,1,bango-file,message.dat,4124
sys,4828,Increase of 20% experience gained.,1,bango-file,message.dat,4125
sys,4829,Increase of 10% experience gained.,1,bango-file,message.dat,4126
sys,4830,Increase of 20% experience gained.,1,bango-file,message.dat,4127
sys,4831,Increase of 30% experience gained.,1,bango-file,message.dat,4128
sys,4832,Increase of 40% experience gained.,1,bango-file,message.dat,4129
sys,4833,Increase of 50% experience gained.,1,bango-file,message.dat,4130
sys,4488,The player of general grade cannot use it.,1,bango-file,message.dat,4132
sys,4489,Jewel (for trusted)),1,bango-file,message.dat,4133
sys,4490,Jewel (for general),1,bango-file,message.dat,4134
sys,4900,Not available during boarding.,1,bango-file,message.dat,4137
sys,5000,Shaman,1,bango-file,message.dat,4142
sys,5001,Unfamiliar Shaman,1,bango-file,message.dat,4143
sys,5002,Shaman,1,bango-file,message.dat,4144
sys,5003,Hereditary Shaman,1,bango-file,message.dat,4145
sys,5004,Exclusive Shaman,1,bango-file,message.dat,4146
sys,5005,Rising Shaman of God,1,bango-file,message.dat,4147
sys,5006,Sprit Shaman of God,1,bango-file,message.dat,4148
sys,5007,Shaman trust,1,bango-file,message.dat,4150
sys,9100,Soul Shield,1,bango-file,message.dat,4154
sys,9101,Divine Shield,1,bango-file,message.dat,4155
sys,9102,Entangling,1,bango-file,message.dat,4156
sys,9103,Summoning Soul,1,bango-file,message.dat,4157
sys,9104,JigukKing,1,bango-file,message.dat,4158
sys,9105,JeungjangKing,1,bango-file,message.dat,4159
sys,9106,Ruler,1,bango-file,message.dat,4160
sys,9107,JigukKing of Taein,1,bango-file,message.dat,4161
sys,9108,JeungjangKing of Taein,1,bango-file,message.dat,4162
sys,9109,4th Gangshin,1,bango-file,message.dat,4163
sys,8000,Sell,1,bango-file,message.dat,4178
sys,8001,Private Shop,1,bango-file,message.dat,4179
sys,8002,Extension,1,bango-file,message.dat,4180
sys,8003,Sort,1,bango-file,message.dat,4182
sys,8004,Upper level Equipment,1,bango-file,message.dat,4183
sys,8005,Soul Make,1,bango-file,message.dat,4184
sys,8006,Upper level Weapon,1,bango-file,message.dat,4185
sys,8007,Upper level Armor,1,bango-file,message.dat,4186
sys,8008,Pet Make,1,bango-file,message.dat,4187
sys,8010,"Users, who registered the transfer application,#ncannot login a game until transfer is completed.",1,bango-file,message.dat,4189
sys,8011,Obtain an Item when you open a box.,1,bango-file,message.dat,4190
sys,8012,It is a randomly obtained item when you open a box.,1,bango-file,message.dat,4191
sys,8013,Game closed,1,bango-file,message.dat,4192
sys,9000,/Dice,1,bango-file,message.dat,4194
sys,9001,%1 got a number %2!d!.,1,bango-file,message.dat,4195
sys,9002,A dice,1,bango-file,message.dat,4196
sys,9003,#n#nThrow dice.,1,bango-file,message.dat,4197
sys,9150,Obtained enchant stone box,1,bango-file,message.dat,4202
sys,9151,Needed enchant stone,1,bango-file,message.dat,4203
sys,9152,"There is no item registered for enchant, so you can not insert an enchant stone. Please register an item first then try again.",1,bango-file,message.dat,4204
sys,9153,Costume enchant was canceled. Please try again.,1,bango-file,message.dat,4205
sys,9154,"You will spend %2!d! zamogeons and %3 %4!d! %1 items for enchant. When an enchant fails, an equipment has a chance to destroy. If you spend jewels, your equipment will not destroy. Will you spend jewels?",1,bango-file,message.dat,4208
sys,9155,A failed a battle horse item enchant. Deducted an enchant material items only. ,1,bango-file,message.dat,4209
sys,9156,A failed a battle horse item enchant. Deducted an enchant material items and battle horse equipment together. ,1,bango-file,message.dat,4210
sys,9157,"When you are riding on a battle horse, you cannot use %1 skill.",1,bango-file,message.dat,4211
sys,9158,A equipment stat %1 %% increase.,1,bango-file,message.dat,4212
sys,9159,Needed jewels for protect equipment : %1!d! (EA),1,bango-file,message.dat,4213
sys,9160,Exceeded a maximum of possess %1!d! geons. #n This trade is canceled.,1,bango-file,message.dat,4215
sys,9161,Create a pet,1,bango-file,message.dat,4217
sys,9162,???? ????,1,bango-file,message.dat,4218
sys,9163,???? %1!d!???? ??? ??? ???? ???? ??????????#n(???? ?????? ???? ??????? ??????),1,bango-file,message.dat,4219
sys,9164,Create a monster pet(shortcut key:L),1,bango-file,message.dat,4220
sys,9165,Expiration,1,bango-file,message.dat,4221
sys,9166,%1!d!Day,1,bango-file,message.dat,4222
sys,9167,-,1,bango-file,message.dat,4223
sys,9168,VIP,1,bango-file,message.dat,4224
sys,9169,[EVENT],1,bango-file,message.dat,4225
sys,9170,Needed Upgrade stone,1,bango-file,message.dat,4227
sys,9172,jewel: %1!d!EA,1,bango-file,message.dat,4228
sys,9173,300 ???? ??????? ?????? 5% ??? ??????????,1,bango-file,message.dat,4231
sys,9174,5???????? ?????? 30% ??? ?????????,1,bango-file,message.dat,4232
sys,9175,35???????? ??? ??????(200%/300%) ??? ??????????,1,bango-file,message.dat,4233
sys,9176,?????? ??? ?????? ?????? ????? ?? ???????.,1,bango-file,message.dat,4235
sys,9177,???? ????????????? ?????? ??? ?? ?? ???????.,1,bango-file,message.dat,4237
sys,9178,????????? ???  ??? ????? ?????? ??? ?? ?? ???????.,1,bango-file,message.dat,4239
sys,9179,???? ??????? ??? ?? ?? ??? ??? ?????? ????.,1,bango-file,message.dat,4241
sys,9180,??????: %1!d! %%,1,bango-file,message.dat,4244
sys,9181,????? ????: %1!d!???? %2!d!??,1,bango-file,message.dat,4245
sys,9182,????? ????: %1!d!??,1,bango-file,message.dat,4246
sys,9183,?????? ???????? ??? ????????.,1,bango-file,message.dat,4248
sys,9184,??????????? ??????? ???????? ??? ?? ?? ???????.,1,bango-file,message.dat,4249
sys,9185,?????? ??????? ???????? ??? ?? ?? ???????.,1,bango-file,message.dat,4250
sys,9186,Auto Pick#n It's not effective in Dungeon 1,1,bango-file,message.dat,4252
sys,9187,You got %2!d! of Explosive Blow from the %1,1,bango-file,message.dat,4253
sys,9188,You got %1!d! of damage from the enemy,1,bango-file,message.dat,4254
sys,9601,"You are in Battlefield PVP.#nTo receive honor rewards, you need#nat least 60% active play time outside of safezone.",1,bango-file,message.dat,4257
sys,9602,Active Play Time: ,1,bango-file,message.dat,4258
sys,9603,Stun immunity,1,bango-file,message.dat,4259
sys,9604,Can't use skill while Doggebi Mask buff is active.,1,bango-file,message.dat,4260
sys,9605,Owner of the Suffering Valley.#n 10%% of Experience increase#nThis effect can be added with similar buffs.,1,bango-file,message.dat,4261
itemname,256,Short Iron Sword,1,bango-file,message.dat,4269
itemname,257,Short Steel Sword,1,bango-file,message.dat,4270
itemname,258,Small Steel Sword,1,bango-file,message.dat,4271
itemname,259,Iron Sword,1,bango-file,message.dat,4272
itemname,260,Iron Red-blood Sword,1,bango-file,message.dat,4273
itemname,261,SaSaEul Armor,1,bango-file,message.dat,4274
itemname,262,SaSaEul Helmet,1,bango-file,message.dat,4275
itemname,263,SaSaEul Gloves,1,bango-file,message.dat,4276
itemname,264,SaSaEul Boots,1,bango-file,message.dat,4277
itemname,265,SaSaEul Shorts,1,bango-file,message.dat,4278
itemname,266,GyungBunGap Armor,1,bango-file,message.dat,4279
itemname,267,GyungBunGap Helmet,1,bango-file,message.dat,4280
itemname,268,GyungBunGap Gloves,1,bango-file,message.dat,4281
itemname,269,GyungBunGap Boots,1,bango-file,message.dat,4282
itemname,270,GyungBunGap Shorts,1,bango-file,message.dat,4283
itemname,271,PanGap Armor,1,bango-file,message.dat,4284
itemname,272,PanGap Helmet,1,bango-file,message.dat,4285
itemname,273,PanGap Gloves,1,bango-file,message.dat,4286
itemname,274,PanGap Boots,1,bango-file,message.dat,4287
itemname,275,PanGap Shorts,1,bango-file,message.dat,4288
itemname,276,Big Steel Sword,1,bango-file,message.dat,4289
itemname,277,Birch Bow,1,bango-file,message.dat,4290
itemname,278,Oak Bow,1,bango-file,message.dat,4291
itemname,279,Big Oak Bow,1,bango-file,message.dat,4292
itemname,280,YeonGak Bow,1,bango-file,message.dat,4293
itemname,281,YeonHwang Bow,1,bango-file,message.dat,4294
itemname,282,GangGak Bow,1,bango-file,message.dat,4295
itemname,283,Small Iron Shield,1,bango-file,message.dat,4296
itemname,284,Medium Iron Shield,1,bango-file,message.dat,4297
itemname,285,Medium Steel Shield,1,bango-file,message.dat,4298
itemname,286,Zamogeon,1,bango-file,message.dat,4299
itemname,287,Leather Armor,1,bango-file,message.dat,4300
itemname,288,Leather Armor Hood,1,bango-file,message.dat,4301
itemname,289,Leather Armor Gloves,1,bango-file,message.dat,4302
itemname,290,Leather Armor Boots,1,bango-file,message.dat,4303
itemname,291,Leather Armor Shorts,1,bango-file,message.dat,4304
itemname,292,DooJungPeeGap Armor,1,bango-file,message.dat,4305
itemname,293,DooJungPeeGap Hood,1,bango-file,message.dat,4306
itemname,294,DooJungPeeGap Gloves,1,bango-file,message.dat,4307
itemname,295,DooJungPeeGap Boots,1,bango-file,message.dat,4308
itemname,296,DooJungPeeGap Shorts,1,bango-file,message.dat,4309
itemname,297,ShaeJaGap Armor,1,bango-file,message.dat,4310
itemname,298,ShaeJaGap Hood,1,bango-file,message.dat,4311
itemname,299,ShaeJaGap Gloves,1,bango-file,message.dat,4312
itemname,300,ShaeJaGap Boots,1,bango-file,message.dat,4313
itemname,301,ShaeJaGap Shorts,1,bango-file,message.dat,4314
itemname,302,Small Medicine,1,bango-file,message.dat,4315
itemname,303,Medium Medicine,1,bango-file,message.dat,4316
itemname,304,Steel Armor,1,bango-file,message.dat,4318
itemname,305,Steel Armor Helmet,1,bango-file,message.dat,4319
itemname,306,Steel Armor Gloves,1,bango-file,message.dat,4320
itemname,307,Steel Armor Boots,1,bango-file,message.dat,4321
itemname,308,Steel Armor Shorts,1,bango-file,message.dat,4322
itemname,309,Intensified ShaeJaGap Armor,1,bango-file,message.dat,4323
itemname,310,Intensified ShaeJaGap Hood,1,bango-file,message.dat,4324
itemname,311,Intensified ShaeJaGap Gloves,1,bango-file,message.dat,4325
itemname,312,Intensified ShaeJaGap Boots,1,bango-file,message.dat,4326
itemname,313,Intensified ShaeJaGap Shorts,1,bango-file,message.dat,4327
itemname,314,Steel Sword,1,bango-file,message.dat,4328
itemname,315,JuckAh Big Steel Sword,1,bango-file,message.dat,4329
itemname,316,Big Steel Sword with Pattern of Leaf,1,bango-file,message.dat,4330
itemname,317,SooWoo YeonGak Bow,1,bango-file,message.dat,4331
itemname,318,SooWoo GangGak Bow,1,bango-file,message.dat,4332
itemname,319,TaeWoon GangGak Bow,1,bango-file,message.dat,4333
itemname,320,Forged Small Iron Shield,1,bango-file,message.dat,4334
itemname,321,Forged Medium Iron Shield,1,bango-file,message.dat,4335
itemname,322,Casted Mediuml Iron Shield,1,bango-file,message.dat,4336
itemname,323,Forged Medium Steel Shield,1,bango-file,message.dat,4337
itemname,324,Casted Medium Steel Shield,1,bango-file,message.dat,4338
itemname,325,MyungJoo HakChangEau Clothes,1,bango-file,message.dat,4339
itemname,326,MyungJoo HakChangEau Hair Decoration,1,bango-file,message.dat,4340
itemname,327,MyungJoo HakChangEau Gloves,1,bango-file,message.dat,4341
itemname,328,MyungJoo HakChangEau Boots,1,bango-file,message.dat,4342
itemname,329,MyungJoo HakChangEau Shorts,1,bango-file,message.dat,4343
itemname,330,BeeDan HakChangEau Clothes,1,bango-file,message.dat,4344
itemname,331,BeeDan HakChangEau Hair Decoration,1,bango-file,message.dat,4345
itemname,332,BeeDan HakChangEau Gloves,1,bango-file,message.dat,4346
itemname,333,BeeDan HakChangEau Boots,1,bango-file,message.dat,4347
itemname,334,BeeDan HakChangEau Shorts,1,bango-file,message.dat,4348
itemname,335,MyungJoo SoChangEau Clothes,1,bango-file,message.dat,4349
itemname,336,MyungJoo SoChangEau Hair Decoration,1,bango-file,message.dat,4350
itemname,337,MyungJoo SoChangEau Gloves,1,bango-file,message.dat,4351
itemname,338,MyungJoo SoChangEau Boots,1,bango-file,message.dat,4352
itemname,339,MyungJoo SoChangEau Shorts,1,bango-file,message.dat,4353
itemname,340,BeeDan SoChangEau Clothes,1,bango-file,message.dat,4354
itemname,341,BeeDan SoChangEau Hair Decoration,1,bango-file,message.dat,4355
itemname,342,BeeDan SoChangEau Gloves,1,bango-file,message.dat,4356
itemname,343,BeeDan SoChangEau Boots,1,bango-file,message.dat,4357
itemname,344,BeeDan SoChangEau Shorts,1,bango-file,message.dat,4358
itemname,345,Bamboo Stick,1,bango-file,message.dat,4359
itemname,346,Oak Stick,1,bango-file,message.dat,4360
itemname,347,Oak Petal Stick,1,bango-file,message.dat,4361
itemname,348,Iron Stick,1,bango-file,message.dat,4362
itemname,349,Iron JuckMo Stick,1,bango-file,message.dat,4363
itemname,350,BangChooHyung Iron Stick,1,bango-file,message.dat,4364
itemname,351,HwanDoo Stick,1,bango-file,message.dat,4365
itemname,352,YeongHwaHwanDoo Stick,1,bango-file,message.dat,4366
itemname,353,HwanRaeHwanDoo Stick,1,bango-file,message.dat,4367
itemname,354,HwanDoo Big Sword,1,bango-file,message.dat,4368
itemname,355,Red HwanDoo Big Sword,1,bango-file,message.dat,4369
itemname,356,White HwanDoo Big Sword,1,bango-file,message.dat,4370
itemname,357,HwanDoo SaeHyung Big Sword,1,bango-file,message.dat,4371
itemname,358,MaeGak Hwandoo SaeHyung Big Sword,1,bango-file,message.dat,4372
itemname,359,Hwandoo Saehyung Big Sword with Pattern of Leaf,1,bango-file,message.dat,4373
itemname,360,HoMee Gak Bow,1,bango-file,message.dat,4374
itemname,361,Yellow Tiger Pattern Gak Bow,1,bango-file,message.dat,4375
itemname,362,Red Tiger Pattern Gak Bow,1,bango-file,message.dat,4376
itemname,363,ChulTae Bow,1,bango-file,message.dat,4377
itemname,364,Baek Dae Steel Bow,1,bango-file,message.dat,4378
itemname,365,Yeon Lin Steel Bow,1,bango-file,message.dat,4379
itemname,366,SaeGum Chairperson's Stick,1,bango-file,message.dat,4380
itemname,367,Sae Dan Chairperson's Stick,1,bango-file,message.dat,4381
itemname,368,Sae Hak Chairperson's Stick,1,bango-file,message.dat,4382
itemname,369,JoongBang Chairperson's Stick,1,bango-file,message.dat,4383
itemname,370,Joong Bang Chairperson's WhiteStick,1,bango-file,message.dat,4384
itemname,371,Joong Bang Chairperson's Single Stick,1,bango-file,message.dat,4385
itemname,372,GangChulGap Armor,1,bango-file,message.dat,4386
itemname,373,GangChulGap Armor Helmet,1,bango-file,message.dat,4387
itemname,374,GangChulGap Armor Gloves,1,bango-file,message.dat,4388
itemname,375,GangChulGap Armor Boots,1,bango-file,message.dat,4389
itemname,376,GangChulGap Armor Shorts,1,bango-file,message.dat,4390
itemname,377,DooSukLinGap Armor,1,bango-file,message.dat,4391
itemname,378,DooSukLinGap Armor Hood,1,bango-file,message.dat,4392
itemname,379,DooSukLin Gloves,1,bango-file,message.dat,4393
itemname,380,DooSukLin Boots,1,bango-file,message.dat,4394
itemname,381,DooSukLinGap Shorts,1,bango-file,message.dat,4395
itemname,382,MyungJoo DaeChangEau,1,bango-file,message.dat,4396
itemname,383,MyungJoo DaeChangEau Hair Decoration,1,bango-file,message.dat,4397
itemname,384,MyungJoo DaeChangEau Gloves,1,bango-file,message.dat,4398
itemname,385,MyungJoo DaeChangEau Boots,1,bango-file,message.dat,4399
itemname,386,MyungJoo DaeChangEau Shorts,1,bango-file,message.dat,4400
itemname,387,Gwang-Chun's Letter,1,bango-file,message.dat,4401
itemname,388,Mak-AnSoo's Letter,1,bango-file,message.dat,4402
itemname,389,Sae-Won General's Letter,1,bango-file,message.dat,4403
itemname,390,Nou-Woong's Letter,1,bango-file,message.dat,4404
itemname,391,Won-Jung's Letter,1,bango-file,message.dat,4405
itemname,392,Yae-Jin's Letter,1,bango-file,message.dat,4406
itemname,393,Yoo-An's Letter,1,bango-file,message.dat,4407
itemname,394,Father's Letter,1,bango-file,message.dat,4408
itemname,395,Shee-Geun's Message,1,bango-file,message.dat,4409
itemname,396,Demon Troop's Confidential Document,1,bango-file,message.dat,4410
itemname,397,MyungJoo,1,bango-file,message.dat,4411
itemname,398,Nou-Woong's Money,1,bango-file,message.dat,4412
itemname,399,SipJunDaeBoTang,1,bango-file,message.dat,4413
itemname,400,Rice Wine,1,bango-file,message.dat,4414
itemname,401,Demon's Strategic Map,1,bango-file,message.dat,4415
itemname,402,Demon's Bow,1,bango-file,message.dat,4416
itemname,403,Suicide Bomber's Oil,1,bango-file,message.dat,4417
itemname,404,Big Handed Inhabitant's Tooth,1,bango-file,message.dat,4418
itemname,405,Demon Soldier's Teeth,1,bango-file,message.dat,4419
itemname,406,Straw Rice Bag,1,bango-file,message.dat,4420
itemname,407,Demon's Carcass,1,bango-file,message.dat,4421
itemname,408,White Peony,1,bango-file,message.dat,4422
itemname,409,Milk Vetch,1,bango-file,message.dat,4423
itemname,410,Rice Cake,1,bango-file,message.dat,4424
itemname,411,Wa-Ryu's Talisman,1,bango-file,message.dat,4425
itemname,412,Joo-Nong's Gold,1,bango-file,message.dat,4426
itemname,413,Ja-Gan's Gold,1,bango-file,message.dat,4427
itemname,414,Piece of Bamboo Pole,1,bango-file,message.dat,4428
itemname,415,Statue,1,bango-file,message.dat,4429
itemname,416,Red Flag,1,bango-file,message.dat,4430
itemname,417,Demon Water Dragon's Head,1,bango-file,message.dat,4431
itemname,418,Demon Mad Knight's Head,1,bango-file,message.dat,4432
itemname,419,Demon Water Dragon's Skin,1,bango-file,message.dat,4433
itemname,420,Demon's Drum,1,bango-file,message.dat,4434
itemname,421,Demon's Armor,1,bango-file,message.dat,4435
itemname,422,Bloodstained Clothes,1,bango-file,message.dat,4436
itemname,423,Demon Water Dragon Commander's Skin,1,bango-file,message.dat,4437
itemname,424,Chun-SooIn's Stirrup,1,bango-file,message.dat,4438
itemname,425,Escort Soldier's Head,1,bango-file,message.dat,4439
itemname,426,Big Handed Inhabitant's Head,1,bango-file,message.dat,4440
itemname,427,In-Pill's Scabbard,1,bango-file,message.dat,4441
itemname,428,Big Handed Warrior's Head,1,bango-file,message.dat,4442
itemname,429,Demon Soldier's Head,1,bango-file,message.dat,4443
itemname,430,Demon Throwing Soldier's Head,1,bango-file,message.dat,4444
itemname,431,Wild Demon Soldier's Head,1,bango-file,message.dat,4445
itemname,432,Demon Shock Trooper's Head,1,bango-file,message.dat,4446
itemname,433,Demon Flag Bearer's Head,1,bango-file,message.dat,4447
itemname,434,Demon Band's Head,1,bango-file,message.dat,4448
itemname,435,Demon Armored Knight's Head,1,bango-file,message.dat,4449
itemname,436,Demon Commander's Head,1,bango-file,message.dat,4450
itemname,437,Map for Royal Tomb,1,bango-file,message.dat,4451
itemname,438,Ancient Drum,1,bango-file,message.dat,4452
itemname,439,Golden Armor,1,bango-file,message.dat,4453
itemname,440,Statue of Black Crow,1,bango-file,message.dat,4454
itemname,441,Crown of Sun Rising,1,bango-file,message.dat,4455
itemname,442,Magic Scroll to Narootuh [For Party],1,bango-file,message.dat,4456
itemname,443,Magic Scroll to Jook-Suh Cargo Station [For Party],1,bango-file,message.dat,4457
itemname,444,Magic Scroll to Geum-Oh Mine [For Party],1,bango-file,message.dat,4458
itemname,445,Magic Scroll to The Pub of the Giant Bird [For Party],1,bango-file,message.dat,4459
itemname,446,Magic Scroll to Temporary Fort of Geum-Ohee Castle [For Party],1,bango-file,message.dat,4460
itemname,447,Magic Scroll to Narootuh [For Individual],1,bango-file,message.dat,4461
itemname,448,Magic Scroll to Jook-Suh Cargo Station [For Individual],1,bango-file,message.dat,4462
itemname,449,Magic Scroll to Geum-Oh Mine [For Individual],1,bango-file,message.dat,4463
itemname,450,Magic Scroll to The Pub of the Giant Bird [For Individual],1,bango-file,message.dat,4464
itemname,451,Magic Scroll to Temporary Fort of Geum-Ohee Castle [For Individual],1,bango-file,message.dat,4465
itemname,452,Chrysanthemum,1,bango-file,message.dat,4466
itemname,453,Chinese Bellflower,1,bango-file,message.dat,4467
itemname,454,Lance Asiabell,1,bango-file,message.dat,4468
itemname,455,Dandelion,1,bango-file,message.dat,4469
itemname,456,Peony,1,bango-file,message.dat,4470
itemname,457,Apprentice Knight's Trinket,1,bango-file,message.dat,4471
itemname,458,Apprentice Archer's Trinket,1,bango-file,message.dat,4472
itemname,459,Scholar's Trinket,1,bango-file,message.dat,4473
itemname,460,Trinket,1,bango-file,message.dat,4474
itemname,461,Protection Talisman,1,bango-file,message.dat,4475
itemname,462,Ring,1,bango-file,message.dat,4476
itemname,463,Moon-Hee's Doll,1,bango-file,message.dat,4477
itemname,464,Wolf Tooth Necklace,1,bango-file,message.dat,4478
itemname,465,Ghost's Bead,1,bango-file,message.dat,4479
itemname,466,Ghost of Blacksmith's Bead,1,bango-file,message.dat,4480
itemname,467,Ghost of Guard's Bead,1,bango-file,message.dat,4481
itemname,468,Ghost of Fellow Traveler's Bead,1,bango-file,message.dat,4482
itemname,469,Sealed Ghost Troop's Bead,1,bango-file,message.dat,4483
itemname,470,Devil Soldier's Bow,1,bango-file,message.dat,4484
itemname,471,Devil Soldier's Spear,1,bango-file,message.dat,4485
itemname,472,Talisman of Purification,1,bango-file,message.dat,4486
itemname,473,Talisman of Attack,1,bango-file,message.dat,4487
itemname,474,Talisman of Magic,1,bango-file,message.dat,4488
itemname,475,Talisman of Accuracy,1,bango-file,message.dat,4489
itemname,476,Talisman of Defense,1,bango-file,message.dat,4490
itemname,477,Talisman of Evasion,1,bango-file,message.dat,4491
itemname,478,Normal Fixing Tool,1,bango-file,message.dat,4492
itemname,479,Geum-Oh's Fixing Tool,1,bango-file,message.dat,4493
itemname,480,Keg of Talisman,1,bango-file,message.dat,4494
itemname,481,Sealed Talisman with Spirits,1,bango-file,message.dat,4495
itemname,482,Devil Soldier's Head,1,bango-file,message.dat,4496
itemname,483,Devil Soldier Twin Blades' Head,1,bango-file,message.dat,4497
itemname,484,Devil Soldier Bow's Head,1,bango-file,message.dat,4498
itemname,485,Devil Soldier Sword's Head,1,bango-file,message.dat,4499
itemname,486,Devil Soldier Spear's Head,1,bango-file,message.dat,4500
itemname,487,Devil Soldier Sub-boss' Head,1,bango-file,message.dat,4501
itemname,488,Devil Soldier Boss' Head,1,bango-file,message.dat,4502
itemname,489,Petition of A Farmer,1,bango-file,message.dat,4503
itemname,490,Petition of A Smith,1,bango-file,message.dat,4504
itemname,491,Petition of A Parents,1,bango-file,message.dat,4505
itemname,492,Goby,1,bango-file,message.dat,4506
itemname,493,Fish hook,1,bango-file,message.dat,4507
itemname,494,Mackerel,1,bango-file,message.dat,4508
itemname,495,Salmon,1,bango-file,message.dat,4509
itemname,496,Eel,1,bango-file,message.dat,4510
itemname,497,Golden Treasure Sword,1,bango-file,message.dat,4511
itemname,498,Butterfly-Shaped Treasure Sword,1,bango-file,message.dat,4512
itemname,499,Black Golden Treasure Sword,1,bango-file,message.dat,4513
itemname,500,Steel Bow,1,bango-file,message.dat,4514
itemname,501,Steel Bow with Crow's Feather,1,bango-file,message.dat,4515
itemname,502,Steel Bow with Golden Crow's Feather,1,bango-file,message.dat,4516
itemname,503,Stick with Black Crow's Feather,1,bango-file,message.dat,4517
itemname,504,Line Pattern Stick with Black Crow's Feather,1,bango-file,message.dat,4518
itemname,505,Stick with Blue Crow's Feather,1,bango-file,message.dat,4519
itemname,506,Intensified Steel Armor,1,bango-file,message.dat,4520
itemname,507,Intensified Steel Helmet,1,bango-file,message.dat,4521
itemname,508,Intensified Steel Gloves,1,bango-file,message.dat,4522
itemname,509,Intensified Steel Shoes,1,bango-file,message.dat,4523
itemname,510,Intensified Steel Shorts,1,bango-file,message.dat,4524
itemname,511,SinGak DooSukLin Armor,1,bango-file,message.dat,4525
itemname,512,SinGak DooSukLin Hood,1,bango-file,message.dat,4526
itemname,513,SinGak DooSukLin Gloves,1,bango-file,message.dat,4527
itemname,514,SinGak DooSukLin Shoes,1,bango-file,message.dat,4528
itemname,515,SinGak DooSukLin Shorts,1,bango-file,message.dat,4529
itemname,516,BeeDan DaeChangEau,1,bango-file,message.dat,4530
itemname,517,BeeDan DaeChangEau Hair Decoration,1,bango-file,message.dat,4531
itemname,518,BeeDan DaeChangEau Gloves,1,bango-file,message.dat,4532
itemname,519,BeeDan DaeChangEau Shoes,1,bango-file,message.dat,4533
itemname,520,BeeDan DaeChangEau Shorts,1,bango-file,message.dat,4534
itemname,521,Baked Mackerel in Soy Sauce,1,bango-file,message.dat,4535
itemname,522,Baked Mackerel with Spicy Sauce,1,bango-file,message.dat,4536
itemname,523,Hard-boiled Mackerel,1,bango-file,message.dat,4537
itemname,524,Smoked Salmon,1,bango-file,message.dat,4538
itemname,525,Hard-boiled Salmon with Bean Paste,1,bango-file,message.dat,4539
itemname,526,Baked Eel,1,bango-file,message.dat,4540
itemname,527,Eel Soup,1,bango-file,message.dat,4541
itemname,530,Talisman of Wonder,1,bango-file,message.dat,4543
itemname,531,Talisman of Intensification,1,bango-file,message.dat,4544
itemname,532,Talisman of Protection,1,bango-file,message.dat,4545
itemname,535,Head of Huhn-Woong's Enemy,1,bango-file,message.dat,4547
itemname,536,Keg of Talisman from Chang,1,bango-file,message.dat,4548
itemname,537,Ancient Tiger,1,bango-file,message.dat,4549
itemname,538,Ancient Bird,1,bango-file,message.dat,4550
itemname,539,Ancient Panther,1,bango-file,message.dat,4551
itemname,540,Secret Letter of Hong-Jun,1,bango-file,message.dat,4552
itemname,541,Head of Heuk-Yong,1,bango-file,message.dat,4553
itemname,542,Head of Dae-Ill,1,bango-file,message.dat,4554
itemname,543,Head of Goon-Sangji,1,bango-file,message.dat,4555
itemname,544,Head of Yoo,1,bango-file,message.dat,4556
itemname,545,Head of Ma-Gwang,1,bango-file,message.dat,4557
itemname,546,Devil Troop of Pain's Mask,1,bango-file,message.dat,4558
itemname,547,Devil Troop of Greed's Mask,1,bango-file,message.dat,4559
itemname,548,Devil Troop of Jealousy's Mask,1,bango-file,message.dat,4560
itemname,549,Devil Troop of Hatred's Mask,1,bango-file,message.dat,4561
itemname,550,Devil Troop of Madness' Mask,1,bango-file,message.dat,4562
itemname,551,Mask of Spiderman,1,bango-file,message.dat,4563
itemname,552,Mask of Bride,1,bango-file,message.dat,4564
itemname,553,Mask of Doggebi,1,bango-file,message.dat,4565
itemname,554,Mask of Clown,1,bango-file,message.dat,4566
itemname,555,Defective Doggebi's Doll,1,bango-file,message.dat,4567
itemname,556,Doggebi's Doll,1,bango-file,message.dat,4568
itemname,557,Head Skin of Yong-Chun,1,bango-file,message.dat,4569
itemname,558,Secret Letter,1,bango-file,message.dat,4570
itemname,559,Rope,1,bango-file,message.dat,4571
itemname,560,Poison Pouch,1,bango-file,message.dat,4572
itemname,561,Stone of Birth,1,bango-file,message.dat,4573
itemname,562,Stone of Chance,1,bango-file,message.dat,4574
itemname,563,Mask for Knight,1,bango-file,message.dat,4575
itemname,564,Mask for Archer,1,bango-file,message.dat,4576
itemname,565,Mask for Magician,1,bango-file,message.dat,4577
itemname,566,Plum,1,bango-file,message.dat,4579
itemname,567,Peach,1,bango-file,message.dat,4580
itemname,568,Melon,1,bango-file,message.dat,4581
itemname,569,Grape,1,bango-file,message.dat,4582
itemname,570,Water Melon,1,bango-file,message.dat,4583
itemname,572,Diamond Scaled Armor,1,bango-file,message.dat,4585
itemname,573,Diamond Scaled Helmet,1,bango-file,message.dat,4586
itemname,574,Diamond Scaled Gloves,1,bango-file,message.dat,4587
itemname,575,Diamond Scaled Shoes,1,bango-file,message.dat,4588
itemname,576,Diamond Scaled Shorts,1,bango-file,message.dat,4589
itemname,577,Diamond Armor,1,bango-file,message.dat,4590
itemname,578,Diamond Helmet,1,bango-file,message.dat,4591
itemname,579,Diamond Gloves,1,bango-file,message.dat,4592
itemname,580,Diamond Shoes,1,bango-file,message.dat,4593
itemname,581,Diamond Shorts,1,bango-file,message.dat,4594
itemname,582,White DaeChangEau,1,bango-file,message.dat,4595
itemname,583,White DaeChangEau Hair Decoration,1,bango-file,message.dat,4596
itemname,584,White DaeChangEau Gloves,1,bango-file,message.dat,4597
itemname,585,White DaeChangEau Shoes,1,bango-file,message.dat,4598
itemname,586,White DaeChangEau Shorts,1,bango-file,message.dat,4599
itemname,587,Blood of Big Handed,1,bango-file,message.dat,4601
itemname,588,Blood of Water Dragon,1,bango-file,message.dat,4602
itemname,589,Doggebi of Monster Face's Broom,1,bango-file,message.dat,4603
itemname,590,Doggebi with a Gong's Broom,1,bango-file,message.dat,4604
itemname,591,Drunken Doggebi's Broom,1,bango-file,message.dat,4605
itemname,592,Doggebi with a Mask of Black Crow's Broom,1,bango-file,message.dat,4606
itemname,593,Doggebi with a Mask of Black Panther's Broom,1,bango-file,message.dat,4607
itemname,594,Giant Doggebi's Broom,1,bango-file,message.dat,4608
itemname,595,Guardian of Doggebi's Stone,1,bango-file,message.dat,4609
itemname,596,Demon Vulgar's Head,1,bango-file,message.dat,4611
itemname,597,Demon Scout's Head,1,bango-file,message.dat,4612
itemname,598,Demon Spearhead's Head,1,bango-file,message.dat,4613
itemname,599,Small Potato,1,bango-file,message.dat,4614
itemname,600,Potato,1,bango-file,message.dat,4615
itemname,601,Big Potato,1,bango-file,message.dat,4616
itemname,602,Cooked Potato,1,bango-file,message.dat,4617
itemname,603,Small Sweet Potato,1,bango-file,message.dat,4618
itemname,604,Sweet Potato,1,bango-file,message.dat,4619
itemname,605,Big Sweet Potato,1,bango-file,message.dat,4620
itemname,606,Cooked Sweet Potato,1,bango-file,message.dat,4621
itemname,607,Piece of Meat,1,bango-file,message.dat,4622
itemname,608,Chop of Meat,1,bango-file,message.dat,4623
itemname,609,Big Piece of Meat,1,bango-file,message.dat,4624
itemname,610,Cooked Chop of Meat,1,bango-file,message.dat,4625
itemname,611,Pork Leg of Geum-Oh Mountain,1,bango-file,message.dat,4626
itemname,612,Pork Rib of Geum-Oh Mountain,1,bango-file,message.dat,4627
itemname,613,Tiger Meat of Geum-Oh Mountain,1,bango-file,message.dat,4628
itemname,614,Small Water of Geum-Oh Mountain,1,bango-file,message.dat,4629
itemname,615,Medium Water of Geum-Oh Mountain,1,bango-file,message.dat,4630
itemname,616,Large Water of Geum-Oh Mountain,1,bango-file,message.dat,4631
itemname,617,Best Water of Geum-Oh Mountain,1,bango-file,message.dat,4632
itemname,618,Small Water of Geum-Oh Valley,1,bango-file,message.dat,4633
itemname,619,Medium Water of Geum-Oh Valley,1,bango-file,message.dat,4634
itemname,620,Large Water of Geum-Oh Valley,1,bango-file,message.dat,4635
itemname,621,Best Water of Geum-Oh Valley,1,bango-file,message.dat,4636
itemname,622,Small Refining Water,1,bango-file,message.dat,4637
itemname,623,Medium Refining Water,1,bango-file,message.dat,4638
itemname,624,Large Refining Water,1,bango-file,message.dat,4639
itemname,625,Best Refining Water,1,bango-file,message.dat,4640
itemname,626,Small Boiling Water,1,bango-file,message.dat,4641
itemname,627,Medium Boilling Water,1,bango-file,message.dat,4642
itemname,628,Best Boilling Water,1,bango-file,message.dat,4643
itemname,629,Large Iron Shield,1,bango-file,message.dat,4644
itemname,630,Ghost Shaped Iron Shield,1,bango-file,message.dat,4645
itemname,631,Iron Shield With Gong,1,bango-file,message.dat,4646
itemname,632,Skeleton Warrior's Head,1,bango-file,message.dat,4648
itemname,633,Skeleton Warrior's Ribs,1,bango-file,message.dat,4649
itemname,634,Royal Tomb Keeper's Book,1,bango-file,message.dat,4650
itemname,635,Royal Tomb Keeper's Lute,1,bango-file,message.dat,4651
itemname,636,Royal Tomb Keeper's Sword,1,bango-file,message.dat,4652
itemname,637,Royal Tomb Keeper's Shield,1,bango-file,message.dat,4653
itemname,638,Royal Tomb Keeper's Spear,1,bango-file,message.dat,4654
itemname,639,Royal Tomb Keeper's Iron Hammer,1,bango-file,message.dat,4655
itemname,640,Giant Sword,1,bango-file,message.dat,4657
itemname,641,Revengeful Sword,1,bango-file,message.dat,4658
itemname,642,Butterfly-Shaped Giant Sword,1,bango-file,message.dat,4659
itemname,643,Demon's blood,1,bango-file,message.dat,4660
itemname,644,Sea-bream,1,bango-file,message.dat,4661
itemname,645,Bamboo Keg,1,bango-file,message.dat,4662
itemname,646,Sea Bream with Blood,1,bango-file,message.dat,4663
itemname,647,Speed up Medicine,1,bango-file,message.dat,4664
itemname,648,Green Crystal of Doggebi Forest,1,bango-file,message.dat,4666
itemname,649,Spirit of Doggebi of Monster Face,1,bango-file,message.dat,4667
itemname,650,Spirit of Doggebi with a Gong,1,bango-file,message.dat,4668
itemname,651,Spirit of Drunken Doggebi,1,bango-file,message.dat,4669
itemname,652,Spirit of Doggebi with a Mask of Black Crow,1,bango-file,message.dat,4670
itemname,653,Spirit of Doggebi with a Mask of Black Panther,1,bango-file,message.dat,4671
itemname,654,Spirit of Giant Doggebi,1,bango-file,message.dat,4672
itemname,655,Spirit of Guardian of Doggebi,1,bango-file,message.dat,4673
itemname,656,Chief of Angry Doggebi Troop's Dead Body,1,bango-file,message.dat,4674
itemname,657,Diamond Treasure Sword,1,bango-file,message.dat,4676
itemname,658,Diamond Sword of Pain,1,bango-file,message.dat,4677
itemname,659,Diamond Sword of Phantom,1,bango-file,message.dat,4678
itemname,660,Diamond Giant Sword,1,bango-file,message.dat,4679
itemname,661,Diamond Giant Sword of Pain,1,bango-file,message.dat,4680
itemname,662,Diamond Giant Sword of Phantom,1,bango-file,message.dat,4681
itemname,663,Diamond Bow,1,bango-file,message.dat,4682
itemname,664,Diamond Bow of Pain,1,bango-file,message.dat,4683
itemname,665,Diamond Bow of Phantom,1,bango-file,message.dat,4684
itemname,666,Diamond Stick,1,bango-file,message.dat,4685
itemname,667,Diamond Stick of Pain,1,bango-file,message.dat,4686
itemname,668,Diamond Stick of Phantom,1,bango-file,message.dat,4687
itemname,669,Stone of EXP - 1 day,1,bango-file,message.dat,4689
itemname,670,Stone of EXP - 7 days,1,bango-file,message.dat,4690
itemname,671,Stone of EXP - 15 days,1,bango-file,message.dat,4691
itemname,672,Stone of EXP - 30 days,1,bango-file,message.dat,4692
itemname,673,Stone of Wealth - 1 day,1,bango-file,message.dat,4693
itemname,674,Stone of Wealth - 7 days,1,bango-file,message.dat,4694
itemname,675,Stone of Wealth - 15 days,1,bango-file,message.dat,4695
itemname,676,Stone of Wealth - 30 days,1,bango-file,message.dat,4696
itemname,677,Stone of Fishery - 1 day,1,bango-file,message.dat,4697
itemname,678,Stone of Fishery - 7 days,1,bango-file,message.dat,4698
itemname,679,Stone of Fishery - 15 days,1,bango-file,message.dat,4699
itemname,680,Stone of Fishery - 30 days,1,bango-file,message.dat,4700
itemname,681,Polishing Stone,1,bango-file,message.dat,4701
itemname,682,High-Grade Scroll of Rebirth,1,bango-file,message.dat,4702
itemname,683,Scroll of Rebirth,1,bango-file,message.dat,4703
itemname,684,Magic Scroll to the City of Priest [For Party],1,bango-file,message.dat,4705
itemname,685,Magic Scroll to the City of Priest [For Individual],1,bango-file,message.dat,4706
itemname,698,Polishing Stone,1,bango-file,message.dat,4708
itemname,699,High-Grade Scroll of Rebirth,1,bango-file,message.dat,4710
itemname,703,Flag of Speed,1,bango-file,message.dat,4713
itemname,704,Flag of Struggle,1,bango-file,message.dat,4714
itemname,705,Flag of Magic,1,bango-file,message.dat,4715
itemname,706,Flag of Defense,1,bango-file,message.dat,4716
itemname,707,Flag of Intelligence,1,bango-file,message.dat,4717
itemname,708,Flag of Impregnableness,1,bango-file,message.dat,4718
itemname,709,Saving Scroll of Location,1,bango-file,message.dat,4720
itemname,711,Moving Scroll of Location,1,bango-file,message.dat,4722
itemname,712,Moving Scroll of Location,1,bango-file,message.dat,4723
itemname,713,Horn,1,bango-file,message.dat,4725
itemname,715,Horn of Spirit,1,bango-file,message.dat,4727
itemname,717,Stone of Revision,1,bango-file,message.dat,4729
itemname,721,Red Box,1,bango-file,message.dat,4731
itemname,722,Blue Box,1,bango-file,message.dat,4732
itemname,723,Talisman of Intensification,1,bango-file,message.dat,4734
itemname,724,Scroll of Power Improvement,1,bango-file,message.dat,4736
itemname,725,Scroll of Damage Reduction,1,bango-file,message.dat,4737
itemname,726,Scroll of Normal Explosive Blow Improvement,1,bango-file,message.dat,4738
itemname,727,Scroll of High Explosive Blow Improvement,1,bango-file,message.dat,4739
itemname,728,Scroll of Accuracy Improvement,1,bango-file,message.dat,4740
itemname,729,Scroll of Evasion Improvement,1,bango-file,message.dat,4741
itemname,730,Scroll of Normal Perfect Defense,1,bango-file,message.dat,4742
itemname,731,Scroll of Medium Perfect Defense,1,bango-file,message.dat,4743
itemname,732,Scroll of High Perfect Defense,1,bango-file,message.dat,4744
itemname,733,Potion of Tiger Claws,1,bango-file,message.dat,4745
itemname,734,Potion of Bear Skin,1,bango-file,message.dat,4746
itemname,735,Potion of Wisdom,1,bango-file,message.dat,4747
itemname,736,Potion of Foresight,1,bango-file,message.dat,4748
itemname,737,Potion of Eagle Wings,1,bango-file,message.dat,4749
itemname,738,Scroll of Normal HP Absorption,1,bango-file,message.dat,4750
itemname,739,Scroll of Medium HP Absorption,1,bango-file,message.dat,4751
itemname,740,Scroll of High HP Absorption,1,bango-file,message.dat,4752
itemname,760,Ancient Treasure Sword,1,bango-file,message.dat,4754
itemname,761,General's Treasure Sword,1,bango-file,message.dat,4755
itemname,762,Ancient Dynasty's Treasure Sword,1,bango-file,message.dat,4756
itemname,763,Ancient Giant Sword,1,bango-file,message.dat,4757
itemname,764,General's Giant Sword,1,bango-file,message.dat,4758
itemname,765,Ancient Dynasty's Giant Sword,1,bango-file,message.dat,4759
itemname,766,Ancient Tribal Mac's Bow,1,bango-file,message.dat,4760
itemname,767,General of Ancient Tribal Mac's Bow,1,bango-file,message.dat,4761
itemname,768,Ancient Dynasty of Tribal Mac's Bow,1,bango-file,message.dat,4762
itemname,769,Ancient Stick,1,bango-file,message.dat,4763
itemname,770,General's Stick,1,bango-file,message.dat,4764
itemname,771,Ancient Dynasty's Stick,1,bango-file,message.dat,4765
itemname,772,Savage Tribe's Treasure Sword,1,bango-file,message.dat,4767
itemname,773,Savage Tribe's Tiger Teeth Sword,1,bango-file,message.dat,4768
itemname,774,Savage Tribe's Truth Sword,1,bango-file,message.dat,4769
itemname,775,Savage Tribe's Giant Sword,1,bango-file,message.dat,4770
itemname,776,Savage Tribe's Tiger Teeth Giant Sword,1,bango-file,message.dat,4771
itemname,777,Savage Tribe's Truth Giant Sword,1,bango-file,message.dat,4772
itemname,778,Savage Tribe's ChulTae Bow,1,bango-file,message.dat,4773
itemname,779,Savage Tribe's Blue ChulTae Bow,1,bango-file,message.dat,4774
itemname,780,Savage Tribe's Red ChulTae Bow,1,bango-file,message.dat,4775
itemname,781,Savage Tribe's Religious Stick,1,bango-file,message.dat,4776
itemname,782,Savage Tribe's Big Stick,1,bango-file,message.dat,4777
itemname,783,Savage Tribe's Grand Stick,1,bango-file,message.dat,4778
itemname,784,Treasure Sword of Doggebi,1,bango-file,message.dat,4780
itemname,785,Treasure Sword of High Class Doggebi,1,bango-file,message.dat,4781
itemname,786,Treasure Sword of Doggebi Lord,1,bango-file,message.dat,4782
itemname,787,Giant Sword of Doggebi,1,bango-file,message.dat,4783
itemname,788,Giant Sword of High Class Doggebi,1,bango-file,message.dat,4784
itemname,789,Giant Sword of Doggebi Lord,1,bango-file,message.dat,4785
itemname,790,Bow of Doggebi,1,bango-file,message.dat,4786
itemname,791,Bow of High Class Doggebi,1,bango-file,message.dat,4787
itemname,792,Bow of Doggebi Lord,1,bango-file,message.dat,4788
itemname,793,Stick of Doggebi,1,bango-file,message.dat,4789
itemname,794,Stick of High Class Doggebi,1,bango-file,message.dat,4790
itemname,795,Stick of Doggebi Lord,1,bango-file,message.dat,4791
itemname,796,Lucky Necklace,1,bango-file,message.dat,4793
itemname,797,Scroll of Power Improvement,1,bango-file,message.dat,4795
itemname,798,Scroll of Power Improvement,1,bango-file,message.dat,4796
itemname,799,Scroll of Damage Reduction,1,bango-file,message.dat,4798
itemname,800,Scroll of Damage Reduction,1,bango-file,message.dat,4799
itemname,801,Explosive Blow Improvement,1,bango-file,message.dat,4801
itemname,802,Explosive Blow Improvement,1,bango-file,message.dat,4802
itemname,803,Scroll of Accuracy Improvement,1,bango-file,message.dat,4804
itemname,804,Scroll of Accuracy Improvement,1,bango-file,message.dat,4805
itemname,805,Scroll of Evasion Improvement,1,bango-file,message.dat,4807
itemname,806,Scroll of Evasion Improvement,1,bango-file,message.dat,4808
itemname,807,Potion of Tiger Claws,1,bango-file,message.dat,4810
itemname,808,Potion of Bear Skin,1,bango-file,message.dat,4811
itemname,809,Potion of Wisdom,1,bango-file,message.dat,4812
itemname,810,Potion of Foresight,1,bango-file,message.dat,4813
itemname,811,Potion of Eagle Wings,1,bango-file,message.dat,4814
itemname,817,Scroll of Perfect Defense,1,bango-file,message.dat,4816
itemname,818,Scroll of HP Absorption,1,bango-file,message.dat,4817
itemname,819,Scroll of High Perfect Defense,1,bango-file,message.dat,4819
itemname,820,Scroll of High HP Absorption,1,bango-file,message.dat,4821
itemname,821,Scaled Armor of Doggebi,1,bango-file,message.dat,4823
itemname,822,Scaled Helmet of Doggebi,1,bango-file,message.dat,4824
itemname,823,Scaled Gloves of Doggebi,1,bango-file,message.dat,4825
itemname,824,Scaled Shoes of Doggebi,1,bango-file,message.dat,4826
itemname,825,Scaled Shorts of Doggebi,1,bango-file,message.dat,4827
itemname,826,Armor of Doggebi,1,bango-file,message.dat,4828
itemname,827,Helmet of Doggebi,1,bango-file,message.dat,4829
itemname,828,Gloves of Doggebi,1,bango-file,message.dat,4830
itemname,829,Shoes of Doggebi,1,bango-file,message.dat,4831
itemname,830,Shorts of Doggebi,1,bango-file,message.dat,4832
itemname,831,DaeChangEau of Doggebi,1,bango-file,message.dat,4833
itemname,832,Hair Decoration of Doggebi,1,bango-file,message.dat,4834
itemname,833,DaeChangEau Gloves of Doggebi,1,bango-file,message.dat,4835
itemname,834,DaeChangEau Shoes of Doggebi,1,bango-file,message.dat,4836
itemname,835,DaeChangEau Shorts of Doggebi,1,bango-file,message.dat,4837
itemname,836,Lucky Key,1,bango-file,message.dat,4839
itemname,837,Lucky Stone,1,bango-file,message.dat,4840
itemname,838,Piece of Lucky Stone,1,bango-file,message.dat,4841
itemname,839,Name List[Character],1,bango-file,message.dat,4842
itemname,840,Name List[Guild],1,bango-file,message.dat,4843
itemname,841,First Piece of Bronze Mirror,1,bango-file,message.dat,4845
itemname,842,Second Piece of Bronze Mirror,1,bango-file,message.dat,4846
itemname,843,Third Piece of Bronze Mirror,1,bango-file,message.dat,4847
itemname,844,Forth Piece of Bronze Mirror,1,bango-file,message.dat,4848
itemname,845,Fifth Piece of Bronze Mirror,1,bango-file,message.dat,4849
itemname,846,Six Piece of Bronze Mirror,1,bango-file,message.dat,4850
itemname,847,Seventh Piece of Bronze Mirror,1,bango-file,message.dat,4851
itemname,848,Eighth Piece of Bronze Mirror,1,bango-file,message.dat,4852
itemname,849,Golden Coin,1,bango-file,message.dat,4854
itemname,850,Mask for Knight,1,bango-file,message.dat,4855
itemname,851,Mask for Archer,1,bango-file,message.dat,4856
itemname,852,Mask for Magician,1,bango-file,message.dat,4857
itemname,857,Stone of Job,1,bango-file,message.dat,4859
itemname,858,Mask for Knight,1,bango-file,message.dat,4860
itemname,859,Mask for Archer,1,bango-file,message.dat,4861
itemname,860,Mask for Magician,1,bango-file,message.dat,4862
itemname,861,High-Grade Stone of Chance,1,bango-file,message.dat,4863
itemname,862,Gold Coin,1,bango-file,message.dat,4865
itemname,863,Gold Lucky Pouch,1,bango-file,message.dat,4866
itemname,864,Silver Lucky Pouch,1,bango-file,message.dat,4867
itemname,865,Golden Sword,1,bango-file,message.dat,4869
itemname,866,Golden Giant Sword,1,bango-file,message.dat,4870
itemname,867,Golden Bow,1,bango-file,message.dat,4871
itemname,868,Golden Stick,1,bango-file,message.dat,4872
itemname,869,Dragon Sword of Sky,1,bango-file,message.dat,4874
itemname,870,Dragon Giant Sword of Sky,1,bango-file,message.dat,4875
itemname,871,Dragon Bow of Sky,1,bango-file,message.dat,4876
itemname,872,Dragon Stick of Sky,1,bango-file,message.dat,4877
itemname,873,Scaled Armor of Darkness,1,bango-file,message.dat,4879
itemname,874,Scaled Helmet of  Darkness,1,bango-file,message.dat,4880
itemname,875,Scaled Gloves of Darkness,1,bango-file,message.dat,4881
itemname,876,Scaled Shoes of  Darkness,1,bango-file,message.dat,4882
itemname,877,Scaled Shorts of Darkness,1,bango-file,message.dat,4883
itemname,878,Armor of Darkness,1,bango-file,message.dat,4884
itemname,879,Helmet of Darkness,1,bango-file,message.dat,4885
itemname,880,Gloves of Darkness,1,bango-file,message.dat,4886
itemname,881,Shoes of Darkness,1,bango-file,message.dat,4887
itemname,882,Shorts of Darkness,1,bango-file,message.dat,4888
itemname,883,DaeChangEau of Darkness,1,bango-file,message.dat,4889
itemname,884,Hair Decoration of Darkness,1,bango-file,message.dat,4890
itemname,885,DaeChangEau Gloves of Darkness,1,bango-file,message.dat,4891
itemname,886,DaeChangEau Shoes of Darkness,1,bango-file,message.dat,4892
itemname,887,DaeChangEau Shorts of Darkness,1,bango-file,message.dat,4893
itemname,888,Shield of Darkness,1,bango-file,message.dat,4894
itemname,889,Gold Pot,1,bango-file,message.dat,4896
itemname,890,Silver Pot,1,bango-file,message.dat,4897
itemname,2000,Diamond Treasure Sword,1,bango-file,message.dat,4899
itemname,2001,Diamond Sword of Pain,1,bango-file,message.dat,4900
itemname,2002,Diamond Sword of Phantom,1,bango-file,message.dat,4901
itemname,2003,Diamond Giant Sword,1,bango-file,message.dat,4902
itemname,2004,Diamond Giant Sword of Pain,1,bango-file,message.dat,4903
itemname,2005,Diamond Giant Sword of Phantom,1,bango-file,message.dat,4904
itemname,2006,Diamond Bow,1,bango-file,message.dat,4905
itemname,2007,Diamond Bow of Pain,1,bango-file,message.dat,4906
itemname,2008,Diamond Bow of Phantom,1,bango-file,message.dat,4907
itemname,2009,Diamond Stick,1,bango-file,message.dat,4908
itemname,2010,Diamond Stick of Pain,1,bango-file,message.dat,4909
itemname,2011,Diamond Stick of Phantom,1,bango-file,message.dat,4910
itemname,2012,Ancient Treasure Sword,1,bango-file,message.dat,4912
itemname,2013,General's Treasure Sword,1,bango-file,message.dat,4913
itemname,2014,Ancient Dynasty's Treasure Sword,1,bango-file,message.dat,4914
itemname,2015,Ancient Giant Sword,1,bango-file,message.dat,4915
itemname,2016,General's Giant Sword,1,bango-file,message.dat,4916
itemname,2017,Ancient Dynasty's Giant Sword,1,bango-file,message.dat,4917
itemname,2018,Ancient Tribal Mac's Bow,1,bango-file,message.dat,4918
itemname,2019,General of Ancient Tribal Mac's Bow,1,bango-file,message.dat,4919
itemname,2020,Ancient Dynasty of Tribal Mac's Bow,1,bango-file,message.dat,4920
itemname,2021,Ancient Stick,1,bango-file,message.dat,4921
itemname,2022,General's Stick,1,bango-file,message.dat,4922
itemname,2023,Ancient Dynasty's Stick,1,bango-file,message.dat,4923
itemname,2024,Diamond Scaled Armor,1,bango-file,message.dat,4925
itemname,2025,Diamond Scaled Helmet,1,bango-file,message.dat,4926
itemname,2026,Diamond Scaled Gloves,1,bango-file,message.dat,4927
itemname,2027,Diamond Scaled Shoes,1,bango-file,message.dat,4928
itemname,2028,Diamond Scaled Shorts,1,bango-file,message.dat,4929
itemname,2029,Diamond Armor,1,bango-file,message.dat,4930
itemname,2030,Diamond Helmet,1,bango-file,message.dat,4931
itemname,2031,Diamond Gloves,1,bango-file,message.dat,4932
itemname,2032,Diamond Shoes,1,bango-file,message.dat,4933
itemname,2033,Diamond Shorts,1,bango-file,message.dat,4934
itemname,2034,White DaeChangEau,1,bango-file,message.dat,4935
itemname,2035,White DaeChangEau Hair Decoration,1,bango-file,message.dat,4936
itemname,2036,White DaeChangEau Gloves,1,bango-file,message.dat,4937
itemname,2037,White DaeChangEau Shoes,1,bango-file,message.dat,4938
itemname,2038,White DaeChangEau Shorts,1,bango-file,message.dat,4939
itemname,2039,Scaled Armor of Doggebi,1,bango-file,message.dat,4941
itemname,2040,Scaled Helmet of Doggebi,1,bango-file,message.dat,4942
itemname,2041,Scaled Gloves of Doggebi,1,bango-file,message.dat,4943
itemname,2042,Scaled Shoes of Doggebi,1,bango-file,message.dat,4944
itemname,2043,Scaled Shorts of Doggebi,1,bango-file,message.dat,4945
itemname,2044,Armor of Doggebi,1,bango-file,message.dat,4946
itemname,2045,Helmet of Doggebi,1,bango-file,message.dat,4947
itemname,2046,Gloves of Doggebi,1,bango-file,message.dat,4948
itemname,2047,Shoes of Doggebi,1,bango-file,message.dat,4949
itemname,2048,Shorts of Doggebi,1,bango-file,message.dat,4950
itemname,2049,DaeChangEau of Doggebi,1,bango-file,message.dat,4951
itemname,2050,Hair Decoration of Doggebi,1,bango-file,message.dat,4952
itemname,2051,DaeChangEau Gloves of Doggebi,1,bango-file,message.dat,4953
itemname,2052,DaeChangEau Shoes of Doggebi,1,bango-file,message.dat,4954
itemname,2053,DaeChangEau Shorts of Doggebi,1,bango-file,message.dat,4955
itemname,2054,Treasure Sword of Doggebi,1,bango-file,message.dat,4957
itemname,2055,Treasure Sword of High Class Doggebi,1,bango-file,message.dat,4958
itemname,2056,Treasure Sword of Doggebi Lord,1,bango-file,message.dat,4959
itemname,2057,Giant Sword of Doggebi,1,bango-file,message.dat,4960
itemname,2058,Giant Sword of High Class Doggebi,1,bango-file,message.dat,4961
itemname,2059,Giant Sword of Doggebi Lord,1,bango-file,message.dat,4962
itemname,2060,Bow of Doggebi,1,bango-file,message.dat,4963
itemname,2061,Bow of High Class Doggebi,1,bango-file,message.dat,4964
itemname,2062,Bow of Doggebi Lord,1,bango-file,message.dat,4965
itemname,2063,Stick of Doggebi,1,bango-file,message.dat,4966
itemname,2064,Stick of High Class Doggebi,1,bango-file,message.dat,4967
itemname,2065,Stick of Doggebi Lord,1,bango-file,message.dat,4968
itemname,2066,Lucky Wooden Box,1,bango-file,message.dat,4969
itemname,2067,Lucky Key[1day],1,bango-file,message.dat,4970
itemname,2068,Lucky Stone[1day],1,bango-file,message.dat,4971
itemname,2069,Key for the Gate of Advance Base,1,bango-file,message.dat,4973
itemname,2070,Handle of Cannon Barrel,1,bango-file,message.dat,4974
itemname,2071,Priming Powders,1,bango-file,message.dat,4975
itemname,2072,Ignition Tube,1,bango-file,message.dat,4976
itemname,2073,Chamber of Cannon Barrel,1,bango-file,message.dat,4977
itemname,2074,Barrel of White Tiger Cannon,1,bango-file,message.dat,4978
itemname,2075,Supports of White Tiger Cannon,1,bango-file,message.dat,4979
itemname,2076,Cannon Ball of White Tiger Cannon,1,bango-file,message.dat,4980
itemname,2077,Muzzle of White Tiger Cannon,1,bango-file,message.dat,4981
itemname,2078,Imperial SaeHyung Big Sword,1,bango-file,message.dat,4983
itemname,2079,Imperial ChulTae Bow,1,bango-file,message.dat,4984
itemname,2080,Imperial JoongBang Chairperson's Stick,1,bango-file,message.dat,4985
itemname,2081,Imperial Hwandoo Saehyung Big Sword with Pattern of Leaf,1,bango-file,message.dat,4986
itemname,2082,Imperial Yeon Lin Steel Bow,1,bango-file,message.dat,4987
itemname,2083,Imperial Joong Bang Chairperson's WhiteStick,1,bango-file,message.dat,4988
itemname,2084,Imperial Savage Tribe's Tiger Teeth Sword,1,bango-file,message.dat,4989
itemname,2085,Imperial Savage Tribe's Blue ChulTae Bow,1,bango-file,message.dat,4990
itemname,2086,Imperial Savage Tribe's Grand Stick,1,bango-file,message.dat,4991
itemname,2087,Imperial Black Golden Treasure Sword,1,bango-file,message.dat,4992
itemname,2088,Imperial Butterfly-Shaped Giant Sword,1,bango-file,message.dat,4993
itemname,2089,Imperial Steel Bow with Crow's Feather,1,bango-file,message.dat,4994
itemname,2090,Imperial Stick with Blue Crow's Feather,1,bango-file,message.dat,4995
itemname,2091,Imperial Diamond Sword of Pain,1,bango-file,message.dat,4996
itemname,2092,Imperial Diamond Giant Sword of Pain,1,bango-file,message.dat,4997
itemname,2093,Imperial Diamond Bow of Phantom,1,bango-file,message.dat,4998
itemname,2094,Imperial Diamond Stick of Pain,1,bango-file,message.dat,4999
itemname,2095,Imperial General's Treasure Sword,1,bango-file,message.dat,5000
itemname,2096,Imperial General's Giant Sword,1,bango-file,message.dat,5001
itemname,2097,Imperial General of Ancient Tribal Mac's Bow,1,bango-file,message.dat,5002
itemname,2098,Imperial General's Stick,1,bango-file,message.dat,5003
itemname,2099,Imperial Treasure Sword of Doggebi,1,bango-file,message.dat,5004
itemname,2100,Imperial Giant Sword of Doggebi,1,bango-file,message.dat,5005
itemname,2101,Imperial Bow of Doggebi,1,bango-file,message.dat,5006
itemname,2102,Imperial Stick of Doggebi,1,bango-file,message.dat,5007
itemname,2103,Imperial Golden Sword,1,bango-file,message.dat,5014
itemname,2104,Imperial Golden Giant Sword,1,bango-file,message.dat,5015
itemname,2105,Imperial Golden Bow,1,bango-file,message.dat,5016
itemname,2106,Imperial Golden Stick,1,bango-file,message.dat,5017
itemname,2107,Imperial Dragon Sword of Sky,1,bango-file,message.dat,5019
itemname,2108,Imperial Dragon Giant Sword of Sky,1,bango-file,message.dat,5020
itemname,2109,Imperial Dragon Bow of Sky,1,bango-file,message.dat,5021
itemname,2110,Imperial Dragon Stick of Sky,1,bango-file,message.dat,5022
itemname,2111,Diamond Treasure Sword ,1,bango-file,message.dat,5024
itemname,2112,Diamond Sword of Pain ,1,bango-file,message.dat,5025
itemname,2113,Diamond Sword of Phantom,1,bango-file,message.dat,5027
itemname,2114,Diamond Giant Sword,1,bango-file,message.dat,5028
itemname,2115,Diamond Giant Sword of Pain ,1,bango-file,message.dat,5029
itemname,2116,Diamond Giant Sword of Phantom,1,bango-file,message.dat,5030
itemname,2117,Diamond Bow,1,bango-file,message.dat,5031
itemname,2118,Diamond Bow of Pain,1,bango-file,message.dat,5032
itemname,2119,Diamond Bow of Phantom,1,bango-file,message.dat,5033
itemname,2120,Diamond Stick,1,bango-file,message.dat,5034
itemname,2121,Diamond Stick of Pain,1,bango-file,message.dat,5035
itemname,2122,Diamond Stick of Phantom,1,bango-file,message.dat,5036
itemname,2123,Ancient Treasure Sword,1,bango-file,message.dat,5038
itemname,2124,General's Treasure Sword,1,bango-file,message.dat,5039
itemname,2125,Ancient Dynasty's Treasure Sword,1,bango-file,message.dat,5040
itemname,2126,Ancient Giant Sword,1,bango-file,message.dat,5041
itemname,2127,General's Giant Sword,1,bango-file,message.dat,5042
itemname,2128,Ancient Dynasty's Giant Sword,1,bango-file,message.dat,5043
itemname,2129,Ancient Tribal Mac's Bow,1,bango-file,message.dat,5044
itemname,2130,General of Ancient Tribal Mac's Bow,1,bango-file,message.dat,5045
itemname,2131,Ancient Dynasty of Tribal Mac's Bow,1,bango-file,message.dat,5046
itemname,2132,Ancient Stick,1,bango-file,message.dat,5047
itemname,2133,General's Stick,1,bango-file,message.dat,5048
itemname,2134,Ancient Dynasty's Stick,1,bango-file,message.dat,5049
itemname,2135,Diamond Scaled Armor,1,bango-file,message.dat,5050
itemname,2136,Diamond Scaled Helmet,1,bango-file,message.dat,5051
itemname,2137,Diamond Scaled Gloves,1,bango-file,message.dat,5052
itemname,2138,Diamond Scaled Shoes,1,bango-file,message.dat,5053
itemname,2139,Diamond Scaled Shorts,1,bango-file,message.dat,5054
itemname,2140,Diamond Armor,1,bango-file,message.dat,5055
itemname,2141,Diamond Helmet,1,bango-file,message.dat,5056
itemname,2142,Diamond Gloves,1,bango-file,message.dat,5057
itemname,2143,Diamond Shoes,1,bango-file,message.dat,5058
itemname,2144,Diamond Shorts,1,bango-file,message.dat,5059
itemname,2145,White DaeChangEau,1,bango-file,message.dat,5060
itemname,2146,White DaeChangEau Hair Decoration,1,bango-file,message.dat,5061
itemname,2147,White DaeChangEau Gloves,1,bango-file,message.dat,5062
itemname,2148,White DaeChangEau Shoes,1,bango-file,message.dat,5063
itemname,2149,White DaeChangEau Shorts,1,bango-file,message.dat,5064
itemname,2150,Scaled Armor of Doggebi,1,bango-file,message.dat,5066
itemname,2151,Scaled Helmet of Doggebi,1,bango-file,message.dat,5067
itemname,2152,Scaled Gloves of Doggebi,1,bango-file,message.dat,5068
itemname,2153,Scaled Shoes of Doggebi,1,bango-file,message.dat,5069
itemname,2154,Scaled Shorts of Doggebi,1,bango-file,message.dat,5070
itemname,2155,Armor of Doggebi,1,bango-file,message.dat,5071
itemname,2156,Helmet of Doggebi,1,bango-file,message.dat,5072
itemname,2157,Gloves of Doggebi,1,bango-file,message.dat,5073
itemname,2158,Shoes of Doggebi,1,bango-file,message.dat,5074
itemname,2159,Shorts of Doggebi,1,bango-file,message.dat,5075
itemname,2160,DaeChangEau of Doggebi,1,bango-file,message.dat,5076
itemname,2161,Hair Decoration of Doggebi,1,bango-file,message.dat,5077
itemname,2162,DaeChangEau Gloves of Doggebi,1,bango-file,message.dat,5078
itemname,2163,DaeChangEau Shoes of Doggebi,1,bango-file,message.dat,5079
itemname,2164,DaeChangEau Shorts of Doggebi,1,bango-file,message.dat,5080
itemname,2165,Treasure Sword of Doggebi,1,bango-file,message.dat,5082
itemname,2166,Treasure Sword of High Class Doggebi,1,bango-file,message.dat,5083
itemname,2167,Treasure Sword of Doggebi Lord,1,bango-file,message.dat,5084
itemname,2168,Giant Sword of Doggebi,1,bango-file,message.dat,5085
itemname,2169,Giant Sword of High Class Doggebi,1,bango-file,message.dat,5086
itemname,2170,Giant Sword of Doggebi Lord,1,bango-file,message.dat,5087
itemname,2171,Bow of Doggebi,1,bango-file,message.dat,5088
itemname,2172,Bow of High Class Doggebi,1,bango-file,message.dat,5089
itemname,2173,Bow of Doggebi Lord,1,bango-file,message.dat,5090
itemname,2174,Stick of Doggebi,1,bango-file,message.dat,5091
itemname,2175,Stick of High Class Doggebi,1,bango-file,message.dat,5092
itemname,2176,Stick of Doggebi Lord,1,bango-file,message.dat,5093
itemname,2177,rice cake soup,1,bango-file,message.dat,5095
itemname,2178,honey rice cake,1,bango-file,message.dat,5096
itemname,2179,sesame rice cake,1,bango-file,message.dat,5097
itemname,2180,green pepper cake,1,bango-file,message.dat,5098
itemname,2181,ENGean leek cake,1,bango-file,message.dat,5099
itemname,2182,ENGean fire cake,1,bango-file,message.dat,5100
itemname,2183,ENGean green bean cake,1,bango-file,message.dat,5101
itemname,2184,gu-jul pan cake,1,bango-file,message.dat,5102
itemname,2185,marignated steamed rib-eye,1,bango-file,message.dat,5103
itemname,2186,freash pan cake,1,bango-file,message.dat,5104
itemname,2187,balck sesame food,1,bango-file,message.dat,5105
itemname,2188,Artillery Flag,1,bango-file,message.dat,5107
itemname,2189,Blue Dragon Cannon,1,bango-file,message.dat,5108
itemname,2190,Blue Dragon Cannon,1,bango-file,message.dat,5109
itemname,2191,Blue Dragon Cannon,1,bango-file,message.dat,5110
itemname,2192,Red Bird Cannon,1,bango-file,message.dat,5111
itemname,2193,Red Bird Cannon,1,bango-file,message.dat,5112
itemname,2194,Red Bird Cannon,1,bango-file,message.dat,5113
itemname,2195,Red Bird Cannon,1,bango-file,message.dat,5114
itemname,2196,Artillery Flag,1,bango-file,message.dat,5115
itemname,2197,Blue Dragon Cannon,1,bango-file,message.dat,5117
itemname,2198,Blue Dragon Cannon,1,bango-file,message.dat,5118
itemname,2199,Blue Dragon Cannon,1,bango-file,message.dat,5119
itemname,2200,Red Bird Cannon,1,bango-file,message.dat,5120
itemname,2201,Red Bird Cannon,1,bango-file,message.dat,5121
itemname,2202,Red Bird Cannon,1,bango-file,message.dat,5122
itemname,2203,Red Bird Cannon,1,bango-file,message.dat,5123
itemname,2204,Stone of Shadow,1,bango-file,message.dat,5125
itemname,2205,Stone of Holy,1,bango-file,message.dat,5126
itemname,2206,Stone of Flame,1,bango-file,message.dat,5127
itemname,2207,Stone of Ice,1,bango-file,message.dat,5128
itemname,2208,Stone of Lightening,1,bango-file,message.dat,5129
itemname,2209,Stone of Poison,1,bango-file,message.dat,5130
itemname,2210,Stone of Paralysis,1,bango-file,message.dat,5131
itemname,2211,Stone of Strength,1,bango-file,message.dat,5132
itemname,2212,Stone of Skill,1,bango-file,message.dat,5133
itemname,2213,Stone of Mystery,1,bango-file,message.dat,5134
itemname,2214,Stone of Demon's Blood,1,bango-file,message.dat,5135
itemname,2215,Demon's Sword,1,bango-file,message.dat,5136
itemname,2216,Black Dragon Stone,1,bango-file,message.dat,5137
itemname,2217,invader's shoe,1,bango-file,message.dat,5139
itemname,2218,Germany,1,bango-file,message.dat,5141
itemname,2219,Costa Rica,1,bango-file,message.dat,5142
itemname,2220,Poland,1,bango-file,message.dat,5143
itemname,2221,Ecuador,1,bango-file,message.dat,5144
itemname,2222,England,1,bango-file,message.dat,5145
itemname,2223,Paraguay,1,bango-file,message.dat,5146
itemname,2224,Sweden,1,bango-file,message.dat,5147
itemname,2225,Trinidad and Tobago,1,bango-file,message.dat,5148
itemname,2226,Argentina,1,bango-file,message.dat,5149
itemname,2227,Cote d`Ivoire,1,bango-file,message.dat,5150
itemname,2228,Serbia and Montenegro,1,bango-file,message.dat,5151
itemname,2229,Holland,1,bango-file,message.dat,5152
itemname,2230,Mexico,1,bango-file,message.dat,5153
itemname,2231,Iran,1,bango-file,message.dat,5154
itemname,2232,Angola,1,bango-file,message.dat,5155
itemname,2233,Portugal,1,bango-file,message.dat,5156
itemname,2234,Italy,1,bango-file,message.dat,5157
itemname,2235,Ghana,1,bango-file,message.dat,5158
itemname,2236,United States of America,1,bango-file,message.dat,5159
itemname,2237,Czech Republic,1,bango-file,message.dat,5160
itemname,2238,Brazil,1,bango-file,message.dat,5161
itemname,2239,Croatia,1,bango-file,message.dat,5162
itemname,2240,Australia,1,bango-file,message.dat,5163
itemname,2241,Japan,1,bango-file,message.dat,5164
itemname,2242,France,1,bango-file,message.dat,5165
itemname,2243,Switzerland,1,bango-file,message.dat,5166
itemname,2244,Togo,1,bango-file,message.dat,5167
itemname,2245,Republic of ENGea,1,bango-file,message.dat,5168
itemname,2246,Spain,1,bango-file,message.dat,5169
itemname,2247,Ukraine,1,bango-file,message.dat,5170
itemname,2248,Tunisia,1,bango-file,message.dat,5171
itemname,2249,Saudi Arabia,1,bango-file,message.dat,5172
itemname,2250,ChulTae Bow,1,bango-file,message.dat,5173
itemname,2251,Bead of Fire,1,bango-file,message.dat,5174
itemname,2252,[ A ],1,bango-file,message.dat,5176
itemname,2253,[ B ],1,bango-file,message.dat,5177
itemname,2254,[ C ],1,bango-file,message.dat,5178
itemname,2255,[ E ],1,bango-file,message.dat,5179
itemname,2256,[ H ],1,bango-file,message.dat,5180
itemname,2257,[ I ],1,bango-file,message.dat,5181
itemname,2258,[ K ],1,bango-file,message.dat,5182
itemname,2259,[ L ],1,bango-file,message.dat,5183
itemname,2260,[ M ],1,bango-file,message.dat,5184
itemname,2261,[ N ],1,bango-file,message.dat,5185
itemname,2262,[ O ],1,bango-file,message.dat,5186
itemname,2263,[ R ],1,bango-file,message.dat,5187
itemname,2264,[ S ],1,bango-file,message.dat,5188
itemname,2265,[ U ],1,bango-file,message.dat,5189
itemname,2266,Moving Application(To Hanin),1,bango-file,message.dat,5190
itemname,2267,Moving Application(To Naraeha),1,bango-file,message.dat,5191
itemname,2268,Moving Application(To New),1,bango-file,message.dat,5192
itemname,2269,Magic Potion,1,bango-file,message.dat,5193
itemname,2301,Artisan's Fixing Tool,1,bango-file,message.dat,5195
itemname,2302,Doggebi's Fixing Tool,1,bango-file,message.dat,5196
itemname,2303,Smile Pumpkin Head,1,bango-file,message.dat,5197
itemname,2304,Sword Pumpkin Head,1,bango-file,message.dat,5198
itemname,2305,Axe Pumpkin Head,1,bango-file,message.dat,5199
itemname,2306,Purple Witch Hat,1,bango-file,message.dat,5200
itemname,2307,Green Witch Hat,1,bango-file,message.dat,5201
itemname,2308,Blue Witch Hat,1,bango-file,message.dat,5202
itemname,2309,Normal Ghost Cloth,1,bango-file,message.dat,5203
itemname,2310,Ghost Cloth with Bolts,1,bango-file,message.dat,5204
itemname,2311,Ghost Cloth with Straw,1,bango-file,message.dat,5205
itemname,2312,Candy,1,bango-file,message.dat,5206
itemname,2313,Lollipop,1,bango-file,message.dat,5207
itemname,2314,Cotton Candy,1,bango-file,message.dat,5208
itemname,2315,Candy Basket,1,bango-file,message.dat,5209
itemname,2316,Milk Chocolate,1,bango-file,message.dat,5210
itemname,2317,Heart Chocolate,1,bango-file,message.dat,5211
itemname,2318,Smile Pumpkin Head,1,bango-file,message.dat,5213
itemname,2319,Sword Pumpkin Head,1,bango-file,message.dat,5214
itemname,2320,Axe Pumpkin Head,1,bango-file,message.dat,5215
itemname,2321,Purple Witch Hat,1,bango-file,message.dat,5216
itemname,2322,Green Witch Hat,1,bango-file,message.dat,5217
itemname,2323,Blue Witch Hat,1,bango-file,message.dat,5218
itemname,2324,Normal Ghost Cloth,1,bango-file,message.dat,5219
itemname,2325,Ghost Cloth with Bolts,1,bango-file,message.dat,5220
itemname,2326,Ghost Cloth with Straw,1,bango-file,message.dat,5221
itemname,2328,Robe of the Fairy,1,bango-file,message.dat,5223
itemname,2329,Loom,1,bango-file,message.dat,5224
itemname,2330,Hemp Cloth,1,bango-file,message.dat,5225
itemname,2331,Crystal,1,bango-file,message.dat,5227
itemname,2332,Golden Bell,1,bango-file,message.dat,5229
itemname,2333,Golden Star,1,bango-file,message.dat,5230
itemname,2334,Wreath,1,bango-file,message.dat,5231
itemname,2337,Upgraded Model of Tower,1,bango-file,message.dat,5233
itemname,2338,Christmas cake,1,bango-file,message.dat,5235
itemname,2339,Turkey meat,1,bango-file,message.dat,5236
itemname,2340,Christmas pudding,1,bango-file,message.dat,5237
itemname,2341,Mince pie,1,bango-file,message.dat,5238
itemname,2342,Christmas wine,1,bango-file,message.dat,5239
itemname,2343,Upgraded Model of Tower,1,bango-file,message.dat,5241
itemname,2344,Mask for Knight,1,bango-file,message.dat,5243
itemname,2345,Mask for Archer,1,bango-file,message.dat,5244
itemname,2346,Mask for Magician,1,bango-file,message.dat,5245
itemname,2347,Ring of Excessiveness ,1,bango-file,message.dat,5247
itemname,2348,Necklace of Excessiveness,1,bango-file,message.dat,5248
itemname,2349,Ring of Vigor,1,bango-file,message.dat,5249
itemname,2350,Necklace of Vigor,1,bango-file,message.dat,5250
itemname,2351,Ring of Explosion,1,bango-file,message.dat,5251
itemname,2352,Necklace of Explosion,1,bango-file,message.dat,5252
itemname,2353,Ring of Courage,1,bango-file,message.dat,5253
itemname,2354,Necklace of Courage,1,bango-file,message.dat,5254
itemname,2355,Ring of Wisdom,1,bango-file,message.dat,5255
itemname,2356,Necklace of Wisdom,1,bango-file,message.dat,5256
itemname,2357,Ring of Knowledge,1,bango-file,message.dat,5257
itemname,2358,Necklace of Knowledge,1,bango-file,message.dat,5258
itemname,2359,Ring of Quickness,1,bango-file,message.dat,5259
itemname,2360,Necklace of Quickness,1,bango-file,message.dat,5260
itemname,2361,Ring of Meditation,1,bango-file,message.dat,5261
itemname,2362,Necklace of Meditation,1,bango-file,message.dat,5262
itemname,2363,Ring of Maturity,1,bango-file,message.dat,5263
itemname,2364,Necklace of Maturity,1,bango-file,message.dat,5264
itemname,2365,Hermit's Ring,1,bango-file,message.dat,5265
itemname,2366,Hermit's Necklace,1,bango-file,message.dat,5266
itemname,2367,Honor Talisman  [Strength],1,bango-file,message.dat,5267
itemname,2368,Honor Talisman [Agility],1,bango-file,message.dat,5268
itemname,2369,Honor Talisman [Intelegence],1,bango-file,message.dat,5269
itemname,2370,Hermit's Water,1,bango-file,message.dat,5270
itemname,2371,Skill Book [Weapon Mastery],1,bango-file,message.dat,5271
itemname,2372,High Skill Book [Weapon Mastery],1,bango-file,message.dat,5272
itemname,2373,Skill Book [Critical Hit],1,bango-file,message.dat,5273
itemname,2374,High Skill Book [Critical Hit],1,bango-file,message.dat,5274
itemname,2375,Skill Book [Increasing Concentration],1,bango-file,message.dat,5275
itemname,2376,Skill Book [Defense],1,bango-file,message.dat,5276
itemname,2377,High Skill Book [Defense],1,bango-file,message.dat,5277
itemname,2378,Skill Book [Bow Mastery],1,bango-file,message.dat,5278
itemname,2379,High Skill Book [Bow Mastery],1,bango-file,message.dat,5279
itemname,2380,Skill Book [Fatal Blow],1,bango-file,message.dat,5280
itemname,2381,High Skill Book [Fatal Blow],1,bango-file,message.dat,5281
itemname,2382,Skill Book [Concentration],1,bango-file,message.dat,5282
itemname,2383,High Skill Book [Concentration],1,bango-file,message.dat,5283
itemname,2384,Skill Book [Perfect Evasion],1,bango-file,message.dat,5284
itemname,2385,High Skill Book [Perfect Evasion],1,bango-file,message.dat,5285
itemname,2386,Skill Book [Magic Mastery : Lightning],1,bango-file,message.dat,5286
itemname,2387,High Skill Book [Magic Mastery : Lightning],1,bango-file,message.dat,5287
itemname,2388,Skill Book [Magic Mastery : Ice],1,bango-file,message.dat,5288
itemname,2389,High Skill Book [Magic Mastery : Ice],1,bango-file,message.dat,5289
itemname,2390,Skill Book [Magic Mastery  : Fire],1,bango-file,message.dat,5290
itemname,2391,High Skill Book [Magic Mastery  : Fire],1,bango-file,message.dat,5291
itemname,2392,Skill Book [Meditation],1,bango-file,message.dat,5292
itemname,2393,High Skill Book [Meditation],1,bango-file,message.dat,5293
itemname,2394,Skill Book [Revival],1,bango-file,message.dat,5294
itemname,2395,Skill Book [Defensive incantation 6],1,bango-file,message.dat,5295
itemname,2396,Ghost Shaped Steel Shield,1,bango-file,message.dat,5296
itemname,2397,Trained Wolf,1,bango-file,message.dat,5297
itemname,2398,Trained Tiger,1,bango-file,message.dat,5298
itemname,2399,Trained Horse,1,bango-file,message.dat,5299
itemname,2400,Ring of Sage,1,bango-file,message.dat,5301
itemname,2401,Necklace of Sage,1,bango-file,message.dat,5302
itemname,2402,Honor Talisman [Wisdom],1,bango-file,message.dat,5303
itemname,2403,Honor Talisman [Health],1,bango-file,message.dat,5304
itemname,2404,[ A ],1,bango-file,message.dat,5306
itemname,2405,[ C ],1,bango-file,message.dat,5307
itemname,2406,[ D ],1,bango-file,message.dat,5308
itemname,2407,[ E ],1,bango-file,message.dat,5309
itemname,2408,[ F ],1,bango-file,message.dat,5310
itemname,2409,[ H ],1,bango-file,message.dat,5311
itemname,2410,[ I ],1,bango-file,message.dat,5312
itemname,2411,[ L ],1,bango-file,message.dat,5313
itemname,2412,[ N ],1,bango-file,message.dat,5314
itemname,2413,[ O ],1,bango-file,message.dat,5315
itemname,2414,[ S ],1,bango-file,message.dat,5316
itemname,2415,[ T ],1,bango-file,message.dat,5317
itemname,2416,[ V ],1,bango-file,message.dat,5318
itemname,2417,[ Y ],1,bango-file,message.dat,5319
itemname,2418,Present Boxes,1,bango-file,message.dat,5320
itemname,2425,Portable Bomb,1,bango-file,message.dat,5322
itemname,2426,Doggebi's Certificate(1),1,bango-file,message.dat,5323
itemname,2427,Doggebi's Certificate(3),1,bango-file,message.dat,5324
itemname,2428,Doggebi's Certificate(5),1,bango-file,message.dat,5325
itemname,2429,Doggebi's Certificate(10),1,bango-file,message.dat,5326
itemname,2430,Scroll of Invincibility,1,bango-file,message.dat,5327
itemname,2431,Scroll of Moving to the Leader,1,bango-file,message.dat,5328
itemname,2432,Golden Scaled Armor,1,bango-file,message.dat,5331
itemname,2433,Golden Scaled Armor Helmet,1,bango-file,message.dat,5332
itemname,2434,Golden Scaled Armor Gloves,1,bango-file,message.dat,5333
itemname,2435,Golden Scaled Armor Shoes,1,bango-file,message.dat,5334
itemname,2436,Golden Scaled Armor Shorts,1,bango-file,message.dat,5335
itemname,2437,Golden Armor,1,bango-file,message.dat,5336
itemname,2438,Golden Armor Helmet,1,bango-file,message.dat,5337
itemname,2439,Golden Armor Gloves,1,bango-file,message.dat,5338
itemname,2440,Golden Armor Shoes,1,bango-file,message.dat,5339
itemname,2441,Golden Armor Skirts,1,bango-file,message.dat,5340
itemname,2442,Golden DaeChangEau,1,bango-file,message.dat,5341
itemname,2443,Golden DaeChangEau Hair Decoration,1,bango-file,message.dat,5342
itemname,2444,Golden DaeChangEau Gloves,1,bango-file,message.dat,5343
itemname,2445,Golden DaeChangEau Shoes,1,bango-file,message.dat,5344
itemname,2446,Golden DaeChangEau Shorts,1,bango-file,message.dat,5345
itemname,2447,Reward for Destructing Key Points,1,bango-file,message.dat,5347
itemname,2448,Reward for Protecting Leader,1,bango-file,message.dat,5348
itemname,2449,Reward for Suffering Valley,1,bango-file,message.dat,5349
itemname,2450,Certificate of Son of the Sky[1Hr.],1,bango-file,message.dat,5352
itemname,2451,Certificate of Son of the Sky[3Hr.],1,bango-file,message.dat,5353
itemname,2452,Certificate of Son of the Sky[5Hr.],1,bango-file,message.dat,5354
itemname,2453,Lock,1,bango-file,message.dat,5357
itemname,2454,Key,1,bango-file,message.dat,5358
itemname,2455,Key,1,bango-file,message.dat,5359
itemname,2456,Golden Scaled Armor,1,bango-file,message.dat,5364
itemname,2457,Golden Scaled Armor Helmet,1,bango-file,message.dat,5365
itemname,2458,Golden Scaled Armor Gloves,1,bango-file,message.dat,5366
itemname,2459,Golden Scaled Armor Shoes,1,bango-file,message.dat,5367
itemname,2460,Golden Scaled Armor Shorts,1,bango-file,message.dat,5368
itemname,2461,Golden Armor,1,bango-file,message.dat,5369
itemname,2462,Golden Armor Helmet,1,bango-file,message.dat,5370
itemname,2463,Golden Armor Gloves,1,bango-file,message.dat,5371
itemname,2464,Golden Armor Shoes,1,bango-file,message.dat,5372
itemname,2465,Golden Armor Skirts,1,bango-file,message.dat,5373
itemname,2466,Golden DaeChangEau,1,bango-file,message.dat,5374
itemname,2467,Golden DaeChangEau Hair Decoration,1,bango-file,message.dat,5375
itemname,2468,Golden DaeChangEau Gloves,1,bango-file,message.dat,5376
itemname,2469,Golden DaeChangEau Shoes,1,bango-file,message.dat,5377
itemname,2470,Golden DaeChangEau Shorts,1,bango-file,message.dat,5378
itemname,2471,Doggebi Scaled Armor,1,bango-file,message.dat,5380
itemname,2472,Doggebi Scaled Armor Helmet,1,bango-file,message.dat,5381
itemname,2473,Doggebi Scaled Armor Gloves,1,bango-file,message.dat,5382
itemname,2474,Doggebi Scaled Armor Shoes,1,bango-file,message.dat,5383
itemname,2475,Doggebi Scaled Armor Shorts,1,bango-file,message.dat,5384
itemname,2476,Armor of Doggebi,1,bango-file,message.dat,5386
itemname,2477,Helmet of Doggebi,1,bango-file,message.dat,5387
itemname,2478,Gloves of Doggebi,1,bango-file,message.dat,5388
itemname,2479,Shoes of Doggebi,1,bango-file,message.dat,5389
itemname,2480,Shorts of Doggebi,1,bango-file,message.dat,5390
itemname,2481,DaeChangEau of Doggebi,1,bango-file,message.dat,5391
itemname,2482,Hair Decoration of Doggebi,1,bango-file,message.dat,5392
itemname,2483,DaeChangEau Gloves of Doggebi,1,bango-file,message.dat,5393
itemname,2484,DaeChangEau Shoes of Doggebi,1,bango-file,message.dat,5394
itemname,2485,DaeChangEau Shorts of Doggebi,1,bango-file,message.dat,5395
itemname,2486,Golden Sword,1,bango-file,message.dat,5397
itemname,2487,Golden Giant sword,1,bango-file,message.dat,5398
itemname,2488,Golden Bow,1,bango-file,message.dat,5399
itemname,2489,Golden Stick,1,bango-file,message.dat,5400
itemname,2490,Treasure Sword of Doggebi,1,bango-file,message.dat,5402
itemname,2491,Treasure Sword of High Class Doggebi,1,bango-file,message.dat,5403
itemname,2492,Treasure Sword of Doggebi Lord,1,bango-file,message.dat,5404
itemname,2493,Giant Sword of Doggebi,1,bango-file,message.dat,5405
itemname,2494,Giant Sword of High Class Doggebi,1,bango-file,message.dat,5406
itemname,2495,Giant Sword of Doggebi Lord,1,bango-file,message.dat,5407
itemname,2496,Bow of Doggebi,1,bango-file,message.dat,5408
itemname,2497,Bow of High Class Doggebi,1,bango-file,message.dat,5409
itemname,2498,Bow of Doggebi Lord,1,bango-file,message.dat,5410
itemname,2499,Stick of Doggebi,1,bango-file,message.dat,5411
itemname,2500,Stick of High Class Doggebi,1,bango-file,message.dat,5412
itemname,2501,Stick of Doggebi Lord,1,bango-file,message.dat,5413
itemname,2502,Ancient Treasure Sword,1,bango-file,message.dat,5416
itemname,2503,General's Treasure Sword,1,bango-file,message.dat,5417
itemname,2504,Ancient Dynasty's Treasure Sword,1,bango-file,message.dat,5418
itemname,2505,Ancient Giant sword,1,bango-file,message.dat,5419
itemname,2506,General's Giant Sword,1,bango-file,message.dat,5420
itemname,2507,Ancient Dynasty's Giant sword,1,bango-file,message.dat,5421
itemname,2508,Ancient Tribal Mac's Bow,1,bango-file,message.dat,5422
itemname,2509,General of Ancient Tribal Mac's Bow,1,bango-file,message.dat,5423
itemname,2510,Ancient Dynasty of Tribal Mac's Bow,1,bango-file,message.dat,5424
itemname,2511,Ancient Stick,1,bango-file,message.dat,5425
itemname,2512,General's Stick,1,bango-file,message.dat,5426
itemname,2513,Ancient Dynasty's Stick,1,bango-file,message.dat,5427
itemname,2514,Golden Scaled Armor,1,bango-file,message.dat,5430
itemname,2515,Golden Scaled Armor Helmet,1,bango-file,message.dat,5431
itemname,2516,Golden Scaled Armor Gloves,1,bango-file,message.dat,5432
itemname,2517,Golden Scaled Armor Shoes,1,bango-file,message.dat,5433
itemname,2518,Golden Scaled Armor Shorts,1,bango-file,message.dat,5434
itemname,2519,Golden Armor,1,bango-file,message.dat,5435
itemname,2520,Golden Armor Helmet,1,bango-file,message.dat,5436
itemname,2521,Golden Armor Gloves,1,bango-file,message.dat,5437
itemname,2522,Golden Armor Shoes,1,bango-file,message.dat,5438
itemname,2523,Golden Armor Skirts,1,bango-file,message.dat,5439
itemname,2524,Golden DaeChangEau,1,bango-file,message.dat,5440
itemname,2525,Golden DaeChangEau Hair Decoration,1,bango-file,message.dat,5441
itemname,2526,Golden DaeChangEau Gloves,1,bango-file,message.dat,5442
itemname,2527,Golden DaeChangEau Shoes,1,bango-file,message.dat,5443
itemname,2528,Golden DaeChangEau Shorts,1,bango-file,message.dat,5444
itemname,2529,Golden Sword,1,bango-file,message.dat,5447
itemname,2530,Golden Giant sword,1,bango-file,message.dat,5448
itemname,2531,Golden Bow,1,bango-file,message.dat,5449
itemname,2532,Golden Stick,1,bango-file,message.dat,5450
itemname,2533,Darkness DaeChangEau Hair Decoration,1,bango-file,message.dat,5453
itemname,2534,Darkness Scaled Armor Helmet,1,bango-file,message.dat,5454
itemname,2535,Nail of Dragon,1,bango-file,message.dat,5455
itemname,2540,Herring,1,bango-file,message.dat,5458
itemname,2541,Hairy Fish,1,bango-file,message.dat,5459
itemname,2542,Anchovy,1,bango-file,message.dat,5460
itemname,2543,Bamboo,1,bango-file,message.dat,5463
itemname,2544,Paper,1,bango-file,message.dat,5464
itemname,2545,String,1,bango-file,message.dat,5465
itemname,2546,Reel,1,bango-file,message.dat,5466
itemname,2547,Butterfly Kite,1,bango-file,message.dat,5467
itemname,2548,Ray Kite,1,bango-file,message.dat,5468
itemname,2549,Shield Kite,1,bango-file,message.dat,5469
itemname,2550,Mission letters,1,bango-file,message.dat,5472
itemname,2551,Small Magic Potion,1,bango-file,message.dat,5475
itemname,2552,Medium Magic Potion,1,bango-file,message.dat,5476
itemname,2553,Golden Shield,1,bango-file,message.dat,5479
itemname,2554,Pine (The South Gate Restoration Event),1,bango-file,message.dat,5482
itemname,2555,Tile (The South Gate Restoration Event),1,bango-file,message.dat,5483
itemname,2556,Doggebi Mask,1,bango-file,message.dat,5486
itemname,2557,Encampment Building Scroll,1,bango-file,message.dat,5487
itemname,2558,Wood(Encampment Building),1,bango-file,message.dat,5488
itemname,2559,Leather(Encampment Building Scroll),1,bango-file,message.dat,5489
itemname,2560,Hammer(Encampment Building Scroll),1,bango-file,message.dat,5490
itemname,2561,Devil Troop of Jealousy Mask,1,bango-file,message.dat,5493
itemname,2562,Devil Troop of Hatred Mask,1,bango-file,message.dat,5494
itemname,2563,Devil Troop of Madness Mask,1,bango-file,message.dat,5495
itemname,2564,Devil Troop of Anger Mask,1,bango-file,message.dat,5496
itemname,2565,Devil Troop of Absorbing Green Mask,1,bango-file,message.dat,5497
itemname,2566,The Cave of The Giant Bird Demon's Head,1,bango-file,message.dat,5498
itemname,2567,Rotten Skeleton of Warrior of the Royal Tomb,1,bango-file,message.dat,5499
itemname,2568,Doggebi of Monster Face Fire,1,bango-file,message.dat,5500
itemname,2569,Doggebi with a Gong Fire,1,bango-file,message.dat,5501
itemname,2570,Drunken Doggebi Fire,1,bango-file,message.dat,5502
itemname,2571,Doggebi with a Mask of Black Fire,1,bango-file,message.dat,5503
itemname,2572,Doggebi with a Mask of Black Panther Fire,1,bango-file,message.dat,5504
itemname,2573,Giant Doggebi Fire,1,bango-file,message.dat,5505
itemname,2574,High Class Doggebi with a Gong Fire,1,bango-file,message.dat,5506
itemname,2575,The Royal Tobm Keeper's first certificate,1,bango-file,message.dat,5507
itemname,2576,High Class Drunken Doggebi  Fire,1,bango-file,message.dat,5508
itemname,2577,The Royal Tobm Keeper's second certificate,1,bango-file,message.dat,5509
itemname,2578,High Class Doggebi with a Mask of Black Crow Fire,1,bango-file,message.dat,5510
itemname,2579,Demon Crack Soldier's head,1,bango-file,message.dat,5511
itemname,2580,Traitor Warrior's Talisman,1,bango-file,message.dat,5512
itemname,2581,Chief of Demon Crack Troop's head,1,bango-file,message.dat,5513
itemname,2582,E-Mok Island Blacksmith's rings,1,bango-file,message.dat,5514
itemname,2583,Trained Traitor Warrior's Talisman,1,bango-file,message.dat,5515
itemname,2584,Small Green E-Moogi's teeth,1,bango-file,message.dat,5516
itemname,2585,Monster of Demon Crack Troop's head,1,bango-file,message.dat,5517
itemname,2586,E-Mok Island Sealed Ghost's ring,1,bango-file,message.dat,5518
itemname,2587,Guard of the Traitors Hangout's Talisman,1,bango-file,message.dat,5519
itemname,2588,Small Brown E-Moogi's teeth,1,bango-file,message.dat,5520
itemname,2589,White Beast of Demon Crack Troop's head	,1,bango-file,message.dat,5521
itemname,2590,Twisted Green E-Moogi's teeth,1,bango-file,message.dat,5522
itemname,2591,Knight of the Traitors Hangout's Talisman,1,bango-file,message.dat,5523
itemname,2592,Twisted Brown E-Moogi's teeth,1,bango-file,message.dat,5524
itemname,2593,Blue Beast of Demon Crack Troop's head,1,bango-file,message.dat,5525
itemname,2594,Twisted Demon Guarder's head,1,bango-file,message.dat,5526
itemname,2595,Twisted Demon Patrol's head,1,bango-file,message.dat,5527
itemname,2596,Twisted Demon Warrior's head,1,bango-file,message.dat,5528
itemname,2597,Twisted Demon Soldier's head,1,bango-file,message.dat,5529
itemname,2598,Twisted Demon Defender's head,1,bango-file,message.dat,5530
itemname,2599,training dagger,1,bango-file,message.dat,5533
itemname,2600,Iron dagger,1,bango-file,message.dat,5534
itemname,2601,Steel dagger,1,bango-file,message.dat,5535
itemname,2602,Intensified Iron dagger,1,bango-file,message.dat,5536
itemname,2603,Iron Red-blood dagger,1,bango-file,message.dat,5537
itemname,2604,Intensified Steel dagger,1,bango-file,message.dat,5538
itemname,2605,JuckAh Big Steel dagger,1,bango-file,message.dat,5539
itemname,2607,Steel dagger with Pattern of Leaf,1,bango-file,message.dat,5542
itemname,2608,HwanDoo dagger,1,bango-file,message.dat,5543
itemname,2609,Red HwanDoo dagger,1,bango-file,message.dat,5544
itemname,2610,HwanDoo SaeHyung dagger,1,bango-file,message.dat,5545
itemname,2611,MaeGak Hwandoo SaeHyung dagger,1,bango-file,message.dat,5546
itemname,2612,Hwandoo Saehyung dagger with Pattern of Leaf,1,bango-file,message.dat,5547
itemname,2613,Savage Tribe's dagger,1,bango-file,message.dat,5548
itemname,2614,Savage Tribe's Tiger Teeth dagger,1,bango-file,message.dat,5549
itemname,2615,Golden Treasure dagger,1,bango-file,message.dat,5550
itemname,2616,Butterfly-Shaped dagger,1,bango-file,message.dat,5551
itemname,2617,Revengeful dagger,1,bango-file,message.dat,5552
itemname,2618,Diamond dagger,1,bango-file,message.dat,5553
itemname,2619,Diamond dagger of Pain,1,bango-file,message.dat,5554
itemname,2620,Diamond dagger of Phantom,1,bango-file,message.dat,5555
itemname,2621,Ancient dagger,1,bango-file,message.dat,5556
itemname,2622,General's dagger,1,bango-file,message.dat,5557
itemname,2623,Ancient Dynasty's dagger,1,bango-file,message.dat,5558
itemname,2624,dagger of Doggebi,1,bango-file,message.dat,5559
itemname,2625,dagger of High Class Doggebi,1,bango-file,message.dat,5560
itemname,2626,Golden dagger,1,bango-file,message.dat,5561
itemname,2627,Dragon dagger of Sky,1,bango-file,message.dat,5562
itemname,2628,Imperial SaeHyung dagger,1,bango-file,message.dat,5563
itemname,2629,Imperial Hwandoo Saehyung dagger with Pattern of Leaf,1,bango-file,message.dat,5564
itemname,2630,Imperial Savage Tribe's Tiger Teeth dagger,1,bango-file,message.dat,5565
itemname,2631,Imperial Black Golden dagger,1,bango-file,message.dat,5566
itemname,2632,Imperial Diamond dagger of Pain,1,bango-file,message.dat,5567
itemname,2633,Imperial General's dagger,1,bango-file,message.dat,5568
itemname,2634,Imperial dagger of Doggebi,1,bango-file,message.dat,5569
itemname,2635,Imperial Golden dagger,1,bango-file,message.dat,5570
itemname,2636,Imperial Dragon dagger of Sky,1,bango-file,message.dat,5571
itemname,2637,Guardian Stick with a Blue Gem,1,bango-file,message.dat,5574
itemname,2638,Imperial Guardian Stick with a Blue Gem,1,bango-file,message.dat,5575
itemname,2639,Guardian Stick with a Lotus Flower,1,bango-file,message.dat,5576
itemname,2640,Imperial Guardian Stick with a Lotus Flower,1,bango-file,message.dat,5577
itemname,2641,Guardian Sword with a Lotus Flower,1,bango-file,message.dat,5580
itemname,2642,Emperor Guardian Sword with a Lotus Flower,1,bango-file,message.dat,5582
itemname,2643,Guardian Giant sword with a Lotus Flower,1,bango-file,message.dat,5583
itemname,2644,Emperor Guardian Giant sword with a Lotus Flower,1,bango-file,message.dat,5585
itemname,2645,Guardian Bow with a Lotus Flower,1,bango-file,message.dat,5586
itemname,2646,Emperor Guardian Bow with a Lotus Flower,1,bango-file,message.dat,5588
itemname,2647,Firmamental Pillar,1,bango-file,message.dat,5591
itemname,2648,True Firmamental Pillar,1,bango-file,message.dat,5592
itemname,2649,Strengthening Magic Scroll,1,bango-file,message.dat,5593
itemname,2650,element of fire,1,bango-file,message.dat,5597
itemname,2651,element of water,1,bango-file,message.dat,5598
itemname,2652,element of wood,1,bango-file,message.dat,5599
itemname,2653,element of iron,1,bango-file,message.dat,5600
itemname,2654,element of ground,1,bango-file,message.dat,5601
itemname,2655,the purified element of fire,1,bango-file,message.dat,5602
itemname,2656,the purified element of water,1,bango-file,message.dat,5603
itemname,2657,the purified element of wood,1,bango-file,message.dat,5604
itemname,2658,the purified element of iron,1,bango-file,message.dat,5605
itemname,2659,the purified element of ground,1,bango-file,message.dat,5606
itemname,2660,"Jea-Ga, letters of introduction",1,bango-file,message.dat,5607
itemname,2661,Recall scroll [For Individual],1,bango-file,message.dat,5610
itemname,2662,Recall scroll [For Party],1,bango-file,message.dat,5611
itemname,2663,Recall scroll [For Guild],1,bango-file,message.dat,5612
itemname,2664,Blood Dragon's Scaled Armor,1,bango-file,message.dat,5615
itemname,2665,Blood Dragon's Scaled Armor Helmet,1,bango-file,message.dat,5616
itemname,2666,Blood Dragon's Scaled Armor Gloves,1,bango-file,message.dat,5617
itemname,2667,Blood Dragon's Scaled Armor Shoes,1,bango-file,message.dat,5618
itemname,2668,Blood Dragon's Scaled Armor Shorts,1,bango-file,message.dat,5619
itemname,2669,Blood Dragon's Armor,1,bango-file,message.dat,5620
itemname,2670,Blood Dragon's Armor Helmet,1,bango-file,message.dat,5621
itemname,2671,Blood Dragon's Armor Gloves,1,bango-file,message.dat,5622
itemname,2672,Blood Dragon's Armor Shoes,1,bango-file,message.dat,5623
itemname,2673,Blood Dragon's Armor Skirts,1,bango-file,message.dat,5624
itemname,2674,Blood Dragon's DaeChangEau,1,bango-file,message.dat,5625
itemname,2675,Blood Dragon's DaeChangEau Hair Decoration,1,bango-file,message.dat,5626
itemname,2676,Blood Dragon's DaeChangEau Gloves,1,bango-file,message.dat,5627
itemname,2677,Blood Dragon's DaeChangEau Shoes,1,bango-file,message.dat,5628
itemname,2678,Blood Dragon's DaeChangEau Shorts,1,bango-file,message.dat,5629
itemname,2679,Necklace of Evil,1,bango-file,message.dat,5632
itemname,2680,Lord's Jaw,1,bango-file,message.dat,5633
itemname,2681,Monster's Right Arm,1,bango-file,message.dat,5634
itemname,2682,Sword of the Chief Defender,1,bango-file,message.dat,5635
itemname,2683,Complete E-moogy's Scale,1,bango-file,message.dat,5636
itemname,2684,Horn of Doggebi Lord,1,bango-file,message.dat,5637
itemname,2685,Imperfect element of fire,1,bango-file,message.dat,5640
itemname,2686,Imperfect element of water,1,bango-file,message.dat,5641
itemname,2687,Imperfect element of wood,1,bango-file,message.dat,5642
itemname,2688,Imperfect element of iron,1,bango-file,message.dat,5643
itemname,2689,Imperfect element of ground,1,bango-file,message.dat,5644
itemname,2693,Teleport Scroll ,1,bango-file,message.dat,5651
itemname,2702,MyungJoo suit of  low class thief,1,bango-file,message.dat,5654
itemname,2703,MyungJoo Hood of low class thief,1,bango-file,message.dat,5655
itemname,2704,MyungJoo Gloves of low class thief,1,bango-file,message.dat,5656
itemname,2705,MyungJoo Boots of low class thief,1,bango-file,message.dat,5657
itemname,2706,MyungJoo suit Shorts of low class thief,1,bango-file,message.dat,5658
itemname,2707,BeeDan suit of  low class thief,1,bango-file,message.dat,5659
itemname,2708,BeeDan Hood of low class thief,1,bango-file,message.dat,5660
itemname,2709,BeeDan Gloves of low class thief,1,bango-file,message.dat,5661
itemname,2710,BeeDan Boots of low class thief,1,bango-file,message.dat,5662
itemname,2711,BeeDan suit Shorts of low class thief,1,bango-file,message.dat,5663
itemname,2712,MyungJoo suit of thief,1,bango-file,message.dat,5664
itemname,2713,MyungJoo Hood of thief,1,bango-file,message.dat,5665
itemname,2714,MyungJoo Gloves of thief,1,bango-file,message.dat,5666
itemname,2715,MyungJoo Boots of thief,1,bango-file,message.dat,5667
itemname,2716,MyungJoo suit Shorts of thief,1,bango-file,message.dat,5668
itemname,2717,BeeDan suit of thief,1,bango-file,message.dat,5669
itemname,2718,BeeDan Hood of thief,1,bango-file,message.dat,5670
itemname,2719,BeeDan Gloves of thief,1,bango-file,message.dat,5671
itemname,2720,BeeDan Boots of thief,1,bango-file,message.dat,5672
itemname,2721,BeeDan suit Shorts of thief,1,bango-file,message.dat,5673
itemname,2722,MyungJoo suit of  High class thief,1,bango-file,message.dat,5674
itemname,2723,MyungJoo Hood of High class thief,1,bango-file,message.dat,5675
itemname,2724,MyungJoo Gloves of High class thief,1,bango-file,message.dat,5676
itemname,2725,MyungJoo Boots of High class thief,1,bango-file,message.dat,5677
itemname,2726,MyungJoo suit Shorts of High class thief,1,bango-file,message.dat,5678
itemname,2727,BeeDan suit of High class thief,1,bango-file,message.dat,5679
itemname,2728, BeeDan Hood of High class thief,1,bango-file,message.dat,5680
itemname,2729,BeeDan Gloves of High class thief,1,bango-file,message.dat,5681
itemname,2730,BeeDan Boots of High class thief,1,bango-file,message.dat,5682
itemname,2731,BeeDan suit Shorts of High class thief,1,bango-file,message.dat,5683
itemname,2732,Diamond suit of thief,1,bango-file,message.dat,5684
itemname,2733,Diamond Hood of thief,1,bango-file,message.dat,5685
itemname,2734,Diamond Gloves of thief,1,bango-file,message.dat,5686
itemname,2735,Diamond Boots of thief,1,bango-file,message.dat,5687
itemname,2736,Diamond suit Shorts of thief,1,bango-file,message.dat,5688
itemname,2737,Doggebi suit of thief,1,bango-file,message.dat,5689
itemname,2738,Doggebi Hood of thief,1,bango-file,message.dat,5690
itemname,2739,Doggebi Gloves of thief,1,bango-file,message.dat,5691
itemname,2740,Doggebi Boots of thief,1,bango-file,message.dat,5692
itemname,2741,Doggebi suit Shorts of thief,1,bango-file,message.dat,5693
itemname,2742,Golden suit of thief,1,bango-file,message.dat,5694
itemname,2743,Golden Hood of thief,1,bango-file,message.dat,5695
itemname,2744,Golden Gloves of thief,1,bango-file,message.dat,5696
itemname,2745,Golden Boots of thief,1,bango-file,message.dat,5697
itemname,2746,Golden suit Shorts of thief,1,bango-file,message.dat,5698
itemname,2747,Apprentice thief's Trinket,1,bango-file,message.dat,5700
itemname,2748,ZilPoongShinRhoe,1,bango-file,message.dat,5701
itemname,2755,3 Cash Ticket (Exchangeable for Silver Cash),1,bango-file,message.dat,5704
itemname,2756,5 Cash Ticket (Exchangeable for Silver Cash),1,bango-file,message.dat,5705
itemname,2757,10 Cash Ticket (Exchangeable for Silver Cash),1,bango-file,message.dat,5706
itemname,2758,30 Cash Ticket (Exchangeable for Silver Cash),1,bango-file,message.dat,5707
itemname,2759,50 Cash Ticket (Exchangeable for Silver Cash),1,bango-file,message.dat,5708
itemname,2760,100 Cash Ticket (Exchangeable for Silver Cash),1,bango-file,message.dat,5709
itemname,2761,Blood Dragon shield,1,bango-file,message.dat,5712
itemname,2763,Talisman of Transmigration,1,bango-file,message.dat,5715
itemname,2764,Essence of fire element,1,bango-file,message.dat,5718
itemname,2765,Essence of water element,1,bango-file,message.dat,5719
itemname,2766,Essence of wood element,1,bango-file,message.dat,5720
itemname,2767,Essence of iron element,1,bango-file,message.dat,5721
itemname,2768,Essence of earth element,1,bango-file,message.dat,5722
itemname,2769,Essence of undead,1,bango-file,message.dat,5723
itemname,2770,I'Lryer's necklace,1,bango-file,message.dat,5724
itemname,2771,I'Lryer's ring,1,bango-file,message.dat,5725
itemname,2772,Moving Trinket,1,bango-file,message.dat,5726
itemname,2773,Piece of Unknown World,1,bango-file,message.dat,5729
itemname,2780,Baked Carp with silver scales of Geum-Oh Valley,1,bango-file,message.dat,5732
itemname,2781,Pure Dew-Tea of Geum-Oh Mountain,1,bango-file,message.dat,5733
itemname,2783,Blood Dragon's Scaled Armor,1,bango-file,message.dat,5736
itemname,2784,Blood Dragon's Scaled Armor,1,bango-file,message.dat,5737
itemname,2785,Blood Dragon's Scaled Armor Shorts,1,bango-file,message.dat,5738
itemname,2786,Blood Dragon's Scaled Armor Shorts,1,bango-file,message.dat,5739
itemname,2787,Blood Dragon's Armor,1,bango-file,message.dat,5740
itemname,2788,Blood Dragon's Armor,1,bango-file,message.dat,5741
itemname,2789,Blood Dragon's Armor Skirts,1,bango-file,message.dat,5742
itemname,2790,Blood Dragon's Armor Skirts,1,bango-file,message.dat,5743
itemname,2791,Blood Dragon's DaeChangEau,1,bango-file,message.dat,5744
itemname,2792,Blood Dragon's DaeChangEau,1,bango-file,message.dat,5745
itemname,2793,Blood Dragon's DaeChangEau Shorts,1,bango-file,message.dat,5746
itemname,2794,Blood Dragon's DaeChangEau Shorts,1,bango-file,message.dat,5747
itemname,2690,monster summoning scroll(1 level),1,bango-file,message.dat,5750
itemname,2691,monster summoning scroll(2 level),1,bango-file,message.dat,5751
itemname,2692,monster summoning scroll(3 level),1,bango-file,message.dat,5752
itemname,2795,monster summoning scroll(4 level),1,bango-file,message.dat,5754
itemname,2796,monster summoning scroll(5 level),1,bango-file,message.dat,5755
itemname,2797,monster summoning scroll(7 level),1,bango-file,message.dat,5757
itemname,2798,monster summoning scroll(8 level),1,bango-file,message.dat,5759
itemname,2819,Guardian Dagger with a Lotus Flower,1,bango-file,message.dat,5762
itemname,2820,Imperial Guardian Dagger with a Lotus Flower,1,bango-file,message.dat,5763
itemname,2826,Golden Stick of Distress,1,bango-file,message.dat,5768
itemname,2827,Golden Stick of Sabbath,1,bango-file,message.dat,5769
itemname,2828,Dragon's Insight Stick of Sky,1,bango-file,message.dat,5770
itemname,2829,Dragon's Fury Stick of Sky,1,bango-file,message.dat,5771
itemname,2830,Throwing-Knife of Evil Spirit,1,bango-file,message.dat,5775
itemname,2831,Blood-Burster Poppy,1,bango-file,message.dat,5776
itemname,2832,Mask for Thief,1,bango-file,message.dat,5779
itemname,2843,Demon Troop's Catapult lever,1,bango-file,message.dat,5782
itemname,2844,Crazy Demon Worker's Axe,1,bango-file,message.dat,5784
itemname,2845,Sealed Stone with Village Headman's Spirit,1,bango-file,message.dat,5785
itemname,2833,Skill Book [Attack Power Up],1,bango-file,message.dat,5788
itemname,2834,High Skill Book [Attack Power Up],1,bango-file,message.dat,5789
itemname,2835,Skill Book [Increase Target Rate],1,bango-file,message.dat,5790
itemname,2836,High Skill Book [Increase Target Rate],1,bango-file,message.dat,5791
itemname,2837,Skill Book [Increase Critical Rate],1,bango-file,message.dat,5792
itemname,2838,High Skill Book [Increase Critical Rate],1,bango-file,message.dat,5793
itemname,2839,Skill Book [Increase Critical Damage],1,bango-file,message.dat,5794
itemname,2840,High Skill Book [Increase Critical Damage],1,bango-file,message.dat,5795
itemname,2846,Blood Dragon's Sword,1,bango-file,message.dat,5798
itemname,2847,Blood Dragon's Giant sword,1,bango-file,message.dat,5799
itemname,2848,Blood Dragon's Bow,1,bango-file,message.dat,5800
itemname,2849,Blood Dragon's Stick,1,bango-file,message.dat,5801
itemname,2850,Blood Dragon's Dagger,1,bango-file,message.dat,5802
itemname,2851,Imperial Blood Dragon's Sword,1,bango-file,message.dat,5805
itemname,2852,Imperial Blood Dragon's Giant Sword,1,bango-file,message.dat,5806
itemname,2853,Imperial Blood Dragon's Bow,1,bango-file,message.dat,5807
itemname,2854,Imperial Blood Dragon's Stick,1,bango-file,message.dat,5808
itemname,2855,Imperial Blood Dragon's Dagger,1,bango-file,message.dat,5809
itemname,2856,Blood Dragon Stick of Ruin,1,bango-file,message.dat,5811
itemname,2857,Blood Dragon Stick of Hell,1,bango-file,message.dat,5812
itemname,2858,Defensive Plant,1,bango-file,message.dat,5815
itemname,2859,Accuracy rate Plant ,1,bango-file,message.dat,5816
itemname,2860,Dragon's Imperial Stick Of Immortality,1,bango-file,message.dat,5818
itemname,2861,Blood Dragon Imperial Stick of Immortality,1,bango-file,message.dat,5819
itemname,2862,Crazy Demon Head,1,bango-file,message.dat,5822
itemname,2863,Poppy,1,bango-file,message.dat,5823
itemname,2864,Crazy Demon Worker's Head,1,bango-file,message.dat,5824
itemname,2865,Soo-Ryun's Letter,1,bango-file,message.dat,5825
itemname,2866,Yun-Hwa's Letter,1,bango-file,message.dat,5826
itemname,2867,Elite Skeleton Head,1,bango-file,message.dat,5827
itemname,2868,Elite Skeletion Archer Head,1,bango-file,message.dat,5828
itemname,2869,Wild Boar Chop of Meat,1,bango-file,message.dat,5829
itemname,2870,Piece of Map,1,bango-file,message.dat,5831
itemname,2871,Piece of Map2,1,bango-file,message.dat,5832
itemname,2872,Piece of Map3,1,bango-file,message.dat,5833
itemname,2873,Piece of Map4,1,bango-file,message.dat,5834
itemname,2874,Piece of Map5,1,bango-file,message.dat,5835
itemname,2875,Piece of Map6,1,bango-file,message.dat,5836
itemname,2876,Piece of Map7,1,bango-file,message.dat,5837
itemname,2877,Piece of Map8,1,bango-file,message.dat,5838
itemname,2878,Piece of Map9,1,bango-file,message.dat,5839
itemname,2879,Piece of Map10,1,bango-file,message.dat,5840
itemname,2880,Scorpions Poisoned needle,1,bango-file,message.dat,5841
itemname,2881,Bear's gall,1,bango-file,message.dat,5842
itemname,2882,Knoll of certificate,1,bango-file,message.dat,5843
itemname,2883,Goblin of Strategic Book,1,bango-file,message.dat,5844
itemname,2884,Blue Bead,1,bango-file,message.dat,5845
itemname,2885,Treasure Sword,1,bango-file,message.dat,5846
itemname,2886,Book,1,bango-file,message.dat,5847
itemname,2887,Water Bag,1,bango-file,message.dat,5848
itemname,2888,Bear Head,1,bango-file,message.dat,5849
itemname,2889,Goblin Conjurator Head,1,bango-file,message.dat,5850
itemname,2890,Degenarated Twisted Demon Nail,1,bango-file,message.dat,5851
itemname,2891,Wolf Fur,1,bango-file,message.dat,5852
itemname,2892,Mission letters,1,bango-file,message.dat,5853
itemname,2893,Mission letters,1,bango-file,message.dat,5854
itemname,2894,Mission letters,1,bango-file,message.dat,5855
itemname,2895,Mission letters,1,bango-file,message.dat,5856
itemname,2896,Mission letters,1,bango-file,message.dat,5857
itemname,2897,Hallowen Ticket,1,bango-file,message.dat,5860
itemname,2898,Blue Dragon,1,bango-file,message.dat,5863
itemname,2900,White Tiger,1,bango-file,message.dat,5864
itemname,2902,Black Tortoise,1,bango-file,message.dat,5865
itemname,2904,Red Bird,1,bango-file,message.dat,5866
itemname,2906,Blood Dragon's Suit of thief,1,bango-file,message.dat,5869
itemname,2907,Blood Dragon's Suit of thief,1,bango-file,message.dat,5870
itemname,2908,Blood Dragon's Suit of thief,1,bango-file,message.dat,5871
itemname,2909,Blood Dragon's Hood of thief,1,bango-file,message.dat,5872
itemname,2910,Blood Dragon's Gloves of thief,1,bango-file,message.dat,5873
itemname,2911,Blood Dragon's Boots of thief,1,bango-file,message.dat,5874
itemname,2912,Blood Dragon's Suit Shorts of thief,1,bango-file,message.dat,5875
itemname,2913,Blood Dragon's Suit Shorts of thief,1,bango-file,message.dat,5876
itemname,2914,Blood Dragon's Suit Shorts of thief,1,bango-file,message.dat,5877
itemname,2915,Goblin's Decoder,1,bango-file,message.dat,5880
itemname,2916,Crazy Demon Worker's Leader Head,1,bango-file,message.dat,5881
itemname,2917,Skeletons with the pack,1,bango-file,message.dat,5882
itemname,2918,Wolf Commander Head,1,bango-file,message.dat,5883
itemname,2919,Scorpion Shell,1,bango-file,message.dat,5884
itemname,2920,Suit of armor.,1,bango-file,message.dat,5885
itemname,2921,Complete suit of armor.,1,bango-file,message.dat,5886
itemname,2922,Sickle,1,bango-file,message.dat,5887
itemname,2923,Bear fur,1,bango-file,message.dat,5888
itemname,2924,Brown Bear meat,1,bango-file,message.dat,5889
itemname,2925,Urgent letter,1,bango-file,message.dat,5890
itemname,2926,Wild Boar's horn,1,bango-file,message.dat,5891
itemname,2927,Degenarated Twisted Demon Head,1,bango-file,message.dat,5892
itemname,2928,Poisonous liquid,1,bango-file,message.dat,5893
itemname,2929,Diluted Poisonous Liquid,1,bango-file,message.dat,5894
itemname,2930,Medeicine pack,1,bango-file,message.dat,5895
itemname,2931,Secret document,1,bango-file,message.dat,5896
itemname,2932,Guard of D'evah's Commander Head,1,bango-file,message.dat,5897
itemname,2933,Wild Boar's Head,1,bango-file,message.dat,5898
itemname,2934,Knoll Head,1,bango-file,message.dat,5899
itemname,2935,Goblin Head,1,bango-file,message.dat,5900
itemname,2936,Guard of D'evah Head,1,bango-file,message.dat,5901
itemname,2937,Properly Brown Bear meat,1,bango-file,message.dat,5902
itemname,2938,Goblin's pocket,1,bango-file,message.dat,5903
itemname,2939,Mission letters,1,bango-file,message.dat,5904
itemname,2940,Mission letters,1,bango-file,message.dat,5905
itemname,2941,Mission letters,1,bango-file,message.dat,5906
itemname,2942,Mission letters,1,bango-file,message.dat,5907
itemname,2943,Mission letters,1,bango-file,message.dat,5908
itemname,2944,Soo-Ra Blood Dragon's Sword,1,bango-file,message.dat,5911
itemname,2945,Soo-Ra Dragon's Giant Sword,1,bango-file,message.dat,5912
itemname,2946,Soo-Ra Blood Dragon's Bow,1,bango-file,message.dat,5913
itemname,2947,Soo-Ra Blood Dragon's Dagger,1,bango-file,message.dat,5914
itemname,2948,Soo-Ra Blood Dragon's Stick,1,bango-file,message.dat,5915
itemname,2949,Soo-Ra Dragon Sword of Sky,1,bango-file,message.dat,5916
itemname,2950,Soo-Ra Dragon Giant Sword of Sky,1,bango-file,message.dat,5917
itemname,2951,Soo-Ra Dragons Bow of Sky,1,bango-file,message.dat,5918
itemname,2952,Soo-Ra Dragons Dagger of Sky,1,bango-file,message.dat,5919
itemname,2953,Soo-Ra Dragons Stick of Sky,1,bango-file,message.dat,5920
itemname,2954,Soo-Ra Ring,1,bango-file,message.dat,5921
itemname,2955,Soo-Ra Protection Talisman,1,bango-file,message.dat,5922
itemname,2956,Soo-Ra Trinket,1,bango-file,message.dat,5923
itemname,2958,Resist necklace,1,bango-file,message.dat,5926
itemname,2959,Talisman of Wonder,1,bango-file,message.dat,5927
itemname,2960,Talisman of Wonder,1,bango-file,message.dat,5928
itemname,2961,Talisman of Wonder,1,bango-file,message.dat,5929
itemname,2962,Talisman of Wonder,1,bango-file,message.dat,5930
itemname,2963,Talisman of Wonder,1,bango-file,message.dat,5931
itemname,2964,Dragon's Imperial Stick Of Insight,1,bango-file,message.dat,5934
itemname,2965,Dragon's Imperial Stick Of Fury,1,bango-file,message.dat,5935
itemname,2966,Blood Dragon Imperial Stick of Ruin,1,bango-file,message.dat,5936
itemname,2967,Blood Dragon Imperial Stick of Hell,1,bango-file,message.dat,5937
itemname,2995,Dragon's Imperial Stick Of pain,1,bango-file,message.dat,5938
itemname,2996,Blood Dragon Imperial Stick of pain,1,bango-file,message.dat,5939
itemname,2968,Empty soul fragment of D'evah,1,bango-file,message.dat,5942
itemname,2969,Lost armor fragment of D'evah,1,bango-file,message.dat,5943
itemname,2970,Auction Certificate(1 day),1,bango-file,message.dat,5946
itemname,2971,Auction Certificate(3 day),1,bango-file,message.dat,5947
itemname,2972,Auction Certificate(7 day),1,bango-file,message.dat,5948
itemname,2973,Special Stone of Wealth - 7 days,1,bango-file,message.dat,5952
itemname,2974,Premium Stone of Wealth - 7 days,1,bango-file,message.dat,5953
itemname,2975,Santa Coat of Knight,1,bango-file,message.dat,5956
itemname,2976,Santa Hat of Knight,1,bango-file,message.dat,5957
itemname,2977,Santa Gloves of Knight,1,bango-file,message.dat,5958
itemname,2978,Santa Boots of Knight,1,bango-file,message.dat,5959
itemname,2979,Santa Pants of Knight,1,bango-file,message.dat,5960
itemname,2980,Santa Coat of Magician,1,bango-file,message.dat,5961
itemname,2981,Santa Hat of Magician,1,bango-file,message.dat,5962
itemname,2982,Santa Gloves of Magician,1,bango-file,message.dat,5963
itemname,2983,Santa Boots of Magician,1,bango-file,message.dat,5964
itemname,2984,Santa Pants of Magician,1,bango-file,message.dat,5965
itemname,2985,Santa Coat of Archer,1,bango-file,message.dat,5966
itemname,2986,Santa Hat of Archer,1,bango-file,message.dat,5967
itemname,2987,Santa Gloves of Archer,1,bango-file,message.dat,5968
itemname,2988,Santa Boots of Archer,1,bango-file,message.dat,5969
itemname,2989,Santa Skirt of Archer,1,bango-file,message.dat,5970
itemname,2990,Santa Coat of Thief,1,bango-file,message.dat,5971
itemname,2991,Santa Hat of Thief,1,bango-file,message.dat,5972
itemname,2992,Santa Gloves of Thief,1,bango-file,message.dat,5973
itemname,2993,Santa Boots of Thief,1,bango-file,message.dat,5974
itemname,2994,Santa Pants of Thief,1,bango-file,message.dat,5975
itemname,2997,Special Stone of Wealth - 7 days,1,bango-file,message.dat,5978
itemname,2998,Premium Stone of Wealth - 7 days,1,bango-file,message.dat,5979
itemname,2999,Chocolate Sand,1,bango-file,message.dat,5982
itemname,3000,Chococup Cake,1,bango-file,message.dat,5983
itemname,3001,Heart Chocolate Cake,1,bango-file,message.dat,5984
itemname,3002,Chocolate Cake,1,bango-file,message.dat,5985
itemname,3003,Pink Love Cake,1,bango-file,message.dat,5986
itemname,3004,Choco Chip Cookie,1,bango-file,message.dat,5987
itemname,3005,Heart Cookie,1,bango-file,message.dat,5988
itemname,3006,Chocolate Ball,1,bango-file,message.dat,5989
itemname,3007,Almond Chocolate,1,bango-file,message.dat,5990
itemname,3008,Strawberry Chocolate,1,bango-file,message.dat,5991
itemname,3009,Choco Pudding,1,bango-file,message.dat,5992
itemname,3010,Scalp of Hero (Large),1,bango-file,message.dat,5993
itemname,3011,Scalp of Hero (Small),1,bango-file,message.dat,5994
itemname,3012,Rebirth Talisman,1,bango-file,message.dat,5997
itemname,3072,Appearance change coupon,1,bango-file,message.dat,6000
itemname,3084,Ancient Essence,1,bango-file,message.dat,6006
itemname,3085,Ring of Doggebi,1,bango-file,message.dat,6007
itemname,3086,Sword of Demon,1,bango-file,message.dat,6008
itemname,3099,Halidom of Explosive Blow (large),1,bango-file,message.dat,6010
itemname,3100,Halidom of Explosive Blow (medium),1,bango-file,message.dat,6011
itemname,3101,Halidom of Explosive Blow (small),1,bango-file,message.dat,6012
itemname,3087,Soul of Craftsman,1,bango-file,message.dat,6015
itemname,3082,Stone of EXP - 1 day,1,bango-file,message.dat,6018
itemname,3083,Stone of Wealth - 7 days,1,bango-file,message.dat,6019
itemname,3088,Stone of Fishery - 7 days,1,bango-file,message.dat,6020
itemname,3089,Scroll of Power Improvement,1,bango-file,message.dat,6021
itemname,3090,Scroll of Normal Explosive Blow Improvement,1,bango-file,message.dat,6022
itemname,3091,Scroll of Damage Reduction,1,bango-file,message.dat,6023
itemname,3092,Scroll of Accuracy Improvement,1,bango-file,message.dat,6024
itemname,3093,Scroll of Evasion Improvement,1,bango-file,message.dat,6025
itemname,3094,Potion of Tiger Claws,1,bango-file,message.dat,6026
itemname,3095,Potion of Bear Skin,1,bango-file,message.dat,6027
itemname,3096,Potion of Wisdom,1,bango-file,message.dat,6028
itemname,3097,Potion of Foresight,1,bango-file,message.dat,6029
itemname,3098,Potion of Eagle Wings,1,bango-file,message.dat,6030
itemname,3102,Power Stone,1,bango-file,message.dat,6031
itemname,3111,monster summoning scroll(6 level),1,bango-file,message.dat,6034
itemname,3112,Stone of EXP for Ancient Animal (1 day),1,bango-file,message.dat,6037
itemname,3113,Stone of EXP for Ancient Animal (1 day),1,bango-file,message.dat,6038
itemname,3114,Stone of EXP for Ancient Animal (15 day),1,bango-file,message.dat,6039
itemname,3115,Stone of EXP for Ancient Animal (15 day),1,bango-file,message.dat,6040
itemname,3116,Stone of EXP for Ancient Animal (30 day),1,bango-file,message.dat,6041
itemname,3117,Stone of EXP for Ancient Animal (30 day),1,bango-file,message.dat,6042
itemname,3118,Stone of Chance for Mystery Skill,1,bango-file,message.dat,6045
itemname,3119,Stone of Birth Box,1,bango-file,message.dat,6047
itemname,3128,Stone of EXP for Ancient Animal (1 day),1,bango-file,message.dat,6050
itemname,3129,Stone of EXP for Ancient Animal (15 day),1,bango-file,message.dat,6051
itemname,3130,Stone of EXP for Ancient Animal (30 day),1,bango-file,message.dat,6052
itemname,3131,Goblin,1,bango-file,message.dat,6055
itemname,3132,Cheios,1,bango-file,message.dat,6056
itemname,3133,Dunamic,1,bango-file,message.dat,6057
itemname,3134,GoblinBaby,1,bango-file,message.dat,6058
itemname,3175,Dragon Certificate[Basic],1,bango-file,message.dat,6062
itemname,3176,Dragon Certificate[Advance],1,bango-file,message.dat,6063
itemname,3177,Dragon Certificate[Premium],1,bango-file,message.dat,6064
itemname,3229,Dragon Spirit Scroll,1,bango-file,message.dat,6067
itemname,3182,Large Medicine,1,bango-file,message.dat,6070
itemname,3183,Glass bottle,1,bango-file,message.dat,6071
itemname,3184,Meat of Cheonjiyeon wolf,1,bango-file,message.dat,6072
itemname,3185,Breast Meat of Cheonjiyeon bear,1,bango-file,message.dat,6073
itemname,3186,Normal Cheonjiyeon Water,1,bango-file,message.dat,6074
itemname,3187,Medium Cheonjiyeon Water,1,bango-file,message.dat,6075
itemname,3188,Mission letters of Hondel,1,bango-file,message.dat,6076
itemname,3189,Dragon Certificate[1Hour],1,bango-file,message.dat,6079
itemname,3190,Dragon Certificate[2Hour],1,bango-file,message.dat,6080
itemname,3191,Dragon Certificate[3Hour],1,bango-file,message.dat,6081
itemname,3192,Dragon Certificate[4Hour],1,bango-file,message.dat,6082
itemname,3193,Dragon Certificate[5Hour],1,bango-file,message.dat,6083
itemname,3194,Dragon Certificate's Box,1,bango-file,message.dat,6084
itemname,3197,Small natural regeneration potion,1,bango-file,message.dat,6088
itemname,3198,Medium natural regeneration potion,1,bango-file,message.dat,6089
itemname,3199,Large natural regeneration potion,1,bango-file,message.dat,6090
itemname,3200,Shad,1,bango-file,message.dat,6091
itemname,3201,Carp,1,bango-file,message.dat,6092
itemname,3202,Mystic spice,1,bango-file,message.dat,6093
itemname,3203,Cooked shad,1,bango-file,message.dat,6094
itemname,3204,Tasty eel skewer,1,bango-file,message.dat,6095
itemname,3205,Fantastic eel skewer,1,bango-file,message.dat,6096
itemname,3206,Cooked carp,1,bango-file,message.dat,6097
itemname,3207,Pincers of Desert Scorpion,1,bango-file,message.dat,6098
itemname,3208,Rib of Skeleton,1,bango-file,message.dat,6099
itemname,3209,Head of Twisted Demon warrior,1,bango-file,message.dat,6100
itemname,3210,Certificate of Xill,1,bango-file,message.dat,6101
itemname,3211,Certificate of Goblin,1,bango-file,message.dat,6102
itemname,3212,Head of Knoll,1,bango-file,message.dat,6103
itemname,3213,Certificate of Zombie,1,bango-file,message.dat,6104
itemname,3214,Certificate of Master Skeleton,1,bango-file,message.dat,6105
itemname,3215,Head of Master Wraith,1,bango-file,message.dat,6106
itemname,3216,Tail of Desert Scorpion,1,bango-file,message.dat,6107
itemname,3217,Basic Reward pack,1,bango-file,message.dat,6108
itemname,3218,Medum Reward pack,1,bango-file,message.dat,6109
itemname,3219,High Reward pack,1,bango-file,message.dat,6110
itemname,3220,Premium Reward pack,1,bango-file,message.dat,6111
itemname,3221,Basic Spirit water,1,bango-file,message.dat,6112
itemname,3222,Medum Spirit water,1,bango-file,message.dat,6113
itemname,3223,High Spirit water,1,bango-file,message.dat,6114
itemname,3021,Heavenly Executioner Scaled Armor,1,bango-file,message.dat,6117
itemname,3022,Heavenly Executioner Scaled Armor,1,bango-file,message.dat,6118
itemname,3023,Heavenly Executioner Scaled Armor,1,bango-file,message.dat,6119
itemname,3024,Heavenly Executioner Scaled Armor Helmet,1,bango-file,message.dat,6120
itemname,3025,Heavenly Executioner Scaled Armor Gloves,1,bango-file,message.dat,6121
itemname,3026,Heavenly Executioner Scaled Armor Shoes,1,bango-file,message.dat,6122
itemname,3027,Heavenly Executioner Scaled Armor Shorts,1,bango-file,message.dat,6123
itemname,3028,Heavenly Executioner Scaled Armor Shorts,1,bango-file,message.dat,6124
itemname,3029,Heavenly Executioner Scaled Armor Shorts,1,bango-file,message.dat,6125
itemname,3030,Heavenly Executioner Armor,1,bango-file,message.dat,6127
itemname,3031,Heavenly Executioner Armor,1,bango-file,message.dat,6128
itemname,3032,Heavenly Executioner Armor,1,bango-file,message.dat,6129
itemname,3033,Heavenly Executioner Armor Helmet,1,bango-file,message.dat,6130
itemname,3034,Heavenly Executioner Armor Gloves,1,bango-file,message.dat,6131
itemname,3035,Heavenly Executioner Armor Shoes,1,bango-file,message.dat,6132
itemname,3036,Heavenly Executioner Armor Skirts,1,bango-file,message.dat,6133
itemname,3037,Heavenly Executioner Armor Skirts,1,bango-file,message.dat,6134
itemname,3038,Heavenly Executioner Armor Skirts,1,bango-file,message.dat,6135
itemname,3039,Heavenly Executioner DaeChangEau,1,bango-file,message.dat,6137
itemname,3040,Heavenly Executioner DaeChangEau,1,bango-file,message.dat,6138
itemname,3041,Heavenly Executioner DaeChangEau,1,bango-file,message.dat,6139
itemname,3042,Heavenly Executioner DaeChangEau Hair Decoration,1,bango-file,message.dat,6140
itemname,3043,Heavenly Executioner DaeChangEau Gloves,1,bango-file,message.dat,6141
itemname,3044,Heavenly Executioner DaeChangEau Shoes,1,bango-file,message.dat,6142
itemname,3045,Heavenly Executioner DaeChangEau Shorts,1,bango-file,message.dat,6143
itemname,3046,Heavenly Executioner DaeChangEau Shorts,1,bango-file,message.dat,6144
itemname,3047,Heavenly Executioner DaeChangEau Shorts,1,bango-file,message.dat,6145
itemname,3048,Heavenly Executioner Suit of thief,1,bango-file,message.dat,6147
itemname,3049,Heavenly Executioner Suit of thief,1,bango-file,message.dat,6148
itemname,3050,Heavenly Executioner Suit of thief,1,bango-file,message.dat,6149
itemname,3051,Heavenly Executioner Hood of thief,1,bango-file,message.dat,6150
itemname,3052,Heavenly Executioner Gloves of thief,1,bango-file,message.dat,6151
itemname,3053,Heavenly Executioner Boots of thief,1,bango-file,message.dat,6152
itemname,3054,Heavenly Executioner Suit Shorts of thief,1,bango-file,message.dat,6153
itemname,3055,Heavenly Executioner Suit Shorts of thief,1,bango-file,message.dat,6154
itemname,3056,Heavenly Executioner Suit Shorts of thief,1,bango-file,message.dat,6155
itemname,3057,Heavenly Executioner Sword,1,bango-file,message.dat,6157
itemname,3058,Heavenly Executioner Giant Sword,1,bango-file,message.dat,6158
itemname,3059,Heavenly Executioner Bow,1,bango-file,message.dat,6159
itemname,3060,Heavenly Executioner Stick,1,bango-file,message.dat,6160
itemname,3061,Heavenly Executioner Stick of Ruin,1,bango-file,message.dat,6161
itemname,3062,Heavenly Executioner Stick of Hell,1,bango-file,message.dat,6162
itemname,3063,Heavenly Executioner Dagger,1,bango-file,message.dat,6163
itemname,3064,Imperial Heavenly Executioner Sword,1,bango-file,message.dat,6165
itemname,3065,Imperial Heavenly Executioner Giant Sword,1,bango-file,message.dat,6166
itemname,3066,Imperial Heavenly Executioner Bow,1,bango-file,message.dat,6167
itemname,3067,Imperial Heavenly Executioner Stick,1,bango-file,message.dat,6168
itemname,3068,Imperial Heavenly Executioner Stick of Ruin,1,bango-file,message.dat,6169
itemname,3069,Imperial Heavenly Executioner Stick of Hell,1,bango-file,message.dat,6170
itemname,3070,Imperial Heavenly Executioner Dagger,1,bango-file,message.dat,6171
itemname,3071,Heavenly Executioner shield,1,bango-file,message.dat,6174
itemname,3230,GM Scaled Armor,1,bango-file,message.dat,6177
itemname,3231,GM Scaled Armor,1,bango-file,message.dat,6178
itemname,3232,GM Scaled Armor,1,bango-file,message.dat,6179
itemname,3233,GM Scaled Armor Helmet,1,bango-file,message.dat,6180
itemname,3234,GM Scaled Armor Gloves,1,bango-file,message.dat,6181
itemname,3235,GM Scaled Armor Shoes,1,bango-file,message.dat,6182
itemname,3236,GM Scaled Armor Shorts,1,bango-file,message.dat,6183
itemname,3237,GM Scaled Armor Shorts,1,bango-file,message.dat,6184
itemname,3238,GM Scaled Armor Shorts,1,bango-file,message.dat,6185
itemname,3239,GM Armor,1,bango-file,message.dat,6186
itemname,3240,GM Armor,1,bango-file,message.dat,6187
itemname,3241,GM Armor,1,bango-file,message.dat,6188
itemname,3242,GM Armor Helmet,1,bango-file,message.dat,6189
itemname,3243,GM Armor Gloves,1,bango-file,message.dat,6190
itemname,3244,GM Armor Shoes,1,bango-file,message.dat,6191
itemname,3245,GM Armor Skirts,1,bango-file,message.dat,6192
itemname,3246,GM Armor Skirts,1,bango-file,message.dat,6193
itemname,3247,GM Armor Skirts,1,bango-file,message.dat,6194
itemname,3248,GM DaeChangEau,1,bango-file,message.dat,6195
itemname,3249,GM DaeChangEau,1,bango-file,message.dat,6196
itemname,3250,GM DaeChangEau,1,bango-file,message.dat,6197
itemname,3251,GM DaeChangEau Hair Decoration,1,bango-file,message.dat,6198
itemname,3252,GM DaeChangEau Gloves,1,bango-file,message.dat,6199
itemname,3253,GM DaeChangEau Shoes,1,bango-file,message.dat,6200
itemname,3254,GM DaeChangEau Shorts,1,bango-file,message.dat,6201
itemname,3255,GM DaeChangEau Shorts,1,bango-file,message.dat,6202
itemname,3256,GM DaeChangEau Shorts,1,bango-file,message.dat,6203
itemname,3257,GM Suit of thief,1,bango-file,message.dat,6204
itemname,3258,GM Suit of thief,1,bango-file,message.dat,6205
itemname,3259,GM Suit of thief,1,bango-file,message.dat,6206
itemname,3260,GM Hood of thief,1,bango-file,message.dat,6207
itemname,3261,GM Gloves of thief,1,bango-file,message.dat,6208
itemname,3262,GM Boots of thief,1,bango-file,message.dat,6209
itemname,3263,GM Suit Shorts of thief,1,bango-file,message.dat,6210
itemname,3264,GM Suit Shorts of thief,1,bango-file,message.dat,6211
itemname,3265,GM Suit Shorts of thief,1,bango-file,message.dat,6212
itemname,3266,GM Sword,1,bango-file,message.dat,6214
itemname,3267,GM Giant Sword,1,bango-file,message.dat,6215
itemname,3268,GM Bow,1,bango-file,message.dat,6216
itemname,3269,GM Stick,1,bango-file,message.dat,6217
itemname,3270,GM Stick of Ruin,1,bango-file,message.dat,6218
itemname,3271,GM Stick of Hell,1,bango-file,message.dat,6219
itemname,3272,GM Dagger,1,bango-file,message.dat,6220
itemname,3273,Imperial GM Sword,1,bango-file,message.dat,6222
itemname,3274,Imperial GM Giant Sword,1,bango-file,message.dat,6223
itemname,3275,Imperial GM Bow,1,bango-file,message.dat,6224
itemname,3276,Imperial GM Stick,1,bango-file,message.dat,6225
itemname,3277,Imperial GM Stick of Ruin,1,bango-file,message.dat,6226
itemname,3278,Imperial GM Stick of Hell,1,bango-file,message.dat,6227
itemname,3279,Imperial GM Dagger,1,bango-file,message.dat,6228
itemname,3080,GM shield,1,bango-file,message.dat,6230
itemname,3282,Magic Scroll to Town of Cheonji-Yun [For Party],1,bango-file,message.dat,6233
itemname,3283,Magic Scroll to Town of Cheonji-Yun [For individual],1,bango-file,message.dat,6234
itemname,3284,Magic Scroll to Hondel [For Party],1,bango-file,message.dat,6235
itemname,3285,Magic Scroll to Hondel [For individual],1,bango-file,message.dat,6236
itemname,3286,Baby Back Ribs,1,bango-file,message.dat,6239
itemname,3287,Mountain Spring Water,1,bango-file,message.dat,6240
itemname,3288,Tri-Colored Drink,1,bango-file,message.dat,6241
itemname,3289,Dried Fish,1,bango-file,message.dat,6242
itemname,3290,Chicken Skewer,1,bango-file,message.dat,6243
itemname,3291,Vegetable Skewer,1,bango-file,message.dat,6244
itemname,3292,Copper Marble,1,bango-file,message.dat,6245
itemname,3293,Silver Marble,1,bango-file,message.dat,6246
itemname,3294,Gold Marble,1,bango-file,message.dat,6247
itemname,3295,Black Market Sword(1Day),1,bango-file,message.dat,6249
itemname,3296,Black Market Giant Sword(1Day),1,bango-file,message.dat,6250
itemname,3297,Black Market Bow(1Day),1,bango-file,message.dat,6251
itemname,3298,Black Market Stick(1Day),1,bango-file,message.dat,6252
itemname,3299,Black Market Stick of Ruin(1Day),1,bango-file,message.dat,6253
itemname,3300,Black Market Stick of Hell(1Day),1,bango-file,message.dat,6254
itemname,3301,Black Market Dagger(1Day),1,bango-file,message.dat,6255
itemname,3302,Black Market Shield(1Day),1,bango-file,message.dat,6256
itemname,3303,Black Market Sword(7Day),1,bango-file,message.dat,6257
itemname,3304,Black Market Giant Sword(7Day),1,bango-file,message.dat,6258
itemname,3305,Black Market Bow(7Day),1,bango-file,message.dat,6259
itemname,3306,Black Market Stick(7Day),1,bango-file,message.dat,6260
itemname,3307,Black Market Stick of Ruin(7Day),1,bango-file,message.dat,6261
itemname,3308,Black Market Stick of Hell(7Day),1,bango-file,message.dat,6262
itemname,3309,Black Market Dagger(7Day),1,bango-file,message.dat,6263
itemname,3310,Black Market Shield(7Day),1,bango-file,message.dat,6264
itemname,3314,Corrupted ring of spirit,1,bango-file,message.dat,6267
itemname,3315,Corrupted necklace of spirit,1,bango-file,message.dat,6268
itemname,3316,Purified ring of spirit,1,bango-file,message.dat,6269
itemname,3317,Purified necklace of spirit,1,bango-file,message.dat,6270
itemname,3318,Corrupted trinket of spirit,1,bango-file,message.dat,6271
itemname,3319,Purified trinket of spirit,1,bango-file,message.dat,6272
itemname,3311,Blessings of Asadal(15days),1,bango-file,message.dat,6275
itemname,3312,Blessings of Asadal(30days),1,bango-file,message.dat,6276
itemname,3313,Call of Asadal,1,bango-file,message.dat,6277
itemname,3378,Sand smeared key,1,bango-file,message.dat,6280
itemname,3379,Bounded essence of sand,1,bango-file,message.dat,6281
itemname,3380,Swirling heart of sand,1,bango-file,message.dat,6282
itemname,3401,Flowing essence of sand,1,bango-file,message.dat,6283
itemname,3405,Magical black parchment,1,bango-file,message.dat,6284
itemname,3406,Magical Golden parchment,1,bango-file,message.dat,6285
itemname,3427,Chocolate Cake (Big),1,bango-file,message.dat,6288
itemname,3428,Sweet Pudding,1,bango-file,message.dat,6289
itemname,3429,Chocolate Cake (Medium),1,bango-file,message.dat,6290
itemname,3430,Chocolate Cake (Small),1,bango-file,message.dat,6291
itemname,3431,17 Years Old Wine,1,bango-file,message.dat,6292
itemname,3432,Turkey,1,bango-file,message.dat,6293
itemname,3454,New comer's Scroll of Rebirth,1,bango-file,message.dat,6295
itemname,3455,Lesser Stone of EXP,1,bango-file,message.dat,6296
itemname,3456,Extra mission letter,1,bango-file,message.dat,6298
itemname,2419,Olympic Ticket,1,bango-file,message.dat,6301
itemname,3457,5th Medal,1,bango-file,message.dat,6304
itemname,3458,4th Medal,1,bango-file,message.dat,6305
itemname,3459,Bronze Medal,1,bango-file,message.dat,6306
itemname,3460,Silver Medal,1,bango-file,message.dat,6307
itemname,3461,Gold Medal,1,bango-file,message.dat,6308
itemname,3433,Black Dragon,1,bango-file,message.dat,6312
itemname,3434,Tri-Colored Drink,1,bango-file,message.dat,6313
itemname,3435,Dried Fish,1,bango-file,message.dat,6314
itemname,3436,Chicken Skewer,1,bango-file,message.dat,6315
itemname,3437,honey rice cake,1,bango-file,message.dat,6316
itemname,3438,sesame rice cake,1,bango-file,message.dat,6317
itemname,3439,green pepper cake,1,bango-file,message.dat,6318
itemname,3440,leek cake,1,bango-file,message.dat,6319
itemname,3441,flowwer cake,1,bango-file,message.dat,6320
itemname,3442,large green bean cake,1,bango-file,message.dat,6321
itemname,3443,medium green bean cake,1,bango-file,message.dat,6322
itemname,3444,small green bean cake,1,bango-file,message.dat,6323
itemname,3462,Silver Coin,1,bango-file,message.dat,6327
itemname,3463,Gold Coin,1,bango-file,message.dat,6329
itemname,3464,Gold Ingot,1,bango-file,message.dat,6331
itemname,3465,Lucky Scroll of Power Improvement,1,bango-file,message.dat,6333
itemname,3466,Lucky Scroll of Damage Reduction,1,bango-file,message.dat,6335
itemname,3467,Lucky Scroll of Explosive blow Improvement,1,bango-file,message.dat,6337
itemname,3468,Lucky Scroll of Accuracy Improvement,1,bango-file,message.dat,6339
itemname,3469,Lucky Scroll of Evasion Improvement,1,bango-file,message.dat,6341
itemname,3470,Lucky Potion of Tiger Claws,1,bango-file,message.dat,6343
itemname,3471,Lucky Potion of Wisdom,1,bango-file,message.dat,6345
itemname,3472,Lucky Potion of Eagle wings,1,bango-file,message.dat,6347
itemname,3473,Lucky Potion of Bear Skin,1,bango-file,message.dat,6349
itemname,3474,Lucky Potion of Foresight,1,bango-file,message.dat,6351
itemname,3475,Golden Key,1,bango-file,message.dat,6354
itemname,3476,Small Doggebi Medicine,1,bango-file,message.dat,6357
itemname,3477,Medium Doggebi Medicine,1,bango-file,message.dat,6359
itemname,3478,Large Doggebi Medicine,1,bango-file,message.dat,6361
itemname,3479,Doggebi Censer(5day),1,bango-file,message.dat,6363
itemname,3480,Lemon Candy,1,bango-file,message.dat,6366
itemname,3481,Berry Candy,1,bango-file,message.dat,6368
itemname,3482,Apple Candy,1,bango-file,message.dat,6370
itemname,3483,Shield of Elite Skeleton,1,bango-file,message.dat,6373
itemname,3484,Jaw of Wild Boar,1,bango-file,message.dat,6374
itemname,3485,Blood of Wolf,1,bango-file,message.dat,6375
itemname,3486,Mission letter of Chunji-Yun,1,bango-file,message.dat,6377
itemname,3487,Ambitious Necklace,1,bango-file,message.dat,6380
itemname,3488,Intelligence Necklace,1,bango-file,message.dat,6382
itemname,3489,Harmonious Necklace,1,bango-file,message.dat,6384
itemname,3490,Cold Medicine,1,bango-file,message.dat,6388
itemname,3491,Address Book,1,bango-file,message.dat,6390
itemname,3492,Christmas Gift,1,bango-file,message.dat,6392
itemname,3493,Blessing of Christmas,1,bango-file,message.dat,6396
itemname,3494,Perfect Christmas Cake,1,bango-file,message.dat,6398
itemname,3495,Blessed Medicine,1,bango-file,message.dat,6400
itemname,3496,Mysterious Marble,1,bango-file,message.dat,6404
itemname,3497,Piece of Shining Gold,1,bango-file,message.dat,6406
itemname,3498,Health Necklace,1,bango-file,message.dat,6410
itemname,3499,Mana Necklace,1,bango-file,message.dat,6412
itemname,3500,Trinity Necklace,1,bango-file,message.dat,6414
itemname,3504,extra large Total Gift Set,1,bango-file,message.dat,6419
itemname,3505,big Total Gift Set,1,bango-file,message.dat,6420
itemname,3506,medium Total Gift Set,1,bango-file,message.dat,6421
itemname,3507,small Total Gift Set,1,bango-file,message.dat,6422
itemname,3503,Maggolli,1,bango-file,message.dat,6430
itemname,3508,Fish bait,1,bango-file,message.dat,6434
itemname,3509,Silvery Eel,1,bango-file,message.dat,6436
itemname,3510,Silvery Shad,1,bango-file,message.dat,6438
itemname,3511,Silvery Carp,1,bango-file,message.dat,6440
itemname,3512,Cooked Silvery Shad,1,bango-file,message.dat,6442
itemname,3513,Cooked Silvery Carp,1,bango-file,message.dat,6444
itemname,3514,Silvery Carp Spicy Soup,1,bango-file,message.dat,6446
itemname,3515,Cooked Silvery Eel,1,bango-file,message.dat,6448
itemname,3516,Silvery Eel Soup,1,bango-file,message.dat,6450
itemname,3517,Tasty Silvery Eel Skewer,1,bango-file,message.dat,6452
itemname,3518,Fantastic Silvery Eel Skewer,1,bango-file,message.dat,6454
itemname,3519,Scroll of Rebirth for Castle Siege,1,bango-file,message.dat,6457
itemname,3520,High-Grade Scroll of Rebirth for Castle Siege,1,bango-file,message.dat,6459
itemname,3521,Recall scroll for Castle Siege [For Individual],1,bango-file,message.dat,6461
itemname,3522,Recall scroll for Castle Siege [For Party],1,bango-file,message.dat,6463
itemname,3523,Doggebi Censer(2Day),1,bango-file,message.dat,6466
itemname,3524,Doggebi Censer(5Day),1,bango-file,message.dat,6468
itemname,3525,Certificate of D'evah,1,bango-file,message.dat,6471
itemname,3526,Certificate of D'evah [??],1,bango-file,message.dat,6472
itemname,3527,Necklace of Holy Hermit,1,bango-file,message.dat,6475
itemname,3528,Talisman of intensity,1,bango-file,message.dat,6476
itemname,3529,Talisman of sorcery,1,bango-file,message.dat,6477
itemname,3530,Talisman of target,1,bango-file,message.dat,6478
itemname,3531,The Gift from GM Giant Sword,1,bango-file,message.dat,6481
itemname,3532,The Gift from GM Bow,1,bango-file,message.dat,6482
itemname,3533,The Gift from GM Stick,1,bango-file,message.dat,6483
itemname,3534,The Gift from GM Dagger,1,bango-file,message.dat,6484
itemname,3535,Pickax,1,bango-file,message.dat,6487
itemname,3536,Blue dragon pickax,1,bango-file,message.dat,6488
itemname,3537,White tiger pickax,1,bango-file,message.dat,6489
itemname,3538,Red bird pickax,1,bango-file,message.dat,6490
itemname,3539,Black Tortoise pickax,1,bango-file,message.dat,6491
itemname,3540,Mysterious Pickax,1,bango-file,message.dat,6492
itemname,3541,Copper ore,1,bango-file,message.dat,6494
itemname,3542,Quartz ore,1,bango-file,message.dat,6495
itemname,3543,Iron ore,1,bango-file,message.dat,6496
itemname,3544,Corundum ore,1,bango-file,message.dat,6497
itemname,3545,Gold and silver ore,1,bango-file,message.dat,6498
itemname,3546,Blood ore,1,bango-file,message.dat,6499
itemname,3547,Diamond ore,1,bango-file,message.dat,6500
itemname,3548,Gravel,1,bango-file,message.dat,6501
itemname,3549,Geum-Oh stone,1,bango-file,message.dat,6502
itemname,3550,Geum-Oh ore,1,bango-file,message.dat,6503
itemname,3552,POW UP(ATK),1,bango-file,message.dat,6506
itemname,3553,POW UP(STR),1,bango-file,message.dat,6507
itemname,3554,POW UP(AGI),1,bango-file,message.dat,6508
itemname,3555,POW UP(INT),1,bango-file,message.dat,6509
itemname,3556,Legendary Rare Pet Box,1,bango-file,message.dat,6512
itemname,3561,[Hybrid] White Dragon,1,bango-file,message.dat,6514
itemname,3562,[Hybrid] Black Dragon,1,bango-file,message.dat,6515
itemname,3563,[Hybrid] Red Dragon,1,bango-file,message.dat,6516
itemname,3564,[Hybrid] Blue Tiger,1,bango-file,message.dat,6518
itemname,3565,[Hybrid] Black Tiger,1,bango-file,message.dat,6519
itemname,3566,[Hybrid] Red Tiger,1,bango-file,message.dat,6520
itemname,3567,[Hybrid] Blue Tortoise,1,bango-file,message.dat,6522
itemname,3568,[Hybrid] White Tortoise,1,bango-file,message.dat,6523
itemname,3569,[Hybrid] Red Tortoise,1,bango-file,message.dat,6524
itemname,3570,[Hybrid] Blue Bird,1,bango-file,message.dat,6526
itemname,3571,[Hybrid] White Bird,1,bango-file,message.dat,6527
itemname,3572,[Hybrid] Black Bird,1,bango-file,message.dat,6528
itemname,3573,[Rare] Blue Dragon,1,bango-file,message.dat,6530
itemname,3574,[Rare] White Tiger,1,bango-file,message.dat,6531
itemname,3575,[Rare] Black Tortoise,1,bango-file,message.dat,6532
itemname,3576,[Rare] Red Bird,1,bango-file,message.dat,6533
itemname,3577,Doggebi Solubilizer,1,bango-file,message.dat,6536
itemname,3578,Bronze,1,bango-file,message.dat,6538
itemname,3579,Yellow brass,1,bango-file,message.dat,6539
itemname,3580,Red copper,1,bango-file,message.dat,6540
itemname,3581,Nickel,1,bango-file,message.dat,6541
itemname,3582,Silica stone,1,bango-file,message.dat,6542
itemname,3583,Jasper,1,bango-file,message.dat,6543
itemname,3584,Chalcedony,1,bango-file,message.dat,6544
itemname,3585,Crystal,1,bango-file,message.dat,6545
itemname,3586,Wrought iron,1,bango-file,message.dat,6546
itemname,3587,Cast iron,1,bango-file,message.dat,6547
itemname,3588,Black iron,1,bango-file,message.dat,6548
itemname,3589,Steel,1,bango-file,message.dat,6549
itemname,3590,Topaz,1,bango-file,message.dat,6550
itemname,3591,Beryl,1,bango-file,message.dat,6551
itemname,3592,Sapphire,1,bango-file,message.dat,6552
itemname,3593,Ruby,1,bango-file,message.dat,6553
itemname,3594,Silver,1,bango-file,message.dat,6554
itemname,3595,Platinum,1,bango-file,message.dat,6555
itemname,3596,Gold,1,bango-file,message.dat,6556
itemname,3597,Blood stone,1,bango-file,message.dat,6557
itemname,3598,Diamond stone,1,bango-file,message.dat,6558
itemname,3599,Artificial Golden Sword,1,bango-file,message.dat,6560
itemname,3600,Artificial Golden Giant Sword,1,bango-file,message.dat,6561
itemname,3601,Artificial Golden Bow,1,bango-file,message.dat,6562
itemname,3602,Artificial Golden Stick of Distress,1,bango-file,message.dat,6563
itemname,3603,Artificial Golden Stick of Sabbath,1,bango-file,message.dat,6564
itemname,3604,Artificial Golden dagger,1,bango-file,message.dat,6565
itemname,3605,Artificial Golden Stick,1,bango-file,message.dat,6566
itemname,3606,Artificial Imperial Golden Sword,1,bango-file,message.dat,6567
itemname,3607,Artificial Imperial Golden Giant Sword,1,bango-file,message.dat,6568
itemname,3608,Artificial Imperial Golden Bow,1,bango-file,message.dat,6569
itemname,3609,Artificial Imperial Golden Stick,1,bango-file,message.dat,6570
itemname,3610,Artificial Imperial Golden dagger,1,bango-file,message.dat,6571
itemname,3611,Artificial Blood Dragon's Sword,1,bango-file,message.dat,6572
itemname,3612,Artificial Blood Dragon's Giant sword,1,bango-file,message.dat,6573
itemname,3613,Artificial Blood Dragon's Bow,1,bango-file,message.dat,6574
itemname,3614,Artificial Blood Dragon's Stick of Ruin,1,bango-file,message.dat,6575
itemname,3615,Artificial Blood Dragon's Stick of Hell,1,bango-file,message.dat,6576
itemname,3616,Artificial Blood Dragon's Dagger,1,bango-file,message.dat,6577
itemname,3617,Artificial Imperial Blood Dragon's Sword,1,bango-file,message.dat,6578
itemname,3618,Artificial Imperial Blood Dragon's Giant Sword,1,bango-file,message.dat,6579
itemname,3619,Artificial Imperial Blood Dragon's Bow,1,bango-file,message.dat,6580
itemname,3620,Artificial Blood Dragon Imperial Stick of Ruin,1,bango-file,message.dat,6581
itemname,3621,Artificial Blood Dragon Imperial Stick of Hell,1,bango-file,message.dat,6582
itemname,3622,Artificial Imperial Blood Dragon's Dagger,1,bango-file,message.dat,6583
itemname,3623,Artificial Heavenly Executioner Sword,1,bango-file,message.dat,6584
itemname,3624,Artificial Heavenly Executioner Giant Sword,1,bango-file,message.dat,6585
itemname,3625,Artificial Heavenly Executioner Bow,1,bango-file,message.dat,6586
itemname,3626,Artificial Heavenly Executioner Stick of Ruin,1,bango-file,message.dat,6587
itemname,3627,Artificial Heavenly Executioner Stick of Hell,1,bango-file,message.dat,6588
itemname,3628,Artificial Heavenly Executioner Dagger,1,bango-file,message.dat,6589
itemname,3629,Artificial Imperial Heavenly Executioner Sword,1,bango-file,message.dat,6590
itemname,3630,Artificial Imperial Heavenly Executioner Giant Sword,1,bango-file,message.dat,6591
itemname,3631,Artificial Imperial Heavenly Executioner Bow,1,bango-file,message.dat,6592
itemname,3632,Artificial Imperial Heavenly Executioner Stick of Ruin,1,bango-file,message.dat,6593
itemname,3633,Artificial Imperial Heavenly Executioner Stick of Hell,1,bango-file,message.dat,6594
itemname,3634,Artificial Imperial Heavenly Executioner Dagger,1,bango-file,message.dat,6595
itemname,3635,Artificial Golden Scaled Armor,1,bango-file,message.dat,6596
itemname,3636,Artificial Golden Scaled Armor Helmet,1,bango-file,message.dat,6597
itemname,3637,Artificial Golden Scaled Armor Gloves,1,bango-file,message.dat,6598
itemname,3638,Artificial Golden Scaled Armor Shoes,1,bango-file,message.dat,6599
itemname,3639,Artificial Golden Scaled Armor Shorts,1,bango-file,message.dat,6600
itemname,3640,Artificial Golden Armor,1,bango-file,message.dat,6601
itemname,3641,Artificial Golden Armor Helmet,1,bango-file,message.dat,6602
itemname,3642,Artificial Golden Armor Gloves,1,bango-file,message.dat,6603
itemname,3643,Artificial Golden Armor Shoes,1,bango-file,message.dat,6604
itemname,3644,Artificial Golden Armor Skirts,1,bango-file,message.dat,6605
itemname,3645,Artificial Golden DaeChangEau,1,bango-file,message.dat,6606
itemname,3646,Artificial Golden DaeChangEau Hair Decoration,1,bango-file,message.dat,6607
itemname,3647,Artificial Golden DaeChangEau Gloves,1,bango-file,message.dat,6608
itemname,3648,Artificial Golden DaeChangEau Shoes,1,bango-file,message.dat,6609
itemname,3649,Artificial Golden DaeChangEau Shorts,1,bango-file,message.dat,6610
itemname,3650,Artificial Golden suit of thief,1,bango-file,message.dat,6611
itemname,3651,Artificial Golden Hood of thief,1,bango-file,message.dat,6612
itemname,3652,Artificial Golden Gloves of thief,1,bango-file,message.dat,6613
itemname,3653,Artificial Golden Boots of thief,1,bango-file,message.dat,6614
itemname,3654,Artificial Golden suit Shorts of thief,1,bango-file,message.dat,6615
itemname,3655,Artificial Blood Dragon's Scaled Armor,1,bango-file,message.dat,6616
itemname,3656,Artificial Blood Dragon's Scaled Armor,1,bango-file,message.dat,6617
itemname,3657,Artificial Blood Dragon's Scaled Armor Helmet,1,bango-file,message.dat,6618
itemname,3658,Artificial Blood Dragon's Scaled Armor Gloves,1,bango-file,message.dat,6619
itemname,3659,Artificial Blood Dragon's Scaled Armor Shoes,1,bango-file,message.dat,6620
itemname,3660,Artificial Blood Dragon's Scaled Armor Shorts,1,bango-file,message.dat,6621
itemname,3661,Artificial Blood Dragon's Scaled Armor Shorts,1,bango-file,message.dat,6622
itemname,3662,Artificial Blood Dragon's Armor,1,bango-file,message.dat,6623
itemname,3663,Artificial Blood Dragon's Armor,1,bango-file,message.dat,6624
itemname,3664,Artificial Blood Dragon's Armor Helmet,1,bango-file,message.dat,6625
itemname,3665,Artificial Blood Dragon's Armor Gloves,1,bango-file,message.dat,6626
itemname,3666,Artificial Blood Dragon's Armor Shoes,1,bango-file,message.dat,6627
itemname,3667,Artificial Blood Dragon's Armor Skirts,1,bango-file,message.dat,6628
itemname,3668,Artificial Blood Dragon's Armor Skirts,1,bango-file,message.dat,6629
itemname,3669,Artificial Blood Dragon's DaeChangEau,1,bango-file,message.dat,6630
itemname,3670,Artificial Blood Dragon's DaeChangEau,1,bango-file,message.dat,6631
itemname,3671,Artificial Blood Dragon's DaeChangEau Hair Decoration,1,bango-file,message.dat,6632
itemname,3672,Artificial Blood Dragon's DaeChangEau Gloves,1,bango-file,message.dat,6633
itemname,3673,Artificial Blood Dragon's DaeChangEau Shoes,1,bango-file,message.dat,6634
itemname,3674,Artificial Blood Dragon's DaeChangEau Shorts,1,bango-file,message.dat,6635
itemname,3675,Artificial Blood Dragon's DaeChangEau Shorts,1,bango-file,message.dat,6636
itemname,3676,Artificial Blood Dragon's suit of thief,1,bango-file,message.dat,6637
itemname,3677,Artificial Blood Dragon's suit of thief,1,bango-file,message.dat,6638
itemname,3678,Artificial Blood Dragon's Hood of thief,1,bango-file,message.dat,6639
itemname,3679,Artificial Blood Dragon's Gloves of thief,1,bango-file,message.dat,6640
itemname,3680,Artificial Blood Dragon's Boots of thief,1,bango-file,message.dat,6641
itemname,3681,Artificial Blood Dragon's suit Shorts of thief,1,bango-file,message.dat,6642
itemname,3682,Artificial Blood Dragon's suit Shorts of thief,1,bango-file,message.dat,6643
itemname,3683,Artificial Heavenly Executioner Scaled Armor,1,bango-file,message.dat,6644
itemname,3684,Artificial Heavenly Executioner Scaled Armor,1,bango-file,message.dat,6645
itemname,3685,Artificial Heavenly Executioner Scaled Armor Helmet,1,bango-file,message.dat,6646
itemname,3686,Artificial Heavenly Executioner Scaled Armor Gloves,1,bango-file,message.dat,6647
itemname,3687,Artificial Heavenly Executioner Scaled Armor Shoes,1,bango-file,message.dat,6648
itemname,3688,Artificial Heavenly Executioner Scaled Armor Shorts,1,bango-file,message.dat,6649
itemname,3689,Artificial Heavenly Executioner Scaled Armor Shorts,1,bango-file,message.dat,6650
itemname,3690,Artificial Heavenly Executioner Armor,1,bango-file,message.dat,6651
itemname,3691,Artificial Heavenly Executioner Armor,1,bango-file,message.dat,6652
itemname,3692,Artificial Heavenly Executioner Armor Helmet,1,bango-file,message.dat,6653
itemname,3693,Artificial Heavenly Executioner Armor Gloves,1,bango-file,message.dat,6654
itemname,3694,Artificial Heavenly Executioner Armor Shoes,1,bango-file,message.dat,6655
itemname,3695,Artificial Heavenly Executioner Armor Skirts,1,bango-file,message.dat,6656
itemname,3696,Artificial Heavenly Executioner Armor Skirts,1,bango-file,message.dat,6657
itemname,3697,Artificial Heavenly Executioner DaeChangEau,1,bango-file,message.dat,6658
itemname,3698,Artificial Heavenly Executioner DaeChangEau,1,bango-file,message.dat,6659
itemname,3699,Artificial Heavenly Executioner DaeChangEau Hair Decoration,1,bango-file,message.dat,6660
itemname,3700,Artificial Heavenly Executioner DaeChangEau Gloves,1,bango-file,message.dat,6661
itemname,3701,Artificial Heavenly Executioner DaeChangEau Shoes,1,bango-file,message.dat,6662
itemname,3702,Artificial Heavenly Executioner DaeChangEau Shorts,1,bango-file,message.dat,6663
itemname,3703,Artificial Heavenly Executioner DaeChangEau Shorts,1,bango-file,message.dat,6664
itemname,3704,Artificial Heavenly Executioner Suit of thief,1,bango-file,message.dat,6665
itemname,3705,Artificial Heavenly Executioner Suit of thief,1,bango-file,message.dat,6666
itemname,3706,Artificial Heavenly Executioner Hood of thief,1,bango-file,message.dat,6667
itemname,3707,Artificial Heavenly Executioner Gloves of thief,1,bango-file,message.dat,6668
itemname,3708,Artificial Heavenly Executioner Boots of thief,1,bango-file,message.dat,6669
itemname,3709,Artificial Heavenly Executioner suit Shorts of thief,1,bango-file,message.dat,6670
itemname,3710,Artificial Heavenly Executioner suit Shorts of thief,1,bango-file,message.dat,6671
itemname,3711,Returned Apprentice Steel Armor ,1,bango-file,message.dat,6674
itemname,3712,Returned Apprentice Steel Armor Helmet ,1,bango-file,message.dat,6675
itemname,3713,Returned Apprentice Steel Armor Gloves ,1,bango-file,message.dat,6676
itemname,3714,Returned Apprentice Steel Armor Boots ,1,bango-file,message.dat,6677
itemname,3715,Returned Apprentice Steel Armor Shorts ,1,bango-file,message.dat,6678
itemname,3716,Returned Apprentice Armor ,1,bango-file,message.dat,6679
itemname,3717,Returned Apprentice Helmet ,1,bango-file,message.dat,6680
itemname,3718,Returned Apprentice Gloves ,1,bango-file,message.dat,6681
itemname,3719,Returned Apprentice Boots ,1,bango-file,message.dat,6682
itemname,3720,Returned Apprentice Shorts ,1,bango-file,message.dat,6683
itemname,3721,Returned Apprentice DaeChangEau ,1,bango-file,message.dat,6684
itemname,3722,Returned Apprentice DaeChangEau Hair Decoration ,1,bango-file,message.dat,6685
itemname,3723,Returned Apprentice DaeChangEau Gloves ,1,bango-file,message.dat,6686
itemname,3724,Returned Apprentice DaeChangEau Shoes ,1,bango-file,message.dat,6687
itemname,3725,Returned Apprentice DaeChangEau Shorts ,1,bango-file,message.dat,6688
itemname,3726,Returned Apprentice suit of thief ,1,bango-file,message.dat,6689
itemname,3727,Returned Apprentice Hood of thief ,1,bango-file,message.dat,6690
itemname,3728,Returned Apprentice Gloves of thief ,1,bango-file,message.dat,6691
itemname,3729,Returned Apprentice Boots of thief ,1,bango-file,message.dat,6692
itemname,3730,Returned Apprentice suit Shorts of thief ,1,bango-file,message.dat,6693
itemname,3731,Returned Novice Steel Armor ,1,bango-file,message.dat,6694
itemname,3732,Returned Novice Steel Armor Helmet ,1,bango-file,message.dat,6695
itemname,3733,Returned Novice Steel Armor Gloves ,1,bango-file,message.dat,6696
itemname,3734,Returned Novice Steel Armor Boots ,1,bango-file,message.dat,6697
itemname,3735,Returned Novice Steel Armor Shorts ,1,bango-file,message.dat,6698
itemname,3736,Returned Novice Armor ,1,bango-file,message.dat,6699
itemname,3737,Returned Novice Helmet ,1,bango-file,message.dat,6700
itemname,3738,Returned Novice Gloves ,1,bango-file,message.dat,6701
itemname,3739,Returned Novice Boots ,1,bango-file,message.dat,6702
itemname,3740,Returned Novice Shorts ,1,bango-file,message.dat,6703
itemname,3741,Returned Novice DaeChangEau ,1,bango-file,message.dat,6704
itemname,3742,Returned Novice DaeChangEau Hair Decoration ,1,bango-file,message.dat,6705
itemname,3743,Returned Novice DaeChangEau Gloves ,1,bango-file,message.dat,6706
itemname,3744,Returned Novice DaeChangEau Shoes ,1,bango-file,message.dat,6707
itemname,3745,Returned Novice DaeChangEau Shorts ,1,bango-file,message.dat,6708
itemname,3746,Returned Novice suit of thief ,1,bango-file,message.dat,6709
itemname,3747,Returned Novice Hood of thief ,1,bango-file,message.dat,6710
itemname,3748,Returned Novice Gloves of thief ,1,bango-file,message.dat,6711
itemname,3749,Returned Novice Boots of thief ,1,bango-file,message.dat,6712
itemname,3750,Returned Novice suit Shorts of thief ,1,bango-file,message.dat,6713
itemname,3751,Returned Junior Steel Armor ,1,bango-file,message.dat,6714
itemname,3752,Returned Junior Steel Armor Helmet ,1,bango-file,message.dat,6715
itemname,3753,Returned Junior Steel Armor Gloves ,1,bango-file,message.dat,6716
itemname,3754,Returned Junior Steel Armor Boots ,1,bango-file,message.dat,6717
itemname,3755,Returned Junior Steel Armor Shorts ,1,bango-file,message.dat,6718
itemname,3756,Returned Junior Armor ,1,bango-file,message.dat,6719
itemname,3757,Returned Junior Helmet ,1,bango-file,message.dat,6720
itemname,3758,Returned Junior Gloves ,1,bango-file,message.dat,6721
itemname,3759,Returned Junior Boots ,1,bango-file,message.dat,6722
itemname,3760,Returned Junior Shorts ,1,bango-file,message.dat,6723
itemname,3761,Returned Junior DaeChangEau ,1,bango-file,message.dat,6724
itemname,3762,Returned Junior DaeChangEau Hair Decoration ,1,bango-file,message.dat,6725
itemname,3763,Returned Junior DaeChangEau Gloves ,1,bango-file,message.dat,6726
itemname,3764,Returned Junior DaeChangEau Shoes ,1,bango-file,message.dat,6727
itemname,3765,Returned Junior DaeChangEau Shorts ,1,bango-file,message.dat,6728
itemname,3766,Returned Junior suit of thief ,1,bango-file,message.dat,6729
itemname,3767,Returned Junior Hood of thief ,1,bango-file,message.dat,6730
itemname,3768,Returned Junior Gloves of thief ,1,bango-file,message.dat,6731
itemname,3769,Returned Junior Boots of thief ,1,bango-file,message.dat,6732
itemname,3770,Returned Junior suit Shorts of thief ,1,bango-file,message.dat,6733
itemname,3771,Returned Senior Steel Armor ,1,bango-file,message.dat,6734
itemname,3772,Returned Senior Steel Armor Helmet ,1,bango-file,message.dat,6735
itemname,3773,Returned Senior Steel Armor Gloves ,1,bango-file,message.dat,6736
itemname,3774,Returned Senior Steel Armor Boots ,1,bango-file,message.dat,6737
itemname,3775,Returned Senior Steel Armor Shorts ,1,bango-file,message.dat,6738
itemname,3776,Returned Senior Armor ,1,bango-file,message.dat,6739
itemname,3777,Returned Senior Helmet ,1,bango-file,message.dat,6740
itemname,3778,Returned Senior Gloves ,1,bango-file,message.dat,6741
itemname,3779,Returned Senior Boots ,1,bango-file,message.dat,6742
itemname,3780,Returned Senior Shorts ,1,bango-file,message.dat,6743
itemname,3781,Returned Senior DaeChangEau ,1,bango-file,message.dat,6744
itemname,3782,Returned Senior DaeChangEau Hair Decoration ,1,bango-file,message.dat,6745
itemname,3783,Returned Senior DaeChangEau Gloves ,1,bango-file,message.dat,6746
itemname,3784,Returned Senior DaeChangEau Shoes ,1,bango-file,message.dat,6747
itemname,3785,Returned Senior DaeChangEau Shorts ,1,bango-file,message.dat,6748
itemname,3786,Returned Senior suit of thief ,1,bango-file,message.dat,6749
itemname,3787,Returned Senior Hood of thief ,1,bango-file,message.dat,6750
itemname,3788,Returned Senior Gloves of thief ,1,bango-file,message.dat,6751
itemname,3789,Returned Senior Boots of thief ,1,bango-file,message.dat,6752
itemname,3790,Returned Senior suit Shorts of thief ,1,bango-file,message.dat,6753
itemname,3791,Returned Apprentice Big Sword ,1,bango-file,message.dat,6754
itemname,3792,Returned Apprentice Bow ,1,bango-file,message.dat,6755
itemname,3793,Returned Apprentice Stick ,1,bango-file,message.dat,6756
itemname,3794,Returned Apprentice Dagger ,1,bango-file,message.dat,6757
itemname,3795,Returned Novice Sword ,1,bango-file,message.dat,6758
itemname,3796,Returned Novice Giant Sword ,1,bango-file,message.dat,6759
itemname,3797,Returned Novice Bow ,1,bango-file,message.dat,6760
itemname,3798,Returned Novice Stick ,1,bango-file,message.dat,6761
itemname,3799,Returned Novice Dagger ,1,bango-file,message.dat,6762
itemname,3800,Returned Junior Sword ,1,bango-file,message.dat,6763
itemname,3801,Returned Junior Giant Sword ,1,bango-file,message.dat,6764
itemname,3802,Returned Junior Bow ,1,bango-file,message.dat,6765
itemname,3803,Returned Junior Stick ,1,bango-file,message.dat,6766
itemname,3804,Returned Junior Dagger ,1,bango-file,message.dat,6767
itemname,3805,Returned Senior Sword ,1,bango-file,message.dat,6768
itemname,3806,Returned Senior Giant Sword ,1,bango-file,message.dat,6769
itemname,3807,Returned Senior Bow ,1,bango-file,message.dat,6770
itemname,3808,Returned Senior Stick ,1,bango-file,message.dat,6771
itemname,3809,Returned Senior Dagger ,1,bango-file,message.dat,6772
itemname,3810,Returned Hero Sword ,1,bango-file,message.dat,6773
itemname,3811,Returned Hero Giant Sword ,1,bango-file,message.dat,6774
itemname,3812,Returned Hero Bow ,1,bango-file,message.dat,6775
itemname,3813,Returned Hero Stick ,1,bango-file,message.dat,6776
itemname,3814,Returned Hero Dagger ,1,bango-file,message.dat,6777
itemname,3815,Returned Apprentice Shield ,1,bango-file,message.dat,6778
itemname,3816,Returned Novice Shield ,1,bango-file,message.dat,6779
itemname,3817,Returned Junior Shield ,1,bango-file,message.dat,6780
itemname,3818,Returned Senior Shield ,1,bango-file,message.dat,6781
itemname,3819,Returned Hero Shield ,1,bango-file,message.dat,6782
itemname,3820,Returned Apprentice Knight's Box ,1,bango-file,message.dat,6783
itemname,3821,Returned Novice Knight's Box ,1,bango-file,message.dat,6784
itemname,3822,Returned Junior Knight's Box  ,1,bango-file,message.dat,6785
itemname,3823,Returned Senior Knight's Box  ,1,bango-file,message.dat,6786
itemname,3824,Returned Hero Knight's Box  ,1,bango-file,message.dat,6787
itemname,3825,Returned Apprentice Archer's Box ,1,bango-file,message.dat,6788
itemname,3826,Returned Novice Archer's Box ,1,bango-file,message.dat,6789
itemname,3827,Returned Junior Archer's Box  ,1,bango-file,message.dat,6790
itemname,3828,Returned Senior Archer's Box  ,1,bango-file,message.dat,6791
itemname,3829,Returned Hero Archer's Box  ,1,bango-file,message.dat,6792
itemname,3830,Returned Apprentice Magician's box ,1,bango-file,message.dat,6793
itemname,3831,Returned Novice Magician's Box ,1,bango-file,message.dat,6794
itemname,3832,Returned Junior Magician's Box  ,1,bango-file,message.dat,6795
itemname,3833,Returned Senior Magician's Box  ,1,bango-file,message.dat,6796
itemname,3834,Returned Hero Magician's Box  ,1,bango-file,message.dat,6797
itemname,3835,Returned Apprentice Thief's Box ,1,bango-file,message.dat,6798
itemname,3836,Returned Novice Thief's Box ,1,bango-file,message.dat,6799
itemname,3837,Returned Junior Thief's Box  ,1,bango-file,message.dat,6800
itemname,3838,Returned Senior Thief's Box  ,1,bango-file,message.dat,6801
itemname,3839,Returned Hero Thief's Box  ,1,bango-file,message.dat,6802
itemname,3840,Returned Apprentice Item Box ,1,bango-file,message.dat,6803
itemname,3841,Returned Novice Item Box ,1,bango-file,message.dat,6804
itemname,3842,Returned Junior Item Box  ,1,bango-file,message.dat,6805
itemname,3843,Returned Senior Item Box  ,1,bango-file,message.dat,6806
itemname,3844,Returned Hero Item Box  ,1,bango-file,message.dat,6807
itemname,3845,Field Pet Box ,1,bango-file,message.dat,6808
itemname,3846,Hybrid Field Pet Box ,1,bango-file,message.dat,6809
itemname,3847,1st grade Gift Box ,1,bango-file,message.dat,6810
itemname,3848,2nd grade Gift Box ,1,bango-file,message.dat,6811
itemname,3849,3rd grade Gift Box ,1,bango-file,message.dat,6812
itemname,3850,4th grade Gift Box ,1,bango-file,message.dat,6813
itemname,3851,Diamond Armor Box,1,bango-file,message.dat,6816
itemname,3852,Diamond Helmet Box,1,bango-file,message.dat,6817
itemname,3853,Diamond Gloves Box,1,bango-file,message.dat,6818
itemname,3854,Diamond Shoes Box,1,bango-file,message.dat,6819
itemname,3855,Diamond Shorts Box,1,bango-file,message.dat,6820
itemname,3856,Doggebi Armor Box,1,bango-file,message.dat,6822
itemname,3857,Doggebi Helmet Box,1,bango-file,message.dat,6823
itemname,3858,Doggebi Gloves Box,1,bango-file,message.dat,6824
itemname,3859,Doggebi Shoes Box,1,bango-file,message.dat,6825
itemname,3860,Doggebi Shorts Box,1,bango-file,message.dat,6826
itemname,3861,Diamond Weapon Box,1,bango-file,message.dat,6828
itemname,3862,Doggebi Weapon Box,1,bango-file,message.dat,6829
itemname,3863,Apprentice Yin-Yang Mirror,1,bango-file,message.dat,6856
itemname,3864,Novice Yin-Yang Mirror,1,bango-file,message.dat,6857
itemname,3865,Senior Yin-Yang Mirror - 7days,1,bango-file,message.dat,6858
itemname,3866,Senior Yin-Yang Mirror - 15days,1,bango-file,message.dat,6859
itemname,3867,Senior Yin-Yang Mirror - 30days,1,bango-file,message.dat,6860
itemname,3868,Master Yin-Yang Mirror - 7days,1,bango-file,message.dat,6861
itemname,3869,Master Yin-Yang Mirror - 15days,1,bango-file,message.dat,6862
itemname,3870,Master Yin-Yang Mirror - 30days,1,bango-file,message.dat,6863
itemname,3871,Apprentice Geon Trigram,1,bango-file,message.dat,6865
itemname,3872,Apprentice Tae Trigram,1,bango-file,message.dat,6866
itemname,3873,Apprentice I Trigram,1,bango-file,message.dat,6867
itemname,3874,Apprentice Jin Trigram,1,bango-file,message.dat,6868
itemname,3875,Apprentice Son Trigram,1,bango-file,message.dat,6869
itemname,3876,Apprentice Gam Trigram,1,bango-file,message.dat,6870
itemname,3877,Apprentice Gan Trigram,1,bango-file,message.dat,6871
itemname,3878,Apprentice Gon Trigram,1,bango-file,message.dat,6872
itemname,3879,Novice Geon Trigram,1,bango-file,message.dat,6874
itemname,3880,Novice Tae Trigram,1,bango-file,message.dat,6875
itemname,3881,Novice I Trigram,1,bango-file,message.dat,6876
itemname,3882,Novice Jin Trigram,1,bango-file,message.dat,6877
itemname,3883,Novice Son Trigram,1,bango-file,message.dat,6878
itemname,3884,Novice Gam Trigram,1,bango-file,message.dat,6879
itemname,3885,Novice Gan Trigram,1,bango-file,message.dat,6880
itemname,3886,Novice Gon Trigram,1,bango-file,message.dat,6881
itemname,3887,Senior Geon Trigram,1,bango-file,message.dat,6883
itemname,3888,Senior Tae Trigram,1,bango-file,message.dat,6884
itemname,3889,Senior I Trigram,1,bango-file,message.dat,6885
itemname,3890,Senior Jin Trigram,1,bango-file,message.dat,6886
itemname,3891,Senior Son Trigram,1,bango-file,message.dat,6887
itemname,3892,Senior Gam Trigram,1,bango-file,message.dat,6888
itemname,3893,Senior Gan Trigram,1,bango-file,message.dat,6889
itemname,3894,Senior Gon Trigram,1,bango-file,message.dat,6890
itemname,3895,Master Geon Trigram,1,bango-file,message.dat,6892
itemname,3896,Master Tae Trigram,1,bango-file,message.dat,6893
itemname,3897,Master I Trigram,1,bango-file,message.dat,6894
itemname,3898,Master Jin Trigram,1,bango-file,message.dat,6895
itemname,3899,Master Son Trigram,1,bango-file,message.dat,6896
itemname,3900,Master Gam Trigram,1,bango-file,message.dat,6897
itemname,3901,Master Gan Trigram,1,bango-file,message.dat,6898
itemname,3902,Master Gon Trigram,1,bango-file,message.dat,6899
itemname,3935,Apprentice Taegeuk,1,bango-file,message.dat,6901
itemname,3936,Novice  Taegeuk,1,bango-file,message.dat,6902
itemname,3937,Senior  Taegeuk,1,bango-file,message.dat,6903
itemname,3938,Master  Taegeuk,1,bango-file,message.dat,6904
itemname,3939,Guem-Oh Taegeuk,1,bango-file,message.dat,6906
itemname,3940,Absorption Medicine,1,bango-file,message.dat,6907
itemname,3941,Water of Eight Trigrams,1,bango-file,message.dat,6908
itemname,3942,Broken Guem-oh Taegeuk,1,bango-file,message.dat,6909
itemname,3943,Infernal Destroyer Sword,1,bango-file,message.dat,6913
itemname,3944,Infernal Destroyer Giant Sword,1,bango-file,message.dat,6914
itemname,3945,Infernal Destroyer Bow,1,bango-file,message.dat,6915
itemname,3946,Infernal Destroyer Stick,1,bango-file,message.dat,6916
itemname,3947,Infernal Destroyer Stick of Ruin,1,bango-file,message.dat,6917
itemname,3948,Infernal Destroyer Stick of Hell,1,bango-file,message.dat,6918
itemname,3949,Infernal Destroyer Dagger,1,bango-file,message.dat,6919
itemname,3950,Imperial Infernal Destroyer Sword,1,bango-file,message.dat,6921
itemname,3951,Imperial Infernal Destroyer Giant Sword,1,bango-file,message.dat,6922
itemname,3952,Imperial Infernal Destroyer Bow,1,bango-file,message.dat,6923
itemname,3953,Imperial Infernal Destroyer Stick,1,bango-file,message.dat,6924
itemname,3954,Imperial Infernal Destroyer Stick of Ruin,1,bango-file,message.dat,6925
itemname,3955,Imperial Infernal Destroyer Stick of Hell,1,bango-file,message.dat,6926
itemname,3956,Imperial Infernal Destroyer Dagger,1,bango-file,message.dat,6927
itemname,3957,Gold medal,1,bango-file,message.dat,6931
itemname,3958,Skill Book [Devine Suction],1,bango-file,message.dat,6934
itemname,3960,Tresure box,1,bango-file,message.dat,6947
itemname,3961,Qigong Talisman,1,bango-file,message.dat,6952
itemname,3962,Perforation Shot,1,bango-file,message.dat,6954
itemname,3963,Horn of Gigantic Species Master,1,bango-file,message.dat,6958
itemname,3964,Tail of Gigantic Species Master,1,bango-file,message.dat,6959
itemname,3965,Blood of Giant,1,bango-file,message.dat,6960
itemname,3966,Tooth of Ifrit,1,bango-file,message.dat,6961
itemname,3967,Right Hand of Dungeon Warrior,1,bango-file,message.dat,6962
itemname,3968,Armor of Dungeon Warrior,1,bango-file,message.dat,6963
itemname,3969,Sword of Dungeon Scout Soldier,1,bango-file,message.dat,6964
itemname,3970,Patrol card of Dungeon Scout Soldier,1,bango-file,message.dat,6965
itemname,3971,Sword of Dungeon Shield Soldier,1,bango-file,message.dat,6966
itemname,3972,Shield of Dungeon Shield Soldier ,1,bango-file,message.dat,6967
itemname,3975,Lucky Random Box,1,bango-file,message.dat,6971
itemname,3976,[Event] Mission Letter from the Santa,1,bango-file,message.dat,6973
itemname,3977,Santa Claus Hat,1,bango-file,message.dat,6975
itemname,3979,Treasure Box,1,bango-file,message.dat,6983
itemname,3980,Box of the Blood Dragon Equipment ,1,bango-file,message.dat,6984
itemname,3981,Box of the Heavenly Executioner Equipment,1,bango-file,message.dat,6985
itemname,3982,Box of the Infernal Destroyer Equipment,1,bango-file,message.dat,6986
itemname,3986,Gun of Demon Gong,1,bango-file,message.dat,6989
itemname,3987,Dark Shadow Scaled Armor,1,bango-file,message.dat,6994
itemname,3988,Dark Shadow Scaled Armor,1,bango-file,message.dat,6995
itemname,3989,Dark Shadow Scaled Armor Helmet,1,bango-file,message.dat,6996
itemname,3990,Dark Shadow Scaled Armor Gloves,1,bango-file,message.dat,6997
itemname,3991,Dark Shadow Scaled Armor Shoes,1,bango-file,message.dat,6998
itemname,3992,Dark Shadow Scaled Armor Shorts,1,bango-file,message.dat,6999
itemname,3993,Dark Shadow Scaled Armor Shorts,1,bango-file,message.dat,7000
itemname,3994,Dark Shadow Armor,1,bango-file,message.dat,7002
itemname,3995,Dark Shadow Armor,1,bango-file,message.dat,7003
itemname,3996,Dark Shadow Armor Helmet,1,bango-file,message.dat,7004
itemname,3997,Dark Shadow Armor Gloves,1,bango-file,message.dat,7005
itemname,3998,Dark Shadow Armor Shoes,1,bango-file,message.dat,7006
itemname,3999,Dark Shadow Armor Shorts,1,bango-file,message.dat,7007
itemname,4000,Dark Shadow Armor Shorts,1,bango-file,message.dat,7008
itemname,4001,Dark Shadow DaeChangEau,1,bango-file,message.dat,7010
itemname,4002,Dark Shadow DaeChangEau,1,bango-file,message.dat,7011
itemname,4003,Dark Shadow DaeChangEau Hair Decoration,1,bango-file,message.dat,7012
itemname,4004,Dark Shadow DaeChangEau Gloves,1,bango-file,message.dat,7013
itemname,4005,Dark Shadow DaeChangEau Shoes,1,bango-file,message.dat,7014
itemname,4006,Dark Shadow DaeChangEau Shorts,1,bango-file,message.dat,7015
itemname,4007,Dark Shadow DaeChangEau Shorts,1,bango-file,message.dat,7016
itemname,4008,Dark Shadow Suit of thief,1,bango-file,message.dat,7018
itemname,4009,Dark Shadow Suit of thief,1,bango-file,message.dat,7019
itemname,4010,Dark Shadow Hood of thief,1,bango-file,message.dat,7020
itemname,4011,Dark Shadow Gloves of thief,1,bango-file,message.dat,7021
itemname,4012,Dark Shadow Boots of thief,1,bango-file,message.dat,7022
itemname,4013,Dark Shadow Shorts of thief,1,bango-file,message.dat,7023
itemname,4014,Dark Shadow Shorts of thief,1,bango-file,message.dat,7024
itemname,4015,Dark Shadow Executioner Sword,1,bango-file,message.dat,7027
itemname,4016,Dark Shadow Giant Sword,1,bango-file,message.dat,7028
itemname,4017,Dark Shadow Bow,1,bango-file,message.dat,7029
itemname,4018,Dark Shadow Stick,1,bango-file,message.dat,7030
itemname,4019,Dark Shadow Stick of Ruin,1,bango-file,message.dat,7031
itemname,4020,Dark Shadow Stick of Hell,1,bango-file,message.dat,7032
itemname,4021,Dark Shadow Dagger,1,bango-file,message.dat,7033
itemname,4022,Dark Shadow Shield,1,bango-file,message.dat,7036
itemname,4023,Imperial Dark Shadow Executioner Sword,1,bango-file,message.dat,7038
itemname,4024,Imperial Dark Shadow Giant Sword,1,bango-file,message.dat,7039
itemname,4025,Imperial Dark Shadow Bow,1,bango-file,message.dat,7040
itemname,4026,Imperial Dark Shadow Stick,1,bango-file,message.dat,7041
itemname,4027,Imperial Dark Shadow Stick of Ruin,1,bango-file,message.dat,7042
itemname,4028,Imperial Dark Shadow Stick of Hell,1,bango-file,message.dat,7043
itemname,4029,Imperial Dark Shadow Dagger ,1,bango-file,message.dat,7044
itemname,4030,Procssing Awaken Lv1,1,bango-file,message.dat,7047
itemname,4031,Procssing Awaken Lv2,1,bango-file,message.dat,7048
itemname,4032,Procssing Awaken Lv3,1,bango-file,message.dat,7049
itemname,4033,Talisman of expert,1,bango-file,message.dat,7052
itemname,4036,Infernal Destroyer Scaled Armor,1,bango-file,message.dat,7055
itemname,4037,Infernal Destroyer Scaled Armor Helmet,1,bango-file,message.dat,7056
itemname,4038,Infernal Destroyer Scaled Armor Gloves,1,bango-file,message.dat,7057
itemname,4039,Infernal Destroyer Scaled Armor Shoes,1,bango-file,message.dat,7058
itemname,4040,Infernal Destroyer Scaled Armor Shorts,1,bango-file,message.dat,7059
itemname,4041,Infernal Destroyer Armor,1,bango-file,message.dat,7061
itemname,4042,Infernal Destroyer Armor Helmet,1,bango-file,message.dat,7062
itemname,4043,Infernal Destroyer Armor Gloves,1,bango-file,message.dat,7063
itemname,4044,Infernal Destroyer Armor Shoes,1,bango-file,message.dat,7064
itemname,4045,Infernal Destroyer Armor Shorts,1,bango-file,message.dat,7065
itemname,4046,Infernal Destroyer DaeChangEau,1,bango-file,message.dat,7067
itemname,4047,Infernal Destroyer DaeChangEau Hair Decoration,1,bango-file,message.dat,7068
itemname,4048,Infernal Destroyer DaeChangEau Gloves,1,bango-file,message.dat,7069
itemname,4049,Infernal Destroyer DaeChangEau Shoes,1,bango-file,message.dat,7070
itemname,4050,Infernal Destroyer DaeChangEau Shorts,1,bango-file,message.dat,7071
itemname,4051,Infernal Destroyer Suit of Thief,1,bango-file,message.dat,7073
itemname,4052,Infernal Destroyer Hood of Thief,1,bango-file,message.dat,7074
itemname,4053,Infernal Destroyer Gloves of Thief,1,bango-file,message.dat,7075
itemname,4054,Infernal Destroyer Boots of Thief,1,bango-file,message.dat,7076
itemname,4055,Infernal Destroyer Shorts of Thief,1,bango-file,message.dat,7077
itemname,4056,Infernal Destroyer Shield,1,bango-file,message.dat,7079
itemname,4057,Stone of Demon Gong (The Earth),1,bango-file,message.dat,7083
itemname,4058,Stone of Demon Gong (The Water),1,bango-file,message.dat,7084
itemname,4059,Stone of Demon Gong (The Wind),1,bango-file,message.dat,7085
itemname,4060,Solvent for Removing Stone of Demon Gong,1,bango-file,message.dat,7087
itemname,4061,Descriptions for Elaborate Extraction,1,bango-file,message.dat,7088
itemname,4062,Polishing Stone of Stone of Demon Gong.,1,bango-file,message.dat,7089
itemname,4063,Stone of EXP - 1 day,1,bango-file,message.dat,7092
itemname,4064,Special Stone of Wealth - 1 day,1,bango-file,message.dat,7093
itemname,4065,Stone of Fishery - 1 day,1,bango-file,message.dat,7094
itemname,4066,Stone of EXP for Ancient Animal (1 day),1,bango-file,message.dat,7095
itemname,4067,Blessings of Asadal(1 day),1,bango-file,message.dat,7096
itemname,4070,Pill,1,bango-file,message.dat,7100
itemname,4071,Doggebi Pill,1,bango-file,message.dat,7101
itemname,4072,?? ???? ?????,1,bango-file,message.dat,7102
itemname,4073,?? ???? ?????,1,bango-file,message.dat,7103
itemname,4074,?? ???? ?????,1,bango-file,message.dat,7104
itemname,4075,[???]?? ???? ?????,1,bango-file,message.dat,7105
itemname,4076,[???]?? ???? ?????,1,bango-file,message.dat,7106
itemname,4077,[???]?? ???? ?????,1,bango-file,message.dat,7107
itemname,4166,Captured Doggebi,1,bango-file,message.dat,7112
itemname,4167,Rusty vajra ghanta,1,bango-file,message.dat,7113
itemname,4168,The purified vajra ghanta,1,bango-file,message.dat,7114
itemname,4169,Sky god's vajra ghanta,1,bango-file,message.dat,7115
itemname,4170,[Jae-Ga]'s recommendation letter,1,bango-file,message.dat,7116
itemname,4179,Box of the Dark Shadow Weapon,1,bango-file,message.dat,7119
itemname,4180,Reward point coupon,1,bango-file,message.dat,7122
itemname,4181,Pumpkin,1,bango-file,message.dat,7126
itemname,4182,Jack-o'-lantern,1,bango-file,message.dat,7129
itemname,4183,Halloween candy,1,bango-file,message.dat,7133
itemname,4184,Halloween Gift Box,1,bango-file,message.dat,7137
itemname,4185,Halloween Gift Box,1,bango-file,message.dat,7140
itemname,4186,Halloween Gift Box,1,bango-file,message.dat,7143
itemname,4187,Halloween Chocochip Cookie,1,bango-file,message.dat,7146
itemname,4188,Halloween Pumpkin Candy,1,bango-file,message.dat,7149
itemname,4189,Halloween Chocolate Muffin,1,bango-file,message.dat,7152
itemname,4190,Halloween Banana Candy,1,bango-file,message.dat,7155
itemname,4191,Halloween Apple Candy,1,bango-file,message.dat,7158
itemname,4192,Halloween Green Grape Candy,1,bango-file,message.dat,7161
itemname,4193,Magic Scroll to 3rd Floor Tower of D'evah,1,bango-file,message.dat,7164
itemname,4194,Magic Scroll to 1st Floor Tower of D'evah,1,bango-file,message.dat,7165
itemname,4195,Magic Scroll to 1st Floor Tower of Shadow D'evah [Dawn],1,bango-file,message.dat,7166
itemname,4196,Magic Scroll to 1st Floor Tower of Shadow D'evah [Devil],1,bango-file,message.dat,7167
itemname,4197,Magic Scroll to 1st Floor Tower of Shadow D'evah [Nightmare],1,bango-file,message.dat,7168
itemname,4198,Magic Scroll to 2nd Floor Tower of D'evah,1,bango-file,message.dat,7169
itemname,4199,Magic Scroll to 2nd Floor Tower of Shadow D'evah [Dawn],1,bango-file,message.dat,7170
itemname,4200,Magic Scroll to 2nd Floor Tower of Shadow D'evah [Devil],1,bango-file,message.dat,7171
itemname,4201,Magic Scroll to 2nd Floor Tower of Shadow D'evah [Nightmare],1,bango-file,message.dat,7172
itemname,4202,Magic Scroll to 1st Floor Tower of Shadow D'evah [Hell],1,bango-file,message.dat,7173
itemname,4203,Magic Scroll to 2nd Floor Tower of Shadow D'evah [Hell],1,bango-file,message.dat,7174
itemname,4204,Magic Scroll to 3F Tower of Shadow D'evah [Dawn],1,bango-file,message.dat,7175
itemname,6312,Thanksgiving Day Gift Box,1,bango-file,message.dat,7180
itemname,6313,Turkey,1,bango-file,message.dat,7183
itemname,6314,Stuffing,1,bango-file,message.dat,7186
itemname,6315,Green beans,1,bango-file,message.dat,7189
itemname,6316,Mesh potato,1,bango-file,message.dat,7192
itemname,6317,Pumpkin pie,1,bango-file,message.dat,7195
itemname,6318, Candied Yams,1,bango-file,message.dat,7198
itemname,4205,[Event] Comeback user's bless (30 days),1,bango-file,message.dat,7200
itemname,4211,KalOnline Gift Box,1,bango-file,message.dat,7202
itemname,5319,Christmas Empty Gift Box,1,bango-file,message.dat,7207
itemname,5320,Christmas Ribbon,1,bango-file,message.dat,7210
itemname,5321,Christmas Wrapping Paper,1,bango-file,message.dat,7213
itemname,5322,Christmas Thief Santa summoning scroll,1,bango-file,message.dat,7217
itemname,5323,Thief Santa Bag,1,bango-file,message.dat,7220
itemname,5324,Christmas Roll Cake,1,bango-file,message.dat,7225
itemname,5325,Dragon certificate Basic (1 hour),1,bango-file,message.dat,7228
itemname,4213,Jewel,1,bango-file,message.dat,7232
itemname,4214,Special Stone of EXP (15days),1,bango-file,message.dat,7235
itemname,4236,Golden Scaled Armor [15 days],1,bango-file,message.dat,7238
itemname,4237,Golden Scaled Armor Helmet [15 days],1,bango-file,message.dat,7239
itemname,4238,Golden Scaled Armor Gloves [15 days],1,bango-file,message.dat,7240
itemname,4239,Golden Scaled Armor Shoes [15 days],1,bango-file,message.dat,7241
itemname,4240,Golden Scaled Armor Shorts [15 days],1,bango-file,message.dat,7242
itemname,4241,Golden Shield [15 days],1,bango-file,message.dat,7243
itemname,4242,Golden Scaled Armor [30 days],1,bango-file,message.dat,7244
itemname,4243,Golden Scaled Armor Helmet [30 days],1,bango-file,message.dat,7245
itemname,4244,Golden Scaled Armor Gloves [30 days],1,bango-file,message.dat,7246
itemname,4245,Golden Scaled Armor Shoes [30 days],1,bango-file,message.dat,7247
itemname,4246,Golden Scaled Armor Shorts [30 days],1,bango-file,message.dat,7248
itemname,4247,Golden Shield [30 days],1,bango-file,message.dat,7249
itemname,4248,Golden Armor [15 days],1,bango-file,message.dat,7250
itemname,4249,Golden Armor Helmet [15 days],1,bango-file,message.dat,7251
itemname,4250,Golden Armor Gloves [15 days],1,bango-file,message.dat,7252
itemname,4251,Golden Armor Shoes [15 days],1,bango-file,message.dat,7253
itemname,4252,Golden Armor Skirts [15 days],1,bango-file,message.dat,7254
itemname,4253,Golden Armor [30 days],1,bango-file,message.dat,7255
itemname,4254,Golden Armor Helmet [30 days],1,bango-file,message.dat,7256
itemname,4255,Golden Armor Gloves [30 days],1,bango-file,message.dat,7257
itemname,4256,Golden Armor Shoes [30 days],1,bango-file,message.dat,7258
itemname,4257,Golden Armor Skirts [30 days],1,bango-file,message.dat,7259
itemname,4258,Golden DaeChangEau [15 days],1,bango-file,message.dat,7260
itemname,4259,Golden DaeChangEau Hair Decoration [15 days],1,bango-file,message.dat,7261
itemname,4260,Golden DaeChangEau Gloves [15 days],1,bango-file,message.dat,7262
itemname,4261,Golden DaeChangEau Shoes [15 days],1,bango-file,message.dat,7263
itemname,4262,Golden DaeChangEau Shorts [15 days],1,bango-file,message.dat,7264
itemname,4263,Golden DaeChangEau [30 days],1,bango-file,message.dat,7265
itemname,4264,Golden DaeChangEau Hair Decoration [30 days],1,bango-file,message.dat,7266
itemname,4265,Golden DaeChangEau Gloves [30 days],1,bango-file,message.dat,7267
itemname,4266,Golden DaeChangEau Shoes [30 days],1,bango-file,message.dat,7268
itemname,4267,Golden DaeChangEau Shorts [30 days],1,bango-file,message.dat,7269
itemname,4268,Golden suit of thief [15 days],1,bango-file,message.dat,7270
itemname,4269,Golden Hood of thief [15 days],1,bango-file,message.dat,7271
itemname,4270,Golden Gloves of thief [15 days],1,bango-file,message.dat,7272
itemname,4271,Golden Boots of thief [15 days],1,bango-file,message.dat,7273
itemname,4272,Golden suit Shorts of thief [15 days],1,bango-file,message.dat,7274
itemname,4273,Golden suit of thief [30 days],1,bango-file,message.dat,7275
itemname,4274,Golden Hood of thief [30 days],1,bango-file,message.dat,7276
itemname,4275,Golden Gloves of thief [30 days],1,bango-file,message.dat,7277
itemname,4276,Golden Boots of thief [30 days],1,bango-file,message.dat,7278
itemname,4277,Golden suit Shorts of thief [30 days],1,bango-file,message.dat,7279
itemname,4288,Blood Dragon's Scaled Armor [15 days],1,bango-file,message.dat,7280
itemname,4289,Blood Dragon's Scaled Armor Helmet [15 days],1,bango-file,message.dat,7281
itemname,4290,Blood Dragon's Scaled Armor Gloves [15 days],1,bango-file,message.dat,7282
itemname,4291,Blood Dragon's Scaled Armor Shoes [15 days],1,bango-file,message.dat,7283
itemname,4292,Blood Dragon's Scaled Armor Shorts [15 days],1,bango-file,message.dat,7284
itemname,4293,Blood Dragon shield [15 days],1,bango-file,message.dat,7285
itemname,4294,Blood Dragon's Scaled Armor [30 days],1,bango-file,message.dat,7286
itemname,4295,Blood Dragon's Scaled Armor Helmet [30 days],1,bango-file,message.dat,7287
itemname,4296,Blood Dragon's Scaled Armor Gloves [30 days],1,bango-file,message.dat,7288
itemname,4297,Blood Dragon's Scaled Armor Shoes [30 days],1,bango-file,message.dat,7289
itemname,4298,Blood Dragon's Scaled Armor Shorts [30 days],1,bango-file,message.dat,7290
itemname,4299,Blood Dragon shield [30 days],1,bango-file,message.dat,7291
itemname,4300,Blood Dragon's Armor [15 days],1,bango-file,message.dat,7292
itemname,4301,Blood Dragon's Armor Helmet [15 days],1,bango-file,message.dat,7293
itemname,4302,Blood Dragon's Armor Gloves [15 days],1,bango-file,message.dat,7294
itemname,4303,Blood Dragon's Armor Shoes [15 days],1,bango-file,message.dat,7295
itemname,4304,Blood Dragon's Armor Skirts [15 days],1,bango-file,message.dat,7296
itemname,4305,Blood Dragon's Armor [30 days],1,bango-file,message.dat,7297
itemname,4306,Blood Dragon's Armor Helmet [30 days],1,bango-file,message.dat,7298
itemname,4307,Blood Dragon's Armor Gloves [30 days],1,bango-file,message.dat,7299
itemname,4308,Blood Dragon's Armor Shoes [30 days],1,bango-file,message.dat,7300
itemname,4309,Blood Dragon's Armor Skirts [30 days],1,bango-file,message.dat,7301
itemname,4310,Blood Dragon's DaeChangEau [15 days],1,bango-file,message.dat,7302
itemname,4311,Blood Dragon's DaeChangEau Hair Decoration [15 days],1,bango-file,message.dat,7303
itemname,4312,Blood Dragon's DaeChangEau Gloves [15 days],1,bango-file,message.dat,7304
itemname,4313,Blood Dragon's DaeChangEau Shoes [15 days],1,bango-file,message.dat,7305
itemname,4314,Blood Dragon's DaeChangEau Shorts [15 days],1,bango-file,message.dat,7306
itemname,4315,Blood Dragon's DaeChangEau [30 days],1,bango-file,message.dat,7307
itemname,4316,Blood Dragon's DaeChangEau Hair Decoration [30 days],1,bango-file,message.dat,7308
itemname,4317,Blood Dragon's DaeChangEau Gloves [30 days],1,bango-file,message.dat,7309
itemname,4318,Blood Dragon's DaeChangEau Shoes [30 days],1,bango-file,message.dat,7310
itemname,4319,Blood Dragon's DaeChangEau Shorts [30 days],1,bango-file,message.dat,7311
itemname,4320,Blood Dragon's Suit of thief [15 days],1,bango-file,message.dat,7312
itemname,4321,Blood Dragon's Hood of thief [15 days],1,bango-file,message.dat,7313
itemname,4322,Blood Dragon's Gloves of thief [15 days],1,bango-file,message.dat,7314
itemname,4323,Blood Dragon's Boots of thief [15 days],1,bango-file,message.dat,7315
itemname,4324,Blood Dragon's Suit Shorts of thief [15 days],1,bango-file,message.dat,7316
itemname,4325,Blood Dragon's Suit of thief [30 days],1,bango-file,message.dat,7317
itemname,4326,Blood Dragon's Hood of thief [30 days],1,bango-file,message.dat,7318
itemname,4327,Blood Dragon's Gloves of thief [30 days],1,bango-file,message.dat,7319
itemname,4328,Blood Dragon's Boots of thief [30 days],1,bango-file,message.dat,7320
itemname,4329,Blood Dragon's Suit Shorts of thief [30 days],1,bango-file,message.dat,7321
itemname,4344,Heavenly Executioner Scaled Armor [15 days],1,bango-file,message.dat,7322
itemname,4345,Heavenly Executioner Scaled Armor Helmet [15 days],1,bango-file,message.dat,7323
itemname,4346,Heavenly Executioner Scaled Armor Gloves [15 days],1,bango-file,message.dat,7324
itemname,4347,Heavenly Executioner Scaled Armor Shoes [15 days],1,bango-file,message.dat,7325
itemname,4348,Heavenly Executioner Scaled Armor Shorts [15 days],1,bango-file,message.dat,7326
itemname,4349,Heavenly Executioner shield [15 days],1,bango-file,message.dat,7327
itemname,4350,Heavenly Executioner Scaled Armor [30 days],1,bango-file,message.dat,7328
itemname,4351,Heavenly Executioner Scaled Armor Helmet [30 days],1,bango-file,message.dat,7329
itemname,4352,Heavenly Executioner Scaled Armor Gloves [30 days],1,bango-file,message.dat,7330
itemname,4353,Heavenly Executioner Scaled Armor Shoes [30 days],1,bango-file,message.dat,7331
itemname,4354,Heavenly Executioner Scaled Armor Shorts [30 days],1,bango-file,message.dat,7332
itemname,4355,Heavenly Executioner shield [30 days],1,bango-file,message.dat,7333
itemname,4356,Heavenly Executioner Armor [15 days],1,bango-file,message.dat,7334
itemname,4357,Heavenly Executioner Armor Helmet [15 days],1,bango-file,message.dat,7335
itemname,4358,Heavenly Executioner Armor Gloves [15 days],1,bango-file,message.dat,7336
itemname,4359,Heavenly Executioner Armor Shoes [15 days],1,bango-file,message.dat,7337
itemname,4360,Heavenly Executioner Armor Skirts [15 days],1,bango-file,message.dat,7338
itemname,4361,Heavenly Executioner Armor [30 days],1,bango-file,message.dat,7339
itemname,4362,Heavenly Executioner Armor Helmet [30 days],1,bango-file,message.dat,7340
itemname,4363,Heavenly Executioner Armor Gloves [30 days],1,bango-file,message.dat,7341
itemname,4364,Heavenly Executioner Armor Shoes [30 days],1,bango-file,message.dat,7342
itemname,4365,Heavenly Executioner Armor Skirts [30 days],1,bango-file,message.dat,7343
itemname,4366,Heavenly Executioner DaeChangEau [15 days],1,bango-file,message.dat,7344
itemname,4367,Heavenly Executioner DaeChangEau Hair Decoration [15 days],1,bango-file,message.dat,7345
itemname,4368,Heavenly Executioner DaeChangEau Gloves [15 days],1,bango-file,message.dat,7346
itemname,4369,Heavenly Executioner DaeChangEau Shoes [15 days],1,bango-file,message.dat,7347
itemname,4370,Heavenly Executioner DaeChangEau Shorts [15 days],1,bango-file,message.dat,7348
itemname,4371,Heavenly Executioner DaeChangEau [30 days],1,bango-file,message.dat,7349
itemname,4372,Heavenly Executioner DaeChangEau Hair Decoration [30 days],1,bango-file,message.dat,7350
itemname,4373,Heavenly Executioner DaeChangEau Gloves [30 days],1,bango-file,message.dat,7351
itemname,4374,Heavenly Executioner DaeChangEau Shoes [30 days],1,bango-file,message.dat,7352
itemname,4375,Heavenly Executioner DaeChangEau Shorts [30 days],1,bango-file,message.dat,7353
itemname,4376,Heavenly Executioner Suit of thief [15 days],1,bango-file,message.dat,7354
itemname,4377,Heavenly Executioner Hood of thief [15 days],1,bango-file,message.dat,7355
itemname,4378,Heavenly Executioner Gloves of thief [15 days],1,bango-file,message.dat,7356
itemname,4379,Heavenly Executioner Boots of thief [15 days],1,bango-file,message.dat,7357
itemname,4380,Heavenly Executioner Suit Shorts of thief [15 days],1,bango-file,message.dat,7358
itemname,4381,Heavenly Executioner Suit of thief [30 days],1,bango-file,message.dat,7359
itemname,4382,Heavenly Executioner Hood of thief [30 days],1,bango-file,message.dat,7360
itemname,4383,Heavenly Executioner Gloves of thief [30 days],1,bango-file,message.dat,7361
itemname,4384,Heavenly Executioner Boots of thief [30 days],1,bango-file,message.dat,7362
itemname,4385,Heavenly Executioner Suit Shorts of thief [30 days],1,bango-file,message.dat,7363
itemname,4442,Imperial Golden Sword [15 days],1,bango-file,message.dat,7364
itemname,4443,Imperial Golden Sword [30 days],1,bango-file,message.dat,7365
itemname,4444,Imperial Golden Giant Sword [15 days],1,bango-file,message.dat,7366
itemname,4445,Imperial Golden Giant Sword [30 days],1,bango-file,message.dat,7367
itemname,4446,Imperial Golden Bow [15 days],1,bango-file,message.dat,7368
itemname,4447,Imperial Golden Bow [30 days],1,bango-file,message.dat,7369
itemname,4448,Imperial Golden Stick [15 days],1,bango-file,message.dat,7370
itemname,4449,Imperial Golden Stick [30 days],1,bango-file,message.dat,7371
itemname,4450,Imperial Golden dagger [15 days],1,bango-file,message.dat,7372
itemname,4451,Imperial Golden dagger [30 days],1,bango-file,message.dat,7373
itemname,4452,Imperial Blood Dragon's Sword [15 days],1,bango-file,message.dat,7374
itemname,4453,Imperial Blood Dragon's Sword [30 days],1,bango-file,message.dat,7375
itemname,4454,Imperial Blood Dragon's Giant Sword [15 days],1,bango-file,message.dat,7376
itemname,4455,Imperial Blood Dragon's Giant Sword [30 days],1,bango-file,message.dat,7377
itemname,4456,Imperial Blood Dragon's Bow [15 days],1,bango-file,message.dat,7378
itemname,4457,Imperial Blood Dragon's Bow [30 days],1,bango-file,message.dat,7379
itemname,4458,Imperial Blood Dragon's Stick [15 days],1,bango-file,message.dat,7380
itemname,4459,Imperial Blood Dragon's Stick [30 days],1,bango-file,message.dat,7381
itemname,4460,Imperial Blood Dragon's Dagger [15 days],1,bango-file,message.dat,7382
itemname,4461,Imperial Blood Dragon's Dagger [30 days],1,bango-file,message.dat,7383
itemname,4464,Blood Dragon Imperial Stick of Ruin [15 days],1,bango-file,message.dat,7384
itemname,4465,Blood Dragon Imperial Stick of Ruin [30 days],1,bango-file,message.dat,7385
itemname,4466,Blood Dragon Imperial Stick of Hell [15 days],1,bango-file,message.dat,7386
itemname,4467,Blood Dragon Imperial Stick of Hell [30 days],1,bango-file,message.dat,7387
itemname,4470,Imperial Heavenly Executioner Sword [15 days],1,bango-file,message.dat,7388
itemname,4471,Imperial Heavenly Executioner Sword [30 days],1,bango-file,message.dat,7389
itemname,4472,Imperial Heavenly Executioner Giant Sword [15 days],1,bango-file,message.dat,7390
itemname,4473,Imperial Heavenly Executioner Giant Sword [30 days],1,bango-file,message.dat,7391
itemname,4474,Imperial Heavenly Executioner Bow [15 days],1,bango-file,message.dat,7392
itemname,4475,Imperial Heavenly Executioner Bow [30 days],1,bango-file,message.dat,7393
itemname,4476,Imperial Heavenly Executioner Stick [15 days],1,bango-file,message.dat,7394
itemname,4477,Imperial Heavenly Executioner Stick [30 days],1,bango-file,message.dat,7395
itemname,4478,Imperial Heavenly Executioner Dagger [15 days],1,bango-file,message.dat,7396
itemname,4479,Imperial Heavenly Executioner Dagger [30 days],1,bango-file,message.dat,7397
itemname,4480,Imperial Heavenly Executioner Stick of Ruin [15 days],1,bango-file,message.dat,7398
itemname,4481,Imperial Heavenly Executioner Stick of Ruin [30 days],1,bango-file,message.dat,7399
itemname,4482,Imperial Heavenly Executioner Stick of Hell [15 days],1,bango-file,message.dat,7400
itemname,4483,Imperial Heavenly Executioner Stick of Hell [30 days],1,bango-file,message.dat,7401
itemname,4498,Golden Stick of Distress [15 days],1,bango-file,message.dat,7402
itemname,4499,Golden Stick of Distress [30 days],1,bango-file,message.dat,7403
itemname,4500,Golden Stick of Sabbath [15 days],1,bango-file,message.dat,7404
itemname,4501,Golden Stick of Sabbath [30 days],1,bango-file,message.dat,7405
itemname,4508,Box of the Dark Shadow Armor,1,bango-file,message.dat,7406
itemname,4511,Imperial Heavenly Executioner Stick of Hell [15 days],1,bango-file,message.dat,7407
itemname,4512,Imperial Heavenly Executioner Stick of Hell [30 days],1,bango-file,message.dat,7408
itemname,4526,Lucky Box,1,bango-file,message.dat,7409
itemname,4502,[EVENT] Miraculous Weapon ticket[30 days],1,bango-file,message.dat,7413
itemname,4503,[EVENT] Miraculous Armors ticket[30 days],1,bango-file,message.dat,7414
itemname,4509,[EVENT] Miraculous Weapon ticket[15 days],1,bango-file,message.dat,7415
itemname,4510,[EVENT] Miraculous Armors ticket[15 days],1,bango-file,message.dat,7416
itemname,4513,[EVENT] Miraculous Package,1,bango-file,message.dat,7417
itemname,4514,Merchant summon ticket,1,bango-file,message.dat,7420
itemname,4515,Box of Merchant summon ticket,1,bango-file,message.dat,7421
itemname,4522,Box of Infernal Destroyer Weapon,1,bango-file,message.dat,7424
itemname,4523,Box of Infernal Destroyer Armor,1,bango-file,message.dat,7427
itemname,4524,Box of Heavenly Executioner Weapon,1,bango-file,message.dat,7430
itemname,4525,Box of Heavenly Executioner Armor,1,bango-file,message.dat,7433
itemname,4528,Hanin's Mirror,1,bango-file,message.dat,7436
itemname,4529,High Hanin's Mirror,1,bango-file,message.dat,7437
itemname,4530,Highest Hanin's Mirror,1,bango-file,message.dat,7438
itemname,4531,[Low class] Hanin's essence,1,bango-file,message.dat,7439
itemname,4532,Low class Essence Box,1,bango-file,message.dat,7440
itemname,4533,[Middle class] Hanin's essence,1,bango-file,message.dat,7441
itemname,4534,[High class] Hanin's essence,1,bango-file,message.dat,7442
itemname,4548,Scroll of Location Package,1,bango-file,message.dat,7445
itemname,4551,Doggebi Weapon Box,1,bango-file,message.dat,7449
itemname,4552,Doggebi Armor Box,1,bango-file,message.dat,7451
itemname,4553,Dragon Weapon Box of Sky,1,bango-file,message.dat,7453
itemname,4554,Golden Weapon Box,1,bango-file,message.dat,7455
itemname,4555,Golden Armor Box,1,bango-file,message.dat,7457
itemname,4557,Dragon Armor Box of Sky,1,bango-file,message.dat,7459
itemname,4558,Blood Dragon Weapon Box,1,bango-file,message.dat,7461
itemname,4559,Blood Dragon Armor Box,1,bango-file,message.dat,7463
itemname,4560,Vladimir,1,bango-file,message.dat,7474
itemname,4600,#2NEW Swimsuit Box,1,bango-file,message.dat,7478
itemname,4601,#2SEXY Swimsuit Box,1,bango-file,message.dat,7480
itemname,4602,#2Moving Scroll Packege,1,bango-file,message.dat,7482
itemname,4603,Raptor,1,bango-file,message.dat,7484
itemname,4604,Skeleten Raptor,1,bango-file,message.dat,7486
itemname,4605,Battle Raptor,1,bango-file,message.dat,7488
itemname,4606,Battle Skeleten Raptor,1,bango-file,message.dat,7490
itemname,4607,Premium Gift Pack,1,bango-file,message.dat,7493
itemname,4556,Secret Box,1,bango-file,message.dat,7496
itemname,4609,Bunny Box,1,bango-file,message.dat,7497
itemname,4610,Angora Box,1,bango-file,message.dat,7498
itemname,4611,Black Formal costume Box,1,bango-file,message.dat,7499
itemname,5007,#2Power Box,1,bango-file,message.dat,7500
itemname,4561,White Tiger,1,bango-file,message.dat,7503
itemname,4562,Fierce Tiger,1,bango-file,message.dat,7504
itemname,4563,Black Horse,1,bango-file,message.dat,7505
itemname,4564,Horse,1,bango-file,message.dat,7506
itemname,4665,Dire Wolf,1,bango-file,message.dat,7507
itemname,4666,Wolf,1,bango-file,message.dat,7508
itemname,4667,Dire Bear,1,bango-file,message.dat,7509
itemname,4668,Bear,1,bango-file,message.dat,7510
itemname,4669,White horse,1,bango-file,message.dat,7511
itemname,4670,Novice support weapons,1,bango-file,message.dat,7513
itemname,4671,Novice support Armor,1,bango-file,message.dat,7514
itemname,4672,Novice support Helmet,1,bango-file,message.dat,7515
itemname,4673,Novice support Gloves,1,bango-file,message.dat,7516
itemname,4674,Novice support Boots,1,bango-file,message.dat,7517
itemname,4675,Novice support Shorts,1,bango-file,message.dat,7518
itemname,4676,Novice support weapons,1,bango-file,message.dat,7519
itemname,4677,Novice support Armor,1,bango-file,message.dat,7520
itemname,4678,Novice support Helmet,1,bango-file,message.dat,7521
itemname,4679,Novice support Gloves,1,bango-file,message.dat,7522
itemname,4680,Novice support Boots,1,bango-file,message.dat,7523
itemname,4681,Novice support Shorts,1,bango-file,message.dat,7524
itemname,4682,Novice support weapons,1,bango-file,message.dat,7525
itemname,4683,Novice support Armor,1,bango-file,message.dat,7526
itemname,4684,Novice support Helmet,1,bango-file,message.dat,7527
itemname,4685,Novice support Gloves,1,bango-file,message.dat,7528
itemname,4686,Novice support Boots,1,bango-file,message.dat,7529
itemname,4687,Novice support Shorts,1,bango-file,message.dat,7530
itemname,4688,Novice support weapons,1,bango-file,message.dat,7531
itemname,4689,Novice support Armor,1,bango-file,message.dat,7532
itemname,4690,Novice support Helmet,1,bango-file,message.dat,7533
itemname,4691,Novice support Gloves,1,bango-file,message.dat,7534
itemname,4692,Novice support Boots,1,bango-file,message.dat,7535
itemname,4693,Novice support Shorts,1,bango-file,message.dat,7536
itemname,4924,Novice support Box [Knight],1,bango-file,message.dat,7537
itemname,4925,Novice support Box [Archer],1,bango-file,message.dat,7538
itemname,4926,Novice support Box [Magician],1,bango-file,message.dat,7539
itemname,4927,Novice support Box [Thief],1,bango-file,message.dat,7540
itemname,4928,starter pack,1,bango-file,message.dat,7541
itemname,4929,Kal Ghost,1,bango-file,message.dat,7542
itemname,4930,[Event] 1 hour connection reward,1,bango-file,message.dat,7543
itemname,4931,[Event] 3 hours connection reward,1,bango-file,message.dat,7544
itemname,4932,[Event] 5 hours connection reward,1,bango-file,message.dat,7545
itemname,4933,[Event] 10 hours connection reward,1,bango-file,message.dat,7546
itemname,4934,Horn of Spirit box,1,bango-file,message.dat,7547
itemname,4935,Moving Scroll of Location box,1,bango-file,message.dat,7548
itemname,4936,Demon's Sword box,1,bango-file,message.dat,7549
itemname,4937,rookie support weapons,1,bango-file,message.dat,7550
itemname,4938,#2Swimsuit #b[Knight],1,bango-file,message.dat,7551
itemname,4939,#2Swimsuit #b[Archer],1,bango-file,message.dat,7552
itemname,4940,#2Swimsuit #b[Mage],1,bango-file,message.dat,7553
itemname,4941,#2Swimsuit #b[Thief],1,bango-file,message.dat,7554
itemname,4942,#2new Swimsuit #b[Knight],1,bango-file,message.dat,7555
itemname,4943,#2new Swimsuit #b[Archer],1,bango-file,message.dat,7556
itemname,4944,#2new Swimsuit #b[Mage],1,bango-file,message.dat,7557
itemname,4945,#2new Swimsuit #b[Thief],1,bango-file,message.dat,7558
itemname,4946,#2sexy Swimsuit #b[Knight],1,bango-file,message.dat,7559
itemname,4947,#2sexy Swimsuit #b[Archer],1,bango-file,message.dat,7560
itemname,4948,#2sexy Swimsuit #b[Mage],1,bango-file,message.dat,7561
itemname,4949,#2sexy Swimsuit #b[Thief],1,bango-file,message.dat,7562
itemname,4950,#2Swimsuit box,1,bango-file,message.dat,7563
itemname,4951,#2Swimsuit box #b[Knight],1,bango-file,message.dat,7564
itemname,4952,#2Swimsuit box #b[Archer],1,bango-file,message.dat,7565
itemname,4953,#2Swimsuit box #b[Mage],1,bango-file,message.dat,7566
itemname,4954,#2Swimsuit box #b[Thief],1,bango-file,message.dat,7567
itemname,4955,Gorgeous experience stone,1,bango-file,message.dat,7568
itemname,4956,Growth experience stone,1,bango-file,message.dat,7569
itemname,4957,Gold Sealed Key,1,bango-file,message.dat,7572
itemname,4958,Bronze Sealed Key,1,bango-file,message.dat,7573
itemname,4959,Red Bird Feather,1,bango-file,message.dat,7574
itemname,4960,Black Tortoise Skin,1,bango-file,message.dat,7575
itemname,4961,White Tiger Molar,1,bango-file,message.dat,7576
itemname,4962,Blue Dragon Cintamani,1,bango-file,message.dat,7577
itemname,4963,God Animal Essence,1,bango-file,message.dat,7578
itemname,4964,Unknown Feather,1,bango-file,message.dat,7579
itemname,4965,Unknown Skin,1,bango-file,message.dat,7580
itemname,4966,Unknown Teeth,1,bango-file,message.dat,7581
itemname,4967,Unknown Bead,1,bango-file,message.dat,7582
itemname,4968,Best antidote,1,bango-file,message.dat,7583
itemname,4969,Blood of Shiva,1,bango-file,message.dat,7584
itemname,4970,Premium Package,1,bango-file,message.dat,7585
itemname,4998,Black Cube,1,bango-file,message.dat,7587
itemname,4999,Black Ticket,1,bango-file,message.dat,7588
itemname,5016,watermelon salad,1,bango-file,message.dat,7590
itemname,5017,watermelon sherbet,1,bango-file,message.dat,7591
itemname,5018,watermelon punch,1,bango-file,message.dat,7592
itemname,5019,watermelon ice cream,1,bango-file,message.dat,7593
itemname,5020,watermelon juice,1,bango-file,message.dat,7594
itemname,5021,summer dessert box,1,bango-file,message.dat,7595
itemname,5022,summer festival box,1,bango-file,message.dat,7596
itemname,5000,Black Symbol I,1,bango-file,message.dat,7598
itemname,5001,Black Symbol II,1,bango-file,message.dat,7599
itemname,5002,Black Symbol III,1,bango-file,message.dat,7600
itemname,5003,Black Symbol IV ,1,bango-file,message.dat,7601
itemname,5004,Black Symbol V,1,bango-file,message.dat,7602
itemname,5005,Black Symbol,1,bango-file,message.dat,7603
itemname,5006,Black WA Box,1,bango-file,message.dat,7604
itemname,5006,Black WA Box,2,bango-file,message.dat,7606
itemname,5007,watermelon box,2,bango-file,message.dat,7608
itemname,5008,#2Summer Pack#b[Knight],1,bango-file,message.dat,7609
itemname,5009,#2Summer Pack#b[Archer],1,bango-file,message.dat,7610
itemname,5010,#2Summer Pack#b[Mage],1,bango-file,message.dat,7611
itemname,5011,#2Summer Pack#b[Thief],1,bango-file,message.dat,7612
itemname,5294,Hunting Package Vol.1,1,bango-file,message.dat,7614
itemname,5295,Battle Pack,1,bango-file,message.dat,7617
itemname,5296,Stone of Plus EXP 10%,1,bango-file,message.dat,7618
itemname,5297,OTP Stone,1,bango-file,message.dat,7619
itemname,5298,Stone of Plus Ancient Animal's EXP 10%,1,bango-file,message.dat,7620
itemname,5310,#2Formal costume Box#b[Knight],1,bango-file,message.dat,7623
itemname,5311,#2Formal costume Box#b[Archer],1,bango-file,message.dat,7624
itemname,5312,#2Formal costume Box#b[Mage],1,bango-file,message.dat,7625
itemname,5313,#2Formal costume Box#b[Thief],1,bango-file,message.dat,7626
itemname,5314,#2Bunny Box,1,bango-file,message.dat,7627
itemname,5500,White Bunny,1,bango-file,message.dat,7632
itemname,5501,Gray Bunny,1,bango-file,message.dat,7633
itemname,5502,White Angora,1,bango-file,message.dat,7634
itemname,5503,Black Angora,1,bango-file,message.dat,7635
itemname,5504,Halloween Bunny,1,bango-file,message.dat,7636
itemname,6000,#2Blue Formal costume.#b(Knight),1,bango-file,message.dat,7639
itemname,6001,#2Blue Formal costume.#b(Archer),1,bango-file,message.dat,7640
itemname,6002,#2Blue Formal costume.#b(Magician),1,bango-file,message.dat,7641
itemname,6003,#2Blue Formal costume.#b(Thief),1,bango-file,message.dat,7642
itemname,6004,#2Black Formal costume.#b(Knight),1,bango-file,message.dat,7643
itemname,6005,#2Black Formal costume.#b(Archer),1,bango-file,message.dat,7644
itemname,6006,#2Black Formal costume.#b(Magician),1,bango-file,message.dat,7645
itemname,6007,#2Black Formal costume.#b(Thief),1,bango-file,message.dat,7646
itemname,6008,Jack-o'-lantern  Pumpkin mask,1,bango-file,message.dat,7648
itemname,6009,Halloween Formal costume [Kinght],1,bango-file,message.dat,7650
itemname,6010,Halloween Formal costume [Archer],1,bango-file,message.dat,7651
itemname,6011,Halloween Formal costume [Magician],1,bango-file,message.dat,7652
itemname,6012,Halloween Formal costume [Thief]],1,bango-file,message.dat,7653
itemname,6013, ,1,bango-file,message.dat,7655
itemname,6014, ,1,bango-file,message.dat,7656
itemname,6015, ,1,bango-file,message.dat,7657
itemname,6016, ,1,bango-file,message.dat,7658
itemname,6017,#2Happy Christmas Santa Costume [Knight],1,bango-file,message.dat,7660
itemname,6018,#2Happy Christmas Santa Costume [Archer],1,bango-file,message.dat,7661
itemname,6019,#2Happy Christmas Santa Costume [Magician],1,bango-file,message.dat,7662
itemname,6020,#2Happy Christmas Santa Costume [Thief],1,bango-file,message.dat,7663
itemname,6021,General Turtle,1,bango-file,message.dat,7665
itemname,6022,Dragon King Turtle,1,bango-file,message.dat,7666
itemname,6023,Sled Turtle,1,bango-file,message.dat,7667
itemname,6024,Grim Reaper Turtle,1,bango-file,message.dat,7668
itemname,6025,Sled Turtle#2(Event),1,bango-file,message.dat,7669
itemname,6026,Soft-shelled turtle Box,1,bango-file,message.dat,7670
itemname,6027,#2Hanbok Costume(Knight),1,bango-file,message.dat,7672
itemname,6028,#2Hanbok Costume(Archer),1,bango-file,message.dat,7673
itemname,6029,#2Hanbok Costume(Magician),1,bango-file,message.dat,7674
itemname,6030,#2Hanbok Costume(Thief),1,bango-file,message.dat,7675
itemname,6031,#2Mong-Nyong Costume(Knight),1,bango-file,message.dat,7677
itemname,6032,#2Choon-Hyang Costume(Archer),1,bango-file,message.dat,7678
itemname,6033,#2Choon-Hyang Costume(Magician),1,bango-file,message.dat,7679
itemname,6034,#2Choon-Hyang Costume(Thief),1,bango-file,message.dat,7680
itemname,6035,#2Hanbok Costume(Event)(Knight),1,bango-file,message.dat,7682
itemname,6036,#2Hanbok Costume(Event)(Archer),1,bango-file,message.dat,7683
itemname,6037,#2Hanbok Costume(Event)(Magician),1,bango-file,message.dat,7684
itemname,6038,#2Hanbok Costume(Event)(Thief),1,bango-file,message.dat,7685
itemname,6039,#2Kal Ghost(Event),1,bango-file,message.dat,7687
itemname,6040,#2Hanbok Costume Box,1,bango-file,message.dat,7688
itemname,6041,#2Hanbok Costume BOX#b[Knight],1,bango-file,message.dat,7691
itemname,6042,#2Hanbok Costume BOX#b[Archer],1,bango-file,message.dat,7692
itemname,6043,#2Hanbok Costume BOX#b[Magician],1,bango-file,message.dat,7693
itemname,6044,#2Hanbok Costume BOX#b[Thief],1,bango-file,message.dat,7694
itemname,6045,#2Bear Balloon,1,bango-file,message.dat,7697
itemname,6046,#2Happy Balloon,1,bango-file,message.dat,7698
itemname,6047,#2Cat Balloon,1,bango-file,message.dat,7699
itemname,6048,#2Love Balloon,1,bango-file,message.dat,7700
itemname,6049,#2Happy Bear Balloon,1,bango-file,message.dat,7701
itemname,6050,#2Cat love Balloons,1,bango-file,message.dat,7702
itemname,6051,#2Love you Balloons,1,bango-file,message.dat,7703
itemname,6052,#2The Angel of Death,1,bango-file,message.dat,7705
itemname,6053,Halloween ghost Pumpkin mask,1,bango-file,message.dat,7706
itemname,6054,#2Dragon King Turtle(15days) BOX,1,bango-file,message.dat,7709
itemname,6055,#2Horse(15days) Box,1,bango-file,message.dat,7710
itemname,6056,#2Black Horse(15days) Box,1,bango-file,message.dat,7711
itemname,6057,#2Wolf(15days) Box,1,bango-file,message.dat,7712
itemname,6058,#2Raptor(15days) BOX,1,bango-file,message.dat,7713
itemname,6059,#2Skeleten Raptor(15days) Box,1,bango-file,message.dat,7714
itemname,6060,#2White Bunny(15days) Box,1,bango-file,message.dat,7715
itemname,6061,#2Gray Bunny(15days) Box,1,bango-file,message.dat,7716
itemname,6062,#2White Angora(15days) Box,1,bango-file,message.dat,7717
itemname,6063,#2Black Angora(15days) Box,1,bango-file,message.dat,7718
itemname,6064,#2Sled Turtle(15days) BOX,1,bango-file,message.dat,7719
itemname,6065,#2Grim Reaper Turtle(15days) BOX,1,bango-file,message.dat,7720
itemname,6066,#2Black Dragon(15days) BOX,1,bango-file,message.dat,7721
itemname,6067,#2Cheios(15days) Box,1,bango-file,message.dat,7722
itemname,6068,#2Dunamic(15days) Box,1,bango-file,message.dat,7723
itemname,6069,#2Blue Dragon(7days) Box,1,bango-file,message.dat,7724
itemname,6070,#2WhiteTiger(7days) Box,1,bango-file,message.dat,7725
itemname,6071,#2RedBird(7days) Box,1,bango-file,message.dat,7726
itemname,6072,#2Black Tortoise(7days) Box,1,bango-file,message.dat,7727
itemname,6073,#2Blue Dragon PVP(7days) Box,1,bango-file,message.dat,7728
itemname,6074,#2WhiteTiger PVP(7days) Box,1,bango-file,message.dat,7729
itemname,6075,#2RedBird PVP(7days) Box,1,bango-file,message.dat,7730
itemname,6076,#2Turtle Snake PVP(7days) Box,1,bango-file,message.dat,7731
itemname,6081,#2General Turtle(15days) BOX,1,bango-file,message.dat,7732
itemname,6077,#2Hanbok Costume [Shaman],1,bango-file,message.dat,7735
itemname,6078,#2Mong-Nyong Costume [Shaman],1,bango-file,message.dat,7736
itemname,6079,#2Event Hanbok Costume [Shaman],1,bango-file,message.dat,7737
itemname,6080,#2Hanbok Costume Box#b[Shaman],1,bango-file,message.dat,7738
itemname,6600,Blood Dragon's Weapon box,1,bango-file,message.dat,7740
itemname,6601,Heavenly Executioner Weapon box,1,bango-file,message.dat,7741
itemname,6602,Infernal Destroyer Weapon box,1,bango-file,message.dat,7742
itemname,6603,Dark Shadow Weapon box,1,bango-file,message.dat,7743
itemname,6604,Blood Dragon's Weapon box [only Knight],1,bango-file,message.dat,7744
itemname,6605,Heavenly Executioner Weapon box [only Knight],1,bango-file,message.dat,7745
itemname,6606,Infernal Destroyer Weapon box [only Knight],1,bango-file,message.dat,7746
itemname,6607,Dark Shadow Weapon box [only Knight],1,bango-file,message.dat,7747
itemname,6608,Blood Dragon's Weapon box [only Magician],1,bango-file,message.dat,7748
itemname,6609,Heavenly Executioner Weapon box [only Magician],1,bango-file,message.dat,7749
itemname,6610,Infernal Destroyer Weapon box [only Magician],1,bango-file,message.dat,7750
itemname,6611,Dark Shadow Weapon box [only Magician],1,bango-file,message.dat,7751
itemname,6612,Blood Dragon's Weapon box [only Archer],1,bango-file,message.dat,7752
itemname,6613,Heavenly Executioner Weapon box [only Archer],1,bango-file,message.dat,7753
itemname,6614,Infernal Destroyer Weapon box [only Archer],1,bango-file,message.dat,7754
itemname,6615,Dark Shadow Weapon box [only Archer],1,bango-file,message.dat,7755
itemname,6616,Blood Dragon's Weapon box [only Thief],1,bango-file,message.dat,7756
itemname,6617,Heavenly Executioner Weapon box [only Thief],1,bango-file,message.dat,7757
itemname,6618,Infernal Destroyer Weapon box [only Thief],1,bango-file,message.dat,7758
itemname,6619,Dark Shadow Weapon box [only Thief],1,bango-file,message.dat,7759
itemname,6620,Blood Dragon's Armor box,1,bango-file,message.dat,7760
itemname,6621,Heavenly Executioner Armor box,1,bango-file,message.dat,7761
itemname,6622,Infernal Destroyer Armor box,1,bango-file,message.dat,7762
itemname,6623,Dark Shadow Armor box,1,bango-file,message.dat,7763
itemname,6624,Blood Dragon's Armor box [only Knight],1,bango-file,message.dat,7764
itemname,6625,Heavenly Executioner Armor box [only Knight],1,bango-file,message.dat,7765
itemname,6626,Infernal Destroyer Armor box [only Knight],1,bango-file,message.dat,7766
itemname,6627,Dark Shadow Armor box [only Knight],1,bango-file,message.dat,7767
itemname,6628,Blood Dragon's Armor box [only Magician],1,bango-file,message.dat,7768
itemname,6629,Heavenly Executioner Armor box [only Magician],1,bango-file,message.dat,7769
itemname,6630,Infernal Destroyer Armor box [only Magician],1,bango-file,message.dat,7770
itemname,6631,Dark Shadow Armor box [only Magician],1,bango-file,message.dat,7771
itemname,6632,Blood Dragon's Armor box [only Archer],1,bango-file,message.dat,7772
itemname,6633,Heavenly Executioner Armor box [only Archer],1,bango-file,message.dat,7773
itemname,6634,Infernal Destroyer Armor box [only Archer],1,bango-file,message.dat,7774
itemname,6635,Dark Shadow Armor box [only Archer],1,bango-file,message.dat,7775
itemname,6636,Blood Dragon's Armor box [only Thief],1,bango-file,message.dat,7776
itemname,6637,Heavenly Executioner Armor box [only Thief],1,bango-file,message.dat,7777
itemname,6638,Infernal Destroyer Armor box [only Thief],1,bango-file,message.dat,7778
itemname,6639,Dark Shadow Armor box [only Thief],1,bango-file,message.dat,7779
itemname,6640,Blood Dragon of Soul,1,bango-file,message.dat,7780
itemname,6641,Heavenly Executioner of Soul,1,bango-file,message.dat,7781
itemname,6642,Infernal Destroyer of Soul,1,bango-file,message.dat,7782
itemname,6643,Dark Shadow of Soul,1,bango-file,message.dat,7783
itemname,6644,Knight of Soul,1,bango-file,message.dat,7784
itemname,6645,Magician of Soul,1,bango-file,message.dat,7785
itemname,6646,Archer of Soul,1,bango-file,message.dat,7786
itemname,6647,Blood Dragon's of Soul,1,bango-file,message.dat,7787
itemname,6648,Piece of Blood Dragon's Soul,1,bango-file,message.dat,7788
itemname,6649,Piece of Heavenly Executioner's Soul,1,bango-file,message.dat,7789
itemname,6650,Piece of Infernal Destroyer's Soul,1,bango-file,message.dat,7790
itemname,6651,Piece of Dark Shadow's Soul,1,bango-file,message.dat,7791
itemname,6700,Horse (15 days),1,bango-file,message.dat,7795
itemname,6701,Medium Medicine,1,bango-file,message.dat,7796
itemname,6702,Hanin's Mirror,1,bango-file,message.dat,7797
itemname,6715,[Event] Large Medicine,1,bango-file,message.dat,7798
itemname,6716,[Event] Scroll of HP Absorption[For a comeback player],1,bango-file,message.dat,7799
itemname,6717,[Event] Scroll of Normal Perfect Defense[For a comeback player],1,bango-file,message.dat,7800
itemname,6718,[Event] Comeback user's bless (15days),1,bango-file,message.dat,7801
itemname,6719,[Event] Wolf (15 days),1,bango-file,message.dat,7802
itemname,6724,Blessing of Asadal (30 days),1,bango-file,message.dat,7803
itemname,6725,Stone of EXP (30 days),1,bango-file,message.dat,7804
itemname,6726,Stone of Wealth (30 days),1,bango-file,message.dat,7805
itemname,6727,Stone of EXP for Ancient Animal (30 days),1,bango-file,message.dat,7806
itemname,6728,Power Stone,1,bango-file,message.dat,7807
itemname,6730,Teleport Scroll,1,bango-file,message.dat,7809
itemname,6731,White Tiger (15 days),1,bango-file,message.dat,7810
itemname,6732,Reaper Pet,1,bango-file,message.dat,7811
itemname,6735,Comeback support Box,1,bango-file,message.dat,7814
itemname,6737,Welcome Pack,1,bango-file,message.dat,7815
itemname,4502,Comeback Weapon Ticket(30 days),2,bango-file,message.dat,7818
itemname,4503,Comeback Armor Ticket(30 days),2,bango-file,message.dat,7819
itemname,6759,Comeback Weapon Ticket(30 days),1,bango-file,message.dat,7824
itemname,6760,Comeback Armor Ticket(30 days),1,bango-file,message.dat,7825
itemname,7200,Bamboo Taegeukseon,1,bango-file,message.dat,7829
itemname,7201,Oak Taegeukseon,1,bango-file,message.dat,7830
itemname,7202,Floral leaf Taegeukseon,1,bango-file,message.dat,7831
itemname,7203,Iron Taegeukseon,1,bango-file,message.dat,7832
itemname,7204,Iron Red Taegeukseon,1,bango-file,message.dat,7833
itemname,7205,HwanDoo Taegeukseon,1,bango-file,message.dat,7834
itemname,7206,Red HwanDoo Taegeukseon,1,bango-file,message.dat,7835
itemname,7207,Saehyung Taegeukseon,1,bango-file,message.dat,7836
itemname,7208,Sedan Taegeukseon,1,bango-file,message.dat,7837
itemname,7209,Zhongbang Taegeukseon,1,bango-file,message.dat,7838
itemname,7210,Imperial Zhongbang Taegeukseon,1,bango-file,message.dat,7839
itemname,7211,Savage Tribe Priest Taegeukseon,1,bango-file,message.dat,7840
itemname,7212,Savage Tribe Second Patriarch Taegeukseon,1,bango-file,message.dat,7841
itemname,7213,Savage Tribe First Patriarch Taegeukseon,1,bango-file,message.dat,7842
itemname,7214,Imperial Savage Tribe First Patriarch Taegeukseon,1,bango-file,message.dat,7843
itemname,7215,Black Crow's Feather Taegeukseon,1,bango-file,message.dat,7844
itemname,7216,Stripe Crow's Feather Taegeukseon,1,bango-file,message.dat,7845
itemname,7217,Blue Crow's Feather Taegeukseon,1,bango-file,message.dat,7846
itemname,7218,Imperial Blue Crow's Feather Taegeukseon,1,bango-file,message.dat,7847
itemname,7219,Golden Treasure Taegeukseon,1,bango-file,message.dat,7848
itemname,7220,Pain Golden Treasure Taegeukseon,1,bango-file,message.dat,7849
itemname,7221,Vision Golden Treasure Taegeukseon,1,bango-file,message.dat,7850
itemname,7222,Imperial Pain Taegeukseon,1,bango-file,message.dat,7851
itemname,7223,Ancient Taegeukseon,1,bango-file,message.dat,7852
itemname,7224,General's Taegeukseon,1,bango-file,message.dat,7853
itemname,7225,Ancient King Taegeukseon,1,bango-file,message.dat,7854
itemname,7226,Imperial General's Taegeukseon,1,bango-file,message.dat,7855
itemname,7227,Doggebi Taegeukseon,1,bango-file,message.dat,7856
itemname,7228,High Class Doggebi Taegeukseon,1,bango-file,message.dat,7857
itemname,7229,Doggebi Lord Taegeukseon,1,bango-file,message.dat,7858
itemname,7230,Imperial Doggebi Taegeukseon,1,bango-file,message.dat,7859
itemname,7231,Sura Taegeukseon,1,bango-file,message.dat,7860
itemname,7232,Imperial Sura Taegeukseon,1,bango-file,message.dat,7861
itemname,7233,Golden of Ruin Taegeukseon,1,bango-file,message.dat,7862
itemname,7234,Golden of Hell Taegeukseon,1,bango-file,message.dat,7863
itemname,7235,Imperial Golden of Ruin Taegeukseon,1,bango-file,message.dat,7864
itemname,7236,Imperial Golden of Hell Taegeukseon,1,bango-file,message.dat,7865
itemname,7237,Sky dragon Taegeukseon,1,bango-file,message.dat,7866
itemname,7238,Imperial Sky dragon Taegeukseon,1,bango-file,message.dat,7867
itemname,7239,Blood Dragon of Ruin Taegeukseon,1,bango-file,message.dat,7868
itemname,7240,Blood Dragon of Hell Taegeukseon,1,bango-file,message.dat,7869
itemname,7241,Imperial Blood Dragon of Ruin Taegeukseon,1,bango-file,message.dat,7870
itemname,7242,Imperial Blood Dragon of Hell Taegeukseon,1,bango-file,message.dat,7871
itemname,7243,Heavenly Executioner of Ruin Taegeukseon,1,bango-file,message.dat,7872
itemname,7244,Heavenly Executioner of Hell Taegeukseon,1,bango-file,message.dat,7873
itemname,7245,Imperial Heavenly Executioner of Ruin Taegeukseon,1,bango-file,message.dat,7874
itemname,7246,Imperial Heavenly Executioner of Hell Taegeukseon,1,bango-file,message.dat,7875
itemname,7247,Infernal Destroyer of Ruin Taegeukseon,1,bango-file,message.dat,7876
itemname,7248,Infernal Destroyer of Hell Taegeukseon,1,bango-file,message.dat,7877
itemname,7249,Imperial Infernal Destroyer of Ruin Taegeukseon,1,bango-file,message.dat,7878
itemname,7250,Imperial Infernal Destroyer of Hell Taegeukseon,1,bango-file,message.dat,7879
itemname,7251,Dark Shadow of Ruin Taegeukseon,1,bango-file,message.dat,7880
itemname,7252,Dark Shadow of Hell Taegeukseon,1,bango-file,message.dat,7881
itemname,7253,Imperial Dark Shadow of Ruin Taegeukseon,1,bango-file,message.dat,7882
itemname,7254,Imperial Dark Shadow of Hell Taegeukseon,1,bango-file,message.dat,7883
itemname,7270,Artificial Golden of Ruin Taegeukseon,1,bango-file,message.dat,7884
itemname,7271,Artificial Golden of Hell Taegeukseon,1,bango-file,message.dat,7885
itemname,7272,Artificial Blood Dragon of Ruin Taegeukseon,1,bango-file,message.dat,7886
itemname,7273,Artificial Blood Dragon of Hell Taegeukseon,1,bango-file,message.dat,7887
itemname,7274,Artificial Heavenly Executioner of Ruin Taegeukseon,1,bango-file,message.dat,7888
itemname,7275,Artificial Heavenly Executioner of Hell Taegeukseon,1,bango-file,message.dat,7889
itemname,7276,Artificial Infernal Destroyer of Ruin Taegeukseon,1,bango-file,message.dat,7890
itemname,7277,Artificial Infernal Destroyer of Hell Taegeukseon,1,bango-file,message.dat,7891
itemname,7278,Artificial Dark Shadow of Ruin Taegeukseon,1,bango-file,message.dat,7892
itemname,7279,Artificial Dark Shadow of Hell Taegeukseon,1,bango-file,message.dat,7893
itemname,7280,Artificial Imperial Golden of Ruin Taegeukseon,1,bango-file,message.dat,7894
itemname,7281,Artificial Imperial Golden of Hell Taegeukseon,1,bango-file,message.dat,7895
itemname,7282,Artificial Imperial Blood Dragon of Ruin Taegeukseon,1,bango-file,message.dat,7896
itemname,7283,Artificial Imperial Blood Dragon of Hell Taegeukseon,1,bango-file,message.dat,7897
itemname,7284,Artificial Imperial Heavenly Executioner of Ruin Taegeukseon,1,bango-file,message.dat,7898
itemname,7285,Artificial Imperial Heavenly Executioner of Hell Taegeukseon,1,bango-file,message.dat,7899
itemname,7286,Artificial Imperial Infernal Destroyer of Ruin Taegeukseon,1,bango-file,message.dat,7900
itemname,7287,Artificial Imperial Infernal Destroyer of Hell Taegeukseon,1,bango-file,message.dat,7901
itemname,7288,Artificial Imperial Dark Shadow of Ruin Taegeukseon,1,bango-file,message.dat,7902
itemname,7289,Artificial Imperial Dark Shadow of Hell Taegeukseon,1,bango-file,message.dat,7903
itemname,7290,Imperial JoongBang Chairperson's Taegeukseon,1,bango-file,message.dat,7904
itemname,7300,MyungJoo Hak Yung Hair Decoration,1,bango-file,message.dat,7905
itemname,7301,BeeDan Hak Yung Hair Decoration,1,bango-file,message.dat,7906
itemname,7302,MyungJoo So Yung Hair Decoration,1,bango-file,message.dat,7907
itemname,7303,BeeDan So Yung Hair Decoration,1,bango-file,message.dat,7908
itemname,7304,MyungJoo Dae Yung Hair Decoration,1,bango-file,message.dat,7909
itemname,7305,BeeDan Dae Yung Hair Decoration,1,bango-file,message.dat,7910
itemname,7306,White Dae Yung Hair Decoration,1,bango-file,message.dat,7911
itemname,7307,Doggebi Dae Yung Hair Decoration,1,bango-file,message.dat,7912
itemname,7308,Golden Dae Yung Hair Decoration,1,bango-file,message.dat,7913
itemname,7309,Blood Dragon Dae Yung Hair Decoration,1,bango-file,message.dat,7914
itemname,7310,Heavenly Executioner Dae Yung Hair Decoration,1,bango-file,message.dat,7915
itemname,7311,Infernal Destroyer Dae Yung Hair Decoration,1,bango-file,message.dat,7916
itemname,7312,Dark Shadow Dae Yung Hair Decoration,1,bango-file,message.dat,7917
itemname,7313,MyungJoo Hak Yung Clothes,1,bango-file,message.dat,7918
itemname,7314,BeeDan Hak Yung Clothes,1,bango-file,message.dat,7919
itemname,7315,MyungJoo So Yung Clothes,1,bango-file,message.dat,7920
itemname,7316,BeeDan So Yung Clothes,1,bango-file,message.dat,7921
itemname,7317,MyungJoo Dae Yung Clothes,1,bango-file,message.dat,7922
itemname,7318,BeeDan Dae Yung Clothes,1,bango-file,message.dat,7923
itemname,7319,White Dae Yung Clothes,1,bango-file,message.dat,7924
itemname,7320,Doggebi Dae Yung Clothes,1,bango-file,message.dat,7925
itemname,7321,Golden Dae Yung Clothes,1,bango-file,message.dat,7926
itemname,7322,Blood Dragon Dae Yung Clothes,1,bango-file,message.dat,7927
itemname,7323,Heavenly Executioner Dae Yung Clothes,1,bango-file,message.dat,7928
itemname,7324,Infernal Destroyer Dae Yung Clothes,1,bango-file,message.dat,7929
itemname,7325,Dark Shadow Dae Yung Clothes,1,bango-file,message.dat,7930
itemname,7326,MyungJoo Hak Yung Shorts,1,bango-file,message.dat,7931
itemname,7327,BeeDan Hak Yung Shorts,1,bango-file,message.dat,7932
itemname,7328,MyungJoo So Yung Shorts,1,bango-file,message.dat,7933
itemname,7329,BeeDan So Yung Shorts,1,bango-file,message.dat,7934
itemname,7330,MyungJoo Dae Yung Shorts,1,bango-file,message.dat,7935
itemname,7331,BeeDan Dae Yung Shorts,1,bango-file,message.dat,7936
itemname,7332,White Dae Yung Shorts,1,bango-file,message.dat,7937
itemname,7333,Doggebi Dae Yung Shorts,1,bango-file,message.dat,7938
itemname,7334,Golden Dae Yung Shorts,1,bango-file,message.dat,7939
itemname,7335,Blood Dragon Dae Yung Shorts,1,bango-file,message.dat,7940
itemname,7336,Heavenly Executioner Dae Yung Shorts,1,bango-file,message.dat,7941
itemname,7337,Infernal Destroyer Dae Yung Shorts,1,bango-file,message.dat,7942
itemname,7338,Dark Shadow Dae Yung Shorts,1,bango-file,message.dat,7943
itemname,7339,MyungJoo Hak Yung Gloves,1,bango-file,message.dat,7944
itemname,7340,BeeDan Hak Yung Gloves,1,bango-file,message.dat,7945
itemname,7341,MyungJoo So Yung Gloves,1,bango-file,message.dat,7946
itemname,7342,BeeDan So Yung Gloves,1,bango-file,message.dat,7947
itemname,7343,MyungJoo Dae Yung Gloves,1,bango-file,message.dat,7948
itemname,7344,BeeDan Dae Yung Gloves,1,bango-file,message.dat,7949
itemname,7345,White Dae Yung Gloves,1,bango-file,message.dat,7950
itemname,7346,Doggebi Dae Yung Gloves,1,bango-file,message.dat,7951
itemname,7347,Golden Dae Yung Gloves,1,bango-file,message.dat,7952
itemname,7348,Blood Dragon Dae Yung Gloves,1,bango-file,message.dat,7953
itemname,7349,Heavenly Executioner Dae Yung Gloves,1,bango-file,message.dat,7954
itemname,7350,Infernal Destroyer Dae Yung Gloves,1,bango-file,message.dat,7955
itemname,7351,Dark Shadow Dae Yung Gloves,1,bango-file,message.dat,7956
itemname,7352,MyungJoo Hak Yung Boots,1,bango-file,message.dat,7957
itemname,7353,BeeDan Hak Yung Boots,1,bango-file,message.dat,7958
itemname,7354,MyungJoo So Yung Boots,1,bango-file,message.dat,7959
itemname,7355,BeeDan So Yung Boots,1,bango-file,message.dat,7960
itemname,7356,MyungJoo Dae Yung Boots,1,bango-file,message.dat,7961
itemname,7357,BeeDan Dae Yung Boots,1,bango-file,message.dat,7962
itemname,7358,White Dae Yung Boots,1,bango-file,message.dat,7963
itemname,7359,Doggebi Dae Yung Boots,1,bango-file,message.dat,7964
itemname,7360,Golden Dae Yung Boots,1,bango-file,message.dat,7965
itemname,7361,Blood Dragon Dae Yung Boots,1,bango-file,message.dat,7966
itemname,7362,Heavenly Executioner Dae Yung Boots,1,bango-file,message.dat,7967
itemname,7363,Infernal Destroyer Dae Yung Boots,1,bango-file,message.dat,7968
itemname,7364,Dark Shadow Dae Yung Boots,1,bango-file,message.dat,7969
itemname,7380,Artificial Golden Dae Yung Hair Decoration,1,bango-file,message.dat,7971
itemname,7381,Artificial Golden Dae Yung Clothes,1,bango-file,message.dat,7972
itemname,7382,Artificial Golden Dae Yung Shorts,1,bango-file,message.dat,7973
itemname,7383,Artificial Golden Dae Yung Gloves,1,bango-file,message.dat,7974
itemname,7384,Artificial Golden Dae Yung Boots,1,bango-file,message.dat,7975
itemname,7385,Artificial Blood Dragon Dae Yung Hair Decoration,1,bango-file,message.dat,7976
itemname,7386,Artificial Blood Dragon Dae Yung Clothes,1,bango-file,message.dat,7977
itemname,7387,Artificial Blood Dragon Dae Yung Shorts,1,bango-file,message.dat,7978
itemname,7388,Artificial Blood Dragon Dae Yung Gloves,1,bango-file,message.dat,7979
itemname,7389,Artificial Blood Dragon Dae Yung Boots,1,bango-file,message.dat,7980
itemname,7390,Artificial Heavenly Executioner Dae Yung Hair Decoration,1,bango-file,message.dat,7981
itemname,7391,Artificial Heavenly Executioner Dae Yung Clothes,1,bango-file,message.dat,7982
itemname,7392,Artificial Heavenly Executioner Dae Yung Shorts,1,bango-file,message.dat,7983
itemname,7393,Artificial Heavenly Executioner Dae Yung Gloves,1,bango-file,message.dat,7984
itemname,7394,Artificial Heavenly Executioner Dae Yung Boots,1,bango-file,message.dat,7985
itemname,7395,Artificial Infernal Destroyer Dae Yung Hair Decoration,1,bango-file,message.dat,7986
itemname,7396,Artificial Infernal Destroyer Dae Yung Clothes,1,bango-file,message.dat,7987
itemname,7397,Artificial Infernal Destroyer Dae Yung Shorts,1,bango-file,message.dat,7988
itemname,7398,Artificial Infernal Destroyer Dae Yung Gloves,1,bango-file,message.dat,7989
itemname,7399,Artificial Infernal Destroyer Dae Yung Boots,1,bango-file,message.dat,7990
itemname,7400,Artificial Dark Shadow Dae Yung Hair Decoration,1,bango-file,message.dat,7991
itemname,7401,Artificial Dark Shadow Dae Yung Clothes,1,bango-file,message.dat,7992
itemname,7402,Artificial Dark Shadow Dae Yung Shorts,1,bango-file,message.dat,7993
itemname,7403,Artificial Dark Shadow Dae Yung Gloves,1,bango-file,message.dat,7994
itemname,7404,Artificial Dark Shadow Dae Yung Boots,1,bango-file,message.dat,7995
itemname,7405,Golden of Ruin Taegeukseon[15 Day],1,bango-file,message.dat,7997
itemname,7406,Golden of Hell Taegeukseon[15 Day],1,bango-file,message.dat,7998
itemname,7407,Imperial Golden of Ruin Taegeukseon[15 Day],1,bango-file,message.dat,7999
itemname,7408,Imperial Golden of Hell Taegeukseon[15 Day],1,bango-file,message.dat,8000
itemname,7409,Blood Dragon of Ruin Taegeukseon[15 Day],1,bango-file,message.dat,8001
itemname,7410,Blood Dragon of Hell Taegeukseon[15 Day],1,bango-file,message.dat,8002
itemname,7411,Imperial Blood Dragon of Ruin Taegeukseon[15 Day],1,bango-file,message.dat,8003
itemname,7412,Imperial Blood Dragon of Hell Taegeukseon[15 Day],1,bango-file,message.dat,8004
itemname,7413,Heavenly Executioner of Ruin Taegeukseon[15 Day],1,bango-file,message.dat,8005
itemname,7414,Heavenly Executioner of Hell Taegeukseon[15 Day],1,bango-file,message.dat,8006
itemname,7415,Golden Dae Yung Hair Decoration[15 Day],1,bango-file,message.dat,8007
itemname,7416,Blood Dragon Dae Yung Hair Decoration[15 Day],1,bango-file,message.dat,8008
itemname,7417,Heavenly Executioner Dae Yung Hair Decoration[15 Day],1,bango-file,message.dat,8009
itemname,7418,Golden Dae Yung Clothes[15 Day],1,bango-file,message.dat,8010
itemname,7419,Blood Dragon Dae Yung Clothes[15 Day],1,bango-file,message.dat,8011
itemname,7420,Heavenly Executioner Dae Yung Clothes[15 Day],1,bango-file,message.dat,8012
itemname,7421,Golden Dae Yung Shorts[15 Day],1,bango-file,message.dat,8013
itemname,7422,Blood Dragon Dae Yung Shorts[15 Day],1,bango-file,message.dat,8014
itemname,7423,Heavenly Executioner Dae Yung Shorts[15 Day],1,bango-file,message.dat,8015
itemname,7424,Golden Dae Yung Gloves[15 Day],1,bango-file,message.dat,8016
itemname,7425,Blood Dragon Dae Yung Gloves[15 Day],1,bango-file,message.dat,8017
itemname,7426,Heavenly Executioner Dae Yung Gloves[15 Day],1,bango-file,message.dat,8018
itemname,7427,Golden Dae Yung Boots[15 Day],1,bango-file,message.dat,8019
itemname,7428,Blood Dragon Dae Yung Boots[15 Day],1,bango-file,message.dat,8020
itemname,7429,Heavenly Executioner Dae Yung Boots[15 Day],1,bango-file,message.dat,8021
itemname,7430,Golden of Ruin Taegeukseon[30 Day],1,bango-file,message.dat,8022
itemname,7431,Golden of Hell Taegeukseon[30 Day],1,bango-file,message.dat,8023
itemname,7432,Imperial Golden of Ruin Taegeukseon[30 Day],1,bango-file,message.dat,8024
itemname,7433,Imperial Golden of Hell Taegeukseon[30 Day],1,bango-file,message.dat,8025
itemname,7434,Blood Dragon of Ruin Taegeukseon[30 Day],1,bango-file,message.dat,8026
itemname,7435,Blood Dragon of Hell Taegeukseon[30 Day],1,bango-file,message.dat,8027
itemname,7436,Imperial Blood Dragon of Ruin Taegeukseon[30 Day],1,bango-file,message.dat,8028
itemname,7437,Imperial Blood Dragon of Hell Taegeukseon[30 Day],1,bango-file,message.dat,8029
itemname,7438,Heavenly Executioner of Ruin Taegeukseon[30 Day],1,bango-file,message.dat,8030
itemname,7439,Heavenly Executioner of Hell Taegeukseon[30 Day],1,bango-file,message.dat,8031
itemname,7440,Golden Dae Yung Hair Decoration[30 Day],1,bango-file,message.dat,8032
itemname,7441,Blood Dragon Dae Yung Hair Decoration[30 Day],1,bango-file,message.dat,8033
itemname,7442,Heavenly Executioner Dae Yung Hair Decoration[30 Day],1,bango-file,message.dat,8034
itemname,7443,Golden Dae Yung Clothes[30 Day],1,bango-file,message.dat,8035
itemname,7444,Blood Dragon Dae Yung Clothes[30 Day],1,bango-file,message.dat,8036
itemname,7445,Heavenly Executioner Dae Yung Clothes[30 Day],1,bango-file,message.dat,8037
itemname,7446,Golden Dae Yung Shorts[30 Day],1,bango-file,message.dat,8038
itemname,7447,Blood Dragon Dae Yung Shorts[30 Day],1,bango-file,message.dat,8039
itemname,7448,Heavenly Executioner Dae Yung Shorts[30 Day],1,bango-file,message.dat,8040
itemname,7449,Golden Dae Yung Gloves[30 Day],1,bango-file,message.dat,8041
itemname,7450,Blood Dragon Dae Yung Gloves[30 Day],1,bango-file,message.dat,8042
itemname,7451,Heavenly Executioner Dae Yung Gloves[30 Day],1,bango-file,message.dat,8043
itemname,7452,Golden Dae Yung Boots[30 Day],1,bango-file,message.dat,8044
itemname,7453,Blood Dragon Dae Yung Boots[30 Day],1,bango-file,message.dat,8045
itemname,7454,Heavenly Executioner Dae Yung Boots[30 Day],1,bango-file,message.dat,8046
itemname,7500,[Event] Glow Support Box,1,bango-file,message.dat,8049
itemname,7501,[Event] Glow Support Box LV15,1,bango-file,message.dat,8050
itemname,7502,[Event] Glow Support Box LV30,1,bango-file,message.dat,8051
itemname,7503,[Event] Glow Support Box LV40,1,bango-file,message.dat,8052
itemname,7504,[Event] Glow Support Box LV50,1,bango-file,message.dat,8053
itemname,7505,[Event] Glow Support Box LV60,1,bango-file,message.dat,8054
itemname,7506,[Event] Medium Medicine,1,bango-file,message.dat,8055
itemname,7507,[Event] Large Medicine,1,bango-file,message.dat,8056
itemname,7508,[Event] Horse (15 Days),1,bango-file,message.dat,8057
itemname,7509,[Event] Eel Soup,1,bango-file,message.dat,8058
itemname,7510,[Event] Scroll of HP Absorption,1,bango-file,message.dat,8059
itemname,7511,[Event] INT&WIS Potion,1,bango-file,message.dat,8060
itemname,7512,The Angel of Death,1,bango-file,message.dat,8061
itemname,4923,Novice support Box [Shaman],1,bango-file,message.dat,8062
itemname,4332,Mask for Shaman,1,bango-file,message.dat,8063
itemname,7199,Shaman Trinket,1,bango-file,message.dat,8064
itemname,7000,Inventory slot expansion scroll,1,bango-file,message.dat,8074
itemname,7001,Inventory slot expansion scroll(10Min),1,bango-file,message.dat,8075
itemname,7002,Inventory slot expansion scroll(1Hour),1,bango-file,message.dat,8076
itemname,7003,Inventory slot expansion scroll(1Day),1,bango-file,message.dat,8077
itemname,7004,Inventory slot expansion scroll(30Day),1,bango-file,message.dat,8078
itemname,7005,#2DLC Slot Pack,1,bango-file,message.dat,8079
itemname,7006,#2Papadogs,1,bango-file,message.dat,8081
itemname,7007,#2Limited Edition Pet Box,1,bango-file,message.dat,8082
itemname,7060,Stone of Shaman Growth - 1Day,1,bango-file,message.dat,8084
itemname,7600,Costume enchant stone,1,bango-file,message.dat,8087
itemname,7601,???? ???? ???? ?????,1,bango-file,message.dat,8088
itemname,7602,T-bear sword,1,bango-file,message.dat,8089
itemname,7603,T-bear Bow,1,bango-file,message.dat,8090
itemname,7604,T-bear Stick,1,bango-file,message.dat,8091
itemname,7605,T-bear dagger,1,bango-file,message.dat,8092
itemname,7606,T-bear Taegeukseon,1,bango-file,message.dat,8093
itemname,7607,#4Special T-bear sword,1,bango-file,message.dat,8094
itemname,7608,#4Special T-bear Bow,1,bango-file,message.dat,8095
itemname,7609,#4Special T-bear Stick,1,bango-file,message.dat,8096
itemname,7610,#4Special T-bear dagger,1,bango-file,message.dat,8097
itemname,7611,#4Special T-bear Taegeukseon,1,bango-file,message.dat,8098
itemname,7612,Costume enchant box,1,bango-file,message.dat,8099
itemname,7613,T-bear sword Box,1,bango-file,message.dat,8100
itemname,7614,T-bear Bow Box,1,bango-file,message.dat,8101
itemname,7615,T-bear Stick Box,1,bango-file,message.dat,8102
itemname,7616,T-bear dagger Box,1,bango-file,message.dat,8103
itemname,7617,T-bear Taegeukseon Box,1,bango-file,message.dat,8104
itemname,7618,Costume enchant large Box,1,bango-file,message.dat,8105
itemname,7619,Blood Bone Sword,1,bango-file,message.dat,8108
itemname,7620,Blood Bone Bow,1,bango-file,message.dat,8109
itemname,7621,Blood Bone Stick,1,bango-file,message.dat,8110
itemname,7622,Blood Bone Dagger,1,bango-file,message.dat,8111
itemname,7623,Blood Bone Taegeukseon,1,bango-file,message.dat,8112
itemname,7624,#4Special Blood Bone Sword,1,bango-file,message.dat,8113
itemname,7625,#4Special Blood Bone Bow,1,bango-file,message.dat,8114
itemname,7626,#4Special Blood Bone Stick,1,bango-file,message.dat,8115
itemname,7627,#4Special Blood Bone Dagger,1,bango-file,message.dat,8116
itemname,7628,#4Special Blood Bone Taegeukseon,1,bango-file,message.dat,8117
itemname,7629,Blood Bone sword Box,1,bango-file,message.dat,8119
itemname,7630,Blood Bone Bow Box,1,bango-file,message.dat,8120
itemname,7631,Blood Bone Stick Box,1,bango-file,message.dat,8121
itemname,7632,Blood Bone dagger Box,1,bango-file,message.dat,8122
itemname,7633,Blood Bone Taegeukseon Box,1,bango-file,message.dat,8123
itemname,7750,2017 Special Package,1,bango-file,message.dat,8127
itemname,7751,2017 Special Package,1,bango-file,message.dat,8128
itemname,7754,Blessing of Asadal (7 days),1,bango-file,message.dat,8131
itemname,7755,[Event]Silver Coin,1,bango-file,message.dat,8132
itemname,7756,Piece of Dark Shadow Shield,1,bango-file,message.dat,8133
itemname,7759,Dark Shadow Shield box,1,bango-file,message.dat,8134
itemname,7700,Demon Vulgar Pet,1,bango-file,message.dat,8137
itemname,7701,Demon Carcass Scavenger Pet,1,bango-file,message.dat,8138
itemname,7702,Demon Water Dragon Pet,1,bango-file,message.dat,8139
itemname,7703,Devil Soldier Pet,1,bango-file,message.dat,8140
itemname,7704,Giant Doggebi Pet,1,bango-file,message.dat,8141
itemname,7705,Assassin who killed Yong-Chun Pet,1,bango-file,message.dat,8142
itemname,7706,Chief of Angry Doggebi Troop Pet,1,bango-file,message.dat,8143
itemname,7707,"Chief of the Traitor's Hangout, Yoong-Gi Pet",1,bango-file,message.dat,8144
itemname,7708,Demon Vulgar Soul,1,bango-file,message.dat,8145
itemname,7709,Demon Carcass Scavenger Soul,1,bango-file,message.dat,8146
itemname,7710,Demon Water Dragon Soul,1,bango-file,message.dat,8147
itemname,7711,Devil Soldier Soul,1,bango-file,message.dat,8148
itemname,7712,Giant Doggebi Soul,1,bango-file,message.dat,8149
itemname,7713,Assassin who killed Yong-Chun Soul,1,bango-file,message.dat,8150
itemname,7714,Chief of Angry Doggebi Troop Soul,1,bango-file,message.dat,8151
itemname,7715,"Chief of the Traitor's Hangout, Yoong-Gi Soul",1,bango-file,message.dat,8152
itemname,7716,Honor Pet Talisman,1,bango-file,message.dat,8153
itemname,7717,Random Premium Monster Pet Box,1,bango-file,message.dat,8154
itemname,7718,Premium Pet Talisman,1,bango-file,message.dat,8155
itemname,7719,Devil Troop of Desire Pet,1,bango-file,message.dat,8158
itemname,7720,Devil Troop of Pain Pet,1,bango-file,message.dat,8159
itemname,7721,Maid of Honor of the Royal Tomb Pet,1,bango-file,message.dat,8160
itemname,7722,High Class Doggebi with a Mask of Black Crow Pet,1,bango-file,message.dat,8161
itemname,7723,Devil Troop of Desire Soul,1,bango-file,message.dat,8162
itemname,7724,Devil Troop of Pain Soul,1,bango-file,message.dat,8163
itemname,7725,Maid of Honor of the Royal Tomb Soul,1,bango-file,message.dat,8164
itemname,7726,High Class Doggebi with a Mask of Black Crow Soul,1,bango-file,message.dat,8165
itemname,7727,Maid of Honor of the Royal Tomb Random Pet Box,1,bango-file,message.dat,8167
itemname,7728,High Class Doggebi with a Mask of Black Crow Random Pet Box,1,bango-file,message.dat,8168
itemname,7800,White Symbol I,1,bango-file,message.dat,8175
itemname,7801,White Symbol II,1,bango-file,message.dat,8176
itemname,7802,White Symbol III,1,bango-file,message.dat,8177
itemname,7803,White Symbol IV,1,bango-file,message.dat,8178
itemname,7804,White Symbol V,1,bango-file,message.dat,8179
itemname,7805,White Symbol,1,bango-file,message.dat,8180
itemname,7806,Enchant Item Pouch,1,bango-file,message.dat,8181
itemname,7807,Equipment's Soul Pouch,1,bango-file,message.dat,8182
itemname,7808,Equipment's Soul Piece Pouch,1,bango-file,message.dat,8183
itemname,7809,White WA Box,1,bango-file,message.dat,8184
itemname,7810,White Cube,1,bango-file,message.dat,8185
itemname,7811,Master WA Box,1,bango-file,message.dat,8186
itemname,7850,[VIP] Scroll of Damage Reduction,1,bango-file,message.dat,8189
itemname,7851,[VIP] Scroll of Evasion Improvement,1,bango-file,message.dat,8190
itemname,7852,[VIP] Inventory slot expansion scroll(30Day),1,bango-file,message.dat,8191
itemname,7853,[VIP] Pill,1,bango-file,message.dat,8192
itemname,7854,[VIP] Medium Magic Potion,1,bango-file,message.dat,8193
itemname,7855,[VIP] Pill Box,1,bango-file,message.dat,8194
itemname,7856,[VIP] Medium Magic Potion Box,1,bango-file,message.dat,8195
itemname,7863,Stone of Super EXP(15days),1,bango-file,message.dat,8197
itemname,7864,Stone of Super EXP for Ancient Animal (15days),1,bango-file,message.dat,8198
itemname,7865,Plus Package,1,bango-file,message.dat,8201
itemname,7866,Stone of Plus EXP 10%(3days),1,bango-file,message.dat,8202
itemname,7867,Power Stone,1,bango-file,message.dat,8203
itemname,7868,OTP Stone,1,bango-file,message.dat,8204
itemname,7869,Stone of Plus Ancient Animal's EXP 10%,1,bango-file,message.dat,8205
itemname,7871,Essence element box,1,bango-file,message.dat,8210
itemname,7880,An assault captain's battle horse,1,bango-file,message.dat,8213
itemname,7881,A brave captain's battle horse,1,bango-file,message.dat,8215
itemname,7882,A wild battle horse,1,bango-file,message.dat,8217
itemname,7883,1st Grade battle horse helmet (STR),1,bango-file,message.dat,8219
itemname,7884,1st Grade battle horse helmet (INT),1,bango-file,message.dat,8220
itemname,7885,1st Grade battle horse Armor,1,bango-file,message.dat,8221
itemname,7886,1st Grade battle horse saddle,1,bango-file,message.dat,8222
itemname,7887,1st Grade battle horse saddle cloth,1,bango-file,message.dat,8223
itemname,7888,1st Grade battle horse magnet,1,bango-file,message.dat,8224
itemname,7889,2nd Grade battle horse helmet (STR),1,bango-file,message.dat,8226
itemname,7890,2nd Grade battle horse helmet (INT),1,bango-file,message.dat,8227
itemname,7891,2nd Grade battle horse Armor,1,bango-file,message.dat,8228
itemname,7892,2nd Grade battle horse saddle,1,bango-file,message.dat,8229
itemname,7893,2nd Grade battle horse saddle cloth,1,bango-file,message.dat,8230
itemname,7894,2nd Grade battle horse magnet,1,bango-file,message.dat,8231
itemname,7895,3rd Grade battle horse helmet (STR),1,bango-file,message.dat,8233
itemname,7896,3rd Grade battle horse helmet (INT),1,bango-file,message.dat,8234
itemname,7897,3rd Grade battle horse Armor,1,bango-file,message.dat,8235
itemname,7898,3rd Grade battle horse saddle,1,bango-file,message.dat,8236
itemname,7899,3rd Grade battle horse saddle cloth,1,bango-file,message.dat,8237
itemname,7900,3rd Grade battle horse magnet,1,bango-file,message.dat,8238
itemname,7901,4th Grade battle horse helmet (STR),1,bango-file,message.dat,8240
itemname,7902,4th Grade battle horse helmet (INT),1,bango-file,message.dat,8241
itemname,7903,4th Grade battle horse Armor,1,bango-file,message.dat,8242
itemname,7904,4th Grade battle horse saddle,1,bango-file,message.dat,8243
itemname,7905,4th Grade battle horse saddle cloth,1,bango-file,message.dat,8244
itemname,7906,4th Grade battle horse magnet,1,bango-file,message.dat,8245
itemname,7907,1st Grade battle horse enchant stone,1,bango-file,message.dat,8247
itemname,7908,2nd Grade battle horse enchant stone,1,bango-file,message.dat,8248
itemname,7909,3rd Grade battle horse enchant stone,1,bango-file,message.dat,8249
itemname,7910,4th Grade battle horse enchant stone,1,bango-file,message.dat,8250
itemname,7911,1st Grade battle horse enchant stone box,1,bango-file,message.dat,8252
itemname,7912,2nd Grade battle horse enchant stone box,1,bango-file,message.dat,8253
itemname,7913,3rd Grade battle horse enchant stone box,1,bango-file,message.dat,8254
itemname,7914,4th Grade battle horse enchant stone box,1,bango-file,message.dat,8255
itemname,7915,1st Grade battle horse enchant stone premium box,1,bango-file,message.dat,8257
itemname,7916,2nd Grade battle horse enchant stone premium box,1,bango-file,message.dat,8258
itemname,7917,3rd Grade battle horse enchant stone premium box,1,bango-file,message.dat,8259
itemname,7918,4th Grade battle horse enchant stone premium box,1,bango-file,message.dat,8260
itemname,7919,1st Grade battle horse helmet box,1,bango-file,message.dat,8262
itemname,7920,1st Grade battle horse Armor box,1,bango-file,message.dat,8263
itemname,7921,1st Grade battle horse saddle box,1,bango-file,message.dat,8264
itemname,7922,1st Grade battle horse saddle cloth box,1,bango-file,message.dat,8265
itemname,7923,1st Grade battle horse magnet box,1,bango-file,message.dat,8266
itemname,7924,2nd Grade battle horse helmet box,1,bango-file,message.dat,8268
itemname,7925,2nd Grade battle horse Armor box,1,bango-file,message.dat,8269
itemname,7926,2nd Grade battle horse saddle box,1,bango-file,message.dat,8270
itemname,7927,2nd Grade battle horse saddle cloth box,1,bango-file,message.dat,8271
itemname,7928,2nd Grade battle horse magnet box,1,bango-file,message.dat,8272
itemname,7929,3rd Grade battle horse helmet box,1,bango-file,message.dat,8274
itemname,7930,3rd Grade battle horse Armor box,1,bango-file,message.dat,8275
itemname,7931,3rd Grade battle horse saddle box,1,bango-file,message.dat,8276
itemname,7932,3rd Grade battle horse saddle cloth box,1,bango-file,message.dat,8277
itemname,7933,3rd Grade battle horse magnet box,1,bango-file,message.dat,8278
itemname,7934,4th Grade battle horse helmet box,1,bango-file,message.dat,8280
itemname,7935,4th Grade battle horse Armor box,1,bango-file,message.dat,8281
itemname,7936,4th Grade battle horse saddle box,1,bango-file,message.dat,8282
itemname,7937,4th Grade battle horse saddle cloth box,1,bango-file,message.dat,8283
itemname,7938,4th Grade battle horse magnet box,1,bango-file,message.dat,8284
itemname,7939,1st Grade battle horse equipment box,1,bango-file,message.dat,8287
itemname,7940,2nd Grade battle horse equipment box,1,bango-file,message.dat,8288
itemname,7941,3rd Grade battle horse equipment box,1,bango-file,message.dat,8289
itemname,7942,4th Grade battle horse equipment box,1,bango-file,message.dat,8290
itemname,7943,1st Grade battle horse Upgrade stone,1,bango-file,message.dat,8293
itemname,7944,2nd Grade battle horse Upgrade stone,1,bango-file,message.dat,8294
itemname,7945,3rd Grade battle horse Upgrade stone,1,bango-file,message.dat,8295
itemname,7946,4th Grade battle horse Upgrade stone,1,bango-file,message.dat,8296
itemname,7960,battle horse equipment enchant stone box,1,bango-file,message.dat,8302
itemname,7970,Fried Chicken,1,bango-file,message.dat,8305
itemname,7971,Beer,1,bango-file,message.dat,8306
itemname,7972,Hotdog,1,bango-file,message.dat,8307
itemname,7973,Nacho,1,bango-file,message.dat,8308
itemname,7974,Pill,1,bango-file,message.dat,8309
itemname,7975,Doggebi pill,1,bango-file,message.dat,8310
itemname,7976,Football Festival gift box,1,bango-file,message.dat,8311
itemname,7977,Football,1,bango-file,message.dat,8312
itemname,7978,Football ticket,1,bango-file,message.dat,8313
itemname,10001,Dark Relics Scaled Armor,1,bango-file,message.dat,8317
itemname,10002,Dark Relics Scaled Armor Helmet,1,bango-file,message.dat,8318
itemname,10003,Dark Relics Scaled Armor Gloves,1,bango-file,message.dat,8319
itemname,10004,Dark Relics Scaled Armor Shoes,1,bango-file,message.dat,8320
itemname,10005,Dark Relics Scaled Armor Shorts,1,bango-file,message.dat,8321
itemname,10101,Dark Relics Armor,1,bango-file,message.dat,8323
itemname,10102,Dark Relics Armor Helmet,1,bango-file,message.dat,8324
itemname,10103,Dark Relics Armor Gloves,1,bango-file,message.dat,8325
itemname,10104,Dark Relics Armor Shoes,1,bango-file,message.dat,8326
itemname,10105,Dark Relics Armor Shorts,1,bango-file,message.dat,8327
itemname,10201,Dark Relics DaeChangEau,1,bango-file,message.dat,8329
itemname,10202,Dark Relics DaeChangEau Hair Decoration,1,bango-file,message.dat,8330
itemname,10203,Dark Relics DaeChangEau Gloves,1,bango-file,message.dat,8331
itemname,10204,Dark Relics DaeChangEau Shoes,1,bango-file,message.dat,8332
itemname,10205,Dark Relics DaeChangEau Shorts,1,bango-file,message.dat,8333
itemname,10301,Dark Relics Suit of thief,1,bango-file,message.dat,8335
itemname,10302,Dark Relics Hood of thief,1,bango-file,message.dat,8336
itemname,10303,Dark Relics Gloves of thief,1,bango-file,message.dat,8337
itemname,10304,Dark Relics Boots of thief,1,bango-file,message.dat,8338
itemname,10305,Dark Relics Shorts of thief,1,bango-file,message.dat,8339
itemname,10401,Dark Relics Dae Yung Clothes,1,bango-file,message.dat,8341
itemname,10402,Dark Relics Dae Yung Hair Decoration,1,bango-file,message.dat,8342
itemname,10403,Dark Relics Dae Yung Gloves,1,bango-file,message.dat,8343
itemname,10404,Dark Relics Dae Yung Boots,1,bango-file,message.dat,8344
itemname,10405,Dark Relics Dae Yung Shorts,1,bango-file,message.dat,8345
itemname,20001,Dark Relics Shield,1,bango-file,message.dat,8347
itemname,20002,Dark Relics Sword,1,bango-file,message.dat,8348
itemname,20003,Dark Relics Giant Sword,1,bango-file,message.dat,8349
itemname,20101,Dark Relics Bow,1,bango-file,message.dat,8350
itemname,20201,Dark Relics Stick,1,bango-file,message.dat,8351
itemname,20301,Dark Relics Dagger,1,bango-file,message.dat,8352
itemname,20401,Dark Relics Taegeukseon,1,bango-file,message.dat,8353
itemname,20004,Imperial Dark Relics Sword,1,bango-file,message.dat,8355
itemname,20005,Imperial Dark Relics Giant Sword,1,bango-file,message.dat,8356
itemname,20102,Imperial Dark Relics Bow,1,bango-file,message.dat,8357
itemname,20202,Imperial Relics Stick,1,bango-file,message.dat,8358
itemname,20302,Imperial Dark Relics Dagger,1,bango-file,message.dat,8359
itemname,20402,Imperial Dark Relics Taegeukseon,1,bango-file,message.dat,8360
itemname,9999,Bison horn,1,bango-file,message.dat,8363
itemname,9998,Swamp Zombie Nucleus,1,bango-file,message.dat,8364
itemname,9997,Gale Zombie Nucleus,1,bango-file,message.dat,8365
itemname,9996,Magic Scroll to the Resting place of Dead person [For Party],1,bango-file,message.dat,8368
itemname,9995,Magic Scroll to the Resting place of Dead person [For Individual],1,bango-file,message.dat,8369
itemname,9994,Gale Skeleton heart,1,bango-file,message.dat,8372
itemname,9993,Gale Skeleton rib,1,bango-file,message.dat,8373
itemname,9992,Gale Skeleton head bone,1,bango-file,message.dat,8374
itemname,9991,Land God's stone statue,1,bango-file,message.dat,8375
itemname,9990,Land God's jar,1,bango-file,message.dat,8376
itemname,9989,Land God's trace,1,bango-file,message.dat,8377
itemname,9988,Origin of water,1,bango-file,message.dat,8378
itemname,9987,Awl of water,1,bango-file,message.dat,8379
itemname,9986,Touch of water,1,bango-file,message.dat,8380
itemname,7985,Watermelon Hat,1,bango-file,message.dat,8383
itemname,13004,Scroll of a New Start,1,bango-file,message.dat,8385
itemname,13005,Scroll of Job Change,1,bango-file,message.dat,8386
itemname,13007,Gold KalCash,1,bango-file,message.dat,8388
itemname,13008,Silver KalCash,1,bango-file,message.dat,8389
itemname,13010,Scroll of third job,1,bango-file,message.dat,8391
itemname,13011,Auto Pick - 15 days,1,bango-file,message.dat,8392
itemname,13012,Scroll of Level Up,1,bango-file,message.dat,8394
itemname,13014,Sword of Darkness,1,bango-file,message.dat,8396
itemname,13015,Giant Sword of Darkness,1,bango-file,message.dat,8397
itemname,13016,Bow of Darkness,1,bango-file,message.dat,8398
itemname,13017,Stick of Darkness,1,bango-file,message.dat,8399
itemname,13018,Dagger of Darkness,1,bango-file,message.dat,8400
itemname,13019,Imperial Sword of Darkness,1,bango-file,message.dat,8402
itemname,13020,Imperial Giant Sword of Darkness,1,bango-file,message.dat,8403
itemname,13021,Imperial Bow of Darkness,1,bango-file,message.dat,8404
itemname,13022,Imperial Stick of Darkness,1,bango-file,message.dat,8405
itemname,13023,Imperial Dagger of Darkness,1,bango-file,message.dat,8406
itemname,13024,Darkness suit of thief,1,bango-file,message.dat,8408
itemname,13025,Darkness Hood of thief,1,bango-file,message.dat,8409
itemname,13026,Darkness Gloves of thief,1,bango-file,message.dat,8410
itemname,13027,Darkness Boots of thief,1,bango-file,message.dat,8411
itemname,13028,Darkness suit Shorts of thief,1,bango-file,message.dat,8412
itemname,13029,Pull Scroll,1,bango-file,message.dat,8414
itemname,13030,Wide Range Pull Scroll,1,bango-file,message.dat,8415
itemname,13031,Battle Pass - 15 days,1,bango-file,message.dat,8417
itemname,13033,Big Stone of EXP - 1 hour,1,bango-file,message.dat,8418
itemname,13034,Bango Support Box,1,bango-file,message.dat,8420
itemname,13035,First Job Items Pack,1,bango-file,message.dat,8422
itemname,13036,Second Job Items Pack,1,bango-file,message.dat,8423
itemname,13037,Third Job Items Pack,1,bango-file,message.dat,8424
itemname,13038,Automatic First Job Quest Completion,1,bango-file,message.dat,8426
itemname,13039,Automatic Second Job Quest Completion (1),1,bango-file,message.dat,8427
itemname,13040,Automatic Second Job Quest Completion (2),1,bango-file,message.dat,8428
itemname,13041,Automatic Third Job Quest Completion,1,bango-file,message.dat,8429
itemname,13043,Guild Time Reset,1,bango-file,message.dat,8431
itemname,13044,Valley of Devah Items Pack,1,bango-file,message.dat,8433
itemname,13045,Scroll of Valley of Devah,1,bango-file,message.dat,8434
itemname,13046,Degenarated Twisted Demon Jaw,1,bango-file,message.dat,8436
itemname,13047,Wild Boar Fur,1,bango-file,message.dat,8437
itemname,13048,Imperial Savage Tribe's Tiger Teeth Giant Sword,1,bango-file,message.dat,8438
itemdesc,1,Recovers Health point by 100,1,bango-file,message.dat,8446
itemdesc,2,Recovers Health point by 300,1,bango-file,message.dat,8447
itemdesc,3,Message that Gwang-Chun wants to get his stuff from Nu-Rook,1,bango-file,message.dat,8448
itemdesc,4,Message that the Chief Guard Mak-AnSoo informs to the Commander Sae-Won about the demon's strategy,1,bango-file,message.dat,8449
itemdesc,5,Message that the Commander Sae-Won orders the Chief Guard Mak-AnSoo about their strategy,1,bango-file,message.dat,8450
itemdesc,6,Message that the farmer Nu-Woong presses the miner Gwee-Sik for payment,1,bango-file,message.dat,8451
itemdesc,7,Letter that is the guard Won-Jung's message to his wife Yae-Jin,1,bango-file,message.dat,8452
itemdesc,8, Letter that is Yae-Jin's message to her husband Won-Jung,1,bango-file,message.dat,8453
itemdesc,9,Letter that Yoo-An declared his love,1,bango-file,message.dat,8454
itemdesc,10,Letter that is Ok-Jin's father??s message to Ok-Jin,1,bango-file,message.dat,8455
itemdesc,11,Message that was taken by the demons,1,bango-file,message.dat,8456
itemdesc,12,Confidential document that is from the demon commander at the guard Yang-Do's request,1,bango-file,message.dat,8457
itemdesc,13,MyungJoo that is given by Gwang-Chun to Nu-Rook,1,bango-file,message.dat,8458
itemdesc,14,Money that is borrowed from Nu-Woong to Gwee-Sik,1,bango-file,message.dat,8459
itemdesc,15,Medicine that can restore energy,1,bango-file,message.dat,8460
itemdesc,16,Rice wine that is made by Ok-Jin,1,bango-file,message.dat,8461
itemdesc,17,Strategic map for position of demons,1,bango-file,message.dat,8462
itemdesc,18, Demon Escort Archer's Bow,1,bango-file,message.dat,8463
itemdesc,19,Oil that is carried by the suicide bomber for destroying Geum-Oh Mine,1,bango-file,message.dat,8464
itemdesc,20,Big Handed Inhabitant's teeth that blocks the load of ocean,1,bango-file,message.dat,8465
itemdesc,21,Demon soldier's teeth that killed Ok-Jin??s husband.,1,bango-file,message.dat,8466
itemdesc,22,Rice that is stolen,1,bango-file,message.dat,8467
itemdesc,23,Demon's carcass that is taken by the demon carcass scavenger,1,bango-file,message.dat,8468
itemdesc,24,Material of SipJunDaeBoTang,1,bango-file,message.dat,8469
itemdesc,25,Material of SipJunDaeBoTang,1,bango-file,message.dat,8470
itemdesc,26,Rice cake that is requested by the miner Gwee-Sik to the farmer Ha-Jik,1,bango-file,message.dat,8471
itemdesc,27,Talisman that is lost by Wa-Ryu,1,bango-file,message.dat,8472
itemdesc,28,Gold that is taken by demon soldier from Joo-Nong,1,bango-file,message.dat,8473
itemdesc,29,Gold that is donated by Ja-Gan,1,bango-file,message.dat,8474
itemdesc,30,Piece of bamboo pole that demon troops movement is written on,1,bango-file,message.dat,8475
itemdesc,31,Piece of statue that protects Geum-Oh Mine,1,bango-file,message.dat,8476
itemdesc,32,Demon bearer's flag that are requested by the commander Sae-Won,1,bango-file,message.dat,8477
itemdesc,33,Demon Water Dragon's Head ,1,bango-file,message.dat,8478
itemdesc,34,Demon Mad Knight's Head,1,bango-file,message.dat,8479
itemdesc,35,Demon Water Dragon Predator's skin for winter clothes?? material ,1,bango-file,message.dat,8480
itemdesc,36,Demon Band's drum that are requested by commander Sae-Won,1,bango-file,message.dat,8481
itemdesc,37,Demon Armored Knight's armor that is requested by the Chief guard Guh-SoSun,1,bango-file,message.dat,8482
itemdesc,38,Missing soldiers' clothes that are requested by the guard Won-Jung,1,bango-file,message.dat,8483
itemdesc,39,Demon Water Dragon Commander for curing Joong-Gwon's disease,1,bango-file,message.dat,8484
itemdesc,40,Stirrup that is lost by Chun-SooIn. It came from the West #n and it is decorated with variety of jewels.,1,bango-file,message.dat,8485
itemdesc,41,Demon Escort Soldier's Head,1,bango-file,message.dat,8486
itemdesc,42,Big Handed Inhabitant's Head,1,bango-file,message.dat,8487
itemdesc,43,It's general In-Pill's stingy scabbard. General In-Pill gave this #n to the Demon busters but they were all destroyed #n and lost the scabbard.,1,bango-file,message.dat,8488
itemdesc,44,Big Handed Inhabitant's Head who paint blue and red dyes on their bodies,1,bango-file,message.dat,8489
itemdesc,45,Demon Infantry's Head,1,bango-file,message.dat,8490
itemdesc,46,Demon Throwing Soldier's Head,1,bango-file,message.dat,8491
itemdesc,47,Wild Demon Soldier's Head,1,bango-file,message.dat,8492
itemdesc,48,Demon Shock Trooper's Head,1,bango-file,message.dat,8493
itemdesc,49,Demon Flag Bearer's Head,1,bango-file,message.dat,8494
itemdesc,50,Demon Band's Head,1,bango-file,message.dat,8495
itemdesc,51,Demon Armored Knight's Head,1,bango-file,message.dat,8496
itemdesc,52,Demon Commander's Head. The demon commander is a leader #n of BanGo??s general.,1,bango-file,message.dat,8497
itemdesc,53,Goo-Ryung was looking for this map. Marked area on this map #n located the royal tomb.#n This is a proof that the demons plan to #n attack the royal tomb.,1,bango-file,message.dat,8498
itemdesc,54,It's the drum which is called as Ja-MyungGo it sounds itself #n when the enemy troops are coming. The tale about Ja-MyungGo said it has a story #n that the prince and the princess of opponent country.,1,bango-file,message.dat,8499
itemdesc,55,It's Pan armor which is only made in South Coast country. #n This armor which is called Pan armor of GuemGwan is made of metal plate. #n But it can't be used #n because it's rusty.,1,bango-file,message.dat,8500
itemdesc,56,"The black crow is more like a symbol that connects #n the sky and humans. Since the ancient times, #n the kings has the black crow next to him for showing off #n that they are the son of the sky.",1,bango-file,message.dat,8501
itemdesc,57,This crown with drawing of the black crow #n is the most precious stuff in the world. #n It's rusty now but #n its nobility can't be compared with anything.,1,bango-file,message.dat,8502
itemdesc,58,"Moving to Narootuh. #n If it's used by the leader of the party, whole party will move #n and if one of the member uses, only that member will move.",1,bango-file,message.dat,8503
itemdesc,59,"Moving to Jook-Suh Cargo Station. #n If it's used by the leader of the party, whole party will move #n and if one of the member uses, only that member will move.",1,bango-file,message.dat,8504
itemdesc,60,"Moving to Geum-Oh Mine.#n If it's used by the leader of the party, whole party will move #n and if one of the member uses, only that member will move.",1,bango-file,message.dat,8505
itemdesc,61,"Moving to the Pub of the Giant Bird.#n If it's used by the leader of the party, whole party will move #n and if one of the member uses, only that member will move.",1,bango-file,message.dat,8506
itemdesc,62,"Moving to the Temporary Fort of Geum-Ohee Castle.#n If it's used by the leader of the party, whole party will move #n and if one of the member uses, only that member will move.",1,bango-file,message.dat,8507
itemdesc,63,Moving to Narootuh.#n only the user will move.#nYou can also use /naro command.,1,bango-file,message.dat,8508
itemdesc,64,Moving to Jook-Suh Cargo Station.#n only the user will move.#nYou can also use /cargo command.,1,bango-file,message.dat,8509
itemdesc,65,Moving to Geum-Oh Mine.#n only the user will move.#nYou can also use /mine command.,1,bango-file,message.dat,8510
itemdesc,66,Moving to the Pub of the Giant Bird.#n only the user will move.#nYou can also use /bird command.,1,bango-file,message.dat,8511
itemdesc,67,Moving to Temporary Fort of Geum-Ohee Castle.#n only the user will move.#nYou can also use /fort command.,1,bango-file,message.dat,8512
itemdesc,68,Material of chrysanthemum wine. #n Chrysanthemum wine is good remedy for healthiness and headache #n Especially for one who has cold body.,1,bango-file,message.dat,8513
itemdesc,69,"Material of Chinese Bellflower wine. #n Chinese Bellflower wine is good remedy for asthma, tuberculosis, and tonsillitis. #n So it's good as wine #n and as medicine.",1,bango-file,message.dat,8514
itemdesc,70,"Material of Lance asiabell wine. #n Lance asiabell win is good remedy for costiveness, heart disease, sore throat #n and it makes lung and kidney #n stronger.",1,bango-file,message.dat,8515
itemdesc,71,"Material of Dandelion wine. #n Dandelion wine is good remedy for urination, suppression, and stomach #n and it's also good for improvement of appetite #n so have a drink when you lost your appetite.",1,bango-file,message.dat,8516
itemdesc,72,"Material of Peony wine. #n Peony wine is good remedy for women's diseases, fatigue, and #n improvement of appetite.",1,bango-file,message.dat,8517
itemdesc,73,MoonHee's Doll which is the cause of the fire,1,bango-file,message.dat,8518
itemdesc,74,Necklace which is worn by the descendants of the wolves #n that is made of wolf's tooth,1,bango-file,message.dat,8519
itemdesc,75,A bead with the power of magic for making #n dead man's soul to malignant spirit,1,bango-file,message.dat,8520
itemdesc,76,A bead with the power of magic for making #n dead man's soul to malignant spirit,1,bango-file,message.dat,8521
itemdesc,77,A bead with the power of magic for making #n dead guard's soul to malignant spirit,1,bango-file,message.dat,8522
itemdesc,78,A bead with the power of magic for making #n dead man's soul to malignant spirit,1,bango-file,message.dat,8523
itemdesc,79,A bead with the power of magic for making #n dead man's soul to malignant spirit,1,bango-file,message.dat,8524
itemdesc,80,Bow that is used by the Devil Soldier Bow,1,bango-file,message.dat,8525
itemdesc,81,Spear that is used by the Devil Soldier Spear,1,bango-file,message.dat,8526
itemdesc,82,Talisman that is used on the bead of malignant spirit for purification,1,bango-file,message.dat,8527
itemdesc,83,Enchanting is only possible on items that are 40 level or above #n and only on the weapons #n Enchanting on the weapon items to improve #n its attacking power,1,bango-file,message.dat,8528
itemdesc,84,Enchanting is only possible on items that are 40 level or above #n and only on the weapons #n Enchanting on the weapon items to improve #n its magical power,1,bango-file,message.dat,8529
itemdesc,85,Enchanting is only possible on items that are 40 level or above #n and only on the weapons #n Enchanting on the weapon items to improve #n its accuracy,1,bango-file,message.dat,8530
itemdesc,86,Enchanting is only possible on items that are 40 level or above #n and only on the armors #n Enchanting on the armor items to improve #n its defense,1,bango-file,message.dat,8531
itemdesc,87,Enchanting is only possible on items that are 40 level or above #n and only on the armors #n Enchanting on the armor items to improve #n its evasion,1,bango-file,message.dat,8532
itemdesc,88,"By using a fixing tool, the damaged item can be repaired #n its endurance by 1 point",1,bango-file,message.dat,8533
itemdesc,89,"By using a fixing tool, the damaged item can be repaired #n its endurance by 1 point #n Fixing tool is much cheaper #n in Geum-Oh Mine than #n any other village",1,bango-file,message.dat,8534
itemdesc,90,There're many talismans in the keg#nUsing the talismans to#nseal the spirits in the keg#nfrom Jin-Haerang.,1,bango-file,message.dat,8535
itemdesc,91,It's a talisman that sealed with spirits#nIt must be filled with spirits#nand give it to Jin-Haerang,1,bango-file,message.dat,8536
itemdesc,92,Devil Soldier's Head,1,bango-file,message.dat,8537
itemdesc,93,Devil Soldier twin Blades' Head,1,bango-file,message.dat,8538
itemdesc,94,Devil Soldier Bow's Head,1,bango-file,message.dat,8539
itemdesc,95,Devil Soldier Sword's Head,1,bango-file,message.dat,8540
itemdesc,96,Devil Soldier Spear's Head,1,bango-file,message.dat,8541
itemdesc,97,Devil Soldier Sub-boss's Head,1,bango-file,message.dat,8542
itemdesc,98,Devil Soldier Boss's Head,1,bango-file,message.dat,8543
itemdesc,99,Petition of farmer who lost his farmland#nby demons' attack#nThey lost their places by the long war#nbetween the demons and humans#nWhat they really want is that #nthe war ends soon,1,bango-file,message.dat,8544
itemdesc,100,It's a smith's petition#nHe was a blacksmith from Geum-Ohee Castle#nThis smith lost his family from the demon soldiers#nand finally he lost his sight#nPeople are so tired of long war#nThey just hope and want to #nthe war end soon.,1,bango-file,message.dat,8545
itemdesc,101,"Their only son forced to enter war#nand have no response#nThe parents so worried#nTheir son's news is more important#nthan the war for them#nAs it is, the war only gives to the people#na pain and nothing more",1,bango-file,message.dat,8546
itemdesc,102,It's seen very often#nIt recovers 300 health points,1,bango-file,message.dat,8547
itemdesc,103,Instrument for catching fish,1,bango-file,message.dat,8548
itemdesc,104,It's seen frequently#nIt recovers 300 health points,1,bango-file,message.dat,8549
itemdesc,105,Salmons go for laying eggs.#nIt may be seen frequently#nBut they're not caught often.#nIt recovers 300 health points.,1,bango-file,message.dat,8550
itemdesc,106,Eels are not seen often#nBut sometimes some of them are cough#nwhen it's lucky day.#nIt recovers 300 health points.,1,bango-file,message.dat,8551
itemdesc,107,Baked Mackerel in Soy Sauce#nrecovers 100 points of health.,1,bango-file,message.dat,8552
itemdesc,108,Baked Mackerel with Spicy Sauce #nrecovers 200 points of health.,1,bango-file,message.dat,8553
itemdesc,109,Hard-boiled Mackerel #nrecovers 300 points of health.,1,bango-file,message.dat,8554
itemdesc,110,Smoked Salmon#nrecovers 400 points of health.,1,bango-file,message.dat,8555
itemdesc,111,Hard-boiled Salmon with Bean Paste#nrecovers 500 points of health.,1,bango-file,message.dat,8556
itemdesc,112,Baked Eel increases #n10% of attack point for 1 hour.,1,bango-file,message.dat,8557
itemdesc,113,Eel Soup increases#n10% of magic attack point for 1 hour.,1,bango-file,message.dat,8558
itemdesc,118,The one who takes the medicine and meats #nfor Hyun-Woong's father.#nHyun-Woong will be so happy#nif he sees this head.,1,bango-file,message.dat,8565
itemdesc,119,Chang's talisman keg#nChang need this talisman for taking care of Ancient Animals#nBut Doggebi stole it.,1,bango-file,message.dat,8566
itemdesc,120,King of the war#nIt's good at Closed combat.,1,bango-file,message.dat,8567
itemdesc,121,The bird that rules the sky#nIt's good at using magic.,1,bango-file,message.dat,8568
itemdesc,122,Shadow of death with quickness#nIt's good at speedy combat.,1,bango-file,message.dat,8569
itemdesc,123,A secret message to Ma-Yong.,1,bango-file,message.dat,8570
itemdesc,124,"Assassin, Heuk-Yong's Head#nbut it's surprise that he was a demon.",1,bango-file,message.dat,8571
itemdesc,125,"Assassin, Dae-Ill's Head#nbut it's surprise that he was a demon.",1,bango-file,message.dat,8572
itemdesc,126,"Assassin, Goon-Sangji's Head#nbut it's surprise that he was a demon.",1,bango-file,message.dat,8573
itemdesc,127,"Assassin, Yoo's Head#nbut it's surprise that he was a demon.",1,bango-file,message.dat,8574
itemdesc,128,"Assassin, Ma-Gwang's Head#nbut it's surprise that he was a demon.",1,bango-file,message.dat,8575
itemdesc,129,Devil Troop of Pain's Mask#nSpoils from the operation of Eliminating the Devil Troop.,1,bango-file,message.dat,8577
itemdesc,130,Devil Troop of Greed's Mask#nSpoils from the operation of Eliminating the Devil Troop.,1,bango-file,message.dat,8578
itemdesc,131,Devil Troop of Jealousy's Mask#nSpoils from the operation of Eliminating the Devil Troop.,1,bango-file,message.dat,8579
itemdesc,132,Devil Troop of Hatred's Mask#nSpoils from the operation of Eliminating the Devil Troop.,1,bango-file,message.dat,8580
itemdesc,133,Devil Troop of Madness's Mask#nSpoils from the operation of Eliminating the Devil Troop.,1,bango-file,message.dat,8581
itemdesc,139,Doggebi's mask that is fixed by Gill-Jun#nIt's now all fixed.,1,bango-file,message.dat,8591
itemdesc,140,Head Skin of Yong-Chun,1,bango-file,message.dat,8592
itemdesc,141,Secret Letter,1,bango-file,message.dat,8593
itemdesc,142,The rope that Hak-Goo looked for,1,bango-file,message.dat,8594
itemdesc,143,"For using poison arrow,#nPoison bag is needed.",1,bango-file,message.dat,8595
itemdesc,144,Give this stone to the Prophet#nfor getting a chance #n to reset your status point.,1,bango-file,message.dat,8596
itemdesc,145,Give this stone to the Prophet#nfor getting a chance #n to reset your skill point.,1,bango-file,message.dat,8597
itemdesc,146,Fruit with good taste#nIt recovers your 120 of MP after 30 seconds#nwhen it's used.,1,bango-file,message.dat,8598
itemdesc,147,Fruit with good taste#nIt recovers your 240 of MP after 30 seconds#nwhen it's used.,1,bango-file,message.dat,8599
itemdesc,148,Fruit with good taste#nIt recovers your 510 of MP after 30 seconds#nwhen it's used.,1,bango-file,message.dat,8600
itemdesc,149,Fruit with good taste#nIt recovers your 750 of MP after 30 seconds#nwhen it's used.,1,bango-file,message.dat,8601
itemdesc,150,Fruit with good taste#nIt recovers your 990 of MP after 30 seconds#nwhen it's used.,1,bango-file,message.dat,8602
itemdesc,152,Big Handed Inhabitant's Blood,1,bango-file,message.dat,8606
itemdesc,153,Demon Water Dragon's Blood,1,bango-file,message.dat,8607
itemdesc,154,Doggebi of Monster Face's Broomstick,1,bango-file,message.dat,8609
itemdesc,155,Doggebi with a Gong's Broomstick,1,bango-file,message.dat,8610
itemdesc,156,Drunken Doggebi's Broomstick,1,bango-file,message.dat,8611
itemdesc,157,Doggebi with a Mask of Black Crow's Broomstick,1,bango-file,message.dat,8612
itemdesc,158,Doggebi with a Mask of Black Panther's Broomstick,1,bango-file,message.dat,8613
itemdesc,159,Giant Doggebi's Broomstick,1,bango-file,message.dat,8614
itemdesc,160,Guardian of Doggebi's Stone,1,bango-file,message.dat,8616
itemdesc,161,Demon Vulgar's Head,1,bango-file,message.dat,8617
itemdesc,162,Demon Scout's Head,1,bango-file,message.dat,8618
itemdesc,163,Demon Spearhead's Head,1,bango-file,message.dat,8619
itemdesc,164,Small potato.#nIt recovers your 270 of health after 30 seconds#nwhen it's used.,1,bango-file,message.dat,8620
itemdesc,165,Small potato.#nIt recovers your 330 of health after 30 seconds#nwhen it's used.,1,bango-file,message.dat,8621
itemdesc,166,Big potato.#nIt recovers your 420 of health after 30 seconds#nwhen it's used.,1,bango-file,message.dat,8622
itemdesc,167,Cooked potato.#nIt recovers your 540 of health after 30 seconds#nwhen it's used.,1,bango-file,message.dat,8623
itemdesc,168,Small sweet potato.#nIt recovers your 690 of health after 30 seconds#nwhen it's used.,1,bango-file,message.dat,8624
itemdesc,169,It's sweet potato.#nIt recovers your 840 of health after 30 seconds#nwhen it's used.,1,bango-file,message.dat,8625
itemdesc,170,Big sweet potato.#nIt recovers your 1020 of health after 30 seconds#nwhen it's used.,1,bango-file,message.dat,8626
itemdesc,171, It's a cooked sweet potato#nIt recovers your 1230 of health after 30 seconds#nwhen it's used.,1,bango-file,message.dat,8627
itemdesc,172,It's small meat of wild animals.#nIt recovers your 1440 of health after 30 seconds#nwhen it's used.,1,bango-file,message.dat,8628
itemdesc,173,It's medium meat of wild animals.#nIt recovers your 1650 of health after 30 seconds#nwhen it's used.,1,bango-file,message.dat,8629
itemdesc,174,It's big meat of wild animals.#nIt recovers your 1890 of health after 30 seconds#nwhen it's used.,1,bango-file,message.dat,8630
itemdesc,175,It's meat of wild animals.#nIt recovers your 2190 of health after 30 seconds#nwhen it's used.,1,bango-file,message.dat,8631
itemdesc,176,It's pork leg of Geum-Oh Mountain. It recovers your 2490 of health after 30 seconds#nwhen it's used.,1,bango-file,message.dat,8632
itemdesc,177,It's pork rib of Geum-Oh Mountain.#nIt recovers your 2820 of health after 30 seconds#nwhen it's used.,1,bango-file,message.dat,8633
itemdesc,178,It's meat of tiger meat in Geum-Oh Mountain.#nIt recovers your 3150 of health after 30 seconds#nwhen it's used.,1,bango-file,message.dat,8634
itemdesc,179,It's cold water from Geum-Oh Mountain.#nIt recovers your 90 of energy after 30 seconds#nwhen it's used.,1,bango-file,message.dat,8635
itemdesc,180,It's cold water from Geum-Oh Mountain.#nIt recovers your 120 of energy after 30 seconds#nwhen it's used.,1,bango-file,message.dat,8636
itemdesc,181,It's cold water from valley of Geum-Oh Mountain.#nIt recovers your 180 of energy after 30 seconds#nwhen it's used.,1,bango-file,message.dat,8637
itemdesc,182,It's cold water from valley of Geum-Oh Mountain.#nIt recovers your 240 of energy after 30 seconds#nwhen it's used.,1,bango-file,message.dat,8638
itemdesc,183,It's cold water from valley of Geum-Oh Mountain.#nIt recovers your 330 of energy after 30 seconds#nwhen it's used.,1,bango-file,message.dat,8639
itemdesc,184,It's cold water from valley of Geum-Oh Mountain.#nIt recovers your 420 of energy after 30 seconds#nwhen it's used.,1,bango-file,message.dat,8640
itemdesc,185,It's cold water from valley of Geum-Oh Mountain.#nIt recovers your 510 of energy after 30 seconds#nwhen it's used.,1,bango-file,message.dat,8641
itemdesc,186,It's cold water from valley of Geum-Oh Mountain.#nIt recovers your 630 of energy after 30 seconds#nwhen it's used.,1,bango-file,message.dat,8642
itemdesc,187,Refined water from clear water.#nIt recovers your 750 of energy after 30 seconds#nwhen it's used.,1,bango-file,message.dat,8643
itemdesc,188,Refined water from clear water.#nIt recovers your 870 of energy after 30 seconds#nwhen it's used.,1,bango-file,message.dat,8644
itemdesc,189,Refined water from clear water.#nIt recovers your 990 of energy after 30 seconds#nwhen it's used.,1,bango-file,message.dat,8645
itemdesc,190,Refined water from clear water.#nIt recovers your 1170 of energy after 30 seconds#nwhen it's used.,1,bango-file,message.dat,8646
itemdesc,191,Refined water in the deep mountain.#nIt recovers your 1350 of energy after 30 seconds#nwhen it's used.,1,bango-file,message.dat,8647
itemdesc,192,Refined water in the deep mountain.#nIt recovers your 1560 of energy after 30 seconds#nwhen it's used.,1,bango-file,message.dat,8648
itemdesc,193,Refined water in the deep mountain.#nIt recovers your 1770 of energy after 30 seconds#nwhen it's used.,1,bango-file,message.dat,8649
itemdesc,194,The Skeleton Warrior of the Royal Tomb's Skull#nIts spirit is in there.,1,bango-file,message.dat,8651
itemdesc,195,The Skeleton Warrior of the Royal Tomb's Ribs#nIts spirit is in there.,1,bango-file,message.dat,8652
itemdesc,196,The Minister of the Royal Tomb's Book#nIts spirit is in there.,1,bango-file,message.dat,8653
itemdesc,197,The Maid of Honor of the Royal Tomb's Lute#nIts spirit is in there.,1,bango-file,message.dat,8654
itemdesc,198,The Royal Tomb Keeper's Sword#nIts spirit is in there.,1,bango-file,message.dat,8655
itemdesc,199,The Royal Tomb Keeper's Shield#nIts spirit is in there.,1,bango-file,message.dat,8656
itemdesc,200,The Royal Tomb Keeper's Spear#nIts spirit is in there.,1,bango-file,message.dat,8657
itemdesc,201,The Royal Tomb Keeper's Iron Hammer#nIts spirit is in there.,1,bango-file,message.dat,8658
itemdesc,202,It's demon's blood and it's strong acid.,1,bango-file,message.dat,8660
itemdesc,203,Using for recovering 300 points of health.#nBut it also can be used for making speed-up medicines#nPlease be careful to use.,1,bango-file,message.dat,8661
itemdesc,204,A keg for filling solution.,1,bango-file,message.dat,8662
itemdesc,205,Using demon's blood to#nmelt sea bream for making#na material of Speed-up medicine.,1,bango-file,message.dat,8663
itemdesc,206,The efficacy is same as level 3 of Speed-up skill.#nSpeed increases for 30 min. when it used.,1,bango-file,message.dat,8664
itemdesc,207,Devil Troops are absorbing the power of Doggebi Forest.#nThis Crystal is taken from the Devil Troop.#nIt contains the power of Doggebi Forest.#nThis item does not affect the riding animal.,1,bango-file,message.dat,8666
itemdesc,208,It's a Spirit of Doggebi of Monster Face#nwho joined the Angry Doggebi Troop.,1,bango-file,message.dat,8667
itemdesc,209,It's a Spirit of Doggebi with a Gong#nwho joined the Angry Doggebi Troop.,1,bango-file,message.dat,8668
itemdesc,210,It's a Spirit of Drunken Doggebi#nwho joined the Angry Doggebi Troop.,1,bango-file,message.dat,8669
itemdesc,211,It's a Spirit of Doggebi with a Mask of Black Crow#nwho joined the Angry Doggebi Troop.,1,bango-file,message.dat,8670
itemdesc,212,It's a Spirit of Doggebi with a Mask of Black Panther#nwho joined the Angry Doggebi Troop.,1,bango-file,message.dat,8671
itemdesc,213,It's a Spirit of Giant Doggebi#nwho joined the Angry Doggebi Troop.,1,bango-file,message.dat,8672
itemdesc,214,It's a Spirit of Guardian of Doggebi#nwho joined the Angry Doggebi Troop.,1,bango-file,message.dat,8673
itemdesc,215,It's the Chief of Angry Doggebi Troop's dead body#nHe instigated all other Doggebis to attack people.#nBut he'll be returned with a new body.,1,bango-file,message.dat,8674
itemdesc,216,Gathering of EXP from monsters is increased by 30%.#n[This item is good for 1 day.],1,bango-file,message.dat,8676
itemdesc,217,Gathering of EXP from monsters is increased by 30%.#n[This item is good for 7 days.],1,bango-file,message.dat,8677
itemdesc,218,Gathering of EXP from monsters is increased by 30%.#n[This item is good for 15 days.],1,bango-file,message.dat,8678
itemdesc,219,Gathering of EXP from monsters is increased by 30%.#n[This item is good for 30 days.],1,bango-file,message.dat,8679
itemdesc,220,Gathering of money from monsters is increased by 20%.#nBut it's not effective when you're in a party.#nIt only effects to the one who used.#n[This item is good for 1 day.],1,bango-file,message.dat,8681
itemdesc,221,Gathering of money from monsters is increased by 20%.#nBut it's not effective when you're in a party.#nIt only effects to the one who used.#n[This item is good for 7 days.],1,bango-file,message.dat,8682
itemdesc,222,Gathering of money from monsters is increased by 20%.#nBut it's not effective when you're in a party.#nIt only effects to the one who used.#n[This item is good for 15 days.],1,bango-file,message.dat,8683
itemdesc,223,Gathering of money from monsters is increased by 20%.#nBut it's not effective when you're in a party.#nIt only effects to the one who used.#n[This item is good for 30 days.],1,bango-file,message.dat,8684
itemdesc,224,Speed of fishery is increased by 50%.#n[This item is good for 1 day.],1,bango-file,message.dat,8686
itemdesc,225,Speed of fishery is increased by 50%.#n[This item is good for 7 days.],1,bango-file,message.dat,8687
itemdesc,226,Speed of fishery is increased twice as much.#n[This item is good for 15 days.],1,bango-file,message.dat,8688
itemdesc,227,Speed of fishery is increased by 50%.#n[This item is good for 30 days.],1,bango-file,message.dat,8689
itemdesc,228,"When it used on an item,#nitem won't be destroyed even if it failed to enchant with talisman.",1,bango-file,message.dat,8691
itemdesc,229,You can revive from the place.#nwhere you got killed without any EXP loss.,1,bango-file,message.dat,8692
itemdesc,230,You can revive from the place#nwhere you got killed with 20% of EXP loss.,1,bango-file,message.dat,8693
itemdesc,231,Teleport to the City of Priest.#nFor all party members#nif the leader is used.,1,bango-file,message.dat,8695
itemdesc,232,Teleport to the City of Priest.#nOnly for individual.#nYou can also use /cop command.,1,bango-file,message.dat,8696
itemdesc,233,"Gathering of EXP is increased by 30% #n[This item lasts for 1 day from the moment you use it.]#n This item will be deleted on June 14, 2017.",1,bango-file,message.dat,8698
itemdesc,250,Increasing the combatants' Moving Speed.#n[Combatant]#nMoving Speed gets increased by 50%#n[Flag Bearer]#nPhysical Attack gets decreased by 50%#nMoving Speed gets increased by 50%,1,bango-file,message.dat,8718
itemdesc,251,Increasing the combatants' Physical Attack.#n[Combatant]#nPhysical Attack gets increased by 20%#n[Flag Bearer]#nHP gets increased by 100%#nAttack gets decreased by 50%#nMoving Speed gets decreased by 20%,1,bango-file,message.dat,8719
itemdesc,252,Increasing the combatants' Magic Attack.#n[Combatant]#nMagic Attack gets increased by 20%#n[Flag Bearer]#nHP gets increased by 100%#nAttack gets decreased by 50%#nMoving Speed gets decreased by 20%,1,bango-file,message.dat,8720
itemdesc,253,Increasing the combatants' Absorption Rate.#n[Combatant]#nAbsorption Rate gets increased by 30#n[Flag Bearer]#nHP gets increased by 100%#nAttack gets decreased by 50%#nMoving Speed gets decreased by 20%,1,bango-file,message.dat,8721
itemdesc,254,Increasing the combatants' Magic Defense.#n[Combatant]#nMagic Defense gets increased by 30#n[Flag Bearer]#nHP gets increased by 100%#nAttack gets decreased by  50%#nMoving Speed gets decreased by 20%,1,bango-file,message.dat,8722
itemdesc,255,Healing the combatants' HP by 100 per each sec.#n[Combatant]#nHealing HP by 100 per each second#n[Flag Bearer]#nHP gets increased by 100%#nAttack gets decreased by 50%#nMoving Speed gets decreased by 20%,1,bango-file,message.dat,8723
itemdesc,256,"Save the current location.#nOnce it saved, it keeps forever#nand you can use the Moving Scroll of Location to teleport.#nPress [.] button for saving location.",1,bango-file,message.dat,8725
itemdesc,258,You need Moving Scroll of Location #nto teleport to the saved loction.#nIt cosumes 1 Moving Scroll of Location for each time you teleport.#nPress [.] button to teleport.,1,bango-file,message.dat,8728
itemdesc,260,"By using the Horn, send your message to the people#ntwice much wider than normal.#nUse [/yell Content] or [/y Content] command.",1,bango-file,message.dat,8731
itemdesc,262,Send your message to all players in the server#nby using the Horn of Spirit.#nUse [/shout content] or [/s content] as a command.,1,bango-file,message.dat,8734
itemdesc,264,It supports to increase the percentage of success#nwhen upgrading the quality of weapon's additional damage.,1,bango-file,message.dat,8737
itemdesc,268,[Event Item]#nIt's locked with ancient magic.#nTalk to the Village Elder about this box.,1,bango-file,message.dat,8742
itemdesc,269,[Event Item]#nQuest Item#nyou can get some money when you sell this at the store.,1,bango-file,message.dat,8743
itemdesc,270,Final striking power(physical/magical) is increased by 10%.,1,bango-file,message.dat,8745
itemdesc,271,Final damage from the monster is decreased by 10%.,1,bango-file,message.dat,8746
itemdesc,272,Activity of Explosive Blow percentage is increased by 3%.,1,bango-file,message.dat,8747
itemdesc,273,Activity of Explosive Blow percentage is increased by 5%.,1,bango-file,message.dat,8748
itemdesc,274,Final On Target Point is increased by 10.,1,bango-file,message.dat,8749
itemdesc,275,Final Evasion Point is increased by 5.,1,bango-file,message.dat,8750
itemdesc,276,Absorbing the enemy's attack with 10% activity percentage.#nIt consumes one whenever the absorbing is activated.,1,bango-file,message.dat,8751
itemdesc,277,Absorbing the enemy's attack with 10% activity percentage.#nIt consumes one whenever the absorbing is activated.,1,bango-file,message.dat,8752
itemdesc,278,Absorbing the enemy's attack with 10% activity percentage.#nIt consumes one whenever the absorbing is activated.,1,bango-file,message.dat,8753
itemdesc,279,Strength is increased by 5,1,bango-file,message.dat,8754
itemdesc,280,Health is increased by 10,1,bango-file,message.dat,8755
itemdesc,281,Intelligence is increased by 5,1,bango-file,message.dat,8756
itemdesc,282,Wisdom is increased by 10,1,bango-file,message.dat,8757
itemdesc,283,Agility is increased by 5,1,bango-file,message.dat,8758
itemdesc,284,Draining the enemy's HP as much as your damage to the enemy#nwith 10% activity percentage.#nIt consumes one whenever the absorbing is activated.,1,bango-file,message.dat,8759
itemdesc,285,Draining the enemy's HP as much as your damage to the enemy#nwith 10% activity percentage.#nIt consumes one whenever the absorbing is activated.,1,bango-file,message.dat,8760
itemdesc,286,Draining the enemy's HP as much as your damage to the enemy#nwith 10% activity percentage.#nIt consumes one whenever the absorbing is activated.,1,bango-file,message.dat,8761
itemdesc,306,Lucky Necklace will be disappeared after the Event ends.,1,bango-file,message.dat,8784
itemdesc,307,1 Hour#nFinal striking power(physical/magical) is increased by 10%.,1,bango-file,message.dat,8785
itemdesc,309,1 Hour#nFinal damage from the monster is decreased by 10%.,1,bango-file,message.dat,8788
itemdesc,311,1 Hour#nActivity of Explosive Blow percentage is increased by 5%.,1,bango-file,message.dat,8791
itemdesc,313,1 Hour#nFinal On Target Point is increased by 10.,1,bango-file,message.dat,8794
itemdesc,315,1 Hour#nFinal Evasion Point is increased by 5.,1,bango-file,message.dat,8797
itemdesc,317,1 Hour#nStrength is increased by 5,1,bango-file,message.dat,8800
itemdesc,318,1 Hour#nHealth is increased by 10,1,bango-file,message.dat,8801
itemdesc,319,1 Hour#nIntelligence is increased by 5,1,bango-file,message.dat,8802
itemdesc,320,1 Hour#nWisdom is increased by 10,1,bango-file,message.dat,8803
itemdesc,321,1 Hour#nAgility is increased by 5,1,bango-file,message.dat,8804
itemdesc,327,500 Times#nAbsorbing the whole enemy's attack with 10% activity percentage.#nIt consumes one whenever the absorbing is activated.,1,bango-file,message.dat,8811
itemdesc,328,500 Times#nDraining the enemy's HP as much as your damage to the enemy#nwith 10% activity percentage.#nIt consumes one whenever the absorbing is activated.,1,bango-file,message.dat,8812
itemdesc,331,7 Days#nAdditional item is dropped when opening a Wooden Box.#nShorten the time for opening the Wooden Box.,1,bango-file,message.dat,8816
itemdesc,332,7 Days#nLucky Finish can be executed when in use.#nZamogeons can be dropped from the monsters#nup to 300 times more.,1,bango-file,message.dat,8817
itemdesc,333,1 Hour#nLucky Finish can be executed when in use.#nBut 300 times more zamogeon is not executed.,1,bango-file,message.dat,8818
itemdesc,334,Character name can be changed for one time.#nBut you only can use it again after 3 weeks once you used.,1,bango-file,message.dat,8819
itemdesc,335,Guild name can be changed for one time.#nBut you only can use it again after 3 weeks once you used.,1,bango-file,message.dat,8820
itemdesc,336,It's First Piece of Bronze Mirror#nfor summoning the Doggebi Lord.,1,bango-file,message.dat,8822
itemdesc,337,It's Second Piece of Bronze Mirror#nfor summoning the Doggebi Lord.,1,bango-file,message.dat,8823
itemdesc,338,It's Third Piece of Bronze Mirror#nfor summoning the Doggebi Lord.,1,bango-file,message.dat,8824
itemdesc,339,It's Forth Piece of Bronze Mirror#nfor summoning the Doggebi Lord.,1,bango-file,message.dat,8825
itemdesc,340,It's Fifth Piece of Bronze Mirror#nfor summoning the Doggebi Lord.,1,bango-file,message.dat,8826
itemdesc,341,It's Sixth Piece of Bronze Mirror#nfor summoning the Doggebi Lord.,1,bango-file,message.dat,8827
itemdesc,342,It's Seventh Piece of Bronze Mirror for summoning the Doggebi Lord.,1,bango-file,message.dat,8828
itemdesc,343,It's Eighth Piece of Bronze Mirror for summoning the Doggebi Lord.,1,bango-file,message.dat,8829
itemdesc,344,[Event Item]#nThis is a golden coin that lets you play#nwith the Master of Dice.#nThis item will be deleted after the event.,1,bango-file,message.dat,8830
itemdesc,345,2nd Job can be reset with this item.#nThis item only can be used when you have the 2nd Job.,1,bango-file,message.dat,8832
itemdesc,346,"This mask is crushing.#nAfter a few days, it will be disappeared #nBut you can resell it to the Merchant before it's get disappeared.",1,bango-file,message.dat,8833
itemdesc,347,You can be an Assassin(PK will be enabled) with this item.#nLong war ~ lasts 1 hour.,1,bango-file,message.dat,8834
itemdesc,348,Resetting all your skills except the basic skills.,1,bango-file,message.dat,8835
itemdesc,349,You can play mini games with gold coins.,1,bango-file,message.dat,8836
itemdesc,350,An useful item(s) is(are) out of the pouch in a certain probability when it used.#nIt'll be deleted after the event ends.,1,bango-file,message.dat,8838
itemdesc,351,"When it used, other item is out of the pot in a certain probability.",1,bango-file,message.dat,8839
itemdesc,352,"[Event Item]#nThis is a Lucky Wooden Box#nIf you keep this untill the event ends,#nYou may get a present from the draw.#nPlease refer the homepage for more information.",1,bango-file,message.dat,8840
itemdesc,353,1 Day#nAdditional item is dropped when opening a Wooden Box.#nShorten the time for opening the Wooden Box.,1,bango-file,message.dat,8841
itemdesc,354,1 Day#nLucky Finish can be executed when in use.#nZamogeons can be dropped from the monsters#nup to 300 times more.,1,bango-file,message.dat,8842
itemdesc,355,This is the Key for the Gate of Advance Base.#nIt's for opening the gate. ,1,bango-file,message.dat,8844
itemdesc,356,This is one of the materials of the cannon.#nIt's handle of the cannon.,1,bango-file,message.dat,8845
itemdesc,357,This is one of the materials of the cannon.#nIt's used for firing.,1,bango-file,message.dat,8846
itemdesc,358,This is one of the materials of the cannon.#nIt's used for igniting.,1,bango-file,message.dat,8847
itemdesc,359,This is one of the materials of the cannon.#nIt's the place of putting the firing powders.,1,bango-file,message.dat,8848
itemdesc,360,This is the barrel of White Tiger Cannon.,1,bango-file,message.dat,8849
itemdesc,361,This is the supports of White Tiger Cannon.,1,bango-file,message.dat,8850
itemdesc,362,This is the cannon ball of White Tiger Cannon. #nIt explodes after 3 seconds.,1,bango-file,message.dat,8851
itemdesc,363,This is the muzzle of White Tiger Cannon.#nIt looks like a white tiger.,1,bango-file,message.dat,8852
itemdesc,364,[event item]#nhealth is increased by 500#nbut this item will disappear after the event.,1,bango-file,message.dat,8854
itemdesc,367,[event item]#nfor 30 mins power is increased by 3.#nbut this item will disappear after the event.,1,bango-file,message.dat,8857
itemdesc,368,[event item]#nfor 30 mins agility is increased by 3.#nbut this item will disappear after the event.,1,bango-file,message.dat,8858
itemdesc,369,[event item]#nfor 30 mins intelligence is increased by 3.#nbut this item will disappear after the event.,1,bango-file,message.dat,8859
itemdesc,375,Artillery skill can be used for 2 hours.#nThis only can be used during the Castle Siege.,1,bango-file,message.dat,8866
itemdesc,376,This is more powerful than a White Tiger Cannon.#nThis can be set up to 3 times.,1,bango-file,message.dat,8867
itemdesc,377,This is more powerful than a White Tiger Cannon.#nThis can be set up twice.,1,bango-file,message.dat,8868
itemdesc,378,This is more powerful than a White Tiger Cannon.#nThis can be set up once.,1,bango-file,message.dat,8869
itemdesc,379,This is less powerful than a White Tiger Cannon.#nBut the firing speed is much faster.#nThis can be set up to 4 times.,1,bango-file,message.dat,8870
itemdesc,380,This is less powerful than a White Tiger Cannon.#nBut the firing speed is much faster.#nThis can be set up to 3 times.,1,bango-file,message.dat,8871
itemdesc,381,This is less powerful than a White Tiger Cannon.#nBut the firing speed is much faster.#nThis can be set up twice.,1,bango-file,message.dat,8872
itemdesc,382,This is less powerful than a White Tiger Cannon.#nBut the firing speed is much faster.#nThis can be set up once.,1,bango-file,message.dat,8873
itemdesc,391,A precious stone that is rarely found#nits value is more than a gem.#nIt also can be used on mixing weapons.,1,bango-file,message.dat,8883
itemdesc,392,This is best gem among all other precious stones.#nits value is more than a gem.#nIt also can be used on mixing weapons.,1,bango-file,message.dat,8884
itemdesc,393,It's collected from the battle field.#nThis can't be used by humans.#nBut it can be used on mixing weapons.,1,bango-file,message.dat,8885
itemdesc,394,It is the dregs that remains after Black Dragon ascended.#nUsed in the production of Imperial Dark Shadow weapons.#nCan not be used for weapons enhancement.,1,bango-file,message.dat,8886
itemdesc,395,[event item]#nthis is event item of Dok-island. when you collect 3 shoes of invader#n you can have same value as one hat of invader.,1,bango-file,message.dat,8888
itemdesc,396,[Event Item]#nThis is an Event Item#nThis item will be deleted after the event,1,bango-file,message.dat,8889
itemdesc,397,It belongs to the god of fire.#nMyterious power will be shown when it equipped on the armor.,1,bango-file,message.dat,8890
itemdesc,398,[Event Item]#nThis is an Event Item#nThis item will be deleted after the event ends,1,bango-file,message.dat,8891
itemdesc,399,This scroll is a moving application for going to Hanin Server,1,bango-file,message.dat,8892
itemdesc,400,This scroll is a moving application for going to Naraeha Server,1,bango-file,message.dat,8893
itemdesc,401,This scroll is a moving application for going to New Server,1,bango-file,message.dat,8894
itemdesc,402,Recovers Magic point by 500,1,bango-file,message.dat,8895
itemdesc,403,[Event Item]#nThis is an Event Item#nThis item will be deleted after the event ends.,1,bango-file,message.dat,8896
itemdesc,404,[Event Item]#nThis is an Event Item#nThis item will be deleted after the event ends.,1,bango-file,message.dat,8897
itemdesc,405,Artisan's Fixing Tool#The damaged item can be repaired #n its endurance by 5 points.,1,bango-file,message.dat,8898
itemdesc,406,Doggebi's Fixing Tool#nThe damaged item can be fully repaired#nBut its endurance can be down to 1#nAnd the item will be destroyed if using it when its endurance is lower than 4.,1,bango-file,message.dat,8900
itemdesc,407,This Pumpkin Head item is for Halloween.,1,bango-file,message.dat,8902
itemdesc,408,This Witch Hat item is for Halloween.,1,bango-file,message.dat,8903
itemdesc,409,This Ghost Cloth item is for Halloween.,1,bango-file,message.dat,8904
itemdesc,410,[Event Item]#nRecovers your HP by 400 points#nThis item will be deleted after the event ends.,1,bango-file,message.dat,8906
itemdesc,411,[Event Item]#nRecovers your HP by 500 points#nThis item will be deleted after the event ends.,1,bango-file,message.dat,8907
itemdesc,412,[Event Item]#nRecovers your HP by 10% of your total HP#nThis item will be deleted after the event ends.,1,bango-file,message.dat,8908
itemdesc,413,[Event Item]#nRecovers your HP by 25% of your total HP#nThis item will be deleted after the event ends.,1,bango-file,message.dat,8909
itemdesc,414,[Event Item]#nPhysical attacking power is increased by 10% for 10 minutes.#nThis item will be deleted after the event ends.,1,bango-file,message.dat,8910
itemdesc,415,[Event Item]#nMagical attacking power is increased by 10% for 10 minutes.#nThis item will be deleted after the event ends.,1,bango-file,message.dat,8911
itemdesc,416,[Event Item]#nYou may fly to your friend by using this item.#nIt'll be deleted after the event ends.,1,bango-file,message.dat,8912
itemdesc,417,[Event Item]#nGive one loom and 5 hemp clothes to the 'Lady Who Makes the Robe of the Fairy' #nand you'll get the Robe of the fairy.#nIt'll be deleted after the event ends.,1,bango-file,message.dat,8913
itemdesc,418,"[Event Item]#nThis is an event item.#nWhen 1000 of them are collected, the wish will be granted.#nThis item will be deleted after the event ends.",1,bango-file,message.dat,8915
itemdesc,419,[Event Item]#nIt's an event item.#nYou may decorate Christmas Tree with it. #nThis item will be deleted after the event ends.,1,bango-file,message.dat,8920
itemdesc,422,"It's an upgraded model of tower.#nIf this strong magic that is casted on the mode,#ntower can be more stronger.",1,bango-file,message.dat,8923
itemdesc,423,[Event Item]#nRecovers your HP by 500 points.,1,bango-file,message.dat,8925
itemdesc,424,[Event Item]#nFinal striking power(physical) is increased by 7% for 30 minutes.,1,bango-file,message.dat,8926
itemdesc,425,[Event Item]#nExplosive Blow percentage is increased by 3% for 30 minutes.,1,bango-file,message.dat,8927
itemdesc,426,[Event Item]#nFinal On Target Point is increased by 5% for 30 minutes.,1,bango-file,message.dat,8928
itemdesc,427,[Event Item]#nFatal attack percentage is increased by 5% for 30 minutes.,1,bango-file,message.dat,8929
itemdesc,428,It's a royal gift for the trainers.#nIncrease the Strength and the Agility. Enchanting is not possible.#nIt can be bought with Reward points.#nReward Point 70000,1,bango-file,message.dat,8930
itemdesc,429,It's a royal gift for the trainers.#nIncrease the Strength and the Agility. Enchanting is not possible.#nIt can be bought with Reward points.#nReward Point 70000,1,bango-file,message.dat,8931
itemdesc,430,It's a royal gift for the trainers.#nIncrease the Strength and the Health. Enchanting is not possible.#nIt can be bought with Reward points.#nReward Point 70000,1,bango-file,message.dat,8932
itemdesc,431,It's a royal gift for the trainers.#nIncrease the Strength and the Health. Enchanting is not possible.#nIt can be bought with Reward points.#nReward Point 70000,1,bango-file,message.dat,8933
itemdesc,432,It's a royal gift for the trainers.#nIncrease the Strength and the Intelegence. Enchanting is not possible.#nIt can be bought with Reward points.#nReward Point 70000,1,bango-file,message.dat,8934
itemdesc,433,It's a royal gift for the trainers.#nIncrease the Strength and the Intelegence. Enchanting is not possible.#nIt can be bought with Reward points.#nReward Point 70000,1,bango-file,message.dat,8935
itemdesc,434,It's a royal gift for the trainers.#nIncrease the Strength and the Wisdom. Enchanting is not possible.#nIt can be bought with Reward points.#nReward Point 70000,1,bango-file,message.dat,8936
itemdesc,435,It's a royal gift for the trainers.#nIncrease the Strength and the Wisdom. Enchanting is not possible.#nIt can be bought with Reward points.#nReward Point 70000,1,bango-file,message.dat,8937
itemdesc,436,It's a royal gift for the trainers.#nIncrease the Intelegence and the Wisdom. Enchanting is not possible.#nIt can be bought with Reward points.#nReward Point 70000,1,bango-file,message.dat,8938
itemdesc,437,It's a royal gift for the trainers.#nIncrease the Intelegence and the Wisdom. Enchanting is not possible.#nIt can be bought with Reward points.#nReward Point 70000,1,bango-file,message.dat,8939
itemdesc,438,It's a royal gift for the trainers.#nIncrease the Intelegence and the Health. Enchanting is not possible.#nIt can be bought with Reward points.#nReward Point 70000,1,bango-file,message.dat,8940
itemdesc,439,It's a royal gift for the trainers.#nIncrease the Intelegence and the Health. Enchanting is not possible.#nIt can be bought with Reward points.#nReward Point 70000,1,bango-file,message.dat,8941
itemdesc,440,It's a royal gift for the trainers.#nIncrease the Intelegence and the Agility. Enchanting is not possible.#nIt can be bought with Reward points.#nReward Point 70000,1,bango-file,message.dat,8942
itemdesc,441,It's a royal gift for the trainers.#nIncrease the Intelegence and the Agility. Enchanting is not possible.#nIt can be bought with Reward points.#nReward Point 70000,1,bango-file,message.dat,8943
itemdesc,442,It's a royal gift for the trainers.#nIncrease the Wisdom and the Agility. Enchanting is not possible.#nIt can be bought with Reward points.#nReward Point 70000,1,bango-file,message.dat,8944
itemdesc,443,It's a royal gift for the trainers.#nIncrease the Wisdom and the Agility. Enchanting is not possible.#nIt can be bought with Reward points.#nReward Point 70000,1,bango-file,message.dat,8945
itemdesc,444,It's a royal gift for the trainers.#nIncrease the Health and the Agility. Enchanting is not possible.#nIt can be bought with Reward points.#nReward Point 70000,1,bango-file,message.dat,8946
itemdesc,445,It's a royal gift for the trainers.#nIncrease the Health and the Agility. Enchanting is not possible.#nIt can be bought with Reward points.#nReward Point 70000,1,bango-file,message.dat,8947
itemdesc,446,It's a ring that is used by Hermit. #nThis item can be enchanted by Honor Talisman.#nIt can be bought with Reward points.#nReward Point 50000,1,bango-file,message.dat,8948
itemdesc,447,It's a necklace that is used by Hermit. #nThis item can be enchanted by Honor Talisman..#nIt can be bought with Reward points.#nReward Point 50000,1,bango-file,message.dat,8949
itemdesc,448,It's a special talisman for high rank accessories. #nIt only can be used on Hermit's Ring/Necklace or #nthe purified accessories of spirit and it increases Strength.,1,bango-file,message.dat,8950
itemdesc,449,It's a special talisman for high rank accessories. #nIt only can be used on Hermit's Ring/Necklace or #nthe purified accessories of spirit and it increases Agility.,1,bango-file,message.dat,8951
itemdesc,450,It's a special talisman for high rank accessories. #nIt only can be used on Hermit's Ring/Necklace or #nthe purified accessories of spirit and it increases Intelligence.,1,bango-file,message.dat,8952
itemdesc,451,Hermit's Water will protect the Hermit's Ring/Necklace or the purified accessories of spirit from destroying. The items won't be broken with Hermit's Water during enchanting. It can't be used on any other items.,1,bango-file,message.dat,8953
itemdesc,452,"By the order of the king, [Weapon Mastery] is improved.#nThe grade of [Weapon Mastery] is increased from 20 to 21.#nIt can be bought with Reward points.#nReward Point 800000",1,bango-file,message.dat,8954
itemdesc,453,"By the order of the king, [Weapon Mastery] is much improved.#nThe grade of [Weapon Mastery] is increased from 21 to 22.#nIt can be bought with Reward points.",1,bango-file,message.dat,8955
itemdesc,454,"By the order of the king, [Critical Hit] is improved.#nThe grade of [Critical Hit] is increased from 15 to 16.#nIt can be bought with Reward points.#nReward Point 800000",1,bango-file,message.dat,8956
itemdesc,455,"By the order of the king, [Critical Hit] is much improved.#nThe grade of [Critical Hit] is increased from 16 to 17.#nIt can be bought with Reward points.",1,bango-file,message.dat,8957
itemdesc,456,"By the order of the king, [Increasing Concentration] is improved.#nThe grade of [Increasing Concentration] is increased from 1 to 2.#nIt can be bought with Reward points.#nReward Point 800000",1,bango-file,message.dat,8958
itemdesc,457,"By the order of the king, [Defense] is improved.#nThe grade of [Defense] is increased from 15 to 16.#nIt can be bought with Reward points.#nReward Point 800000",1,bango-file,message.dat,8959
itemdesc,458,"By the order of the king, [Defense] is much improved.#nThe grade of [Defense] is increased from 16 to 17.#nIt can be bought with Reward points.#nReward Point 1200000",1,bango-file,message.dat,8960
itemdesc,459,"By the order of the king, [Bow Mastery] is improved.#nThe grade of [Bow Mastery] is increased from 10 to 11.#nIt can be bought with Reward points.#nReward Point 800000",1,bango-file,message.dat,8961
itemdesc,460,"By the order of the king, [Bow Mastery] is much improved.#nThe grade of [Bow Mastery] is increased from 11 to 12.#nIt can be bought with Reward points.#nReward Point 1200000",1,bango-file,message.dat,8962
itemdesc,461,"By the order of the king, [Critical Hit] is improved.#nThe grade of [Critical Hit] is increased from 15 to 16.#nIt can be bought with Reward points.#nReward Point 800000",1,bango-file,message.dat,8963
itemdesc,462,"By the order of the king, [Critical Hit] is much improved.#nThe grade of [Critical Hit] is increased from 16 to 17.#nIt can be bought with Reward points.#nReward Point 1200000",1,bango-file,message.dat,8964
itemdesc,463,"By the order of the king, [Concentration] is improved.#nThe grade of [Concentration] is increased from 10 to 11.#nIt can be bought with Reward points.#nReward Point 800000",1,bango-file,message.dat,8965
itemdesc,464,"By the order of the king, [Concentration] is much improved.#nThe grade of [Concentration] is increased from 11 to 12.#nIt can be bought with Reward points.#nReward Point 1200000",1,bango-file,message.dat,8966
itemdesc,465,"By the order of the king, [Perfect Evasion] is improved.#nThe grade of [Perfect Evasion] is increased from 10 to 11.#nIt can be bought with Reward points.#nReward Point 800000",1,bango-file,message.dat,8967
itemdesc,466,"By the order of the king, [Perfect Evasion] is much improved.#nThe grade of [Perfect Evasion] is increased from 11 to 12.#nIt can be bought with Reward points.#nReward Point 1200000",1,bango-file,message.dat,8968
itemdesc,467,"By the order of the king, [Magic Mastery : Lightning] is improved.#nThe grade of [Magic Mastery : Lightning] is increased from 5 to 6.#nIt can be bought with Reward points.#nReward Point 800000",1,bango-file,message.dat,8969
itemdesc,468,"By the order of the king, [Magic Mastery : Lightning] is much improved.#nThe grade of [Magic Mastery : Lightning] is increased from 6 to 7.#nIt can be bought with Reward points.#nReward Point 1200000",1,bango-file,message.dat,8970
itemdesc,469,"By the order of the king, [Magic Mastery : Ice] is improved.#nThe grade of [Magic Mastery : Ice] is increased from 5 to 6.#nIt can be bought with Reward points.#nReward Point 800000",1,bango-file,message.dat,8971
itemdesc,470,"By the order of the king, [Magic Mastery : Ice] is much improved.#nThe grade of [Magic Mastery : Ice] is increased from 6 to 7.#nIt can be bought with Reward points.#nReward Point 1200000",1,bango-file,message.dat,8972
itemdesc,471,"By the order of the king, [Magic Mastery : Fire] is improved.#nThe grade of [Magic Mastery : Fire] is increased from 5 to 6.#nIt can be bought with Reward points.#nReward Point 800000",1,bango-file,message.dat,8973
itemdesc,472,"By the order of the king, [Magic Mastery : Fire] is much improved.#nThe grade of [Magic Mastery : Fire] is increased from 6 to 7.#nIt can be bought with Reward points.#nReward Point 1200000",1,bango-file,message.dat,8974
itemdesc,473,"By the order of the king, [Meditation] is improved.#nThe grade of [Meditation] is increased from 3 to 4.#nIt can be bought with Reward points.#nReward Point 800000",1,bango-file,message.dat,8975
itemdesc,474,"By the order of the king, [Meditation] is much improved.#nThe grade of [Meditation] is increased from 4 to 5.#nIt can be bought with Reward points.#nReward Point 1200000",1,bango-file,message.dat,8976
itemdesc,475,"By the order of the king, [Revival] is improved.#nThe grade of [Revival] is increased from 1 to 2.#nIt can be bought with Reward points.#nReward Point 800000",1,bango-file,message.dat,8977
itemdesc,476,"By the order of the king, [Defensive incantation 6] is developed. #nIt's next step of [Defensive incantation 5].#nIt can be bought with Reward points.#nReward Point 800000",1,bango-file,message.dat,8978
itemdesc,477,Spirit of Doggebi is sealed its shield.#nIt's been discovered when the Training Area for Warrior of Sky is discovered.#nIt can be bought with Reward points.#nReward Point 200000,1,bango-file,message.dat,8979
itemdesc,478,It's a trained wolf for transportation.#nMoving speed is faster than normal.#nIt can be bought with Reward points.,1,bango-file,message.dat,8980
itemdesc,479,It's a trained tiger for transportation.#nMoving speed is faster than normal.#nIt can be bought with Reward points.,1,bango-file,message.dat,8981
itemdesc,480,It's a trained horse for transportation.#nMoving speed is faster than normal.,1,bango-file,message.dat,8982
itemdesc,481,It's a royal gift for the trainers.#nIncrease the Wisdom and the Health. Enchanting is not possible.#nIt can be bought with Reward points.#nReward Point 70000,1,bango-file,message.dat,8983
itemdesc,482,It's a royal gift for the trainers.#nIncrease the Wisdom and the Health. Enchanting is not possible.#nIt can be bought with Reward points.#nReward Point 70000,1,bango-file,message.dat,8984
itemdesc,483,It's a special talisman for high rank accessories. #nIt only can be used on Hermit's Ring/Necklace or #nthe purified accessories of spirit and it increases Wisdom.,1,bango-file,message.dat,8985
itemdesc,484,It's a special talisman for high rank accessories. #nIt only can be used on Hermit's Ring/Necklace or #nthe purified accessories of spirit and it increases Health.,1,bango-file,message.dat,8986
itemdesc,485,[Event Item]#nThis is an Event Item#nThis item will be deleted after the event ends.,1,bango-file,message.dat,8988
itemdesc,486,"[Event Item]#nThis is an Event Item#nMore you have these, more useful item you can get.",1,bango-file,message.dat,8989
itemdesc,490,It's a portable bomb. #nIt only can be used in Protecting Leader Training Area.#nLeader doesn't get any damage with this bomb.,1,bango-file,message.dat,8991
itemdesc,491,It certifies that you were in the training area. #nYou can get honor points if you use the Doggebi's certificate.,1,bango-file,message.dat,8993
itemdesc,492,Making all attacks ineffectively from your enemies for 10seconds.#nUsed by guild leader in Protecting Leader Training area only.,1,bango-file,message.dat,8994
itemdesc,493,"When it used, you'll teleport to your leader.#nUsed by guild members in Protecting Leader Training area only.",1,bango-file,message.dat,8995
itemdesc,494,"This is a special item that son of the sky has made#nin order to destroy the temple of dragon.#nWhen you use this, you can survive in Poison of the dragon.#nBut, You may not use this more than 10hrs. per day.",1,bango-file,message.dat,9000
itemdesc,495,"You can lock this Item.#nLocked items cannot be dropped, sent, sold, #nenchanted, registered, destroyed (stone of revision), #nmixed (strengthened & made).",1,bango-file,message.dat,9004
itemdesc,496,You can Unlock your locked item.#nPlease be aware that your key will be consumed#n even though you type incorrect Password.,1,bango-file,message.dat,9005
itemdesc,497,[Event Item]This is an item from #nevent.This #nitem will disappear after the event.,1,bango-file,message.dat,9006
itemdesc,499,These are Fish that live only in crystal clear water. #n They taste better when bigger. ,1,bango-file,message.dat,9009
itemdesc,500,These are Fish that live only in crystal clear water. #n They taste better when bigger. ,1,bango-file,message.dat,9010
itemdesc,501,These are Fish that live only in crystal clear water. #n They taste better when bigger. ,1,bango-file,message.dat,9011
itemdesc,502,This item will be deleted after the event ends.,1,bango-file,message.dat,9014
itemdesc,503,This item will be deleted after the event ends.,1,bango-file,message.dat,9015
itemdesc,504,This item will be deleted after the event ends.,1,bango-file,message.dat,9016
itemdesc,505,This item will be deleted after the event ends.,1,bango-file,message.dat,9017
itemdesc,506,This item will be deleted after the event ends.,1,bango-file,message.dat,9018
itemdesc,507,This item will be deleted after the event ends.,1,bango-file,message.dat,9019
itemdesc,508,This item will be deleted after the event ends.,1,bango-file,message.dat,9020
itemdesc,509,Collect 25 Big Handed Inhabitant's dead bodies.,1,bango-file,message.dat,9023
itemdesc,510,Collect 15 Big Handed Warrior's dead bodies.,1,bango-file,message.dat,9024
itemdesc,511,Collect 10 Deamon soldier's heads.,1,bango-file,message.dat,9025
itemdesc,512,Collect 10 Demon Throwing Soldier's Heads.,1,bango-file,message.dat,9026
itemdesc,513,Collect 10 Wild Demon Soldier's Heads.,1,bango-file,message.dat,9027
itemdesc,514,Collect 10 Demon Shock Trooper's Heads.,1,bango-file,message.dat,9028
itemdesc,515,Collect 10 Demon Flag Bearer's Heads.,1,bango-file,message.dat,9029
itemdesc,516,Collect 10 Demon Band's Heads.,1,bango-file,message.dat,9030
itemdesc,517,Collect 10 Water Dragons' heads.,1,bango-file,message.dat,9031
itemdesc,518,Collect 10 Demon Armored Knight's Heads.,1,bango-file,message.dat,9032
itemdesc,519,Collect 10 Demon Mad Knight's heads.,1,bango-file,message.dat,9033
itemdesc,520,Collect 5 Demon Commander's Heads.,1,bango-file,message.dat,9034
itemdesc,521,Collect 20 Devil Soldier's heads.,1,bango-file,message.dat,9035
itemdesc,522,Collect 10 Devil Soldier Twin Blades' Heads.,1,bango-file,message.dat,9036
itemdesc,523,Collect 10 Devil Soldier Bow's Heads.,1,bango-file,message.dat,9037
itemdesc,524,Collect 5 Devil Soldier Sword's Heads.,1,bango-file,message.dat,9038
itemdesc,525,Collect 5 Devil Soldier Spear's Heads.,1,bango-file,message.dat,9039
itemdesc,526,Collect 10 Devil Soldier Sub-boss' Heads.,1,bango-file,message.dat,9040
itemdesc,527,Collect 5 Devil Soldier Boss' Heads.,1,bango-file,message.dat,9041
itemdesc,528,Recovers Magic Point by 300,1,bango-file,message.dat,9044
itemdesc,529,Recovers Magic Point by 500,1,bango-file,message.dat,9045
itemdesc,530,It's made out of gold. #nOnly the one who get recognized by the king can get this shield.#nIt can be bought with Reward points.#nReward Point 300000,1,bango-file,message.dat,9048
itemdesc,531,This item will disappear when the event is finished.,1,bango-file,message.dat,9051
itemdesc,532,This can make you invisible for certain period of time.#nYou will not be able to attack or attacked from#nopponent.,1,bango-file,message.dat,9054
itemdesc,533,"This is the scroll that has the method of Encampment Building.#nYou will need a wood, a leather and a hammer.#nYou can only use this at Suffering Valley.",1,bango-file,message.dat,9055
itemdesc,534,"You need materials for Encampment Building.#na wood, a leather and a hammer..",1,bango-file,message.dat,9056
itemdesc,535,Collect 50 Devil Troop of Jealousy Masks	,1,bango-file,message.dat,9059
itemdesc,536,Collect 40 Devil Troop of Hatred Masks,1,bango-file,message.dat,9060
itemdesc,537,Collect 40 Devil Troop of Madness Masks,1,bango-file,message.dat,9061
itemdesc,538,Collect 45 Devil Troop of Anger Masks,1,bango-file,message.dat,9062
itemdesc,539,Collect 15 Devil Troop of Absorbing Green Masks,1,bango-file,message.dat,9063
itemdesc,540,Collect 60 The Cave of The Giant Bird Demon's Heads,1,bango-file,message.dat,9064
itemdesc,541,Collect 30 Rotten Skeletons of Warrior of the Royal Tomb,1,bango-file,message.dat,9065
itemdesc,542,Collect 20 Doggebi of Monster Face Fire,1,bango-file,message.dat,9066
itemdesc,543,Collect 10 Doggebi with a Gong Fire,1,bango-file,message.dat,9067
itemdesc,544,Collect 20 Drunken Doggebi Fire,1,bango-file,message.dat,9068
itemdesc,545,Collect 20 Doggebi with a Mask of Black Fire,1,bango-file,message.dat,9069
itemdesc,546,Collect 20 Doggebi with a Mask of Black Panther Fire,1,bango-file,message.dat,9070
itemdesc,547,Collect 40 Giant Doggebi Fire,1,bango-file,message.dat,9071
itemdesc,548,Collect 20 High Class Doggebi with a Gong Fire,1,bango-file,message.dat,9072
itemdesc,549,Collect 10 The Royal Tobm Keeper's first certificates,1,bango-file,message.dat,9073
itemdesc,550,Collect 10 High Class Drunken Doggebi  Fire,1,bango-file,message.dat,9074
itemdesc,551,Collect 10 The Royal Tobm Keeper's second certificates,1,bango-file,message.dat,9075
itemdesc,552,Collect 10 High Class Doggebi with a Mask of Black Crow Fire,1,bango-file,message.dat,9076
itemdesc,553,Collect 20 Demon Crack Soldier's heads,1,bango-file,message.dat,9077
itemdesc,554,Collect 20 Traitor Warrior's Talismans,1,bango-file,message.dat,9078
itemdesc,555,Collect 40 Chief of Demon Crack Troop's heads,1,bango-file,message.dat,9079
itemdesc,556,Collect 30 E-Mok Island Blacksmith's rings,1,bango-file,message.dat,9080
itemdesc,557,Collect 10 Trained Traitor Warrior's Talismans,1,bango-file,message.dat,9081
itemdesc,558,Collect 30 Small Green E-Moogi's teeth,1,bango-file,message.dat,9082
itemdesc,559,Collect 10 Monster of Demon Crack Troop's heads,1,bango-file,message.dat,9083
itemdesc,560,Collect 20 E-Mok Island Sealed Ghost's rings,1,bango-file,message.dat,9084
itemdesc,561,Collect 5 Guard of the Traitors Hangout's Talismans,1,bango-file,message.dat,9085
itemdesc,562,Collect 30 Small Brown E-Moogi's teeth,1,bango-file,message.dat,9086
itemdesc,563,Collect 20 White Beast of Demon Crack Troop's heads,1,bango-file,message.dat,9087
itemdesc,564,Collect 15 Twisted Green E-Moogi's teeth,1,bango-file,message.dat,9088
itemdesc,565,Collect 5 Knight of the Traitors Hangout's Talismans,1,bango-file,message.dat,9089
itemdesc,566,Collect 15 Twisted Brown E-Moogi's teeth,1,bango-file,message.dat,9090
itemdesc,567,Collect 5 Blue Beast of Demon Crack Troop's heads,1,bango-file,message.dat,9091
itemdesc,568,Collect 10 Twisted Demon Guarder's heads,1,bango-file,message.dat,9092
itemdesc,569,Collect 15 Twisted Demon Patrol's heads,1,bango-file,message.dat,9093
itemdesc,570,Collect 10 Twisted Demon Warrior's heads,1,bango-file,message.dat,9094
itemdesc,571,Collect 20 Twisted Demon Soldier's heads,1,bango-file,message.dat,9095
itemdesc,572,Collect 5 Twisted Demon Defender's heads,1,bango-file,message.dat,9096
itemdesc,572,Collect 5 Twisted Demon Defender's heads,2,bango-file,message.dat,9097
itemdesc,573,Devil Troop of Jealousy Mask without Bango's Blood,1,bango-file,message.dat,9098
itemdesc,574,Devil Troop of Hatred Mask without Bango's Blood,1,bango-file,message.dat,9099
itemdesc,575,Devil Troop of Madness Mask without Bango's Blood,1,bango-file,message.dat,9100
itemdesc,576,Devil Troop of Anger Mask without Bango's Blood,1,bango-file,message.dat,9101
itemdesc,577,Devil Troop of Absorbing Green Mask without Bango's Blood,1,bango-file,message.dat,9102
itemdesc,578,The Cave of The Giant Bird Demon's Head,1,bango-file,message.dat,9103
itemdesc,579,Rotten Skeleton of Warrior of the Royal Tomb,1,bango-file,message.dat,9104
itemdesc,580,Extinguished Fire of Doggebi of Monster Face,1,bango-file,message.dat,9105
itemdesc,581,Extinguished Fire of Doggebi with a Gong,1,bango-file,message.dat,9106
itemdesc,582,Extinguished Fire of Drunken Doggebi,1,bango-file,message.dat,9107
itemdesc,583,Extinguished Fire of Doggebi with a Mask of Black,1,bango-file,message.dat,9108
itemdesc,584,Extinguished Fire of Doggebi with a Mask of Black Panther,1,bango-file,message.dat,9109
itemdesc,585,Extinguished Fire of Giant Doggebi,1,bango-file,message.dat,9110
itemdesc,586,Extinguished Fire of High Class Doggebi with a Gong,1,bango-file,message.dat,9111
itemdesc,587,The Royal Tobm Keeper's first certificate,1,bango-file,message.dat,9112
itemdesc,588,Extinguished Fire of High Class Drunken Doggebi,1,bango-file,message.dat,9113
itemdesc,589,The Royal Tobm Keeper's second certificate,1,bango-file,message.dat,9114
itemdesc,590,Extinguished Fire of High Class Doggebi with a Mask of Black Crow,1,bango-file,message.dat,9115
itemdesc,591,Demon Crack Soldier's head,1,bango-file,message.dat,9116
itemdesc,592,Traitor Warrior's Talisman,1,bango-file,message.dat,9117
itemdesc,593,Chief of Demon Crack Troop's head,1,bango-file,message.dat,9118
itemdesc,594,E-Mok Island Blacksmith's rings,1,bango-file,message.dat,9119
itemdesc,595,Trained Traitor Warrior's Talisman,1,bango-file,message.dat,9120
itemdesc,596,Small Green E-Moogi's sharp tooth,1,bango-file,message.dat,9121
itemdesc,597,Monster of Demon Crack Troop's head,1,bango-file,message.dat,9122
itemdesc,598,E-Mok Island Sealed Ghost's ring,1,bango-file,message.dat,9123
itemdesc,599,Guard of the Traitors Hangout's Talisman,1,bango-file,message.dat,9124
itemdesc,600,Small Brown E-Moogi's sharp tooth,1,bango-file,message.dat,9125
itemdesc,601,White Beast of Demon Crack Troop's head,1,bango-file,message.dat,9126
itemdesc,602,Twisted Green E-Moogi's sharp tooth,1,bango-file,message.dat,9127
itemdesc,603,Knight of the Traitors Hangout's Talisman,1,bango-file,message.dat,9128
itemdesc,604,Twisted Brown E-Moogi's tooth,1,bango-file,message.dat,9129
itemdesc,605,Blue Beast of Demon Crack Troop's head,1,bango-file,message.dat,9130
itemdesc,606,Twisted Demon Guarder's head,1,bango-file,message.dat,9131
itemdesc,607,Twisted Demon Patrol's head,1,bango-file,message.dat,9132
itemdesc,608,Twisted Demon Warrior's head,1,bango-file,message.dat,9133
itemdesc,609,Twisted Demon Soldier's head,1,bango-file,message.dat,9134
itemdesc,610,Twisted Demon Defender's head,1,bango-file,message.dat,9135
itemdesc,611,There's a blue gem on the stick and #nit's for the chairperson of Joong-Bang.#nIt can be bought with the Reward points.#nReward Point 150000,1,bango-file,message.dat,9138
itemdesc,612,There's a lotus flower on the stick and #nit's for the chairperson of Joong-Bang.#nOnly the one who get recognized by the king can get this.#nIt can be bought with the Reward points.#nReward Point 250000,1,bango-file,message.dat,9139
itemdesc,613,There's a lotus flower on the Sword. #nOnly the one who get recognized by the king can get this.#nIt can be bought with the Reward points.#nReward Point 250000,1,bango-file,message.dat,9142
itemdesc,614,There's a lotus flower on the Sword. #nOnly the one who get recognized by the king can get this.#nIt can be bought with the Reward points.#nReward Point 250000,1,bango-file,message.dat,9143
itemdesc,615,There's a lotus flower on the Bow. #nOnly the one who get recognized by the king can get this.#nIt can be bought with the Reward points.#nReward Point 250000,1,bango-file,message.dat,9144
itemdesc,616,"It's used in the Island of the Battle Field.#nBy Using this pillar, you can conquer 5 key points of the island.",1,bango-file,message.dat,9147
itemdesc,617,You can build True Firmamental Pillar which monsters will not attack.,1,bango-file,message.dat,9148
itemdesc,618,You can strengthen the Firmamental Pillar or True Firmamental Pillar.,1,bango-file,message.dat,9149
itemdesc,619,The element which composes 'Altar of Fire'.#nThis is the key which sends with their worlds with other elements.,1,bango-file,message.dat,9153
itemdesc,620,The element which composes 'Altar of water'.#nThis is the key which sends with their worlds with other elements.,1,bango-file,message.dat,9154
itemdesc,621,The element which composes 'Altar of wood'.#nThis is the key which sends with their worlds with other elements.,1,bango-file,message.dat,9155
itemdesc,622,The element which composes 'Altar of iron'.#nThis is the key which sends with their worlds with other elements.,1,bango-file,message.dat,9156
itemdesc,623,The element which composes 'Altar of ground'.#nThis is the key which sends with their worlds with other elements.,1,bango-file,message.dat,9157
itemdesc,624,"When gives to 'Sur-An', Will send them with their worlds.",1,bango-file,message.dat,9158
itemdesc,625,Letter of introduction.#nConvey in 'Sur-An' where is in 'city of the priest'.,1,bango-file,message.dat,9159
itemdesc,626,recalls the individual To you.,1,bango-file,message.dat,9162
itemdesc,627,recalls the Party To you.,1,bango-file,message.dat,9163
itemdesc,628,recalls the Guild To you.,1,bango-file,message.dat,9164
itemdesc,629,"Chief of the Traitor's Hangout, Yoong-Gi's necklace, Use to ingredients of evil.",1,bango-file,message.dat,9167
itemdesc,630,"'Lord of Shadow Troop's Jaw, Use to ingredients of evil.",1,bango-file,message.dat,9168
itemdesc,631,"Demon Monster's Right Arm, Use to ingredients of evil.",1,bango-file,message.dat,9169
itemdesc,632,"Twisted Demon Defender's Sword, Use to ingredients of evil.",1,bango-file,message.dat,9170
itemdesc,633,E-Moogi's Complete E-moogy's Scale . Use to ingredients of evil.,1,bango-file,message.dat,9171
itemdesc,634,Doggebi Lord's Horn. Use to ingredients of evil.,1,bango-file,message.dat,9172
itemdesc,635,"The element which composes 'Altar of Fire',#nit damaged and seems not available",1,bango-file,message.dat,9175
itemdesc,636,"The element which composes 'Altar of water',#nit damaged and seems not available",1,bango-file,message.dat,9176
itemdesc,637,"The element which composes 'Altar of wood',#nit damaged and seems not available",1,bango-file,message.dat,9177
itemdesc,638,"The element which composes 'Altar of iron',#nit damaged and seems not available",1,bango-file,message.dat,9178
itemdesc,639,"The element which composes 'Altar of ground',#nit damaged and seems not available",1,bango-file,message.dat,9179
itemdesc,643,Your character moves to the target.,1,bango-file,message.dat,9186
itemdesc,646,Shadow of death with quickness#nIt's good at speedy combat,1,bango-file,message.dat,9189
itemdesc,647,Interesting ticket which has been known that it brings luck when we keep it,1,bango-file,message.dat,9192
itemdesc,648,It is the shield whose appearance#n is inspired from the silhouette of Blood Dragon.#n Only the one who get recognized by the king can get this shield.#nIt can be bought with Reward points.#nReward Point 400000,1,bango-file,message.dat,9195
itemdesc,650,The supernatural talisman by which your latest fighting experience lost can be restored.,1,bango-file,message.dat,9198
itemdesc,651,"It is the core substance which consists of Fire element, #nand covered with red luster.",1,bango-file,message.dat,9201
itemdesc,652,"It is the core substance which consists of Water element, #nand covered with blue luster.",1,bango-file,message.dat,9202
itemdesc,653,"It is the core substance which consists of Wood element, #nand covered with green luster.",1,bango-file,message.dat,9203
itemdesc,654,"It is the core substance which consists of Iron element, #nand covered with violet luster.",1,bango-file,message.dat,9204
itemdesc,655,"It is the core substance which consists of Earth element, #nand covered with yellow luster.",1,bango-file,message.dat,9205
itemdesc,656,"It is the core substance which consists of Fire element, #nand covered with dark power.",1,bango-file,message.dat,9206
itemdesc,657,It is the necklace belching out I'Lryer's power. #nIt was temporarily made by Il Ja to go into I'Lryer's room.,1,bango-file,message.dat,9207
itemdesc,658,The trophy which can be obtained by beating off I'Lryer's soul.,1,bango-file,message.dat,9208
itemdesc,659,The mysterious trinket with which #n a character can be transferred to the unknown world.,1,bango-file,message.dat,9209
itemdesc,660,It is the piece of Unknown World which is found in the crack of the world. #nThere will be a certain person who want it.,1,bango-file,message.dat,9212
itemdesc,667,"It is a backed corp which has silver scales and lives only in Geum-Oh Valley.#nIt has a spicy fragrance. Once it is used, #n3,750 health points will be recovered for 30 seconds.",1,bango-file,message.dat,9215
itemdesc,668,"It is the tea made of pure dew in the heart of mountains. #nOnce it is used, 2,070 magic points will be recovered for 30 seconds.",1,bango-file,message.dat,9216
itemdesc,640,Summon 5 monsters whose levels are 40s around you.,1,bango-file,message.dat,9219
itemdesc,641,Summon 5 monsters whose levels are 50s around you.,1,bango-file,message.dat,9220
itemdesc,642,Summon 7 monsters whose levels are 60s around you.#nLimitation : 50Lv Requirement,1,bango-file,message.dat,9221
itemdesc,670,Summon 10 monsters whose levels are 70s around you.#nLimitation : 60Lv Requirement,1,bango-file,message.dat,9223
itemdesc,671,Summon 15 monsters whose levels are 80s around you.#nOnly a character in the third job can use.,1,bango-file,message.dat,9224
itemdesc,694,There's a lotus flower on the dangger. #nOnly the one who get recognized by the king can get this.#nIt can be bought with the Reward points.#nReward Point 250000,1,bango-file,message.dat,9227
itemdesc,695,"(Only for Duel Tournament, Scenarios and Castle Siege)#nDecrease enemy's physical attack by 50% for 5 seconds.#nCool Time: 10 minutes",1,bango-file,message.dat,9230
itemdesc,696,"(Only for Duel Tournament, Scenarios and Castle Siege)#nIncrease my maximum HP by 30% for 180 seconds.#nCool Time: 15 minutes",1,bango-file,message.dat,9231
itemdesc,697,By the order of the King [Attack Power Up] is improved.#nThe grade of [Attack Power Up] is increased from 10 to 11.#nIt can be bought with Reward points.#nReward Point 800000,1,bango-file,message.dat,9234
itemdesc,698,By the order of the King [Attack Power Up] is improved.#nThe grade of [Attack Power Up] is increased from 11 to 12.#nIt can be bought with Reward points.#nReward Point 1200000,1,bango-file,message.dat,9235
itemdesc,699,By the order of the King [Increase Target Rate] is improved.#nThe grade of [Increase Target Rate] is increased from 10 to 11.#nIt can be bought with Reward points.#nReward Point 800000,1,bango-file,message.dat,9236
itemdesc,700,By the order of the King [Increase Target Rate] is improved.#nThe grade of [Increase Target Rate] is increased from 11 to 12.#nIt can be bought with Reward points.#nReward Point 1200000,1,bango-file,message.dat,9237
itemdesc,701,By the order of the King [Increase Critical Rate] is improved.#nThe grade of [Increase Critical Rate] is increased from 10 to 11.#nIt can be bought with Reward points.#nReward Point 800000,1,bango-file,message.dat,9238
itemdesc,702,By the order of the King [Increase Critical Rate] is improved.#nThe grade of [Increase Critical Rate] is increased from 11 to 12.#nIt can be bought with Reward points.#nReward Point 1200000,1,bango-file,message.dat,9239
itemdesc,703,By the order of the King [Increase Critical Damage] is improved.#nThe grade of [Increase Critical Damage] is increased from 10 to 11.#nIt can be bought with Reward points.#nReward Point 800000,1,bango-file,message.dat,9240
itemdesc,704,By the order of the King [Increase Critical Damage] is improved.#nThe grade of [Increase Critical Damage] is increased from 11 to 12.#nIt can be bought with Reward points.#nReward Point 1200000,1,bango-file,message.dat,9241
itemdesc,705,Demon Troop's Catapult lever,1,bango-file,message.dat,9244
itemdesc,706,Crazy Demon Worker's Axe,1,bango-file,message.dat,9246
itemdesc,707,Sealed Stone with Village Headman's Spirit,1,bango-file,message.dat,9247
itemdesc,708,"(Only for Duel Tournament, Scenarios and Castle Siege)#nIncrease my defense by 200 for 10 seconds.#nCool Time : 5 minutes",1,bango-file,message.dat,9251
itemdesc,709,"(Only for Duel Tournament, Scenarios and Castle Siege)#nIncrease my target rate by 50 for 10 seconds.#nCool Time : 7 minutes 30 seconds",1,bango-file,message.dat,9253
itemdesc,710,Crazy Demon Head,1,bango-file,message.dat,9256
itemdesc,711,Poppy,1,bango-file,message.dat,9257
itemdesc,712,Crazy Demon Worker's Head,1,bango-file,message.dat,9258
itemdesc,713,Soo-Ryun's Letter,1,bango-file,message.dat,9259
itemdesc,714,Yun-Hwa's Letter,1,bango-file,message.dat,9260
itemdesc,715,Elite Skeleton Head,1,bango-file,message.dat,9261
itemdesc,716,Elite Skeleton Archer Head,1,bango-file,message.dat,9262
itemdesc,717,Wild Boar Chop of Meat,1,bango-file,message.dat,9263
itemdesc,718,Piece of Map,1,bango-file,message.dat,9265
itemdesc,719,Piece of Map2,1,bango-file,message.dat,9266
itemdesc,720,Piece of Map3,1,bango-file,message.dat,9267
itemdesc,721,Piece of Map4,1,bango-file,message.dat,9268
itemdesc,722,Piece of Map5,1,bango-file,message.dat,9269
itemdesc,723,Piece of Map6,1,bango-file,message.dat,9270
itemdesc,724,Piece of Map7,1,bango-file,message.dat,9271
itemdesc,725,Piece of Map8,1,bango-file,message.dat,9272
itemdesc,726,Piece of Map9,1,bango-file,message.dat,9273
itemdesc,727,Piece of Map10,1,bango-file,message.dat,9274
itemdesc,728,Scorpions Poisoned needle,1,bango-file,message.dat,9275
itemdesc,729,Bear's gall,1,bango-file,message.dat,9276
itemdesc,730,Knoll of certificate,1,bango-file,message.dat,9277
itemdesc,731,Goblin of Strategic Book,1,bango-file,message.dat,9278
itemdesc,732,Blue Bead,1,bango-file,message.dat,9279
itemdesc,733,Treasure Sword,1,bango-file,message.dat,9280
itemdesc,734,Book,1,bango-file,message.dat,9281
itemdesc,735,Water Bag,1,bango-file,message.dat,9282
itemdesc,736,Bear Head,1,bango-file,message.dat,9283
itemdesc,737,Goblin Conjurator Head,1,bango-file,message.dat,9284
itemdesc,738,Degenarated Twisted Demon Nail,1,bango-file,message.dat,9285
itemdesc,739,Wolf Fur,1,bango-file,message.dat,9286
itemdesc,740,Collect 50 Crazy Demon Worker's Heads.,1,bango-file,message.dat,9287
itemdesc,741,Collect 30 Wild Boar Chop of meat.,1,bango-file,message.dat,9288
itemdesc,742,Collect 10 Pieces of Map.,1,bango-file,message.dat,9289
itemdesc,743,Collect 10 Knoll of certificate.,1,bango-file,message.dat,9290
itemdesc,744,Collect 5 Goblin Conjurator Heads,1,bango-file,message.dat,9291
itemdesc,745,Ticket for Halloween event. Bring it to Strange Ghost for surprise things.,1,bango-file,message.dat,9294
itemdesc,746,Type: Normal#n<Executable Skill>#nThe following buff(s) apply by certain chance.#nIncreasing Attack : +4%% #nIncreasing Defense : +3%%#n,1,bango-file,message.dat,9297
itemdesc,747,Type: PvP#n<Executable Skill>#nThe following buff(s) apply by certain chance.#nIncreasing Attack : +6%% #nIncreasing Defense : +4%%#n,1,bango-file,message.dat,9298
itemdesc,748,Type: Normal#n<Executable Skill>#nThe following buff(s) apply by certain chance.#nIncresing rate of Explosive Blow : +2%% #nIncreasing Defense : +3%%,1,bango-file,message.dat,9299
itemdesc,749,Type: PvP#n<Executable Skill>#nThe following buff(s) apply by certain chance.#nIncresing rate of Explosive Blow : +3%% #nIncreasing Defense : +4%%,1,bango-file,message.dat,9300
itemdesc,750,Type: Normal#n<Executable Skill>#nThe following buff(s) apply by certain chance.#nIncreasing Defense : +5%% #nIncreasing Attack : +2%%#n,1,bango-file,message.dat,9301
itemdesc,751,Type: PvP#n<Executable Skill>#nThe following buff(s) apply by certain chance.#nIncreasing Defense : +6%% #nIncreasing Attack : +3%%#n,1,bango-file,message.dat,9302
itemdesc,752,Type: Normal#n<Executable Skill>#nThe following buff(s) apply by certain chance.#nIncreasing Evasion : +2%% #nIncreasing Attack : +2%%#n,1,bango-file,message.dat,9303
itemdesc,753,Type: PvP#n<Executable Skill>#nThe following buff(s) apply by certain chance.#nIncreasing Evasion : +3%% #nIncreasing Attack : +3%%#n,1,bango-file,message.dat,9304
itemdesc,754,Type: Normal#n<Executable Skill>#nThe following buff(s) apply by a certain chance.#nIncreasing Attack : +8%%  #nIncreasing Defense : +3%% #nIncresing rate of Explosive Blow : +2%% #n,1,bango-file,message.dat,9307
itemdesc,755,Type: PvP#n<Executable Skill>#nThe following buff(s) apply by a certain chance.#nIncreasing Attack : +12%% #nIncreasing Defense : +4%% #nIncresing rate of Explosive Blow : +3%% #n,1,bango-file,message.dat,9308
itemdesc,756,Type: Normal#n<Executable Skill>#nThe following buff(s) apply by a certain chance.#nIncresing rate of Explosive Blow : +4%% #nIncreasing Attack : +2%% #nIncreasing Defense : +3%% #n,1,bango-file,message.dat,9309
itemdesc,757,Type: PvP#n<Executable Skill>#nThe following buff(s) apply by a certain chance.#nIncresing rate of Explosive Blow : +5%% #nIncresing Attack : +3%% #nIncreasing Defense : +4%% #n,1,bango-file,message.dat,9310
itemdesc,758,Type: Normal#n<Executable Skill>#nThe following buff(s) apply by a certain chance.#nIncreasing Defense : +10%% #nIncreasing Attack : +2%% #nIncresing Evasion : +2%% #n,1,bango-file,message.dat,9311
itemdesc,759,Type: PvP#n<Executable Skill>#nThe following buff(s) apply by a certain chance.#nIncreasing Defense : +12%% #nIncreasing Attack : +3%% #nIncresing Evasion : +3%% #n,1,bango-file,message.dat,9312
itemdesc,760,Type: Normal#n<Executable Skill>#nThe following buff(s) apply by a certain chance.#nIncresing Evasion : +3%% #nIncresing Defense : +3%% #nIncreasing Attack : +2%% #n,1,bango-file,message.dat,9313
itemdesc,761,Type: PvP#n<Executable Skill>#nThe following buff(s) apply by a certain chance.#nIncresing Evasion : +4%% #nIncresing Defense : +4%% #nIncreasing Attack : +3%% #n,1,bango-file,message.dat,9314
itemdesc,762,Goblin's Decoder,1,bango-file,message.dat,9317
itemdesc,763,Crazy Demon Worker's Leader Head,1,bango-file,message.dat,9318
itemdesc,764,Skeletons with the pack,1,bango-file,message.dat,9319
itemdesc,765,Wolf Commander Head,1,bango-file,message.dat,9320
itemdesc,766,Scorpion Shell,1,bango-file,message.dat,9321
itemdesc,767,Suit of armor,1,bango-file,message.dat,9322
itemdesc,768,Complete suit of armor,1,bango-file,message.dat,9323
itemdesc,769,Sickle,1,bango-file,message.dat,9324
itemdesc,770,Bear fur,1,bango-file,message.dat,9325
itemdesc,771,Brown Bear meat,1,bango-file,message.dat,9326
itemdesc,772,Urgent letter,1,bango-file,message.dat,9327
itemdesc,773,Wild Boar's horn,1,bango-file,message.dat,9328
itemdesc,774,Degenarated Twisted Demon Head,1,bango-file,message.dat,9329
itemdesc,775,Poisonous liquid,1,bango-file,message.dat,9330
itemdesc,776,Diluted Poisonous Liquid,1,bango-file,message.dat,9331
itemdesc,777,Medeicine pack,1,bango-file,message.dat,9332
itemdesc,778,Secret document,1,bango-file,message.dat,9333
itemdesc,779,Guard of D'evah's Commander Head,1,bango-file,message.dat,9334
itemdesc,780,Wild Boar's Head,1,bango-file,message.dat,9335
itemdesc,781,Knoll Head,1,bango-file,message.dat,9336
itemdesc,782,Goblin Head,1,bango-file,message.dat,9337
itemdesc,783,Guard of D'evah Head,1,bango-file,message.dat,9338
itemdesc,784,Properly Brown Bear meat,1,bango-file,message.dat,9339
itemdesc,785,Goblin's pocket,1,bango-file,message.dat,9340
itemdesc,786,Collect 80 Wild Boar's Head.,1,bango-file,message.dat,9341
itemdesc,787,Collect 100 Knoll Head.,1,bango-file,message.dat,9342
itemdesc,788,Collect 120 Degenarated Twisted Demon Head.,1,bango-file,message.dat,9343
itemdesc,789,Collect 150 Goblin Head.,1,bango-file,message.dat,9344
itemdesc,790,Collect 1 Guard of D'evah's Head.,1,bango-file,message.dat,9345
itemdesc,793,"Piece of Broken Soul which D'evah has lost#nHand in to soul fragment collector Chang-Sun,#nand a certain reward would be given in accordance with its number to be submitted.",1,bango-file,message.dat,9348
itemdesc,794,"Piece of armor which D'evah has lost#nHand in to armor fragment collector Seo-Eun,#nand a certain reward would be given in accordance with its number to be submitted.",1,bango-file,message.dat,9349
itemdesc,795,Allow to open aution for 1 day(24 hours),1,bango-file,message.dat,9352
itemdesc,796,Allow to open aution for 3 day(72 hours),1,bango-file,message.dat,9353
itemdesc,797,Allow to open aution for 7 day(168 hours),1,bango-file,message.dat,9354
itemdesc,798,Gathering of money from monsters is increased by 50%.#nBut it's not effective when you're in a party.#nIt only effects to the one who used.#n[This item is good for 7 days.],1,bango-file,message.dat,9358
itemdesc,799,Gathering of money from monsters is increased by 100%.#nBut it's not effective when you're in a party.#nIt only effects to the one who used.#n[This item is good for 7 days.],1,bango-file,message.dat,9359
itemdesc,800,15% of additional speed-up buff if putting on full armor set.,1,bango-file,message.dat,9363
itemdesc,801,15% of additional speed-up buff if putting on full armor set.,1,bango-file,message.dat,9364
itemdesc,802,15% of additional speed-up buff if putting on full armor set.,1,bango-file,message.dat,9365
itemdesc,803,15% of additional speed-up buff if putting on full armor set.,1,bango-file,message.dat,9366
itemdesc,804,15% of additional speed-up buff if putting on full armor set.,1,bango-file,message.dat,9367
itemdesc,805,15% of additional speed-up buff if putting on full armor set.,1,bango-file,message.dat,9368
itemdesc,806,15% of additional speed-up buff if putting on full armor set.,1,bango-file,message.dat,9369
itemdesc,807,15% of additional speed-up buff if putting on full armor set.,1,bango-file,message.dat,9370
itemdesc,808,15% of additional speed-up buff if putting on full armor set.,1,bango-file,message.dat,9371
itemdesc,809,15% of additional speed-up buff if putting on full armor set.,1,bango-file,message.dat,9372
itemdesc,810,15% of additional speed-up buff if putting on full armor set.,1,bango-file,message.dat,9373
itemdesc,811,15% of additional speed-up buff if putting on full armor set.,1,bango-file,message.dat,9374
itemdesc,812,15% of additional speed-up buff if putting on full armor set.,1,bango-file,message.dat,9375
itemdesc,813,15% of additional speed-up buff if putting on full armor set.,1,bango-file,message.dat,9376
itemdesc,814,15% of additional speed-up buff if putting on full armor set.,1,bango-file,message.dat,9377
itemdesc,815,15% of additional speed-up buff if putting on full armor set.,1,bango-file,message.dat,9378
itemdesc,816,15% of additional speed-up buff if putting on full armor set.,1,bango-file,message.dat,9379
itemdesc,817,15% of additional speed-up buff if putting on full armor set.,1,bango-file,message.dat,9380
itemdesc,818,15% of additional speed-up buff if putting on full armor set.,1,bango-file,message.dat,9381
itemdesc,819,15% of additional speed-up buff if putting on full armor set.,1,bango-file,message.dat,9382
itemdesc,820,"Cake. By using this item, you can stay in Dokdo#n for 120 minutes against the evil power#nCannot be sold.#nCannot be used simultaneously.",1,bango-file,message.dat,9386
itemdesc,821,"Cake. By using this item, you can stay in Dokdo#n for 80 minutes against the evil power#nCannot be sold.#nCannot be used simultaneously.",1,bango-file,message.dat,9387
itemdesc,822,"Cake. By using this item, you can stay in Dokdo#n for 60 minutes against the evil power#nCannot be sold.#nCannot be used simultaneously.",1,bango-file,message.dat,9388
itemdesc,823,"Cake. By using this item, you can stay in Dokdo#n for 40 minutes against the evil power#nCannot be sold.#nCannot be used simultaneously.",1,bango-file,message.dat,9389
itemdesc,824,"Cake. By using this item, you can stay in Dokdo#n for 20 minutes against the evil power#nCannot be sold.#nCannot be used simultaneously.",1,bango-file,message.dat,9390
itemdesc,825,"Valentine Food. By using this item, you will gain powerful force for 2 minutes.#n+ Hp 5,000#nCannot be sold.#nCannot be used simultaneously.#nCan be used only in Dokdo.",1,bango-file,message.dat,9391
itemdesc,826,"Valentine Food. By using this item, you will gain powerful force for 2 minutes.#n+ Attack 1,200#nCannot be sold.#nCannot be used simultaneously.#nCan be used only in Dokdo.",1,bango-file,message.dat,9392
itemdesc,827,"Valentine Food. By using this item, you will gain powerful force for 2 minutes.#n+ Magic 1,200#nCannot be sold.#nCannot be used simultaneously.#nCan be used only in Dokdo.",1,bango-file,message.dat,9393
itemdesc,828,"Valentine Food. By using this item, you will gain powerful force for 2 minutes.#n+ Def 1,000#nCannot be sold.#nCannot be used simultaneously.#nCan be used only in Dokdo.",1,bango-file,message.dat,9394
itemdesc,829,"Valentine Food. By using this item, you will gain powerful force for 2 minutes.#n+ Mp 3,000#nCannot be sold.#nCannot be used simultaneously.#nCan be used only in Dokdo.",1,bango-file,message.dat,9395
itemdesc,830,"Valentine Food. By using this item, you will gain powerful force for 3 minutes.#n+ Hp 5,000#n+ Def 1,000#nCannot be sold.#nCannot be used simultaneously.#nCan be used only in Dokdo.",1,bango-file,message.dat,9396
itemdesc,831,A large crystal of evil power.#nIt is also called a Scalp of Hero.#nIt is worth 100 of small ones.,1,bango-file,message.dat,9397
itemdesc,832,A small crystal of evil power.#nIt is also called a Scalp of Hero.,1,bango-file,message.dat,9398
itemdesc,833,"Only a character whose level is 1 can use this item.#nAs this item is used, the character's level will be raised to 46.",1,bango-file,message.dat,9401
itemdesc,834,Able to change a character's face and hair style,1,bango-file,message.dat,9404
itemdesc,846,An essence with supernatural powers.,1,bango-file,message.dat,9407
itemdesc,847,This ring has a supernatural power come over#n from ancient Doggebies.,1,bango-file,message.dat,9408
itemdesc,848,This sword has a supernatural power come over#n from ancient demons.,1,bango-file,message.dat,9409
itemdesc,861,1 Hour#n The halidom of a mysterious power providing additional 5% success rate of Explosive Blow.,1,bango-file,message.dat,9410
itemdesc,862,1 Hour#n The halidom of a mysterious power providing additional 4% success rate of Explosive Blow.,1,bango-file,message.dat,9411
itemdesc,863,1 Hour#n The halidom of a mysterious power providing additional 2% success rate of Explosive Blow.,1,bango-file,message.dat,9412
itemdesc,849,Restores an item whose destruction doesn't exceed 7 days.#n (Unable to be used over 3 times on an item),1,bango-file,message.dat,9415
itemdesc,844,Gathering of EXP from monsters is increased by 40%. #n[This item is good for 1 day.],1,bango-file,message.dat,9418
itemdesc,845,Gathering of money from monsters is increased by 30%. #nBut it's not effective when you're in a party. #nIt only effects to the one who used. #n[This item is good for 7 days.],1,bango-file,message.dat,9419
itemdesc,850,Speed of fishery is increased by 25%.#n[This item is good for 7 days.] ,1,bango-file,message.dat,9420
itemdesc,851,1 Hour #n The total of Attack (physical / magic) is increased 30%. #n (It cannot be used with another attack buffs.),1,bango-file,message.dat,9421
itemdesc,852,1Hour #nActivity of Explosive Blow percentage is increased by 2%.,1,bango-file,message.dat,9422
itemdesc,853,1Hour #nFinal damage from the monster is decreased by 5%.,1,bango-file,message.dat,9423
itemdesc,854,1Hour #nFinal On Target Point is increased by 5.,1,bango-file,message.dat,9424
itemdesc,855,1Hour #nFinal Evasion Point is increased by 3.,1,bango-file,message.dat,9425
itemdesc,856,1Hour #nStrength is increased by 3,1,bango-file,message.dat,9426
itemdesc,857,1Hour #nHealth is increased by 5,1,bango-file,message.dat,9427
itemdesc,858,1Hour #nIntelligence is increased by 3,1,bango-file,message.dat,9428
itemdesc,859,1Hour #nWisdom is increased by 5,1,bango-file,message.dat,9429
itemdesc,860,1Hour #nAgility is increased by 3 ,1,bango-file,message.dat,9430
itemdesc,876,Summon 15 monsters whose levels are 90s around you.#nOnly a character in the third job can use.,1,bango-file,message.dat,9434
itemdesc,869,Increase Ancient Animal's EXP additionally by 35% for 15 day,1,bango-file,message.dat,9437
itemdesc,870,Increase Ancient Animal's EXP additionally by 30% for 1 day,1,bango-file,message.dat,9438
itemdesc,871,Increase Ancient Animal's EXP additionally by 30% for 1 day,1,bango-file,message.dat,9439
itemdesc,872,Increase Ancient Animal's EXP additionally by 30%% for 15 day,1,bango-file,message.dat,9440
itemdesc,873,Increase Ancient Animal's EXP additionally by 30% for 15 day,1,bango-file,message.dat,9441
itemdesc,874,Increase Ancient Animal's EXP additionally by 30% for 30 day,1,bango-file,message.dat,9442
itemdesc,875,Increase Ancient Animal's EXP additionally by 30% for 30 day,1,bango-file,message.dat,9443
itemdesc,882,Increase Ancient Animal's EXP additionally by 30% for 1 day,1,bango-file,message.dat,9446
itemdesc,883,Increase Ancient Animal's EXP additionally by 30% for 15 day,1,bango-file,message.dat,9447
itemdesc,884,Increase Ancient Animal's EXP additionally by 30% for 30 day,1,bango-file,message.dat,9448
itemdesc,885,It is mistaking itself for a human being and likes traveling around.,1,bango-file,message.dat,9451
itemdesc,886,"It was one of the strongest boss monsters at one time, but unfortunately,#n captured by humans and degenerated into a pet.",1,bango-file,message.dat,9452
itemdesc,887,It is a Dunamic's friend. It was also captured by humans when just#n standing idly by Dunimic.,1,bango-file,message.dat,9453
itemdesc,888,"By handing in this stone to Master out of office [Eun-Seon],#n you can reset a Mystery skill.",1,bango-file,message.dat,9456
itemdesc,889,It is a shield made in the image of the demon of hell.#nOnly the one who get recognized by the king can get this shield.#nIt can be bought with Reward points.#nReward Point 500000,1,bango-file,message.dat,9460
itemdesc,890,This box contains a stone of Birth,1,bango-file,message.dat,9464
itemdesc,891,"Experience gained at E-mok Island is increased by 20%%. #n By using this item, you can stay in E-mok island 1 hour longer. ",1,bango-file,message.dat,9467
itemdesc,893,"Experience gained at E-mok Island is increased by 20%%. #n By using this item, you can stay in E-mok island 2 hour longer. ",1,bango-file,message.dat,9468
itemdesc,892,"Experience gained at E-mok Island is increased by 20%%. #n By using this item, you can stay in E-mok island 3 hour longer. ",1,bango-file,message.dat,9469
itemdesc,894,"Experience gained at E-mok Island is increased by 20%%. #n By using this item, you can stay in E-mok island 4 hour longer. ",1,bango-file,message.dat,9470
itemdesc,895,"Experience gained at E-mok Island is increased by 20%%. #n By using this item, you can stay in E-mok island 5 hour longer. ",1,bango-file,message.dat,9471
itemdesc,896,"When you open a box, you can acquire a Dragon Certificate.",1,bango-file,message.dat,9472
itemdesc,904,"Experience gained at E-mok Island is increased by 10%. #n By using this item, you can stay in E-mok island 1 hour longer. ",1,bango-file,message.dat,9475
itemdesc,905,"Experience gained at E-mok Island is increased by 20%. #n By using this item, you can stay in E-mok island 1 hour longer. ",1,bango-file,message.dat,9476
itemdesc,906,"Experience gained at E-mok Island is increased by 30%. #n By using this item, you can stay in E-mok island 1 hour longer. ",1,bango-file,message.dat,9477
itemdesc,908,Recover 500 points of health,1,bango-file,message.dat,9480
itemdesc,909,Materials necessary for production of#n Nature potion,1,bango-file,message.dat,9481
itemdesc,910,"It's a chunk of wolf meat which lived in Chenjiyeon.#n Using it, you can recover 3480 health points over 30 seconds.",1,bango-file,message.dat,9482
itemdesc,911,"It's a chunk of bear meat which lived in Chenjiyeon.#n Using it, you can recover 3810 health points over 30 seconds.",1,bango-file,message.dat,9483
itemdesc,912,"It's a bottle of fresh water from Chenjiyeon.#n Using it, you can recover 1980 magic points over 30 seconds.",1,bango-file,message.dat,9484
itemdesc,913,"It's a bottle of fresh water from Chenjiyeon.#n Using it, you can recover 2190 magic points over 30 seconds.",1,bango-file,message.dat,9485
itemdesc,914,Defeat the desert scorpion and#n collect 20 pincers of scorpion,1,bango-file,message.dat,9486
itemdesc,915,Defeat the skeleton soldier and skeleton archer and#n collect 20 rips of skeleton,1,bango-file,message.dat,9487
itemdesc,916,Defeat the twisted demon warrior and#n collect 20 heads of twisted demon warrior,1,bango-file,message.dat,9488
itemdesc,917,"Defeat the xill, xill archer, starved xill soldier, xill conjurator and#n collect 20 certificates of xill",1,bango-file,message.dat,9489
itemdesc,918,"Defeat the goblin warrior, goblin conjurator and#n collect 20 certificates of goblin",1,bango-file,message.dat,9490
itemdesc,919,"Defeat the knoll soldier, knoll mad Warrior, knoll archer and#n collect 20 heads of knoll",1,bango-file,message.dat,9491
itemdesc,920,"Defeat the wounded evolve zombie, wounded conjurator zombie and#n collect 20 certificates of Zombie",1,bango-file,message.dat,9492
itemdesc,921,"Defeat the  master skeleton warrior, master skeleton archer and#n collect 10 certificates of master skeleton",1,bango-file,message.dat,9493
itemdesc,922,Defeat the master wraith and#n collect 10 heads of master wraith,1,bango-file,message.dat,9494
itemdesc,923,Increase natural regeneration health point#n by 10 and magic point by 3 for 30 minutes.,1,bango-file,message.dat,9495
itemdesc,924,Increase natural regeneration health point#n by 15 and magic point by 5 for 30 minutes.,1,bango-file,message.dat,9496
itemdesc,925,Increase natural regeneration health point#n by 20 and magic point by 7 for 30 minutes.,1,bango-file,message.dat,9497
itemdesc,926,"Shads are not seen often,#n but sometimes some of them are cought when it's a lucky day.#n It recovers 600 health points",1,bango-file,message.dat,9498
itemdesc,927,"Carps are not seen often,#n but sometimes some of them are cought when it's a lucky day.#n It recovers 700 health points",1,bango-file,message.dat,9499
itemdesc,928,Materials necessary for various cooking,1,bango-file,message.dat,9500
itemdesc,929,Cooked shad increases maxium Health Point and#n Magic Point by 500 for 1 hour.,1,bango-file,message.dat,9501
itemdesc,930,Tasty eel skewer increases#n 11% melee attack points and 10 OTP points for 1 hour.,1,bango-file,message.dat,9502
itemdesc,931,Fantastic eel skewer increases#n 14% magic attack points for 1 hour. ,1,bango-file,message.dat,9503
itemdesc,932,"Cooked carp increases 5% attack speed, 7% melee attack points,#n 10% magic attack points, 10 dodge points for 1 hour. ",1,bango-file,message.dat,9504
itemdesc,933,Quest Item #n Pincer of a Desert Scorpion,1,bango-file,message.dat,9505
itemdesc,934,Quest Item #n Rib bone of a Skeleton.,1,bango-file,message.dat,9506
itemdesc,935,Quest Item #n Head of a Twisted Demon Warrior,1,bango-file,message.dat,9507
itemdesc,936,Quest Item #n Certificate earned for defeating the Xill,1,bango-file,message.dat,9508
itemdesc,937,Quest Item #n Certificate earned for defeating a Goblin,1,bango-file,message.dat,9509
itemdesc,938,Quest Item #n Certificate earned for defeating the Master Skeleton,1,bango-file,message.dat,9510
itemdesc,939,Quest Item #n Certificate earned for defeating the Master Wraith,1,bango-file,message.dat,9511
itemdesc,940,Quest Item #n Head of a Master Skeleton,1,bango-file,message.dat,9512
itemdesc,941,Quest Item #n Head of a Master Wraith,1,bango-file,message.dat,9513
itemdesc,942,Quest Item #n Tail of a Desert Scorpion,1,bango-file,message.dat,9514
itemdesc,943,Basic Reward pack which hold various items.#n It contains various item and you can open it by Right click,1,bango-file,message.dat,9515
itemdesc,944,Medum Reward pack which hold various items.#n It contains various item and you can open it by Right click,1,bango-file,message.dat,9516
itemdesc,945,High Reward pack which hold various items.#n It contains various item and you can open it by Right click,1,bango-file,message.dat,9517
itemdesc,946,Premium Reward pack which hold various items.#n It contains various item and you can open it by Right click,1,bango-file,message.dat,9518
itemdesc,947,'Materials necessary for production of#n natural regeneration potion,1,bango-file,message.dat,9519
itemdesc,948,'Materials necessary for production of#n natural regeneration potion,1,bango-file,message.dat,9520
itemdesc,949,'Materials necessary for production of#n natural regeneration potion,1,bango-file,message.dat,9521
itemdesc,952,"Experience gained at E-mok Island is increased by 10%.#n By using this item, you can stay in E-mok island 30 minutes longer.",1,bango-file,message.dat,9524
itemdesc,953,"Experience gained at E-mok Island is increased by 20%.#n By using this item, you can stay in E-mok island 30 minutes longer.",1,bango-file,message.dat,9525
itemdesc,954,"Experience gained at E-mok Island is increased by 30%.#n By using this item, you can stay in E-mok island 30 minutes longer.",1,bango-file,message.dat,9526
itemdesc,955,"This is a scroll containing the spirit of the seven #n Guardian Dragons. When used, the scroll allows #n you to fuse an equipment of your choice with on #n of the Dragon Spirits to change the base stats of the #n selected equipment.",1,bango-file,message.dat,9529
itemdesc,957,"Moving to Town of Cheonji-Yun.#nIf it's used by the leader of the party,#nwhole party will move and if one of the member uses,#nonly that member will move.#nMust be used within Valley of Devah.#nYou can also use /vod command.",1,bango-file,message.dat,9532
itemdesc,958,Moving to Town of Cheonji-Yun.#nOnly user will move.#nMust be used within Valley of Devah.#nYou can also use /vod command.,1,bango-file,message.dat,9533
itemdesc,959,"Moving to Temporary Fort of Hondel.#nIf it's used by the leader of the party,#nwhole party will move and if one of the member uses,#nonly that member will move.#nMust be used within Valley of Devah.#nYou can also use /hondel command.",1,bango-file,message.dat,9534
itemdesc,960,Moving to Temporary Fort of Hondel.#nOnly user will move.#nMust be used within Valley of Devah.#nYou can also use /hondel command.,1,bango-file,message.dat,9535
itemdesc,961,Increase Ancient Animal's EXP additionally by 30% for 1 day#n(Available until July 21),1,bango-file,message.dat,9538
itemdesc,971,Recover 800 points of health,1,bango-file,message.dat,9541
itemdesc,972,Recover 300 points of mana,1,bango-file,message.dat,9542
itemdesc,973,Increases maxium health point#n by 1450 for 30 minutes.,1,bango-file,message.dat,9543
itemdesc,974,Increases maxium magic point#n by 900 for 30 minutes.,1,bango-file,message.dat,9544
itemdesc,975,Increase natural regeneration health point#n by 30 and magic point by 10 for 30 minutes.,1,bango-file,message.dat,9545
itemdesc,976,Greatly raises the movement speed for 30 minutes. Cannot be used with Speed Up Skill,1,bango-file,message.dat,9546
itemdesc,977,Mysterious marble made from copper.,1,bango-file,message.dat,9547
itemdesc,978,Mysterious marble made from silver.,1,bango-file,message.dat,9548
itemdesc,979,Mysterious marble made from gold.,1,bango-file,message.dat,9549
itemdesc,980,"You are able to utilize the energy of Asadal, 'The Land of Origins'. ",1,bango-file,message.dat,9552
itemdesc,981,"You are able to approach the Energy of Asadal without the help of Sun-Hwa, the Ascetic",1,bango-file,message.dat,9553
itemdesc,982,If you are a spirit you can use this items to open the passage.,1,bango-file,message.dat,9556
itemdesc,983,Sphere made with quartz which contains soul of Mautareta.,1,bango-file,message.dat,9557
itemdesc,984,It looks like shape of hearts and made with quartz.,1,bango-file,message.dat,9558
itemdesc,985,"Pieces of Mautareta,It grows by confiscating strength of land.",1,bango-file,message.dat,9559
itemdesc,986,Pass used by human to travel to the Spirit world.,1,bango-file,message.dat,9560
itemdesc,987,Pass used by human to travel to the high rank Spirit world.,1,bango-file,message.dat,9561
itemdesc,992,Ring made with heart of Mautareta and essence#nThis item cannot be enchanted.,1,bango-file,message.dat,9564
itemdesc,993,Necklace made with heart of Mutareta and essence#nThis item cannot be enchanted.,1,bango-file,message.dat,9565
itemdesc,994,Ring with corrupted soul which has been purified#nThis item can be enchanted by Honor Talisman.,1,bango-file,message.dat,9566
itemdesc,995,Necklace with corrupted soul which has been purified#nThis item can be enchanted by Honor Talisman.,1,bango-file,message.dat,9567
itemdesc,996,Trinket made with heart of Mautareta and essence#nThis item cannot be enchanted.,1,bango-file,message.dat,9568
itemdesc,997,Trinket with corrupted soul which has been purified#nThis item can be enchanted by Honor Talisman.,1,bango-file,message.dat,9569
itemdesc,999,"[Event Item]#nHP increases by 700.#nThis event item will be deleted on 5th of Jan, 2012.",1,bango-file,message.dat,9572
itemdesc,1000,"[Event Item]#nPercentage for explosive blow increases by 3% for 30 minutes.#nThis event item will be deleted on 5th of Jan, 2012.",1,bango-file,message.dat,9573
itemdesc,1001,"[Event Item]#nHP increases by 600.#nThis event item will be deleted on 5th of Jan, 2012.",1,bango-file,message.dat,9574
itemdesc,1002,"[Event Item]#nHP increases by 500.#nThis event item will be deleted on 5th of Jan, 2012.",1,bango-file,message.dat,9575
itemdesc,1003,"[Event Item]#nMoving speed increases by 60%.#nThis event item will be deleted on 5th of Jan, 2012.",1,bango-file,message.dat,9576
itemdesc,1004,"[Event Item]#nNatural regeneration of HP increases by 30 and MP increases by 10.#nThis event item will be deleted on 5th of Jan, 2012.",1,bango-file,message.dat,9577
itemdesc,1007,You can revive from the place#nwhere you got killed with 30% of EXP loss.,1,bango-file,message.dat,9579
itemdesc,1008,Gathering of EXP from monsters is increased by 30%.#n[This item is good for 12 hour.],1,bango-file,message.dat,9580
itemdesc,1009,It resets daily quest to be completed again no matter it has been completed or not. It is one time usage and stackable#n#1It will be not effected for reset a daily quest at Resting place of a Dead person.,1,bango-file,message.dat,9582
itemdesc,1010,Gathering of EXP from monsters is increased by 50%.#n[This item is good for 7 days.],1,bango-file,message.dat,9584
itemdesc,487,This item let you participate in the Olympic event which lets you win the medal.#nIt will be removed after event finishes.,1,bango-file,message.dat,9587
itemdesc,1017,5th Medal#nRight click on medal to receive useful items.,1,bango-file,message.dat,9590
itemdesc,1018,4th Medal#nRight click on medal to receive useful items.,1,bango-file,message.dat,9591
itemdesc,1019,Bronze Medal#nRight click on medal to receive useful items.,1,bango-file,message.dat,9592
itemdesc,1020,Silver Medal item#nRight click on medal to receive useful items.,1,bango-file,message.dat,9593
itemdesc,1021,Gold medal item#nRight click on medal to receive useful items.,1,bango-file,message.dat,9594
itemdesc,1022,[event item]#nIncreases maxium health point#n by 1450 for 30 minutes.,1,bango-file,message.dat,9597
itemdesc,1023,[event item]#nIncreases maxium magic point#n by 900 for 30 minutes.,1,bango-file,message.dat,9598
itemdesc,1024,I[event item]#nncrease natural regeneration health point#n by 30 and magic point by 10 for 30 minutes.,1,bango-file,message.dat,9599
itemdesc,1025,[event item]#nfor 30 mins health is increased by 5.,1,bango-file,message.dat,9600
itemdesc,1026,[event item]#nfor 30 mins wisdom is increased by 5.,1,bango-file,message.dat,9601
itemdesc,1027,[event item]#nfor 30 mins power is increased by 3.,1,bango-file,message.dat,9602
itemdesc,1028,[event item]#nfor 30 mins agility is increased by 3.,1,bango-file,message.dat,9603
itemdesc,1029,[event item]#nfor 30 mins intelligence is increased by 3.,1,bango-file,message.dat,9604
itemdesc,1030,[event item]#nGreatly raises the movement speed for 30 minutes.#nCannot be used with Speed Up Skill.,1,bango-file,message.dat,9605
itemdesc,1031,[event item]#nGreatly raises the movement speed for 30 minutes.#nCannot be used with Speed Up Skill.,1,bango-file,message.dat,9606
itemdesc,1032,[event item]#nGreatly raises the movement speed for 30 minutes.#nCannot be used with Speed Up Skill.,1,bango-file,message.dat,9607
itemdesc,3476,It heals players automatically when 100 HP drops.,1,bango-file,message.dat,9610
itemdesc,3477,It heals players automatically when 300HP drops.,1,bango-file,message.dat,9612
itemdesc,3478,It heals players automatically when 500HP drops.,1,bango-file,message.dat,9614
itemdesc,3479,It heals player automatically by using medicines in Deggebi Censer.,1,bango-file,message.dat,9616
itemdesc,3480,Happy Halloween!#nCheck the flavor by right click on candy.,1,bango-file,message.dat,9619
itemdesc,3481,Trick or Treat!#nCheck the flavor by right click on candy.,1,bango-file,message.dat,9621
itemdesc,3482,Looking Sweet! #nCheck the flavor by right click on candy.,1,bango-file,message.dat,9623
itemdesc,1033,Normal#n<Executable Skill>#nThe following buff(s) apply by certain chance.#nIncreasing Attack : +7%%#nIncreasing Defense : +2%%#nIncresing rate of Explosive Blow : +1%%#nIncreasing Evasion : +1%%,1,bango-file,message.dat,9627
itemdesc,1034,Normal#n<Executable Skill>#nThe following buff(s) apply by certain chance.#nIncreasing Attack : +12%%#nIncreasing Defense : +3%%#nIncresing rate of Explosive Blow : +2%%#nIncreasing Evasion : +2%%,1,bango-file,message.dat,9630
itemdesc,1005,Normal#n<Executable Skill>#nThe following buff(s) apply by certain chance.#nIncreasing Attack : +8%%#nIncreasing Defense : +5%%#nIncresing rate of Explosive Blow : +2%%#nIncreasing Evasion : +2%%,1,bango-file,message.dat,9633
itemdesc,2000,A captured is the angry face's Doggebi of Monster.,1,bango-file,message.dat,9636
itemdesc,2001,Rust is a Vajra ghanta.,1,bango-file,message.dat,9637
itemdesc,2002,Purified Vajra ghanta by [Doggebi Master].,1,bango-file,message.dat,9638
itemdesc,2003,Vajra ghanta regained its original function by [Sur-An].,1,bango-file,message.dat,9639
itemdesc,2004,[Jae-Ga] is sent recommendation letter to [Sur-An].,1,bango-file,message.dat,9640
itemdesc,2005,Inceased ATK x2 (10min),1,bango-file,message.dat,9643
itemdesc,2006,Inceased STR by +100 (10min),1,bango-file,message.dat,9644
itemdesc,2007,Inceased INT by +100 (10min),1,bango-file,message.dat,9645
itemdesc,2008,Inceased AGI by +100 (10min),1,bango-file,message.dat,9646
itemdesc,3462,"Silver Coin.#nYou can earn 100,000Geon when sell to NPC.",1,bango-file,message.dat,9649
itemdesc,3463,"Gold Coin.#n100Gold coins will be exchanged to a Gold bar at Bank. #n You can earn 1,000,000Geon when sell to NPC.",1,bango-file,message.dat,9651
itemdesc,3464,"Gold bar. #n Deposit Gold bar(s) to Gold Bank will make interest incomes. #n You can earn 100,000,000Geon when sell to NPC.",1,bango-file,message.dat,9653
itemdesc,3465,For 1 hour final striking power(physical/magical) is increased by 12%,1,bango-file,message.dat,9658
itemdesc,3466,For 1 hour final damage from the monster is decreased by 12%.,1,bango-file,message.dat,9660
itemdesc,3467,For 1 hour activity of Explosive Blow percentage is increased by 7%,1,bango-file,message.dat,9662
itemdesc,3468,For 1 hour final On Target Point is increased by 15.,1,bango-file,message.dat,9664
itemdesc,3469,For 1 hour final Evasion Point is increased by 7.,1,bango-file,message.dat,9666
itemdesc,3470,For 1 hour strength is increased by 7.,1,bango-file,message.dat,9668
itemdesc,3471,For 1 hour intelligence is increased by 7.,1,bango-file,message.dat,9670
itemdesc,3472,For 1 hour agility is increased by 7.,1,bango-file,message.dat,9672
itemdesc,3473,For 1 hour health is increased by 12.,1,bango-file,message.dat,9674
itemdesc,3474,For 1 hour wisdom is increased by 12.,1,bango-file,message.dat,9676
itemdesc,3475,???????? ?????? a???? ????????.,1,bango-file,message.dat,9679
itemdesc,3476,It heals players automatically by 100pts when HP drops.,2,bango-file,message.dat,9682
itemdesc,3477,It heals players automatically by 300pts when HP drops.,2,bango-file,message.dat,9684
itemdesc,3478,It heals players automatically by 500pts when HP drops.,2,bango-file,message.dat,9686
itemdesc,3479,It heals player automatically by using medicines in Deggebi Censer.,2,bango-file,message.dat,9688
itemdesc,1016,Hunt the Wild Boars#n and bring their Jaw.,1,bango-file,message.dat,9691
itemdesc,1011,Hunt the wolves#n and bring their Blood of Wolf.,1,bango-file,message.dat,9692
itemdesc,1012,Kill the Elite Skeleton Soldiers#n and bring their Shield.,1,bango-file,message.dat,9693
itemdesc,1013,Quest Item #nA shield obtained from killing Elite Skeleton,1,bango-file,message.dat,9696
itemdesc,1014,Quest Item #nA molar obtained from killing Wild Boar,1,bango-file,message.dat,9697
itemdesc,1015,Quest Item #nBlood obtained from killing Wolf,1,bango-file,message.dat,9698
itemdesc,3488,Required to cure Rudolf's cold,1,bango-file,message.dat,9702
itemdesc,3489,Lost Address Book. It has all the address to the home of children.,1,bango-file,message.dat,9704
itemdesc,3490,Christmas Gift for children,1,bango-file,message.dat,9706
itemdesc,3491,Blessing of Christmas#nExperience + 10%#nAnimal Experience + 10%#nMedicine item effect + 10%#nItem Shop Field Pet effect + 5%#nItem Level Restriction - 5,1,bango-file,message.dat,9710
itemdesc,3492,It heals players automatically by 500pts when HP drops.,1,bango-file,message.dat,9712
itemdesc,3493,Shining Mysterious Marble. Doggebi might like this,1,bango-file,message.dat,9716
itemdesc,3494,"Unknown item, but Doggebi might know it.",1,bango-file,message.dat,9718
itemdesc,3495,Present is waiting for you. Gifts will pour out from the box when you open it.,1,bango-file,message.dat,9722
itemdesc,3497,Special Halloween buff item. #nIt is rice wine which is traditional liquor of Korea.,1,bango-file,message.dat,9730
itemdesc,3498,A fishing tool can catch a rare fish.#nYou can use it for Dream fish catching.,1,bango-file,message.dat,9734
itemdesc,3499,Shimmering silvery Eel can be caught with fishing net on one lucky day. #nrecovers 400 points of health.,1,bango-file,message.dat,9736
itemdesc,3500,Shimmering silvery Shad can be caught with fishing net on one lucky day. #nrecovers 700 points of health.,1,bango-file,message.dat,9738
itemdesc,3501,Shimmering silvery Carp can be caught with fishing net on one lucky day. #nrecovers 700 points of health.,1,bango-file,message.dat,9740
itemdesc,3502,Increase maximum Health Point and Mana Point by 700 for 1 hour.,1,bango-file,message.dat,9742
itemdesc,3503,"Increase of 7% Attack Speed, 10% Physical Damage, #n14% Magical Damage, and 14 Dodge Points for 1 hour.",1,bango-file,message.dat,9744
itemdesc,3504,Recover 500 Mana Point.,1,bango-file,message.dat,9746
itemdesc,3505,Increase 14% of Physical Damage for 1 hour.,1,bango-file,message.dat,9748
itemdesc,3506,Increase 14% of Magical Damage for 1 hour. ,1,bango-file,message.dat,9750
itemdesc,3507,Increase 15% of Physical Damage and 13 OTP Points for 1 hour. ,1,bango-file,message.dat,9752
itemdesc,3508,Increase 18% of Magical Damage for 1 hour.,1,bango-file,message.dat,9754
itemdesc,3509,"Summon 15 monsters of level 96~100 around you. #nYou cannot use this scroll at the safe zone, battle ground, dungeon, #nand when you are in the mode of hiding or assassin. #nOnly characters in the third job of level 80 or higher can use.",1,bango-file,message.dat,9757
itemdesc,3510,"Summon 15 monsters of level 101~105 around you. #nYou cannot use this scroll at the safe zone, battle ground, dungeon, #nand when you are in the mode of hiding or assassin. #nOnly characters in the third job of level 85 or higher can use.",1,bango-file,message.dat,9759
itemdesc,3511,"Use this when you are unable to fight then 30% of your HP, MP will be recovered.",1,bango-file,message.dat,9762
itemdesc,3512,"Use this when you are unable to fight then all of your HP, MP will be recovered.",1,bango-file,message.dat,9763
itemdesc,3513,Summon a user who is participated Castle Siege to your point.,1,bango-file,message.dat,9764
itemdesc,3514,Your party member who participated Castle Siege will be summoned to your point.,1,bango-file,message.dat,9765
itemdesc,3515,[General] Certificate for entering the Tower of D'evah dungeon,1,bango-file,message.dat,9768
itemdesc,3516,[Master] Certificate for entering the Tower of D'evah dungeon,1,bango-file,message.dat,9770
itemdesc,3517,"It is the necklace that is used by Holy Hermit. #nEnchanting is possible with Talisman of intensity, Talisman of sorcery, #nand Talisman of target. It can be bought with Reward points.",1,bango-file,message.dat,9773
itemdesc,3518,It is a talisman that only can be used on Necklace of Holy Hermit for enchanting. #nIt increases Health Point and Attack. #nThe ability of necklace cannot be changeable if talisman is used for enchanting once.,1,bango-file,message.dat,9774
itemdesc,3519,It is a talisman that only can be used on Necklace of Holy Hermit for enchanting. #nIt increases Health Point and Magic attack. #nThe ability of necklace cannot be changeable if talisman is used for enchanting once.,1,bango-file,message.dat,9775
itemdesc,3520,It is a talisman that only can be used on Necklace of Holy Hermit for enchanting. #nIt increases On Target Point. #nThe ability of necklace cannot be changeable if talisman is used for enchanting once.,1,bango-file,message.dat,9776
itemdesc,3521,This mining tool can be purchased with Zamogeon.#nSometimes it brings gravels.,1,bango-file,message.dat,9779
itemdesc,3522,This pickax is more likely to dig a higher grade mineral or material than common pickax.,1,bango-file,message.dat,9782
itemdesc,3523,A white tiger pickax can dig 3 times as many minerals than others.,1,bango-file,message.dat,9784
itemdesc,3524,This pickax has an equal possibility to a Blue dragon pickax but is additionally given one more mineral with probability 1/2.,1,bango-file,message.dat,9785
itemdesc,3525,This pickax has an equal possibility to a Blue dragon pickax but is additionally given one more mineral.,1,bango-file,message.dat,9786
itemdesc,3526,Pickax is a tool for mining.#nEfficiency of production is very high when this pickax is more likely to dig primary minerals and premier materials ,1,bango-file,message.dat,9787
itemdesc,3527,"A common mineral which is the most obtained from mining.#nA bronze, yellow brass, red copper and nickel are#nproduced by Copper ore processing.",1,bango-file,message.dat,9791
itemdesc,3528,"A mineral which is frequently obtained from mining.#nA silica stone, jasper, chalcedony and crystal are#nproduced by Quartz ore processing.",1,bango-file,message.dat,9793
itemdesc,3529,"A mineral which is most used for processing materials.#nA wrought iron, cast iron, black iron and steel are#nproduced by Iron ore processing.",1,bango-file,message.dat,9795
itemdesc,3530,"A topaz, beryl, sapphire and ruby are produced by Corundum ore processing.",1,bango-file,message.dat,9797
itemdesc,3531,"A silver, platinum and gold are produced by Gold and Silver ore processing.",1,bango-file,message.dat,9799
itemdesc,3532,A blood stone is produced by Blood ore processing.,1,bango-file,message.dat,9801
itemdesc,3533,A Heavenly executioner is produced by Diamond ore processing.,1,bango-file,message.dat,9803
itemdesc,3534,This is a unusable material.,1,bango-file,message.dat,9805
itemdesc,3535,A material only from mining#nIt is a high-grade material.,1,bango-file,message.dat,9807
itemdesc,3536,A Geum-Oh stone is produced by Geum-Oh ore processing.,1,bango-file,message.dat,9809
itemdesc,3538,"The box contains [Rare] Blue Dragon, [Rare] White Tiger, [Rare] Black Tortoise, [Rare] Red Bird.#nAfter you open the box, you will get one of them.",1,bango-file,message.dat,9812
itemdesc,3540,Type: Normal#n<Executable Skill>#6#nFixed buff: Increasing rate of Explosive Blow +1%%#8#nThe following buff(s) apply by certain chance.#nIncreasing Attack +6%%  #nIncreasing Defense +5%%   ,1,bango-file,message.dat,9814
itemdesc,3541,Type: Normal#n<Executable Skill>#6#nFixed buff: Increasing Defense +2%%#8#nThe following buff(s) apply by certain chance.#nIncreasing Attack +6%%  #nIncreasing Defense +5%%   ,1,bango-file,message.dat,9815
itemdesc,3542,Type: Normal#n<Executable Skill>#6#nFixed buff: Increasing Evasion +1%%#8#nThe following buff(s) apply by certain chance.#nIncreasing Attack +6%%  #nIncreasing Defense +5%%   ,1,bango-file,message.dat,9816
itemdesc,3543,Type: Normal#n<Executable Skill>#6#nFixed buff: Increasing Attack +1%%#8#nThe following buff(s) apply by certain chance.#nIncreasing rate of Explosive Blow +3%%  #nIncreasing Defense +5%%   ,1,bango-file,message.dat,9817
itemdesc,3544,Type: Normal#n<Executable Skill>#6#nFixed buff: Increasing Defense +2%%#8#nThe following buff(s) apply by certain chance.#nIncreasing rate of Explosive Blow +3%%  #nIncreasing Defense +5%%   ,1,bango-file,message.dat,9818
itemdesc,3545,Type: Normal#n<Executable Skill>#6#nFixed buff: Increasing Evasion +1%%#8#nThe following buff(s) apply by certain chance.#nIncreasing rate of Explosive Blow +3%%  #nIncreasing Defense +5%%   ,1,bango-file,message.dat,9819
itemdesc,3546,Type: Normal#n<Executable Skill>#6#nFixed buff: Increasing Attack +1%%#8#nThe following buff(s) apply by certain chance.#nIncreasing Attack +3%%  #nIncreasing Defense +8%%   ,1,bango-file,message.dat,9820
itemdesc,3547,Type: Normal#n<Executable Skill>#6#nFixed buff: Increasing rate of Explosive Blow +1%%#8#nThe following buff(s) apply by certain chance.#nIncreasing Attack +3%%  #nIncreasing Defense +8%%   ,1,bango-file,message.dat,9821
itemdesc,3548,Type: Normal#n<Executable Skill>#6#nFixed buff: Increasing Evasion +1%%#8#nThe following buff(s) apply by certain chance.#nIncreasing Attack +3%%  #nIncreasing Defense +8%%   ,1,bango-file,message.dat,9822
itemdesc,3549,Type: Normal#n<Executable Skill>#6#nFixed buff: Increasing Attack +1%%#8#nThe following buff(s) apply by certain chance.#nIncreasing Attack +3%%  #nIncreasing Evasion +3%%   ,1,bango-file,message.dat,9823
itemdesc,3550,Type: Normal#n<Executable Skill>#6#nFixed buff: Increasing rate of Explosive Blow +1%%#8#nThe following buff(s) apply by certain chance.#nIncreasing Attack +3%%  #nIncreasing Evasion +3%%   ,1,bango-file,message.dat,9824
itemdesc,3551,Type: Normal#n<Executable Skill>#6#nFixed buff: Increasing Defense +2%%#8#nThe following buff(s) apply by certain chance.#nIncreasing Attack +3%%  #nIncreasing Evasion +3%%   ,1,bango-file,message.dat,9825
itemdesc,3552,Type: PvP#n<Executable Skill>#6#nFixed buff: Increasing rate of Explosive Blow +1%%#8#nThe following buff(s) apply by certain chance.#nIncreasing Attack +9%%  #nIncreasing Defense +6%%   ,1,bango-file,message.dat,9826
itemdesc,3553,Type: PvP#n<Executable Skill>#6#nFixed buff: Increasing Defense +2%%#8#nThe following buff(s) apply by certain chance.#nIncreasing Attack +9%%  #nIncreasing Defense +6%%   ,1,bango-file,message.dat,9827
itemdesc,3554,Type: PvP#n<Executable Skill>#6#nFixed buff: Increasing Evasion +1%%#8#nThe following buff(s) apply by certain chance.#nIncreasing Attack +9%%  #nIncreasing Defense +6%%   ,1,bango-file,message.dat,9828
itemdesc,3555,Type: PvP#n<Executable Skill>#6#nFixed buff: Increasing Attack +2%%#8#nThe following buff(s) apply by certain chance.#nIncreasing rate of Explosive Blow +6%%  #nIncreasing Defense +6%%   ,1,bango-file,message.dat,9829
itemdesc,3556,Type: PvP#n<Executable Skill>#6#nFixed buff: Increasing Defense +2%%#8#nThe following buff(s) apply by certain chance.#nIncreasing rate of Explosive Blow +6%%  #nIncreasing Defense +6%%   ,1,bango-file,message.dat,9830
itemdesc,3557,Type: PvP#n<Executable Skill>#6#nFixed buff: Increasing Evasion +1%%#8#nThe following buff(s) apply by certain chance.#nIncreasing rate of Explosive Blow +6%%  #nIncreasing Defense +6%%   ,1,bango-file,message.dat,9831
itemdesc,3558,Type: PvP#n<Executable Skill>#6#nFixed buff: Increasing Attack +2%%#8#nThe following buff(s) apply by certain chance.#nIncreasing Attack +5%%  #nIncreasing Defense +9%%   ,1,bango-file,message.dat,9832
itemdesc,3559,Type: PvP#n<Executable Skill>#6#nFixed buff: Increasing rate of Explosive Blow +1%%#8#nThe following buff(s) apply by certain chance.#nIncreasing Attack +5%%  #nIncreasing Defense +9%%   ,1,bango-file,message.dat,9833
itemdesc,3560,Type: PvP#n<Executable Skill>#6#nFixed buff: Increasing Evasion +1%%#8#nThe following buff(s) apply by certain chance.#nIncreasing Attack +5%%  #nIncreasing Defense +9%%   ,1,bango-file,message.dat,9834
itemdesc,3561,Type: PvP#n<Executable Skill>#6#nFixed buff: Increasing Attack +2%%#8#nThe following buff(s) apply by certain chance.#nIncreasing Attack +5%%  #nIncreasing Evasion +6%%   ,1,bango-file,message.dat,9835
itemdesc,3562,Type: PvP#n<Executable Skill>#6#nFixed buff: Increasing rate of Explosive Blow +1%%#8#nThe following buff(s) apply by certain chance.#nIncreasing Attack +5%%  #nIncreasing Evasion +6%%   ,1,bango-file,message.dat,9836
itemdesc,3563,Type: PvP#n<Executable Skill>#6#nFixed buff: Increasing Defense +2%%#8#nThe following buff(s) apply by certain chance.#nIncreasing Attack +5%%  #nIncreasing Evasion +6%%   ,1,bango-file,message.dat,9837
itemdesc,3564,Type: Normal#n<Executable Skill>#6#nFixed buff: Increasing rate of Explosive Blow +2%%#8#nThe following buff(s) apply by certain chance.#nIncreasing Attack +12%% %1 #nIncreasing rate of Explosive Blow +3%% %1 #nIncreasing Defense +5%% %1 ,1,bango-file,message.dat,9838
itemdesc,3565,Type: Normal#n<Executable Skill>#6#nFixed buff: Increasing Defense +5%%#8#nThe following buff(s) apply by certain chance.#nIncreasing Attack +12%% %1 #nIncreasing rate of Explosive Blow +3%% %1 #nIncreasing Defense +5%% %1  ,1,bango-file,message.dat,9839
itemdesc,3566,Type: Normal#n<Executable Skill>#6#nFixed buff: Increasing Evasion +1%%#8#nThe following buff(s) apply by certain chance.#nIncreasing Attack +12%% %1 #nIncreasing rate of Explosive Blow +3%% %1 #nIncreasing Defense +5%% %1  ,1,bango-file,message.dat,9840
itemdesc,3567,Type: Normal#n<Executable Skill>#6#nFixed buff: Increasing Attack +4%%#8#nThe following buff(s) apply by certain chance.#nIncreasing Attack +3%% %1 #nIncreasing rate of Explosive Blow +6%% %1 #nIncreasing Defense +5%% %1  ,1,bango-file,message.dat,9841
itemdesc,3568,Type: Normal#n<Executable Skill>#6#nFixed buff: Increasing Defense +5%%#8#nThe following buff(s) apply by certain chance.#nIncreasing Attack +3%% %1 #nIncreasing rate of Explosive Blow +6%% %1 #nIncreasing Defense +5%% %1  ,1,bango-file,message.dat,9842
itemdesc,3569,Type: Normal#n<Executable Skill>#6#nFixed buff: Increasing Evasion +1%%#8#nThe following buff(s) apply by certain chance.#nIncreasing Attack +3%% %1 #nIncreasing rate of Explosive Blow +6%% %1 #nIncreasing Defense +5%% %1  ,1,bango-file,message.dat,9843
itemdesc,3570,Type: Normal#n<Executable Skill>#6#nFixed buff: Increasing Attack +4%%#8#nThe following buff(s) apply by certain chance.#nIncreasing Attack +3%% %1 #nIncreasing Defense +15%% %1 #nIncreasing Evasion +3%% %1  ,1,bango-file,message.dat,9844
itemdesc,3571,Type: Normal#n<Executable Skill>#6#nFixed buff: Increasing rate of Explosive Blow +2%%#8#nThe following buff(s) apply by certain chance.#nIncreasing Attack +3%% %1 #nIncreasing Defense +15%% %1 #nIncreasing Evasion +3%% %1  ,1,bango-file,message.dat,9845
itemdesc,3572,Type: Normal#n<Executable Skill>#6#nFixed buff: Increasing Evasion +1%%#8#nThe following buff(s) apply by certain chance.#nIncreasing Attack +3%% %1 #nIncreasing Defense +15%% %1 #nIncreasing Evasion +3%% %1  ,1,bango-file,message.dat,9846
itemdesc,3573,Type: Normal#n<Executable Skill>#6#nFixed buff: Increasing Attack +4%%#8#nThe following buff(s) apply by certain chance.#nIncreasing Attack +3%% %1 #nIncreasing Defense +5%% %1 #nIncreasing Evasion +5%% %1  ,1,bango-file,message.dat,9847
itemdesc,3574,Type: Normal#n<Executable Skill>#6#nFixed buff: Increasing rate of Explosive Blow +2%%#8#nThe following buff(s) apply by certain chance.#nIncreasing Attack +3%% %1 #nIncreasing Defense +5%% %1 #nIncreasing Evasion +5%% %1  ,1,bango-file,message.dat,9848
itemdesc,3575,Type: Normal#n<Executable Skill>#6#nFixed buff: Increasing Defense +5%%#8#nThe following buff(s) apply by certain chance.#nIncreasing Attack +3%% %1 #nIncreasing Defense +5%% %1 #nIncreasing Evasion +5%% %1  ,1,bango-file,message.dat,9849
itemdesc,3576,Type: PvP#n<Executable Skill>#6#nFixed buff: Increasing rate of Explosive Blow +2%%#8#nThe following buff(s) apply by certain chance.#nIncreasing Attack +18%% %1 #nIncreasing rate of Explosive Blow +6%% %1 #nIncreasing Defense +6%% %1  ,1,bango-file,message.dat,9850
itemdesc,3577,Type: PvP#n<Executable Skill>#6#nFixed buff: Increasing Defense +6%%#8#nThe following buff(s) apply by certain chance.#nIncreasing Attack +18%% %1 #nIncreasing rate of Explosive Blow +6%% %1 #nIncreasing Defense +6%% %1  ,1,bango-file,message.dat,9851
itemdesc,3578,Type: PvP#n<Executable Skill>#6#nFixed buff: Increasing Evasion +2%%#8#nThe following buff(s) apply by certain chance.#nIncreasing Attack +18%% %1 #nIncreasing rate of Explosive Blow +6%% %1 #nIncreasing Defense +6%% %1  ,1,bango-file,message.dat,9852
itemdesc,3579,Type: PvP#n<Executable Skill>#6#nFixed buff: Increasing Attack +6%%#8#nThe following buff(s) apply by certain chance.#nIncreasing Attack +5%% %1 #nIncreasing rate of Explosive Blow +8%% %1 #nIncreasing Defense +6%% %1  ,1,bango-file,message.dat,9853
itemdesc,3580,Type: PvP#n<Executable Skill>#6#nFixed buff: Increasing Defense +6%%#8#nThe following buff(s) apply by certain chance.#nIncreasing Attack +5%% %1 #nIncreasing rate of Explosive Blow +8%% %1 #nIncreasing Defense +6%% %1  ,1,bango-file,message.dat,9854
itemdesc,3581,Type: PvP#n<Executable Skill>#6#nFixed buff: Increasing Evasion +2%%#8#nThe following buff(s) apply by certain chance.#nIncreasing Attack +5%% %1 #nIncreasing rate of Explosive Blow +8%% %1 #nIncreasing Defense +6%% %1  ,1,bango-file,message.dat,9855
itemdesc,3582,Type: PvP#n<Executable Skill>#6#nFixed buff: Increasing Attack +6%%#8#nThe following buff(s) apply by certain chance.#nIncreasing Attack +5%% %1 #nIncreasing Defense +18%% %1 #nIncreasing Evasion +5%% %1  ,1,bango-file,message.dat,9856
itemdesc,3583,Type: PvP#n<Executable Skill>#6#nFixed buff: Increasing rate of Explosive Blow +2%%#8#nThe following buff(s) apply by certain chance.#nIncreasing Attack +5%% %1 #nIncreasing Defense +18%% %1 #nIncreasing Evasion +5%% %1  ,1,bango-file,message.dat,9857
itemdesc,3584,Type: PvP#n<Executable Skill>#6#nFixed buff: Increasing Evasion +2%%#8#nThe following buff(s) apply by certain chance.#nIncreasing Attack +5%% %1 #nIncreasing Defense +18%% %1 #nIncreasing Evasion +5%% %1  ,1,bango-file,message.dat,9858
itemdesc,3585,Type: PvP#n<Executable Skill>#6#nFixed buff: Increasing Attack +6%%#8#nThe following buff(s) apply by certain chance.#nIncreasing Attack +5%% %1 #nIncreasing Defense +6%% %1 #nIncreasing Evasion +8%% %1  ,1,bango-file,message.dat,9859
itemdesc,3586,Type: PvP#n<Executable Skill>#6#nFixed buff: Increasing rate of Explosive Blow +2%%#8#nThe following buff(s) apply by certain chance.#nIncreasing Attack +5%% %1 #nIncreasing Defense +6%% %1 #nIncreasing Evasion +8%% %1  ,1,bango-file,message.dat,9860
itemdesc,3587,Type: PvP#n<Executable Skill>#6#nFixed buff: Increasing Defense +6%%#8#nThe following buff(s) apply by certain chance.#nIncreasing Attack +5%% %1 #nIncreasing Defense +6%% %1 #nIncreasing Evasion +8%% %1  ,1,bango-file,message.dat,9861
itemdesc,3588,Type: Normal#n<Executable Skill>#6#nFixed buff: Increasing rate of Explosive Blow +2%%#8#nThe following buff(s) apply by certain chance.#nIncreasing Attack +11%% %1 #nIncreasing rate of Explosive Blow +3%% %1 #nIncreasing Defense +5%% %1 ,1,bango-file,message.dat,9862
itemdesc,3589,Type: Normal#n<Executable Skill>#6#nFixed buff: Increasing Defense +5%%#8#nThe following buff(s) apply by certain chance.#nIncreasing Attack +11%% %1 #nIncreasing rate of Explosive Blow +3%% %1 #nIncreasing Defense +5%% %1  ,1,bango-file,message.dat,9863
itemdesc,3590,Type: Normal#n<Executable Skill>#6#nFixed buff: Increasing Evasion +1%%#8#nThe following buff(s) apply by certain chance.#nIncreasing Attack +11%% %1 #nIncreasing rate of Explosive Blow +3%% %1 #nIncreasing Defense +5%% %1  ,1,bango-file,message.dat,9864
itemdesc,3591,Type: Normal#n<Executable Skill>#6#nFixed buff: Increasing Attack +4%%#8#nThe following buff(s) apply by certain chance.#nIncreasing Attack +3%% %1 #nIncreasing rate of Explosive Blow +5%% %1 #nIncreasing Defense +5%% %1  ,1,bango-file,message.dat,9865
itemdesc,3592,Type: Normal#n<Executable Skill>#6#nFixed buff: Increasing Defense +5%%#8#nThe following buff(s) apply by certain chance.#nIncreasing Attack +3%% %1 #nIncreasing rate of Explosive Blow +5%% %1 #nIncreasing Defense +5%% %1  ,1,bango-file,message.dat,9866
itemdesc,3593,Type: Normal#n<Executable Skill>#6#nFixed buff: Increasing Evasion +1%%#8#nThe following buff(s) apply by certain chance.#nIncreasing Attack +3%% %1 #nIncreasing rate of Explosive Blow +5%% %1 #nIncreasing Defense +5%% %1  ,1,bango-file,message.dat,9867
itemdesc,3594,Type: Normal#n<Executable Skill>#6#nFixed buff: Increasing Attack +4%%#8#nThe following buff(s) apply by certain chance.#nIncreasing Attack +3%% %1 #nIncreasing Defense +14%% %1 #nIncreasing Evasion +3%% %1  ,1,bango-file,message.dat,9868
itemdesc,3595,Type: Normal#n<Executable Skill>#6#nFixed buff: Increasing rate of Explosive Blow +2%%#8#nThe following buff(s) apply by certain chance.#nIncreasing Attack +3%% %1 #nIncreasing Defense +14%% %1 #nIncreasing Evasion +3%% %1  ,1,bango-file,message.dat,9869
itemdesc,3596,Type: Normal#n<Executable Skill>#6#nFixed buff: Increasing Evasion +1%%#8#nThe following buff(s) apply by certain chance.#nIncreasing Attack +3%% %1 #nIncreasing Defense +14%% %1 #nIncreasing Evasion +3%% %1  ,1,bango-file,message.dat,9870
itemdesc,3597,Type: Normal#n<Executable Skill>#6#nFixed buff: Increasing Attack +4%%#8#nThe following buff(s) apply by certain chance.#nIncreasing Attack +3%% %1 #nIncreasing Defense +5%% %1 #nIncreasing Evasion +4%% %1  ,1,bango-file,message.dat,9871
itemdesc,3598,Type: Normal#n<Executable Skill>#6#nFixed buff: Increasing rate of Explosive Blow +2%%#8#nThe following buff(s) apply by certain chance.#nIncreasing Attack +3%% %1 #nIncreasing Defense +5%% %1 #nIncreasing Evasion +4%% %1  ,1,bango-file,message.dat,9872
itemdesc,3599,Type: Normal#n<Executable Skill>#6#nFixed buff: Increasing Defense +5%%#8#nThe following buff(s) apply by certain chance.#nIncreasing Attack +3%% %1 #nIncreasing Defense +5%% %1 #nIncreasing Evasion +4%% %1  ,1,bango-file,message.dat,9873
itemdesc,3600,Type: PvP#n<Executable Skill>#6#nFixed buff: Increasing rate of Explosive Blow +2%%#8#nThe following buff(s) apply by certain chance.#nIncreasing Attack +17%% %1 #nIncreasing rate of Explosive Blow +6%% %1 #nIncreasing Defense +6%% %1  ,1,bango-file,message.dat,9874
itemdesc,3601,Type: PvP#n<Executable Skill>#6#nFixed buff: Increasing Defense +6%%#8#nThe following buff(s) apply by certain chance.#nIncreasing Attack +17%% %1 #nIncreasing rate of Explosive Blow +6%% %1 #nIncreasing Defense +6%% %1  ,1,bango-file,message.dat,9875
itemdesc,3602,Type: PvP#n<Executable Skill>#6#nFixed buff: Increasing Evasion +2%%#8#nThe following buff(s) apply by certain chance.#nIncreasing Attack +17%% %1 #nIncreasing rate of Explosive Blow +6%% %1 #nIncreasing Defense +6%% %1  ,1,bango-file,message.dat,9876
itemdesc,3603,Type: PvP#n<Executable Skill>#6#nFixed buff: Increasing Attack +6%%#8#nThe following buff(s) apply by certain chance.#nIncreasing Attack +5%% %1 #nIncreasing rate of Explosive Blow +7%% %1 #nIncreasing Defense +6%% %1  ,1,bango-file,message.dat,9877
itemdesc,3604,Type: PvP#n<Executable Skill>#6#nFixed buff: Increasing Defense +6%%#8#nThe following buff(s) apply by certain chance.#nIncreasing Attack +5%% %1 #nIncreasing rate of Explosive Blow +7%% %1 #nIncreasing Defense +6%% %1  ,1,bango-file,message.dat,9878
itemdesc,3605,Type: PvP#n<Executable Skill>#6#nFixed buff: Increasing Evasion +2%%#8#nThe following buff(s) apply by certain chance.#nIncreasing Attack +5%% %1 #nIncreasing rate of Explosive Blow +7%% %1 #nIncreasing Defense +6%% %1  ,1,bango-file,message.dat,9879
itemdesc,3606,Type: PvP#n<Executable Skill>#6#nFixed buff: Increasing Attack +6%%#8#nThe following buff(s) apply by certain chance.#nIncreasing Attack +5%% %1 #nIncreasing Defense +17%% %1 #nIncreasing Evasion +5%% %1  ,1,bango-file,message.dat,9880
itemdesc,3607,Type: PvP#n<Executable Skill>#6#nFixed buff: Increasing rate of Explosive Blow +2%%#8#nThe following buff(s) apply by certain chance.#nIncreasing Attack +5%% %1 #nIncreasing Defense +17%% %1 #nIncreasing Evasion +5%% %1  ,1,bango-file,message.dat,9881
itemdesc,3608,Type: PvP#n<Executable Skill>#6#nFixed buff: Increasing Evasion +2%%#8#nThe following buff(s) apply by certain chance.#nIncreasing Attack +5%% %1 #nIncreasing Defense +17%% %1 #nIncreasing Evasion +5%% %1  ,1,bango-file,message.dat,9882
itemdesc,3609,Type: PvP#n<Executable Skill>#6#nFixed buff: Increasing Attack +6%%#8#nThe following buff(s) apply by certain chance.#nIncreasing Attack +5%% %1 #nIncreasing Defense +6%% %1 #nIncreasing Evasion +7%% %1  ,1,bango-file,message.dat,9883
itemdesc,3610,Type: PvP#n<Executable Skill>#6#nFixed buff: Increasing rate of Explosive Blow +2%%#8#nThe following buff(s) apply by certain chance.#nIncreasing Attack +5%% %1 #nIncreasing Defense +6%% %1 #nIncreasing Evasion +7%% %1  ,1,bango-file,message.dat,9884
itemdesc,3611,Type: PvP#n<Executable Skill>#6#nFixed buff: Increasing Defense +6%%#8#nThe following buff(s) apply by certain chance.#nIncreasing Attack +5%% %1 #nIncreasing Defense +6%% %1 #nIncreasing Evasion +7%% %1  ,1,bango-file,message.dat,9885
itemdesc,3612,Type: Normal#n<Executable Skill>#6#nFixed buff: Increasing rate of Explosive Blow +2%%#8#nThe following buff(s) apply by certain chance.#nIncreasing Attack +14%% %1 #nIncreasing rate of Explosive Blow +3%% %1 #nIncreasing Defense +5%% %1 ,1,bango-file,message.dat,9886
itemdesc,3613,Type: Normal#n<Executable Skill>#6#nFixed buff: Increasing Defense +5%%#8#nThe following buff(s) apply by certain chance.#nIncreasing Attack +14%% %1 #nIncreasing rate of Explosive Blow +3%% %1 #nIncreasing Defense +5%% %1  ,1,bango-file,message.dat,9887
itemdesc,3614,Type: Normal#n<Executable Skill>#6#nFixed buff: Increasing Evasion +1%%#8#nThe following buff(s) apply by certain chance.#nIncreasing Attack +14%% %1 #nIncreasing rate of Explosive Blow +3%% %1 #nIncreasing Defense +5%% %1  ,1,bango-file,message.dat,9888
itemdesc,3615,Type: Normal#n<Executable Skill>#6#nFixed buff: Increasing Attack +4%%#8#nThe following buff(s) apply by certain chance.#nIncreasing Attack +3%% %1 #nIncreasing rate of Explosive Blow +8%% %1 #nIncreasing Defense +5%% %1  ,1,bango-file,message.dat,9889
itemdesc,3616,Type: Normal#n<Executable Skill>#6#nFixed buff: Increasing Defense +5%%#8#nThe following buff(s) apply by certain chance.#nIncreasing Attack +3%% %1 #nIncreasing rate of Explosive Blow +8%% %1 #nIncreasing Defense +5%% %1  ,1,bango-file,message.dat,9890
itemdesc,3617,Type: Normal#n<Executable Skill>#6#nFixed buff: Increasing Evasion +1%%#8#nThe following buff(s) apply by certain chance.#nIncreasing Attack +3%% %1 #nIncreasing rate of Explosive Blow +8%% %1 #nIncreasing Defense +5%% %1  ,1,bango-file,message.dat,9891
itemdesc,3618,Type: Normal#n<Executable Skill>#6#nFixed buff: Increasing Attack +4%%#8#nThe following buff(s) apply by certain chance.#nIncreasing Attack +3%% %1 #nIncreasing Defense +17%% %1 #nIncreasing Evasion +3%% %1  ,1,bango-file,message.dat,9892
itemdesc,3619,Type: Normal#n<Executable Skill>#6#nFixed buff: Increasing rate of Explosive Blow +2%%#8#nThe following buff(s) apply by certain chance.#nIncreasing Attack +3%% %1 #nIncreasing Defense +17%% %1 #nIncreasing Evasion +3%% %1  ,1,bango-file,message.dat,9893
itemdesc,3620,Type: Normal#n<Executable Skill>#6#nFixed buff: Increasing Evasion +1%%#8#nThe following buff(s) apply by certain chance.#nIncreasing Attack +3%% %1 #nIncreasing Defense +17%% %1 #nIncreasing Evasion +3%% %1  ,1,bango-file,message.dat,9894
itemdesc,3621,Type: Normal#n<Executable Skill>#6#nFixed buff: Increasing Attack +4%%#8#nThe following buff(s) apply by certain chance.#nIncreasing Attack +3%% %1 #nIncreasing Defense +5%% %1 #nIncreasing Evasion +6%% %1  ,1,bango-file,message.dat,9895
itemdesc,3622,Type: Normal#n<Executable Skill>#6#nFixed buff: Increasing rate of Explosive Blow +2%%#8#nThe following buff(s) apply by certain chance.#nIncreasing Attack +3%% %1 #nIncreasing Defense +5%% %1 #nIncreasing Evasion +6%% %1  ,1,bango-file,message.dat,9896
itemdesc,3623,Type: Normal#n<Executable Skill>#6#nFixed buff: Increasing Defense +5%%#8#nThe following buff(s) apply by certain chance.#nIncreasing Attack +3%% %1 #nIncreasing Defense +5%% %1 #nIncreasing Evasion +6%% %1  ,1,bango-file,message.dat,9897
itemdesc,3624,Type: PvP#n<Executable Skill>#6#nFixed buff: Increasing rate of Explosive Blow +2%%#8#nThe following buff(s) apply by certain chance.#nIncreasing Attack +20%% %1 #nIncreasing rate of Explosive Blow +6%% %1 #nIncreasing Defense +6%% %1  ,1,bango-file,message.dat,9898
itemdesc,3625,Type: PvP#n<Executable Skill>#6#nFixed buff: Increasing Defense +6%%#8#nThe following buff(s) apply by certain chance.#nIncreasing Attack +20%% %1 #nIncreasing rate of Explosive Blow +6%% %1 #nIncreasing Defense +6%% %1  ,1,bango-file,message.dat,9899
itemdesc,3626,Type: PvP#n<Executable Skill>#6#nFixed buff: Increasing Evasion +2%%#8#nThe following buff(s) apply by certain chance.#nIncreasing Attack +20%% %1 #nIncreasing rate of Explosive Blow +6%% %1 #nIncreasing Defense +6%% %1  ,1,bango-file,message.dat,9900
itemdesc,3627,Type: PvP#n<Executable Skill>#6#nFixed buff: Increasing Attack +6%%#8#nThe following buff(s) apply by certain chance.#nIncreasing Attack +5%% %1 #nIncreasing rate of Explosive Blow +10%% %1 #nIncreasing Defense +6%% %1  ,1,bango-file,message.dat,9901
itemdesc,3628,Type: PvP#n<Executable Skill>#6#nFixed buff: Increasing Defense +6%%#8#nThe following buff(s) apply by certain chance.#nIncreasing Attack +5%% %1 #nIncreasing rate of Explosive Blow +10%% %1 #nIncreasing Defense +6%% %1  ,1,bango-file,message.dat,9902
itemdesc,3629,Type: PvP#n<Executable Skill>#6#nFixed buff: Increasing Evasion +2%%#8#nThe following buff(s) apply by certain chance.#nIncreasing Attack +5%% %1 #nIncreasing rate of Explosive Blow +10%% %1 #nIncreasing Defense +6%% %1  ,1,bango-file,message.dat,9903
itemdesc,3630,Type: PvP#n<Executable Skill>#6#nFixed buff: Increasing Attack +6%%#8#nThe following buff(s) apply by certain chance.#nIncreasing Attack +5%% %1 #nIncreasing Defense +20%% %1 #nIncreasing Evasion +5%% %1  ,1,bango-file,message.dat,9904
itemdesc,3631,Type: PvP#n<Executable Skill>#6#nFixed buff: Increasing rate of Explosive Blow +2%%#8#nThe following buff(s) apply by certain chance.#nIncreasing Attack +5%% %1 #nIncreasing Defense +20%% %1 #nIncreasing Evasion +5%% %1  ,1,bango-file,message.dat,9905
itemdesc,3632,Type: PvP#n<Executable Skill>#6#nFixed buff: Increasing Evasion +2%%#8#nThe following buff(s) apply by certain chance.#nIncreasing Attack +5%% %1 #nIncreasing Defense +20%% %1 #nIncreasing Evasion +5%% %1  ,1,bango-file,message.dat,9906
itemdesc,3633,Type: PvP#n<Executable Skill>#6#nFixed buff: Increasing Attack +6%%#8#nThe following buff(s) apply by certain chance.#nIncreasing Attack +5%% %1 #nIncreasing Defense +6%% %1 #nIncreasing Evasion +9%% %1  ,1,bango-file,message.dat,9907
itemdesc,3634,Type: PvP#n<Executable Skill>#6#nFixed buff: Increasing rate of Explosive Blow +2%%#8#nThe following buff(s) apply by certain chance.#nIncreasing Attack +5%% %1 #nIncreasing Defense +6%% %1 #nIncreasing Evasion +9%% %1  ,1,bango-file,message.dat,9908
itemdesc,3635,Type: PvP#n<Executable Skill>#6#nFixed buff: Increasing Defense +6%%#8#nThe following buff(s) apply by certain chance.#nIncreasing Attack +5%% %1 #nIncreasing Defense +6%% %1 #nIncreasing Evasion +9%% %1  ,1,bango-file,message.dat,9909
itemdesc,3636,Type: Normal#n<Executable Skill>#nAll of 4 kind buffs will be activated during the time.#nIncreasing Attack +20% #nIncreasing rate of Explosive Blow +3%#nIncreasing Defense +5%#nIncreasing Evasion +3%,1,bango-file,message.dat,9910
itemdesc,3637,Type: Normal#n<Executable Skill>#nAll of 4 kind buffs will be activated during the time.#nIncreasing Attack +3% #nIncreasing rate of Explosive Blow +10%#nIncreasing Defense +5%#nIncreasing Evasion +3%,1,bango-file,message.dat,9911
itemdesc,3638,Type: Normal#n<Executable Skill>#nAll of 4 kind buffs will be activated during the time.#nIncreasing Attack +3% #nIncreasing rate of Explosive Blow +3%#nIncreasing Defense +24%#nIncreasing Evasion +3%,1,bango-file,message.dat,9912
itemdesc,3639,Type: Normal#n<Executable Skill>#nAll of 4 kind buffs will be activated during the time.#nIncreasing Attack +3% #nIncreasing rate of Explosive Blow +3%#nIncreasing Defense +5%#nIncreasing Evasion +8%,1,bango-file,message.dat,9913
itemdesc,3640,Type: PvP#n<Executable Skill>#nThe following buff(s) apply by certain chance.#nIncreasing Attack +29%% %1 #nIncreasing rate of Explosive Blow +6%% %1 #nIncreasing Defense +6%% %1 #nIncreasing Evasion +5%% %1 ,1,bango-file,message.dat,9914
itemdesc,3641,Type: PvP#n<Executable Skill>#nThe following buff(s) apply by certain chance.#nIncreasing Attack +5%% %1 #nIncreasing rate of Explosive Blow +12%% %1 #nIncreasing Defense +6%% %1 #nIncreasing Evasion +5%% %1 ,1,bango-file,message.dat,9915
itemdesc,3642,Type: PvP#n<Executable Skill>#nThe following buff(s) apply by certain chance.#nIncreasing Attack +5%% %1 #nIncreasing rate of Explosive Blow +6%% %1 #nIncreasing Defense +29%% %1 #nIncreasing Evasion +5%% %1 ,1,bango-file,message.dat,9916
itemdesc,3643,Type: PvP#n<Executable Skill>#nThe following buff(s) apply by certain chance.#nIncreasing Attack +5%% %1 #nIncreasing rate of Explosive Blow +6%% %1 #nIncreasing Defense +6%% %1 #nIncreasing Evasion +10%% %1 ,1,bango-file,message.dat,9917
itemdesc,3644,This tool removes the chance of acquiring gravels when processing materials.,1,bango-file,message.dat,9923
itemdesc,3645,A material made of copper ores.#nIt is a low-grade material.,1,bango-file,message.dat,9926
itemdesc,3646,A material made of copper ores.#nIt is a middle-grade material.,1,bango-file,message.dat,9928
itemdesc,3647,A material made of quartz ores.#nIt is a low-grade material.,1,bango-file,message.dat,9930
itemdesc,3648,A material made of quartz ores.#nIt is a middle-grade material.,1,bango-file,message.dat,9932
itemdesc,3649,A material made of iron ores.#nIt is a middle-grade material.,1,bango-file,message.dat,9934
itemdesc,3650,A material made of iron ores.#nIt is a high-grade material.,1,bango-file,message.dat,9936
itemdesc,3651,A material made of corundum ores.#nIt is a middle-grade material.,1,bango-file,message.dat,9938
itemdesc,3652,A material made of corundum ores.#nIt is a high-grade material.,1,bango-file,message.dat,9940
itemdesc,3653,A material made of gold and silver ores.#nIt is a low-grade material.,1,bango-file,message.dat,9942
itemdesc,3654,A material made of gold and silver ores.#nIt is a high-grade material.,1,bango-file,message.dat,9944
itemdesc,3655,A material made of gold and silver ores.#nIt is a special-grade material.,1,bango-file,message.dat,9946
itemdesc,3656,A material made of gold and blood ores.#nIt is the best material.,1,bango-file,message.dat,9948
itemdesc,3657,A 2nd material made of Diamond ores.#nIt is the best material.,1,bango-file,message.dat,9950
itemdesc,3666,This is a box for Returned Apprentice Knight. #nIt consists of Apprentice steel armor set and Big Sword.  ,1,bango-file,message.dat,9953
itemdesc,3667,"This is a box for Returned Novice Knight. #nIt consists of Novice steel armor set, Sword, and Big Sword. ",1,bango-file,message.dat,9954
itemdesc,3668,"This is a box for Returned Junior Knight. #nIt consists of Junior steel armor set, Sword, and Big Sword. ",1,bango-file,message.dat,9955
itemdesc,3669,"This is a box for Returned Senior Knight. #nIt consists of Senior steel armor set, Sword, and Big Sword. ",1,bango-file,message.dat,9956
itemdesc,3670,"This is a box for Returned Hero Knight. #nIt consists of Hero steel armor set, Sword, and Big Sword. ",1,bango-file,message.dat,9957
itemdesc,3671,This is a box for Returned Apprentice Archer. #nIt consists of Apprentice armor set and Bow. ,1,bango-file,message.dat,9958
itemdesc,3672,"This is a box for Returned Novice Archer. #nIt consists of Novice armor set, and Bow. ",1,bango-file,message.dat,9959
itemdesc,3673,"This is a box for Returned Junior Archer. #nIt consists of Junior armor set, and Bow. ",1,bango-file,message.dat,9960
itemdesc,3674,"This is a box for Returned Senior Archer. #nIt consists of Senior armor set, and Bow. ",1,bango-file,message.dat,9961
itemdesc,3675,"This is a box for Returned Hero Archer. #nIt consists of Hero armor set, and Bow. ",1,bango-file,message.dat,9962
itemdesc,3676,This is a box for Returned Apprentice Magician. #nIt consists of Apprentice DaeChangEau armor set and Stick.  ,1,bango-file,message.dat,9963
itemdesc,3677,This is a box for Returned Novice Magician. #nIt consists of Novice DaeChangEau armor set and Stick. ,1,bango-file,message.dat,9964
itemdesc,3678,This is a box for Returned Junior Magician. #nIt consists of Junior DaeChangEau armor set and Stick. ,1,bango-file,message.dat,9965
itemdesc,3679,This is a box for Returned Senior Magician. #nIt consists of Senior DaeChangEau armor set and Stick. ,1,bango-file,message.dat,9966
itemdesc,3680,This is a box for Returned Hero Magician. #nIt consists of Hero DaeChangEau armor set and Stick. ,1,bango-file,message.dat,9967
itemdesc,3681,This is a box for Returned Apprentice Thief. #nIt consists of Apprentice suit set and Dagger.  ,1,bango-file,message.dat,9968
itemdesc,3682,This is a box for Returned Novice Thief. #nIt consists of Novice suit set and Dagger. ,1,bango-file,message.dat,9969
itemdesc,3683,This is a box for Returned Junior Thief. #nIt consists of Junior suit set and Dagger. ,1,bango-file,message.dat,9970
itemdesc,3684,This is a box for Returned Senior Thief. #nIt consists of Senior suit set and Dagger. ,1,bango-file,message.dat,9971
itemdesc,3685,This is a box for Returned Hero Thief. #nIt consists of Hero suit set and Dagger. ,1,bango-file,message.dat,9972
itemdesc,3686,This is an item box for Returned anpprentice. #nIt consists of items and pet box. ,1,bango-file,message.dat,9973
itemdesc,3687,This is an item box for Returned Novice. #nIt consists of items and pet box. ,1,bango-file,message.dat,9974
itemdesc,3688,This is an item box for Returned Junior. #nIt consists of items and pet box. ,1,bango-file,message.dat,9975
itemdesc,3689,This is an item box for Returned Senior. #nIt consists of items and pet box. ,1,bango-file,message.dat,9976
itemdesc,3690,This is an item box for Returned Hero. #nIt consists of items and pet box. ,1,bango-file,message.dat,9977
itemdesc,3691,"This is a field pet box which is consist of cash pets. #nYou can get a pet among Blue Dragon, #nWhite tiger, Black tortoise, and Red bird.  ",1,bango-file,message.dat,9978
itemdesc,3692,This is a field pet box which is consist of cash pets. #nYou can get a pet among 12 kinds of hybrid pets. ,1,bango-file,message.dat,9979
itemdesc,3693,1st grade gift set for returners ,1,bango-file,message.dat,9980
itemdesc,3694,2nd grade gift set for returners ,1,bango-file,message.dat,9981
itemdesc,3695,3rd grade gift set for returners ,1,bango-file,message.dat,9982
itemdesc,3696,4th grade gift set for returners ,1,bango-file,message.dat,9983
itemdesc,3697,Only Yin-Yang mirror reveals abilities #nof Trigram.,1,bango-file,message.dat,10002
itemdesc,3698,There are eight kinds of Trigrams #nand they are activated by Yin-Yang Mirror. #nHp increases by enchanting,1,bango-file,message.dat,10004
itemdesc,3699,There are eight kinds of Trigrams #nand they are activated by Yin-Yang Mirror. #nMp increases by enchanting,1,bango-file,message.dat,10005
itemdesc,3700,There are eight kinds of Trigrams #nand they are activated by Yin-Yang Mirror. #nATK/Mg.ATK increases by enchanting,1,bango-file,message.dat,10006
itemdesc,3701,There are eight kinds of Trigrams #nand they are activated by Yin-Yang Mirror. #nStr increases by enchanting,1,bango-file,message.dat,10007
itemdesc,3702,There are eight kinds of Trigrams #nand they are activated by Yin-Yang Mirror. #nDex increases by enchanting,1,bango-file,message.dat,10008
itemdesc,3703,There are eight kinds of Trigrams #nand they are activated by Yin-Yang Mirror. #nInt increases by enchanting,1,bango-file,message.dat,10009
itemdesc,3704,There are eight kinds of Trigrams #nand they are activated by Yin-Yang Mirror. #nWis increases by enchanting,1,bango-file,message.dat,10010
itemdesc,3705,There are eight kinds of Trigrams #nand they are activated by Yin-Yang Mirror. #nHth by enchanting,1,bango-file,message.dat,10011
itemdesc,3706,Powers of #n Trigrams become one under Taegeuk and activated through #n Yin-Yang Mirror.,1,bango-file,message.dat,10013
itemdesc,3707,This special Taegeuk made in Guem-oh mine is #navailable for all grades. #nPowers of Trigram become one under it and activated through #n Yin-Yang Mirror.,1,bango-file,message.dat,10015
itemdesc,3708,It makes [Trigram absorption] reactivated #nby initializing the absorption effect of taegeuk.,1,bango-file,message.dat,10016
itemdesc,3709,"When you use Water of Eight Trigram, the enchanting #nTrigram success probability is raised and #nfailure probability is decreased.",1,bango-file,message.dat,10017
itemdesc,3710,"This is a Broken Guem-oh Taegeuk. #nIf you give it to the artisan Doggebi, #nyou can get a complete Guem-oh Taegeuk by making.",1,bango-file,message.dat,10018
itemdesc,3711,Only Yin-Yang mirror reveals abilities #nof Trigram. ,1,bango-file,message.dat,10020
itemdesc,3712,Only Yin-Yang mirror reveals abilities #nof Trigram. ,1,bango-file,message.dat,10021
itemdesc,3713,Only Yin-Yang mirror reveals abilities #nof Trigram. ,1,bango-file,message.dat,10022
itemdesc,3714,A medal is made of gold. #nOnly brave warrior can get the gold medal in KALympic,1,bango-file,message.dat,10025
itemdesc,3715,Skill level of Devine Suction is able to #nbe increased from 5 to 6 with this book. #nYou can buy it using your honor points.#nReward Point 800000,1,bango-file,message.dat,10028
itemdesc,3717,[Event Item] You can get a reward from the box,1,bango-file,message.dat,10040
itemdesc,3718,It's a mysterious talisman with the soul of black magic.#nYou can change the ability using a talisman with#n possessed the power of black magic.,1,bango-file,message.dat,10045
itemdesc,3719,It's a mysterious stuff with the might of heavenly king.#nIt can pierce everything.,1,bango-file,message.dat,10047
itemdesc,3720,Kill Gigantic Species Master and bring Horn of Gigantic Species Master.,1,bango-file,message.dat,10052
itemdesc,3721,Kill Gigantic Species Master and bring Tail of Gigantic Species Master.,1,bango-file,message.dat,10053
itemdesc,3722,Kill Giant and bring Blood of Giant.,1,bango-file,message.dat,10054
itemdesc,3723,Kill Ifrit and bring Tooth of Ifrit.,1,bango-file,message.dat,10055
itemdesc,3724,Kill Dungeon Warrior and bring Right Hand of Dungeon Warrior.,1,bango-file,message.dat,10056
itemdesc,3725,Kill Dungeon Warrior and bring Armor of Dungeon Warrior.,1,bango-file,message.dat,10057
itemdesc,3726,Kill Dungeon Scout Soldier and bring Sword of Dungeon Scout Soldier.,1,bango-file,message.dat,10058
itemdesc,3727,Kill Dungeon Scout Soldier and bring Patrol card of Dungeon Scout Soldier.,1,bango-file,message.dat,10059
itemdesc,3728,Kill Dungeon Shield Soldier and Sword of Dungeon Shield Soldier.,1,bango-file,message.dat,10060
itemdesc,3729,Kill Dungeon Shield Soldier and bring Shield of Dungeon Shield Soldier.,1,bango-file,message.dat,10061
itemdesc,3730,Horn on the head of Gigantic Species Master,1,bango-file,message.dat,10064
itemdesc,3731,Tail of Gigantic Species Master,1,bango-file,message.dat,10065
itemdesc,3732,Blood of Gaint,1,bango-file,message.dat,10066
itemdesc,3733,Tooth of Ifrit,1,bango-file,message.dat,10067
itemdesc,3734,Big Right Hand of Dungeon Warrior,1,bango-file,message.dat,10068
itemdesc,3735,Iron Armor of Dungeon Warrior,1,bango-file,message.dat,10069
itemdesc,3736,Sword Equipped by Dungeon Scout Soldier,1,bango-file,message.dat,10070
itemdesc,3737,Patrol card possessed by Dungeon Scout Soldier,1,bango-file,message.dat,10071
itemdesc,3738,Sword Equipped by Dungeon Shield Soldier,1,bango-file,message.dat,10072
itemdesc,3739,Shield Equipped by Dungeon Shield Soldier,1,bango-file,message.dat,10073
itemdesc,3742,[Event Item] You can get a gift from the box.,1,bango-file,message.dat,10077
itemdesc,3743,This is the mission letter from Red Santa clauses!,1,bango-file,message.dat,10079
itemdesc,3744,2015 F/W Brand new Santa Hat,1,bango-file,message.dat,10081
itemdesc,3745,Increase EXP gain from monsters by 35% after use.,1,bango-file,message.dat,10084
itemdesc,3746,Good Luck!!!,1,bango-file,message.dat,10091
itemdesc,3747,You may acquire Blood Dragon Equipment when you open the box.,1,bango-file,message.dat,10092
itemdesc,3748,You may acquire Heavenly Executioner Equipment when you open the box.,1,bango-file,message.dat,10093
itemdesc,3749,You may acquire Infernal Destroyer Equipment when you open the box.,1,bango-file,message.dat,10094
itemdesc,3752,Make the hole that can put#n the Stone of Demon Gong in with#n the help of Dark Shadow,1,bango-file,message.dat,10097
itemdesc,3753,It is a necessary item for the first awaken.,1,bango-file,message.dat,10100
itemdesc,3754,It is a necessary item for the second awaken.,1,bango-file,message.dat,10101
itemdesc,3755,It is a necessary item for the third awaken.,1,bango-file,message.dat,10102
itemdesc,3759,"If you use this item for Artificial item,#n Artificial item will be upgraded to normal item.",1,bango-file,message.dat,10105
itemdesc,3762,A shield with the mystical energy floating in the air.#n You can buy this item only by using the Honor Points.,1,bango-file,message.dat,10108
itemdesc,3764,I can feel the engergy of the Earth from the Stone of Demon Gong.,1,bango-file,message.dat,10111
itemdesc,3765,I can feel the engergy of the Water from the Stone of Demon Gong.,1,bango-file,message.dat,10112
itemdesc,3766,I can feel the engergy of the Wind from the Stone of Demon Gong.,1,bango-file,message.dat,10113
itemdesc,3767,It is a tool to remove the Stone#n of Demon Gong.,1,bango-file,message.dat,10115
itemdesc,3768,It makes the Stone of Demon Gong#n to be able to get reused by extracing it.,1,bango-file,message.dat,10116
itemdesc,3769,You are allowed to keep the#n materials in hand even if you fail#n in refining the Stone of Demon Gong.,1,bango-file,message.dat,10117
itemdesc,3770,Gathering of money from monsters is increased by 50%.#nBut it's not effective when you're in a party.#nIt only effects to the one who used.#n[This item is good for 1 days.],1,bango-file,message.dat,10121
itemdesc,3771,"You are able to utilize the energy of Asadal, 'The Land of Origins'.#n[This item is good for 1 days.] ",1,bango-file,message.dat,10122
itemdesc,3786,You may acquire Dark Shadow Equipment when you open the box.,1,bango-file,message.dat,10125
itemdesc,3787,"Large Pumpkin Headed Ghost#n#1 This event item will be deleted on 24th Nov, 2016",1,bango-file,message.dat,10129
itemdesc,3788,"Large Pumpkin Headed Ghost with the Witch Hat.#n#1 This event item will be deleted on 24th Nov, 2016",1,bango-file,message.dat,10134
itemdesc,3789,Increase 20% of Physical Damage for 1 hour.,1,bango-file,message.dat,10141
itemdesc,3790,Increase 23% of Magical Damage for 1 hour.,1,bango-file,message.dat,10144
itemdesc,3791,"If you use a coupon, you will obtain a reward points.#nYou can use a reward coupon once in a day only.#nYou can trade a reward coupon to other users.#nWhen received players use it, they can obtain reward points.",1,bango-file,message.dat,10147
itemdesc,3803,KalOnline Gift Box,1,bango-file,message.dat,10149
itemdesc,3796,100 Times#nDraining the enemy's HP as much as your damage to the enemy#nwith 10% activity percentage.#nIt consumes one whenever the absorbing is activated.,1,bango-file,message.dat,10151
itemdesc,3797,100 Times#nAbsorbing the whole enemy's attack with 10% activity percentage.#nIt consumes one whenever the absorbing is activated.,1,bango-file,message.dat,10152
itemdesc,3808,[Event] Comeback user's bless (30 days),1,bango-file,message.dat,10153
itemdesc,3811,You may acquire Dark Shadow Armor when you open the box.,1,bango-file,message.dat,10156
itemdesc,3813,Hanin makes items for sacrifice of the warriors.,1,bango-file,message.dat,10159
itemdesc,3814,"When using the box, it is possible to obtain one low class essence.",1,bango-file,message.dat,10160
itemdesc,3815,The items need the essence's ability to awaken.,1,bango-file,message.dat,10161
itemdesc,3818,You may acquire Infernal Destroyer Weapon when you open the box.,1,bango-file,message.dat,10164
itemdesc,3819,You may acquire Infernal Destroyer Armor when you open the box.,1,bango-file,message.dat,10165
itemdesc,3820,You may acquire Heavenly Executioner Weapon when you open the box.,1,bango-file,message.dat,10168
itemdesc,3821,You may acquire Heavenly Executioner Armor when you open the box.,1,bango-file,message.dat,10169
itemdesc,3822,Key that can summon D'evah in Tower of D'evah#nwith a 100% probability,1,bango-file,message.dat,10172
itemdesc,3823,"Key that can summon D'evah in Tower of D'evah with some probability#nIf D'evah is not summons, summons a Water element master",1,bango-file,message.dat,10173
itemdesc,3824,Materials to make the key to moving to D'evah's room.,1,bango-file,message.dat,10174
itemdesc,3825,"Items that have the ability to combine the abilities of#nRed Bird Feather, Black Tortoise Skin, White Tiger molar, Blue Dragon Cintamani",1,bango-file,message.dat,10175
itemdesc,3826,Feather with strange but little power,1,bango-file,message.dat,10176
itemdesc,3827,Skin with strange but little power,1,bango-file,message.dat,10177
itemdesc,3828,Teeth with strange but little power,1,bango-file,message.dat,10178
itemdesc,3829,Bead with strange but little power,1,bango-file,message.dat,10179
itemdesc,3830,Item that can be freed from Rain poison of D'evah,1,bango-file,message.dat,10180
itemdesc,3831,"When you use Blood of Shiva for the D'evah, you have a chance to add 30 sec poison effect.",1,bango-file,message.dat,10181
itemdesc,3832,"A fast riding animal, you can move more quickly.",1,bango-file,message.dat,10183
itemdesc,3833,The moving speed slightly faster than the horse.,1,bango-file,message.dat,10184
itemdesc,3834,"Ancient wolf is Dire Wolf, it will run faster because agile.",1,bango-file,message.dat,10185
itemdesc,3835,"Ancient bear is Dire Bear, it will powerful and faster than we thought.",1,bango-file,message.dat,10186
itemdesc,3836,"Fierce Tiger is a symbol of bravery, and it runs a quick speed.",1,bango-file,message.dat,10187
itemdesc,3837,"Wolf is friendly to people, the advantage is fast speed.",1,bango-file,message.dat,10188
itemdesc,3838,"Faster than we thought is Bear, the speed is excellent.",1,bango-file,message.dat,10189
itemdesc,3839,"White Tiger is considered sacred, and it boasts a fast speed.",1,bango-file,message.dat,10190
itemdesc,3840,"A fast riding animal, you can move quickly.",1,bango-file,message.dat,10191
itemdesc,3849,"This is a sick rabbit. He is no problem running! #n#1 This event item will be deleted on 24th Nov, 2016. ",1,bango-file,message.dat,10195
itemdesc,3850,He is the most brave Turtle in the underwater palace of the Dragon King.,1,bango-file,message.dat,10198
itemdesc,3851,He is the fastest Turtle in the underwater palace of the Dragon King.,1,bango-file,message.dat,10200
itemdesc,3852,Turtle want to be like Rudolph of Santa.,1,bango-file,message.dat,10202
itemdesc,3853,He is a Turtle that led the dead people for 300 years.,1,bango-file,message.dat,10204
itemdesc,3854,"Turtle want to be like Rudolph of Santa.#n#1 This item will be delete 12th of Jan, 2017.",1,bango-file,message.dat,10206
itemdesc,3855,"#1This item will be delete 12th of Jan, 2017.",1,bango-file,message.dat,10208
itemdesc,3841,Normal#n<Executable Skill>#nThe following buff(s) apply by certain chance.#nIncreasing Attack : +7%%#nIncreasing Defense : +2%%#nIncresing rate of Explosive Blow : +1%%#nIncreasing Evasion : +1%%,1,bango-file,message.dat,10216
itemdesc,3842,Normal#n<Executable Skill>#nThe following buff(s) apply by certain chance.#nIncreasing Attack : +12%%#nIncreasing Defense : +3%%#nIncresing rate of Explosive Blow : +2%%#nIncreasing Evasion : +2%%,1,bango-file,message.dat,10218
itemdesc,3843,"A fast riding Dinosaurs, you can move quickly.",1,bango-file,message.dat,10220
itemdesc,3844,"Magically revived Dinosaurs, you can move quickly.",1,bango-file,message.dat,10222
itemdesc,3845,"A fast riding Battle Dinosaurs, you can move quickly.",1,bango-file,message.dat,10224
itemdesc,3846,"Magically revived Battle Dinosaurs, you can move quickly.",1,bango-file,message.dat,10226
itemdesc,3847,This bunny is running with a cute lags. They are really fast.,1,bango-file,message.dat,10228
itemdesc,3848,These are faster than normal bunny.,1,bango-file,message.dat,10230
itemdesc,3890,You may acquire Doggebi Weapon when you open the box.,1,bango-file,message.dat,10234
itemdesc,3891,You may acquire Doggebi Armor when you open the box.,1,bango-file,message.dat,10236
itemdesc,3893,You may acquire Dragon Weapon of Sky when you open the box.,1,bango-file,message.dat,10238
itemdesc,3895,You may acquire Golden Weapon when you open the box.,1,bango-file,message.dat,10240
itemdesc,3896,You may acquire Golden Armor when you open the box.,1,bango-file,message.dat,10242
itemdesc,3897,You may acquire Blood Dragon Weapon when you open the box.,1,bango-file,message.dat,10245
itemdesc,3898,You may acquire Blood Dragon Armor when you open the box.,1,bango-file,message.dat,10247
itemdesc,3899,you may acquire Moving one Scroll of Location and 20 Saving Scroll of Location you open the box.,1,bango-file,message.dat,10249
itemdesc,4607,Thank you for playing,1,bango-file,message.dat,10252
itemdesc,4998,"If you open Black Cube, you can get a random item.#n(various Limited-Edition items, Rare items, Black Tickets and etc.)#nPlease find special rules of Black Cube on homepage banner.",1,bango-file,message.dat,10254
itemdesc,4999,It's possible to trade special items by Black tickets.#nPlease find about special items Info on homepage.,1,bango-file,message.dat,10255
itemdesc,4004,"summer can makes you tired. fill with vitamin and water!#n#9 When used items, you can recovers Health point by 1000#n#1 This event item will be deleted on 13th Sep, 2018",1,bango-file,message.dat,10270
itemdesc,4005,"Enjoy a cool sherbet to blow the heat of summer!#n#9 When used items, you can recovers Magic point by 500#n#1 This event item will be deleted on 13th Sep, 2018",1,bango-file,message.dat,10271
itemdesc,4006,"watermelon punch is the best for the hot summer season! #n#9 when used, you can increase strength, agility +10 available for 1hour.#n#1 This event item will be deleted on 13th Sep, 2018",1,bango-file,message.dat,10272
itemdesc,4007,"Ice cream which made by watermelon is cool and sweet.  #n#9when used, you can increase intelligence, wisdom +10 available for 1hour.#n#1 This event item will be deleted on 13th Sep, 2018",1,bango-file,message.dat,10273
itemdesc,4008,"You can feel the flavor the watermelon and lemon.  #n#9when used, you can increase attack/magic +10%% available for 1hour.#n#1 This event item will be deleted on 13th Sep, 2018",1,bango-file,message.dat,10274
itemdesc,4070,"HP is recovered by 2,000",1,bango-file,message.dat,10279
itemdesc,4071,"It heals players automatically by 2,000pts when HP drops.",1,bango-file,message.dat,10280
itemdesc,4072,u???? ??u u???? 50%??? ???????.,1,bango-file,message.dat,10281
itemdesc,4073,u???? ??u u???? 75%??? ???????.,1,bango-file,message.dat,10282
itemdesc,4074,u???? ??u u???? 100%??? ???????.,1,bango-file,message.dat,10283
itemdesc,4075,u???? ??u u???? 50%??? ???????.,1,bango-file,message.dat,10284
itemdesc,4076,u???? ??u u???? 75%??? ???????.,1,bango-file,message.dat,10285
itemdesc,4077,u???? ??u u???? 100%??? ???????.,1,bango-file,message.dat,10286
itemdesc,5000,"If you buy Black Cube 10ea(package),#nyou can get a bonus (Black Symbol 1ea) by 100%.#nIt??s possible to trade Black Symbol I ~ V#nto special items from Black Manager(NPC).#nIf you have Black Symbol and Black Symbol I ~ V this time,#nyou can use the Black Symbols next time.",1,bango-file,message.dat,10292
itemdesc,5001,"If you buy Black Cube 10ea(package),#nyou can get a bonus (Black Symbol 1ea) by 100%.#nIt??s possible to trade Black Symbol I ~ V#nto special items from Black Manager(NPC).#nIf you have Black Symbol and Black Symbol I ~ V this time,#nyou can use the Black Symbols next time.",1,bango-file,message.dat,10293
itemdesc,5002,"If you buy Black Cube 10ea(package),#nyou can get a bonus (Black Symbol 1ea) by 100%.#nIt??s possible to trade Black Symbol I ~ V#nto special items from Black Manager(NPC).#nIf you have Black Symbol and Black Symbol I ~ V this time,#nyou can use the Black Symbols next time.",1,bango-file,message.dat,10294
itemdesc,5003,"If you buy Black Cube 10ea(package),#nyou can get a bonus (Black Symbol 1ea) by 100%.#nIt??s possible to trade Black Symbol I ~ V#nto special items from Black Manager(NPC).#nIf you have Black Symbol and Black Symbol I ~ V this time,#nyou can use the Black Symbols next time.",1,bango-file,message.dat,10295
itemdesc,5004,"If you buy Black Cube 10ea(package),#nyou can get a bonus (Black Symbol 1ea) by 100%.#nIt??s possible to trade Black Symbol I ~ V#nto special items from Black Manager(NPC).#nIf you have Black Symbol and Black Symbol I ~ V this time,#nyou can use the Black Symbols next time.",1,bango-file,message.dat,10296
itemdesc,5005,"If you buy Black Cube 10ea(package),#nyou can get a bonus (Black Symbol 1ea) by 100%.#nIf you use Black Symbol, you can get one of Black Symbol I~V.#nIt??s possible to trade Black Symbol I ~ V#nto special items from Black Manager(NPC).",1,bango-file,message.dat,10298
itemdesc,5203,Using enchant for costume. You can do with Blacksmith in geum-oh castle.,1,bango-file,message.dat,10300
itemdesc,5204,Using enchant for riding item. You can do with Blacksmith in geum-oh castle.,1,bango-file,message.dat,10301
itemdesc,5294,"When you open a pack, you will get Stone of EXP 35% (15 days) 1EA,#nStone of EXP for Ancient Animal 35% (15 days) 1EA, Power Stone 15EA#nScroll of High Perfect Defense 5EA and Grim Reaper (15days)",1,bango-file,message.dat,10304
itemdesc,5339,Type: Normal#n<Excutable Skill>#n,1,bango-file,message.dat,10305
itemdesc,5340,"When you open a pack, you will get Stone of EXP 35% (15 days) 1EA,#nStone of EXP for Ancient Animal 35% (15 days) 1EA, Power Stone 15EA#nScroll of High Perfect Defense 5EA#nGrim Reaper (15days) and Blessings of Asadal(30days)",1,bango-file,message.dat,10306
itemdesc,5342,Type: Normal #n <Passive> #n Increase EXP +5%,1,bango-file,message.dat,10309
itemdesc,5295,"When you open a pack, you will get#nStone of Plus EXP 10%(1days) 1EA,#nPlus Ancient Animal 10%(1days) 1EA, Power Stone 8EA,#nOTP Stone 8EA and Scroll of Perfect Defense 2EA",1,bango-file,message.dat,10312
itemdesc,5296,Gathering of EXP from monsters is increased by 10%.#n[This item duration is for 1 days.]#n(It can be used with another exp buffs.),1,bango-file,message.dat,10313
itemdesc,5297,1 Hour #n The total of Attack (physical / magic) is increased 30%.#n(It cannot be used with another attack buffs.),1,bango-file,message.dat,10314
itemdesc,5298,1 Hour #n On Target Point is increased by 30.#n(It cannot be used with another OTP buffs.),1,bango-file,message.dat,10315
itemdesc,5299,Gathering of Ancient Animal's EXP from monsters is increased by 10%.#n[This item duration is for 1 days.]#n(It can be used with another exp buffs.),1,bango-file,message.dat,10316
itemdesc,5125,"It is a ticket that calls for Merchant who buy and sell items.#nThis item is not available on Triangular Battle and Castle Siege, Protecting Leader,#nDuel Tournament, Suffering Valley, Island of the Battle Field,#nDestructing Key Points, Picture of Hell.#n#1This Item's duration is 5 minutes.",1,bango-file,message.dat,10318
itemdesc,3849,"This is a sick rabbit. He is no problem running! #n#1 This event item will be deleted on 23th Nov, 2016 ",2,bango-file,message.dat,10320
itemdesc,4000,"By Novice support Box, when used you can obtain the weapons and armors.",1,bango-file,message.dat,10322
itemdesc,4001,"By Novice support Box, when used you can obtain the weapons and armors.",1,bango-file,message.dat,10323
itemdesc,4002,"By Novice support Box, when used you can obtain the weapons and armors.",1,bango-file,message.dat,10324
itemdesc,4003,"By Novice support Box, when used you can obtain the weapons and armors.",1,bango-file,message.dat,10325
itemdesc,3999,Limited Pet(No buff),1,bango-file,message.dat,10326
itemdesc,4010,Scroll that go to a 1st Floor Shadow Dungeon #n made by D'evah of shadow based on Tower of D'evah.,1,bango-file,message.dat,10329
itemdesc,4011,Scroll that go to a 2nd Floor Shadow Dungeon #n made by D'evah of shadow based on Tower of D'evah.,1,bango-file,message.dat,10330
itemdesc,4013,Scroll that go to a 3F Shadow Dungeon #n made by D'evah of shadow based on Tower of D'evah.,1,bango-file,message.dat,10331
itemdesc,5300,"A Halloween candy that can be exchanged as Halloween Box#n#1 Account bound, no sell, no disassemble and no drop. Can be destroyed. #n#1 This event item will be deleted on 21st Nov, 2017",1,bango-file,message.dat,10335
itemdesc,5303,"This box that can get Halloween snack.#n#1 Account bound, no sell, no disassemble and no drop. Can be destroyed. #n#1 This event item will be deleted on 21st Nov, 2017",1,bango-file,message.dat,10336
itemdesc,5304,"When used Halloween Chocolate chip cookie, you can recovers Health point by 500.#n#1 Account bound, no sell, no disassemble and no drop. Can be destroyed. #n#1 This event item will be deleted on 21st Nov, 2017",1,bango-file,message.dat,10337
itemdesc,5305,"When used Halloween Pumpkin candy, you can increase 5 of WIS and Health states points for 30 mins.#n#1 Account bound, no sell, no disassemble and no drop. Can be destroyed. #n#1 This event item will be deleted on 21st Nov, 2017",1,bango-file,message.dat,10338
itemdesc,5306,"When used Halloween Chocolate Muffin, you can increase 5 of WIS and INT states points for 30 mins.#n#1 Account bound, no sell, no disassemble and no drop. Can be destroyed. #n#1 This event item will be deleted on 21st Nov, 2017",1,bango-file,message.dat,10339
itemdesc,5307,"When used Halloween Banana candy, you can increase 5 of WIS and STR states points for 30 mins.#n#1 Account bound, no sell, no disassemble and no drop. Can be destroyed. #n#1 This event item will be deleted on 21st Nov, 2017",1,bango-file,message.dat,10340
itemdesc,5308,"When used Halloween Apple candy, you can increase 5 of WIS and AGI states points for 30 mins.#n#1 Account bound, no sell, no disassemble and no drop. Can be destroyed. #n#1 This event item will be deleted on 21st Nov, 2017",1,bango-file,message.dat,10341
itemdesc,5309,"When used Halloween Green grape candy, you can increase 500 Health points for 30 mins.#n#1 Account bound, no sell, no disassemble and no drop. Can be destroyed. #n#1 This event item will be deleted on 21st Nov, 2017",1,bango-file,message.dat,10342
itemdesc,5310,"Halloween Pumpkin mask can be used for 7 days. .#n#1 Account bound, no sell, no disassemble and no drop. Can be destroyed. #n#1 This event item will be deleted on 21st Nov, 2017",1,bango-file,message.dat,10345
itemdesc,5311,"Halloween ghost Pumpkin mask can be used for 7 days. .#n#1 Account bound, no sell, no disassemble and no drop. Can be destroyed. #n#1 This event item will be deleted on 21st Nov, 2017",1,bango-file,message.dat,10346
itemdesc,5312,"Halloween Pumpkin pet #n#1 Account bound, no sell, no disassemble and no drop. Can be destroyed. #n#1 This event item will be deleted on 21st Nov, 2017",1,bango-file,message.dat,10347
itemdesc,5313,"When you eat a Green beans,#nit will increase 5 of Wisdom and Intellect for 30 mins. #n#1 This event item will be deleted of 15th of Dec, 2016.",1,bango-file,message.dat,10353
itemdesc,5314,"When you eat a Mesh potato,#nit will increase 5 of Wisdom and Strength for 30 mins. #n#1 This event item will be deleted of 15th of Dec, 2016.",1,bango-file,message.dat,10357
itemdesc,5315,"When you eat a Pumpkin pie,#nit will increase 5 of Wisdom and Agility for 30 mins. #n#1 This event item will be deleted of 15th of Dec, 2016.",1,bango-file,message.dat,10361
itemdesc,5316,"When you eat a Candied Yams,#nit will increase 500 of Health for 30 mins. #n#1 This event item will be deleted of 15th of Dec, 2016.",1,bango-file,message.dat,10365
itemdesc,5317,"The Empty Box used for Christmas Gift#n#1This event item will be deleted on 12th of Jan, 2017.",1,bango-file,message.dat,10370
itemdesc,5318,"The ribbon used for Christmas Gift#n#1This event item will be deleted on 12th of Jan, 2017.",1,bango-file,message.dat,10373
itemdesc,5319,"The Wrapping Paper used for Christmas Gift#n#1This event item will be deleted on 12th of Jan, 2017.",1,bango-file,message.dat,10377
itemdesc,5320,"Scroll that can summon Thief Santa #n#1 This event item will be deleted on 12th of Jan, 2017.",1,bango-file,message.dat,10381
itemdesc,5321,"The bag containing stolen items by Thief Santa #n#1 This event item will be deleted on 12th of Jan, 2017.",1,bango-file,message.dat,10384
itemdesc,5322,"You can revive from the place#nwhere you got killed with 20% of EXP loss.#n#1This event item will be deleted on 12th of Jan, 2017.",1,bango-file,message.dat,10389
itemdesc,5323,"Christmas Roll Cake#nEffect: it will recovery 500 Health point.#n#1This event item will be deleted on 12th of Jan, 2017.",1,bango-file,message.dat,10392
itemdesc,5324,"Gathering of EXP from monsters is increased by 30%.#n#1[This item is good for 1 day.]#n#1 This event item will be deleted on 12th of Jan, 2017.",1,bango-file,message.dat,10395
itemdesc,7860,"Gathering of EXP from monsters is increased by 30%.#n#1[This item is good for 1 day.]#n#1 This event item will be deleted on 28th of June, 2018.",1,bango-file,message.dat,10396
itemdesc,5325,"You are able to utilize the energy of Asadal, 'The Land of Origins'.#n[This item is good for 1 day.]#n#1This event item will be deleted on 12th of Jan, 2017.",1,bango-file,message.dat,10400
itemdesc,5326,"Gathering of EXP for Ancient Animal is increased by 30%.#n#1[This item is good for 1 day.]#n#1This event item will be deleted on 12th of Jan, 2017.",1,bango-file,message.dat,10403
itemdesc,5327,"EXP gained at E-mok Island is increased by 10%.#nBy using this item, you can stay in E-mok Island 1 hour longer.#n#1This event item will be deleted on 12th of Jan, 2017.",1,bango-file,message.dat,10407
itemdesc,5328,"Your character moves to the target.#n#1This item will be deleted on 12th of Jan, 2017.",1,bango-file,message.dat,10410
itemdesc,5328,"#1This item will be deleted on 12th of Jan, 2017.",2,bango-file,message.dat,10413
itemdesc,5330,"#1This item will be deleted on 11th of Jan, 2017.",1,bango-file,message.dat,10416
itemdesc,5331,Type: Normal#n<Excutable Skill>#nAttack damage +10%,1,bango-file,message.dat,10419
itemdesc,5332,Type: Normal#n<Excutable Skill>#nExplosive Blow percentage +7%,1,bango-file,message.dat,10420
itemdesc,5333,Type: Normal#n<Excutable SkiRll>#nEva +5%,1,bango-file,message.dat,10421
itemdesc,5334,Type: Normal#n<Excutable Skill>#nDEF +12%,1,bango-file,message.dat,10422
itemdesc,5335,Type: Normal#n<Excutable Skill>#nAttack damage +10%#nExplosive Blow percentage +7%,1,bango-file,message.dat,10423
itemdesc,5336,Type: Normal#n<Excutable Skill>#nEva +5%#nDEF +12%,1,bango-file,message.dat,10424
itemdesc,5337,Type: Normal#n<Excutable Skill>#nAttack damage +10%#nExplosive Blow percentage +7%#nEva +5%#nDEF +12%,1,bango-file,message.dat,10425
itemdesc,5338,A god who gives death to a monster. It is DLC only pet.,1,bango-file,message.dat,10427
itemdesc,7000,Scroll that extends the inventory slot. 6 slots are permanently extended.,1,bango-file,message.dat,10430
itemdesc,7001,Scroll that extends the inventory slot. 36 slots are expanded for 10 min.,1,bango-file,message.dat,10431
itemdesc,7002,Scroll that extends the inventory slot. 36 slots are expanded for 1 hour.,1,bango-file,message.dat,10432
itemdesc,7003,Scroll that extends the inventory slot. 36 slots are expanded for 1 day.,1,bango-file,message.dat,10433
itemdesc,7004,Scroll that extends the inventory slot. 36 slots are expanded for 30 day.,1,bango-file,message.dat,10434
itemdesc,7060,"Gathering of EXP from monsters is increased by 45%.#n Increased magic attack +30% .#n Increased Intelligence +10, Wisdom +10.",1,bango-file,message.dat,10437
itemdesc,6501,Slot to register Gold's Weapon & Sky Dragon's Weapon,1,bango-file,message.dat,10440
itemdesc,6502,Slot to register Blood Dragon's Weapon,1,bango-file,message.dat,10441
itemdesc,6503,Slot to register Heavenly Executioner Weapon,1,bango-file,message.dat,10442
itemdesc,6504,Slot to register Infernal Destroyer Weapon,1,bango-file,message.dat,10443
itemdesc,6505,Slot to register Dark Shadow Weapon,1,bango-file,message.dat,10444
itemdesc,6506,Slot to register Golden Armor,1,bango-file,message.dat,10445
itemdesc,6507,Slot to register Blood Dragon's Armor,1,bango-file,message.dat,10446
itemdesc,6508,Slot to register Heavenly Executioner Armor,1,bango-file,message.dat,10447
itemdesc,6509,Slot to register Infernal Destroyer Armor,1,bango-file,message.dat,10448
itemdesc,6510,Slot to register Dark Shadow Armor,1,bango-file,message.dat,10449
itemdesc,6516,A slot for registering Demon Vulgar ,1,bango-file,message.dat,10451
itemdesc,6517,A slot for registering Demon Carcass Scavenger ,1,bango-file,message.dat,10452
itemdesc,6518,A slot for registering Demon Water Dragon ,1,bango-file,message.dat,10453
itemdesc,6519,A slot for registering Devil Soldier ,1,bango-file,message.dat,10454
itemdesc,6520,A slot for registering Giant Doggebi ,1,bango-file,message.dat,10455
itemdesc,6521,A slot for registering Assassin who killed Yong-Chun ,1,bango-file,message.dat,10456
itemdesc,6522,A slot for registering Chief of Angry Doggebi Troop ,1,bango-file,message.dat,10457
itemdesc,6523,"A slot for registering Chief of the Traitor's Hangout, Yoong-Gi ",1,bango-file,message.dat,10458
itemdesc,6524,A slot for registering Devil Troop of Desire,1,bango-file,message.dat,10460
itemdesc,6525,A slot for registering Devil Troop of Pain,1,bango-file,message.dat,10461
itemdesc,6526,A slot for registering Maid of Honor of the Royal Tomb,1,bango-file,message.dat,10462
itemdesc,6527,A slot for registering High Class Doggebi with a Mask of Black Crow,1,bango-file,message.dat,10463
itemdesc,6600,A box that can acquire the Blood Dragon's level Weapon,1,bango-file,message.dat,10466
itemdesc,6601,A box that can acquire the Heavenly Executioner level Weapon,1,bango-file,message.dat,10467
itemdesc,6602,A box that can acquire the Infernal Destroyer level Weapon,1,bango-file,message.dat,10468
itemdesc,6603,A box that can acquire the Dark Shadow level Weapon,1,bango-file,message.dat,10469
itemdesc,6604,A box that can acquire the Blood Dragon's level Weapon [only Knight],1,bango-file,message.dat,10470
itemdesc,6605,A box that can acquire the Heavenly Executioner level Weapon [only Knight],1,bango-file,message.dat,10471
itemdesc,6606,A box that can acquire the Infernal Destroyer level Weapon [only Knight],1,bango-file,message.dat,10472
itemdesc,6607,A box that can acquire the Dark Shadow level Weapon [only Knight],1,bango-file,message.dat,10473
itemdesc,6608,A box that can acquire the Blood Dragon's level Weapon [only Magician],1,bango-file,message.dat,10474
itemdesc,6609,A box that can acquire the Heavenly Executioner level Weapon [only Magician],1,bango-file,message.dat,10475
itemdesc,6610,A box that can acquire the Infernal Destroyer level Weapon [only Magician],1,bango-file,message.dat,10476
itemdesc,6611,A box that can acquire the Dark Shadow level Weapon [only Magician],1,bango-file,message.dat,10477
itemdesc,6612,A box that can acquire the Blood Dragon's level Weapon [only Archer],1,bango-file,message.dat,10478
itemdesc,6613,A box that can acquire the Heavenly Executioner level Weapon [only Archer],1,bango-file,message.dat,10479
itemdesc,6614,A box that can acquire the Infernal Destroyer level Weapon [only Archer],1,bango-file,message.dat,10480
itemdesc,6615,A box that can acquire the Dark Shadow level Weapon [only Archer],1,bango-file,message.dat,10481
itemdesc,6616,A box that can acquire the Blood Dragon's level Weapon [only Thief],1,bango-file,message.dat,10482
itemdesc,6617,A box that can acquire the Heavenly Executioner level Weapon [only Thief],1,bango-file,message.dat,10483
itemdesc,6618,A box that can acquire the Infernal Destroyer level Weapon [only Thief],1,bango-file,message.dat,10484
itemdesc,6619,A box that can acquire the Dark Shadow level Weapon [only Thief],1,bango-file,message.dat,10485
itemdesc,6620,A box that can acquire the Blood Dragon's level Armor,1,bango-file,message.dat,10486
itemdesc,6621,A box that can acquire the Heavenly Executioner level Armor,1,bango-file,message.dat,10487
itemdesc,6622,A box that can acquire the Infernal Destroyer level Armor,1,bango-file,message.dat,10488
itemdesc,6623,A box that can acquire the Dark Shadow level Armor,1,bango-file,message.dat,10489
itemdesc,6624,A box that can acquire the Blood Dragon's level Armor [only Knight],1,bango-file,message.dat,10490
itemdesc,6625,A box that can acquire the Heavenly Executioner level Armor [only Knight],1,bango-file,message.dat,10491
itemdesc,6626,A box that can acquire the Infernal Destroyer level Armor [only Knight],1,bango-file,message.dat,10492
itemdesc,6627,A box that can acquire the Dark Shadow level Armor [only Knight],1,bango-file,message.dat,10493
itemdesc,6628,A box that can acquire the Blood Dragon's level Armor [only Magician],1,bango-file,message.dat,10494
itemdesc,6629,A box that can acquire the Heavenly Executioner level Armor [only Magician],1,bango-file,message.dat,10495
itemdesc,6630,A box that can acquire the Infernal Destroyer level Armor [only Magician],1,bango-file,message.dat,10496
itemdesc,6631,A box that can acquire the Dark Shadow level Armor [only Magician],1,bango-file,message.dat,10497
itemdesc,6632,A box that can acquire the Blood Dragon's level Armor [only Archer],1,bango-file,message.dat,10498
itemdesc,6633,A box that can acquire the Heavenly Executioner level Armor [only Archer],1,bango-file,message.dat,10499
itemdesc,6634,A box that can acquire the Infernal Destroyer level Armor [only Archer],1,bango-file,message.dat,10500
itemdesc,6635,A box that can acquire the Dark Shadow level Armor [only Archer],1,bango-file,message.dat,10501
itemdesc,6636,A box that can acquire the Blood Dragon's level Armor [only Thief],1,bango-file,message.dat,10502
itemdesc,6637,A box that can acquire the Heavenly Executioner level Armor [only Thief],1,bango-file,message.dat,10503
itemdesc,6638,A box that can acquire the Infernal Destroyer level Armor [only Thief],1,bango-file,message.dat,10504
itemdesc,6639,A box that can acquire the Dark Shadow level Armor [only Thief],1,bango-file,message.dat,10505
itemdesc,6640,Soul use in the production of Blood Dragon's level equipment,1,bango-file,message.dat,10506
itemdesc,6641,Soul use in the production of Heavenly Executioner level equipment,1,bango-file,message.dat,10507
itemdesc,6642,Soul use in the production of Infernal Destroyer level equipment,1,bango-file,message.dat,10508
itemdesc,6643,Soul use in the production of Dark Shadow level equipment,1,bango-file,message.dat,10509
itemdesc,6644,Soul use in the production of Blood Dragon's level equipment [only Knight],1,bango-file,message.dat,10510
itemdesc,6645,Soul use in the production of Heavenly Executioner level equipment [only Magician],1,bango-file,message.dat,10511
itemdesc,6646,Soul use in the production of Infernal Destroyer level equipment [only Archer],1,bango-file,message.dat,10512
itemdesc,6647,Soul use in the production of Thief Dark Shadow level equipment [only Thief],1,bango-file,message.dat,10513
itemdesc,6648,Piece that can create Blood Dragon's Soul,1,bango-file,message.dat,10514
itemdesc,6649,Piece that can create Heavenly Executioner's Soul,1,bango-file,message.dat,10515
itemdesc,6650,Piece that can create Infernal Destroyer's Soul,1,bango-file,message.dat,10516
itemdesc,6651,Piece that can create Dark Shadow's Soul,1,bango-file,message.dat,10517
itemdesc,6700,"A fast riding animal, you can move more quickly.#n#1Character bound, Cannot be decompostiton, Cannot be sell",1,bango-file,message.dat,10521
itemdesc,6701,"Recover 300 point of health. #n#1Character bound, Cannot be decompostiton, Cannot be sell",1,bango-file,message.dat,10522
itemdesc,6702,"The items need the essence's ability ot awaken. #n#1 Character bound, Cannot be decompostiton, Cannot be sell",1,bango-file,message.dat,10523
itemdesc,6715,"Recover 500 point of health. #n#1 Account bound, Cannot be decompostiton, Cannot be sell",1,bango-file,message.dat,10524
itemdesc,6716,Draining the enemy's HP as much as your damage to the enemy #nwith 10% activity percentage. #nIt consumes one whenever the absorbing is activated.,1,bango-file,message.dat,10525
itemdesc,6717,"Absorbing the enemy's attack with 10% activity percentage. #nIt consumes one whenever the absorbing is activated. #n#1 Account bound, Cannot be decompostiton, Cannot be sell",1,bango-file,message.dat,10526
itemdesc,6718,"The buff Comeback user's bless #nthat helps hunt lasts 15 days. #n#1 Account bound, Cannot be decompostiton, Cannot be sell The buff",1,bango-file,message.dat,10527
itemdesc,6719,"Wolf is friendly to people, the advantage is fast speed. #n#1 Account bound, Cannot be decompostiton, Cannot be sell",1,bango-file,message.dat,10528
itemdesc,6724,"You can share with the mysterious Asadal's energy in 'The Land of Origins'. #n#1 Account bound, Cannot be decompostiton, Cannot be sell",1,bango-file,message.dat,10529
itemdesc,6725,"Gathering of EXP from monsters is increased by 30%. [This item is good for 30 days.] #n#1 Account bound, Cannot be decompostiton, Cannot be sell",1,bango-file,message.dat,10530
itemdesc,6726,"Gathering of money from monsters is increased by 20%. But it's not effective when you're in a party. It only effects to the one who used. [This item good for 30 days.] #n#1 Account bound, Cannot be decompostiton, Cannot be sell",1,bango-file,message.dat,10531
itemdesc,6727,"Increase Ancient Animal's EXP additionally by 30%. [This item is good for 30 days.] #n#1 Account bound, Cannot be decompostiton, Cannot be sell",1,bango-file,message.dat,10532
itemdesc,6728,1 Hour #n The total of Attack (physical / magic) is increased 30%. #n (It cannot be used with another attack buffs.,1,bango-file,message.dat,10533
itemdesc,6730,"Your character moves to the target location immediately. #n#1 Account bound, Cannot be decompostiton, Cannot be sell",1,bango-file,message.dat,10535
itemdesc,6731,"Type:  Normal #n<Excutable Skill>#n Activated with a certain probability #n Attack damage+2%% %1 #nExplosive Blow percentage+4%% %1 #nDEF+3%% %1 #n#1Cannot be decompostiton, Cannot be sell",1,bango-file,message.dat,10536
itemdesc,6732,G2 Memorial Event Pet,1,bango-file,message.dat,10537
itemdesc,6735,"This support Box for a comeback player.  #n#1 Account bound, Cannot be decompostiton, Cannot be sell",1,bango-file,message.dat,10540
itemdesc,6736,"A player can obtain this support Box when a player login a game during the event period. #n#1 Account bound, Cannot be decompostiton, Cannot be sell ",1,bango-file,message.dat,10541
itemdesc,6737,G2 Open server Welcome Pack,1,bango-file,message.dat,10542
itemdesc,6759,Comeback Ticket,1,bango-file,message.dat,10543
itemdesc,6760,Comeback Ticket,1,bango-file,message.dat,10544
itemdesc,7500,"Glow Support Box for new players #n#1Character Bound, Not Sell, Not Drop",1,bango-file,message.dat,10548
itemdesc,7501,"Glow Support Box for new players LV15 #n#1Character Bound, Not Sell, Not Drop",1,bango-file,message.dat,10549
itemdesc,7502,"Glow Support Box for new players LV30 #n#1Character Bound, Not Sell, Not Drop",1,bango-file,message.dat,10550
itemdesc,7503,"Glow Support Box for new players LV40 #n#1Character Bound, Not Sell, Not Drop",1,bango-file,message.dat,10551
itemdesc,7504,"Glow Support Box for new players LV50 #n#1Character Bound, Not Sell, Not Drop",1,bango-file,message.dat,10552
itemdesc,7505,"Glow Support Box for new players LV60 #n#1Character Bound, Not Sell, Not Drop",1,bango-file,message.dat,10553
itemdesc,7506,"Recover HP 300 #n#1 Character Bound, Not Sell, Not Drop ",1,bango-file,message.dat,10554
itemdesc,7507,"Recover HP 500 #n#1 Character Bound, Not Sell, Not Drop ",1,bango-file,message.dat,10555
itemdesc,7508,"It's possible to move fast by riding.#n#1Character Bound, Not Sell, Not Drop",1,bango-file,message.dat,10556
itemdesc,7509,"A 10%% bonus to magic attack for 1 hour#n#1Character Bound, Not Sell, Not Drop",1,bango-file,message.dat,10557
itemdesc,7510,"A life-stealing attack to the Hero by 10%% rate.#n#1Character Bound, Not Sell, Not Drop",1,bango-file,message.dat,10558
itemdesc,7511,"Adds +10 INT&WIS for 1 hour#n#1Character Bound, Not Sell, Not Drop",1,bango-file,message.dat,10559
itemdesc,7512,"The Angel of Death has an auto pick skill.#n#1Character Bound, Not Sell, Not Drop",1,bango-file,message.dat,10560
itemdesc,7600,A material for costume enchant #n You can enchant with Blacksmith at Temporary Fort of Geum-Ohee Castle.,1,bango-file,message.dat,10565
itemdesc,7601,A material for costume enchant,1,bango-file,message.dat,10566
itemdesc,7602,You can equipied your weapon item(giant sword/sword) with a teddy bear sword together #n An orignal opetion can be increased by enchant. And there is a special option. ,1,bango-file,message.dat,10567
itemdesc,7603,You can equipied your weapon item with a teddy bear Bow together #n An orignal opetion can be increased by enchant. And there is a special option. ,1,bango-file,message.dat,10568
itemdesc,7604,You can equipied your weapon item with a teddy bear Stick together #n An orignal opetion can be increased by enchant. And there is a special option. ,1,bango-file,message.dat,10569
itemdesc,7605,You can equipied your weapon item with a teddy bear dagger together #n An orignal opetion can be increased by enchant. And there is a special option. ,1,bango-file,message.dat,10570
itemdesc,7606,You can equipied your weapon item with a teddy bear Taegeukseon together #n An orignal opetion can be increased by enchant. And there is a special option. ,1,bango-file,message.dat,10571
itemdesc,7607,You can equipied your weapon item(giant sword/sword) with a special teddy bear sword together #n An orignal High opetion can be increased by enchant. And there is a special option. ,1,bango-file,message.dat,10572
itemdesc,7608,You can equipied your weapon item with a special teddy bear Bow together #n An orignal High opetion can be increased by enchant. And there is a special option. ,1,bango-file,message.dat,10573
itemdesc,7609,You can equipied your weapon item with a special teddy bear Stick together #n An orignal High opetion can be increased by enchant. And there is a special option. ,1,bango-file,message.dat,10574
itemdesc,7610,You can equipied your weapon item with a special teddy bear dagger together #n An orignal High opetion can be increased by enchant. And there is a special option. ,1,bango-file,message.dat,10575
itemdesc,7611,You can equipied your weapon item with a special teddy bear Taegeukseon together #n An orignal High opetion can be increased by enchant. And there is a special option. ,1,bango-file,message.dat,10576
itemdesc,7612,A Box can obtain a costume enchant stone between 1 to 5 randomly.,1,bango-file,message.dat,10577
itemdesc,7613,A box contains a T-bear sword,1,bango-file,message.dat,10578
itemdesc,7614,A box contains a T-bear Bow,1,bango-file,message.dat,10579
itemdesc,7615,A box contains a T-bear Stick,1,bango-file,message.dat,10580
itemdesc,7616,A box contains a T-bear dagger,1,bango-file,message.dat,10581
itemdesc,7617,A box contains a T-bear Taegeukseon,1,bango-file,message.dat,10582
itemdesc,7618,A Box can obtain a costume enchant stone between 6 to 10 randomly.,1,bango-file,message.dat,10583
itemdesc,7619,You can equipied your weapon item(giant sword/sword) with a skull sword together #n An orignal opetion can be increased by enchant. And there is a special option. ,1,bango-file,message.dat,10585
itemdesc,7620,You can equipied your weapon item with a skull Bow together #n An orignal opetion can be increased by enchant. And there is a special option. ,1,bango-file,message.dat,10586
itemdesc,7621,You can equipied your weapon item with a skull Stick together #n An orignal opetion can be increased by enchant. And there is a special option. ,1,bango-file,message.dat,10587
itemdesc,7622,You can equipied your weapon item with a skull dagger together #n An orignal opetion can be increased by enchant. And there is a special option. ,1,bango-file,message.dat,10588
itemdesc,7623,You can equipied your weapon item with a skull Taegeukseon together #n An orignal opetion can be increased by enchant. And there is a special option. ,1,bango-file,message.dat,10589
itemdesc,7624,You can equipied your weapon item(giant sword/sword) with a special skull sword together #n An orignal High opetion can be increased by enchant. And there is a special option. ,1,bango-file,message.dat,10590
itemdesc,7625,You can equipied your weapon item with a special skull Bow together #n An orignal High opetion can be increased by enchant. And there is a special option. ,1,bango-file,message.dat,10591
itemdesc,7626,You can equipied your weapon item with a special skull Stick together #n An orignal High opetion can be increased by enchant. And there is a special option. ,1,bango-file,message.dat,10592
itemdesc,7627,You can equipied your weapon item with a special skull dagger together #n An orignal High opetion can be increased by enchant. And there is a special option. ,1,bango-file,message.dat,10593
itemdesc,7628,You can equipied your weapon item with a special skull Taegeukseon together #n An orignal High opetion can be increased by enchant. And there is a special option. ,1,bango-file,message.dat,10594
itemdesc,7629,A box contains a Blood Bone sword,1,bango-file,message.dat,10596
itemdesc,7630,A box contains a Blood Bone Bow,1,bango-file,message.dat,10597
itemdesc,7631,A box contains a Blood Bone Stick,1,bango-file,message.dat,10598
itemdesc,7632,A box contains a Blood Bone dagger,1,bango-file,message.dat,10599
itemdesc,7633,A box contains a Blood Bone Taegeukseon,1,bango-file,message.dat,10600
itemdesc,7750,???? ?????? ?????,1,bango-file,message.dat,10604
itemdesc,7751,"When you open it, you will obtain items for combat needed. #n Power Stone 25ea #n Scroll of Perfect Defense 25ea #n OTP Stone 25ea #n Bead of Fire 5ea #n Perforation Shot 5ea #n Qigong Talisman 5ea #n Gun of Demon Gong 5ea #n Dragon Spirit Scroll 5ea #n Costume enchant stone 5ea #n White Tiger[15Day(s)]",1,bango-file,message.dat,10605
itemdesc,7754,"You are able to utilize the energy of Asadal, 'The Land of Origins'.#n[This item is good for 1 day.]#n#1Account bound, Cannot be decompostiton, Cannot be sell",1,bango-file,message.dat,10608
itemdesc,7755,"Silver Coin.#nYou can earn 100,000Geon when sell to NPC.#nOnly sell this silver coin to NPC merchants.",1,bango-file,message.dat,10610
itemdesc,7756,Piece of Dark Shadow Shield #n Can be exchanged 500 Pieces of Dark Shadow Shield to Dark Shadow Shield from [Event] NPC Black.,1,bango-file,message.dat,10611
itemdesc,7759,"When you open a box, you can obtain Dark Shadow Shield.#nAfter you open a box, Dark Shadow Shield will be account bounded.#nYou cannot sell, send, or trade this item to other accounts.",1,bango-file,message.dat,10612
itemdesc,7700,A pet can summon Demon Vulgar #n A monster pet has random buff #n It is a possible to equipped with other pets together.,1,bango-file,message.dat,10614
itemdesc,7701,A pet can summon Demon Carcass Scavenger #n A monster pet has random buff #n It is a possible to equipped with other pets together.,1,bango-file,message.dat,10615
itemdesc,7702,A pet can summon Demon Water Dragon #n A monster pet has random buff #n It is a possible to equipped with other pets together.,1,bango-file,message.dat,10616
itemdesc,7703,A pet can summon Devil Soldier #n A monster pet has random buff #n It is a possible to equipped with other pets together.,1,bango-file,message.dat,10617
itemdesc,7704,A pet can summon Giant Doggebi #n A monster pet has random buff #n It is a possible to equipped with other pets together.,1,bango-file,message.dat,10618
itemdesc,7705,A pet can summon Assassin who killed Yong-Chun #n A monster pet has random buff #n It is a possible to equipped with other pets together.,1,bango-file,message.dat,10619
itemdesc,7706,A pet can summon Chief of Angry Doggebi Troop #n A monster pet has random buff #n It is a possible to equipped with other pets together.,1,bango-file,message.dat,10620
itemdesc,7707,"A pet can summon Chief of the Traitor's Hangout, Yoong-Gi  #n A monster pet has random buff #n It is a possible to equipped with other pets together.",1,bango-file,message.dat,10621
itemdesc,7708,A needed Demon Vulgar Soul for creating Demon Vulgar pet. #n You can obtain a soul from Demon types monsters,1,bango-file,message.dat,10622
itemdesc,7709,A needed Demon Carcass Scavenger Soul for creating Demon Vulgar pet. #n You can obtain a soul from Demon types monsters,1,bango-file,message.dat,10623
itemdesc,7710,A needed Demon Water Dragon Soul for creating Demon Vulgar pet. #n You can obtain a soul from Demon Water Dragon,1,bango-file,message.dat,10624
itemdesc,7711,A needed Devil Soldier Soul for creating Demon Vulgar pet. #n You can obtain a soul from Devil Soldier ,1,bango-file,message.dat,10625
itemdesc,7712,A needed Giant Doggebi Soul for creating Demon Vulgar pet. #n You can obtain a soul from Giant Doggebi ,1,bango-file,message.dat,10626
itemdesc,7713,A needed Assassin who killed Yong-Chun Soul for creating Demon Vulgar pet. #n You can obtain a soul from Assassin who killed Yong-Chun Soul,1,bango-file,message.dat,10627
itemdesc,7714,A needed Chief of Angry Doggebi Troop Soul for creating Demon Vulgar pet. #n You can obtain a soul from Chief of Angry Doggebi Troop,1,bango-file,message.dat,10628
itemdesc,7715,"A needed Chief of the Traitor's Hangout, Yoong-Gi Soul for creating Demon Vulgar pet. #n You can obtain a soul from Chief of the Traitor's Hangout, Yoong-Gi",1,bango-file,message.dat,10629
itemdesc,7716,A neccessary Talisman when you create a monster pet with monster souls. ,1,bango-file,message.dat,10630
itemdesc,7717,A box can obtain a premium monster pet randomly.,1,bango-file,message.dat,10631
itemdesc,7718,A needed monster pet Talisman for creating a pet with 3  premium monster pets. #n You can buy a honor shop in Narootuh village,1,bango-file,message.dat,10632
itemdesc,7719,A pet can summon Devil Troop of Desire#n A monster pet has random buff #n It is a possible to equipped with other pets together.,1,bango-file,message.dat,10634
itemdesc,7720,A pet can summon Devil Troop of Pain#n A monster pet has random buff #n It is a possible to equipped with other pets together.,1,bango-file,message.dat,10635
itemdesc,7721,A pet can summon Maid of Honor of the Royal Tomb#n A monster pet has random buff #n It is a possible to equipped with other pets together.,1,bango-file,message.dat,10636
itemdesc,7722,A pet can summon High Class Doggebi with a Mask of Black Crow#n A monster pet has random buff #n It is a possible to equipped with other pets together.,1,bango-file,message.dat,10637
itemdesc,7723,A needed Devil Troop of Desire Soul#nfor creating Demon Vulgar pet. #n You can obtain a soul from#nDevil Troop of Desire ,1,bango-file,message.dat,10638
itemdesc,7724,A needed Devil Troop of Pain Soul#nfor creating Demon Vulgar pet. #n You can obtain a soul from#nDevil Troop of Pain ,1,bango-file,message.dat,10639
itemdesc,7725,A needed Maid of Honor of the Royal Tomb Soul#nfor creating Demon Vulgar pet. #n You can obtain a soul from#nMaid of Honor of the Royal Tomb ,1,bango-file,message.dat,10640
itemdesc,7726,A needed High Class Doggebi with a Mask of Black Crow Soul#nfor creating Demon Vulgar pet. #n You can obtain a soul#nfrom High Class Doggebi with a Mask of Black Crow ,1,bango-file,message.dat,10641
itemdesc,7727,A box can obtain a#nAssassin who killed Yong-Chun Pet#nGiant Doggebi Pet#nMaid of Honor of the Royal Tomb Pet#nDevil Troop of Desire Pet randomly.,1,bango-file,message.dat,10642
itemdesc,7728,"A box can obtain a#nChief of Angry Doggebi Troop Pet#nChief of the Traitor's Hangout, Yoong-Gi Pet#nDevil Troop of Pain Pet#nHigh Class Doggebi with a Mask of Black Crow Pet randomly.",1,bango-file,message.dat,10643
itemdesc,7800,"If you use White Symbol, you can get one of#nWhite Symbol I ~ White Symbol V.#nIt??s possible to trade White Symbol I ~ V to#nspecial itemsfrom White Manager(NPC).#nIf you want more detail item list,#nplease visit to the homepage.",1,bango-file,message.dat,10653
itemdesc,7801,"If you use White Symbol, you can get one of#nWhite Symbol I ~ White Symbol V.#nIt??s possible to trade White Symbol I ~ V to#nspecial items from White Manager(NPC).#nIf you want more detail item list,#nplease visit to the homepage.",1,bango-file,message.dat,10654
itemdesc,7802,"If you use White Symbol, you can get one of#nWhite Symbol I ~ White Symbol V.#nIt??s possible to trade White Symbol I ~ V to#nspecial items from White Manager(NPC).#nIf you want more detail item list,#nplease visit to the homepage.",1,bango-file,message.dat,10655
itemdesc,7803,"If you use White Symbol, you can get one of#nWhite Symbol I ~ White Symbol V.#nIt??s possible to trade White Symbol I ~ V to#nspecial items from White Manager(NPC).#nIf you want more detail item list,#nplease visit to the homepage.",1,bango-file,message.dat,10656
itemdesc,7804,"If you use White Symbol, you can get one of#nWhite Symbol I ~ White Symbol V.#nIt??s possible to trade White Symbol I ~ V to#nspecial items from White Manager(NPC).#nIf you want more detail item list,#nplease visit to the homepage.",1,bango-file,message.dat,10657
itemdesc,7805,"If you buy White Cube 10ea(package),#nyou can get a bonus(White Symbol 1ea) by 100%.#nIf you use White Symbol, you can get one#nof White Symbol I ~ White Symbol V.#nIt??s possible to trade White Symbol I ~ V#nto special items from White Manager(NPC).#nWhite Symbol is bound item. And White Symbol I ~ V are unbound.#n(If you want more detail information,please visit to the homepage.)",1,bango-file,message.dat,10658
itemdesc,7806,"A pouch has one of Gun of Demon Gong, Water of Eight Trigrams, Bead of Fire,#nDragon Spirit Scroll , Qigong Talisman , Solvent for Removing Stone of Demon Gong,#nPerforation Shot item randomly.",1,bango-file,message.dat,10659
itemdesc,7807,"Blood Dragon of Soul,Heavenly Executioner of Soul,#nInfernal Destroyer of Soul,Dark Shadow of Soul#n item.  Some souls can be obtained more than 1 soul at once. ",1,bango-file,message.dat,10660
itemdesc,7808,"A pouch has one of Piece of Blood Dragon's Soul,#nPiece of Heavenly Executioner of Soul,#nPiece of Infernal Destroyer of Soul,#nPiece of Dark Shadow of Soul#n item.  Some Piece of souls can be obtained more than 1 soul at once.",1,bango-file,message.dat,10661
itemdesc,7809,White WA Box,1,bango-file,message.dat,10662
itemdesc,7810,"If you open White Cube, you can get a random item.#n(Various Limited-Edition items, Rare items, Soul items,#nGrade up items and etc??).#nPlease find special rules of White Cube on homepage banner.",1,bango-file,message.dat,10663
itemdesc,7850,1 Hour#nFinal damage from the monster is decreased by 10%.,1,bango-file,message.dat,10665
itemdesc,7851,1 Hour#nFinal Evasion Point is increased by 5.,1,bango-file,message.dat,10666
itemdesc,7852,Scroll that extends the inventory slot.#n36 slots are expanded for 30 day.,1,bango-file,message.dat,10667
itemdesc,7853,"HP is recovered by 2,000",1,bango-file,message.dat,10668
itemdesc,7854,Recover 500 Mana Point.,1,bango-file,message.dat,10669
itemdesc,7855,"When you open a box, You can obtain 5 [VIP] Pill.",1,bango-file,message.dat,10670
itemdesc,7856,"When you open a box, You can obtain 2 [VIP] Medium Magic Potion.",1,bango-file,message.dat,10671
itemdesc,7863,Gathering of EXP from monsters is increased by 50%.#n[This item is good for 15 days.],1,bango-file,message.dat,10676
itemdesc,7864,Increase Ancient Animal's EXP additionally by 50% for 15 day,1,bango-file,message.dat,10677
itemdesc,7865,"When you open a pack, you will get#nStone of Plus EXP 10%(3days) 1EA,#nPlus Ancient Animal 10%(3days) 1EA, Power Stone 15EA,#nOTP Stone 15EA and Scroll of Perfect Defense 2EA",1,bango-file,message.dat,10680
itemdesc,7866,Gathering of EXP from monsters is increased by 10%.#n[This item duration is for 3 days.]#n(It can be used with another exp buffs.),1,bango-file,message.dat,10681
itemdesc,7867,1 Hour #n The total of Attack (physical / magic) is increased 30%.#n(It cannot be used with another attack buffs.),1,bango-file,message.dat,10682
itemdesc,7868,1 Hour #n On Target Point is increased by 30.#n(It cannot be used with another OTP buffs.),1,bango-file,message.dat,10683
itemdesc,7869,Gathering of Ancient Animal's EXP from monsters is increased by 10%.#n[This item duration is for 3 days.]#n(It can be used with another exp buffs.),1,bango-file,message.dat,10684
itemdesc,7871,"A box can obtain one of Essence of fire, water, wood, iron, and earth element randomly. ",1,bango-file,message.dat,10688
itemdesc,7880,An assault captain used to ride this battle horse. You can fight when you ride on horse.,1,bango-file,message.dat,10690
itemdesc,7881,A brave captain used to ride this battle horse. You can fight when you ride on horse.,1,bango-file,message.dat,10692
itemdesc,7882,"This horse captured from wild nature. This horse still have a Wild instinct, so you can not have this horse for a long period. However, you can fight when you ride on horse.",1,bango-file,message.dat,10694
itemdesc,7883,This helmet can be equipied for only a battle horse. It will be increased for STR.,1,bango-file,message.dat,10696
itemdesc,7884,This helmet can be equipied for only a battle horse. It will be increased for INT.,1,bango-file,message.dat,10697
itemdesc,7885,This Armor can be equipied for only a battle horse. It will be increased for health.,1,bango-file,message.dat,10698
itemdesc,7886,This saddle can be equipied for only a battle horse. It will be increased for Defense.,1,bango-file,message.dat,10699
itemdesc,7887,This saddle cloth can be equipied for only a battle horse. It will be increased for Absorb. rate.,1,bango-file,message.dat,10700
itemdesc,7888,This magnet can be equipied for only a battle horse. It will be increased for EVA.,1,bango-file,message.dat,10701
itemdesc,7889,This helmet can be equipied for only a battle horse. It will be increased for STR.,1,bango-file,message.dat,10703
itemdesc,7890,This helmet can be equipied for only a battle horse. It will be increased for INT.,1,bango-file,message.dat,10704
itemdesc,7891,This Armor can be equipied for only a battle horse. It will be increased for health.,1,bango-file,message.dat,10705
itemdesc,7892,This saddle can be equipied for only a battle horse. It will be increased for Defense.,1,bango-file,message.dat,10706
itemdesc,7893,This saddle cloth can be equipied for only a battle horse. It will be increased for Absorb. rate.,1,bango-file,message.dat,10707
itemdesc,7894,This magnet can be equipied for only a battle horse. It will be increased for EVA.,1,bango-file,message.dat,10708
itemdesc,7895,This helmet can be equipied for only a battle horse. It will be increased for STR.,1,bango-file,message.dat,10710
itemdesc,7896,This helmet can be equipied for only a battle horse. It will be increased for INT.,1,bango-file,message.dat,10711
itemdesc,7897,This Armor can be equipied for only a battle horse. It will be increased for health.,1,bango-file,message.dat,10712
itemdesc,7898,This saddle can be equipied for only a battle horse. It will be increased for Defense.,1,bango-file,message.dat,10713
itemdesc,7899,This saddle cloth can be equipied for only a battle horse. It will be increased for Absorb. rate.,1,bango-file,message.dat,10714
itemdesc,7900,This magnet can be equipied for only a battle horse. It will be increased for EVA.,1,bango-file,message.dat,10715
itemdesc,7901,This helmet can be equipied for only a battle horse. It will be increased for STR.,1,bango-file,message.dat,10717
itemdesc,7902,This helmet can be equipied for only a battle horse. It will be increased for INT.,1,bango-file,message.dat,10718
itemdesc,7903,This Armor can be equipied for only a battle horse. It will be increased for health.,1,bango-file,message.dat,10719
itemdesc,7904,This saddle can be equipied for only a battle horse. It will be increased for Defense.,1,bango-file,message.dat,10720
itemdesc,7905,This saddle cloth can be equipied for only a battle horse. It will be increased for Absorb. rate.,1,bango-file,message.dat,10721
itemdesc,7906,This magnet can be equipied for only a battle horse. It will be increased for EVA.,1,bango-file,message.dat,10722
itemdesc,7907,This enchant stone can be enchant only for 1st Grade battle horse equipments,1,bango-file,message.dat,10724
itemdesc,7908,This enchant stone can be enchant only for 2nd Grade battle horse equipments,1,bango-file,message.dat,10725
itemdesc,7909,This enchant stone can be enchant only for 3rd Grade battle horse equipments,1,bango-file,message.dat,10726
itemdesc,7910,This enchant stone can be enchant only for 4th Grade battle horse equipments,1,bango-file,message.dat,10727
itemdesc,7911,You could obtain 1st Grade enchant stone from this box. You can get other item than enchant stone.,1,bango-file,message.dat,10729
itemdesc,7912,You could obtain 2nd Grade enchant stone from this box. You can get other item than enchant stone.,1,bango-file,message.dat,10730
itemdesc,7913,You could obtain 3rd Grade enchant stone from this box. You can get other item than enchant stone.,1,bango-file,message.dat,10731
itemdesc,7914,You could obtain 4th Grade enchant stone from this box. You can get other item than enchant stone.,1,bango-file,message.dat,10732
itemdesc,7915,You could obtain 1st or 2nd Grade enchant stone from this box randomly. ,1,bango-file,message.dat,10734
itemdesc,7916,You could obtain 1st to 3rd Grade enchant stone from this box randomly.,1,bango-file,message.dat,10735
itemdesc,7917,You could obtain 2nd to 3rd Grade enchant stone from this box randomly.,1,bango-file,message.dat,10736
itemdesc,7918,You could obtain 3rd to 4th Grade enchant stone from this box randomly.,1,bango-file,message.dat,10737
itemdesc,7919,You can get 1st Grade battle horse helmet or other items.,1,bango-file,message.dat,10739
itemdesc,7920,You can get 1st Grade battle horse Armor or other items.,1,bango-file,message.dat,10740
itemdesc,7921,You can get 1st Grade battle horse saddle or other items.,1,bango-file,message.dat,10741
itemdesc,7922,You can get 1st Grade battle horse saddle cloth or other items.,1,bango-file,message.dat,10742
itemdesc,7923,You can get 1st Grade battle horse magnet or other items.,1,bango-file,message.dat,10743
itemdesc,7924,You can get 2nd Grade battle horse helmet or other items.,1,bango-file,message.dat,10745
itemdesc,7925,You can get 2nd Grade battle horse Armor or other items.,1,bango-file,message.dat,10746
itemdesc,7926,You can get 2nd Grade battle horse saddle or other items.,1,bango-file,message.dat,10747
itemdesc,7927,You can get 2nd Grade battle horse saddle cloth or other items.,1,bango-file,message.dat,10748
itemdesc,7928,You can get 2nd Grade battle horse magnet or other items.,1,bango-file,message.dat,10749
itemdesc,7929,You can get 3rd Grade battle horse helmet or other items.,1,bango-file,message.dat,10751
itemdesc,7930,You can get 3rd Grade battle horse Armor or other items.,1,bango-file,message.dat,10752
itemdesc,7931,You can get 3rd Grade battle horse saddle or other items.,1,bango-file,message.dat,10753
itemdesc,7932,You can get 3rd Grade battle horse saddle cloth or other items.,1,bango-file,message.dat,10754
itemdesc,7933,You can get 3rd Grade battle horse magnet or other items.,1,bango-file,message.dat,10755
itemdesc,7934,You can get 4th Grade battle horse helmet or other items.,1,bango-file,message.dat,10757
itemdesc,7935,You can get 4th Grade battle horse Armor or other items.,1,bango-file,message.dat,10758
itemdesc,7936,You can get 4th Grade battle horse saddle or other items.,1,bango-file,message.dat,10759
itemdesc,7937,You can get 4th Grade battle horse saddle cloth or other items.,1,bango-file,message.dat,10760
itemdesc,7938,You can get 4th Grade battle horse magnet or other items.,1,bango-file,message.dat,10761
itemdesc,7939,You can obtain 1st Grade equipment from this box randomly. ,1,bango-file,message.dat,10764
itemdesc,7940,You can obtain 2nd Grade equipment from this box randomly.,1,bango-file,message.dat,10765
itemdesc,7941,You can obtain 3rd Grade equipment from this box randomly.,1,bango-file,message.dat,10766
itemdesc,7942,You can obtain 4th Grade equipment from this box randomly.,1,bango-file,message.dat,10767
itemdesc,7943,This Upgrade stone can be Upgrade only for 1st Grade battle horse equipments,1,bango-file,message.dat,10771
itemdesc,7944,This Upgrade stone can be Upgrade only for 2nd Grade battle horse equipments,1,bango-file,message.dat,10772
itemdesc,7945,This Upgrade stone can be Upgrade only for 3rd Grade battle horse equipments,1,bango-file,message.dat,10773
itemdesc,7946,This Upgrade stone can be Upgrade only for 4th Grade battle horse equipments,1,bango-file,message.dat,10774
itemdesc,7960,You could obtain 1st to 3rd Grade enchant stone from this box randomly.,1,bango-file,message.dat,10776
itemdesc,7970,"A football game with Fried Chicken.#nit can increase 5 of WIS and Health states points for 30 mins.#n#1Account bound, no sell, no disassemble and no drop.#n#1This event item will be deleted on 16th Aug, 2018",1,bango-file,message.dat,10778
itemdesc,7971,"A football game with Beer. #nit can increase 5 of WIS and INT states points for 30 mins.#n#1 Account bound, no sell, no disassemble and no drop.  #n#1 This event item will be deleted on 16th Aug, 2018 ",1,bango-file,message.dat,10779
itemdesc,7972,"A football game with Hotdog. #n it can increase 5 of WIS and STR states points for 30 mins.#n#1 Account bound, no sell, no disassemble and no drop.  #n#1 This event item will be deleted on 16th Aug, 2018 ",1,bango-file,message.dat,10780
itemdesc,7973,"A football game with Nacho. #n it can increase 5 of WIS and AGI states points for 30 mins.#n#1 Account bound, no sell, no disassemble and no drop.  #n#1 This event item will be deleted on 16th Aug, 2018 ",1,bango-file,message.dat,10781
itemdesc,7974,"HP is recovered by 2,000 #n#1 This event item will be deleted on 16th Aug, 2018 ",1,bango-file,message.dat,10782
itemdesc,7975,"Doggebi pill heals 2,000 points automatically when HP drops. #n#1 This event item will be deleted on 16th Aug, 2018 ",1,bango-file,message.dat,10783
itemdesc,7976,"Football Festival reward box #n#1 This event item will be deleted on 16th Aug, 2018 ",1,bango-file,message.dat,10784
itemdesc,7977,"Football Festival Event item for exchange reward item. #n You can exchange it via Su-Jung[NPC] at Narootuh. #n#1 This event item will be deleted on 16th Aug, 2018 ",1,bango-file,message.dat,10785
itemdesc,7978,"Football Festival memorial ticket. #n#1 This event item will be deleted on 16th Aug, 2018 ",1,bango-file,message.dat,10786
itemdesc,9999,Bison horn effected earth element,1,bango-file,message.dat,10789
itemdesc,9998,Swamp Zombie Nucleus effected water element,1,bango-file,message.dat,10790
itemdesc,9997,Gale Zombie nuclear effected wind element,1,bango-file,message.dat,10791
itemdesc,9996,"Teleport to the the Resting place of Dead person.#nFor all party members teleport if the leader used.#nIf used character is not leader, only individual character teleport.",1,bango-file,message.dat,10794
itemdesc,9995,Teleport to the the Resting place of Dead person.#nOnly for individual ,1,bango-file,message.dat,10795
itemdesc,9994,Heart of the wind.#nThis is a material of Dark Relics weapon.,1,bango-file,message.dat,10798
itemdesc,9993,A rib of a wind type Skeleton.#nThis is a material of Dark Relics upper armor.,1,bango-file,message.dat,10799
itemdesc,9992,A head bone of a wind type Skeleton.#nThis is a material of Dark Relics Helmet.,1,bango-file,message.dat,10800
itemdesc,9991,A stone figure of Land God's statue.#nThis is a material of Dark Relics upper armor.,1,bango-file,message.dat,10801
itemdesc,9990,A jar containing the energy of the Land.#nThis is a material of Dark Relics shorts.,1,bango-file,message.dat,10802
itemdesc,9989,The Land God's passed place.#nThis is a material of Dark Relics shoes.,1,bango-file,message.dat,10803
itemdesc,9988,The energy of the water is raging.#nThis is a material of Dark Relics weapon.,1,bango-file,message.dat,10804
itemdesc,9987,The sharp object of water energy.#nThis is a material of Dark Relics shorts.,1,bango-file,message.dat,10805
itemdesc,9986,The energy of the water seems to be rubbing.#nThis is a material of Dark Relics gloves.,1,bango-file,message.dat,10806
itemdesc,7985,"It made with watermelon skin.#nWhen you wear it, you can feel a watermelon flavor.#nIt might be a little stuffy.#n#1 This event item will be deleted on 13th Sep, 2018",1,bango-file,message.dat,10809
itemdesc,13001,You can be an Assassin(PK will be enabled) with this item.#nQuick fight ~ lasts 10 minutes.,1,bango-file,message.dat,10811
itemdesc,13004,"You can find various items and magic boost inside.#nAh shit, here we go again~",1,bango-file,message.dat,10813
itemdesc,13005,Magic scroll for changing job to one of following jobs:#nVagabond Swordman#nExpert Archer#nHermit#nI.Swordman,1,bango-file,message.dat,10814
itemdesc,13006,Magic scroll for changing job to one of following jobs:#nCommander#nImperial Commander#nChairperson of Joong-Bang#nHitman,1,bango-file,message.dat,10815
itemdesc,13007,"Mysterious marble to purchase powerful goods.#nFind Lady, Dea-Mon to trade.",1,bango-file,message.dat,10817
itemdesc,13008,"Mysterious marble to purchase account bound goods.#nFind Lady, Dea-Mon to trade.",1,bango-file,message.dat,10818
itemdesc,13010,Magic scroll for changing third job and setting Lv. 70.,1,bango-file,message.dat,10820
itemdesc,13011,Automatically picks up all your items on the ground.#n It's not effective in Dungeon 1,1,bango-file,message.dat,10821
itemdesc,13012,Magic scroll for automatic level progression.,1,bango-file,message.dat,10823
itemdesc,13029,Pulling monsters from nearby area.,1,bango-file,message.dat,10825
itemdesc,13030,Pulling monsters from nearby area.,1,bango-file,message.dat,10826
itemdesc,13031,Automatic pick-up of items nearby.#n[Not applicable in Dungeon 1]#nAccess to extra items from vote system (press 'R' to vote and redeem).#nEarly access to future 'Quality of Life' UI changes.,1,bango-file,message.dat,10828
itemdesc,13032,Only the one who get recognized by the king can get this shield.#nIt can be bought with Reward points.#nReward Point 300000,1,bango-file,message.dat,10829
itemdesc,13033,Gathering of EXP from monsters is increased by 100%.#n[This item is good for 1 hour.]#n You can obtain it only by voting,1,bango-file,message.dat,10830
itemdesc,13034,Contains:#nStone of EXP for Ancient Animal [15 Days] #9(Bound)#n#8Stone of Wealth [15 Days] #9(Bound)#n#8Stone of Fishery [15 Days] #9(Bound)#n#8Battle Pass [15 Days] #9(Bound)#8,1,bango-file,message.dat,10831
itemdesc,13035,Quest items required to change job.,1,bango-file,message.dat,10833
itemdesc,13038,Magic scroll for changing first job.,1,bango-file,message.dat,10835
itemdesc,13039,Magic scroll for changing job to one of following jobs:#nVagabond Swordman#nExpert Archer#nHermit#nI.Swordman,1,bango-file,message.dat,10836
itemdesc,13040,Magic scroll for changing job to one of following jobs:#nCommander#nImperial Commander#nChairperson of Joong-Bang#nHitman,1,bango-file,message.dat,10837
itemdesc,13041,Magic scroll for changing third job.,1,bango-file,message.dat,10838
itemdesc,13043,This item removes 3-day penalty for leaving guild.#nCan be only used when not in guild.,1,bango-file,message.dat,10840
itemdesc,13044,Quest items required to complete Valley of Devah quest.,1,bango-file,message.dat,10842
itemdesc,13045,Magic scroll for automatic Valley of Devah quest completion.,1,bango-file,message.dat,10843
itemdesc,13046,Degenarated Twisted Demon Jaw,1,bango-file,message.dat,10845
itemdesc,13047,Wild Boar Fur,1,bango-file,message.dat,10846
prefixname,1,Forced,1,bango-file,message.dat,10854
prefixname,2,Unlawful,1,bango-file,message.dat,10855
prefixname,3,Harsh,1,bango-file,message.dat,10856
prefixname,4,Strong Man's,1,bango-file,message.dat,10857
prefixname,5,Strongest Man's,1,bango-file,message.dat,10858
prefixname,6,Melee's,1,bango-file,message.dat,10859
prefixname,7,Bloody Fight's,1,bango-file,message.dat,10860
prefixname,8,Slaughterous ,1,bango-file,message.dat,10861
prefixname,9,Barbaric,1,bango-file,message.dat,10862
prefixname,10,Invincible,1,bango-file,message.dat,10863
prefixname,11,Healthy,1,bango-file,message.dat,10864
prefixname,12,Vigorous   ,1,bango-file,message.dat,10865
prefixname,13,Heroic,1,bango-file,message.dat,10866
prefixname,14,Vital,1,bango-file,message.dat,10867
prefixname,15,Ablaze,1,bango-file,message.dat,10868
prefixname,16,Iron legs'',1,bango-file,message.dat,10869
prefixname,17,Steel's,1,bango-file,message.dat,10870
prefixname,18,limitable,1,bango-file,message.dat,10871
prefixname,19,Infinitely,1,bango-file,message.dat,10872
prefixname,20,Diamond,1,bango-file,message.dat,10873
prefixname,21,Fictional,1,bango-file,message.dat,10874
prefixname,22,Sharp,1,bango-file,message.dat,10875
prefixname,23,Keen,1,bango-file,message.dat,10876
prefixname,24,Ordinary,1,bango-file,message.dat,10877
prefixname,25,Wise,1,bango-file,message.dat,10878
prefixname,26,Mystic,1,bango-file,message.dat,10879
prefixname,27,Worshipful,1,bango-file,message.dat,10880
prefixname,28,Sublime,1,bango-file,message.dat,10881
prefixname,29,Pure,1,bango-file,message.dat,10882
prefixname,30,Absolute,1,bango-file,message.dat,10883
prefixname,31,Fixed,1,bango-file,message.dat,10884
prefixname,32,Confirmatory,1,bango-file,message.dat,10885
prefixname,33,Celebrated,1,bango-file,message.dat,10886
prefixname,34,Dignified,1,bango-file,message.dat,10887
prefixname,35,Merciful,1,bango-file,message.dat,10888
prefixname,36,Predictive,1,bango-file,message.dat,10889
prefixname,37,Foreseeable,1,bango-file,message.dat,10890
prefixname,38,War Leader's,1,bango-file,message.dat,10891
prefixname,39,Reverent,1,bango-file,message.dat,10892
prefixname,40,Paradoxical,1,bango-file,message.dat,10893
prefixname,41,Agile,1,bango-file,message.dat,10894
prefixname,42,Reflective,1,bango-file,message.dat,10895
prefixname,43,Instant,1,bango-file,message.dat,10896
prefixname,44,Flexible,1,bango-file,message.dat,10897
prefixname,45,Dashy,1,bango-file,message.dat,10898
prefixname,46,Rush,1,bango-file,message.dat,10899
prefixname,47,Fierce,1,bango-file,message.dat,10900
prefixname,48,Flashy,1,bango-file,message.dat,10901
prefixname,49,Unlimited,1,bango-file,message.dat,10902
prefixname,50,Gliding,1,bango-file,message.dat,10903
prefixname,51,Heavy Blow's,1,bango-file,message.dat,10904
prefixname,52,The Powerful,1,bango-file,message.dat,10905
prefixname,53,Explosive,1,bango-file,message.dat,10906
prefixname,54,Fierce,1,bango-file,message.dat,10907
prefixname,55,Exterminated,1,bango-file,message.dat,10908
prefixname,56,Feathery,1,bango-file,message.dat,10909
prefixname,57,Man's,1,bango-file,message.dat,10910
prefixname,58,Extreme,1,bango-file,message.dat,10911
prefixname,59,Destructive,1,bango-file,message.dat,10912
prefixname,60,Fundamental,1,bango-file,message.dat,10913
prefixname,61,Powerful,1,bango-file,message.dat,10914
prefixname,62,Mighty,1,bango-file,message.dat,10915
prefixname,63,Considerable,1,bango-file,message.dat,10916
prefixname,64,Cruel,1,bango-file,message.dat,10917
prefixname,65,Wisdom's,1,bango-file,message.dat,10918
prefixname,66,High Class',1,bango-file,message.dat,10919
prefixname,67,Absoluteness',1,bango-file,message.dat,10920
prefixname,68,Wandering Knight's,1,bango-file,message.dat,10921
prefixname,69,Veteran Knight's,1,bango-file,message.dat,10922
prefixname,70,Strong Knight's,1,bango-file,message.dat,10923
prefixname,71,Expert Knight's,1,bango-file,message.dat,10924
prefixname,72,Wandering Archer's,1,bango-file,message.dat,10925
prefixname,73,Veteran Archer's,1,bango-file,message.dat,10926
prefixname,74,Skillful Archer's ,1,bango-file,message.dat,10927
prefixname,75,Expert Archer's,1,bango-file,message.dat,10928
prefixname,76,Beginning Scholar's,1,bango-file,message.dat,10929
prefixname,77,Veteran Scholar's,1,bango-file,message.dat,10930
prefixname,78,Skillful Scholar's,1,bango-file,message.dat,10931
prefixname,79,Expert Scholar's,1,bango-file,message.dat,10932
prefixname,80,Distinct,1,bango-file,message.dat,10933
prefixname,81,Steely,1,bango-file,message.dat,10934
prefixname,82,Breakthrough's,1,bango-file,message.dat,10935
prefixname,83,Despotic,1,bango-file,message.dat,10936
prefixname,84,Revenge's,1,bango-file,message.dat,10937
prefixname,85,Prideful,1,bango-file,message.dat,10938
prefixname,86,Ruinous,1,bango-file,message.dat,10939
prefixname,87,Glorious,1,bango-file,message.dat,10940
prefixname,88,Decisional,1,bango-file,message.dat,10941
prefixname,89,Magical Power's,1,bango-file,message.dat,10942
prefixname,90,Legendary,1,bango-file,message.dat,10943
prefixname,91,Rash,1,bango-file,message.dat,10944
prefixname,92,"The King, GuhBalHan's",1,bango-file,message.dat,10945
prefixname,93,+1,1,bango-file,message.dat,10946
prefixname,94,+2,1,bango-file,message.dat,10947
prefixname,95,+3,1,bango-file,message.dat,10948
prefixname,96,+4,1,bango-file,message.dat,10949
prefixname,97,+5,1,bango-file,message.dat,10950
prefixname,98,+6,1,bango-file,message.dat,10951
prefixname,99,+7,1,bango-file,message.dat,10952
prefixname,100,+1,1,bango-file,message.dat,10953
prefixname,101,+2,1,bango-file,message.dat,10954
prefixname,102,+3,1,bango-file,message.dat,10955
prefixname,103,+4,1,bango-file,message.dat,10956
prefixname,104,+5,1,bango-file,message.dat,10957
prefixname,105,+6,1,bango-file,message.dat,10958
prefixname,106,+7,1,bango-file,message.dat,10959
prefixname,107,+1,1,bango-file,message.dat,10960
prefixname,108,+2,1,bango-file,message.dat,10961
prefixname,109,+3,1,bango-file,message.dat,10962
prefixname,110,+4,1,bango-file,message.dat,10963
prefixname,111,+5,1,bango-file,message.dat,10964
prefixname,112,+6,1,bango-file,message.dat,10965
prefixname,113,+7,1,bango-file,message.dat,10966
prefixname,114,+1,1,bango-file,message.dat,10967
prefixname,115,+2,1,bango-file,message.dat,10968
prefixname,116,+3,1,bango-file,message.dat,10969
prefixname,117,+4,1,bango-file,message.dat,10970
prefixname,118,+5,1,bango-file,message.dat,10971
prefixname,119,+6,1,bango-file,message.dat,10972
prefixname,120,+7,1,bango-file,message.dat,10973
prefixname,121,+1,1,bango-file,message.dat,10974
prefixname,122,+2,1,bango-file,message.dat,10975
prefixname,123,+3,1,bango-file,message.dat,10976
prefixname,124,+4,1,bango-file,message.dat,10977
prefixname,125,+5,1,bango-file,message.dat,10978
prefixname,126,+6,1,bango-file,message.dat,10979
prefixname,127,+7,1,bango-file,message.dat,10980
prefixname,128,+0,1,bango-file,message.dat,10981
prefixname,129,+1,1,bango-file,message.dat,10982
prefixname,130,+2,1,bango-file,message.dat,10983
prefixname,131,+3,1,bango-file,message.dat,10984
prefixname,136,Fire[Royal],1,bango-file,message.dat,10986
prefixname,137,Fire[Small],1,bango-file,message.dat,10987
prefixname,138,Lightning[Royal],1,bango-file,message.dat,10988
prefixname,139,Lightning[Small],1,bango-file,message.dat,10989
prefixname,140,Ice[Royal],1,bango-file,message.dat,10990
prefixname,141,Ice[Small],1,bango-file,message.dat,10991
prefixname,142,Resist[Royal],1,bango-file,message.dat,10992
prefixname,143,Resist[Small],1,bango-file,message.dat,10993
prefixname,144,Curse[Royal],1,bango-file,message.dat,10994
prefixname,145,Curse[Small],1,bango-file,message.dat,10995
prefixname,146,+1,1,bango-file,message.dat,10998
prefixname,147,+2,1,bango-file,message.dat,10999
prefixname,148,+3,1,bango-file,message.dat,11000
prefixname,149,+4,1,bango-file,message.dat,11001
prefixname,150,+5,1,bango-file,message.dat,11002
prefixname,151,+6,1,bango-file,message.dat,11003
prefixname,152,+7,1,bango-file,message.dat,11004
prefixname,153,+1,1,bango-file,message.dat,11006
prefixname,154,+2,1,bango-file,message.dat,11007
prefixname,155,+3,1,bango-file,message.dat,11008
prefixname,156,+4,1,bango-file,message.dat,11009
prefixname,157,+5,1,bango-file,message.dat,11010
prefixname,158,+6,1,bango-file,message.dat,11011
prefixname,159,+7,1,bango-file,message.dat,11012
prefixname,160,+1,1,bango-file,message.dat,11014
prefixname,161,+2,1,bango-file,message.dat,11015
prefixname,162,+3,1,bango-file,message.dat,11016
prefixname,163,+4,1,bango-file,message.dat,11017
prefixname,164,+5,1,bango-file,message.dat,11018
prefixname,165,+6,1,bango-file,message.dat,11019
prefixname,166,+7,1,bango-file,message.dat,11020
prefixname,201,1LV,1,bango-file,message.dat,11023
prefixname,202,2LV,1,bango-file,message.dat,11024
prefixname,203,3LV,1,bango-file,message.dat,11025
prefixname,204,4LV,1,bango-file,message.dat,11026
prefixname,205,5LV,1,bango-file,message.dat,11027
prefixname,206,6LV,1,bango-file,message.dat,11028
prefixname,207,7LV,1,bango-file,message.dat,11029
prefixname,208,8LV,1,bango-file,message.dat,11030
prefixname,209,9LV,1,bango-file,message.dat,11031
prefixname,210,10LV,1,bango-file,message.dat,11032
prefixname,1001,+1,1,bango-file,message.dat,11035
prefixname,1002,+2,1,bango-file,message.dat,11036
prefixname,1003,+3,1,bango-file,message.dat,11037
prefixname,1004,+4,1,bango-file,message.dat,11038
prefixname,1005,+5,1,bango-file,message.dat,11039
prefixname,1006,+6,1,bango-file,message.dat,11040
prefixname,1007,+7,1,bango-file,message.dat,11041
prefixname,1008,+8,1,bango-file,message.dat,11042
prefixname,1009,+9,1,bango-file,message.dat,11043
prefixname,1010,+10,1,bango-file,message.dat,11044
prefixname,1011,+11,1,bango-file,message.dat,11045
prefixname,1012,+12,1,bango-file,message.dat,11046
prefixname,1013,+13,1,bango-file,message.dat,11047
prefixname,1014,+14,1,bango-file,message.dat,11048
prefixname,1015,+15,1,bango-file,message.dat,11049
prefixname,1016,+16,1,bango-file,message.dat,11050
prefixname,1017,+17,1,bango-file,message.dat,11051
prefixname,1018,+18,1,bango-file,message.dat,11052
prefixname,1019,+19,1,bango-file,message.dat,11053
prefixname,1020,+20,1,bango-file,message.dat,11054
revivalname,0,Narootuh,1,bango-file,message.dat,11075
revivalname,1,Jook-Suh Cargo Station,1,bango-file,message.dat,11076
revivalname,2,Geum-Oh Mine,1,bango-file,message.dat,11077
revivalname,3,The Pub of the Giant Bird,1,bango-file,message.dat,11078
revivalname,4,Temporary Fort of Geum-Ohee Castle,1,bango-file,message.dat,11079
revivalname,5,Forest of Statues,1,bango-file,message.dat,11080
revivalname,6,Geum-Oh Main Castle,1,bango-file,message.dat,11081
revivalname,7,Geum-Oh Castle East Gate,1,bango-file,message.dat,11082
revivalname,8,Geum-Oh Castle West Gate,1,bango-file,message.dat,11083
revivalname,9,City of Priest,1,bango-file,message.dat,11084
revivalname,10,Doggebi Tower,1,bango-file,message.dat,11085
npcname,1,"Weapon Merchant, Goo-Deuk",1,bango-file,message.dat,11092
npcname,2,"Knight's Armor Merchant, Pa-Deukchun",1,bango-file,message.dat,11093
npcname,3,"Merchant, Gae-Yoo",1,bango-file,message.dat,11094
npcname,4,Knightage Go-Gyunok,1,bango-file,message.dat,11095
npcname,5,"Bow Master, Chi-Rang",1,bango-file,message.dat,11096
npcname,6,"Magic Master, Baek-Ohn",1,bango-file,message.dat,11097
npcname,7,Farmer,1,bango-file,message.dat,11098
npcname,8,Farmer,1,bango-file,message.dat,11099
npcname,9,Woman,1,bango-file,message.dat,11100
npcname,10,Farmer,1,bango-file,message.dat,11101
npcname,11,Guard,1,bango-file,message.dat,11102
npcname,12,Guard,1,bango-file,message.dat,11103
npcname,13,Guard,1,bango-file,message.dat,11104
npcname,14,Guard,1,bango-file,message.dat,11105
npcname,15,Guard,1,bango-file,message.dat,11106
npcname,16,Chief Guard,1,bango-file,message.dat,11107
npcname,17,Chief Guard,1,bango-file,message.dat,11108
npcname,18,"Merchant, Sa-Moeau",1,bango-file,message.dat,11109
npcname,19,Farmer,1,bango-file,message.dat,11110
npcname,20,Farmer,1,bango-file,message.dat,11111
npcname,21,Woman,1,bango-file,message.dat,11112
npcname,22,Guard,1,bango-file,message.dat,11113
npcname,23,Guard,1,bango-file,message.dat,11114
npcname,24,Guard,1,bango-file,message.dat,11115
npcname,25,Guard,1,bango-file,message.dat,11116
npcname,26,Guard,1,bango-file,message.dat,11117
npcname,27,Guard,1,bango-file,message.dat,11118
npcname,28,Chief Guard,1,bango-file,message.dat,11119
npcname,29,"Knight Merchant, Noh-Won",1,bango-file,message.dat,11120
npcname,30,"Archer Merchant, Woo-Jingwan",1,bango-file,message.dat,11121
npcname,31,Miner,1,bango-file,message.dat,11122
npcname,32,Miner,1,bango-file,message.dat,11123
npcname,33,Miner,1,bango-file,message.dat,11124
npcname,34,Miner,1,bango-file,message.dat,11125
npcname,35,Mine Manager,1,bango-file,message.dat,11126
npcname,36,Miner,1,bango-file,message.dat,11127
npcname,37,Guard,1,bango-file,message.dat,11128
npcname,38,Guard,1,bango-file,message.dat,11129
npcname,39,Guard,1,bango-file,message.dat,11130
npcname,40,Guard,1,bango-file,message.dat,11131
npcname,41,Guard,1,bango-file,message.dat,11132
npcname,42,Guard,1,bango-file,message.dat,11133
npcname,43,Guard,1,bango-file,message.dat,11134
npcname,44,Guard,1,bango-file,message.dat,11135
npcname,45,Guard,1,bango-file,message.dat,11136
npcname,46,Guard,1,bango-file,message.dat,11137
npcname,47,Chief Guard,1,bango-file,message.dat,11138
npcname,48,Chief Guard,1,bango-file,message.dat,11139
npcname,49,Chief Guard,1,bango-file,message.dat,11140
npcname,50,Chief Guard,1,bango-file,message.dat,11141
npcname,51,"Peddler, Woo-Jinwon",1,bango-file,message.dat,11142
npcname,52,Woman,1,bango-file,message.dat,11143
npcname,53,Woman,1,bango-file,message.dat,11144
npcname,54,Guard,1,bango-file,message.dat,11145
npcname,55,Guard,1,bango-file,message.dat,11146
npcname,56,Guard,1,bango-file,message.dat,11147
npcname,57,Guard,1,bango-file,message.dat,11148
npcname,58,Chief Guard,1,bango-file,message.dat,11149
npcname,59,"Archer's Armor Merchant, Gak-Roo",1,bango-file,message.dat,11150
npcname,60,"Knight's Armor Merchant, Dae-Gil",1,bango-file,message.dat,11151
npcname,61,"Archer's Armor Merchant, Bum-Ryuh",1,bango-file,message.dat,11152
npcname,62,"Weapon Merchant, Hyun-Yong",1,bango-file,message.dat,11153
npcname,63,"Armor Merchant, Nang-Wa",1,bango-file,message.dat,11154
npcname,64,Mistress Sa-Mowall,1,bango-file,message.dat,11155
npcname,65,"Merchant, Goo-Rook",1,bango-file,message.dat,11156
npcname,66,"Chief Guard, Nak-Yonghee",1,bango-file,message.dat,11157
npcname,67,"Person of Narootuh, Wal-Hee",1,bango-file,message.dat,11158
npcname,68,"Magician Merchant, Ma-Lip",1,bango-file,message.dat,11159
npcname,69,"Magical Stick Merchant, Na-Hwan",1,bango-file,message.dat,11160
npcname,70,"Magician Merchant, Go-Myung",1,bango-file,message.dat,11161
npcname,71,Storage Keeper [Dol-Sae],1,bango-file,message.dat,11162
npcname,72,Boatman [Gwang-Chun],1,bango-file,message.dat,11163
npcname,73,Chief Guard [Sea-Geun],1,bango-file,message.dat,11164
npcname,74,[Wa-Ryu],1,bango-file,message.dat,11165
npcname,75,Chief Guard [Mak-AnSoo],1,bango-file,message.dat,11166
npcname,76,General [Sae-Won],1,bango-file,message.dat,11167
npcname,77,[Nu-Rook],1,bango-file,message.dat,11168
npcname,78,Farmer [Ji-Hun],1,bango-file,message.dat,11169
npcname,79,Chief Guard [Joo-Jimin],1,bango-file,message.dat,11170
npcname,80,Farmer [Nu-Woong],1,bango-file,message.dat,11171
npcname,81,Miner [Gwee-Sik],1,bango-file,message.dat,11172
npcname,82,Farmer [Ha-Jik],1,bango-file,message.dat,11173
npcname,83,Guard [Won-Jung],1,bango-file,message.dat,11174
npcname,84,Woman [Yae-Jin],1,bango-file,message.dat,11175
npcname,85,Miner [Joo-Nong],1,bango-file,message.dat,11176
npcname,86,Guard [Yang-Do],1,bango-file,message.dat,11177
npcname,87,Woman [Ok-Jin],1,bango-file,message.dat,11178
npcname,88,[Yoo-An],1,bango-file,message.dat,11179
npcname,89,[Ja-Gan],1,bango-file,message.dat,11180
npcname,90,[Won-Ga],1,bango-file,message.dat,11181
npcname,91,Chief Guard [Guh-Sosun],1,bango-file,message.dat,11182
npcname,92,[Joong-Gwon],1,bango-file,message.dat,11183
npcname,93,[Chun-Sooin],1,bango-file,message.dat,11184
npcname,94,[Sae-Ryu],1,bango-file,message.dat,11185
npcname,95,General [In-Pill],1,bango-file,message.dat,11186
npcname,96,HyungJoo-SeungGong,1,bango-file,message.dat,11187
npcname,97,Master [Jin-Pyung],1,bango-file,message.dat,11188
npcname,98,Storage Keeper [Chung-E],1,bango-file,message.dat,11189
npcname,99,Storage Keeper [Dol-Sae],1,bango-file,message.dat,11190
npcname,100,Knight's Weapon Merchant [Mak-Sae],1,bango-file,message.dat,11191
npcname,101,Archer's Weapon Merchant [On-Jo],1,bango-file,message.dat,11192
npcname,102,Magician's Stick Merchant [Sung-Wonsoo],1,bango-file,message.dat,11193
npcname,103,Knight's Armor Merchant [Na-Rim],1,bango-file,message.dat,11194
npcname,104,Archer's Armor Merchant [Chung-Wal],1,bango-file,message.dat,11195
npcname,105,Magician Merchant [Won-Sang],1,bango-file,message.dat,11196
npcname,106,Knightage [Gwang-Ak],1,bango-file,message.dat,11197
npcname,107,Bow Master [Il-Rang],1,bango-file,message.dat,11198
npcname,108,Magic Master [Yae-Saryung],1,bango-file,message.dat,11199
npcname,109,Soldier at Fort of Geum-Ohee Castle [Jae-Ga],1,bango-file,message.dat,11200
npcname,110,Fort Guard,1,bango-file,message.dat,11201
npcname,111,Fort Guard,1,bango-file,message.dat,11202
npcname,112,Fort Guard,1,bango-file,message.dat,11203
npcname,113,Fort Guard,1,bango-file,message.dat,11204
npcname,114,Fort Guard,1,bango-file,message.dat,11205
npcname,115,Fort Guard,1,bango-file,message.dat,11206
npcname,116,Fort Guard,1,bango-file,message.dat,11207
npcname,117,Fort Guard,1,bango-file,message.dat,11208
npcname,118,Fort Guard,1,bango-file,message.dat,11209
npcname,119,Fort Guard,1,bango-file,message.dat,11210
npcname,120,Fort Guard,1,bango-file,message.dat,11211
npcname,121,Fort Guard,1,bango-file,message.dat,11212
npcname,122,Soldier from Troop of Jae-Ga,1,bango-file,message.dat,11213
npcname,123,Soldier from Troop of Jae-Ga,1,bango-file,message.dat,11214
npcname,124,Soldier from Troop of Jae-Ga,1,bango-file,message.dat,11215
npcname,125,Soldier from Troop of Jae-Ga,1,bango-file,message.dat,11216
npcname,126,Soldier from Troop of Jae-Ga,1,bango-file,message.dat,11217
npcname,127,Soldier from Troop of Jae-Ga,1,bango-file,message.dat,11218
npcname,128,Scout Soldier from Troop of Jae-Ga,1,bango-file,message.dat,11219
npcname,129,Scout Soldier from Troop of Jae-Ga,1,bango-file,message.dat,11220
npcname,130,Scout Soldier from Troop of Jae-Ga,1,bango-file,message.dat,11221
npcname,131,Scout Soldier from Troop of Jae-Ga,1,bango-file,message.dat,11222
npcname,132,Scout Soldier from Troop of Jae-Ga,1,bango-file,message.dat,11223
npcname,133,Scout Soldier from Troop of Jae-Ga,1,bango-file,message.dat,11224
npcname,134,Right-side Soldier from Troop of Jae-Ga,1,bango-file,message.dat,11225
npcname,135,Right-side Soldier from Troop of Jae-Ga,1,bango-file,message.dat,11226
npcname,136,Right-side Soldier from Troop of Jae-Ga,1,bango-file,message.dat,11227
npcname,137,Merchant [Wal-Ha],1,bango-file,message.dat,11228
npcname,138,Tomb Keeper [Goo-Ryung],1,bango-file,message.dat,11229
npcname,139,Apprentice Knightage [Gang-Ryung],1,bango-file,message.dat,11230
npcname,140,Apprentice Bow Master [Gi-Wal],1,bango-file,message.dat,11231
npcname,141,Literary Magic Master [Sae-Hwon],1,bango-file,message.dat,11232
npcname,142,Statue of Black Crow in Narootuh,1,bango-file,message.dat,11233
npcname,143,Statue of Black Crow in Jook-Suh Cargo Station,1,bango-file,message.dat,11234
npcname,144,Statue of Black Crow in Geum-Oh Mine,1,bango-file,message.dat,11235
npcname,145,Statue of Black Crow in the Pub of the Giant Bird,1,bango-file,message.dat,11236
npcname,146,Statue of Black Crow in Temporary Fort of Geum-Ohee Castle,1,bango-file,message.dat,11237
npcname,147,Storage Keeper [Mook-Hee],1,bango-file,message.dat,11238
npcname,148,Storage Keeper [Suk-Min],1,bango-file,message.dat,11239
npcname,149,Storage Keeper [Choon-Jae],1,bango-file,message.dat,11240
npcname,150,Chrysanthemum Wine Artisan,1,bango-file,message.dat,11241
npcname,151,Chinese Bellflower Wine Artisan,1,bango-file,message.dat,11242
npcname,152,Lance Asiabell Wine Artisan,1,bango-file,message.dat,11243
npcname,153,Dandelion Wine Artisan,1,bango-file,message.dat,11244
npcname,154,Peony Wine Artisan,1,bango-file,message.dat,11245
npcname,155,Mother of Moon-Hee,1,bango-file,message.dat,11246
npcname,156,Ghost of [Moon-Hee],1,bango-file,message.dat,11247
npcname,157,Fort Guard [Heung-Pae],1,bango-file,message.dat,11248
npcname,158,Chief Guard [Duk-Yoon],1,bango-file,message.dat,11249
npcname,159,Fort Guard [Soo-Go],1,bango-file,message.dat,11250
npcname,160,Fort Guard [Dan-Bok],1,bango-file,message.dat,11251
npcname,161,Fort Guard [Ga-Gi],1,bango-file,message.dat,11252
npcname,162,Fort Guard [Soo-Sung],1,bango-file,message.dat,11253
npcname,163,Soldier from Troop of Jae-Ga [Yoo-Sang],1,bango-file,message.dat,11254
npcname,164,Soldier from Troop of Jae-Ga [Lim-Gang],1,bango-file,message.dat,11255
npcname,166,Hyun-Choong,1,bango-file,message.dat,11259
npcname,167,Jin-Haeryang,1,bango-file,message.dat,11260
npcname,168,Farmer Who Lost His Farmland,1,bango-file,message.dat,11261
npcname,169,Smith Who Lost His Family,1,bango-file,message.dat,11262
npcname,170,Parents Who Lost Their Son,1,bango-file,message.dat,11263
npcname,171,Fishing Grounds Keeper,1,bango-file,message.dat,11264
npcname,172,Fishing Grounds Keeper,1,bango-file,message.dat,11265
npcname,173,Fishing Grounds Keeper,1,bango-file,message.dat,11266
npcname,174,Fishing Grounds Keeper,1,bango-file,message.dat,11267
npcname,175,Mistress,1,bango-file,message.dat,11268
npcname,176,Mistress,1,bango-file,message.dat,11269
npcname,177,Mistress,1,bango-file,message.dat,11270
npcname,178,Mistress,1,bango-file,message.dat,11271
npcname,179,Master of Paper-Rock-Scissors,1,bango-file,message.dat,11272
npcname,183,Statue of Black Crow in Forest,1,bango-file,message.dat,11278
npcname,184,To-Woo,1,bango-file,message.dat,11279
npcname,185,Hyun-Woong,1,bango-file,message.dat,11280
npcname,186,Takes Care of Ancient Animals by [Chang],1,bango-file,message.dat,11281
npcname,187,Recommendation NPC,1,bango-file,message.dat,11284
npcname,191,Red Flag's Leader [Gee-Jung],1,bango-file,message.dat,11289
npcname,192,[Hong-Jun],1,bango-file,message.dat,11290
npcname,193,[Ha-Woogo],1,bango-file,message.dat,11291
npcname,194,[Ma-Yong],1,bango-file,message.dat,11292
npcname,195,Mask of Ghost Hunter [Woo-Joong],1,bango-file,message.dat,11293
npcname,196,Mask of Ghost Hunter [Joa-Ill],1,bango-file,message.dat,11294
npcname,197,Mask of Ghost Hunter [Geun-Pyung],1,bango-file,message.dat,11295
npcname,198,Mask of Ghost Hunter [Dan-Joong],1,bango-file,message.dat,11296
npcname,199,Mask of Ghost Hunter [Choi-Choong],1,bango-file,message.dat,11297
npcname,200,One Who is Looking for the Masks,1,bango-file,message.dat,11300
npcname,201,One Who is Looking for the Masks,1,bango-file,message.dat,11301
npcname,202,One Who is Looking for the Masks,1,bango-file,message.dat,11302
npcname,203,Doggebi Who Wants To Be a Friend with Humans,1,bango-file,message.dat,11304
npcname,204,Doll Craftsman [Gill-Jun],1,bango-file,message.dat,11305
npcname,205,Prophet,1,bango-file,message.dat,11306
npcname,206,[Seoung-Gill],1,bango-file,message.dat,11307
npcname,207,[Ma-Gill],1,bango-file,message.dat,11308
npcname,208,[Hee-Ryu],1,bango-file,message.dat,11309
npcname,209,[Hak-Goo],1,bango-file,message.dat,11310
npcname,210,Executive,1,bango-file,message.dat,11311
npcname,211,Master of Paper-Rock-Scissors,1,bango-file,message.dat,11313
npcname,212,Assassin List,1,bango-file,message.dat,11315
npcname,213,Mask Merchant,1,bango-file,message.dat,11316
npcname,214,Ji-Joo,1,bango-file,message.dat,11317
npcname,215,Geum-Oh Castle's Statue of Crow,1,bango-file,message.dat,11318
npcname,216,Geum-Oh Castle Keeper,1,bango-file,message.dat,11319
npcname,217,Gate Keeper,1,bango-file,message.dat,11320
npcname,218,Gate Keeper,1,bango-file,message.dat,11321
npcname,219,Assassin List,1,bango-file,message.dat,11322
npcname,220,Assassin List,1,bango-file,message.dat,11323
npcname,221,Assassin List,1,bango-file,message.dat,11324
npcname,222,Assassin List,1,bango-file,message.dat,11325
npcname,223,Gate Keeper,1,bango-file,message.dat,11326
npcname,224,Gate Keeper,1,bango-file,message.dat,11327
npcname,225,Gate Keeper,1,bango-file,message.dat,11328
npcname,226,Gate Keeper,1,bango-file,message.dat,11329
npcname,227,Gate Keeper,1,bango-file,message.dat,11330
npcname,228,Gate Keeper,1,bango-file,message.dat,11331
npcname,229,Gate Keeper,1,bango-file,message.dat,11332
npcname,230,Gate Keeper,1,bango-file,message.dat,11333
npcname,231,Geum-Oh Castle Gate Keeper,1,bango-file,message.dat,11334
npcname,232,Geum-Oh Castle Gate Keeper,1,bango-file,message.dat,11335
npcname,233,Geum-Oh Castle Gate Keeper,1,bango-file,message.dat,11336
npcname,234,Geum-Oh Castle Gate Keeper,1,bango-file,message.dat,11337
npcname,235,Geum-Oh Castle Gate Keeper,1,bango-file,message.dat,11338
npcname,236,Geum-Oh Castle Gate Keeper,1,bango-file,message.dat,11339
npcname,237,Geum-Oh Castle Gate Keeper,1,bango-file,message.dat,11340
npcname,238,Geum-Oh Castle Gate Keeper,1,bango-file,message.dat,11341
npcname,239,Geum-Oh Castle Gate Keeper,1,bango-file,message.dat,11342
npcname,240,Geum-Oh Castle Gate Keeper,1,bango-file,message.dat,11343
npcname,241,Ascetic,1,bango-file,message.dat,11344
npcname,242,Ascetic,1,bango-file,message.dat,11345
npcname,243,Ascetic,1,bango-file,message.dat,11346
npcname,244,Ascetic,1,bango-file,message.dat,11347
npcname,245,Ascetic,1,bango-file,message.dat,11348
npcname,246,Ascetic,1,bango-file,message.dat,11349
npcname,247,Food Merchant,1,bango-file,message.dat,11350
npcname,248,Food Merchant,1,bango-file,message.dat,11351
npcname,249,Food Merchant,1,bango-file,message.dat,11352
npcname,250,Food Merchant,1,bango-file,message.dat,11353
npcname,251,Food Merchant,1,bango-file,message.dat,11354
npcname,252,Limper,1,bango-file,message.dat,11355
npcname,253,Blind Man,1,bango-file,message.dat,11356
npcname,254,Coward,1,bango-file,message.dat,11357
npcname,255,Hunchback,1,bango-file,message.dat,11358
npcname,256,Deaf Man,1,bango-file,message.dat,11359
npcname,257,One-armed Man,1,bango-file,message.dat,11360
npcname,258,Manager,1,bango-file,message.dat,11361
npcname,259,[Ja-Sang],1,bango-file,message.dat,11362
npcname,260,Tomb Keeper [Gang-Man],1,bango-file,message.dat,11363
npcname,261,Agent,1,bango-file,message.dat,11364
npcname,262,Chemist of Speed-up Medicine,1,bango-file,message.dat,11365
npcname,263,Chemist of Speed-up Medicine,1,bango-file,message.dat,11366
npcname,264,Chemist of Speed-up Medicine,1,bango-file,message.dat,11367
npcname,265,Manager of Occupied Area,1,bango-file,message.dat,11369
npcname,266,Doggebi Master,1,bango-file,message.dat,11371
npcname,267,Master of Vagabond Swordman [Moo-Geukhyun],1,bango-file,message.dat,11372
npcname,268,Master of Commander [Chiwoo-Yangmook],1,bango-file,message.dat,11373
npcname,269,Master of Expert Archer [Jae-Bae],1,bango-file,message.dat,11374
npcname,270,Master of Imperial Commander [Chiwoo-Jichun],1,bango-file,message.dat,11375
npcname,271,Master of Hermit [Won-Tan],1,bango-file,message.dat,11376
npcname,272,Master of Chairperson of Joong-Bang [Mang-Sunjae],1,bango-file,message.dat,11377
npcname,273,Skill Point Manager NPC,1,bango-file,message.dat,11378
npcname,274,Statue of Black Crow of East Gate,1,bango-file,message.dat,11380
npcname,275,Statue of Black Crow of West Gate,1,bango-file,message.dat,11381
npcname,276,Statue of Black Crow in City of Priest,1,bango-file,message.dat,11382
npcname,277,Mistress,1,bango-file,message.dat,11384
npcname,278,"Merchant, [Baek-Yak]",1,bango-file,message.dat,11386
npcname,279,Food Merchant,1,bango-file,message.dat,11388
npcname,280,Mask Merchant,1,bango-file,message.dat,11389
npcname,281,"Knight's Weapon Merchant, [Go-Soon]",1,bango-file,message.dat,11391
npcname,282,"Archer's Weapon Merchant, [Gong-Jung]",1,bango-file,message.dat,11392
npcname,283,"Magician's Weapon Merchant, [Gong-Ryuh]",1,bango-file,message.dat,11393
npcname,284,"Knight's Armor Merchant, [Go-Ohng]",1,bango-file,message.dat,11394
npcname,285,"Archer's  Armor Merchant, [Ja-Gyung]",1,bango-file,message.dat,11395
npcname,286,"Magician's Armor Merchant, [Moon-Hwa]",1,bango-file,message.dat,11396
npcname,287,Priest [Ahn-Hyunsoo],1,bango-file,message.dat,11398
npcname,288,High priest [Sur-An],1,bango-file,message.dat,11402
npcname,289,Religious Officer,1,bango-file,message.dat,11405
npcname,290,Religious Officer,1,bango-file,message.dat,11406
npcname,291,Religious Officer,1,bango-file,message.dat,11407
npcname,292,Religious Officer,1,bango-file,message.dat,11408
npcname,293,Master of General[Sur-Pil],1,bango-file,message.dat,11412
npcname,294,Master of G.Sword[Im-Bee],1,bango-file,message.dat,11413
npcname,295,Master of I.General[Don-Joong],1,bango-file,message.dat,11414
npcname,296,Master of G.Bow[Bong-Hack],1,bango-file,message.dat,11415
npcname,297,Master of M.Adviser[Bong-Yo],1,bango-file,message.dat,11416
npcname,298,Master of Ascetic[Bool-Lo],1,bango-file,message.dat,11417
npcname,299,Dark Shadow Master [Duk sung],1,bango-file,message.dat,11426
npcname,300,Unearthly Ghost Master [Dea gon],1,bango-file,message.dat,11427
npcname,301,Fishing Grounds Keeper,1,bango-file,message.dat,11429
npcname,302,Fishing Grounds Keeper,1,bango-file,message.dat,11430
npcname,303,Fishing Grounds Keeper,1,bango-file,message.dat,11431
npcname,304,Fishing Grounds Keeper,1,bango-file,message.dat,11432
npcname,305,Fishing Grounds Keeper,1,bango-file,message.dat,11433
npcname,306,Fishing Grounds Keeper,1,bango-file,message.dat,11434
npcname,307,Religious Officer,1,bango-file,message.dat,11436
npcname,308,Religious Officer,1,bango-file,message.dat,11437
npcname,309,Religious Officer,1,bango-file,message.dat,11438
npcname,310,Religious Officer,1,bango-file,message.dat,11439
npcname,311,Religious Officer,1,bango-file,message.dat,11440
npcname,312,Religious Officer,1,bango-file,message.dat,11441
npcname,313,Religious Officer,1,bango-file,message.dat,11442
npcname,314,Religious Officer,1,bango-file,message.dat,11443
npcname,315,Religious Officer,1,bango-file,message.dat,11444
npcname,316,Religious Officer,1,bango-file,message.dat,11445
npcname,317,Religious Officer,1,bango-file,message.dat,11446
npcname,318,Guard,1,bango-file,message.dat,11448
npcname,319,Guard,1,bango-file,message.dat,11449
npcname,320,Guard,1,bango-file,message.dat,11450
npcname,321,Guard,1,bango-file,message.dat,11451
npcname,322,Guard,1,bango-file,message.dat,11452
npcname,323,Guard,1,bango-file,message.dat,11453
npcname,324,Guard,1,bango-file,message.dat,11454
npcname,325,Guard,1,bango-file,message.dat,11455
npcname,326,Guard,1,bango-file,message.dat,11456
npcname,327,Guard,1,bango-file,message.dat,11457
npcname,328,Guard,1,bango-file,message.dat,11458
npcname,329,Guard,1,bango-file,message.dat,11459
npcname,330,Guard,1,bango-file,message.dat,11460
npcname,331,Guard,1,bango-file,message.dat,11461
npcname,332,Guard,1,bango-file,message.dat,11462
npcname,333,Guard,1,bango-file,message.dat,11463
npcname,334,Guard,1,bango-file,message.dat,11464
npcname,335,Guard,1,bango-file,message.dat,11465
npcname,336,Low-Ranking Religious Officer,1,bango-file,message.dat,11467
npcname,337,Low-Ranking Religious Officer,1,bango-file,message.dat,11468
npcname,338,Low-Ranking Religious Officer,1,bango-file,message.dat,11469
npcname,339,Low-Ranking Religious Officer,1,bango-file,message.dat,11470
npcname,340,Fishing Grounds Keeper,1,bango-file,message.dat,11472
npcname,341,Storage Keeper [Jin-Hee],1,bango-file,message.dat,11473
npcname,342,Chemist of Speed-up Medicine,1,bango-file,message.dat,11474
npcname,343,Low-Ranking Religious Officer,1,bango-file,message.dat,11476
npcname,344,Low-Ranking Religious Officer,1,bango-file,message.dat,11477
npcname,345,Low-Ranking Religious Officer,1,bango-file,message.dat,11478
npcname,346,Low-Ranking Religious Officer,1,bango-file,message.dat,11479
npcname,347,Low-Ranking Religious Officer,1,bango-file,message.dat,11480
npcname,348,Low-Ranking Religious Officer,1,bango-file,message.dat,11481
npcname,349,Low-Ranking Religious Officer,1,bango-file,message.dat,11482
npcname,350,Low-Ranking Religious Officer,1,bango-file,message.dat,11483
npcname,351,Low-Ranking Religious Officer,1,bango-file,message.dat,11484
npcname,352,Low-Ranking Religious Officer,1,bango-file,message.dat,11485
npcname,353,Low-Ranking Religious Officer,1,bango-file,message.dat,11486
npcname,354,Low-Ranking Religious Officer,1,bango-file,message.dat,11487
npcname,355,Ascetic,1,bango-file,message.dat,11489
npcname,356,Master of Vagabond Swordman [Chiwoo-Giryung],1,bango-file,message.dat,11491
npcname,357,Master of Commander [Chiwoo-Jomoo],1,bango-file,message.dat,11492
npcname,358,Master of Expert Archer [Dan-Gyu],1,bango-file,message.dat,11493
npcname,359,Master of Imperial Commander [Sa-Chan],1,bango-file,message.dat,11494
npcname,360,Master of Hermit [Baek-Myo],1,bango-file,message.dat,11495
npcname,361,Master of Chairperson of Joong-Bang [Doo-Yae],1,bango-file,message.dat,11496
npcname,362,Assassin List,1,bango-file,message.dat,11498
npcname,363,Agent,1,bango-file,message.dat,11499
npcname,364,Prophet,1,bango-file,message.dat,11500
npcname,365,Prophet,1,bango-file,message.dat,11501
npcname,366,Prophet,1,bango-file,message.dat,11502
npcname,367,Prophet,1,bango-file,message.dat,11503
npcname,368,Flag Manager,1,bango-file,message.dat,11504
npcname,369,Village Elder,1,bango-file,message.dat,11505
npcname,370,Village Elder,1,bango-file,message.dat,11506
npcname,371,Village Elder,1,bango-file,message.dat,11507
npcname,372,BlackSmith,1,bango-file,message.dat,11508
npcname,373,BlackSmith,1,bango-file,message.dat,11509
npcname,374,Fifth Stone Monument,1,bango-file,message.dat,11511
npcname,375,Sixth Stone Monument,1,bango-file,message.dat,11512
npcname,376,Seventh Stone Monument,1,bango-file,message.dat,11513
npcname,377,Eighth Stone Monument,1,bango-file,message.dat,11514
npcname,378,First Stone Monument,1,bango-file,message.dat,11515
npcname,379,Second Stone Monument,1,bango-file,message.dat,11516
npcname,380,Third Stone Monument,1,bango-file,message.dat,11517
npcname,381,Forth Stone Monument,1,bango-file,message.dat,11518
npcname,382,Name Manager,1,bango-file,message.dat,11519
npcname,383,Throne,1,bango-file,message.dat,11520
npcname,389,Statue of Black Crow in Doggebi Tower,1,bango-file,message.dat,11528
npcname,390,Master of Dice,1,bango-file,message.dat,11529
npcname,391,Master of Dice,1,bango-file,message.dat,11530
npcname,392,Master of Dice,1,bango-file,message.dat,11531
npcname,393,Master of Dice,1,bango-file,message.dat,11532
npcname,394,Master of Dice,1,bango-file,message.dat,11533
npcname,395,Master of Dice,1,bango-file,message.dat,11534
npcname,396,Teleport Monument,1,bango-file,message.dat,11535
npcname,397,Teleport Monument,1,bango-file,message.dat,11536
npcname,398,Mask Merchant,1,bango-file,message.dat,11537
npcname,404,The Birds Event NPC,1,bango-file,message.dat,11545
npcname,405,The Birds Event NPC,1,bango-file,message.dat,11546
npcname,406,The Birds Event NPC,1,bango-file,message.dat,11547
npcname,407,The Birds Event NPC,1,bango-file,message.dat,11548
npcname,408,The Birds Event NPC,1,bango-file,message.dat,11549
npcname,409,The Birds Event NPC,1,bango-file,message.dat,11550
npcname,410,Pair Maker Master,1,bango-file,message.dat,11552
npcname,411,Change Gold Coin/Zamogeon,1,bango-file,message.dat,11553
npcname,412,Pair Maker Master,1,bango-file,message.dat,11554
npcname,413,Change Gold Coin/Zamogeon,1,bango-file,message.dat,11555
npcname,414,Pair Maker Master,1,bango-file,message.dat,11556
npcname,415,Change Gold Coin/Zamogeon,1,bango-file,message.dat,11557
npcname,416,Card Maker Master,1,bango-file,message.dat,11558
npcname,417,Card Maker Master,1,bango-file,message.dat,11559
npcname,418,Card Maker Master,1,bango-file,message.dat,11560
npcname,419,Pair Maker Master,1,bango-file,message.dat,11561
npcname,420,Change Gold Coin/Zamogeon,1,bango-file,message.dat,11562
npcname,421,Card Maker Master,1,bango-file,message.dat,11563
npcname,422,Welcome Back Event NPC,1,bango-file,message.dat,11564
npcname,423,The King of Leveling Event NPC,1,bango-file,message.dat,11565
npcname,424,Fishing Grounds Manager,1,bango-file,message.dat,11566
npcname,425,Fishing Grounds Manager,1,bango-file,message.dat,11567
npcname,426,Fishing Grounds Manager,1,bango-file,message.dat,11568
npcname,427,Fishing Grounds Manager,1,bango-file,message.dat,11569
npcname,428,Fishing Grounds Manager,1,bango-file,message.dat,11570
npcname,429,Fishing Grounds Manager,1,bango-file,message.dat,11571
npcname,430,Fishing Grounds Manager,1,bango-file,message.dat,11572
npcname,431,Fishing Grounds Manager,1,bango-file,message.dat,11573
npcname,432,Fishing Grounds Manager,1,bango-file,message.dat,11574
npcname,433,Fishing Grounds Manager,1,bango-file,message.dat,11575
npcname,434,Fishing Grounds Keeper,1,bango-file,message.dat,11576
npcname,435,Fishing Grounds Keeper,1,bango-file,message.dat,11577
npcname,436,Fishing Grounds Keeper,1,bango-file,message.dat,11578
npcname,437,Fishing Grounds Keeper,1,bango-file,message.dat,11579
npcname,438,Fishing Grounds Keeper,1,bango-file,message.dat,11580
npcname,439,Fishing Grounds Keeper,1,bango-file,message.dat,11581
npcname,440,Fishing Grounds Keeper,1,bango-file,message.dat,11582
npcname,441,Fishing Grounds Keeper,1,bango-file,message.dat,11583
npcname,442,Fishing Grounds Keeper,1,bango-file,message.dat,11584
npcname,443,Fishing Grounds Keeper,1,bango-file,message.dat,11585
npcname,444,Fishing Grounds Keeper,1,bango-file,message.dat,11586
npcname,445,Fishing Grounds Keeper,1,bango-file,message.dat,11587
npcname,446,Fishing Grounds Keeper,1,bango-file,message.dat,11588
npcname,447,Fishing Grounds Keeper,1,bango-file,message.dat,11589
npcname,448,Fishing Grounds Keeper,1,bango-file,message.dat,11590
npcname,449,B1 Gate of Advance Base,1,bango-file,message.dat,11592
npcname,450,B2 Gate of Advance Base,1,bango-file,message.dat,11593
npcname,451,B3 Gate of Advance Base,1,bango-file,message.dat,11594
npcname,452,B4 Gate of Advance Base,1,bango-file,message.dat,11595
npcname,453,B5 Gate of Advance Base,1,bango-file,message.dat,11596
npcname,454,B6 Gate of Advance Base,1,bango-file,message.dat,11597
npcname,455,Cannon Position,1,bango-file,message.dat,11599
npcname,456,Cannon Position,1,bango-file,message.dat,11600
npcname,457,Cannon Position,1,bango-file,message.dat,11601
npcname,458,Cannon Position,1,bango-file,message.dat,11602
npcname,459,Cannon Position,1,bango-file,message.dat,11603
npcname,460,Cannon Position,1,bango-file,message.dat,11604
npcname,461,Cannon Position,1,bango-file,message.dat,11605
npcname,462,Cannon Position,1,bango-file,message.dat,11606
npcname,463,Cannon Position,1,bango-file,message.dat,11607
npcname,464,Cannon Position,1,bango-file,message.dat,11608
npcname,465,Cannon Position,1,bango-file,message.dat,11609
npcname,466,Weapon Artisan,1,bango-file,message.dat,11610
npcname,467,Cannon Position,1,bango-file,message.dat,11611
npcname,468,Cannon Position,1,bango-file,message.dat,11612
npcname,469,Cannon Position,1,bango-file,message.dat,11613
npcname,470,Cannon Position,1,bango-file,message.dat,11614
npcname,471,Cannon Position,1,bango-file,message.dat,11615
npcname,472,Cannon Position,1,bango-file,message.dat,11616
npcname,473,Cannon Position,1,bango-file,message.dat,11617
npcname,474,Cannon Position,1,bango-file,message.dat,11618
npcname,475,Cannon Position,1,bango-file,message.dat,11619
npcname,476, ,1,bango-file,message.dat,11621
npcname,477,Mix Master,1,bango-file,message.dat,11622
npcname,478,Stone of Return,1,bango-file,message.dat,11623
npcname,479,Stone of Return,1,bango-file,message.dat,11624
npcname,480,Stone of Return,1,bango-file,message.dat,11625
npcname,481,Stone of Return,1,bango-file,message.dat,11626
npcname,482,Stone of Return,1,bango-file,message.dat,11627
npcname,483,Stone of Return,1,bango-file,message.dat,11628
npcname,484,Stone of Return,1,bango-file,message.dat,11629
npcname,485,Stone of Return,1,bango-file,message.dat,11630
npcname,486,Stone of Return,1,bango-file,message.dat,11631
npcname,487,Stone of Return,1,bango-file,message.dat,11632
npcname,488,Stone of Return,1,bango-file,message.dat,11634
npcname,489,Stone of Return,1,bango-file,message.dat,11635
npcname,490,Stone of Return,1,bango-file,message.dat,11636
npcname,491,Stone of Return,1,bango-file,message.dat,11637
npcname,492,Stone of Return,1,bango-file,message.dat,11638
npcname,493,Stone of Return,1,bango-file,message.dat,11639
npcname,494,Stone of Return,1,bango-file,message.dat,11640
npcname,495,Stone of Return,1,bango-file,message.dat,11641
npcname,496,Stone of Return,1,bango-file,message.dat,11642
npcname,497,Stone of Return,1,bango-file,message.dat,11643
npcname,498,Stone of Return,1,bango-file,message.dat,11644
npcname,499,Stone of Return,1,bango-file,message.dat,11645
npcname,500,Stone of Return,1,bango-file,message.dat,11646
npcname,501,Stone of Return,1,bango-file,message.dat,11647
npcname,502,Stone of Return,1,bango-file,message.dat,11648
npcname,503,Stone of Return,1,bango-file,message.dat,11649
npcname,521,Rear Gate Keeper of B1,1,bango-file,message.dat,11664
npcname,522,Front Gate Keeper of B2,1,bango-file,message.dat,11665
npcname,523,Rear Gate Keeper of B2,1,bango-file,message.dat,11666
npcname,524,Front Gate Keeper of B3,1,bango-file,message.dat,11667
npcname,525,Rear Gate Keeper of B3,1,bango-file,message.dat,11668
npcname,526,Front Gate Keeper of B4,1,bango-file,message.dat,11669
npcname,527,Rear Gate Keeper of B4,1,bango-file,message.dat,11670
npcname,528,Front Gate Keeper of B5,1,bango-file,message.dat,11671
npcname,529,Rear Gate Keeper of B5,1,bango-file,message.dat,11672
npcname,530,Front Gate Keeper of B6,1,bango-file,message.dat,11673
npcname,531,Blue Doggebi,1,bango-file,message.dat,11675
npcname,532,Red Doggebi,1,bango-file,message.dat,11676
npcname,533,Black Doggebi,1,bango-file,message.dat,11677
npcname,534,Blue Dragon Doggebi,1,bango-file,message.dat,11678
npcname,535,White Tiger Doggebi,1,bango-file,message.dat,11679
npcname,536,Summer Event NPC,1,bango-file,message.dat,11682
npcname,537,Summer Event NPC,1,bango-file,message.dat,11683
npcname,542,Hallowen Festival,1,bango-file,message.dat,11685
npcname,543,Hallowen Festival,1,bango-file,message.dat,11686
npcname,544,Hallowen Festival,1,bango-file,message.dat,11687
npcname,545,Hallowen Festival,1,bango-file,message.dat,11688
npcname,546,Hallowen Festival,1,bango-file,message.dat,11689
npcname,547,Hallowen Festival,1,bango-file,message.dat,11690
npcname,548,Chief Guard,1,bango-file,message.dat,11692
npcname,549,Lady Who Makes the Robe of the Fairy,1,bango-file,message.dat,11694
npcname,550,Lady Who Makes the Robe of the Fairy,1,bango-file,message.dat,11695
npcname,551,NPC of Pray For Snow,1,bango-file,message.dat,11697
npcname,552,Christmas Fairy,1,bango-file,message.dat,11699
npcname,553,Christmas Fairy,1,bango-file,message.dat,11700
npcname,554,Specialist of King's Troop,1,bango-file,message.dat,11702
npcname,555,Sergeant of King's Troop,1,bango-file,message.dat,11703
npcname,556,Specialist of King's Troop,1,bango-file,message.dat,11704
npcname,557,Sergeant of King's Troop,1,bango-file,message.dat,11705
npcname,558,Specialist of King's Troop,1,bango-file,message.dat,11706
npcname,559,Sergeant of King's Troop,1,bango-file,message.dat,11707
npcname,560,Red Doggebi,1,bango-file,message.dat,11709
npcname,561, ,1,bango-file,message.dat,11711
npcname,562, ,1,bango-file,message.dat,11712
npcname,563,Valentine's Day Event NPC,1,bango-file,message.dat,11715
npcname,564,Gift Giveaway NPC,1,bango-file,message.dat,11716
npcname,565,Valentine's Day Event NPC,1,bango-file,message.dat,11717
npcname,566,Gift Giveaway NPC,1,bango-file,message.dat,11718
npcname,567,Valentine's Day Event NPC,1,bango-file,message.dat,11719
npcname,568,Gift Giveaway NPC,1,bango-file,message.dat,11720
npcname,569,Olympic Guide,1,bango-file,message.dat,11722
npcname,575,General who collects the Doggebi's certificate.,1,bango-file,message.dat,11729
npcname,576,Duel Tournament Desk,1,bango-file,message.dat,11730
npcname,577,Duel Tournament Desk,1,bango-file,message.dat,11731
npcname,578,Duel Tournament Desk,1,bango-file,message.dat,11732
npcname,579,Duel Tournament Desk,1,bango-file,message.dat,11733
npcname,580,Duel Tournament Desk,1,bango-file,message.dat,11734
npcname,581,Duel Tournament Desk,1,bango-file,message.dat,11735
npcname,582,Duel Tournament Desk,1,bango-file,message.dat,11736
npcname,583,Duel Tournament Desk,1,bango-file,message.dat,11737
npcname,584,Duel Tournament Desk,1,bango-file,message.dat,11738
npcname,585,Duel Tournament Desk,1,bango-file,message.dat,11739
npcname,586,Duel Tournament Desk,1,bango-file,message.dat,11740
npcname,587,Duel Tournament Desk,1,bango-file,message.dat,11741
npcname,588,Son of the Sky Guard,1,bango-file,message.dat,11744
npcname,589,Dream Fish Merchant,1,bango-file,message.dat,11748
npcname,590,Dream Fish Merchant,1,bango-file,message.dat,11749
npcname,591,Dream Fish Merchant,1,bango-file,message.dat,11750
npcname,592,tree,1,bango-file,message.dat,11753
npcname,597,Christmas Fairy,1,bango-file,message.dat,11756
npcname,601,Mission Announcer,1,bango-file,message.dat,11762
npcname,602,Mission Announcer,1,bango-file,message.dat,11763
npcname,603,Mission Announcer,1,bango-file,message.dat,11764
npcname,604,Restoration expert,1,bango-file,message.dat,11767
npcname,605,door,1,bango-file,message.dat,11770
npcname,606,Gold Doggebi,1,bango-file,message.dat,11773
npcname,607,Blue Doggebi,1,bango-file,message.dat,11774
npcname,608,Red Doggebi,1,bango-file,message.dat,11775
npcname,609,door,1,bango-file,message.dat,11776
npcname,610,door,1,bango-file,message.dat,11777
npcname,614,General Draft Officer,1,bango-file,message.dat,11780
npcname,615,Elite Draft Officer,1,bango-file,message.dat,11781
npcname,616,General Training Director,1,bango-file,message.dat,11782
npcname,617,Elite Training Director,1,bango-file,message.dat,11783
npcname,618,Training Supervisor,1,bango-file,message.dat,11784
npcname,619,Training Supervisor,1,bango-file,message.dat,11785
npcname,622,gun-point,1,bango-file,message.dat,11788
npcname,623,gon-point,1,bango-file,message.dat,11789
npcname,624,gam-point,1,bango-file,message.dat,11790
npcname,625,lee-point,1,bango-file,message.dat,11791
npcname,626,guk-point,1,bango-file,message.dat,11792
npcname,627,Altar of Fire,1,bango-file,message.dat,11795
npcname,628,Altar of water,1,bango-file,message.dat,11796
npcname,629,Altar of wood,1,bango-file,message.dat,11797
npcname,630,Altar of iron,1,bango-file,message.dat,11798
npcname,631,Altar of ground,1,bango-file,message.dat,11799
npcname,632,Element collecting official [Hwa Eun],1,bango-file,message.dat,11802
npcname,636,Thief's Armor Merchant [Gun-Woo],1,bango-file,message.dat,11805
npcname,637,Thief's Armor Merchant [Eun-Woo],1,bango-file,message.dat,11806
npcname,638,Thief's Weapon Merchant [Seok-Won],1,bango-file,message.dat,11807
npcname,639,Thief's Armor Merchant [Chan-Dong],1,bango-file,message.dat,11808
npcname,640,Thief's Weapon Merchant [Yung-Jun],1,bango-file,message.dat,11809
npcname,641,Thief's Armor Merchant [Ho-Eun],1,bango-file,message.dat,11810
npcname,642,Thief's Weapon Merchant [Lee-Jung],1,bango-file,message.dat,11811
npcname,643,Thief Master [Chun-Su],1,bango-file,message.dat,11813
npcname,644,Hitman Master [Wan-Jea],1,bango-file,message.dat,11814
npcname,645,I.Swordman Master [Gyo-Jung],1,bango-file,message.dat,11815
npcname,646,Thief Master [Hyo-Yun],1,bango-file,message.dat,11816
npcname,647,Thief Guild member Master [Yu-Chun],1,bango-file,message.dat,11817
npcname,648,Hitman Master [Jung-Jea],1,bango-file,message.dat,11818
npcname,649,I.Swordman Master [Kang-Ma],1,bango-file,message.dat,11819
npcname,652,Company/Platoon manager [Kuk-Jung],1,bango-file,message.dat,11822
npcname,653,Priest Tower [Il Ja],1,bango-file,message.dat,11823
npcname,654,Managerial officer for Tower of Priest [Moon-yong],1,bango-file,message.dat,11826
npcname,658,Postion Stone,1,bango-file,message.dat,11829
npcname,659,Postion Stone,1,bango-file,message.dat,11830
npcname,660,Postion Stone,1,bango-file,message.dat,11831
npcname,661,Postion Stone,1,bango-file,message.dat,11832
npcname,662,Postion Stone,1,bango-file,message.dat,11833
npcname,663,Postion Stone,1,bango-file,message.dat,11834
npcname,664,Honor Item Collector,1,bango-file,message.dat,11838
npcname,665,Honor Item Collector,1,bango-file,message.dat,11839
npcname,667,Jeong-yiguk,1,bango-file,message.dat,11842
npcname,689,Welfare Bureau agent of Bedal,1,bango-file,message.dat,11845
npcname,690,Welfare Bureau agent of Bedal,1,bango-file,message.dat,11846
npcname,691,Welfare Bureau agent of Bedal,1,bango-file,message.dat,11847
npcname,694,Messenger of Devah [Jin-Heun],1,bango-file,message.dat,11850
npcname,702,Auction Manager [Han-Dong],1,bango-file,message.dat,11852
npcname,703,Auction Manager [Hong-Gi],1,bango-file,message.dat,11853
npcname,700,Event NPC [Garam],1,bango-file,message.dat,11856
npcname,701,Event NPC [KeonKun],1,bango-file,message.dat,11857
npcname,705,Snowman,1,bango-file,message.dat,11860
npcname,706,Santa Claus,1,bango-file,message.dat,11861
npcname,707,Santa Claus,1,bango-file,message.dat,11862
npcname,708,Snowman,1,bango-file,message.dat,11863
npcname,709,Santa Claus,1,bango-file,message.dat,11864
npcname,710,Snowman,1,bango-file,message.dat,11865
npcname,1000,Soo-Ryun,1,bango-file,message.dat,11867
npcname,1001,Yun-Hwa,1,bango-file,message.dat,11868
npcname,1002,Hyo-Rin,1,bango-file,message.dat,11869
npcname,1003,Seo-Eun,1,bango-file,message.dat,11870
npcname,1004,Dae-Gil,1,bango-file,message.dat,11871
npcname,1005,Chang-Sun,1,bango-file,message.dat,11872
npcname,1006,Beom-Soo,1,bango-file,message.dat,11873
npcname,1007,Lost Explorer,1,bango-file,message.dat,11874
npcname,1008,Jayde,1,bango-file,message.dat,11875
npcname,1009,Mergen,1,bango-file,message.dat,11876
npcname,1010,Marycia,1,bango-file,message.dat,11877
npcname,1011,Daily Quest [Noynir],1,bango-file,message.dat,11878
npcname,1012,Statue of Eagle in Cheonji-Yun,1,bango-file,message.dat,11879
npcname,692,PvP Item Merchant [Oh-Junse],1,bango-file,message.dat,11882
npcname,693,PvP Item Merchant [Oh-Junse],1,bango-file,message.dat,11883
npcname,695,Manager of teleporting to Dokdo [Guna],1,bango-file,message.dat,11886
npcname,696,Manager of teleporting to Dokdo [Guna],1,bango-file,message.dat,11887
npcname,697,Manager of teleporting to Dokdo [Guna],1,bango-file,message.dat,11888
npcname,698,Jeong-ilguk,1,bango-file,message.dat,11891
npcname,704,[Eun-Seon] Master out of office,1,bango-file,message.dat,11894
npcname,711,Event Dokdo Manager,1,bango-file,message.dat,11897
npcname,717,Event Dokdo Manager,1,bango-file,message.dat,11898
npcname,718,Manager of Triangular Battle,1,bango-file,message.dat,11901
npcname,719,Seohak,1,bango-file,message.dat,11904
npcname,720,Seohak,1,bango-file,message.dat,11905
npcname,721,Seohak,1,bango-file,message.dat,11906
npcname,722,Seohak,1,bango-file,message.dat,11907
npcname,723,Seohak,1,bango-file,message.dat,11908
npcname,724,Seohak,1,bango-file,message.dat,11909
npcname,725,Item restorer [Yong-Choo],1,bango-file,message.dat,11912
npcname,726,Item restorer [Yong-Choo],1,bango-file,message.dat,11913
npcname,729,altar,1,bango-file,message.dat,11920
npcname,730,altar,1,bango-file,message.dat,11923
npcname,731,altar,1,bango-file,message.dat,11926
npcname,732,altar,1,bango-file,message.dat,11929
npcname,733,altar,1,bango-file,message.dat,11932
npcname,734,altar,1,bango-file,message.dat,11935
npcname,736,Event Manager [Do-Chun],1,bango-file,message.dat,11938
npcname,737,Clandestine [Sun-Hwa],1,bango-file,message.dat,11941
npcname,739,Special-Envoy Cho-Woo,1,bango-file,message.dat,11944
npcname,740,Spirit master of iron,1,bango-file,message.dat,11945
npcname,741,Spirit master of wood,1,bango-file,message.dat,11946
npcname,742,Spirit master of water,1,bango-file,message.dat,11947
npcname,743,Mediator Eun-Hyang,1,bango-file,message.dat,11948
npcname,744,Spirit master of iron,1,bango-file,message.dat,11949
npcname,745,Whethered Monument,1,bango-file,message.dat,11950
npcname,746,Spirit master of wood,1,bango-file,message.dat,11951
npcname,747,Spirit master of water,1,bango-file,message.dat,11952
npcname,748,Spirit master of iron,1,bango-file,message.dat,11953
npcname,749,Spirit master of wood,1,bango-file,message.dat,11954
npcname,750,Spirit master of water,1,bango-file,message.dat,11955
npcname,751,Spirit master of iron,1,bango-file,message.dat,11956
npcname,752,Spirit master of wood,1,bango-file,message.dat,11957
npcname,753,Spirit master of water,1,bango-file,message.dat,11958
npcname,754,Spirit master of iron,1,bango-file,message.dat,11959
npcname,755,Spirit master of wood,1,bango-file,message.dat,11960
npcname,756,Spirit master of water,1,bango-file,message.dat,11961
npcname,757,Spirit master of iron,1,bango-file,message.dat,11962
npcname,758,Spirit master of wood,1,bango-file,message.dat,11963
npcname,759,Spirit master of water,1,bango-file,message.dat,11964
npcname,1013,Hyun-Seung,1,bango-file,message.dat,11970
npcname,1020,Merchant [Yoo-Hwa],1,bango-file,message.dat,11973
npcname,1021,Food Merchant [Jung-Hwa],1,bango-file,message.dat,11974
npcname,1022,Chef [Melisia],1,bango-file,message.dat,11975
npcname,1023,Mission Broker [Young-Jin],1,bango-file,message.dat,11976
npcname,1024,Storage Keeper [Gwon-Chul],1,bango-file,message.dat,11977
npcname,1025,Lost Explorer,1,bango-file,message.dat,11978
npcname,1026,Repeatable Quest [Jade],1,bango-file,message.dat,11979
npcname,1027,Potion Mixer [Ugen],1,bango-file,message.dat,11980
npcname,1028,Statue of Black Crow in Hondel,1,bango-file,message.dat,11981
npcname,1029,Merchant [Yoo-Ran],1,bango-file,message.dat,11984
npcname,1031,[Event]Warlord,1,bango-file,message.dat,11987
npcname,760,Guide for Cave of Giant Bird,1,bango-file,message.dat,11990
npcname,761,Guide for Royal Tomb of Guhbalhan,1,bango-file,message.dat,11992
npcname,1032,Gold Master[GeumChun],1,bango-file,message.dat,11995
npcname,1033,Gold Master[GeumGang],1,bango-file,message.dat,11997
npcname,1034,Gold Master[GeumHae],1,bango-file,message.dat,11999
npcname,1035,Mission Announcer [Ji-Myung],1,bango-file,message.dat,12002
npcname,1036,Repeat Quest [Soon-Oak],1,bango-file,message.dat,12003
npcname,1037,Daily Quest [Kyoung-Mi],1,bango-file,message.dat,12004
npcname,1042,Red Santa Claus,1,bango-file,message.dat,12008
npcname,1043,Green Santa Claus,1,bango-file,message.dat,12010
npcname,1044,Santa Claus,1,bango-file,message.dat,12012
npcname,1045,Christmas Tree,1,bango-file,message.dat,12014
npcname,1046,Christmas Tree,1,bango-file,message.dat,12015
npcname,1047,Christmas Tree,1,bango-file,message.dat,12016
npcname,1048,,1,bango-file,message.dat,12017
npcname,1049,,1,bango-file,message.dat,12018
npcname,1059,Medical doctor [Haewoo],1,bango-file,message.dat,12031
npcname,1060,Training Field Manager,1,bango-file,message.dat,12032
npcname,1061,Tower of D`evah gate of sealed,1,bango-file,message.dat,12035
npcname,1062,Mine Keeper,1,bango-file,message.dat,12038
npcname,1063,Mine Keeper,1,bango-file,message.dat,12039
npcname,1064,Mine Keeper,1,bango-file,message.dat,12040
npcname,1065,Mine Keeper,1,bango-file,message.dat,12041
npcname,1066,Artisan Doggebi,1,bango-file,message.dat,12043
npcname,1067,Artisan Doggebi,1,bango-file,message.dat,12045
npcname,1068,Stone Handicraft artisan,1,bango-file,message.dat,12051
npcname,1070,Red Santa Clause,1,bango-file,message.dat,12054
npcname,1071,Red Santa Clause,1,bango-file,message.dat,12055
npcname,1072,Red Santa Clause,1,bango-file,message.dat,12056
npcname,1073,Black Santa Clause,1,bango-file,message.dat,12057
npcname,1074,Red Santa Clause,1,bango-file,message.dat,12059
npcname,1075,Red Santa Clause,1,bango-file,message.dat,12060
npcname,1076,Red Santa Clause,1,bango-file,message.dat,12061
npcname,1077,Green Santa Clause,1,bango-file,message.dat,12062
npcname,1078,Green Santa Clause,1,bango-file,message.dat,12063
npcname,1079,Green Santa Clause,1,bango-file,message.dat,12064
npcname,1080,Yellow Santa Clause,1,bango-file,message.dat,12065
npcname,1081,Yellow Santa Clause,1,bango-file,message.dat,12066
npcname,1082,Yellow Santa Clause,1,bango-file,message.dat,12067
npcname,1083,Christmas Tree,1,bango-file,message.dat,12069
npcname,1084,Christmas Tree,1,bango-file,message.dat,12070
npcname,1085,Christmas Tree,1,bango-file,message.dat,12071
npcname,1086,Christmas Tree,1,bango-file,message.dat,12072
npcname,1087,Christmas Tree,1,bango-file,message.dat,12073
npcname,1088,Committee of KALympic,1,bango-file,message.dat,12076
npcname,1089,Committee of KALympic,1,bango-file,message.dat,12077
npcname,1090,Committee of KALympic,1,bango-file,message.dat,12078
npcname,1091,Committee of KALympic,1,bango-file,message.dat,12079
npcname,1094,[Event NPC] Su-Jung,1,bango-file,message.dat,12083
npcname,1101,[Event] Monster Trainer,1,bango-file,message.dat,12086
npcname,1200,DEADO Hye min,1,bango-file,message.dat,12089
npcname,1201,The Alchemist [Gerdam],1,bango-file,message.dat,12092
npcname,1202,Enterance of the 2nd Floor to the Tower of D'evah.,1,bango-file,message.dat,12095
npcname,1203,Impregnable Wall,1,bango-file,message.dat,12098
npcname,1204,,1,bango-file,message.dat,12101
npcname,1205,Royal Inspecter,1,bango-file,message.dat,12105
npcname,1206,Royal Inspecter,1,bango-file,message.dat,12106
npcname,1207,mission table,1,bango-file,message.dat,12107
npcname,1208,Royal Inspecter,1,bango-file,message.dat,12108
npcname,1209,mission table,1,bango-file,message.dat,12109
npcname,1210,Royal Inspecter,1,bango-file,message.dat,12110
npcname,1211,mission table,1,bango-file,message.dat,12111
npcname,1212,Armor Merchant [Nang-Cheul],1,bango-file,message.dat,12115
npcname,1216,Comeback supply agent of Bedal,1,bango-file,message.dat,12118
npcname,1217,Comeback supply agent of Bedal,1,bango-file,message.dat,12120
npcname,1218,Comeback supply agent of Bedal,1,bango-file,message.dat,12122
npcname,1219,Welfare supply agent of Bedal,1,bango-file,message.dat,12125
npcname,1220,Welfare supply agent of Bedal,1,bango-file,message.dat,12127
npcname,1221,Welfare supply agent of Bedal,1,bango-file,message.dat,12129
npcname,1222,John,1,bango-file,message.dat,12132
npcname,1223,Charles,1,bango-file,message.dat,12134
npcname,1224,Guide Doggebi,1,bango-file,message.dat,12137
npcname,1225,Market Manager,1,bango-file,message.dat,12140
npcname,1226,Market Manager,1,bango-file,message.dat,12141
npcname,1227,[Event] Black,1,bango-file,message.dat,12144
npcname,1228,Black Symbol Manager,1,bango-file,message.dat,12147
npcname,1229,Summon Merchant [Ye-Rin],1,bango-file,message.dat,12150
npcname,1230,Enterance of the 3rd Floor to the Tower of D'evah,1,bango-file,message.dat,12153
npcname,1231,Enterance of the 2nd Floor to the Tower of D'evah,1,bango-file,message.dat,12156
npcname,1232,White Symbol Manager,1,bango-file,message.dat,12158
npcname,1233,3F Tower of Shadow D'evah escape stone,1,bango-file,message.dat,12160
npcname,1234,[???? ??????]???????,1,bango-file,message.dat,12162
npcname,1240,Shaman's Weapon Merchant [Lee Chun-Pheel],1,bango-file,message.dat,12164
npcname,1241,Shaman's Armor Merchant [Do Seol-Poong],1,bango-file,message.dat,12165
npcname,1242,Shaman Master [Am Seol-Chun],1,bango-file,message.dat,12166
npcname,1243,Shaman's Weapon Merchant [Gwa So-Jun],1,bango-file,message.dat,12167
npcname,1244,Shaman's Armor Merchant [Wee Dae-Hyun],1,bango-file,message.dat,12168
npcname,1245,Shaman's Weapon Merchant [Wee Bak],1,bango-file,message.dat,12169
npcname,1246,Shaman's Armor Merchant [Eun Jung-Hyun],1,bango-file,message.dat,12170
npcname,1247,Shaman Master [Ha Kwang-Hyun],1,bango-file,message.dat,12171
npcname,1248,Shaman Master [Do Kee-Poong],1,bango-file,message.dat,12172
npcname,1249,Shaman's Weapon Merchant [Gwak Dae-Ryu],1,bango-file,message.dat,12173
npcname,1250,Shaman's Armor Merchant [Oh Dae-Kwang],1,bango-file,message.dat,12174
npcname,1251, Training Center Manager ,1,bango-file,message.dat,12179
npcname,1261, Training Center Head Chief ,1,bango-file,message.dat,12180
npcname,1252,(NEW) Weapon costume Blacksmith,1,bango-file,message.dat,12184
npcname,1253,Santa,1,bango-file,message.dat,12187
npcname,1254,Snow Man,1,bango-file,message.dat,12188
npcname,1255,Santa,1,bango-file,message.dat,12189
npcname,1256,Snow Man,1,bango-file,message.dat,12190
npcname,1257,Santa,1,bango-file,message.dat,12191
npcname,1258,Snow Man,1,bango-file,message.dat,12192
npcname,1259,Santa,1,bango-file,message.dat,12193
npcname,1260,Snow Man,1,bango-file,message.dat,12194
npcname,1262,Demon Gong Researcher,1,bango-file,message.dat,12197
npcname,1263,Gabber [Woo Ehgon],1,bango-file,message.dat,12198
npcname,1264, ,1,bango-file,message.dat,12199
npcname,1265,Storage Keeper [Tong],1,bango-file,message.dat,12200
npcname,1266,Merchant [Chung Sun],1,bango-file,message.dat,12201
npcname,1267,Food Merchant [Hong Yoon],1,bango-file,message.dat,12202
npcname,2001,Guide for Abandoned Grave,1,bango-file,message.dat,12204
npcname,2002,Guide for Doggebi Tower,1,bango-file,message.dat,12205
npcname,2003,Guide for Safe Hill,1,bango-file,message.dat,12206
npcname,2004,Guide for Devil Castle,1,bango-file,message.dat,12207
npcname,2006,Lady [Dea-Mon],1,bango-file,message.dat,12209
npcname,2007,Champion PVP Desk,1,bango-file,message.dat,12210
npcname,2008,Battlefield Manager [Yuk-Noom],1,bango-file,message.dat,12211
npcname,2009,Christmas Tree,1,bango-file,message.dat,12213
npcname,2011,Snowman,1,bango-file,message.dat,12214
npcname,2012,Champion PVP Desk,1,bango-file,message.dat,12215
monstername,1,Demon Vulgar,1,bango-file,message.dat,12224
monstername,2,Demon Scout,1,bango-file,message.dat,12225
monstername,3,Demon Spearhead,1,bango-file,message.dat,12226
monstername,4,Demon Plunderer,1,bango-file,message.dat,12227
monstername,5,Wild Small Demon,1,bango-file,message.dat,12228
monstername,6,Demon Escort Soldier,1,bango-file,message.dat,12229
monstername,7,Demon Escort Archer,1,bango-file,message.dat,12230
monstername,8,Demon Scout Commander,1,bango-file,message.dat,12231
monstername,9,Suicide Bomber,1,bango-file,message.dat,12232
monstername,10,Demon Carcass Scavenger,1,bango-file,message.dat,12233
monstername,11,Demon Soldier,1,bango-file,message.dat,12234
monstername,12,Demon Infantry,1,bango-file,message.dat,12235
monstername,13,Demon Throwing Soldier,1,bango-file,message.dat,12236
monstername,14,Wild Demon Soldier,1,bango-file,message.dat,12237
monstername,15,Demon Shock Trooper,1,bango-file,message.dat,12238
monstername,16,Demon Flag Bearer,1,bango-file,message.dat,12239
monstername,17,Demon Band,1,bango-file,message.dat,12240
monstername,18,Demon Armored Knight,1,bango-file,message.dat,12241
monstername,19,Demon Mad Knight,1,bango-file,message.dat,12242
monstername,20,Demon Commander,1,bango-file,message.dat,12243
monstername,21,Demon Water Dragon,1,bango-file,message.dat,12244
monstername,22,Hungry Demon Water Dragon,1,bango-file,message.dat,12245
monstername,23,Demon Water Dragon Predator,1,bango-file,message.dat,12246
monstername,24,Demon Water Dragon Commander,1,bango-file,message.dat,12247
monstername,25,Big Handed Inhabitant,1,bango-file,message.dat,12248
monstername,26,Big Handed Slave,1,bango-file,message.dat,12249
monstername,27,Big Handed Blue Warrior,1,bango-file,message.dat,12250
monstername,28,Big Handed Red Warrior,1,bango-file,message.dat,12251
monstername,29,Castoff Baby Ghost,1,bango-file,message.dat,12252
monstername,30,Ghost of Young Man,1,bango-file,message.dat,12253
monstername,31,Ghost of Young Woman,1,bango-file,message.dat,12254
monstername,32,Ghost of Blacksmith,1,bango-file,message.dat,12255
monstername,33,Ghost of Guard,1,bango-file,message.dat,12256
monstername,34,Fellow Traveler to the Other World,1,bango-file,message.dat,12257
monstername,35,Sealed Ghost Troop,1,bango-file,message.dat,12258
monstername,36,Ghost Troop,1,bango-file,message.dat,12259
monstername,37,Devil Soldier,1,bango-file,message.dat,12260
monstername,38,Devil Soldier with Twin Blades,1,bango-file,message.dat,12261
monstername,39,Devil Soldier with Bow,1,bango-file,message.dat,12262
monstername,40,Devil Soldier with Sword,1,bango-file,message.dat,12263
monstername,41,Devil Soldier with Spear,1,bango-file,message.dat,12264
monstername,42,2nd Devil Monster,1,bango-file,message.dat,12265
monstername,43,1st Devil Monster,1,bango-file,message.dat,12266
monstername,44,Doggebi of Monster Face,1,bango-file,message.dat,12267
monstername,45,Doggebi with a Gong,1,bango-file,message.dat,12268
monstername,46,Drunken Doggebi,1,bango-file,message.dat,12269
monstername,47,Doggebi with a Mask of Black Crow,1,bango-file,message.dat,12270
monstername,48,Doggebi with a Mask of Black Panther,1,bango-file,message.dat,12271
monstername,49,Giant Doggebi,1,bango-file,message.dat,12272
monstername,50,Guardian of Doggebi,1,bango-file,message.dat,12273
monstername,51,Elder Doggebi,1,bango-file,message.dat,12274
monstername,52,Devil Troop of Desire,1,bango-file,message.dat,12275
monstername,53,Devil Troop of Pain,1,bango-file,message.dat,12276
monstername,54,Devil Troop of Greed,1,bango-file,message.dat,12277
monstername,55,Devil Troop of Jealousy,1,bango-file,message.dat,12278
monstername,56,Devil Troop of Hatred,1,bango-file,message.dat,12279
monstername,57,Devil Troop of Madness,1,bango-file,message.dat,12280
monstername,58,Devil Troop of Anger,1,bango-file,message.dat,12281
monstername,78,Rotten Skeleton Warrior of the Royal Tomb (Sword),1,bango-file,message.dat,12282
monstername,79,Rotten Skeleton Warrior of the Royal Tomb (Lance),1,bango-file,message.dat,12283
monstername,80,Minister of the Royal Tomb,1,bango-file,message.dat,12284
monstername,81,Maid of Honor of the Royal Tomb,1,bango-file,message.dat,12285
monstername,82,The Royal Tomb Keeper (Sword),1,bango-file,message.dat,12286
monstername,83,The Royal Tomb Keeper (Shield),1,bango-file,message.dat,12287
monstername,84,The Royal Tomb Keeper (Spear),1,bango-file,message.dat,12288
monstername,85,The Royal Tomb Keeper (Iron Hammer),1,bango-file,message.dat,12289
monstername,86,3rd Commander of The Royal Tomb,1,bango-file,message.dat,12291
monstername,87,2nd Commander of The Royal Tomb,1,bango-file,message.dat,12292
monstername,88,1st Commander of The Royal Tomb,1,bango-file,message.dat,12293
monstername,89,Imperial Commander of The Royal Tomb,1,bango-file,message.dat,12294
monstername,90,Chief Guard of The Royal Tomb,1,bango-file,message.dat,12295
monstername,91,Chief Escort of The Royal Tomb,1,bango-file,message.dat,12296
monstername,92,Enemy of Hyun-Woong,1,bango-file,message.dat,12298
monstername,93,Naughty Doggebi,1,bango-file,message.dat,12299
monstername,94,Heuk-Yong,1,bango-file,message.dat,12300
monstername,95,Dae-Il,1,bango-file,message.dat,12301
monstername,96,Goon-Sang-Ji,1,bango-file,message.dat,12302
monstername,97,Yoo,1,bango-file,message.dat,12303
monstername,98,Ma-Gwang,1,bango-file,message.dat,12304
monstername,99,Assassin who killed Yong-Chun,1,bango-file,message.dat,12305
monstername,100,Guild Flag,1,bango-file,message.dat,12306
monstername,101,Castle Gate,1,bango-file,message.dat,12307
monstername,102,Rotten Skeleton Warrior of the Royal Tomb (Sword),1,bango-file,message.dat,12308
monstername,103,Rotten Skeleton Warrior of the Royal Tomb (Sword),1,bango-file,message.dat,12309
monstername,104,Rotten Skeleton Warrior of the Royal Tomb (Lance),1,bango-file,message.dat,12310
monstername,105,Rotten Skeleton Warrior of the Royal Tomb (Lance),1,bango-file,message.dat,12311
monstername,106,Minister of the Royal Tomb,1,bango-file,message.dat,12312
monstername,107,Maid of Honor of the Royal Tomb,1,bango-file,message.dat,12313
monstername,108,The Royal Tomb Keeper (Sword),1,bango-file,message.dat,12314
monstername,109,The Royal Tomb Keeper (Sword),1,bango-file,message.dat,12315
monstername,110,The Royal Tomb Keeper (Sword),1,bango-file,message.dat,12316
monstername,111,The Royal Tomb Keeper (Shield),1,bango-file,message.dat,12317
monstername,112,The Royal Tomb Keeper (Shield),1,bango-file,message.dat,12318
monstername,113,The Royal Tomb Keeper (Shield),1,bango-file,message.dat,12319
monstername,114,The Royal Tomb Keeper (Spear),1,bango-file,message.dat,12320
monstername,115,The Royal Tomb Keeper (Spear),1,bango-file,message.dat,12321
monstername,116,The Royal Tomb Keeper (Spear),1,bango-file,message.dat,12322
monstername,117,The Royal Tomb Keeper (Iron Hammer),1,bango-file,message.dat,12323
monstername,118,The Royal Tomb Keeper (Iron Hammer),1,bango-file,message.dat,12324
monstername,119,The Royal Tomb Keeper (Iron Hammer),1,bango-file,message.dat,12325
monstername,120,Traitor Warrior,1,bango-file,message.dat,12327
monstername,121,Trained Traitor Warrior,1,bango-file,message.dat,12328
monstername,122,Trained Traitor Archer,1,bango-file,message.dat,12329
monstername,123,Guard of the Traitor's Hangout,1,bango-file,message.dat,12330
monstername,124,Archer of the Traitor's Hangout,1,bango-file,message.dat,12331
monstername,125,Knight of the Traitor's Hangout,1,bango-file,message.dat,12332
monstername,126,"Chief of the Traitor's Hangout, Yoong-Gi",1,bango-file,message.dat,12333
monstername,127,Gigantic Species Warrior,1,bango-file,message.dat,12334
monstername,128,Gigantic Species Archer,1,bango-file,message.dat,12335
monstername,129,Gigantic Species Shock Trooper,1,bango-file,message.dat,12336
monstername,130,Gigantic Species Ignoramus,1,bango-file,message.dat,12337
monstername,131,Gigantic Species Berserk,1,bango-file,message.dat,12338
monstername,132,Gigantic Species Murderer,1,bango-file,message.dat,12339
monstername,133,Gigantic Species Master,1,bango-file,message.dat,12340
monstername,134,Devil Troop of Absorbing Green,1,bango-file,message.dat,12342
monstername,135,Chief of Angry Doggebi Troop,1,bango-file,message.dat,12343
monstername,136,Traitor Warrior,1,bango-file,message.dat,12345
monstername,137,Traitor Warrior,1,bango-file,message.dat,12346
monstername,138,Trained Traitor Warrior,1,bango-file,message.dat,12347
monstername,139,Trained Traitor Warrior,1,bango-file,message.dat,12348
monstername,140,Trained Traitor Archer,1,bango-file,message.dat,12349
monstername,141,Trained Traitor Archer,1,bango-file,message.dat,12350
monstername,142,Guard of the Traitor's Hangout,1,bango-file,message.dat,12351
monstername,143,Guard of the Traitor's Hangout,1,bango-file,message.dat,12352
monstername,144,Archer of the Traitor's Hangout,1,bango-file,message.dat,12353
monstername,145,Archer of the Traitor's Hangout,1,bango-file,message.dat,12354
monstername,146,Knight of the Traitor's Hangout,1,bango-file,message.dat,12355
monstername,147,Knight of the Traitor's Hangout,1,bango-file,message.dat,12356
monstername,148,Gigantic Species Warrior,1,bango-file,message.dat,12357
monstername,149,Gigantic Species Warrior,1,bango-file,message.dat,12358
monstername,150,Gigantic Species Archer,1,bango-file,message.dat,12359
monstername,151,Gigantic Species Archer,1,bango-file,message.dat,12360
monstername,152,Gigantic Species Shock Trooper,1,bango-file,message.dat,12361
monstername,153,Gigantic Species Shock Trooper,1,bango-file,message.dat,12362
monstername,154,Gigantic Species Ignoramus,1,bango-file,message.dat,12363
monstername,155,Gigantic Species Ignoramus,1,bango-file,message.dat,12364
monstername,156,Gigantic Species Berserk,1,bango-file,message.dat,12365
monstername,157,Gigantic Species Berserk,1,bango-file,message.dat,12366
monstername,158,Gigantic Species Killer,1,bango-file,message.dat,12367
monstername,159,Gigantic Species Killer,1,bango-file,message.dat,12368
monstername,160,Warrior of Shadow Troop,1,bango-file,message.dat,12369
monstername,161,Hook of Shadow Troop,1,bango-file,message.dat,12370
monstername,162,Watcher of Shadow Troop,1,bango-file,message.dat,12371
monstername,163,Chief Warrior of Shadow Troop,1,bango-file,message.dat,12372
monstername,164,Spear Hand of Shadow Troop,1,bango-file,message.dat,12373
monstername,165,Lord of Shadow Troop,1,bango-file,message.dat,12374
monstername,173,Minister of the Royal Tomb,1,bango-file,message.dat,12376
monstername,174,Maid of Honor of the Royal Tomb,1,bango-file,message.dat,12377
monstername,175,The Royal Tomb Keeper,1,bango-file,message.dat,12378
monstername,176,The Royal Tomb Keeper,1,bango-file,message.dat,12379
monstername,177,The Royal Tomb Keeper,1,bango-file,message.dat,12380
monstername,178,The Royal Tomb Keeper,1,bango-file,message.dat,12381
monstername,179,The Royal Tomb Keeper,1,bango-file,message.dat,12382
monstername,180,The Royal Tomb Keeper,1,bango-file,message.dat,12383
monstername,181,The Royal Tomb Keeper,1,bango-file,message.dat,12384
monstername,182,The Royal Tomb Keeper,1,bango-file,message.dat,12385
monstername,183,The Royal Tomb Keeper,1,bango-file,message.dat,12386
monstername,184,The Royal Tomb Keeper,1,bango-file,message.dat,12387
monstername,185,The Royal Tomb Keeper,1,bango-file,message.dat,12388
monstername,186,The Royal Tomb Keeper,1,bango-file,message.dat,12389
monstername,187,The Royal Tomb Keeper,1,bango-file,message.dat,12390
monstername,188,The Royal Tomb Keeper,1,bango-file,message.dat,12391
monstername,189,The Royal Tomb Keeper,1,bango-file,message.dat,12392
monstername,190,The Royal Tomb Keeper,1,bango-file,message.dat,12393
monstername,191,Warrior of Shadow Troop,1,bango-file,message.dat,12394
monstername,192,Warrior of Shadow Troop,1,bango-file,message.dat,12395
monstername,193,Warrior of Shadow Troop,1,bango-file,message.dat,12396
monstername,194,Hook of Shadow Troop,1,bango-file,message.dat,12397
monstername,195,Watcher of Shadow Troop,1,bango-file,message.dat,12398
monstername,196,Chief Warrior of Shadow Troop,1,bango-file,message.dat,12399
monstername,197,Spear Hand of Shadow Troop,1,bango-file,message.dat,12400
monstername,198,Doggebi of Monster Face,1,bango-file,message.dat,12402
monstername,199,Doggebi with a Gong,1,bango-file,message.dat,12403
monstername,200,Drunken Doggebi,1,bango-file,message.dat,12404
monstername,201,Doggebi with a Mask of Black Crow,1,bango-file,message.dat,12405
monstername,202,Doggebi with a Mask of Black Panther,1,bango-file,message.dat,12406
monstername,203,Giant Doggebi,1,bango-file,message.dat,12407
monstername,204,Guardian of Doggebi,1,bango-file,message.dat,12408
monstername,205,Devil Troop of Desire,1,bango-file,message.dat,12409
monstername,206,Devil Troop of Pain,1,bango-file,message.dat,12410
monstername,207,Devil Troop of Greed,1,bango-file,message.dat,12411
monstername,208,Devil Troop of Jealousy,1,bango-file,message.dat,12412
monstername,209,Devil Troop of Hatred,1,bango-file,message.dat,12413
monstername,210,Devil Troop of Madness,1,bango-file,message.dat,12414
monstername,211,Devil Troop of Anger,1,bango-file,message.dat,12415
monstername,212,Treasure Box,1,bango-file,message.dat,12417
monstername,213,Doggebi Lord,1,bango-file,message.dat,12419
monstername,214,Evil Spirit,1,bango-file,message.dat,12420
monstername,221,Treasure Box,1,bango-file,message.dat,12422
monstername,222,Treasure Box,1,bango-file,message.dat,12423
monstername,223,Treasure Box,1,bango-file,message.dat,12424
monstername,224,Treasure Box,1,bango-file,message.dat,12425
monstername,225,Treasure Box,1,bango-file,message.dat,12426
monstername,226,Treasure Box,1,bango-file,message.dat,12427
monstername,227,Treasure Box,1,bango-file,message.dat,12428
monstername,232,Evil Spirit,1,bango-file,message.dat,12430
monstername,233,High Class Doggebi of Monster Face,1,bango-file,message.dat,12432
monstername,234,High Class Doggebi of Monster Face,1,bango-file,message.dat,12433
monstername,235,High Class Doggebi of Monster Face,1,bango-file,message.dat,12434
monstername,236,High Class Doggebi with a Gong,1,bango-file,message.dat,12435
monstername,237,High Class Doggebi with a Gong,1,bango-file,message.dat,12436
monstername,238,High Class Doggebi with a Gong,1,bango-file,message.dat,12437
monstername,239,High Class Drunken Doggebi,1,bango-file,message.dat,12438
monstername,240,High Class Drunken Doggebi,1,bango-file,message.dat,12439
monstername,241,High Class Drunken Doggebi,1,bango-file,message.dat,12440
monstername,242,High Class Doggebi with a Mask of Black Crow,1,bango-file,message.dat,12441
monstername,243,High Class Doggebi with a Mask of Black Crow,1,bango-file,message.dat,12442
monstername,244,High Class Doggebi with a Mask of Black Crow,1,bango-file,message.dat,12443
monstername,245,Demon Crack Soldier,1,bango-file,message.dat,12445
monstername,246,Demon Crack Soldier,1,bango-file,message.dat,12446
monstername,247,Demon Crack Soldier,1,bango-file,message.dat,12447
monstername,248,Chief of Demon Crack Troop,1,bango-file,message.dat,12448
monstername,249,Chief of Demon Crack Troop,1,bango-file,message.dat,12449
monstername,250,Chief of Demon Crack Troop,1,bango-file,message.dat,12450
monstername,251,Monster of Demon Crack Troop,1,bango-file,message.dat,12451
monstername,252,Monster of Demon Crack Troop,1,bango-file,message.dat,12452
monstername,253,Monster of Demon Crack Troop,1,bango-file,message.dat,12453
monstername,254,White Beast of Demon Crack Troop,1,bango-file,message.dat,12454
monstername,255,White Beast of Demon Crack Troop,1,bango-file,message.dat,12455
monstername,256,White Beast of Demon Crack Troop,1,bango-file,message.dat,12456
monstername,257,Blue Beast of Demon Crack Troop,1,bango-file,message.dat,12457
monstername,258,Blue Beast of Demon Crack Troop,1,bango-file,message.dat,12458
monstername,259,Blue Beast of Demon Crack Troop,1,bango-file,message.dat,12459
monstername,260,Punitive Force of Demon Crack Troop,1,bango-file,message.dat,12460
monstername,261,Punitive Force of Demon Crack Troop,1,bango-file,message.dat,12461
monstername,262,Punitive Force of Demon Crack Troop,1,bango-file,message.dat,12462
monstername,263,Hermit of White Beard,1,bango-file,message.dat,12464
monstername,264,Hermit of White Beard,1,bango-file,message.dat,12465
monstername,265,Hermit of White Beard,1,bango-file,message.dat,12466
monstername,266,Hermit of Long Beard,1,bango-file,message.dat,12467
monstername,267,Hermit of Long Beard,1,bango-file,message.dat,12468
monstername,268,Hermit of Long Beard,1,bango-file,message.dat,12469
monstername,269,Hermit of Red Face,1,bango-file,message.dat,12470
monstername,270,Hermit of Red Face,1,bango-file,message.dat,12471
monstername,271,Hermit of Red Face,1,bango-file,message.dat,12472
monstername,272,Hermit of Mask,1,bango-file,message.dat,12473
monstername,273,Hermit of Mask,1,bango-file,message.dat,12474
monstername,274,Hermit of Mask,1,bango-file,message.dat,12475
monstername,275,Tough Hermit,1,bango-file,message.dat,12476
monstername,276,Tough Hermit,1,bango-file,message.dat,12477
monstername,277,Tough Hermit,1,bango-file,message.dat,12478
monstername,278,Hermit of Anger,1,bango-file,message.dat,12479
monstername,279,Hermit of Anger,1,bango-file,message.dat,12480
monstername,280,Hermit of Anger,1,bango-file,message.dat,12481
monstername,281,High Class Doggebi with a Mask of Black Panther,1,bango-file,message.dat,12483
monstername,282,High Class Doggebi with a Mask of Black Panther,1,bango-file,message.dat,12484
monstername,283,High Class Doggebi with a Mask of Black Panther,1,bango-file,message.dat,12485
monstername,284,High Class Giant Doggebi,1,bango-file,message.dat,12486
monstername,285,High Class Giant Doggebi,1,bango-file,message.dat,12487
monstername,286,High Class Giant Doggebi,1,bango-file,message.dat,12488
monstername,287,High Class Guardian of Doggebi,1,bango-file,message.dat,12489
monstername,288,High Class Guardian of Doggebi,1,bango-file,message.dat,12490
monstername,289,High Class Guardian of Doggebi,1,bango-file,message.dat,12491
monstername,290,Personal Guard of Doggebi Lord,1,bango-file,message.dat,12492
monstername,291,Wooden Box,1,bango-file,message.dat,12494
monstername,292,Wooden Box,1,bango-file,message.dat,12495
monstername,293,Wooden Box,1,bango-file,message.dat,12496
monstername,294,Wooden Box,1,bango-file,message.dat,12497
monstername,295,Wooden Box,1,bango-file,message.dat,12498
monstername,296,Wooden Box,1,bango-file,message.dat,12499
monstername,297,Wooden Box,1,bango-file,message.dat,12500
monstername,298,Devil,1,bango-file,message.dat,12501
monstername,299,Demon Worker,1,bango-file,message.dat,12503
monstername,300,Demon Worker,1,bango-file,message.dat,12504
monstername,301,Manager of Demon Worker,1,bango-file,message.dat,12505
monstername,302,Manager of Demon Worker,1,bango-file,message.dat,12506
monstername,303,Boss of Demon Worker,1,bango-file,message.dat,12507
monstername,304,Demon Guard,1,bango-file,message.dat,12508
monstername,305,Demon Guard,1,bango-file,message.dat,12509
monstername,306,Demon Patrol,1,bango-file,message.dat,12510
monstername,307,Demon Patrol,1,bango-file,message.dat,12511
monstername,308,Demon Warrior,1,bango-file,message.dat,12512
monstername,309,Demon Infantry,1,bango-file,message.dat,12513
monstername,310,Crazy Demon Warrior,1,bango-file,message.dat,12514
monstername,311,Demon Defender,1,bango-file,message.dat,12515
monstername,312,Egg,1,bango-file,message.dat,12516
monstername,313,Larva,1,bango-file,message.dat,12517
monstername,314,Black Armored Insect,1,bango-file,message.dat,12518
monstername,315,Flame Plants,1,bango-file,message.dat,12519
monstername,316,Demon Monster,1,bango-file,message.dat,12520
monstername,317,Demon Nest,1,bango-file,message.dat,12521
monstername,318,Demon Queen,1,bango-file,message.dat,12522
monstername,319,White Tiger Cannon,1,bango-file,message.dat,12524
monstername,320,Blue Dragon Cannon,1,bango-file,message.dat,12525
monstername,321,Red Bird Cannon,1,bango-file,message.dat,12526
monstername,322,current fight beechun brain,1,bango-file,message.dat,12527
monstername,323,big bear fight beechun brain,1,bango-file,message.dat,12528
monstername,324,Wreckage of White Tiger Cannon,1,bango-file,message.dat,12529
monstername,325,Wreckage of Blue Dragon Cannon,1,bango-file,message.dat,12530
monstername,326,Wreckage of Red Bird Cannon,1,bango-file,message.dat,12531
monstername,327,current fight beechun brain remains,1,bango-file,message.dat,12532
monstername,328,big bear fight beechun brain remains,1,bango-file,message.dat,12533
monstername,329,Demon Monster,1,bango-file,message.dat,12535
monstername,330,Flame Plants,1,bango-file,message.dat,12536
monstername,331,Cannon Ball of White Tiger Cannon,1,bango-file,message.dat,12537
monstername,332,Cannon Ball of Blue Dragon Cannon,1,bango-file,message.dat,12538
monstername,333,Cannon Ball of Red Bird Cannon,1,bango-file,message.dat,12539
monstername,334, private of invading army ,1,bango-file,message.dat,12540
monstername,335, general of invading army ,1,bango-file,message.dat,12541
monstername,336, adjutant of invading army ,1,bango-file,message.dat,12542
monstername,337, executive officer of invading army ,1,bango-file,message.dat,12543
monstername,338, ,1,bango-file,message.dat,12544
monstername,339, Great Armored Knight ,1,bango-file,message.dat,12545
monstername,340, ,1,bango-file,message.dat,12546
monstername,352,Red Big Tower,1,bango-file,message.dat,12548
monstername,353,Upgraded Red Big Tower,1,bango-file,message.dat,12549
monstername,354,Red Small Tower,1,bango-file,message.dat,12550
monstername,355,Upgraded Red Small Tower,1,bango-file,message.dat,12551
monstername,356,Blue Big Tower,1,bango-file,message.dat,12552
monstername,357,Upgraded Blue Big Tower,1,bango-file,message.dat,12553
monstername,358,Blue Small Tower,1,bango-file,message.dat,12554
monstername,359,Upgraded Blue Small Tower,1,bango-file,message.dat,12555
monstername,360,Giant Tower,1,bango-file,message.dat,12556
monstername,361, Black Wolf ,1,bango-file,message.dat,12558
monstername,362, Great Wolf ,1,bango-file,message.dat,12559
monstername,363, Brown Wolf ,1,bango-file,message.dat,12560
monstername,365, Snow Monster ,1,bango-file,message.dat,12561
monstername,366,Sealed Commanders,1,bango-file,message.dat,12563
monstername,367,Sealed Commanders,1,bango-file,message.dat,12564
monstername,368,Sealed Commanders,1,bango-file,message.dat,12565
monstername,369,Gate of Prayer,1,bango-file,message.dat,12566
monstername,370,Broken Gate of Prayer,1,bango-file,message.dat,12567
monstername,371,Statue of Prayer,1,bango-file,message.dat,12568
monstername,372,Sealed Hermit,1,bango-file,message.dat,12569
monstername,373,Portable Bomb,1,bango-file,message.dat,12570
monstername,374, ,1,bango-file,message.dat,12571
monstername,375,Twisted Demon Guard,1,bango-file,message.dat,12579
monstername,376,Twisted Demon Patrol,1,bango-file,message.dat,12580
monstername,377,Twisted Demon Warrior,1,bango-file,message.dat,12581
monstername,378,Twisted Demon Soldier,1,bango-file,message.dat,12582
monstername,379,Twisted Demon Defender,1,bango-file,message.dat,12583
monstername,380,Twisted Brown E-Moogi,1,bango-file,message.dat,12584
monstername,381,Twisted Green E-Moogi,1,bango-file,message.dat,12585
monstername,382,Ghost of Dragon,1,bango-file,message.dat,12586
monstername,383,A Thousand year old E-Moogi,1,bango-file,message.dat,12587
monstername,384,Nail of Dragon,1,bango-file,message.dat,12588
monstername,385,Twisted Brown E-Moogi,1,bango-file,message.dat,12589
monstername,386,Twisted Green E-Moogi,1,bango-file,message.dat,12590
monstername,387, ,1,bango-file,message.dat,12591
monstername,388, ,1,bango-file,message.dat,12592
monstername,389, ,1,bango-file,message.dat,12593
monstername,390,Ghost of Smith in E-Mok Island,1,bango-file,message.dat,12595
monstername,391,Ghost of Guard in E-Mok Island,1,bango-file,message.dat,12596
monstername,392,Sealed Ghost in E-Mok Island,1,bango-file,message.dat,12597
monstername,393,Sealed Ghost in E-Mok Island,1,bango-file,message.dat,12598
monstername,394,Small Green E-Moogi,1,bango-file,message.dat,12599
monstername,395,Small Green E-Moogi,1,bango-file,message.dat,12600
monstername,396,Twisted Green E-Moogi,1,bango-file,message.dat,12601
monstername,397,Twisted Green E-Moogi,1,bango-file,message.dat,12602
monstername,398,Small Brown E-Moogi,1,bango-file,message.dat,12603
monstername,399,Small Brown E-Moogi,1,bango-file,message.dat,12604
monstername,400,Twisted Brown E-Moogi,1,bango-file,message.dat,12605
monstername,401,Twisted Brown E-Moogi,1,bango-file,message.dat,12606
monstername,402,Twisted Demon Guard,1,bango-file,message.dat,12607
monstername,403,Twisted Demon Guard,1,bango-file,message.dat,12608
monstername,404,Twisted Demon Patrol,1,bango-file,message.dat,12609
monstername,405,Twisted Demon Patrol,1,bango-file,message.dat,12610
monstername,406,Twisted Demon Warrior,1,bango-file,message.dat,12611
monstername,407,Twisted Demon Soldier,1,bango-file,message.dat,12612
monstername,408,Twisted Demon Soldier,1,bango-file,message.dat,12613
monstername,409,Twisted Demon Defender,1,bango-file,message.dat,12614
monstername,410,Use when E-Moogi is dead,1,bango-file,message.dat,12615
monstername,411,For the appearance for Ghost of Dragon,1,bango-file,message.dat,12616
monstername,412,Twisted Demon Guard,1,bango-file,message.dat,12618
monstername,413,Twisted Demon Patrol,1,bango-file,message.dat,12619
monstername,414,Twisted Demon Warrior,1,bango-file,message.dat,12620
monstername,415,Twisted Demon Soldier,1,bango-file,message.dat,12621
monstername,416,Tobyong,1,bango-file,message.dat,12624
monstername,417,Tobyong Magician,1,bango-file,message.dat,12625
monstername,418,Tobyong Giant,1,bango-file,message.dat,12626
monstername,419,Noktoo Soldier,1,bango-file,message.dat,12627
monstername,420,Noktoo Magician,1,bango-file,message.dat,12628
monstername,421,Noktoo Assassin,1,bango-file,message.dat,12629
monstername,422,Noktoo General,1,bango-file,message.dat,12630
monstername,424,Bogy Rider,1,bango-file,message.dat,12631
monstername,425,Bogy Archer,1,bango-file,message.dat,12632
monstername,426,Bogy Captain,1,bango-file,message.dat,12633
monstername,427,Bogy General,1,bango-file,message.dat,12634
monstername,428,Mutant Demon,1,bango-file,message.dat,12637
monstername,429,Mutant Demon Leader,1,bango-file,message.dat,12638
monstername,430,Bronze Man,1,bango-file,message.dat,12639
monstername,431,Bronze Giant,1,bango-file,message.dat,12640
monstername,432,Goshi Warrior,1,bango-file,message.dat,12641
monstername,433,Goshi Leader,1,bango-file,message.dat,12642
monstername,445,summoning stone,1,bango-file,message.dat,12644
monstername,446,Firmamental Pillar,1,bango-file,message.dat,12645
monstername,447,Firmamental Pillar,1,bango-file,message.dat,12646
monstername,448,summoning stone,1,bango-file,message.dat,12647
monstername,449,Mutant Demon,1,bango-file,message.dat,12649
monstername,450,Mutant Demon Leader,1,bango-file,message.dat,12650
monstername,451,Bronze Man,1,bango-file,message.dat,12651
monstername,452,Bronze Giant,1,bango-file,message.dat,12652
monstername,453,Goshi Warrior,1,bango-file,message.dat,12653
monstername,454,Goshi Leader,1,bango-file,message.dat,12654
monstername,455,True Firmamental Pillar,1,bango-file,message.dat,12656
monstername,456,True Firmamental Pillar,1,bango-file,message.dat,12657
monstername,457,Firmamental Pillar,1,bango-file,message.dat,12658
monstername,458,Firmamental Pillar,1,bango-file,message.dat,12659
monstername,459,True Firmamental Pillar,1,bango-file,message.dat,12660
monstername,460,True Firmamental Pillar,1,bango-file,message.dat,12661
monstername,434,Minor earth element,1,bango-file,message.dat,12665
monstername,435,Earth element,1,bango-file,message.dat,12666
monstername,436,Minor fire element,1,bango-file,message.dat,12667
monstername,437,Fire element,1,bango-file,message.dat,12668
monstername,438,Minor water element,1,bango-file,message.dat,12669
monstername,439,Water element,1,bango-file,message.dat,12670
monstername,440,Minor iron element,1,bango-file,message.dat,12671
monstername,441,Iron element,1,bango-file,message.dat,12672
monstername,442,Minor wood element,1,bango-file,message.dat,12673
monstername,443,Wood element,1,bango-file,message.dat,12674
monstername,444,Security guard of the priest,1,bango-file,message.dat,12675
monstername,461,Minor earth element,1,bango-file,message.dat,12679
monstername,462,Minor earth element,1,bango-file,message.dat,12680
monstername,463,Minor earth element,1,bango-file,message.dat,12681
monstername,464,Minor earth element,1,bango-file,message.dat,12682
monstername,465,Minor fire element,1,bango-file,message.dat,12683
monstername,466,Minor fire element,1,bango-file,message.dat,12684
monstername,467,Minor fire element,1,bango-file,message.dat,12685
monstername,468,Minor fire element,1,bango-file,message.dat,12686
monstername,469,Minor water element,1,bango-file,message.dat,12687
monstername,470,Minor water element,1,bango-file,message.dat,12688
monstername,471,Minor water element,1,bango-file,message.dat,12689
monstername,472,Minor water element,1,bango-file,message.dat,12690
monstername,473,Minor iron element,1,bango-file,message.dat,12691
monstername,474,Minor iron element,1,bango-file,message.dat,12692
monstername,475,Minor iron element,1,bango-file,message.dat,12693
monstername,476,Minor iron element,1,bango-file,message.dat,12694
monstername,477,Minor wood element,1,bango-file,message.dat,12695
monstername,478,Minor wood element,1,bango-file,message.dat,12696
monstername,479,Minor wood element,1,bango-file,message.dat,12697
monstername,480,Minor wood element,1,bango-file,message.dat,12698
monstername,481,Earth element,1,bango-file,message.dat,12702
monstername,482,Earth element,1,bango-file,message.dat,12703
monstername,483,Earth element,1,bango-file,message.dat,12704
monstername,484,Earth element,1,bango-file,message.dat,12705
monstername,485,Fire element,1,bango-file,message.dat,12706
monstername,486,Fire element,1,bango-file,message.dat,12707
monstername,487,Fire element,1,bango-file,message.dat,12708
monstername,488,Fire element,1,bango-file,message.dat,12709
monstername,489,Water element,1,bango-file,message.dat,12710
monstername,490,Water element,1,bango-file,message.dat,12711
monstername,491,Water element,1,bango-file,message.dat,12712
monstername,492,Water element,1,bango-file,message.dat,12713
monstername,493,Iron element,1,bango-file,message.dat,12714
monstername,494,Iron element,1,bango-file,message.dat,12715
monstername,495,Iron element,1,bango-file,message.dat,12716
monstername,496,Iron element,1,bango-file,message.dat,12717
monstername,497,Wood element,1,bango-file,message.dat,12718
monstername,498,Wood element,1,bango-file,message.dat,12719
monstername,499,Wood element,1,bango-file,message.dat,12720
monstername,500,Wood element,1,bango-file,message.dat,12721
monstername,516,High Class Earth element,1,bango-file,message.dat,12728
monstername,517,High Class Earth element,1,bango-file,message.dat,12729
monstername,518,High Class Earth element,1,bango-file,message.dat,12730
monstername,519,High Class Fire element,1,bango-file,message.dat,12731
monstername,520,High Class Fire element,1,bango-file,message.dat,12732
monstername,521,High Class Fire element,1,bango-file,message.dat,12733
monstername,522,High Class Water element,1,bango-file,message.dat,12734
monstername,523,High Class Water element,1,bango-file,message.dat,12735
monstername,524,High Class Water element,1,bango-file,message.dat,12736
monstername,525,High Class Iron element,1,bango-file,message.dat,12737
monstername,526,High Class Iron element,1,bango-file,message.dat,12738
monstername,527,High Class Iron element,1,bango-file,message.dat,12739
monstername,528,High Class Wood element,1,bango-file,message.dat,12740
monstername,529,High Class Wood element,1,bango-file,message.dat,12741
monstername,530,High Class Wood element,1,bango-file,message.dat,12742
monstername,531,High Class Security guard of the priest,1,bango-file,message.dat,12743
monstername,532,High Class Security guard of the priest,1,bango-file,message.dat,12744
monstername,533,Earth element master,1,bango-file,message.dat,12745
monstername,534,Fire element master,1,bango-file,message.dat,12746
monstername,535,Water element master,1,bango-file,message.dat,12747
monstername,536,Iron element master,1,bango-file,message.dat,12748
monstername,537,Wood element master,1,bango-file,message.dat,12749
monstername,538,Banshee,1,bango-file,message.dat,12750
monstername,539,Banshee,1,bango-file,message.dat,12751
monstername,540,Banshee,1,bango-file,message.dat,12752
monstername,541,Banshee,1,bango-file,message.dat,12753
monstername,542,Banshee,1,bango-file,message.dat,12754
monstername,543,Skeleton,1,bango-file,message.dat,12755
monstername,544,Skeleton,1,bango-file,message.dat,12756
monstername,545,Skeleton,1,bango-file,message.dat,12757
monstername,546,Elite Skeleton,1,bango-file,message.dat,12758
monstername,547,Elite Skeleton,1,bango-file,message.dat,12759
monstername,548,Elite Skeleton,1,bango-file,message.dat,12760
monstername,549,Elite Skeleton,1,bango-file,message.dat,12761
monstername,550,Elite Skeleton,1,bango-file,message.dat,12762
monstername,551,Skeleton Warrior,1,bango-file,message.dat,12763
monstername,552,Skeleton Warrior,1,bango-file,message.dat,12764
monstername,553,Skeleton Warrior,1,bango-file,message.dat,12765
monstername,554,Skeleton Warrior,1,bango-file,message.dat,12766
monstername,555,Skeleton Warrior,1,bango-file,message.dat,12767
monstername,556,Skeleton Archer,1,bango-file,message.dat,12768
monstername,557,Skeleton Archer,1,bango-file,message.dat,12769
monstername,558,Skeleton Archer,1,bango-file,message.dat,12770
monstername,559,Skeleton Archer,1,bango-file,message.dat,12771
monstername,560,Skeleton Archer,1,bango-file,message.dat,12772
monstername,561,Wraith,1,bango-file,message.dat,12773
monstername,562,Wraith,1,bango-file,message.dat,12774
monstername,563,Wraith,1,bango-file,message.dat,12775
monstername,564,Guardian of I'Lyer,1,bango-file,message.dat,12776
monstername,565,Guardian of I'Lyer,1,bango-file,message.dat,12777
monstername,566,Dunamic,1,bango-file,message.dat,12778
monstername,572,cheios,1,bango-file,message.dat,12779
monstername,573,I'Lyer,1,bango-file,message.dat,12780
monstername,577,Elite Skeleton Warrior,1,bango-file,message.dat,12784
monstername,578,Elite Skeleton Warrior,1,bango-file,message.dat,12785
monstername,579,Elite Skeleton Warrior,1,bango-file,message.dat,12786
monstername,580,Elite Skeleton Warrior,1,bango-file,message.dat,12787
monstername,581,Elite Skeleton Warrior,1,bango-file,message.dat,12788
monstername,582,Master Wraith,1,bango-file,message.dat,12789
monstername,583,Master Wraith,1,bango-file,message.dat,12790
monstername,584,Master Wraith,1,bango-file,message.dat,12791
monstername,585,Crazy Demon Worker,1,bango-file,message.dat,12792
monstername,586,Crazy Demon Worker,1,bango-file,message.dat,12793
monstername,587,Crazy Demon Worker,1,bango-file,message.dat,12794
monstername,588,Crazy Demon Worker,1,bango-file,message.dat,12795
monstername,589,Crazy Demon Worker,1,bango-file,message.dat,12796
monstername,590,Degenarated Twisted Demon,1,bango-file,message.dat,12797
monstername,591,Degenarated Twisted Demon,1,bango-file,message.dat,12798
monstername,592,Degenarated Twisted Demon,1,bango-file,message.dat,12799
monstername,593,Degenarated Twisted Demon,1,bango-file,message.dat,12800
monstername,594,Degenarated Twisted Demon,1,bango-file,message.dat,12801
monstername,595,Wild Boar,1,bango-file,message.dat,12802
monstername,596,Wild Boar,1,bango-file,message.dat,12803
monstername,597,Wild Boar,1,bango-file,message.dat,12804
monstername,598,Wolf,1,bango-file,message.dat,12805
monstername,599,Wolf,1,bango-file,message.dat,12806
monstername,600,Wolf,1,bango-file,message.dat,12807
monstername,601,Brown Bear,1,bango-file,message.dat,12808
monstername,602,Brown Bear,1,bango-file,message.dat,12809
monstername,603,Brown Bear,1,bango-file,message.dat,12810
monstername,604,Scorpion,1,bango-file,message.dat,12811
monstername,605,Scorpion,1,bango-file,message.dat,12812
monstername,606,Scorpion,1,bango-file,message.dat,12813
monstername,607,Knoll,1,bango-file,message.dat,12814
monstername,608,Knoll,1,bango-file,message.dat,12815
monstername,609,Knoll,1,bango-file,message.dat,12816
monstername,610,Goblin,1,bango-file,message.dat,12817
monstername,611,Goblin,1,bango-file,message.dat,12818
monstername,612,Goblin,1,bango-file,message.dat,12819
monstername,613,Goblin Conjurator,1,bango-file,message.dat,12820
monstername,614,Goblin Conjurator,1,bango-file,message.dat,12821
monstername,615,Goblin Conjurator,1,bango-file,message.dat,12822
monstername,616,Evolve Zombie,1,bango-file,message.dat,12823
monstername,617,Evolve Zombie,1,bango-file,message.dat,12824
monstername,618,Evolve Zombie,1,bango-file,message.dat,12825
monstername,619,Zombie Conjurator,1,bango-file,message.dat,12826
monstername,620,Zombie Conjurator,1,bango-file,message.dat,12827
monstername,621,Zombie Conjurator,1,bango-file,message.dat,12828
monstername,622,Guard of D'evah,1,bango-file,message.dat,12829
monstername,623,Guard of D'evah,1,bango-file,message.dat,12830
monstername,624,Xill,1,bango-file,message.dat,12831
monstername,625,Xill,1,bango-file,message.dat,12832
monstername,626,Xill,1,bango-file,message.dat,12833
monstername,627,Virgin Ghost,1,bango-file,message.dat,12834
monstername,628,Virgin Ghost,1,bango-file,message.dat,12835
monstername,629,Virgin Ghost,1,bango-file,message.dat,12836
monstername,630,One-Legged Ghost,1,bango-file,message.dat,12837
monstername,631,One-Legged Ghost,1,bango-file,message.dat,12838
monstername,632,One-Legged Ghost,1,bango-file,message.dat,12839
monstername,633,Giant,1,bango-file,message.dat,12840
monstername,634,Giant,1,bango-file,message.dat,12841
monstername,635,D'evah's Guardian,1,bango-file,message.dat,12842
monstername,1022,Giant,1,bango-file,message.dat,12843
monstername,636,Ifrit,1,bango-file,message.dat,12844
monstername,1023,Ifrit,1,bango-file,message.dat,12845
monstername,1024,Ifrit,1,bango-file,message.dat,12846
monstername,637,Elite Skeleton,1,bango-file,message.dat,12847
monstername,638,Elite Skeleton,1,bango-file,message.dat,12848
monstername,639,Elite Skeleton,1,bango-file,message.dat,12849
monstername,640,Elite Skeleton,1,bango-file,message.dat,12850
monstername,641,Elite Skeleton,1,bango-file,message.dat,12851
monstername,642,Elite Skeleton Archer,1,bango-file,message.dat,12852
monstername,643,Elite Skeleton Archer,1,bango-file,message.dat,12853
monstername,644,Elite Skeleton Archer,1,bango-file,message.dat,12854
monstername,645,Elite Skeleton Archer,1,bango-file,message.dat,12855
monstername,646,Elite Skeleton Archer,1,bango-file,message.dat,12856
monstername,674,Wounded Evolve Zombie,1,bango-file,message.dat,12863
monstername,675,Wounded Evolve Zombie,1,bango-file,message.dat,12864
monstername,676,Wounded Evolve Zombie,1,bango-file,message.dat,12865
monstername,677,Wounded Conjurator Zombie,1,bango-file,message.dat,12866
monstername,678,Wounded Conjurator Zombie,1,bango-file,message.dat,12867
monstername,679,Wounded Conjurator Zombie,1,bango-file,message.dat,12868
monstername,680,Goblin soldier,1,bango-file,message.dat,12869
monstername,681,Goblin soldier,1,bango-file,message.dat,12870
monstername,682,Goblin soldier,1,bango-file,message.dat,12871
monstername,683,Goblin Scout Soldier,1,bango-file,message.dat,12872
monstername,684,Goblin Scout Soldier,1,bango-file,message.dat,12873
monstername,685,Goblin Scout Soldier,1,bango-file,message.dat,12874
monstername,686,Goblin Warrior,1,bango-file,message.dat,12875
monstername,687,Goblin Warrior,1,bango-file,message.dat,12876
monstername,688,Goblin Warrior,1,bango-file,message.dat,12877
monstername,689,Knoll soldier,1,bango-file,message.dat,12878
monstername,690,Knoll soldier,1,bango-file,message.dat,12879
monstername,691,Knoll soldier,1,bango-file,message.dat,12880
monstername,692,Knoll Warrior,1,bango-file,message.dat,12881
monstername,693,Knoll Warrior,1,bango-file,message.dat,12882
monstername,694,Knoll Warrior,1,bango-file,message.dat,12883
monstername,695,Knoll Mad Warrior,1,bango-file,message.dat,12884
monstername,696,Knoll Mad Warrior,1,bango-file,message.dat,12885
monstername,697,Knoll Mad Warrior,1,bango-file,message.dat,12886
monstername,698,Crazy Demon soldier,1,bango-file,message.dat,12887
monstername,699,Crazy Demon soldier,1,bango-file,message.dat,12888
monstername,700,Crazy Demon soldier,1,bango-file,message.dat,12889
monstername,701,Crazy Demon Warrior,1,bango-file,message.dat,12890
monstername,702,Crazy Demon Warrior,1,bango-file,message.dat,12891
monstername,703,Crazy Demon Warrior,1,bango-file,message.dat,12892
monstername,704,Twisted Demon soldier,1,bango-file,message.dat,12893
monstername,705,Twisted Demon soldier,1,bango-file,message.dat,12894
monstername,706,Twisted Demon soldier,1,bango-file,message.dat,12895
monstername,707,Twisted Demon Warrior,1,bango-file,message.dat,12896
monstername,708,Twisted Demon Warrior,1,bango-file,message.dat,12897
monstername,709,Twisted Demon Warrior,1,bango-file,message.dat,12898
monstername,801,Starved Xill soldier,1,bango-file,message.dat,12899
monstername,802,Starved Xill soldier,1,bango-file,message.dat,12900
monstername,803,Starved Xill soldier,1,bango-file,message.dat,12901
monstername,804,Crazy Xill Warrior,1,bango-file,message.dat,12902
monstername,805,Crazy Xill Warrior,1,bango-file,message.dat,12903
monstername,806,Crazy Xill Warrior,1,bango-file,message.dat,12904
monstername,807,D'evah's Special Guard,1,bango-file,message.dat,12905
monstername,808,D'evah's Special Guard,1,bango-file,message.dat,12906
monstername,809,D'evah's Royal Guard,1,bango-file,message.dat,12907
monstername,810,D'evah's Royal Guard,1,bango-file,message.dat,12908
monstername,811,Knoll Archer,1,bango-file,message.dat,12909
monstername,812,Knoll Archer,1,bango-file,message.dat,12910
monstername,813,Knoll Archer,1,bango-file,message.dat,12911
monstername,814,Crazy Demon Conjurator,1,bango-file,message.dat,12912
monstername,815,Crazy Demon Conjurator,1,bango-file,message.dat,12913
monstername,816,Crazy Demon Conjurator,1,bango-file,message.dat,12914
monstername,817,Xill Archer,1,bango-file,message.dat,12915
monstername,818,Xill Archer,1,bango-file,message.dat,12916
monstername,819,Xill Archer,1,bango-file,message.dat,12917
monstername,820,Xill Conjurator,1,bango-file,message.dat,12918
monstername,821,Xill Conjurator,1,bango-file,message.dat,12919
monstername,822,Xill Conjurator,1,bango-file,message.dat,12920
monstername,822,Xill Conjurator,2,bango-file,message.dat,12921
monstername,823,Demon Troop's Catapult,1,bango-file,message.dat,12922
monstername,824,Noktoo General,1,bango-file,message.dat,12923
monstername,825,Tobyong Giant,1,bango-file,message.dat,12924
monstername,826,Bogy General,1,bango-file,message.dat,12925
monstername,827,Spirit of Dead One,1,bango-file,message.dat,12926
monstername,828,Ruler of Wasteland,1,bango-file,message.dat,12927
monstername,829,Death Knight,1,bango-file,message.dat,12928
monstername,647,Seal of Hell,1,bango-file,message.dat,12931
monstername,648,Seal of Hell,1,bango-file,message.dat,12932
monstername,649,Seal of Hell,1,bango-file,message.dat,12933
monstername,650,Ball of Soul,1,bango-file,message.dat,12934
monstername,651,Ball of Soul,1,bango-file,message.dat,12935
monstername,652,Ball of Soul,1,bango-file,message.dat,12936
monstername,653,Portal Stone,1,bango-file,message.dat,12937
monstername,654,Rusty Blade,1,bango-file,message.dat,12938
monstername,655,Death Thorn,1,bango-file,message.dat,12939
monstername,656,Ugly Soul,1,bango-file,message.dat,12940
monstername,657,Steel Arrow trap,1,bango-file,message.dat,12941
monstername,658,Frame Statue,1,bango-file,message.dat,12942
monstername,659,Frame Statue,1,bango-file,message.dat,12943
monstername,660,Frame Statue,1,bango-file,message.dat,12944
monstername,661,Frame Statue,1,bango-file,message.dat,12945
monstername,662,Flame Fountain,1,bango-file,message.dat,12946
monstername,663,Corpse Fountain,1,bango-file,message.dat,12947
monstername,664,Frost Fountain,1,bango-file,message.dat,12948
monstername,665,Movement Plate,1,bango-file,message.dat,12949
monstername,666,Summon Stone,1,bango-file,message.dat,12950
monstername,667,Hell Gate Keeper,1,bango-file,message.dat,12951
monstername,668,Hell Gate Keeper,1,bango-file,message.dat,12952
monstername,669,Hell Gate Keeper,1,bango-file,message.dat,12953
monstername,746,Hell's Virago,1,bango-file,message.dat,12956
monstername,747,Hell's Virago,1,bango-file,message.dat,12957
monstername,748,Hell's Virago,1,bango-file,message.dat,12958
monstername,750,Doggebi of Time,1,bango-file,message.dat,12959
monstername,841,Minister of the Royal Tomb from Hell,1,bango-file,message.dat,12960
monstername,842,Boss of Demon Worker from Hell,1,bango-file,message.dat,12961
monstername,843,Ghost of Guard in E-Mok Island from Hell,1,bango-file,message.dat,12962
monstername,844,Small Green E-Moogi from Hell,1,bango-file,message.dat,12963
monstername,845,Sealed Ghost in E-Mok Island from Hell,1,bango-file,message.dat,12964
monstername,846,Gigantic Species Ignoramus from Hell,1,bango-file,message.dat,12965
monstername,847,Black Armored Insect from Hell,1,bango-file,message.dat,12966
monstername,848,Hermit of Long Beard from Hell,1,bango-file,message.dat,12967
monstername,849,Hermit of Red Face from Hell,1,bango-file,message.dat,12968
monstername,850,Demon Infantry from Hell,1,bango-file,message.dat,12969
monstername,851,Twisted Demon Soldier from Hell,1,bango-file,message.dat,12970
monstername,852,Hermit of Anger from Hell,1,bango-file,message.dat,12971
monstername,853,Gigantic Species Master from Hell,1,bango-file,message.dat,12972
monstername,854,Twisted Demon Defender from Hell,1,bango-file,message.dat,12973
monstername,855,Lord of Shadow Troop from Hell,1,bango-file,message.dat,12974
monstername,501,Summoned Drunken Doggebi,1,bango-file,message.dat,12977
monstername,502,Summoned Doggebi with a Mask of Black Crow,1,bango-file,message.dat,12978
monstername,503,Summoned Doggebi with a Mask of Black Panther,1,bango-file,message.dat,12979
monstername,504,Summoned Giant Doggebi,1,bango-file,message.dat,12980
monstername,505,Summoned Guardian of Doggebi,1,bango-file,message.dat,12981
monstername,506,Summoned Traitor Warrior,1,bango-file,message.dat,12982
monstername,507,Summoned Trained Traitor Warrior,1,bango-file,message.dat,12983
monstername,508,Summoned Trained Traitor Archer,1,bango-file,message.dat,12984
monstername,509,Summoned Guard of the Traitors Hangout,1,bango-file,message.dat,12985
monstername,510,Summoned Archer of the Traitor's Hangout,1,bango-file,message.dat,12986
monstername,511,Summoned Chief of Demon Crack Troop,1,bango-file,message.dat,12987
monstername,512,Summoned Monster of Demon Crack Troop,1,bango-file,message.dat,12988
monstername,513,Summoned White Beast of Demon Crack Troop,1,bango-file,message.dat,12989
monstername,514,Summoned Blue Beast of Demon Crack Troop,1,bango-file,message.dat,12990
monstername,515,Summoned Punitive Force of Demon Crack Troop,1,bango-file,message.dat,12991
monstername,710,Summoned 2nd Devil Monster,1,bango-file,message.dat,12993
monstername,711,Summoned 1st Devil Monster,1,bango-file,message.dat,12994
monstername,712,Summoned Doggebi of Monster Face,1,bango-file,message.dat,12995
monstername,713,Summoned Doggebi with a Mask of Black Crow,1,bango-file,message.dat,12996
monstername,714,Summoned Doggebi with a Mask of Black Panther,1,bango-file,message.dat,12997
monstername,715,Summoned Guardian of Doggebi,1,bango-file,message.dat,12998
monstername,716,Summoned Manager of Demon Worker,1,bango-file,message.dat,12999
monstername,717,Summoned The Royal Tomb Keeper,1,bango-file,message.dat,13000
monstername,718,Summoned Noktoo Soldier,1,bango-file,message.dat,13001
monstername,719,Summoned Chief of Angry Doggebi Troop,1,bango-file,message.dat,13002
monstername,720,Summoned Traitor Warrior,1,bango-file,message.dat,13003
monstername,721,Summoned Trained Traitor Archer,1,bango-file,message.dat,13004
monstername,722,Summoned Gigantic Species Murderer,1,bango-file,message.dat,13005
monstername,723,Summoned Monster of Demon Crack Troop,1,bango-file,message.dat,13006
monstername,724,Summoned White Beast of Demon Crack Troop,1,bango-file,message.dat,13007
monstername,725,Summoned Punitive Force of Demon Crack Troop,1,bango-file,message.dat,13008
monstername,726,Summoned Noktoo Magician,1,bango-file,message.dat,13009
monstername,727,Summoned Crazy Demon Warrior,1,bango-file,message.dat,13010
monstername,728,Summoned Twisted Demon Soldier,1,bango-file,message.dat,13011
monstername,729,Summoned Bogy Archer,1,bango-file,message.dat,13012
monstername,730,Summoned Bogy General,1,bango-file,message.dat,13013
monstername,731,Summoned Noktoo Assassin,1,bango-file,message.dat,13014
monstername,732,Summoned Mutant Demon Leader,1,bango-file,message.dat,13015
monstername,733,Summoned Hermit of Anger,1,bango-file,message.dat,13016
monstername,734,Summoned Twisted Demon Defender,1,bango-file,message.dat,13017
monstername,735,Summoned Minor earth element,1,bango-file,message.dat,13019
monstername,736,Summoned Minor fire element,1,bango-file,message.dat,13020
monstername,737,Summoned Minor water element,1,bango-file,message.dat,13021
monstername,738,Summoned Minor iron element,1,bango-file,message.dat,13022
monstername,739,Summoned Minor wood element,1,bango-file,message.dat,13023
monstername,740,Summoned Earth element,1,bango-file,message.dat,13024
monstername,741,Summoned Fire element,1,bango-file,message.dat,13025
monstername,742,Summoned Water element,1,bango-file,message.dat,13026
monstername,743,Summoned Iron element,1,bango-file,message.dat,13027
monstername,744,Summoned Wood element,1,bango-file,message.dat,13028
monstername,751,Summoned Trained Traitor Warrior,1,bango-file,message.dat,13030
monstername,752,Summoned Trained Traitor Archer,1,bango-file,message.dat,13031
monstername,753,Summoned Knight of the Traitor's Hangout,1,bango-file,message.dat,13032
monstername,754,"Summoned Chief of the Traitor's Hangout, Yoong-Gi",1,bango-file,message.dat,13033
monstername,755,Summoned Twisted Demon Warrior,1,bango-file,message.dat,13034
monstername,756,Summoned Twisted Demon Soldier,1,bango-file,message.dat,13035
monstername,757,Summoned Skeleton,1,bango-file,message.dat,13036
monstername,758,Summoned Skeleton,1,bango-file,message.dat,13037
monstername,759,Summoned Hermit of Red Face,1,bango-file,message.dat,13038
monstername,760,Summoned Hermit of Mask,1,bango-file,message.dat,13039
monstername,761,Summoned 3rd Commander of The Royal Tomb,1,bango-file,message.dat,13040
monstername,762,Summoned 2nd Commander of The Royal Tomb,1,bango-file,message.dat,13041
monstername,768,Summoned Crazy Demon Worker's Leader,1,bango-file,message.dat,13044
monstername,769,Summoned Brown Bear,1,bango-file,message.dat,13045
monstername,770,Summoned Knoll,1,bango-file,message.dat,13046
monstername,771,Summoned Goblin,1,bango-file,message.dat,13047
monstername,772,Summoned Goblin Conjurator,1,bango-file,message.dat,13048
monstername,773,Summoned Knoll soldier,1,bango-file,message.dat,13049
monstername,774,Summoned Knoll Archer,1,bango-file,message.dat,13050
monstername,775,Summoned Goblin soldier,1,bango-file,message.dat,13051
monstername,776,Summoned Goblin Scout Soldier,1,bango-file,message.dat,13052
monstername,777,Summoned Twisted Brown E-Moogi,1,bango-file,message.dat,13055
monstername,778,Summoned Twisted Green E-Moogi,1,bango-file,message.dat,13056
monstername,779,Summoned Scorpion,1,bango-file,message.dat,13057
monstername,780,Summoned Wolf,1,bango-file,message.dat,13058
monstername,781,Summoned Wild Boar,1,bango-file,message.dat,13059
monstername,782,Summoned Skeleton Soldier,1,bango-file,message.dat,13060
monstername,783,Summoned Skeleton Archer,1,bango-file,message.dat,13061
monstername,784,Summoned Knoll Mad Warrior,1,bango-file,message.dat,13062
monstername,785,Summoned Xill,1,bango-file,message.dat,13063
monstername,786,Summoned Xill Archer,1,bango-file,message.dat,13064
monstername,787,Summoned Master Wraith,1,bango-file,message.dat,13067
monstername,788,Summoned Master Skeleton Warrior,1,bango-file,message.dat,13068
monstername,789,Summoned Master Skeleton Archer,1,bango-file,message.dat,13069
monstername,790,Summoned Gigantic Species Warrior,1,bango-file,message.dat,13070
monstername,791,Summoned Gigantic Species Archer,1,bango-file,message.dat,13071
monstername,792,Summoned Gigantic Species Shock Trooper,1,bango-file,message.dat,13072
monstername,793,Summoned Gigantic Species Ignoramus,1,bango-file,message.dat,13073
monstername,794,Summoned Gigantic Species Berserk,1,bango-file,message.dat,13074
monstername,795,Summoned Gigantic Species Master,1,bango-file,message.dat,13075
monstername,796,Summoned Giant,1,bango-file,message.dat,13076
monstername,899,Demon Nest,1,bango-file,message.dat,13079
monstername,900,Demon Queen,1,bango-file,message.dat,13080
monstername,830,Miracle's Stone 1,1,bango-file,message.dat,13085
monstername,831,Knoll's hideaway 1,1,bango-file,message.dat,13086
monstername,832,Miracle's Stone 2,1,bango-file,message.dat,13087
monstername,833,Miracle's Stone 3,1,bango-file,message.dat,13088
monstername,834,Crazy Demon Worker's Leader,1,bango-file,message.dat,13089
monstername,835,Wolf Commander,1,bango-file,message.dat,13090
monstername,836,Guard of D'evah's Commander,1,bango-file,message.dat,13091
monstername,837,Miracle's Stone 4,1,bango-file,message.dat,13092
monstername,838,Knoll's hideaway 2,1,bango-file,message.dat,13093
monstername,839,Knoll's hideaway 3,1,bango-file,message.dat,13094
monstername,840,Knoll's hideaway 4,1,bango-file,message.dat,13095
monstername,890,Thief Santa Claus,1,bango-file,message.dat,13099
monstername,901,Demon Monster,1,bango-file,message.dat,13112
monstername,902,Lord of Shadow Troop from Hell,1,bango-file,message.dat,13113
monstername,903,Demon Defender,1,bango-file,message.dat,13114
monstername,904,Crazy Demon Warrior,1,bango-file,message.dat,13115
monstername,905,Demon Infantry,1,bango-file,message.dat,13116
monstername,906,Demon Warrior,1,bango-file,message.dat,13117
monstername,907,Spear Hand of Shadow Troop,1,bango-file,message.dat,13118
monstername,908,Spear Hand of Shadow Troop,1,bango-file,message.dat,13119
monstername,909,Chief Warrior of Shadow Troop,1,bango-file,message.dat,13120
monstername,910,Chief Warrior of Shadow Troop,1,bango-file,message.dat,13121
monstername,911,Hook of Shadow Troop,1,bango-file,message.dat,13122
monstername,912,Hook of Shadow Troop,1,bango-file,message.dat,13123
monstername,913,Great Armored Knight,1,bango-file,message.dat,13124
monstername,914,Executive Officer of Invading Army,1,bango-file,message.dat,13125
monstername,915,General of Invading Army,1,bango-file,message.dat,13126
monstername,916,Boss of Demon Worker,1,bango-file,message.dat,13127
monstername,917,Adjutant of Invading Army,1,bango-file,message.dat,13128
monstername,918,2nd Devil Monster,1,bango-file,message.dat,13129
monstername,919,1st Devil Monster,1,bango-file,message.dat,13130
monstername,920,Private of Invading Army,1,bango-file,message.dat,13131
monstername,921,Devil Soldier with Twin Blades,1,bango-file,message.dat,13132
monstername,922,Big Handed Red Warrior,1,bango-file,message.dat,13133
monstername,923,Gift Box,1,bango-file,message.dat,13134
monstername,924,Skeleton Soldier,1,bango-file,message.dat,13136
monstername,925,Skeleton Soldier,1,bango-file,message.dat,13137
monstername,926,Skeleton Soldier,1,bango-file,message.dat,13138
monstername,927,Skeleton Soldier,1,bango-file,message.dat,13139
monstername,928,Skeleton Soldier,1,bango-file,message.dat,13140
monstername,929,Skeleton Archer,1,bango-file,message.dat,13141
monstername,930,Skeleton Archer,1,bango-file,message.dat,13142
monstername,931,Skeleton Archer,1,bango-file,message.dat,13143
monstername,932,Skeleton Archer,1,bango-file,message.dat,13144
monstername,933,Skeleton Archer,1,bango-file,message.dat,13145
monstername,934,Master Skeleton Warrior,1,bango-file,message.dat,13146
monstername,935,Master Skeleton Warrior,1,bango-file,message.dat,13147
monstername,936,Master Skeleton Warrior,1,bango-file,message.dat,13148
monstername,937,Master Skeleton Warrior,1,bango-file,message.dat,13149
monstername,938,Master Skeleton Warrior,1,bango-file,message.dat,13150
monstername,939,Master Skeleton Archer,1,bango-file,message.dat,13151
monstername,940,Master Skeleton Archer,1,bango-file,message.dat,13152
monstername,941,Master Skeleton Archer,1,bango-file,message.dat,13153
monstername,942,Master Skeleton Archer,1,bango-file,message.dat,13154
monstername,943,Master Skeleton Archer,1,bango-file,message.dat,13155
monstername,944,Knoll Archer,1,bango-file,message.dat,13156
monstername,945,Goblin Conjurator,1,bango-file,message.dat,13157
monstername,946,Knoll soldier,1,bango-file,message.dat,13158
monstername,947,Desert Scorpion,1,bango-file,message.dat,13159
monstername,948,??????? ????????,1,bango-file,message.dat,13164
monstername,949,Storm blade,1,bango-file,message.dat,13166
monstername,950,Ironclaw of Hell,1,bango-file,message.dat,13168
monstername,951,??????????,1,bango-file,message.dat,13170
monstername,952,The first ghost,1,bango-file,message.dat,13172
monstername,953,Ruler of purgatory,1,bango-file,message.dat,13174
monstername,954,Scorpion prince,1,bango-file,message.dat,13176
monstername,955,Larva of destruction,1,bango-file,message.dat,13178
monstername,956,?????? ??????????,1,bango-file,message.dat,13180
monstername,957,Knight of the Traitor's Hangout,1,bango-file,message.dat,13183
monstername,958,Knight of the Traitor's Hangout,1,bango-file,message.dat,13184
monstername,959,Knight of the Traitor's Hangout,1,bango-file,message.dat,13185
monstername,960,Gigantic Species Warrior,1,bango-file,message.dat,13186
monstername,961,Gigantic Species Warrior,1,bango-file,message.dat,13187
monstername,962,Gigantic Species Warrior,1,bango-file,message.dat,13188
monstername,963,Gigantic Species Archer,1,bango-file,message.dat,13189
monstername,964,Gigantic Species Archer,1,bango-file,message.dat,13190
monstername,965,Gigantic Species Archer,1,bango-file,message.dat,13191
monstername,966,Gigantic Species Shock Trooper,1,bango-file,message.dat,13192
monstername,967,Gigantic Species Shock Trooper,1,bango-file,message.dat,13193
monstername,968,Gigantic Species Shock Trooper,1,bango-file,message.dat,13194
monstername,969,Gigantic Species Ignoramus,1,bango-file,message.dat,13195
monstername,970,Gigantic Species Ignoramus,1,bango-file,message.dat,13196
monstername,971,Gigantic Species Ignoramus,1,bango-file,message.dat,13197
monstername,972,Gigantic Species Berserk,1,bango-file,message.dat,13198
monstername,973,Gigantic Species Berserk,1,bango-file,message.dat,13199
monstername,974,Gigantic Species Berserk,1,bango-file,message.dat,13200
monstername,975,Gigantic Species Murderer,1,bango-file,message.dat,13201
monstername,976,Gigantic Species Murderer,1,bango-file,message.dat,13202
monstername,977,Gigantic Species Murderer,1,bango-file,message.dat,13203
monstername,978,Gigantic Species Master,1,bango-file,message.dat,13204
monstername,1002,Vicious Wild Boar,1,bango-file,message.dat,13207
monstername,1003,Vicious Wolf,1,bango-file,message.dat,13208
monstername,1004,Vicious Bear,1,bango-file,message.dat,13209
monstername,1005,Vicious Master Scorpion,1,bango-file,message.dat,13210
monstername,1006,Tyrant of E-Mok,1,bango-file,message.dat,13211
monstername,1007,Vicious Knoll,1,bango-file,message.dat,13212
monstername,1008,Big Green E-Moogi,1,bango-file,message.dat,13213
monstername,1009,Big Brown E-Moogi,1,bango-file,message.dat,13214
monstername,670,Deadly sand[Mautareta],1,bango-file,message.dat,13217
monstername,671,Solid sand fragment,1,bango-file,message.dat,13218
monstername,672,Crumbling sand fragment,1,bango-file,message.dat,13219
monstername,673,Wanderer of sand,1,bango-file,message.dat,13220
monstername,1011,Solid sand fragment,1,bango-file,message.dat,13221
monstername,1012,Crumbling sand fragment,1,bango-file,message.dat,13222
monstername,1013,Destructive sand[Mautareta],1,bango-file,message.dat,13223
monstername,891,Little Black Santa,1,bango-file,message.dat,13226
monstername,893,Black Santa,1,bango-file,message.dat,13227
monstername,895,Elite Black Santa,1,bango-file,message.dat,13228
monstername,897,Master Black Santa,1,bango-file,message.dat,13229
monstername,898,Evil Black Santa,1,bango-file,message.dat,13230
monstername,1025,Dawn Shadow of D'evah,1,bango-file,message.dat,13234
monstername,1026,Devil Shadow of D'evah,1,bango-file,message.dat,13236
monstername,1027,Nightmare shadow of D'evah,1,bango-file,message.dat,13238
monstername,1028,Hell Shadow of D'evah,1,bango-file,message.dat,13240
monstername,1030,Doggebi Lord of Training Field,1,bango-file,message.dat,13247
monstername,1031,Demon Queen of Training Field,1,bango-file,message.dat,13248
monstername,1032,Ghost of Dragon of Training Field,1,bango-file,message.dat,13249
monstername,1033,Dunamic of Training Field,1,bango-file,message.dat,13250
monstername,1034,Deadly sand [Mautareta] of Training Field,1,bango-file,message.dat,13251
monstername,1035,Dungeon Warrior,1,bango-file,message.dat,13254
monstername,1036,Dungeon combat trooper,1,bango-file,message.dat,13255
monstername,1037,Dungeon Shield Soldier,1,bango-file,message.dat,13256
monstername,1038,Dungeon Scout Soldier,1,bango-file,message.dat,13257
monstername,1039,Dungeon Guard,1,bango-file,message.dat,13258
monstername,1040,Dungeon Shock Trooper,1,bango-file,message.dat,13259
monstername,1041,Dungeon Ax Soldier,1,bango-file,message.dat,13260
monstername,1042,Dungeon Mad Knight,1,bango-file,message.dat,13261
monstername,1043,Dungeon Mighty Knight,1,bango-file,message.dat,13262
monstername,1044,Dungeon Archer,1,bango-file,message.dat,13263
monstername,1045,Dungeon Warrior,1,bango-file,message.dat,13266
monstername,1046,Dungeon Warrior,1,bango-file,message.dat,13267
monstername,1047,Elite Dungeon Warrior,1,bango-file,message.dat,13268
monstername,1048,Dungeon Scout Soldier,1,bango-file,message.dat,13270
monstername,1049,Dungeon Scout Soldier,1,bango-file,message.dat,13271
monstername,1050,Elite Dungeon Scout Soldier,1,bango-file,message.dat,13272
monstername,1051,Dungeon Shield Soldier,1,bango-file,message.dat,13274
monstername,1052,Dungeon Shield Soldier,1,bango-file,message.dat,13275
monstername,1053,Elite Dungeon Shield Soldier,1,bango-file,message.dat,13276
monstername,1054,Dungeon combat trooper,1,bango-file,message.dat,13278
monstername,1055,Dungeon combat trooper,1,bango-file,message.dat,13279
monstername,1056,Elite Dungeon combat trooper,1,bango-file,message.dat,13280
monstername,1057,Dungeon Guard,1,bango-file,message.dat,13282
monstername,1058,Dungeon Guard,1,bango-file,message.dat,13283
monstername,1059,Elite Dungeon Guard,1,bango-file,message.dat,13284
monstername,1060,Dungeon Shock Trooper,1,bango-file,message.dat,13286
monstername,1061,Dungeon Shock Trooper,1,bango-file,message.dat,13287
monstername,1062,Elite Dungeon Shock Trooper,1,bango-file,message.dat,13288
monstername,1063,Dungeon Ax Soldier,1,bango-file,message.dat,13290
monstername,1064,Dungeon Ax Soldier,1,bango-file,message.dat,13291
monstername,1065,Elite Dungeon Ax Soldier,1,bango-file,message.dat,13292
monstername,1095,Little bad Santa Clause ,1,bango-file,message.dat,13296
monstername,1096,Weak bad Santa Clause,1,bango-file,message.dat,13297
monstername,1097,Elite bad Santa Clause,1,bango-file,message.dat,13298
monstername,1098,Master bad Santa Clause,1,bango-file,message.dat,13299
monstername,1099,Evil Santa Clause,1,bango-file,message.dat,13300
monstername,1100,Black Santa Clause,1,bango-file,message.dat,13301
monstername,1111,Twisted Demon Officer of Attack,1,bango-file,message.dat,13318
monstername,1112,Twisted Imperial Demon Commander,1,bango-file,message.dat,13319
monstername,1113,Odd Demon Scout,1,bango-file,message.dat,13322
monstername,1114,Mad Demon Infantry,1,bango-file,message.dat,13323
monstername,1115,Frenzy Demon Flag Bearer,1,bango-file,message.dat,13324
monstername,1116,Goofy Demon Band,1,bango-file,message.dat,13325
monstername,1117,Odd Demon Mad Knight,1,bango-file,message.dat,13326
monstername,1118,Regrettable Ghost of Young Woman,1,bango-file,message.dat,13327
monstername,1119,Cruel Ghost of Guard,1,bango-file,message.dat,13328
monstername,1120,Obsessed Devil Soldier,1,bango-file,message.dat,13329
monstername,1121,Crazed Demon Water Dragon Commander,1,bango-file,message.dat,13330
monstername,1122,Mutated Warrior of Shadow Troop,1,bango-file,message.dat,13331
monstername,1123,Angry Doggebi of Monster Face,1,bango-file,message.dat,13332
monstername,1124,Corrupt Guardian of Doggebi,1,bango-file,message.dat,13333
monstername,1125,Ruled by a Rotten Skeleton Warrior of theRoyal Tomb,1,bango-file,message.dat,13334
monstername,1126,betrayal Minister of the Royal Tomb,1,bango-file,message.dat,13335
monstername,1128,Pumpkin,1,bango-file,message.dat,13337
monstername,1130,Death Harvester,1,bango-file,message.dat,13340
monstername,1131,Death Harvester,1,bango-file,message.dat,13341
monstername,1132,Death Harvester,1,bango-file,message.dat,13342
monstername,1133,Ruins Destroyer,1,bango-file,message.dat,13343
monstername,1134,Ruins Destroyer,1,bango-file,message.dat,13344
monstername,1135,Ruins Destroyer,1,bango-file,message.dat,13345
monstername,1136,Shadow Murder,1,bango-file,message.dat,13346
monstername,1137,Shadow Murder,1,bango-file,message.dat,13347
monstername,1138,Shadow Murder,1,bango-file,message.dat,13348
monstername,1139,Death Lich,1,bango-file,message.dat,13349
monstername,1140,Death Lich,1,bango-file,message.dat,13350
monstername,1141,Death Lich,1,bango-file,message.dat,13351
monstername,1142,Lord Bisaim,1,bango-file,message.dat,13352
monstername,1143,Lord Bisaim,1,bango-file,message.dat,13353
monstername,1144,Lord Bisaim,1,bango-file,message.dat,13354
monstername,1145,Ohgeuma,1,bango-file,message.dat,13355
monstername,1146,Ohgeuma,1,bango-file,message.dat,13356
monstername,1147,Ohgeuma,1,bango-file,message.dat,13357
monstername,1148,Death Knight,1,bango-file,message.dat,13358
monstername,1149,Death Knight,1,bango-file,message.dat,13359
monstername,1150,Death Knight,1,bango-file,message.dat,13360
monstername,1151,watermelon,1,bango-file,message.dat,13362
monstername,1153,watermelon,1,bango-file,message.dat,13363
monstername,1154,watermelon,1,bango-file,message.dat,13364
monstername,1155,watermelon,1,bango-file,message.dat,13365
monstername,1156,watermelon,1,bango-file,message.dat,13366
monstername,1157,watermelon,1,bango-file,message.dat,13367
monstername,1158,watermelon,1,bango-file,message.dat,13368
monstername,1152,Wooden doll,1,bango-file,message.dat,13372
monstername,1184,Lv. 10 Test monster,1,bango-file,message.dat,13375
monstername,1185,Lv. 20 Test monster,1,bango-file,message.dat,13376
monstername,1186,Lv. 30 Test monster,1,bango-file,message.dat,13377
monstername,1187,Lv. 40 Test monster,1,bango-file,message.dat,13378
monstername,1188,Lv. 50 Test monster,1,bango-file,message.dat,13379
monstername,1189,Lv. 60 Test monster,1,bango-file,message.dat,13380
monstername,1190,Lv. 70 Test monster,1,bango-file,message.dat,13381
monstername,1191,Lv. 80 Test monster,1,bango-file,message.dat,13382
monstername,1192,Lv. 90 Test monster,1,bango-file,message.dat,13383
monstername,1193,Lv. 100 Test monster,1,bango-file,message.dat,13384
monstername,1160,Gale Zombie (Wind),1,bango-file,message.dat,13388
monstername,1161,Gale Skeleton Warrior (Wind),1,bango-file,message.dat,13389
monstername,1162,Gale Skeleton Wizard (Wind),1,bango-file,message.dat,13390
monstername,1163,Land Bison (Earth),1,bango-file,message.dat,13391
monstername,1164,Land Brown Bear (Earth),1,bango-file,message.dat,13392
monstername,1167,Fanatic warrior of Land God (Earth),1,bango-file,message.dat,13393
monstername,1168,Fanatic Magician of Land God (Earth),1,bango-file,message.dat,13394
monstername,1170,Swamp Zombie (Water),1,bango-file,message.dat,13395
monstername,1165,Swamp Naga tribe Warrior (Water),1,bango-file,message.dat,13396
monstername,1166,Swamp Naga tribe Archer (Water),1,bango-file,message.dat,13397
monstername,1169,Frozen Skeleton Warrior (Water),1,bango-file,message.dat,13398
monstername,1171,Master of Dead people,1,bango-file,message.dat,13399
monstername,2000,Red Team Flag,1,bango-file,message.dat,13402
monstername,2001,Blue Team Flag,1,bango-file,message.dat,13403
shinsuname,1,Ancient Baby Tiger,1,bango-file,message.dat,13408
shinsuname,2,Ancient Young Tiger,1,bango-file,message.dat,13409
shinsuname,3,Ancient Perfect Tiger,1,bango-file,message.dat,13410
shinsuname,41,Ancient Baby Panther,1,bango-file,message.dat,13411
shinsuname,42,Ancient Young Panther,1,bango-file,message.dat,13412
shinsuname,43,Ancient Perfect Panther,1,bango-file,message.dat,13413
shinsuname,61,Ancient Baby Bird,1,bango-file,message.dat,13414
shinsuname,62,Ancient Young Bird,1,bango-file,message.dat,13415
shinsuname,63,Ancient Perfect Bird,1,bango-file,message.dat,13416
shinsuname,10,Ancient Tiger,1,bango-file,message.dat,13417
shinsuname,20,Ancient Tiger,1,bango-file,message.dat,13418
shinsuname,30,Ancient Tiger,1,bango-file,message.dat,13419
shinsuname,14,Ancient Panther,1,bango-file,message.dat,13420
shinsuname,24,Ancient Panther,1,bango-file,message.dat,13421
shinsuname,34,Ancient Panther,1,bango-file,message.dat,13422
shinsuname,16,Ancient Bird,1,bango-file,message.dat,13423
shinsuname,26,Ancient Bird,1,bango-file,message.dat,13424
shinsuname,36,Ancient Bird,1,bango-file,message.dat,13425
revivalname,0,Narootuh,2,bango-file,message.dat,13430
revivalname,1,Jook-Suh Cargo Station,2,bango-file,message.dat,13431
revivalname,2,Geum-Oh Mine,2,bango-file,message.dat,13432
revivalname,3,Pub of the Giant Bird,2,bango-file,message.dat,13433
revivalname,4,Temporary Fort of Geum-Ohee Castle,2,bango-file,message.dat,13434
revivalname,5,Forest,2,bango-file,message.dat,13435
revivalname,6,Geum-Oh Castle,2,bango-file,message.dat,13436
revivalname,7,Outside of Geum-Oh Castle East Gate,2,bango-file,message.dat,13437
revivalname,8,Outside of Geum-Oh Castle West Gate,2,bango-file,message.dat,13438
revivalname,9,Statue of Black Crow in the City of Priest,2,bango-file,message.dat,13439
revivalname,10,Statue of Black Crow in Doggebi Tower,2,bango-file,message.dat,13440
revivalname,100,Statue of Eagle in Cheonji-Yun,1,bango-file,message.dat,13441
