pre_azon,pre_name,pre_rev,pre_grd,bango_level,bango_sell,bango_stats_json,bango_record_json,provenance,source_file,source_line
1,Forced,,,,5,"[[""str"",""1""]]","[""prefix"",[""index"",""1""],[""sell"",""5""],[""str"",""1""]]",bango-file,prefix.dat,1
2,Unlawful,,,,10,"[[""str"",""2""]]","[""prefix"",[""index"",""2""],[""sell"",""10""],[""str"",""2""]]",bango-file,prefix.dat,2
3,Harsh,,,,15,"[[""str"",""3""]]","[""prefix"",[""index"",""3""],[""sell"",""15""],[""str"",""3""]]",bango-file,prefix.dat,3
4,Strong Man's,,,,20,"[[""str"",""4""]]","[""prefix"",[""index"",""4""],[""sell"",""20""],[""str"",""4""]]",bango-file,prefix.dat,4
5,Strongest Man's,,,,25,"[[""str"",""5""]]","[""prefix"",[""index"",""5""],[""sell"",""25""],[""str"",""5""]]",bango-file,prefix.dat,5
6,Melee's,,,1,30,"[[""str"",""6""]]","[""prefix"",[""index"",""6""],[""level"",""1""],[""sell"",""30""],[""str"",""6""]]",bango-file,prefix.dat,6
7,Bloody Fight's,,,1,35,"[[""str"",""7""]]","[""prefix"",[""index"",""7""],[""level"",""1""],[""sell"",""35""],[""str"",""7""]]",bango-file,prefix.dat,7
8,Slaughterous ,,,1,40,"[[""str"",""8""]]","[""prefix"",[""index"",""8""],[""level"",""1""],[""sell"",""40""],[""str"",""8""]]",bango-file,prefix.dat,8
9,Barbaric,,,1,45,"[[""str"",""9""]]","[""prefix"",[""index"",""9""],[""level"",""1""],[""sell"",""45""],[""str"",""9""]]",bango-file,prefix.dat,9
10,Invincible,,,1,50,"[[""str"",""10""]]","[""prefix"",[""index"",""10""],[""level"",""1""],[""sell"",""50""],[""str"",""10""]]",bango-file,prefix.dat,10
11,Healthy,,,,5,"[[""Hth"",""1""]]","[""prefix"",[""index"",""11""],[""sell"",""5""],[""Hth"",""1""]]",bango-file,prefix.dat,11
12,Vigorous   ,,,,10,"[[""Hth"",""2""]]","[""prefix"",[""index"",""12""],[""sell"",""10""],[""Hth"",""2""]]",bango-file,prefix.dat,12
13,Heroic,,,,15,"[[""Hth"",""3""]]","[""prefix"",[""index"",""13""],[""sell"",""15""],[""Hth"",""3""]]",bango-file,prefix.dat,13
14,Vital,,,,20,"[[""Hth"",""4""]]","[""prefix"",[""index"",""14""],[""sell"",""20""],[""Hth"",""4""]]",bango-file,prefix.dat,14
15,Ablaze,,,,25,"[[""Hth"",""5""]]","[""prefix"",[""index"",""15""],[""sell"",""25""],[""Hth"",""5""]]",bango-file,prefix.dat,15
16,Iron legs'',,,1,30,"[[""Hth"",""6""]]","[""prefix"",[""index"",""16""],[""level"",""1""],[""sell"",""30""],[""Hth"",""6""]]",bango-file,prefix.dat,16
17,Steel's,,,1,35,"[[""Hth"",""7""]]","[""prefix"",[""index"",""17""],[""level"",""1""],[""sell"",""35""],[""Hth"",""7""]]",bango-file,prefix.dat,17
18,limitable,,,1,40,"[[""Hth"",""8""]]","[""prefix"",[""index"",""18""],[""level"",""1""],[""sell"",""40""],[""Hth"",""8""]]",bango-file,prefix.dat,18
19,Infinitely,,,1,45,"[[""Hth"",""9""]]","[""prefix"",[""index"",""19""],[""level"",""1""],[""sell"",""45""],[""Hth"",""9""]]",bango-file,prefix.dat,19
20,Diamond,,,1,50,"[[""Hth"",""10""]]","[""prefix"",[""index"",""20""],[""level"",""1""],[""sell"",""50""],[""Hth"",""10""]]",bango-file,prefix.dat,20
21,Fictional,,,,5,"[[""Int"",""1""]]","[""prefix"",[""index"",""21""],[""sell"",""5""],[""Int"",""1""]]",bango-file,prefix.dat,21
22,Sharp,,,,10,"[[""Int"",""2""]]","[""prefix"",[""index"",""22""],[""sell"",""10""],[""Int"",""2""]]",bango-file,prefix.dat,22
23,Keen,,,,15,"[[""Int"",""3""]]","[""prefix"",[""index"",""23""],[""sell"",""15""],[""Int"",""3""]]",bango-file,prefix.dat,23
24,Ordinary,,,,20,"[[""Int"",""4""]]","[""prefix"",[""index"",""24""],[""sell"",""20""],[""Int"",""4""]]",bango-file,prefix.dat,24
25,Wise,,,,25,"[[""Int"",""5""]]","[""prefix"",[""index"",""25""],[""sell"",""25""],[""Int"",""5""]]",bango-file,prefix.dat,25
26,Mystic,,,1,30,"[[""Int"",""6""]]","[""prefix"",[""index"",""26""],[""level"",""1""],[""sell"",""30""],[""Int"",""6""]]",bango-file,prefix.dat,26
27,Worshipful,,,1,35,"[[""Int"",""7""]]","[""prefix"",[""index"",""27""],[""level"",""1""],[""sell"",""35""],[""Int"",""7""]]",bango-file,prefix.dat,27
28,Sublime,,,1,40,"[[""Int"",""8""]]","[""prefix"",[""index"",""28""],[""level"",""1""],[""sell"",""40""],[""Int"",""8""]]",bango-file,prefix.dat,28
29,Pure,,,1,45,"[[""Int"",""9""]]","[""prefix"",[""index"",""29""],[""level"",""1""],[""sell"",""45""],[""Int"",""9""]]",bango-file,prefix.dat,29
30,Absolute,,,1,50,"[[""Int"",""10""]]","[""prefix"",[""index"",""30""],[""level"",""1""],[""sell"",""50""],[""Int"",""10""]]",bango-file,prefix.dat,30
31,Fixed,,,,5,"[[""Wis"",""1""]]","[""prefix"",[""index"",""31""],[""sell"",""5""],[""Wis"",""1""]]",bango-file,prefix.dat,31
32,Confirmatory,,,,10,"[[""Wis"",""2""]]","[""prefix"",[""index"",""32""],[""sell"",""10""],[""Wis"",""2""]]",bango-file,prefix.dat,32
33,Celebrated,,,,15,"[[""Wis"",""3""]]","[""prefix"",[""index"",""33""],[""sell"",""15""],[""Wis"",""3""]]",bango-file,prefix.dat,33
34,Dignified,,,,20,"[[""Wis"",""4""]]","[""prefix"",[""index"",""34""],[""sell"",""20""],[""Wis"",""4""]]",bango-file,prefix.dat,34
35,Merciful,,,,25,"[[""Wis"",""5""]]","[""prefix"",[""index"",""35""],[""sell"",""25""],[""Wis"",""5""]]",bango-file,prefix.dat,35
36,Predictive,,,1,30,"[[""Wis"",""6""]]","[""prefix"",[""index"",""36""],[""level"",""1""],[""sell"",""30""],[""Wis"",""6""]]",bango-file,prefix.dat,36
37,Foreseeable,,,1,35,"[[""Wis"",""7""]]","[""prefix"",[""index"",""37""],[""level"",""1""],[""sell"",""35""],[""Wis"",""7""]]",bango-file,prefix.dat,37
38,War Leader's,,,1,40,"[[""Wis"",""8""]]","[""prefix"",[""index"",""38""],[""level"",""1""],[""sell"",""40""],[""Wis"",""8""]]",bango-file,prefix.dat,38
39,Reverent,,,1,45,"[[""Wis"",""9""]]","[""prefix"",[""index"",""39""],[""level"",""1""],[""sell"",""45""],[""Wis"",""9""]]",bango-file,prefix.dat,39
40,Paradoxical,,,1,50,"[[""Wis"",""10""]]","[""prefix"",[""index"",""40""],[""level"",""1""],[""sell"",""50""],[""Wis"",""10""]]",bango-file,prefix.dat,40
41,Agile,,,,5,"[[""Dex"",""1""]]","[""prefix"",[""index"",""41""],[""sell"",""5""],[""Dex"",""1""]]",bango-file,prefix.dat,41
42,Reflective,,,,10,"[[""Dex"",""2""]]","[""prefix"",[""index"",""42""],[""sell"",""10""],[""Dex"",""2""]]",bango-file,prefix.dat,42
43,Instant,,,,15,"[[""Dex"",""3""]]","[""prefix"",[""index"",""43""],[""sell"",""15""],[""Dex"",""3""]]",bango-file,prefix.dat,43
44,Flexible,,,,20,"[[""Dex"",""4""]]","[""prefix"",[""index"",""44""],[""sell"",""20""],[""Dex"",""4""]]",bango-file,prefix.dat,44
45,Dashy,,,,25,"[[""Dex"",""5""]]","[""prefix"",[""index"",""45""],[""sell"",""25""],[""Dex"",""5""]]",bango-file,prefix.dat,45
46,Rush,,,1,30,"[[""Dex"",""6""]]","[""prefix"",[""index"",""46""],[""level"",""1""],[""sell"",""30""],[""Dex"",""6""]]",bango-file,prefix.dat,46
47,Fierce,,,1,35,"[[""Dex"",""7""]]","[""prefix"",[""index"",""47""],[""level"",""1""],[""sell"",""35""],[""Dex"",""7""]]",bango-file,prefix.dat,47
48,Flashy,,,1,40,"[[""Dex"",""8""]]","[""prefix"",[""index"",""48""],[""level"",""1""],[""sell"",""40""],[""Dex"",""8""]]",bango-file,prefix.dat,48
49,Unlimited,,,1,45,"[[""Dex"",""9""]]","[""prefix"",[""index"",""49""],[""level"",""1""],[""sell"",""45""],[""Dex"",""9""]]",bango-file,prefix.dat,49
50,Gliding,,,1,50,"[[""Dex"",""10""]]","[""prefix"",[""index"",""50""],[""level"",""1""],[""sell"",""50""],[""Dex"",""10""]]",bango-file,prefix.dat,50
51,Heavy Blow's,,,1,50,"[[""attack"",""0"",""4""]]","[""prefix"",[""index"",""51""],[""level"",""1""],[""sell"",""50""],[""attack"",""0"",""4""]]",bango-file,prefix.dat,51
52,The Powerful,,,1,50,"[[""attack"",""2"",""2""]]","[""prefix"",[""index"",""52""],[""level"",""1""],[""sell"",""50""],[""attack"",""2"",""2""]]",bango-file,prefix.dat,52
53,Explosive,,,1,55,"[[""attack"",""0"",""6""]]","[""prefix"",[""index"",""53""],[""level"",""1""],[""sell"",""55""],[""attack"",""0"",""6""]]",bango-file,prefix.dat,53
54,Fierce,,,1,55,"[[""attack"",""3"",""3""]]","[""prefix"",[""index"",""54""],[""level"",""1""],[""sell"",""55""],[""attack"",""3"",""3""]]",bango-file,prefix.dat,54
55,Exterminated,,,2,60,"[[""attack"",""0"",""8""]]","[""prefix"",[""index"",""55""],[""level"",""2""],[""sell"",""60""],[""attack"",""0"",""8""]]",bango-file,prefix.dat,55
56,Feathery,,,2,15,"[[""Hth"",""2""],[""Dex"",""1""]]","[""prefix"",[""index"",""56""],[""level"",""2""],[""sell"",""15""],[""Hth"",""2""],[""Dex"",""1""]]",bango-file,prefix.dat,56
57,Man's,,,2,15,"[[""str"",""1""],[""Hth"",""2""]]","[""prefix"",[""index"",""57""],[""level"",""2""],[""sell"",""15""],[""str"",""1""],[""Hth"",""2""]]",bango-file,prefix.dat,57
58,Extreme,,,3,80,"[[""attack"",""0"",""12""]]","[""prefix"",[""index"",""58""],[""level"",""3""],[""sell"",""80""],[""attack"",""0"",""12""]]",bango-file,prefix.dat,58
59,Destructive,,,3,90,"[[""attack"",""0"",""14""]]","[""prefix"",[""index"",""59""],[""level"",""3""],[""sell"",""90""],[""attack"",""0"",""14""]]",bango-file,prefix.dat,59
60,Fundamental,,,1,50,"[[""magic"",""0"",""4""]]","[""prefix"",[""index"",""60""],[""level"",""1""],[""sell"",""50""],[""magic"",""0"",""4""]]",bango-file,prefix.dat,60
61,Powerful,,,1,50,"[[""magic"",""2"",""2""]]","[""prefix"",[""index"",""61""],[""level"",""1""],[""sell"",""50""],[""magic"",""2"",""2""]]",bango-file,prefix.dat,61
62,Mighty,,,1,55,"[[""magic"",""0"",""6""]]","[""prefix"",[""index"",""62""],[""level"",""1""],[""sell"",""55""],[""magic"",""0"",""6""]]",bango-file,prefix.dat,62
63,Considerable,,,1,55,"[[""magic"",""3"",""3""]]","[""prefix"",[""index"",""63""],[""level"",""1""],[""sell"",""55""],[""magic"",""3"",""3""]]",bango-file,prefix.dat,63
64,Cruel,,,1,60,"[[""magic"",""0"",""8""]]","[""prefix"",[""index"",""64""],[""level"",""1""],[""sell"",""60""],[""magic"",""0"",""8""]]",bango-file,prefix.dat,64
65,Wisdom's,,,1,15,"[[""Hth"",""2""],[""Int"",""1""]]","[""prefix"",[""index"",""65""],[""level"",""1""],[""sell"",""15""],[""Hth"",""2""],[""Int"",""1""]]",bango-file,prefix.dat,65
66,High Class',,,1,80,"[[""magic"",""0"",""12""]]","[""prefix"",[""index"",""66""],[""level"",""1""],[""sell"",""80""],[""magic"",""0"",""12""]]",bango-file,prefix.dat,66
67,Absoluteness',,,2,90,"[[""magic"",""0"",""14""]]","[""prefix"",[""index"",""67""],[""level"",""2""],[""sell"",""90""],[""magic"",""0"",""14""]]",bango-file,prefix.dat,67
68,Wandering Knight's,,,0,40,"[[""str"",""1""],[""Hth"",""1""],[""Dex"",""1""],[""attack"",""0"",""1""]]","[""prefix"",[""index"",""68""],[""level"",""0""],[""sell"",""40""],[""str"",""1""],[""Hth"",""1""],[""Dex"",""1""],[""attack"",""0"",""1""]]",bango-file,prefix.dat,68
69,Veteran Knight's,,,1,65,"[[""str"",""2""],[""Hth"",""2""],[""Dex"",""1""],[""attack"",""1"",""2""]]","[""prefix"",[""index"",""69""],[""level"",""1""],[""sell"",""65""],[""str"",""2""],[""Hth"",""2""],[""Dex"",""1""],[""attack"",""1"",""2""]]",bango-file,prefix.dat,69
70,Strong Knight's,,,1,110,"[[""str"",""3""],[""Hth"",""2""],[""Dex"",""2""],[""attack"",""2"",""3""],[""hp"",""50""]]","[""prefix"",[""index"",""70""],[""level"",""1""],[""sell"",""110""],[""str"",""3""],[""Hth"",""2""],[""Dex"",""2""],[""attack"",""2"",""3""],[""hp"",""50""]]",bango-file,prefix.dat,70
71,Expert Knight's,,,2,170,"[[""str"",""4""],[""Hth"",""3""],[""Dex"",""3""],[""attack"",""2"",""5""],[""hp"",""75""],[""mp"",""25""]]","[""prefix"",[""index"",""71""],[""level"",""2""],[""sell"",""170""],[""str"",""4""],[""Hth"",""3""],[""Dex"",""3""],[""attack"",""2"",""5""],[""hp"",""75""],[""mp"",""25""]]",bango-file,prefix.dat,71
72,Wandering Archer's,,,0,40,"[[""str"",""1""],[""Wis"",""1""],[""Dex"",""1""],[""attack"",""0"",""1""]]","[""prefix"",[""index"",""72""],[""level"",""0""],[""sell"",""40""],[""str"",""1""],[""Wis"",""1""],[""Dex"",""1""],[""attack"",""0"",""1""]]",bango-file,prefix.dat,72
73,Veteran Archer's,,,1,65,"[[""str"",""2""],[""Hth"",""1""],[""Dex"",""2""],[""attack"",""1"",""2""]]","[""prefix"",[""index"",""73""],[""level"",""1""],[""sell"",""65""],[""str"",""2""],[""Hth"",""1""],[""Dex"",""2""],[""attack"",""1"",""2""]]",bango-file,prefix.dat,73
74,Skillful Archer's ,,,1,110,"[[""str"",""2""],[""Hth"",""2""],[""Dex"",""3""],[""attack"",""2"",""3""],[""hp"",""50""]]","[""prefix"",[""index"",""74""],[""level"",""1""],[""sell"",""110""],[""str"",""2""],[""Hth"",""2""],[""Dex"",""3""],[""attack"",""2"",""3""],[""hp"",""50""]]",bango-file,prefix.dat,74
75,Expert Archer's,,,2,170,"[[""str"",""3""],[""Hth"",""3""],[""Dex"",""4""],[""attack"",""2"",""5""],[""hp"",""75""],[""mp"",""25""]]","[""prefix"",[""index"",""75""],[""level"",""2""],[""sell"",""170""],[""str"",""3""],[""Hth"",""3""],[""Dex"",""4""],[""attack"",""2"",""5""],[""hp"",""75""],[""mp"",""25""]]",bango-file,prefix.dat,75
76,Beginning Scholar's,,,0,40,"[[""Int"",""1""],[""Wis"",""1""],[""Dex"",""1""],[""magic"",""0"",""1""]]","[""prefix"",[""index"",""76""],[""level"",""0""],[""sell"",""40""],[""Int"",""1""],[""Wis"",""1""],[""Dex"",""1""],[""magic"",""0"",""1""]]",bango-file,prefix.dat,76
77,Veteran Scholar's,,,1,65,"[[""Int"",""2""],[""Wis"",""2""],[""Dex"",""1""],[""magic"",""1"",""2""]]","[""prefix"",[""index"",""77""],[""level"",""1""],[""sell"",""65""],[""Int"",""2""],[""Wis"",""2""],[""Dex"",""1""],[""magic"",""1"",""2""]]",bango-file,prefix.dat,77
78,Skillful Scholar's,,,1,110,"[[""Int"",""3""],[""Wis"",""2""],[""Dex"",""2""],[""magic"",""2"",""3""],[""mp"",""50""]]","[""prefix"",[""index"",""78""],[""level"",""1""],[""sell"",""110""],[""Int"",""3""],[""Wis"",""2""],[""Dex"",""2""],[""magic"",""2"",""3""],[""mp"",""50""]]",bango-file,prefix.dat,78
79,Expert Scholar's,,,2,170,"[[""Int"",""4""],[""Wis"",""3""],[""Dex"",""3""],[""magic"",""2"",""5""],[""hp"",""50""],[""mp"",""50""]]","[""prefix"",[""index"",""79""],[""level"",""2""],[""sell"",""170""],[""Int"",""4""],[""Wis"",""3""],[""Dex"",""3""],[""magic"",""2"",""5""],[""hp"",""50""],[""mp"",""50""]]",bango-file,prefix.dat,79
80,Distinct,,,3,180,"[[""Hth"",""2""],[""Int"",""3""],[""Wis"",""5""],[""Dex"",""2""],[""hp"",""90""],[""mp"",""110""],[""defense"",""2""]]","[""prefix"",[""index"",""80""],[""level"",""3""],[""sell"",""180""],[""Hth"",""2""],[""Int"",""3""],[""Wis"",""5""],[""Dex"",""2""],[""hp"",""90""],[""mp"",""110""],[""defense"",""2""]]",bango-file,prefix.dat,80
81,Steely,,,3,185,"[[""str"",""2""],[""Hth"",""5""],[""Wis"",""2""],[""Dex"",""3""],[""hp"",""150""],[""defense"",""5""]]","[""prefix"",[""index"",""81""],[""level"",""3""],[""sell"",""185""],[""str"",""2""],[""Hth"",""5""],[""Wis"",""2""],[""Dex"",""3""],[""hp"",""150""],[""defense"",""5""]]",bango-file,prefix.dat,81
82,Breakthrough's,,,3,190,"[[""str"",""5""],[""Hth"",""2""],[""Wis"",""2""],[""Dex"",""3""],[""hp"",""100""],[""mp"",""100""],[""hit"",""1""]]","[""prefix"",[""index"",""82""],[""level"",""3""],[""sell"",""190""],[""str"",""5""],[""Hth"",""2""],[""Wis"",""2""],[""Dex"",""3""],[""hp"",""100""],[""mp"",""100""],[""hit"",""1""]]",bango-file,prefix.dat,82
83,Despotic,,,1,45,"[[""str"",""2""],[""Hth"",""1""],[""hit"",""1""]]","[""prefix"",[""index"",""83""],[""level"",""1""],[""sell"",""45""],[""str"",""2""],[""Hth"",""1""],[""hit"",""1""]]",bango-file,prefix.dat,83
84,Revenge's,,,1,45,"[[""Wis"",""1""],[""Dex"",""2""],[""hit"",""1""]]","[""prefix"",[""index"",""84""],[""level"",""1""],[""sell"",""45""],[""Wis"",""1""],[""Dex"",""2""],[""hit"",""1""]]",bango-file,prefix.dat,84
85,Prideful,,,1,55,"[[""Hth"",""2""],[""Dex"",""1""],[""hp"",""60""],[""defense"",""1""]]","[""prefix"",[""index"",""85""],[""level"",""1""],[""sell"",""55""],[""Hth"",""2""],[""Dex"",""1""],[""hp"",""60""],[""defense"",""1""]]",bango-file,prefix.dat,85
86,Ruinous,,,1,50,"[[""Hth"",""1""],[""Int"",""2""],[""mp"",""30""],[""defense"",""2""]]","[""prefix"",[""index"",""86""],[""level"",""1""],[""sell"",""50""],[""Hth"",""1""],[""Int"",""2""],[""mp"",""30""],[""defense"",""2""]]",bango-file,prefix.dat,86
87,Glorious,,,1,50,"[[""Wis"",""2""],[""Dex"",""1""],[""mp"",""30""],[""defense"",""2""]]","[""prefix"",[""index"",""87""],[""level"",""1""],[""sell"",""50""],[""Wis"",""2""],[""Dex"",""1""],[""mp"",""30""],[""defense"",""2""]]",bango-file,prefix.dat,87
88,Decisional,,,3,180,"[[""str"",""3""],[""Hth"",""2""],[""Wis"",""2""],[""Dex"",""5""],[""hp"",""120""],[""mp"",""80""],[""defense"",""2""]]","[""prefix"",[""index"",""88""],[""level"",""3""],[""sell"",""180""],[""str"",""3""],[""Hth"",""2""],[""Wis"",""2""],[""Dex"",""5""],[""hp"",""120""],[""mp"",""80""],[""defense"",""2""]]",bango-file,prefix.dat,88
89,Magical Power's,,,3,180,"[[""Hth"",""2""],[""Int"",""5""],[""Wis"",""3""],[""Dex"",""2""],[""hp"",""50""],[""mp"",""150""],[""defense"",""2""]]","[""prefix"",[""index"",""89""],[""level"",""3""],[""sell"",""180""],[""Hth"",""2""],[""Int"",""5""],[""Wis"",""3""],[""Dex"",""2""],[""hp"",""50""],[""mp"",""150""],[""defense"",""2""]]",bango-file,prefix.dat,89
90,Legendary,,,3,250,"[[""str"",""5""],[""Hth"",""5""],[""Int"",""5""],[""Wis"",""5""],[""Dex"",""5""],[""hp"",""75""],[""mp"",""75""],[""defense"",""5""]]","[""prefix"",[""index"",""90""],[""level"",""3""],[""sell"",""250""],[""str"",""5""],[""Hth"",""5""],[""Int"",""5""],[""Wis"",""5""],[""Dex"",""5""],[""hp"",""75""],[""mp"",""75""],[""defense"",""5""]]",bango-file,prefix.dat,90
91,Rash,,,1,210,"[[""hp"",""360""],[""defense"",""3""]]","[""prefix"",[""index"",""91""],[""level"",""1""],[""sell"",""210""],[""hp"",""360""],[""defense"",""3""]]",bango-file,prefix.dat,91
92,"The King, GuhBalHan's",,,3,290,"[[""str"",""6""],[""Hth"",""6""],[""Int"",""6""],[""Wis"",""6""],[""Dex"",""6""],[""hp"",""100""],[""mp"",""80""],[""defense"",""5""]]","[""prefix"",[""index"",""92""],[""level"",""3""],[""sell"",""290""],[""str"",""6""],[""Hth"",""6""],[""Int"",""6""],[""Wis"",""6""],[""Dex"",""6""],[""hp"",""100""],[""mp"",""80""],[""defense"",""5""]]",bango-file,prefix.dat,92
93,+1,,,0,1,"[[""str"",""1""]]","[""prefix"",[""index"",""93""],[""level"",""0""],[""sell"",""1""],[""str"",""1""]]",bango-file,prefix.dat,95
94,+2,,,0,1,"[[""str"",""2""]]","[""prefix"",[""index"",""94""],[""level"",""0""],[""sell"",""1""],[""str"",""2""]]",bango-file,prefix.dat,96
95,+3,,,0,1,"[[""str"",""3""]]","[""prefix"",[""index"",""95""],[""level"",""0""],[""sell"",""1""],[""str"",""3""]]",bango-file,prefix.dat,97
96,+4,,,0,1,"[[""str"",""4""]]","[""prefix"",[""index"",""96""],[""level"",""0""],[""sell"",""1""],[""str"",""4""]]",bango-file,prefix.dat,98
97,+5,,,0,1,"[[""str"",""5""]]","[""prefix"",[""index"",""97""],[""level"",""0""],[""sell"",""1""],[""str"",""5""]]",bango-file,prefix.dat,99
98,+6,,,0,1,"[[""str"",""6""]]","[""prefix"",[""index"",""98""],[""level"",""0""],[""sell"",""1""],[""str"",""6""]]",bango-file,prefix.dat,100
99,+7,,,0,1,"[[""str"",""7""]]","[""prefix"",[""index"",""99""],[""level"",""0""],[""sell"",""1""],[""str"",""7""]]",bango-file,prefix.dat,101
100,+1,,,0,1,"[[""Dex"",""1""]]","[""prefix"",[""index"",""100""],[""level"",""0""],[""sell"",""1""],[""Dex"",""1""]]",bango-file,prefix.dat,102
101,+2,,,0,1,"[[""Dex"",""2""]]","[""prefix"",[""index"",""101""],[""level"",""0""],[""sell"",""1""],[""Dex"",""2""]]",bango-file,prefix.dat,103
102,+3,,,0,1,"[[""Dex"",""3""]]","[""prefix"",[""index"",""102""],[""level"",""0""],[""sell"",""1""],[""Dex"",""3""]]",bango-file,prefix.dat,104
103,+4,,,0,1,"[[""Dex"",""4""]]","[""prefix"",[""index"",""103""],[""level"",""0""],[""sell"",""1""],[""Dex"",""4""]]",bango-file,prefix.dat,105
104,+5,,,0,1,"[[""Dex"",""5""]]","[""prefix"",[""index"",""104""],[""level"",""0""],[""sell"",""1""],[""Dex"",""5""]]",bango-file,prefix.dat,106
105,+6,,,0,1,"[[""Dex"",""6""]]","[""prefix"",[""index"",""105""],[""level"",""0""],[""sell"",""1""],[""Dex"",""6""]]",bango-file,prefix.dat,107
106,+7,,,0,1,"[[""Dex"",""7""]]","[""prefix"",[""index"",""106""],[""level"",""0""],[""sell"",""1""],[""Dex"",""7""]]",bango-file,prefix.dat,108
107,+1,,,0,1,"[[""Int"",""1""]]","[""prefix"",[""index"",""107""],[""level"",""0""],[""sell"",""1""],[""Int"",""1""]]",bango-file,prefix.dat,109
108,+2,,,0,1,"[[""Int"",""2""]]","[""prefix"",[""index"",""108""],[""level"",""0""],[""sell"",""1""],[""Int"",""2""]]",bango-file,prefix.dat,110
109,+3,,,0,1,"[[""Int"",""3""]]","[""prefix"",[""index"",""109""],[""level"",""0""],[""sell"",""1""],[""Int"",""3""]]",bango-file,prefix.dat,111
110,+4,,,0,1,"[[""Int"",""4""]]","[""prefix"",[""index"",""110""],[""level"",""0""],[""sell"",""1""],[""Int"",""4""]]",bango-file,prefix.dat,112
111,+5,,,0,1,"[[""Int"",""5""]]","[""prefix"",[""index"",""111""],[""level"",""0""],[""sell"",""1""],[""Int"",""5""]]",bango-file,prefix.dat,113
112,+6,,,0,1,"[[""Int"",""6""]]","[""prefix"",[""index"",""112""],[""level"",""0""],[""sell"",""1""],[""Int"",""6""]]",bango-file,prefix.dat,114
113,+7,,,0,1,"[[""Int"",""7""]]","[""prefix"",[""index"",""113""],[""level"",""0""],[""sell"",""1""],[""Int"",""7""]]",bango-file,prefix.dat,115
114,+1,,,0,1,"[[""Wis"",""1""]]","[""prefix"",[""index"",""114""],[""level"",""0""],[""sell"",""1""],[""Wis"",""1""]]",bango-file,prefix.dat,116
115,+2,,,0,1,"[[""Wis"",""2""]]","[""prefix"",[""index"",""115""],[""level"",""0""],[""sell"",""1""],[""Wis"",""2""]]",bango-file,prefix.dat,117
116,+3,,,0,1,"[[""Wis"",""3""]]","[""prefix"",[""index"",""116""],[""level"",""0""],[""sell"",""1""],[""Wis"",""3""]]",bango-file,prefix.dat,118
117,+4,,,0,1,"[[""Wis"",""4""]]","[""prefix"",[""index"",""117""],[""level"",""0""],[""sell"",""1""],[""Wis"",""4""]]",bango-file,prefix.dat,119
118,+5,,,0,1,"[[""Wis"",""5""]]","[""prefix"",[""index"",""118""],[""level"",""0""],[""sell"",""1""],[""Wis"",""5""]]",bango-file,prefix.dat,120
119,+6,,,0,1,"[[""Wis"",""6""]]","[""prefix"",[""index"",""119""],[""level"",""0""],[""sell"",""1""],[""Wis"",""6""]]",bango-file,prefix.dat,121
120,+7,,,0,1,"[[""Wis"",""7""]]","[""prefix"",[""index"",""120""],[""level"",""0""],[""sell"",""1""],[""Wis"",""7""]]",bango-file,prefix.dat,122
121,+1,,,0,1,"[[""Hth"",""1""]]","[""prefix"",[""index"",""121""],[""level"",""0""],[""sell"",""1""],[""Hth"",""1""]]",bango-file,prefix.dat,123
122,+2,,,0,1,"[[""Hth"",""2""]]","[""prefix"",[""index"",""122""],[""level"",""0""],[""sell"",""1""],[""Hth"",""2""]]",bango-file,prefix.dat,124
123,+3,,,0,1,"[[""Hth"",""3""]]","[""prefix"",[""index"",""123""],[""level"",""0""],[""sell"",""1""],[""Hth"",""3""]]",bango-file,prefix.dat,125
124,+4,,,0,1,"[[""Hth"",""4""]]","[""prefix"",[""index"",""124""],[""level"",""0""],[""sell"",""1""],[""Hth"",""4""]]",bango-file,prefix.dat,126
125,+5,,,0,1,"[[""Hth"",""5""]]","[""prefix"",[""index"",""125""],[""level"",""0""],[""sell"",""1""],[""Hth"",""5""]]",bango-file,prefix.dat,127
126,+6,,,0,1,"[[""Hth"",""6""]]","[""prefix"",[""index"",""126""],[""level"",""0""],[""sell"",""1""],[""Hth"",""6""]]",bango-file,prefix.dat,128
127,+7,,,0,1,"[[""Hth"",""7""]]","[""prefix"",[""index"",""127""],[""level"",""0""],[""sell"",""1""],[""Hth"",""7""]]",bango-file,prefix.dat,129
128,+0,,,0,1,[],"[""prefix"",[""index"",""128""],[""level"",""0""],[""sell"",""1""]]",bango-file,prefix.dat,132
129,+1,,,0,1,[],"[""prefix"",[""index"",""129""],[""level"",""0""],[""sell"",""1""]]",bango-file,prefix.dat,133
130,+2,,,0,1,[],"[""prefix"",[""index"",""130""],[""level"",""0""],[""sell"",""1""]]",bango-file,prefix.dat,134
131,+3,,,0,1,[],"[""prefix"",[""index"",""131""],[""level"",""0""],[""sell"",""1""]]",bango-file,prefix.dat,135
136,Fire[Royal],,,0,1,"[[""resistfire"",""8""]]","[""prefix"",[""index"",""136""],[""level"",""0""],[""sell"",""1""],[""resistfire"",""8""]]",bango-file,prefix.dat,138
137,Fire[Small],,,0,1,"[[""resistfire"",""3""]]","[""prefix"",[""index"",""137""],[""level"",""0""],[""sell"",""1""],[""resistfire"",""3""]]",bango-file,prefix.dat,139
138,Lightning[Royal],,,0,1,"[[""resistlitning"",""8""]]","[""prefix"",[""index"",""138""],[""level"",""0""],[""sell"",""1""],[""resistlitning"",""8""]]",bango-file,prefix.dat,140
139,Lightning[Small],,,0,1,"[[""resistlitning"",""3""]]","[""prefix"",[""index"",""139""],[""level"",""0""],[""sell"",""1""],[""resistlitning"",""3""]]",bango-file,prefix.dat,141
140,Ice[Royal],,,0,1,"[[""resistice"",""8""]]","[""prefix"",[""index"",""140""],[""level"",""0""],[""sell"",""1""],[""resistice"",""8""]]",bango-file,prefix.dat,142
141,Ice[Small],,,0,1,"[[""resistice"",""3""]]","[""prefix"",[""index"",""141""],[""level"",""0""],[""sell"",""1""],[""resistice"",""3""]]",bango-file,prefix.dat,143
142,Resist[Royal],,,0,1,"[[""resistpalsy"",""8""]]","[""prefix"",[""index"",""142""],[""level"",""0""],[""sell"",""1""],[""resistpalsy"",""8""]]",bango-file,prefix.dat,144
143,Resist[Small],,,0,1,"[[""resistpalsy"",""3""]]","[""prefix"",[""index"",""143""],[""level"",""0""],[""sell"",""1""],[""resistpalsy"",""3""]]",bango-file,prefix.dat,145
144,Curse[Royal],,,0,1,"[[""resistcurse"",""8""]]","[""prefix"",[""index"",""144""],[""level"",""0""],[""sell"",""1""],[""resistcurse"",""8""]]",bango-file,prefix.dat,146
145,Curse[Small],,,0,1,"[[""resistcurse"",""3""]]","[""prefix"",[""index"",""145""],[""level"",""0""],[""sell"",""1""],[""resistcurse"",""3""]]",bango-file,prefix.dat,147
146,+1,,,0,1,"[[""hp"",""100""],[""attack"",""3"",""5""]]","[""prefix"",[""index"",""146""],[""level"",""0""],[""sell"",""1""],[""hp"",""100""],[""attack"",""3"",""5""]]",bango-file,prefix.dat,150
147,+2,,,0,1,"[[""hp"",""200""],[""attack"",""7"",""9""]]","[""prefix"",[""index"",""147""],[""level"",""0""],[""sell"",""1""],[""hp"",""200""],[""attack"",""7"",""9""]]",bango-file,prefix.dat,151
148,+3,,,0,1,"[[""hp"",""300""],[""attack"",""14"",""18""]]","[""prefix"",[""index"",""148""],[""level"",""0""],[""sell"",""1""],[""hp"",""300""],[""attack"",""14"",""18""]]",bango-file,prefix.dat,152
149,+4,,,0,1,"[[""hp"",""400""],[""attack"",""21"",""27""]]","[""prefix"",[""index"",""149""],[""level"",""0""],[""sell"",""1""],[""hp"",""400""],[""attack"",""21"",""27""]]",bango-file,prefix.dat,153
150,+5,,,0,1,"[[""hp"",""500""],[""attack"",""32"",""40""]]","[""prefix"",[""index"",""150""],[""level"",""0""],[""sell"",""1""],[""hp"",""500""],[""attack"",""32"",""40""]]",bango-file,prefix.dat,154
151,+6,,,0,1,"[[""hp"",""600""],[""attack"",""43"",""53""]]","[""prefix"",[""index"",""151""],[""level"",""0""],[""sell"",""1""],[""hp"",""600""],[""attack"",""43"",""53""]]",bango-file,prefix.dat,155
152,+7,,,0,1,"[[""hp"",""700""],[""attack"",""57"",""71""]]","[""prefix"",[""index"",""152""],[""level"",""0""],[""sell"",""1""],[""hp"",""700""],[""attack"",""57"",""71""]]",bango-file,prefix.dat,156
153,+1,,,0,1,"[[""hp"",""100""],[""magic"",""3"",""5""]]","[""prefix"",[""index"",""153""],[""level"",""0""],[""sell"",""1""],[""hp"",""100""],[""magic"",""3"",""5""]]",bango-file,prefix.dat,157
154,+2,,,0,1,"[[""hp"",""200""],[""magic"",""7"",""9""]]","[""prefix"",[""index"",""154""],[""level"",""0""],[""sell"",""1""],[""hp"",""200""],[""magic"",""7"",""9""]]",bango-file,prefix.dat,158
155,+3,,,0,1,"[[""hp"",""300""],[""magic"",""14"",""18""]]","[""prefix"",[""index"",""155""],[""level"",""0""],[""sell"",""1""],[""hp"",""300""],[""magic"",""14"",""18""]]",bango-file,prefix.dat,159
156,+4,,,0,1,"[[""hp"",""400""],[""magic"",""21"",""27""]]","[""prefix"",[""index"",""156""],[""level"",""0""],[""sell"",""1""],[""hp"",""400""],[""magic"",""21"",""27""]]",bango-file,prefix.dat,160
157,+5,,,0,1,"[[""hp"",""500""],[""magic"",""32"",""40""]]","[""prefix"",[""index"",""157""],[""level"",""0""],[""sell"",""1""],[""hp"",""500""],[""magic"",""32"",""40""]]",bango-file,prefix.dat,161
158,+6,,,0,1,"[[""hp"",""600""],[""magic"",""43"",""53""]]","[""prefix"",[""index"",""158""],[""level"",""0""],[""sell"",""1""],[""hp"",""600""],[""magic"",""43"",""53""]]",bango-file,prefix.dat,162
159,+7,,,0,1,"[[""hp"",""700""],[""magic"",""57"",""71""]]","[""prefix"",[""index"",""159""],[""level"",""0""],[""sell"",""1""],[""hp"",""700""],[""magic"",""57"",""71""]]",bango-file,prefix.dat,163
160,+1,,,0,1,"[[""hit"",""1""]]","[""prefix"",[""index"",""160""],[""level"",""0""],[""sell"",""1""],[""hit"",""1""]]",bango-file,prefix.dat,164
161,+2,,,0,1,"[[""hit"",""2""]]","[""prefix"",[""index"",""161""],[""level"",""0""],[""sell"",""1""],[""hit"",""2""]]",bango-file,prefix.dat,165
162,+3,,,0,1,"[[""hit"",""4""]]","[""prefix"",[""index"",""162""],[""level"",""0""],[""sell"",""1""],[""hit"",""4""]]",bango-file,prefix.dat,166
163,+4,,,0,1,"[[""hit"",""6""]]","[""prefix"",[""index"",""163""],[""level"",""0""],[""sell"",""1""],[""hit"",""6""]]",bango-file,prefix.dat,167
164,+5,,,0,1,"[[""hit"",""9""]]","[""prefix"",[""index"",""164""],[""level"",""0""],[""sell"",""1""],[""hit"",""9""]]",bango-file,prefix.dat,168
165,+6,,,0,1,"[[""hit"",""12""]]","[""prefix"",[""index"",""165""],[""level"",""0""],[""sell"",""1""],[""hit"",""12""]]",bango-file,prefix.dat,169
166,+7,,,0,1,"[[""hit"",""16""]]","[""prefix"",[""index"",""166""],[""level"",""0""],[""sell"",""1""],[""hit"",""16""]]",bango-file,prefix.dat,170
1001,+1,,,0,1,"[[""hp"",""26""]]","[""prefix"",[""index"",""1001""],[""level"",""0""],[""sell"",""1""],[""hp"",""26""]]",bango-file,prefix.dat,186
1002,+2,,,0,1,"[[""hp"",""32""]]","[""prefix"",[""index"",""1002""],[""level"",""0""],[""sell"",""1""],[""hp"",""32""]]",bango-file,prefix.dat,187
1003,+3,,,0,1,"[[""hp"",""38""]]","[""prefix"",[""index"",""1003""],[""level"",""0""],[""sell"",""1""],[""hp"",""38""]]",bango-file,prefix.dat,188
1004,+4,,,0,1,"[[""hp"",""44""]]","[""prefix"",[""index"",""1004""],[""level"",""0""],[""sell"",""1""],[""hp"",""44""]]",bango-file,prefix.dat,189
1005,+5,,,0,1,"[[""hp"",""50""]]","[""prefix"",[""index"",""1005""],[""level"",""0""],[""sell"",""1""],[""hp"",""50""]]",bango-file,prefix.dat,190
1006,+6,,,0,1,"[[""hp"",""56""]]","[""prefix"",[""index"",""1006""],[""level"",""0""],[""sell"",""1""],[""hp"",""56""]]",bango-file,prefix.dat,191
1007,+7,,,0,1,"[[""hp"",""62""]]","[""prefix"",[""index"",""1007""],[""level"",""0""],[""sell"",""1""],[""hp"",""62""]]",bango-file,prefix.dat,192
1008,+8,,,0,1,"[[""hp"",""68""]]","[""prefix"",[""index"",""1008""],[""level"",""0""],[""sell"",""1""],[""hp"",""68""]]",bango-file,prefix.dat,193
1009,+9,,,0,1,"[[""hp"",""74""]]","[""prefix"",[""index"",""1009""],[""level"",""0""],[""sell"",""1""],[""hp"",""74""]]",bango-file,prefix.dat,194
1010,+10,,,0,1,"[[""hp"",""80""]]","[""prefix"",[""index"",""1010""],[""level"",""0""],[""sell"",""1""],[""hp"",""80""]]",bango-file,prefix.dat,195
1011,+11,,,0,1,"[[""hp"",""86""]]","[""prefix"",[""index"",""1011""],[""level"",""0""],[""sell"",""1""],[""hp"",""86""]]",bango-file,prefix.dat,196
1012,+12,,,0,1,"[[""hp"",""92""]]","[""prefix"",[""index"",""1012""],[""level"",""0""],[""sell"",""1""],[""hp"",""92""]]",bango-file,prefix.dat,197
1013,+13,,,0,1,"[[""hp"",""98""]]","[""prefix"",[""index"",""1013""],[""level"",""0""],[""sell"",""1""],[""hp"",""98""]]",bango-file,prefix.dat,198
1014,+14,,,0,1,"[[""hp"",""104""]]","[""prefix"",[""index"",""1014""],[""level"",""0""],[""sell"",""1""],[""hp"",""104""]]",bango-file,prefix.dat,199
1015,+15,,,0,1,"[[""hp"",""110""]]","[""prefix"",[""index"",""1015""],[""level"",""0""],[""sell"",""1""],[""hp"",""110""]]",bango-file,prefix.dat,200
1021,<unresolved prefixname:1021>,,,0,1,"[[""hp"",""32""]]","[""prefix"",[""index"",""1021""],[""level"",""0""],[""sell"",""1""],[""hp"",""32""]]",bango-file,prefix.dat,202
1022,<unresolved prefixname:1022>,,,0,1,"[[""hp"",""43""]]","[""prefix"",[""index"",""1022""],[""level"",""0""],[""sell"",""1""],[""hp"",""43""]]",bango-file,prefix.dat,203
1023,<unresolved prefixname:1023>,,,0,1,"[[""hp"",""53""]]","[""prefix"",[""index"",""1023""],[""level"",""0""],[""sell"",""1""],[""hp"",""53""]]",bango-file,prefix.dat,204
1024,<unresolved prefixname:1024>,,,0,1,"[[""hp"",""64""]]","[""prefix"",[""index"",""1024""],[""level"",""0""],[""sell"",""1""],[""hp"",""64""]]",bango-file,prefix.dat,205
1025,<unresolved prefixname:1025>,,,0,1,"[[""hp"",""75""]]","[""prefix"",[""index"",""1025""],[""level"",""0""],[""sell"",""1""],[""hp"",""75""]]",bango-file,prefix.dat,206
1026,<unresolved prefixname:1026>,,,0,1,"[[""hp"",""86""]]","[""prefix"",[""index"",""1026""],[""level"",""0""],[""sell"",""1""],[""hp"",""86""]]",bango-file,prefix.dat,207
1027,<unresolved prefixname:1027>,,,0,1,"[[""hp"",""96""]]","[""prefix"",[""index"",""1027""],[""level"",""0""],[""sell"",""1""],[""hp"",""96""]]",bango-file,prefix.dat,208
1028,<unresolved prefixname:1028>,,,0,1,"[[""hp"",""107""]]","[""prefix"",[""index"",""1028""],[""level"",""0""],[""sell"",""1""],[""hp"",""107""]]",bango-file,prefix.dat,209
1029,<unresolved prefixname:1029>,,,0,1,"[[""hp"",""118""]]","[""prefix"",[""index"",""1029""],[""level"",""0""],[""sell"",""1""],[""hp"",""118""]]",bango-file,prefix.dat,210
1030,<unresolved prefixname:1030>,,,0,1,"[[""hp"",""129""]]","[""prefix"",[""index"",""1030""],[""level"",""0""],[""sell"",""1""],[""hp"",""129""]]",bango-file,prefix.dat,211
1031,<unresolved prefixname:1031>,,,0,1,"[[""hp"",""139""]]","[""prefix"",[""index"",""1031""],[""level"",""0""],[""sell"",""1""],[""hp"",""139""]]",bango-file,prefix.dat,212
1032,<unresolved prefixname:1032>,,,0,1,"[[""hp"",""150""]]","[""prefix"",[""index"",""1032""],[""level"",""0""],[""sell"",""1""],[""hp"",""150""]]",bango-file,prefix.dat,213
1033,<unresolved prefixname:1033>,,,0,1,"[[""hp"",""161""]]","[""prefix"",[""index"",""1033""],[""level"",""0""],[""sell"",""1""],[""hp"",""161""]]",bango-file,prefix.dat,214
1034,<unresolved prefixname:1034>,,,0,1,"[[""hp"",""172""]]","[""prefix"",[""index"",""1034""],[""level"",""0""],[""sell"",""1""],[""hp"",""172""]]",bango-file,prefix.dat,215
1035,<unresolved prefixname:1035>,,,0,1,"[[""hp"",""182""]]","[""prefix"",[""index"",""1035""],[""level"",""0""],[""sell"",""1""],[""hp"",""182""]]",bango-file,prefix.dat,216
1041,<unresolved prefixname:1041>,,,0,1,"[[""hp"",""42""]]","[""prefix"",[""index"",""1041""],[""level"",""0""],[""sell"",""1""],[""hp"",""42""]]",bango-file,prefix.dat,218
1042,<unresolved prefixname:1042>,,,0,1,"[[""hp"",""60""]]","[""prefix"",[""index"",""1042""],[""level"",""0""],[""sell"",""1""],[""hp"",""60""]]",bango-file,prefix.dat,219
1043,<unresolved prefixname:1043>,,,0,1,"[[""hp"",""77""]]","[""prefix"",[""index"",""1043""],[""level"",""0""],[""sell"",""1""],[""hp"",""77""]]",bango-file,prefix.dat,220
1044,<unresolved prefixname:1044>,,,0,1,"[[""hp"",""95""]]","[""prefix"",[""index"",""1044""],[""level"",""0""],[""sell"",""1""],[""hp"",""95""]]",bango-file,prefix.dat,221
1045,<unresolved prefixname:1045>,,,0,1,"[[""hp"",""112""]]","[""prefix"",[""index"",""1045""],[""level"",""0""],[""sell"",""1""],[""hp"",""112""]]",bango-file,prefix.dat,222
1046,<unresolved prefixname:1046>,,,0,1,"[[""hp"",""130""]]","[""prefix"",[""index"",""1046""],[""level"",""0""],[""sell"",""1""],[""hp"",""130""]]",bango-file,prefix.dat,223
1047,<unresolved prefixname:1047>,,,0,1,"[[""hp"",""147""]]","[""prefix"",[""index"",""1047""],[""level"",""0""],[""sell"",""1""],[""hp"",""147""]]",bango-file,prefix.dat,224
1048,<unresolved prefixname:1048>,,,0,1,"[[""hp"",""165""]]","[""prefix"",[""index"",""1048""],[""level"",""0""],[""sell"",""1""],[""hp"",""165""]]",bango-file,prefix.dat,225
1049,<unresolved prefixname:1049>,,,0,1,"[[""hp"",""182""]]","[""prefix"",[""index"",""1049""],[""level"",""0""],[""sell"",""1""],[""hp"",""182""]]",bango-file,prefix.dat,226
1050,<unresolved prefixname:1050>,,,0,1,"[[""hp"",""200""]]","[""prefix"",[""index"",""1050""],[""level"",""0""],[""sell"",""1""],[""hp"",""200""]]",bango-file,prefix.dat,227
1051,<unresolved prefixname:1051>,,,0,1,"[[""hp"",""217""]]","[""prefix"",[""index"",""1051""],[""level"",""0""],[""sell"",""1""],[""hp"",""217""]]",bango-file,prefix.dat,228
1052,<unresolved prefixname:1052>,,,0,1,"[[""hp"",""235""]]","[""prefix"",[""index"",""1052""],[""level"",""0""],[""sell"",""1""],[""hp"",""235""]]",bango-file,prefix.dat,229
1053,<unresolved prefixname:1053>,,,0,1,"[[""hp"",""252""]]","[""prefix"",[""index"",""1053""],[""level"",""0""],[""sell"",""1""],[""hp"",""252""]]",bango-file,prefix.dat,230
1054,<unresolved prefixname:1054>,,,0,1,"[[""hp"",""270""]]","[""prefix"",[""index"",""1054""],[""level"",""0""],[""sell"",""1""],[""hp"",""270""]]",bango-file,prefix.dat,231
1055,<unresolved prefixname:1055>,,,0,1,"[[""hp"",""287""]]","[""prefix"",[""index"",""1055""],[""level"",""0""],[""sell"",""1""],[""hp"",""287""]]",bango-file,prefix.dat,232
1201,<unresolved prefixname:1201>,,,0,1,"[[""mp"",""9""]]","[""prefix"",[""index"",""1201""],[""level"",""0""],[""sell"",""1""],[""mp"",""9""]]",bango-file,prefix.dat,236
1202,<unresolved prefixname:1202>,,,0,1,"[[""mp"",""12""]]","[""prefix"",[""index"",""1202""],[""level"",""0""],[""sell"",""1""],[""mp"",""12""]]",bango-file,prefix.dat,237
1203,<unresolved prefixname:1203>,,,0,1,"[[""mp"",""14""]]","[""prefix"",[""index"",""1203""],[""level"",""0""],[""sell"",""1""],[""mp"",""14""]]",bango-file,prefix.dat,238
1204,<unresolved prefixname:1204>,,,0,1,"[[""mp"",""16""]]","[""prefix"",[""index"",""1204""],[""level"",""0""],[""sell"",""1""],[""mp"",""16""]]",bango-file,prefix.dat,239
1205,<unresolved prefixname:1205>,,,0,1,"[[""mp"",""18""]]","[""prefix"",[""index"",""1205""],[""level"",""0""],[""sell"",""1""],[""mp"",""18""]]",bango-file,prefix.dat,240
1206,<unresolved prefixname:1206>,,,0,1,"[[""mp"",""21""]]","[""prefix"",[""index"",""1206""],[""level"",""0""],[""sell"",""1""],[""mp"",""21""]]",bango-file,prefix.dat,241
1207,<unresolved prefixname:1207>,,,0,1,"[[""mp"",""23""]]","[""prefix"",[""index"",""1207""],[""level"",""0""],[""sell"",""1""],[""mp"",""23""]]",bango-file,prefix.dat,242
1208,<unresolved prefixname:1208>,,,0,1,"[[""mp"",""25""]]","[""prefix"",[""index"",""1208""],[""level"",""0""],[""sell"",""1""],[""mp"",""25""]]",bango-file,prefix.dat,243
1209,<unresolved prefixname:1209>,,,0,1,"[[""mp"",""27""]]","[""prefix"",[""index"",""1209""],[""level"",""0""],[""sell"",""1""],[""mp"",""27""]]",bango-file,prefix.dat,244
1210,<unresolved prefixname:1210>,,,0,1,"[[""mp"",""30""]]","[""prefix"",[""index"",""1210""],[""level"",""0""],[""sell"",""1""],[""mp"",""30""]]",bango-file,prefix.dat,245
1211,<unresolved prefixname:1211>,,,0,1,"[[""mp"",""32""]]","[""prefix"",[""index"",""1211""],[""level"",""0""],[""sell"",""1""],[""mp"",""32""]]",bango-file,prefix.dat,246
1212,<unresolved prefixname:1212>,,,0,1,"[[""mp"",""34""]]","[""prefix"",[""index"",""1212""],[""level"",""0""],[""sell"",""1""],[""mp"",""34""]]",bango-file,prefix.dat,247
1213,<unresolved prefixname:1213>,,,0,1,"[[""mp"",""36""]]","[""prefix"",[""index"",""1213""],[""level"",""0""],[""sell"",""1""],[""mp"",""36""]]",bango-file,prefix.dat,248
1214,<unresolved prefixname:1214>,,,0,1,"[[""mp"",""39""]]","[""prefix"",[""index"",""1214""],[""level"",""0""],[""sell"",""1""],[""mp"",""39""]]",bango-file,prefix.dat,249
1215,<unresolved prefixname:1215>,,,0,1,"[[""mp"",""41""]]","[""prefix"",[""index"",""1215""],[""level"",""0""],[""sell"",""1""],[""mp"",""41""]]",bango-file,prefix.dat,250
1221,<unresolved prefixname:1221>,,,0,1,"[[""mp"",""15""]]","[""prefix"",[""index"",""1221""],[""level"",""0""],[""sell"",""1""],[""mp"",""15""]]",bango-file,prefix.dat,252
1222,<unresolved prefixname:1222>,,,0,1,"[[""mp"",""20""]]","[""prefix"",[""index"",""1222""],[""level"",""0""],[""sell"",""1""],[""mp"",""20""]]",bango-file,prefix.dat,253
1223,<unresolved prefixname:1223>,,,0,1,"[[""mp"",""25""]]","[""prefix"",[""index"",""1223""],[""level"",""0""],[""sell"",""1""],[""mp"",""25""]]",bango-file,prefix.dat,254
1224,<unresolved prefixname:1224>,,,0,1,"[[""mp"",""30""]]","[""prefix"",[""index"",""1224""],[""level"",""0""],[""sell"",""1""],[""mp"",""30""]]",bango-file,prefix.dat,255
1225,<unresolved prefixname:1225>,,,0,1,"[[""mp"",""35""]]","[""prefix"",[""index"",""1225""],[""level"",""0""],[""sell"",""1""],[""mp"",""35""]]",bango-file,prefix.dat,256
1226,<unresolved prefixname:1226>,,,0,1,"[[""mp"",""40""]]","[""prefix"",[""index"",""1226""],[""level"",""0""],[""sell"",""1""],[""mp"",""40""]]",bango-file,prefix.dat,257
1227,<unresolved prefixname:1227>,,,0,1,"[[""mp"",""45""]]","[""prefix"",[""index"",""1227""],[""level"",""0""],[""sell"",""1""],[""mp"",""45""]]",bango-file,prefix.dat,258
1228,<unresolved prefixname:1228>,,,0,1,"[[""mp"",""50""]]","[""prefix"",[""index"",""1228""],[""level"",""0""],[""sell"",""1""],[""mp"",""50""]]",bango-file,prefix.dat,259
1229,<unresolved prefixname:1229>,,,0,1,"[[""mp"",""55""]]","[""prefix"",[""index"",""1229""],[""level"",""0""],[""sell"",""1""],[""mp"",""55""]]",bango-file,prefix.dat,260
1230,<unresolved prefixname:1230>,,,0,1,"[[""mp"",""60""]]","[""prefix"",[""index"",""1230""],[""level"",""0""],[""sell"",""1""],[""mp"",""60""]]",bango-file,prefix.dat,261
1231,<unresolved prefixname:1231>,,,0,1,"[[""mp"",""65""]]","[""prefix"",[""index"",""1231""],[""level"",""0""],[""sell"",""1""],[""mp"",""65""]]",bango-file,prefix.dat,262
1232,<unresolved prefixname:1232>,,,0,1,"[[""mp"",""70""]]","[""prefix"",[""index"",""1232""],[""level"",""0""],[""sell"",""1""],[""mp"",""70""]]",bango-file,prefix.dat,263
1233,<unresolved prefixname:1233>,,,0,1,"[[""mp"",""75""]]","[""prefix"",[""index"",""1233""],[""level"",""0""],[""sell"",""1""],[""mp"",""75""]]",bango-file,prefix.dat,264
1234,<unresolved prefixname:1234>,,,0,1,"[[""mp"",""80""]]","[""prefix"",[""index"",""1234""],[""level"",""0""],[""sell"",""1""],[""mp"",""80""]]",bango-file,prefix.dat,265
1235,<unresolved prefixname:1235>,,,0,1,"[[""mp"",""85""]]","[""prefix"",[""index"",""1235""],[""level"",""0""],[""sell"",""1""],[""mp"",""85""]]",bango-file,prefix.dat,266
1241,<unresolved prefixname:1241>,,,0,1,"[[""mp"",""21""]]","[""prefix"",[""index"",""1241""],[""level"",""0""],[""sell"",""1""],[""mp"",""21""]]",bango-file,prefix.dat,268
1242,<unresolved prefixname:1242>,,,0,1,"[[""mp"",""30""]]","[""prefix"",[""index"",""1242""],[""level"",""0""],[""sell"",""1""],[""mp"",""30""]]",bango-file,prefix.dat,269
1243,<unresolved prefixname:1243>,,,0,1,"[[""mp"",""38""]]","[""prefix"",[""index"",""1243""],[""level"",""0""],[""sell"",""1""],[""mp"",""38""]]",bango-file,prefix.dat,270
1244,<unresolved prefixname:1244>,,,0,1,"[[""mp"",""47""]]","[""prefix"",[""index"",""1244""],[""level"",""0""],[""sell"",""1""],[""mp"",""47""]]",bango-file,prefix.dat,271
1245,<unresolved prefixname:1245>,,,0,1,"[[""mp"",""56""]]","[""prefix"",[""index"",""1245""],[""level"",""0""],[""sell"",""1""],[""mp"",""56""]]",bango-file,prefix.dat,272
1246,<unresolved prefixname:1246>,,,0,1,"[[""mp"",""65""]]","[""prefix"",[""index"",""1246""],[""level"",""0""],[""sell"",""1""],[""mp"",""65""]]",bango-file,prefix.dat,273
1247,<unresolved prefixname:1247>,,,0,1,"[[""mp"",""73""]]","[""prefix"",[""index"",""1247""],[""level"",""0""],[""sell"",""1""],[""mp"",""73""]]",bango-file,prefix.dat,274
1248,<unresolved prefixname:1248>,,,0,1,"[[""mp"",""82""]]","[""prefix"",[""index"",""1248""],[""level"",""0""],[""sell"",""1""],[""mp"",""82""]]",bango-file,prefix.dat,275
1249,<unresolved prefixname:1249>,,,0,1,"[[""mp"",""91""]]","[""prefix"",[""index"",""1249""],[""level"",""0""],[""sell"",""1""],[""mp"",""91""]]",bango-file,prefix.dat,276
1250,<unresolved prefixname:1250>,,,0,1,"[[""mp"",""100""]]","[""prefix"",[""index"",""1250""],[""level"",""0""],[""sell"",""1""],[""mp"",""100""]]",bango-file,prefix.dat,277
1251,<unresolved prefixname:1251>,,,0,1,"[[""mp"",""108""]]","[""prefix"",[""index"",""1251""],[""level"",""0""],[""sell"",""1""],[""mp"",""108""]]",bango-file,prefix.dat,278
1252,<unresolved prefixname:1252>,,,0,1,"[[""mp"",""117""]]","[""prefix"",[""index"",""1252""],[""level"",""0""],[""sell"",""1""],[""mp"",""117""]]",bango-file,prefix.dat,279
1253,<unresolved prefixname:1253>,,,0,1,"[[""mp"",""126""]]","[""prefix"",[""index"",""1253""],[""level"",""0""],[""sell"",""1""],[""mp"",""126""]]",bango-file,prefix.dat,280
1254,<unresolved prefixname:1254>,,,0,1,"[[""mp"",""135""]]","[""prefix"",[""index"",""1254""],[""level"",""0""],[""sell"",""1""],[""mp"",""135""]]",bango-file,prefix.dat,281
1255,<unresolved prefixname:1255>,,,0,1,"[[""mp"",""143""]]","[""prefix"",[""index"",""1255""],[""level"",""0""],[""sell"",""1""],[""mp"",""143""]]",bango-file,prefix.dat,282
1401,<unresolved prefixname:1401>,,,0,1,"[[""attack"",""1"",""1""],[""magic"",""1"",""1""]]","[""prefix"",[""index"",""1401""],[""level"",""0""],[""sell"",""1""],[""attack"",""1"",""1""],[""magic"",""1"",""1""]]",bango-file,prefix.dat,286
1402,<unresolved prefixname:1402>,,,0,1,"[[""attack"",""2"",""2""],[""magic"",""2"",""2""]]","[""prefix"",[""index"",""1402""],[""level"",""0""],[""sell"",""1""],[""attack"",""2"",""2""],[""magic"",""2"",""2""]]",bango-file,prefix.dat,287
1403,<unresolved prefixname:1403>,,,0,1,"[[""attack"",""2"",""2""],[""magic"",""2"",""2""]]","[""prefix"",[""index"",""1403""],[""level"",""0""],[""sell"",""1""],[""attack"",""2"",""2""],[""magic"",""2"",""2""]]",bango-file,prefix.dat,288
1404,<unresolved prefixname:1404>,,,0,1,"[[""attack"",""3"",""3""],[""magic"",""3"",""3""]]","[""prefix"",[""index"",""1404""],[""level"",""0""],[""sell"",""1""],[""attack"",""3"",""3""],[""magic"",""3"",""3""]]",bango-file,prefix.dat,289
1405,<unresolved prefixname:1405>,,,0,1,"[[""attack"",""3"",""3""],[""magic"",""3"",""3""]]","[""prefix"",[""index"",""1405""],[""level"",""0""],[""sell"",""1""],[""attack"",""3"",""3""],[""magic"",""3"",""3""]]",bango-file,prefix.dat,290
1406,<unresolved prefixname:1406>,,,0,1,"[[""attack"",""4"",""4""],[""magic"",""4"",""4""]]","[""prefix"",[""index"",""1406""],[""level"",""0""],[""sell"",""1""],[""attack"",""4"",""4""],[""magic"",""4"",""4""]]",bango-file,prefix.dat,291
1407,<unresolved prefixname:1407>,,,0,1,"[[""attack"",""4"",""4""],[""magic"",""4"",""4""]]","[""prefix"",[""index"",""1407""],[""level"",""0""],[""sell"",""1""],[""attack"",""4"",""4""],[""magic"",""4"",""4""]]",bango-file,prefix.dat,292
1408,<unresolved prefixname:1408>,,,0,1,"[[""attack"",""5"",""5""],[""magic"",""5"",""5""]]","[""prefix"",[""index"",""1408""],[""level"",""0""],[""sell"",""1""],[""attack"",""5"",""5""],[""magic"",""5"",""5""]]",bango-file,prefix.dat,293
1409,<unresolved prefixname:1409>,,,0,1,"[[""attack"",""5"",""5""],[""magic"",""5"",""5""]]","[""prefix"",[""index"",""1409""],[""level"",""0""],[""sell"",""1""],[""attack"",""5"",""5""],[""magic"",""5"",""5""]]",bango-file,prefix.dat,294
1410,<unresolved prefixname:1410>,,,0,1,"[[""attack"",""6"",""6""],[""magic"",""6"",""6""]]","[""prefix"",[""index"",""1410""],[""level"",""0""],[""sell"",""1""],[""attack"",""6"",""6""],[""magic"",""6"",""6""]]",bango-file,prefix.dat,295
1411,<unresolved prefixname:1411>,,,0,1,"[[""attack"",""6"",""6""],[""magic"",""6"",""6""]]","[""prefix"",[""index"",""1411""],[""level"",""0""],[""sell"",""1""],[""attack"",""6"",""6""],[""magic"",""6"",""6""]]",bango-file,prefix.dat,296
1412,<unresolved prefixname:1412>,,,0,1,"[[""attack"",""6"",""6""],[""magic"",""6"",""6""]]","[""prefix"",[""index"",""1412""],[""level"",""0""],[""sell"",""1""],[""attack"",""6"",""6""],[""magic"",""6"",""6""]]",bango-file,prefix.dat,297
1413,<unresolved prefixname:1413>,,,0,1,"[[""attack"",""7"",""7""],[""magic"",""7"",""7""]]","[""prefix"",[""index"",""1413""],[""level"",""0""],[""sell"",""1""],[""attack"",""7"",""7""],[""magic"",""7"",""7""]]",bango-file,prefix.dat,298
1414,<unresolved prefixname:1414>,,,0,1,"[[""attack"",""7"",""7""],[""magic"",""7"",""7""]]","[""prefix"",[""index"",""1414""],[""level"",""0""],[""sell"",""1""],[""attack"",""7"",""7""],[""magic"",""7"",""7""]]",bango-file,prefix.dat,299
1415,<unresolved prefixname:1415>,,,0,1,"[[""attack"",""8"",""8""],[""magic"",""8"",""8""]]","[""prefix"",[""index"",""1415""],[""level"",""0""],[""sell"",""1""],[""attack"",""8"",""8""],[""magic"",""8"",""8""]]",bango-file,prefix.dat,300
1421,<unresolved prefixname:1421>,,,0,1,"[[""attack"",""3"",""3""],[""magic"",""3"",""3""]]","[""prefix"",[""index"",""1421""],[""level"",""0""],[""sell"",""1""],[""attack"",""3"",""3""],[""magic"",""3"",""3""]]",bango-file,prefix.dat,302
1422,<unresolved prefixname:1422>,,,0,1,"[[""attack"",""4"",""4""],[""magic"",""4"",""4""]]","[""prefix"",[""index"",""1422""],[""level"",""0""],[""sell"",""1""],[""attack"",""4"",""4""],[""magic"",""4"",""4""]]",bango-file,prefix.dat,303
1423,<unresolved prefixname:1423>,,,0,1,"[[""attack"",""5"",""5""],[""magic"",""5"",""5""]]","[""prefix"",[""index"",""1423""],[""level"",""0""],[""sell"",""1""],[""attack"",""5"",""5""],[""magic"",""5"",""5""]]",bango-file,prefix.dat,304
1424,<unresolved prefixname:1424>,,,0,1,"[[""attack"",""6"",""6""],[""magic"",""6"",""6""]]","[""prefix"",[""index"",""1424""],[""level"",""0""],[""sell"",""1""],[""attack"",""6"",""6""],[""magic"",""6"",""6""]]",bango-file,prefix.dat,305
1425,<unresolved prefixname:1425>,,,0,1,"[[""attack"",""7"",""7""],[""magic"",""7"",""7""]]","[""prefix"",[""index"",""1425""],[""level"",""0""],[""sell"",""1""],[""attack"",""7"",""7""],[""magic"",""7"",""7""]]",bango-file,prefix.dat,306
1426,<unresolved prefixname:1426>,,,0,1,"[[""attack"",""8"",""8""],[""magic"",""8"",""8""]]","[""prefix"",[""index"",""1426""],[""level"",""0""],[""sell"",""1""],[""attack"",""8"",""8""],[""magic"",""8"",""8""]]",bango-file,prefix.dat,307
1427,<unresolved prefixname:1427>,,,0,1,"[[""attack"",""9"",""9""],[""magic"",""9"",""9""]]","[""prefix"",[""index"",""1427""],[""level"",""0""],[""sell"",""1""],[""attack"",""9"",""9""],[""magic"",""9"",""9""]]",bango-file,prefix.dat,308
1428,<unresolved prefixname:1428>,,,0,1,"[[""attack"",""10"",""10""],[""magic"",""10"",""10""]]","[""prefix"",[""index"",""1428""],[""level"",""0""],[""sell"",""1""],[""attack"",""10"",""10""],[""magic"",""10"",""10""]]",bango-file,prefix.dat,309
1429,<unresolved prefixname:1429>,,,0,1,"[[""attack"",""11"",""11""],[""magic"",""11"",""11""]]","[""prefix"",[""index"",""1429""],[""level"",""0""],[""sell"",""1""],[""attack"",""11"",""11""],[""magic"",""11"",""11""]]",bango-file,prefix.dat,310
1430,<unresolved prefixname:1430>,,,0,1,"[[""attack"",""12"",""12""],[""magic"",""12"",""12""]]","[""prefix"",[""index"",""1430""],[""level"",""0""],[""sell"",""1""],[""attack"",""12"",""12""],[""magic"",""12"",""12""]]",bango-file,prefix.dat,311
1431,<unresolved prefixname:1431>,,,0,1,"[[""attack"",""13"",""13""],[""magic"",""13"",""13""]]","[""prefix"",[""index"",""1431""],[""level"",""0""],[""sell"",""1""],[""attack"",""13"",""13""],[""magic"",""13"",""13""]]",bango-file,prefix.dat,312
1432,<unresolved prefixname:1432>,,,0,1,"[[""attack"",""14"",""14""],[""magic"",""14"",""14""]]","[""prefix"",[""index"",""1432""],[""level"",""0""],[""sell"",""1""],[""attack"",""14"",""14""],[""magic"",""14"",""14""]]",bango-file,prefix.dat,313
1433,<unresolved prefixname:1433>,,,0,1,"[[""attack"",""15"",""15""],[""magic"",""15"",""15""]]","[""prefix"",[""index"",""1433""],[""level"",""0""],[""sell"",""1""],[""attack"",""15"",""15""],[""magic"",""15"",""15""]]",bango-file,prefix.dat,314
1434,<unresolved prefixname:1434>,,,0,1,"[[""attack"",""16"",""16""],[""magic"",""16"",""16""]]","[""prefix"",[""index"",""1434""],[""level"",""0""],[""sell"",""1""],[""attack"",""16"",""16""],[""magic"",""16"",""16""]]",bango-file,prefix.dat,315
1435,<unresolved prefixname:1435>,,,0,1,"[[""attack"",""17"",""17""],[""magic"",""17"",""17""]]","[""prefix"",[""index"",""1435""],[""level"",""0""],[""sell"",""1""],[""attack"",""17"",""17""],[""magic"",""17"",""17""]]",bango-file,prefix.dat,316
1441,<unresolved prefixname:1441>,,,0,1,"[[""attack"",""6"",""6""],[""magic"",""6"",""6""]]","[""prefix"",[""index"",""1441""],[""level"",""0""],[""sell"",""1""],[""attack"",""6"",""6""],[""magic"",""6"",""6""]]",bango-file,prefix.dat,318
1442,<unresolved prefixname:1442>,,,0,1,"[[""attack"",""9"",""9""],[""magic"",""9"",""9""]]","[""prefix"",[""index"",""1442""],[""level"",""0""],[""sell"",""1""],[""attack"",""9"",""9""],[""magic"",""9"",""9""]]",bango-file,prefix.dat,319
1443,<unresolved prefixname:1443>,,,0,1,"[[""attack"",""12"",""12""],[""magic"",""12"",""12""]]","[""prefix"",[""index"",""1443""],[""level"",""0""],[""sell"",""1""],[""attack"",""12"",""12""],[""magic"",""12"",""12""]]",bango-file,prefix.dat,320
1444,<unresolved prefixname:1444>,,,0,1,"[[""attack"",""15"",""15""],[""magic"",""15"",""15""]]","[""prefix"",[""index"",""1444""],[""level"",""0""],[""sell"",""1""],[""attack"",""15"",""15""],[""magic"",""15"",""15""]]",bango-file,prefix.dat,321
1445,<unresolved prefixname:1445>,,,0,1,"[[""attack"",""18"",""18""],[""magic"",""18"",""18""]]","[""prefix"",[""index"",""1445""],[""level"",""0""],[""sell"",""1""],[""attack"",""18"",""18""],[""magic"",""18"",""18""]]",bango-file,prefix.dat,322
1446,<unresolved prefixname:1446>,,,0,1,"[[""attack"",""20"",""20""],[""magic"",""20"",""20""]]","[""prefix"",[""index"",""1446""],[""level"",""0""],[""sell"",""1""],[""attack"",""20"",""20""],[""magic"",""20"",""20""]]",bango-file,prefix.dat,323
1447,<unresolved prefixname:1447>,,,0,1,"[[""attack"",""23"",""23""],[""magic"",""23"",""23""]]","[""prefix"",[""index"",""1447""],[""level"",""0""],[""sell"",""1""],[""attack"",""23"",""23""],[""magic"",""23"",""23""]]",bango-file,prefix.dat,324
1448,<unresolved prefixname:1448>,,,0,1,"[[""attack"",""26"",""26""],[""magic"",""26"",""26""]]","[""prefix"",[""index"",""1448""],[""level"",""0""],[""sell"",""1""],[""attack"",""26"",""26""],[""magic"",""26"",""26""]]",bango-file,prefix.dat,325
1449,<unresolved prefixname:1449>,,,0,1,"[[""attack"",""29"",""29""],[""magic"",""29"",""29""]]","[""prefix"",[""index"",""1449""],[""level"",""0""],[""sell"",""1""],[""attack"",""29"",""29""],[""magic"",""29"",""29""]]",bango-file,prefix.dat,326
1450,<unresolved prefixname:1450>,,,0,1,"[[""attack"",""32"",""32""],[""magic"",""32"",""32""]]","[""prefix"",[""index"",""1450""],[""level"",""0""],[""sell"",""1""],[""attack"",""32"",""32""],[""magic"",""32"",""32""]]",bango-file,prefix.dat,327
1451,<unresolved prefixname:1451>,,,0,1,"[[""attack"",""34"",""34""],[""magic"",""34"",""34""]]","[""prefix"",[""index"",""1451""],[""level"",""0""],[""sell"",""1""],[""attack"",""34"",""34""],[""magic"",""34"",""34""]]",bango-file,prefix.dat,328
1452,<unresolved prefixname:1452>,,,0,1,"[[""attack"",""37"",""37""],[""magic"",""37"",""37""]]","[""prefix"",[""index"",""1452""],[""level"",""0""],[""sell"",""1""],[""attack"",""37"",""37""],[""magic"",""37"",""37""]]",bango-file,prefix.dat,329
1453,<unresolved prefixname:1453>,,,0,1,"[[""attack"",""40"",""40""],[""magic"",""40"",""40""]]","[""prefix"",[""index"",""1453""],[""level"",""0""],[""sell"",""1""],[""attack"",""40"",""40""],[""magic"",""40"",""40""]]",bango-file,prefix.dat,330
1454,<unresolved prefixname:1454>,,,0,1,"[[""attack"",""43"",""43""],[""magic"",""43"",""43""]]","[""prefix"",[""index"",""1454""],[""level"",""0""],[""sell"",""1""],[""attack"",""43"",""43""],[""magic"",""43"",""43""]]",bango-file,prefix.dat,331
1455,<unresolved prefixname:1455>,,,0,1,"[[""attack"",""46"",""46""],[""magic"",""46"",""46""]]","[""prefix"",[""index"",""1455""],[""level"",""0""],[""sell"",""1""],[""attack"",""46"",""46""],[""magic"",""46"",""46""]]",bango-file,prefix.dat,332
1601,<unresolved prefixname:1601>,,,0,1,"[[""str"",""1""]]","[""prefix"",[""index"",""1601""],[""level"",""0""],[""sell"",""1""],[""str"",""1""]]",bango-file,prefix.dat,338
1602,<unresolved prefixname:1602>,,,0,1,"[[""str"",""1""]]","[""prefix"",[""index"",""1602""],[""level"",""0""],[""sell"",""1""],[""str"",""1""]]",bango-file,prefix.dat,339
1603,<unresolved prefixname:1603>,,,0,1,"[[""str"",""1""]]","[""prefix"",[""index"",""1603""],[""level"",""0""],[""sell"",""1""],[""str"",""1""]]",bango-file,prefix.dat,340
1604,<unresolved prefixname:1604>,,,0,1,"[[""str"",""1""]]","[""prefix"",[""index"",""1604""],[""level"",""0""],[""sell"",""1""],[""str"",""1""]]",bango-file,prefix.dat,341
1605,<unresolved prefixname:1605>,,,0,1,"[[""str"",""1""]]","[""prefix"",[""index"",""1605""],[""level"",""0""],[""sell"",""1""],[""str"",""1""]]",bango-file,prefix.dat,342
1606,<unresolved prefixname:1606>,,,0,1,"[[""str"",""1""]]","[""prefix"",[""index"",""1606""],[""level"",""0""],[""sell"",""1""],[""str"",""1""]]",bango-file,prefix.dat,343
1607,<unresolved prefixname:1607>,,,0,1,"[[""str"",""1""]]","[""prefix"",[""index"",""1607""],[""level"",""0""],[""sell"",""1""],[""str"",""1""]]",bango-file,prefix.dat,344
1608,<unresolved prefixname:1608>,,,0,1,"[[""str"",""1""]]","[""prefix"",[""index"",""1608""],[""level"",""0""],[""sell"",""1""],[""str"",""1""]]",bango-file,prefix.dat,345
1609,<unresolved prefixname:1609>,,,0,1,"[[""str"",""1""]]","[""prefix"",[""index"",""1609""],[""level"",""0""],[""sell"",""1""],[""str"",""1""]]",bango-file,prefix.dat,346
1610,<unresolved prefixname:1610>,,,0,1,"[[""str"",""2""]]","[""prefix"",[""index"",""1610""],[""level"",""0""],[""sell"",""1""],[""str"",""2""]]",bango-file,prefix.dat,347
1611,<unresolved prefixname:1611>,,,0,1,"[[""str"",""2""]]","[""prefix"",[""index"",""1611""],[""level"",""0""],[""sell"",""1""],[""str"",""2""]]",bango-file,prefix.dat,348
1612,<unresolved prefixname:1612>,,,0,1,"[[""str"",""2""]]","[""prefix"",[""index"",""1612""],[""level"",""0""],[""sell"",""1""],[""str"",""2""]]",bango-file,prefix.dat,349
1613,<unresolved prefixname:1613>,,,0,1,"[[""str"",""2""]]","[""prefix"",[""index"",""1613""],[""level"",""0""],[""sell"",""1""],[""str"",""2""]]",bango-file,prefix.dat,350
1614,<unresolved prefixname:1614>,,,0,1,"[[""str"",""2""]]","[""prefix"",[""index"",""1614""],[""level"",""0""],[""sell"",""1""],[""str"",""2""]]",bango-file,prefix.dat,351
1615,<unresolved prefixname:1615>,,,0,1,"[[""str"",""2""]]","[""prefix"",[""index"",""1615""],[""level"",""0""],[""sell"",""1""],[""str"",""2""]]",bango-file,prefix.dat,352
1621,<unresolved prefixname:1621>,,,0,1,"[[""str"",""1""]]","[""prefix"",[""index"",""1621""],[""level"",""0""],[""sell"",""1""],[""str"",""1""]]",bango-file,prefix.dat,354
1622,<unresolved prefixname:1622>,,,0,1,"[[""str"",""1""]]","[""prefix"",[""index"",""1622""],[""level"",""0""],[""sell"",""1""],[""str"",""1""]]",bango-file,prefix.dat,355
1623,<unresolved prefixname:1623>,,,0,1,"[[""str"",""1""]]","[""prefix"",[""index"",""1623""],[""level"",""0""],[""sell"",""1""],[""str"",""1""]]",bango-file,prefix.dat,356
1624,<unresolved prefixname:1624>,,,0,1,"[[""str"",""1""]]","[""prefix"",[""index"",""1624""],[""level"",""0""],[""sell"",""1""],[""str"",""1""]]",bango-file,prefix.dat,357
1625,<unresolved prefixname:1625>,,,0,1,"[[""str"",""1""]]","[""prefix"",[""index"",""1625""],[""level"",""0""],[""sell"",""1""],[""str"",""1""]]",bango-file,prefix.dat,358
1626,<unresolved prefixname:1626>,,,0,1,"[[""str"",""2""]]","[""prefix"",[""index"",""1626""],[""level"",""0""],[""sell"",""1""],[""str"",""2""]]",bango-file,prefix.dat,359
1627,<unresolved prefixname:1627>,,,0,1,"[[""str"",""2""]]","[""prefix"",[""index"",""1627""],[""level"",""0""],[""sell"",""1""],[""str"",""2""]]",bango-file,prefix.dat,360
1628,<unresolved prefixname:1628>,,,0,1,"[[""str"",""2""]]","[""prefix"",[""index"",""1628""],[""level"",""0""],[""sell"",""1""],[""str"",""2""]]",bango-file,prefix.dat,361
1629,<unresolved prefixname:1629>,,,0,1,"[[""str"",""2""]]","[""prefix"",[""index"",""1629""],[""level"",""0""],[""sell"",""1""],[""str"",""2""]]",bango-file,prefix.dat,362
1630,<unresolved prefixname:1630>,,,0,1,"[[""str"",""3""]]","[""prefix"",[""index"",""1630""],[""level"",""0""],[""sell"",""1""],[""str"",""3""]]",bango-file,prefix.dat,363
1631,<unresolved prefixname:1631>,,,0,1,"[[""str"",""3""]]","[""prefix"",[""index"",""1631""],[""level"",""0""],[""sell"",""1""],[""str"",""3""]]",bango-file,prefix.dat,364
1632,<unresolved prefixname:1632>,,,0,1,"[[""str"",""3""]]","[""prefix"",[""index"",""1632""],[""level"",""0""],[""sell"",""1""],[""str"",""3""]]",bango-file,prefix.dat,365
1633,<unresolved prefixname:1633>,,,0,1,"[[""str"",""3""]]","[""prefix"",[""index"",""1633""],[""level"",""0""],[""sell"",""1""],[""str"",""3""]]",bango-file,prefix.dat,366
1634,<unresolved prefixname:1634>,,,0,1,"[[""str"",""4""]]","[""prefix"",[""index"",""1634""],[""level"",""0""],[""sell"",""1""],[""str"",""4""]]",bango-file,prefix.dat,367
1635,<unresolved prefixname:1635>,,,0,1,"[[""str"",""4""]]","[""prefix"",[""index"",""1635""],[""level"",""0""],[""sell"",""1""],[""str"",""4""]]",bango-file,prefix.dat,368
1641,<unresolved prefixname:1641>,,,0,1,"[[""str"",""1""]]","[""prefix"",[""index"",""1641""],[""level"",""0""],[""sell"",""1""],[""str"",""1""]]",bango-file,prefix.dat,370
1642,<unresolved prefixname:1642>,,,0,1,"[[""str"",""1""]]","[""prefix"",[""index"",""1642""],[""level"",""0""],[""sell"",""1""],[""str"",""1""]]",bango-file,prefix.dat,371
1643,<unresolved prefixname:1643>,,,0,1,"[[""str"",""2""]]","[""prefix"",[""index"",""1643""],[""level"",""0""],[""sell"",""1""],[""str"",""2""]]",bango-file,prefix.dat,372
1644,<unresolved prefixname:1644>,,,0,1,"[[""str"",""2""]]","[""prefix"",[""index"",""1644""],[""level"",""0""],[""sell"",""1""],[""str"",""2""]]",bango-file,prefix.dat,373
1645,<unresolved prefixname:1645>,,,0,1,"[[""str"",""2""]]","[""prefix"",[""index"",""1645""],[""level"",""0""],[""sell"",""1""],[""str"",""2""]]",bango-file,prefix.dat,374
1646,<unresolved prefixname:1646>,,,0,1,"[[""str"",""3""]]","[""prefix"",[""index"",""1646""],[""level"",""0""],[""sell"",""1""],[""str"",""3""]]",bango-file,prefix.dat,375
1647,<unresolved prefixname:1647>,,,0,1,"[[""str"",""3""]]","[""prefix"",[""index"",""1647""],[""level"",""0""],[""sell"",""1""],[""str"",""3""]]",bango-file,prefix.dat,376
1648,<unresolved prefixname:1648>,,,0,1,"[[""str"",""4""]]","[""prefix"",[""index"",""1648""],[""level"",""0""],[""sell"",""1""],[""str"",""4""]]",bango-file,prefix.dat,377
1649,<unresolved prefixname:1649>,,,0,1,"[[""str"",""4""]]","[""prefix"",[""index"",""1649""],[""level"",""0""],[""sell"",""1""],[""str"",""4""]]",bango-file,prefix.dat,378
1650,<unresolved prefixname:1650>,,,0,1,"[[""str"",""5""]]","[""prefix"",[""index"",""1650""],[""level"",""0""],[""sell"",""1""],[""str"",""5""]]",bango-file,prefix.dat,379
1651,<unresolved prefixname:1651>,,,0,1,"[[""str"",""5""]]","[""prefix"",[""index"",""1651""],[""level"",""0""],[""sell"",""1""],[""str"",""5""]]",bango-file,prefix.dat,380
1652,<unresolved prefixname:1652>,,,0,1,"[[""str"",""6""]]","[""prefix"",[""index"",""1652""],[""level"",""0""],[""sell"",""1""],[""str"",""6""]]",bango-file,prefix.dat,381
1653,<unresolved prefixname:1653>,,,0,1,"[[""str"",""6""]]","[""prefix"",[""index"",""1653""],[""level"",""0""],[""sell"",""1""],[""str"",""6""]]",bango-file,prefix.dat,382
1654,<unresolved prefixname:1654>,,,0,1,"[[""str"",""7""]]","[""prefix"",[""index"",""1654""],[""level"",""0""],[""sell"",""1""],[""str"",""7""]]",bango-file,prefix.dat,383
1655,<unresolved prefixname:1655>,,,0,1,"[[""str"",""7""]]","[""prefix"",[""index"",""1655""],[""level"",""0""],[""sell"",""1""],[""str"",""7""]]",bango-file,prefix.dat,384
1801,<unresolved prefixname:1801>,,,0,1,"[[""dex"",""1""]]","[""prefix"",[""index"",""1801""],[""level"",""0""],[""sell"",""1""],[""dex"",""1""]]",bango-file,prefix.dat,388
1802,<unresolved prefixname:1802>,,,0,1,"[[""dex"",""1""]]","[""prefix"",[""index"",""1802""],[""level"",""0""],[""sell"",""1""],[""dex"",""1""]]",bango-file,prefix.dat,389
1803,<unresolved prefixname:1803>,,,0,1,"[[""dex"",""1""]]","[""prefix"",[""index"",""1803""],[""level"",""0""],[""sell"",""1""],[""dex"",""1""]]",bango-file,prefix.dat,390
1804,<unresolved prefixname:1804>,,,0,1,"[[""dex"",""1""]]","[""prefix"",[""index"",""1804""],[""level"",""0""],[""sell"",""1""],[""dex"",""1""]]",bango-file,prefix.dat,391
1805,<unresolved prefixname:1805>,,,0,1,"[[""dex"",""1""]]","[""prefix"",[""index"",""1805""],[""level"",""0""],[""sell"",""1""],[""dex"",""1""]]",bango-file,prefix.dat,392
1806,<unresolved prefixname:1806>,,,0,1,"[[""dex"",""1""]]","[""prefix"",[""index"",""1806""],[""level"",""0""],[""sell"",""1""],[""dex"",""1""]]",bango-file,prefix.dat,393
1807,<unresolved prefixname:1807>,,,0,1,"[[""dex"",""1""]]","[""prefix"",[""index"",""1807""],[""level"",""0""],[""sell"",""1""],[""dex"",""1""]]",bango-file,prefix.dat,394
1808,<unresolved prefixname:1808>,,,0,1,"[[""dex"",""1""]]","[""prefix"",[""index"",""1808""],[""level"",""0""],[""sell"",""1""],[""dex"",""1""]]",bango-file,prefix.dat,395
1809,<unresolved prefixname:1809>,,,0,1,"[[""dex"",""1""]]","[""prefix"",[""index"",""1809""],[""level"",""0""],[""sell"",""1""],[""dex"",""1""]]",bango-file,prefix.dat,396
1810,<unresolved prefixname:1810>,,,0,1,"[[""dex"",""2""]]","[""prefix"",[""index"",""1810""],[""level"",""0""],[""sell"",""1""],[""dex"",""2""]]",bango-file,prefix.dat,397
1811,<unresolved prefixname:1811>,,,0,1,"[[""dex"",""2""]]","[""prefix"",[""index"",""1811""],[""level"",""0""],[""sell"",""1""],[""dex"",""2""]]",bango-file,prefix.dat,398
1812,<unresolved prefixname:1812>,,,0,1,"[[""dex"",""2""]]","[""prefix"",[""index"",""1812""],[""level"",""0""],[""sell"",""1""],[""dex"",""2""]]",bango-file,prefix.dat,399
1813,<unresolved prefixname:1813>,,,0,1,"[[""dex"",""2""]]","[""prefix"",[""index"",""1813""],[""level"",""0""],[""sell"",""1""],[""dex"",""2""]]",bango-file,prefix.dat,400
1814,<unresolved prefixname:1814>,,,0,1,"[[""dex"",""2""]]","[""prefix"",[""index"",""1814""],[""level"",""0""],[""sell"",""1""],[""dex"",""2""]]",bango-file,prefix.dat,401
1815,<unresolved prefixname:1815>,,,0,1,"[[""dex"",""2""]]","[""prefix"",[""index"",""1815""],[""level"",""0""],[""sell"",""1""],[""dex"",""2""]]",bango-file,prefix.dat,402
1821,<unresolved prefixname:1821>,,,0,1,"[[""dex"",""1""]]","[""prefix"",[""index"",""1821""],[""level"",""0""],[""sell"",""1""],[""dex"",""1""]]",bango-file,prefix.dat,404
1822,<unresolved prefixname:1822>,,,0,1,"[[""dex"",""1""]]","[""prefix"",[""index"",""1822""],[""level"",""0""],[""sell"",""1""],[""dex"",""1""]]",bango-file,prefix.dat,405
1823,<unresolved prefixname:1823>,,,0,1,"[[""dex"",""1""]]","[""prefix"",[""index"",""1823""],[""level"",""0""],[""sell"",""1""],[""dex"",""1""]]",bango-file,prefix.dat,406
1824,<unresolved prefixname:1824>,,,0,1,"[[""dex"",""1""]]","[""prefix"",[""index"",""1824""],[""level"",""0""],[""sell"",""1""],[""dex"",""1""]]",bango-file,prefix.dat,407
1825,<unresolved prefixname:1825>,,,0,1,"[[""dex"",""1""]]","[""prefix"",[""index"",""1825""],[""level"",""0""],[""sell"",""1""],[""dex"",""1""]]",bango-file,prefix.dat,408
1826,<unresolved prefixname:1826>,,,0,1,"[[""dex"",""2""]]","[""prefix"",[""index"",""1826""],[""level"",""0""],[""sell"",""1""],[""dex"",""2""]]",bango-file,prefix.dat,409
1827,<unresolved prefixname:1827>,,,0,1,"[[""dex"",""2""]]","[""prefix"",[""index"",""1827""],[""level"",""0""],[""sell"",""1""],[""dex"",""2""]]",bango-file,prefix.dat,410
1828,<unresolved prefixname:1828>,,,0,1,"[[""dex"",""2""]]","[""prefix"",[""index"",""1828""],[""level"",""0""],[""sell"",""1""],[""dex"",""2""]]",bango-file,prefix.dat,411
1829,<unresolved prefixname:1829>,,,0,1,"[[""dex"",""2""]]","[""prefix"",[""index"",""1829""],[""level"",""0""],[""sell"",""1""],[""dex"",""2""]]",bango-file,prefix.dat,412
1830,<unresolved prefixname:1830>,,,0,1,"[[""dex"",""3""]]","[""prefix"",[""index"",""1830""],[""level"",""0""],[""sell"",""1""],[""dex"",""3""]]",bango-file,prefix.dat,413
1831,<unresolved prefixname:1831>,,,0,1,"[[""dex"",""3""]]","[""prefix"",[""index"",""1831""],[""level"",""0""],[""sell"",""1""],[""dex"",""3""]]",bango-file,prefix.dat,414
1832,<unresolved prefixname:1832>,,,0,1,"[[""dex"",""3""]]","[""prefix"",[""index"",""1832""],[""level"",""0""],[""sell"",""1""],[""dex"",""3""]]",bango-file,prefix.dat,415
1833,<unresolved prefixname:1833>,,,0,1,"[[""dex"",""3""]]","[""prefix"",[""index"",""1833""],[""level"",""0""],[""sell"",""1""],[""dex"",""3""]]",bango-file,prefix.dat,416
1834,<unresolved prefixname:1834>,,,0,1,"[[""dex"",""4""]]","[""prefix"",[""index"",""1834""],[""level"",""0""],[""sell"",""1""],[""dex"",""4""]]",bango-file,prefix.dat,417
1835,<unresolved prefixname:1835>,,,0,1,"[[""dex"",""4""]]","[""prefix"",[""index"",""1835""],[""level"",""0""],[""sell"",""1""],[""dex"",""4""]]",bango-file,prefix.dat,418
1841,<unresolved prefixname:1841>,,,0,1,"[[""dex"",""1""]]","[""prefix"",[""index"",""1841""],[""level"",""0""],[""sell"",""1""],[""dex"",""1""]]",bango-file,prefix.dat,420
1842,<unresolved prefixname:1842>,,,0,1,"[[""dex"",""1""]]","[""prefix"",[""index"",""1842""],[""level"",""0""],[""sell"",""1""],[""dex"",""1""]]",bango-file,prefix.dat,421
1843,<unresolved prefixname:1843>,,,0,1,"[[""dex"",""2""]]","[""prefix"",[""index"",""1843""],[""level"",""0""],[""sell"",""1""],[""dex"",""2""]]",bango-file,prefix.dat,422
1844,<unresolved prefixname:1844>,,,0,1,"[[""dex"",""2""]]","[""prefix"",[""index"",""1844""],[""level"",""0""],[""sell"",""1""],[""dex"",""2""]]",bango-file,prefix.dat,423
1845,<unresolved prefixname:1845>,,,0,1,"[[""dex"",""2""]]","[""prefix"",[""index"",""1845""],[""level"",""0""],[""sell"",""1""],[""dex"",""2""]]",bango-file,prefix.dat,424
1846,<unresolved prefixname:1846>,,,0,1,"[[""dex"",""3""]]","[""prefix"",[""index"",""1846""],[""level"",""0""],[""sell"",""1""],[""dex"",""3""]]",bango-file,prefix.dat,425
1847,<unresolved prefixname:1847>,,,0,1,"[[""dex"",""3""]]","[""prefix"",[""index"",""1847""],[""level"",""0""],[""sell"",""1""],[""dex"",""3""]]",bango-file,prefix.dat,426
1848,<unresolved prefixname:1848>,,,0,1,"[[""dex"",""4""]]","[""prefix"",[""index"",""1848""],[""level"",""0""],[""sell"",""1""],[""dex"",""4""]]",bango-file,prefix.dat,427
1849,<unresolved prefixname:1849>,,,0,1,"[[""dex"",""4""]]","[""prefix"",[""index"",""1849""],[""level"",""0""],[""sell"",""1""],[""dex"",""4""]]",bango-file,prefix.dat,428
1850,<unresolved prefixname:1850>,,,0,1,"[[""dex"",""5""]]","[""prefix"",[""index"",""1850""],[""level"",""0""],[""sell"",""1""],[""dex"",""5""]]",bango-file,prefix.dat,429
1851,<unresolved prefixname:1851>,,,0,1,"[[""dex"",""5""]]","[""prefix"",[""index"",""1851""],[""level"",""0""],[""sell"",""1""],[""dex"",""5""]]",bango-file,prefix.dat,430
1852,<unresolved prefixname:1852>,,,0,1,"[[""dex"",""6""]]","[""prefix"",[""index"",""1852""],[""level"",""0""],[""sell"",""1""],[""dex"",""6""]]",bango-file,prefix.dat,431
1853,<unresolved prefixname:1853>,,,0,1,"[[""dex"",""6""]]","[""prefix"",[""index"",""1853""],[""level"",""0""],[""sell"",""1""],[""dex"",""6""]]",bango-file,prefix.dat,432
1854,<unresolved prefixname:1854>,,,0,1,"[[""dex"",""7""]]","[""prefix"",[""index"",""1854""],[""level"",""0""],[""sell"",""1""],[""dex"",""7""]]",bango-file,prefix.dat,433
1855,<unresolved prefixname:1855>,,,0,1,"[[""dex"",""7""]]","[""prefix"",[""index"",""1855""],[""level"",""0""],[""sell"",""1""],[""dex"",""7""]]",bango-file,prefix.dat,434
2001,<unresolved prefixname:2001>,,,0,1,"[[""int"",""1""]]","[""prefix"",[""index"",""2001""],[""level"",""0""],[""sell"",""1""],[""int"",""1""]]",bango-file,prefix.dat,438
2002,<unresolved prefixname:2002>,,,0,1,"[[""int"",""1""]]","[""prefix"",[""index"",""2002""],[""level"",""0""],[""sell"",""1""],[""int"",""1""]]",bango-file,prefix.dat,439
2003,<unresolved prefixname:2003>,,,0,1,"[[""int"",""1""]]","[""prefix"",[""index"",""2003""],[""level"",""0""],[""sell"",""1""],[""int"",""1""]]",bango-file,prefix.dat,440
2004,<unresolved prefixname:2004>,,,0,1,"[[""int"",""1""]]","[""prefix"",[""index"",""2004""],[""level"",""0""],[""sell"",""1""],[""int"",""1""]]",bango-file,prefix.dat,441
2005,<unresolved prefixname:2005>,,,0,1,"[[""int"",""1""]]","[""prefix"",[""index"",""2005""],[""level"",""0""],[""sell"",""1""],[""int"",""1""]]",bango-file,prefix.dat,442
2006,<unresolved prefixname:2006>,,,0,1,"[[""int"",""1""]]","[""prefix"",[""index"",""2006""],[""level"",""0""],[""sell"",""1""],[""int"",""1""]]",bango-file,prefix.dat,443
2007,<unresolved prefixname:2007>,,,0,1,"[[""int"",""1""]]","[""prefix"",[""index"",""2007""],[""level"",""0""],[""sell"",""1""],[""int"",""1""]]",bango-file,prefix.dat,444
2008,<unresolved prefixname:2008>,,,0,1,"[[""int"",""1""]]","[""prefix"",[""index"",""2008""],[""level"",""0""],[""sell"",""1""],[""int"",""1""]]",bango-file,prefix.dat,445
2009,<unresolved prefixname:2009>,,,0,1,"[[""int"",""1""]]","[""prefix"",[""index"",""2009""],[""level"",""0""],[""sell"",""1""],[""int"",""1""]]",bango-file,prefix.dat,446
2010,<unresolved prefixname:2010>,,,0,1,"[[""int"",""2""]]","[""prefix"",[""index"",""2010""],[""level"",""0""],[""sell"",""1""],[""int"",""2""]]",bango-file,prefix.dat,447
2011,<unresolved prefixname:2011>,,,0,1,"[[""int"",""2""]]","[""prefix"",[""index"",""2011""],[""level"",""0""],[""sell"",""1""],[""int"",""2""]]",bango-file,prefix.dat,448
2012,<unresolved prefixname:2012>,,,0,1,"[[""int"",""2""]]","[""prefix"",[""index"",""2012""],[""level"",""0""],[""sell"",""1""],[""int"",""2""]]",bango-file,prefix.dat,449
2013,<unresolved prefixname:2013>,,,0,1,"[[""int"",""2""]]","[""prefix"",[""index"",""2013""],[""level"",""0""],[""sell"",""1""],[""int"",""2""]]",bango-file,prefix.dat,450
2014,<unresolved prefixname:2014>,,,0,1,"[[""int"",""2""]]","[""prefix"",[""index"",""2014""],[""level"",""0""],[""sell"",""1""],[""int"",""2""]]",bango-file,prefix.dat,451
2015,<unresolved prefixname:2015>,,,0,1,"[[""int"",""2""]]","[""prefix"",[""index"",""2015""],[""level"",""0""],[""sell"",""1""],[""int"",""2""]]",bango-file,prefix.dat,452
2021,<unresolved prefixname:2021>,,,0,1,"[[""int"",""1""]]","[""prefix"",[""index"",""2021""],[""level"",""0""],[""sell"",""1""],[""int"",""1""]]",bango-file,prefix.dat,454
2022,<unresolved prefixname:2022>,,,0,1,"[[""int"",""1""]]","[""prefix"",[""index"",""2022""],[""level"",""0""],[""sell"",""1""],[""int"",""1""]]",bango-file,prefix.dat,455
2023,<unresolved prefixname:2023>,,,0,1,"[[""int"",""1""]]","[""prefix"",[""index"",""2023""],[""level"",""0""],[""sell"",""1""],[""int"",""1""]]",bango-file,prefix.dat,456
2024,<unresolved prefixname:2024>,,,0,1,"[[""int"",""1""]]","[""prefix"",[""index"",""2024""],[""level"",""0""],[""sell"",""1""],[""int"",""1""]]",bango-file,prefix.dat,457
2025,<unresolved prefixname:2025>,,,0,1,"[[""int"",""1""]]","[""prefix"",[""index"",""2025""],[""level"",""0""],[""sell"",""1""],[""int"",""1""]]",bango-file,prefix.dat,458
2026,<unresolved prefixname:2026>,,,0,1,"[[""int"",""2""]]","[""prefix"",[""index"",""2026""],[""level"",""0""],[""sell"",""1""],[""int"",""2""]]",bango-file,prefix.dat,459
2027,<unresolved prefixname:2027>,,,0,1,"[[""int"",""2""]]","[""prefix"",[""index"",""2027""],[""level"",""0""],[""sell"",""1""],[""int"",""2""]]",bango-file,prefix.dat,460
2028,<unresolved prefixname:2028>,,,0,1,"[[""int"",""2""]]","[""prefix"",[""index"",""2028""],[""level"",""0""],[""sell"",""1""],[""int"",""2""]]",bango-file,prefix.dat,461
2029,<unresolved prefixname:2029>,,,0,1,"[[""int"",""2""]]","[""prefix"",[""index"",""2029""],[""level"",""0""],[""sell"",""1""],[""int"",""2""]]",bango-file,prefix.dat,462
2030,<unresolved prefixname:2030>,,,0,1,"[[""int"",""3""]]","[""prefix"",[""index"",""2030""],[""level"",""0""],[""sell"",""1""],[""int"",""3""]]",bango-file,prefix.dat,463
2031,<unresolved prefixname:2031>,,,0,1,"[[""int"",""3""]]","[""prefix"",[""index"",""2031""],[""level"",""0""],[""sell"",""1""],[""int"",""3""]]",bango-file,prefix.dat,464
2032,<unresolved prefixname:2032>,,,0,1,"[[""int"",""3""]]","[""prefix"",[""index"",""2032""],[""level"",""0""],[""sell"",""1""],[""int"",""3""]]",bango-file,prefix.dat,465
2033,<unresolved prefixname:2033>,,,0,1,"[[""int"",""3""]]","[""prefix"",[""index"",""2033""],[""level"",""0""],[""sell"",""1""],[""int"",""3""]]",bango-file,prefix.dat,466
2034,<unresolved prefixname:2034>,,,0,1,"[[""int"",""4""]]","[""prefix"",[""index"",""2034""],[""level"",""0""],[""sell"",""1""],[""int"",""4""]]",bango-file,prefix.dat,467
2035,<unresolved prefixname:2035>,,,0,1,"[[""int"",""4""]]","[""prefix"",[""index"",""2035""],[""level"",""0""],[""sell"",""1""],[""int"",""4""]]",bango-file,prefix.dat,468
2041,<unresolved prefixname:2041>,,,0,1,"[[""int"",""1""]]","[""prefix"",[""index"",""2041""],[""level"",""0""],[""sell"",""1""],[""int"",""1""]]",bango-file,prefix.dat,471
2042,<unresolved prefixname:2042>,,,0,1,"[[""int"",""1""]]","[""prefix"",[""index"",""2042""],[""level"",""0""],[""sell"",""1""],[""int"",""1""]]",bango-file,prefix.dat,472
2043,<unresolved prefixname:2043>,,,0,1,"[[""int"",""2""]]","[""prefix"",[""index"",""2043""],[""level"",""0""],[""sell"",""1""],[""int"",""2""]]",bango-file,prefix.dat,473
2044,<unresolved prefixname:2044>,,,0,1,"[[""int"",""2""]]","[""prefix"",[""index"",""2044""],[""level"",""0""],[""sell"",""1""],[""int"",""2""]]",bango-file,prefix.dat,474
2045,<unresolved prefixname:2045>,,,0,1,"[[""int"",""2""]]","[""prefix"",[""index"",""2045""],[""level"",""0""],[""sell"",""1""],[""int"",""2""]]",bango-file,prefix.dat,475
2046,<unresolved prefixname:2046>,,,0,1,"[[""int"",""3""]]","[""prefix"",[""index"",""2046""],[""level"",""0""],[""sell"",""1""],[""int"",""3""]]",bango-file,prefix.dat,476
2047,<unresolved prefixname:2047>,,,0,1,"[[""int"",""3""]]","[""prefix"",[""index"",""2047""],[""level"",""0""],[""sell"",""1""],[""int"",""3""]]",bango-file,prefix.dat,477
2048,<unresolved prefixname:2048>,,,0,1,"[[""int"",""4""]]","[""prefix"",[""index"",""2048""],[""level"",""0""],[""sell"",""1""],[""int"",""4""]]",bango-file,prefix.dat,478
2049,<unresolved prefixname:2049>,,,0,1,"[[""int"",""4""]]","[""prefix"",[""index"",""2049""],[""level"",""0""],[""sell"",""1""],[""int"",""4""]]",bango-file,prefix.dat,479
2050,<unresolved prefixname:2050>,,,0,1,"[[""int"",""5""]]","[""prefix"",[""index"",""2050""],[""level"",""0""],[""sell"",""1""],[""int"",""5""]]",bango-file,prefix.dat,480
2051,<unresolved prefixname:2051>,,,0,1,"[[""int"",""5""]]","[""prefix"",[""index"",""2051""],[""level"",""0""],[""sell"",""1""],[""int"",""5""]]",bango-file,prefix.dat,481
2052,<unresolved prefixname:2052>,,,0,1,"[[""int"",""6""]]","[""prefix"",[""index"",""2052""],[""level"",""0""],[""sell"",""1""],[""int"",""6""]]",bango-file,prefix.dat,482
2053,<unresolved prefixname:2053>,,,0,1,"[[""int"",""6""]]","[""prefix"",[""index"",""2053""],[""level"",""0""],[""sell"",""1""],[""int"",""6""]]",bango-file,prefix.dat,483
2054,<unresolved prefixname:2054>,,,0,1,"[[""int"",""7""]]","[""prefix"",[""index"",""2054""],[""level"",""0""],[""sell"",""1""],[""int"",""7""]]",bango-file,prefix.dat,484
2055,<unresolved prefixname:2055>,,,0,1,"[[""int"",""7""]]","[""prefix"",[""index"",""2055""],[""level"",""0""],[""sell"",""1""],[""int"",""7""]]",bango-file,prefix.dat,485
2201,<unresolved prefixname:2201>,,,0,1,"[[""wis"",""1""]]","[""prefix"",[""index"",""2201""],[""level"",""0""],[""sell"",""1""],[""wis"",""1""]]",bango-file,prefix.dat,489
2202,<unresolved prefixname:2202>,,,0,1,"[[""wis"",""1""]]","[""prefix"",[""index"",""2202""],[""level"",""0""],[""sell"",""1""],[""wis"",""1""]]",bango-file,prefix.dat,490
2203,<unresolved prefixname:2203>,,,0,1,"[[""wis"",""1""]]","[""prefix"",[""index"",""2203""],[""level"",""0""],[""sell"",""1""],[""wis"",""1""]]",bango-file,prefix.dat,491
2204,<unresolved prefixname:2204>,,,0,1,"[[""wis"",""1""]]","[""prefix"",[""index"",""2204""],[""level"",""0""],[""sell"",""1""],[""wis"",""1""]]",bango-file,prefix.dat,492
2205,<unresolved prefixname:2205>,,,0,1,"[[""wis"",""1""]]","[""prefix"",[""index"",""2205""],[""level"",""0""],[""sell"",""1""],[""wis"",""1""]]",bango-file,prefix.dat,493
2206,<unresolved prefixname:2206>,,,0,1,"[[""wis"",""1""]]","[""prefix"",[""index"",""2206""],[""level"",""0""],[""sell"",""1""],[""wis"",""1""]]",bango-file,prefix.dat,494
2207,<unresolved prefixname:2207>,,,0,1,"[[""wis"",""1""]]","[""prefix"",[""index"",""2207""],[""level"",""0""],[""sell"",""1""],[""wis"",""1""]]",bango-file,prefix.dat,495
2208,<unresolved prefixname:2208>,,,0,1,"[[""wis"",""1""]]","[""prefix"",[""index"",""2208""],[""level"",""0""],[""sell"",""1""],[""wis"",""1""]]",bango-file,prefix.dat,496
2209,<unresolved prefixname:2209>,,,0,1,"[[""wis"",""1""]]","[""prefix"",[""index"",""2209""],[""level"",""0""],[""sell"",""1""],[""wis"",""1""]]",bango-file,prefix.dat,497
2210,<unresolved prefixname:2210>,,,0,1,"[[""wis"",""2""]]","[""prefix"",[""index"",""2210""],[""level"",""0""],[""sell"",""1""],[""wis"",""2""]]",bango-file,prefix.dat,498
2211,<unresolved prefixname:2211>,,,0,1,"[[""wis"",""2""]]","[""prefix"",[""index"",""2211""],[""level"",""0""],[""sell"",""1""],[""wis"",""2""]]",bango-file,prefix.dat,499
2212,<unresolved prefixname:2212>,,,0,1,"[[""wis"",""2""]]","[""prefix"",[""index"",""2212""],[""level"",""0""],[""sell"",""1""],[""wis"",""2""]]",bango-file,prefix.dat,500
2213,<unresolved prefixname:2213>,,,0,1,"[[""wis"",""2""]]","[""prefix"",[""index"",""2213""],[""level"",""0""],[""sell"",""1""],[""wis"",""2""]]",bango-file,prefix.dat,501
2214,<unresolved prefixname:2214>,,,0,1,"[[""wis"",""2""]]","[""prefix"",[""index"",""2214""],[""level"",""0""],[""sell"",""1""],[""wis"",""2""]]",bango-file,prefix.dat,502
2215,<unresolved prefixname:2215>,,,0,1,"[[""wis"",""2""]]","[""prefix"",[""index"",""2215""],[""level"",""0""],[""sell"",""1""],[""wis"",""2""]]",bango-file,prefix.dat,503
2221,<unresolved prefixname:2221>,,,0,1,"[[""wis"",""1""]]","[""prefix"",[""index"",""2221""],[""level"",""0""],[""sell"",""1""],[""wis"",""1""]]",bango-file,prefix.dat,505
2222,<unresolved prefixname:2222>,,,0,1,"[[""wis"",""1""]]","[""prefix"",[""index"",""2222""],[""level"",""0""],[""sell"",""1""],[""wis"",""1""]]",bango-file,prefix.dat,506
2223,<unresolved prefixname:2223>,,,0,1,"[[""wis"",""1""]]","[""prefix"",[""index"",""2223""],[""level"",""0""],[""sell"",""1""],[""wis"",""1""]]",bango-file,prefix.dat,507
2224,<unresolved prefixname:2224>,,,0,1,"[[""wis"",""1""]]","[""prefix"",[""index"",""2224""],[""level"",""0""],[""sell"",""1""],[""wis"",""1""]]",bango-file,prefix.dat,508
2225,<unresolved prefixname:2225>,,,0,1,"[[""wis"",""1""]]","[""prefix"",[""index"",""2225""],[""level"",""0""],[""sell"",""1""],[""wis"",""1""]]",bango-file,prefix.dat,509
2226,<unresolved prefixname:2226>,,,0,1,"[[""wis"",""2""]]","[""prefix"",[""index"",""2226""],[""level"",""0""],[""sell"",""1""],[""wis"",""2""]]",bango-file,prefix.dat,510
2227,<unresolved prefixname:2227>,,,0,1,"[[""wis"",""2""]]","[""prefix"",[""index"",""2227""],[""level"",""0""],[""sell"",""1""],[""wis"",""2""]]",bango-file,prefix.dat,511
2228,<unresolved prefixname:2228>,,,0,1,"[[""wis"",""2""]]","[""prefix"",[""index"",""2228""],[""level"",""0""],[""sell"",""1""],[""wis"",""2""]]",bango-file,prefix.dat,512
2229,<unresolved prefixname:2229>,,,0,1,"[[""wis"",""2""]]","[""prefix"",[""index"",""2229""],[""level"",""0""],[""sell"",""1""],[""wis"",""2""]]",bango-file,prefix.dat,513
2230,<unresolved prefixname:2230>,,,0,1,"[[""wis"",""3""]]","[""prefix"",[""index"",""2230""],[""level"",""0""],[""sell"",""1""],[""wis"",""3""]]",bango-file,prefix.dat,514
2231,<unresolved prefixname:2231>,,,0,1,"[[""wis"",""3""]]","[""prefix"",[""index"",""2231""],[""level"",""0""],[""sell"",""1""],[""wis"",""3""]]",bango-file,prefix.dat,515
2232,<unresolved prefixname:2232>,,,0,1,"[[""wis"",""3""]]","[""prefix"",[""index"",""2232""],[""level"",""0""],[""sell"",""1""],[""wis"",""3""]]",bango-file,prefix.dat,516
2233,<unresolved prefixname:2233>,,,0,1,"[[""wis"",""3""]]","[""prefix"",[""index"",""2233""],[""level"",""0""],[""sell"",""1""],[""wis"",""3""]]",bango-file,prefix.dat,517
2234,<unresolved prefixname:2234>,,,0,1,"[[""wis"",""4""]]","[""prefix"",[""index"",""2234""],[""level"",""0""],[""sell"",""1""],[""wis"",""4""]]",bango-file,prefix.dat,518
2235,<unresolved prefixname:2235>,,,0,1,"[[""wis"",""4""]]","[""prefix"",[""index"",""2235""],[""level"",""0""],[""sell"",""1""],[""wis"",""4""]]",bango-file,prefix.dat,519
2241,<unresolved prefixname:2241>,,,0,1,"[[""wis"",""1""]]","[""prefix"",[""index"",""2241""],[""level"",""0""],[""sell"",""1""],[""wis"",""1""]]",bango-file,prefix.dat,521
2242,<unresolved prefixname:2242>,,,0,1,"[[""wis"",""1""]]","[""prefix"",[""index"",""2242""],[""level"",""0""],[""sell"",""1""],[""wis"",""1""]]",bango-file,prefix.dat,522
2243,<unresolved prefixname:2243>,,,0,1,"[[""wis"",""2""]]","[""prefix"",[""index"",""2243""],[""level"",""0""],[""sell"",""1""],[""wis"",""2""]]",bango-file,prefix.dat,523
2244,<unresolved prefixname:2244>,,,0,1,"[[""wis"",""2""]]","[""prefix"",[""index"",""2244""],[""level"",""0""],[""sell"",""1""],[""wis"",""2""]]",bango-file,prefix.dat,524
2245,<unresolved prefixname:2245>,,,0,1,"[[""wis"",""2""]]","[""prefix"",[""index"",""2245""],[""level"",""0""],[""sell"",""1""],[""wis"",""2""]]",bango-file,prefix.dat,525
2246,<unresolved prefixname:2246>,,,0,1,"[[""wis"",""3""]]","[""prefix"",[""index"",""2246""],[""level"",""0""],[""sell"",""1""],[""wis"",""3""]]",bango-file,prefix.dat,526
2247,<unresolved prefixname:2247>,,,0,1,"[[""wis"",""3""]]","[""prefix"",[""index"",""2247""],[""level"",""0""],[""sell"",""1""],[""wis"",""3""]]",bango-file,prefix.dat,527
2248,<unresolved prefixname:2248>,,,0,1,"[[""wis"",""4""]]","[""prefix"",[""index"",""2248""],[""level"",""0""],[""sell"",""1""],[""wis"",""4""]]",bango-file,prefix.dat,528
2249,<unresolved prefixname:2249>,,,0,1,"[[""wis"",""4""]]","[""prefix"",[""index"",""2249""],[""level"",""0""],[""sell"",""1""],[""wis"",""4""]]",bango-file,prefix.dat,529
2250,<unresolved prefixname:2250>,,,0,1,"[[""wis"",""5""]]","[""prefix"",[""index"",""2250""],[""level"",""0""],[""sell"",""1""],[""wis"",""5""]]",bango-file,prefix.dat,530
2251,<unresolved prefixname:2251>,,,0,1,"[[""wis"",""5""]]","[""prefix"",[""index"",""2251""],[""level"",""0""],[""sell"",""1""],[""wis"",""5""]]",bango-file,prefix.dat,531
2252,<unresolved prefixname:2252>,,,0,1,"[[""wis"",""6""]]","[""prefix"",[""index"",""2252""],[""level"",""0""],[""sell"",""1""],[""wis"",""6""]]",bango-file,prefix.dat,532
2253,<unresolved prefixname:2253>,,,0,1,"[[""wis"",""6""]]","[""prefix"",[""index"",""2253""],[""level"",""0""],[""sell"",""1""],[""wis"",""6""]]",bango-file,prefix.dat,533
2254,<unresolved prefixname:2254>,,,0,1,"[[""wis"",""7""]]","[""prefix"",[""index"",""2254""],[""level"",""0""],[""sell"",""1""],[""wis"",""7""]]",bango-file,prefix.dat,534
2255,<unresolved prefixname:2255>,,,0,1,"[[""wis"",""7""]]","[""prefix"",[""index"",""2255""],[""level"",""0""],[""sell"",""1""],[""wis"",""7""]]",bango-file,prefix.dat,535
2401,<unresolved prefixname:2401>,,,0,1,"[[""Hth"",""1""]]","[""prefix"",[""index"",""2401""],[""level"",""0""],[""sell"",""1""],[""Hth"",""1""]]",bango-file,prefix.dat,539
2402,<unresolved prefixname:2402>,,,0,1,"[[""Hth"",""1""]]","[""prefix"",[""index"",""2402""],[""level"",""0""],[""sell"",""1""],[""Hth"",""1""]]",bango-file,prefix.dat,540
2403,<unresolved prefixname:2403>,,,0,1,"[[""Hth"",""1""]]","[""prefix"",[""index"",""2403""],[""level"",""0""],[""sell"",""1""],[""Hth"",""1""]]",bango-file,prefix.dat,541
2404,<unresolved prefixname:2404>,,,0,1,"[[""Hth"",""1""]]","[""prefix"",[""index"",""2404""],[""level"",""0""],[""sell"",""1""],[""Hth"",""1""]]",bango-file,prefix.dat,542
2405,<unresolved prefixname:2405>,,,0,1,"[[""Hth"",""1""]]","[""prefix"",[""index"",""2405""],[""level"",""0""],[""sell"",""1""],[""Hth"",""1""]]",bango-file,prefix.dat,543
2406,<unresolved prefixname:2406>,,,0,1,"[[""Hth"",""1""]]","[""prefix"",[""index"",""2406""],[""level"",""0""],[""sell"",""1""],[""Hth"",""1""]]",bango-file,prefix.dat,544
2407,<unresolved prefixname:2407>,,,0,1,"[[""Hth"",""1""]]","[""prefix"",[""index"",""2407""],[""level"",""0""],[""sell"",""1""],[""Hth"",""1""]]",bango-file,prefix.dat,545
2408,<unresolved prefixname:2408>,,,0,1,"[[""Hth"",""1""]]","[""prefix"",[""index"",""2408""],[""level"",""0""],[""sell"",""1""],[""Hth"",""1""]]",bango-file,prefix.dat,546
2409,<unresolved prefixname:2409>,,,0,1,"[[""Hth"",""1""]]","[""prefix"",[""index"",""2409""],[""level"",""0""],[""sell"",""1""],[""Hth"",""1""]]",bango-file,prefix.dat,547
2410,<unresolved prefixname:2410>,,,0,1,"[[""Hth"",""2""]]","[""prefix"",[""index"",""2410""],[""level"",""0""],[""sell"",""1""],[""Hth"",""2""]]",bango-file,prefix.dat,548
2411,<unresolved prefixname:2411>,,,0,1,"[[""Hth"",""2""]]","[""prefix"",[""index"",""2411""],[""level"",""0""],[""sell"",""1""],[""Hth"",""2""]]",bango-file,prefix.dat,549
2412,<unresolved prefixname:2412>,,,0,1,"[[""Hth"",""2""]]","[""prefix"",[""index"",""2412""],[""level"",""0""],[""sell"",""1""],[""Hth"",""2""]]",bango-file,prefix.dat,550
2413,<unresolved prefixname:2413>,,,0,1,"[[""Hth"",""2""]]","[""prefix"",[""index"",""2413""],[""level"",""0""],[""sell"",""1""],[""Hth"",""2""]]",bango-file,prefix.dat,551
2414,<unresolved prefixname:2414>,,,0,1,"[[""Hth"",""2""]]","[""prefix"",[""index"",""2414""],[""level"",""0""],[""sell"",""1""],[""Hth"",""2""]]",bango-file,prefix.dat,552
2415,<unresolved prefixname:2415>,,,0,1,"[[""Hth"",""2""]]","[""prefix"",[""index"",""2415""],[""level"",""0""],[""sell"",""1""],[""Hth"",""2""]]",bango-file,prefix.dat,553
2421,<unresolved prefixname:2421>,,,0,1,"[[""Hth"",""1""]]","[""prefix"",[""index"",""2421""],[""level"",""0""],[""sell"",""1""],[""Hth"",""1""]]",bango-file,prefix.dat,555
2422,<unresolved prefixname:2422>,,,0,1,"[[""Hth"",""1""]]","[""prefix"",[""index"",""2422""],[""level"",""0""],[""sell"",""1""],[""Hth"",""1""]]",bango-file,prefix.dat,556
2423,<unresolved prefixname:2423>,,,0,1,"[[""Hth"",""1""]]","[""prefix"",[""index"",""2423""],[""level"",""0""],[""sell"",""1""],[""Hth"",""1""]]",bango-file,prefix.dat,557
2424,<unresolved prefixname:2424>,,,0,1,"[[""Hth"",""1""]]","[""prefix"",[""index"",""2424""],[""level"",""0""],[""sell"",""1""],[""Hth"",""1""]]",bango-file,prefix.dat,558
2425,<unresolved prefixname:2425>,,,0,1,"[[""Hth"",""1""]]","[""prefix"",[""index"",""2425""],[""level"",""0""],[""sell"",""1""],[""Hth"",""1""]]",bango-file,prefix.dat,559
2426,<unresolved prefixname:2426>,,,0,1,"[[""Hth"",""2""]]","[""prefix"",[""index"",""2426""],[""level"",""0""],[""sell"",""1""],[""Hth"",""2""]]",bango-file,prefix.dat,560
2427,<unresolved prefixname:2427>,,,0,1,"[[""Hth"",""2""]]","[""prefix"",[""index"",""2427""],[""level"",""0""],[""sell"",""1""],[""Hth"",""2""]]",bango-file,prefix.dat,561
2428,<unresolved prefixname:2428>,,,0,1,"[[""Hth"",""2""]]","[""prefix"",[""index"",""2428""],[""level"",""0""],[""sell"",""1""],[""Hth"",""2""]]",bango-file,prefix.dat,562
2429,<unresolved prefixname:2429>,,,0,1,"[[""Hth"",""2""]]","[""prefix"",[""index"",""2429""],[""level"",""0""],[""sell"",""1""],[""Hth"",""2""]]",bango-file,prefix.dat,563
2430,<unresolved prefixname:2430>,,,0,1,"[[""Hth"",""3""]]","[""prefix"",[""index"",""2430""],[""level"",""0""],[""sell"",""1""],[""Hth"",""3""]]",bango-file,prefix.dat,564
2431,<unresolved prefixname:2431>,,,0,1,"[[""Hth"",""3""]]","[""prefix"",[""index"",""2431""],[""level"",""0""],[""sell"",""1""],[""Hth"",""3""]]",bango-file,prefix.dat,565
2432,<unresolved prefixname:2432>,,,0,1,"[[""Hth"",""3""]]","[""prefix"",[""index"",""2432""],[""level"",""0""],[""sell"",""1""],[""Hth"",""3""]]",bango-file,prefix.dat,566
2433,<unresolved prefixname:2433>,,,0,1,"[[""Hth"",""3""]]","[""prefix"",[""index"",""2433""],[""level"",""0""],[""sell"",""1""],[""Hth"",""3""]]",bango-file,prefix.dat,567
2434,<unresolved prefixname:2434>,,,0,1,"[[""Hth"",""4""]]","[""prefix"",[""index"",""2434""],[""level"",""0""],[""sell"",""1""],[""Hth"",""4""]]",bango-file,prefix.dat,568
2435,<unresolved prefixname:2435>,,,0,1,"[[""Hth"",""4""]]","[""prefix"",[""index"",""2435""],[""level"",""0""],[""sell"",""1""],[""Hth"",""4""]]",bango-file,prefix.dat,569
2441,<unresolved prefixname:2441>,,,0,1,"[[""Hth"",""1""]]","[""prefix"",[""index"",""2441""],[""level"",""0""],[""sell"",""1""],[""Hth"",""1""]]",bango-file,prefix.dat,571
2442,<unresolved prefixname:2442>,,,0,1,"[[""Hth"",""1""]]","[""prefix"",[""index"",""2442""],[""level"",""0""],[""sell"",""1""],[""Hth"",""1""]]",bango-file,prefix.dat,572
2443,<unresolved prefixname:2443>,,,0,1,"[[""Hth"",""2""]]","[""prefix"",[""index"",""2443""],[""level"",""0""],[""sell"",""1""],[""Hth"",""2""]]",bango-file,prefix.dat,573
2444,<unresolved prefixname:2444>,,,0,1,"[[""Hth"",""2""]]","[""prefix"",[""index"",""2444""],[""level"",""0""],[""sell"",""1""],[""Hth"",""2""]]",bango-file,prefix.dat,574
2445,<unresolved prefixname:2445>,,,0,1,"[[""Hth"",""2""]]","[""prefix"",[""index"",""2445""],[""level"",""0""],[""sell"",""1""],[""Hth"",""2""]]",bango-file,prefix.dat,575
2446,<unresolved prefixname:2446>,,,0,1,"[[""Hth"",""3""]]","[""prefix"",[""index"",""2446""],[""level"",""0""],[""sell"",""1""],[""Hth"",""3""]]",bango-file,prefix.dat,576
2447,<unresolved prefixname:2447>,,,0,1,"[[""Hth"",""3""]]","[""prefix"",[""index"",""2447""],[""level"",""0""],[""sell"",""1""],[""Hth"",""3""]]",bango-file,prefix.dat,577
2448,<unresolved prefixname:2448>,,,0,1,"[[""Hth"",""4""]]","[""prefix"",[""index"",""2448""],[""level"",""0""],[""sell"",""1""],[""Hth"",""4""]]",bango-file,prefix.dat,578
2449,<unresolved prefixname:2449>,,,0,1,"[[""Hth"",""4""]]","[""prefix"",[""index"",""2449""],[""level"",""0""],[""sell"",""1""],[""Hth"",""4""]]",bango-file,prefix.dat,579
2450,<unresolved prefixname:2450>,,,0,1,"[[""Hth"",""5""]]","[""prefix"",[""index"",""2450""],[""level"",""0""],[""sell"",""1""],[""Hth"",""5""]]",bango-file,prefix.dat,580
2451,<unresolved prefixname:2451>,,,0,1,"[[""Hth"",""5""]]","[""prefix"",[""index"",""2451""],[""level"",""0""],[""sell"",""1""],[""Hth"",""5""]]",bango-file,prefix.dat,581
2452,<unresolved prefixname:2452>,,,0,1,"[[""Hth"",""6""]]","[""prefix"",[""index"",""2452""],[""level"",""0""],[""sell"",""1""],[""Hth"",""6""]]",bango-file,prefix.dat,582
2453,<unresolved prefixname:2453>,,,0,1,"[[""Hth"",""6""]]","[""prefix"",[""index"",""2453""],[""level"",""0""],[""sell"",""1""],[""Hth"",""6""]]",bango-file,prefix.dat,583
2454,<unresolved prefixname:2454>,,,0,1,"[[""Hth"",""7""]]","[""prefix"",[""index"",""2454""],[""level"",""0""],[""sell"",""1""],[""Hth"",""7""]]",bango-file,prefix.dat,584
2455,<unresolved prefixname:2455>,,,0,1,"[[""Hth"",""7""]]","[""prefix"",[""index"",""2455""],[""level"",""0""],[""sell"",""1""],[""Hth"",""7""]]",bango-file,prefix.dat,585
3001,<unresolved prefixname:3001>,,,0,1,"[[""hp"",""100""]]","[""prefix"",[""index"",""3001""],[""level"",""0""],[""sell"",""1""],[""hp"",""100""]]",bango-file,prefix.dat,591
3002,<unresolved prefixname:3002>,,,0,1,"[[""mp"",""36""]]","[""prefix"",[""index"",""3002""],[""level"",""0""],[""sell"",""1""],[""mp"",""36""]]",bango-file,prefix.dat,592
3003,<unresolved prefixname:3003>,,,0,1,"[[""attack"",""6"",""6""],[""magic"",""6"",""6""]]","[""prefix"",[""index"",""3003""],[""level"",""0""],[""sell"",""1""],[""attack"",""6"",""6""],[""magic"",""6"",""6""]]",bango-file,prefix.dat,593
3004,<unresolved prefixname:3004>,,,0,1,"[[""str"",""2""]]","[""prefix"",[""index"",""3004""],[""level"",""0""],[""sell"",""1""],[""str"",""2""]]",bango-file,prefix.dat,594
3005,<unresolved prefixname:3005>,,,0,1,"[[""dex"",""2""]]","[""prefix"",[""index"",""3005""],[""level"",""0""],[""sell"",""1""],[""dex"",""2""]]",bango-file,prefix.dat,595
3006,<unresolved prefixname:3006>,,,0,1,"[[""int"",""2""]]","[""prefix"",[""index"",""3006""],[""level"",""0""],[""sell"",""1""],[""int"",""2""]]",bango-file,prefix.dat,596
3007,<unresolved prefixname:3007>,,,0,1,"[[""wis"",""2""]]","[""prefix"",[""index"",""3007""],[""level"",""0""],[""sell"",""1""],[""wis"",""2""]]",bango-file,prefix.dat,597
3008,<unresolved prefixname:3008>,,,0,1,"[[""Hth"",""2""]]","[""prefix"",[""index"",""3008""],[""level"",""0""],[""sell"",""1""],[""Hth"",""2""]]",bango-file,prefix.dat,598
3009,<unresolved prefixname:3009>,,,0,1,"[[""hp"",""150""]]","[""prefix"",[""index"",""3009""],[""level"",""0""],[""sell"",""1""],[""hp"",""150""]]",bango-file,prefix.dat,600
3010,<unresolved prefixname:3010>,,,0,1,"[[""mp"",""70""]]","[""prefix"",[""index"",""3010""],[""level"",""0""],[""sell"",""1""],[""mp"",""70""]]",bango-file,prefix.dat,601
3011,<unresolved prefixname:3011>,,,0,1,"[[""attack"",""14"",""14""],[""magic"",""14"",""14""]]","[""prefix"",[""index"",""3011""],[""level"",""0""],[""sell"",""1""],[""attack"",""14"",""14""],[""magic"",""14"",""14""]]",bango-file,prefix.dat,602
3012,<unresolved prefixname:3012>,,,0,1,"[[""str"",""2""]]","[""prefix"",[""index"",""3012""],[""level"",""0""],[""sell"",""1""],[""str"",""2""]]",bango-file,prefix.dat,603
3013,<unresolved prefixname:3013>,,,0,1,"[[""dex"",""2""]]","[""prefix"",[""index"",""3013""],[""level"",""0""],[""sell"",""1""],[""dex"",""2""]]",bango-file,prefix.dat,604
3014,<unresolved prefixname:3014>,,,0,1,"[[""int"",""2""]]","[""prefix"",[""index"",""3014""],[""level"",""0""],[""sell"",""1""],[""int"",""2""]]",bango-file,prefix.dat,605
3015,<unresolved prefixname:3015>,,,0,1,"[[""wis"",""2""]]","[""prefix"",[""index"",""3015""],[""level"",""0""],[""sell"",""1""],[""wis"",""2""]]",bango-file,prefix.dat,606
3016,<unresolved prefixname:3016>,,,0,1,"[[""Hth"",""2""]]","[""prefix"",[""index"",""3016""],[""level"",""0""],[""sell"",""1""],[""Hth"",""2""]]",bango-file,prefix.dat,607
3017,<unresolved prefixname:3017>,,,0,1,"[[""hp"",""224""]]","[""prefix"",[""index"",""3017""],[""level"",""0""],[""sell"",""1""],[""hp"",""224""]]",bango-file,prefix.dat,609
3018,<unresolved prefixname:3018>,,,0,1,"[[""mp"",""112""]]","[""prefix"",[""index"",""3018""],[""level"",""0""],[""sell"",""1""],[""mp"",""112""]]",bango-file,prefix.dat,610
3019,<unresolved prefixname:3019>,,,0,1,"[[""attack"",""36"",""36""],[""magic"",""36"",""36""]]","[""prefix"",[""index"",""3019""],[""level"",""0""],[""sell"",""1""],[""attack"",""36"",""36""],[""magic"",""36"",""36""]]",bango-file,prefix.dat,611
3020,<unresolved prefixname:3020>,,,0,1,"[[""str"",""4""]]","[""prefix"",[""index"",""3020""],[""level"",""0""],[""sell"",""1""],[""str"",""4""]]",bango-file,prefix.dat,612
3021,<unresolved prefixname:3021>,,,0,1,"[[""dex"",""4""]]","[""prefix"",[""index"",""3021""],[""level"",""0""],[""sell"",""1""],[""dex"",""4""]]",bango-file,prefix.dat,613
3022,<unresolved prefixname:3022>,,,0,1,"[[""int"",""4""]]","[""prefix"",[""index"",""3022""],[""level"",""0""],[""sell"",""1""],[""int"",""4""]]",bango-file,prefix.dat,614
3023,<unresolved prefixname:3023>,,,0,1,"[[""wis"",""4""]]","[""prefix"",[""index"",""3023""],[""level"",""0""],[""sell"",""1""],[""wis"",""4""]]",bango-file,prefix.dat,615
3024,<unresolved prefixname:3024>,,,0,1,"[[""Hth"",""4""]]","[""prefix"",[""index"",""3024""],[""level"",""0""],[""sell"",""1""],[""Hth"",""4""]]",bango-file,prefix.dat,616
3033,<unresolved prefixname:3033>,,,0,1,"[[""hp"",""160""]]","[""prefix"",[""index"",""3033""],[""level"",""0""],[""sell"",""1""],[""hp"",""160""]]",bango-file,prefix.dat,618
3034,<unresolved prefixname:3034>,,,0,1,"[[""mp"",""60""]]","[""prefix"",[""index"",""3034""],[""level"",""0""],[""sell"",""1""],[""mp"",""60""]]",bango-file,prefix.dat,619
3035,<unresolved prefixname:3035>,,,0,1,"[[""attack"",""12"",""12""],[""magic"",""12"",""12""]]","[""prefix"",[""index"",""3035""],[""level"",""0""],[""sell"",""1""],[""attack"",""12"",""12""],[""magic"",""12"",""12""]]",bango-file,prefix.dat,620
3036,<unresolved prefixname:3036>,,,0,1,"[[""str"",""4""]]","[""prefix"",[""index"",""3036""],[""level"",""0""],[""sell"",""1""],[""str"",""4""]]",bango-file,prefix.dat,621
3037,<unresolved prefixname:3037>,,,0,1,"[[""dex"",""4""]]","[""prefix"",[""index"",""3037""],[""level"",""0""],[""sell"",""1""],[""dex"",""4""]]",bango-file,prefix.dat,622
3038,<unresolved prefixname:3038>,,,0,1,"[[""int"",""4""]]","[""prefix"",[""index"",""3038""],[""level"",""0""],[""sell"",""1""],[""int"",""4""]]",bango-file,prefix.dat,623
3039,<unresolved prefixname:3039>,,,0,1,"[[""wis"",""4""]]","[""prefix"",[""index"",""3039""],[""level"",""0""],[""sell"",""1""],[""wis"",""4""]]",bango-file,prefix.dat,624
3040,<unresolved prefixname:3040>,,,0,1,"[[""Hth"",""4""]]","[""prefix"",[""index"",""3040""],[""level"",""0""],[""sell"",""1""],[""Hth"",""4""]]",bango-file,prefix.dat,625
3041,<unresolved prefixname:3041>,,,0,1,"[[""hp"",""258""]]","[""prefix"",[""index"",""3041""],[""level"",""0""],[""sell"",""1""],[""hp"",""258""]]",bango-file,prefix.dat,627
3042,<unresolved prefixname:3042>,,,0,1,"[[""mp"",""120""]]","[""prefix"",[""index"",""3042""],[""level"",""0""],[""sell"",""1""],[""mp"",""120""]]",bango-file,prefix.dat,628
3043,<unresolved prefixname:3043>,,,0,1,"[[""attack"",""24"",""24""],[""magic"",""24"",""24""]]","[""prefix"",[""index"",""3043""],[""level"",""0""],[""sell"",""1""],[""attack"",""24"",""24""],[""magic"",""24"",""24""]]",bango-file,prefix.dat,629
3044,<unresolved prefixname:3044>,,,0,1,"[[""str"",""6""]]","[""prefix"",[""index"",""3044""],[""level"",""0""],[""sell"",""1""],[""str"",""6""]]",bango-file,prefix.dat,630
3045,<unresolved prefixname:3045>,,,0,1,"[[""dex"",""6""]]","[""prefix"",[""index"",""3045""],[""level"",""0""],[""sell"",""1""],[""dex"",""6""]]",bango-file,prefix.dat,631
3046,<unresolved prefixname:3046>,,,0,1,"[[""int"",""6""]]","[""prefix"",[""index"",""3046""],[""level"",""0""],[""sell"",""1""],[""int"",""6""]]",bango-file,prefix.dat,632
3047,<unresolved prefixname:3047>,,,0,1,"[[""wis"",""6""]]","[""prefix"",[""index"",""3047""],[""level"",""0""],[""sell"",""1""],[""wis"",""6""]]",bango-file,prefix.dat,633
3048,<unresolved prefixname:3048>,,,0,1,"[[""Hth"",""6""]]","[""prefix"",[""index"",""3048""],[""level"",""0""],[""sell"",""1""],[""Hth"",""6""]]",bango-file,prefix.dat,634
3049,<unresolved prefixname:3049>,,,0,1,"[[""hp"",""400""]]","[""prefix"",[""index"",""3049""],[""level"",""0""],[""sell"",""1""],[""hp"",""400""]]",bango-file,prefix.dat,636
3050,<unresolved prefixname:3050>,,,0,1,"[[""mp"",""200""]]","[""prefix"",[""index"",""3050""],[""level"",""0""],[""sell"",""1""],[""mp"",""200""]]",bango-file,prefix.dat,637
3051,<unresolved prefixname:3051>,,,0,1,"[[""attack"",""64"",""64""],[""magic"",""64"",""64""]]","[""prefix"",[""index"",""3051""],[""level"",""0""],[""sell"",""1""],[""attack"",""64"",""64""],[""magic"",""64"",""64""]]",bango-file,prefix.dat,638
3052,<unresolved prefixname:3052>,,,0,1,"[[""str"",""10""]]","[""prefix"",[""index"",""3052""],[""level"",""0""],[""sell"",""1""],[""str"",""10""]]",bango-file,prefix.dat,639
3053,<unresolved prefixname:3053>,,,0,1,"[[""dex"",""10""]]","[""prefix"",[""index"",""3053""],[""level"",""0""],[""sell"",""1""],[""dex"",""10""]]",bango-file,prefix.dat,640
3054,<unresolved prefixname:3054>,,,0,1,"[[""int"",""10""]]","[""prefix"",[""index"",""3054""],[""level"",""0""],[""sell"",""1""],[""int"",""10""]]",bango-file,prefix.dat,641
3055,<unresolved prefixname:3055>,,,0,1,"[[""wis"",""10""]]","[""prefix"",[""index"",""3055""],[""level"",""0""],[""sell"",""1""],[""wis"",""10""]]",bango-file,prefix.dat,642
3056,<unresolved prefixname:3056>,,,0,1,"[[""Hth"",""10""]]","[""prefix"",[""index"",""3056""],[""level"",""0""],[""sell"",""1""],[""Hth"",""10""]]",bango-file,prefix.dat,643
3065,<unresolved prefixname:3065>,,,0,1,"[[""hp"",""220""]]","[""prefix"",[""index"",""3065""],[""level"",""0""],[""sell"",""1""],[""hp"",""220""]]",bango-file,prefix.dat,645
3066,<unresolved prefixname:3066>,,,0,1,"[[""mp"",""84""]]","[""prefix"",[""index"",""3066""],[""level"",""0""],[""sell"",""1""],[""mp"",""84""]]",bango-file,prefix.dat,646
3067,<unresolved prefixname:3067>,,,0,1,"[[""attack"",""18"",""18""],[""magic"",""18"",""18""]]","[""prefix"",[""index"",""3067""],[""level"",""0""],[""sell"",""1""],[""attack"",""18"",""18""],[""magic"",""18"",""18""]]",bango-file,prefix.dat,647
3068,<unresolved prefixname:3068>,,,0,1,"[[""str"",""6""]]","[""prefix"",[""index"",""3068""],[""level"",""0""],[""sell"",""1""],[""str"",""6""]]",bango-file,prefix.dat,648
3069,<unresolved prefixname:3069>,,,0,1,"[[""dex"",""6""]]","[""prefix"",[""index"",""3069""],[""level"",""0""],[""sell"",""1""],[""dex"",""6""]]",bango-file,prefix.dat,649
3070,<unresolved prefixname:3070>,,,0,1,"[[""int"",""6""]]","[""prefix"",[""index"",""3070""],[""level"",""0""],[""sell"",""1""],[""int"",""6""]]",bango-file,prefix.dat,650
3071,<unresolved prefixname:3071>,,,0,1,"[[""wis"",""6""]]","[""prefix"",[""index"",""3071""],[""level"",""0""],[""sell"",""1""],[""wis"",""6""]]",bango-file,prefix.dat,651
3072,<unresolved prefixname:3072>,,,0,1,"[[""Hth"",""6""]]","[""prefix"",[""index"",""3072""],[""level"",""0""],[""sell"",""1""],[""Hth"",""6""]]",bango-file,prefix.dat,652
3073,<unresolved prefixname:3073>,,,0,1,"[[""hp"",""366""]]","[""prefix"",[""index"",""3073""],[""level"",""0""],[""sell"",""1""],[""hp"",""366""]]",bango-file,prefix.dat,654
3074,<unresolved prefixname:3074>,,,0,1,"[[""mp"",""170""]]","[""prefix"",[""index"",""3074""],[""level"",""0""],[""sell"",""1""],[""mp"",""170""]]",bango-file,prefix.dat,655
3075,<unresolved prefixname:3075>,,,0,1,"[[""attack"",""34"",""34""],[""magic"",""34"",""34""]]","[""prefix"",[""index"",""3075""],[""level"",""0""],[""sell"",""1""],[""attack"",""34"",""34""],[""magic"",""34"",""34""]]",bango-file,prefix.dat,656
3076,<unresolved prefixname:3076>,,,0,1,"[[""str"",""10""]]","[""prefix"",[""index"",""3076""],[""level"",""0""],[""sell"",""1""],[""str"",""10""]]",bango-file,prefix.dat,657
3077,<unresolved prefixname:3077>,,,0,1,"[[""dex"",""10""]]","[""prefix"",[""index"",""3077""],[""level"",""0""],[""sell"",""1""],[""dex"",""10""]]",bango-file,prefix.dat,658
3078,<unresolved prefixname:3078>,,,0,1,"[[""int"",""10""]]","[""prefix"",[""index"",""3078""],[""level"",""0""],[""sell"",""1""],[""int"",""10""]]",bango-file,prefix.dat,659
3079,<unresolved prefixname:3079>,,,0,1,"[[""wis"",""10""]]","[""prefix"",[""index"",""3079""],[""level"",""0""],[""sell"",""1""],[""wis"",""10""]]",bango-file,prefix.dat,660
3080,<unresolved prefixname:3080>,,,0,1,"[[""Hth"",""10""]]","[""prefix"",[""index"",""3080""],[""level"",""0""],[""sell"",""1""],[""Hth"",""10""]]",bango-file,prefix.dat,661
3081,<unresolved prefixname:3081>,,,0,1,"[[""hp"",""556""]]","[""prefix"",[""index"",""3081""],[""level"",""0""],[""sell"",""1""],[""hp"",""556""]]",bango-file,prefix.dat,663
3082,<unresolved prefixname:3082>,,,0,1,"[[""mp"",""288""]]","[""prefix"",[""index"",""3082""],[""level"",""0""],[""sell"",""1""],[""mp"",""288""]]",bango-file,prefix.dat,664
3083,<unresolved prefixname:3083>,,,0,1,"[[""attack"",""92"",""92""],[""magic"",""92"",""92""]]","[""prefix"",[""index"",""3083""],[""level"",""0""],[""sell"",""1""],[""attack"",""92"",""92""],[""magic"",""92"",""92""]]",bango-file,prefix.dat,665
3084,<unresolved prefixname:3084>,,,0,1,"[[""str"",""16""]]","[""prefix"",[""index"",""3084""],[""level"",""0""],[""sell"",""1""],[""str"",""16""]]",bango-file,prefix.dat,666
3085,<unresolved prefixname:3085>,,,0,1,"[[""dex"",""16""]]","[""prefix"",[""index"",""3085""],[""level"",""0""],[""sell"",""1""],[""dex"",""16""]]",bango-file,prefix.dat,667
3086,<unresolved prefixname:3086>,,,0,1,"[[""int"",""16""]]","[""prefix"",[""index"",""3086""],[""level"",""0""],[""sell"",""1""],[""int"",""16""]]",bango-file,prefix.dat,668
3087,<unresolved prefixname:3087>,,,0,1,"[[""wis"",""16""]]","[""prefix"",[""index"",""3087""],[""level"",""0""],[""sell"",""1""],[""wis"",""16""]]",bango-file,prefix.dat,669
3088,<unresolved prefixname:3088>,,,0,1,"[[""Hth"",""16""]]","[""prefix"",[""index"",""3088""],[""level"",""0""],[""sell"",""1""],[""Hth"",""16""]]",bango-file,prefix.dat,670
3097,<unresolved prefixname:3097>,,,0,1,"[[""hp"",""100""],[""attack"",""6"",""6""],[""magic"",""6"",""6""]]","[""prefix"",[""index"",""3097""],[""level"",""0""],[""sell"",""1""],[""hp"",""100""],[""attack"",""6"",""6""],[""magic"",""6"",""6""]]",bango-file,prefix.dat,675
3098,<unresolved prefixname:3098>,,,0,1,"[[""mp"",""36""],[""int"",""2""]]","[""prefix"",[""index"",""3098""],[""level"",""0""],[""sell"",""1""],[""mp"",""36""],[""int"",""2""]]",bango-file,prefix.dat,676
3099,<unresolved prefixname:3099>,,,0,1,"[[""attack"",""6"",""6""],[""magic"",""6"",""6""],[""str"",""2""]]","[""prefix"",[""index"",""3099""],[""level"",""0""],[""sell"",""1""],[""attack"",""6"",""6""],[""magic"",""6"",""6""],[""str"",""2""]]",bango-file,prefix.dat,677
3100,<unresolved prefixname:3100>,,,0,1,"[[""str"",""2""],[""Hth"",""2""]]","[""prefix"",[""index"",""3100""],[""level"",""0""],[""sell"",""1""],[""str"",""2""],[""Hth"",""2""]]",bango-file,prefix.dat,678
3101,<unresolved prefixname:3101>,,,0,1,"[[""dex"",""2""],[""str"",""2""]]","[""prefix"",[""index"",""3101""],[""level"",""0""],[""sell"",""1""],[""dex"",""2""],[""str"",""2""]]",bango-file,prefix.dat,679
3102,<unresolved prefixname:3102>,,,0,1,"[[""int"",""2""],[""attack"",""6"",""6""],[""magic"",""6"",""6""]]","[""prefix"",[""index"",""3102""],[""level"",""0""],[""sell"",""1""],[""int"",""2""],[""attack"",""6"",""6""],[""magic"",""6"",""6""]]",bango-file,prefix.dat,680
3103,<unresolved prefixname:3103>,,,0,1,"[[""wis"",""2""],[""int"",""2""]]","[""prefix"",[""index"",""3103""],[""level"",""0""],[""sell"",""1""],[""wis"",""2""],[""int"",""2""]]",bango-file,prefix.dat,681
3104,<unresolved prefixname:3104>,,,0,1,"[[""Hth"",""2""],[""hp"",""100""]]","[""prefix"",[""index"",""3104""],[""level"",""0""],[""sell"",""1""],[""Hth"",""2""],[""hp"",""100""]]",bango-file,prefix.dat,682
3105,<unresolved prefixname:3105>,,,0,1,"[[""hp"",""150""],[""attack"",""14"",""14""],[""magic"",""14"",""14""]]","[""prefix"",[""index"",""3105""],[""level"",""0""],[""sell"",""1""],[""hp"",""150""],[""attack"",""14"",""14""],[""magic"",""14"",""14""]]",bango-file,prefix.dat,684
3106,<unresolved prefixname:3106>,,,0,1,"[[""mp"",""70""],[""int"",""2""]]","[""prefix"",[""index"",""3106""],[""level"",""0""],[""sell"",""1""],[""mp"",""70""],[""int"",""2""]]",bango-file,prefix.dat,685
3107,<unresolved prefixname:3107>,,,0,1,"[[""attack"",""14"",""14""],[""magic"",""14"",""14""],[""str"",""2""]]","[""prefix"",[""index"",""3107""],[""level"",""0""],[""sell"",""1""],[""attack"",""14"",""14""],[""magic"",""14"",""14""],[""str"",""2""]]",bango-file,prefix.dat,686
3108,<unresolved prefixname:3108>,,,0,1,"[[""str"",""2""],[""Hth"",""2""]]","[""prefix"",[""index"",""3108""],[""level"",""0""],[""sell"",""1""],[""str"",""2""],[""Hth"",""2""]]",bango-file,prefix.dat,687
3109,<unresolved prefixname:3109>,,,0,1,"[[""dex"",""2""],[""str"",""2""]]","[""prefix"",[""index"",""3109""],[""level"",""0""],[""sell"",""1""],[""dex"",""2""],[""str"",""2""]]",bango-file,prefix.dat,688
3110,<unresolved prefixname:3110>,,,0,1,"[[""int"",""2""],[""attack"",""14"",""14""],[""magic"",""14"",""14""]]","[""prefix"",[""index"",""3110""],[""level"",""0""],[""sell"",""1""],[""int"",""2""],[""attack"",""14"",""14""],[""magic"",""14"",""14""]]",bango-file,prefix.dat,689
3111,<unresolved prefixname:3111>,,,0,1,"[[""wis"",""2""],[""int"",""2""]]","[""prefix"",[""index"",""3111""],[""level"",""0""],[""sell"",""1""],[""wis"",""2""],[""int"",""2""]]",bango-file,prefix.dat,690
3112,<unresolved prefixname:3112>,,,0,1,"[[""Hth"",""2""],[""hp"",""150""]]","[""prefix"",[""index"",""3112""],[""level"",""0""],[""sell"",""1""],[""Hth"",""2""],[""hp"",""150""]]",bango-file,prefix.dat,691
3113,<unresolved prefixname:3113>,,,0,1,"[[""hp"",""224""],[""attack"",""36"",""36""],[""magic"",""36"",""36""]]","[""prefix"",[""index"",""3113""],[""level"",""0""],[""sell"",""1""],[""hp"",""224""],[""attack"",""36"",""36""],[""magic"",""36"",""36""]]",bango-file,prefix.dat,693
3114,<unresolved prefixname:3114>,,,0,1,"[[""mp"",""112""],[""int"",""4""]]","[""prefix"",[""index"",""3114""],[""level"",""0""],[""sell"",""1""],[""mp"",""112""],[""int"",""4""]]",bango-file,prefix.dat,694
3115,<unresolved prefixname:3115>,,,0,1,"[[""attack"",""36"",""36""],[""magic"",""36"",""36""],[""str"",""4""]]","[""prefix"",[""index"",""3115""],[""level"",""0""],[""sell"",""1""],[""attack"",""36"",""36""],[""magic"",""36"",""36""],[""str"",""4""]]",bango-file,prefix.dat,695
3116,<unresolved prefixname:3116>,,,0,1,"[[""str"",""4""],[""Hth"",""4""]]","[""prefix"",[""index"",""3116""],[""level"",""0""],[""sell"",""1""],[""str"",""4""],[""Hth"",""4""]]",bango-file,prefix.dat,696
3117,<unresolved prefixname:3117>,,,0,1,"[[""dex"",""4""],[""str"",""4""]]","[""prefix"",[""index"",""3117""],[""level"",""0""],[""sell"",""1""],[""dex"",""4""],[""str"",""4""]]",bango-file,prefix.dat,697
3118,<unresolved prefixname:3118>,,,0,1,"[[""int"",""4""],[""attack"",""36"",""36""],[""magic"",""36"",""36""]]","[""prefix"",[""index"",""3118""],[""level"",""0""],[""sell"",""1""],[""int"",""4""],[""attack"",""36"",""36""],[""magic"",""36"",""36""]]",bango-file,prefix.dat,698
3119,<unresolved prefixname:3119>,,,0,1,"[[""wis"",""4""],[""int"",""4""]]","[""prefix"",[""index"",""3119""],[""level"",""0""],[""sell"",""1""],[""wis"",""4""],[""int"",""4""]]",bango-file,prefix.dat,699
3120,<unresolved prefixname:3120>,,,0,1,"[[""Hth"",""4""],[""hp"",""224""]]","[""prefix"",[""index"",""3120""],[""level"",""0""],[""sell"",""1""],[""Hth"",""4""],[""hp"",""224""]]",bango-file,prefix.dat,700
3121,<unresolved prefixname:3121>,,,0,1,"[[""hp"",""160""],[""attack"",""12"",""12""],[""magic"",""12"",""12""]]","[""prefix"",[""index"",""3121""],[""level"",""0""],[""sell"",""1""],[""hp"",""160""],[""attack"",""12"",""12""],[""magic"",""12"",""12""]]",bango-file,prefix.dat,702
3122,<unresolved prefixname:3122>,,,0,1,"[[""mp"",""60""],[""int"",""4""]]","[""prefix"",[""index"",""3122""],[""level"",""0""],[""sell"",""1""],[""mp"",""60""],[""int"",""4""]]",bango-file,prefix.dat,703
3123,<unresolved prefixname:3123>,,,0,1,"[[""attack"",""12"",""12""],[""magic"",""12"",""12""],[""str"",""4""]]","[""prefix"",[""index"",""3123""],[""level"",""0""],[""sell"",""1""],[""attack"",""12"",""12""],[""magic"",""12"",""12""],[""str"",""4""]]",bango-file,prefix.dat,704
3124,<unresolved prefixname:3124>,,,0,1,"[[""str"",""4""],[""Hth"",""4""]]","[""prefix"",[""index"",""3124""],[""level"",""0""],[""sell"",""1""],[""str"",""4""],[""Hth"",""4""]]",bango-file,prefix.dat,705
3125,<unresolved prefixname:3125>,,,0,1,"[[""dex"",""4""],[""str"",""4""]]","[""prefix"",[""index"",""3125""],[""level"",""0""],[""sell"",""1""],[""dex"",""4""],[""str"",""4""]]",bango-file,prefix.dat,706
3126,<unresolved prefixname:3126>,,,0,1,"[[""int"",""4""],[""attack"",""12"",""12""],[""magic"",""12"",""12""]]","[""prefix"",[""index"",""3126""],[""level"",""0""],[""sell"",""1""],[""int"",""4""],[""attack"",""12"",""12""],[""magic"",""12"",""12""]]",bango-file,prefix.dat,707
3127,<unresolved prefixname:3127>,,,0,1,"[[""wis"",""4""],[""int"",""4""]]","[""prefix"",[""index"",""3127""],[""level"",""0""],[""sell"",""1""],[""wis"",""4""],[""int"",""4""]]",bango-file,prefix.dat,708
3128,<unresolved prefixname:3128>,,,0,1,"[[""Hth"",""4""],[""hp"",""160""]]","[""prefix"",[""index"",""3128""],[""level"",""0""],[""sell"",""1""],[""Hth"",""4""],[""hp"",""160""]]",bango-file,prefix.dat,709
3129,<unresolved prefixname:3129>,,,0,1,"[[""hp"",""258""],[""attack"",""24"",""24""],[""magic"",""24"",""24""]]","[""prefix"",[""index"",""3129""],[""level"",""0""],[""sell"",""1""],[""hp"",""258""],[""attack"",""24"",""24""],[""magic"",""24"",""24""]]",bango-file,prefix.dat,711
3130,<unresolved prefixname:3130>,,,0,1,"[[""mp"",""120""],[""int"",""6""]]","[""prefix"",[""index"",""3130""],[""level"",""0""],[""sell"",""1""],[""mp"",""120""],[""int"",""6""]]",bango-file,prefix.dat,712
3131,<unresolved prefixname:3131>,,,0,1,"[[""attack"",""24"",""24""],[""magic"",""24"",""24""],[""str"",""6""]]","[""prefix"",[""index"",""3131""],[""level"",""0""],[""sell"",""1""],[""attack"",""24"",""24""],[""magic"",""24"",""24""],[""str"",""6""]]",bango-file,prefix.dat,713
3132,<unresolved prefixname:3132>,,,0,1,"[[""str"",""6""],[""Hth"",""6""]]","[""prefix"",[""index"",""3132""],[""level"",""0""],[""sell"",""1""],[""str"",""6""],[""Hth"",""6""]]",bango-file,prefix.dat,714
3133,<unresolved prefixname:3133>,,,0,1,"[[""dex"",""6""],[""str"",""6""]]","[""prefix"",[""index"",""3133""],[""level"",""0""],[""sell"",""1""],[""dex"",""6""],[""str"",""6""]]",bango-file,prefix.dat,715
3134,<unresolved prefixname:3134>,,,0,1,"[[""int"",""6""],[""attack"",""24"",""24""],[""magic"",""24"",""24""]]","[""prefix"",[""index"",""3134""],[""level"",""0""],[""sell"",""1""],[""int"",""6""],[""attack"",""24"",""24""],[""magic"",""24"",""24""]]",bango-file,prefix.dat,716
3135,<unresolved prefixname:3135>,,,0,1,"[[""wis"",""6""],[""int"",""6""]]","[""prefix"",[""index"",""3135""],[""level"",""0""],[""sell"",""1""],[""wis"",""6""],[""int"",""6""]]",bango-file,prefix.dat,717
3136,<unresolved prefixname:3136>,,,0,1,"[[""Hth"",""6""],[""hp"",""258""]]","[""prefix"",[""index"",""3136""],[""level"",""0""],[""sell"",""1""],[""Hth"",""6""],[""hp"",""258""]]",bango-file,prefix.dat,718
3137,<unresolved prefixname:3137>,,,0,1,"[[""hp"",""400""],[""attack"",""64"",""64""],[""magic"",""64"",""64""]]","[""prefix"",[""index"",""3137""],[""level"",""0""],[""sell"",""1""],[""hp"",""400""],[""attack"",""64"",""64""],[""magic"",""64"",""64""]]",bango-file,prefix.dat,720
3138,<unresolved prefixname:3138>,,,0,1,"[[""mp"",""200""],[""int"",""10""]]","[""prefix"",[""index"",""3138""],[""level"",""0""],[""sell"",""1""],[""mp"",""200""],[""int"",""10""]]",bango-file,prefix.dat,721
3139,<unresolved prefixname:3139>,,,0,1,"[[""attack"",""64"",""64""],[""magic"",""64"",""64""],[""str"",""10""]]","[""prefix"",[""index"",""3139""],[""level"",""0""],[""sell"",""1""],[""attack"",""64"",""64""],[""magic"",""64"",""64""],[""str"",""10""]]",bango-file,prefix.dat,722
3140,<unresolved prefixname:3140>,,,0,1,"[[""str"",""10""],[""Hth"",""10""]]","[""prefix"",[""index"",""3140""],[""level"",""0""],[""sell"",""1""],[""str"",""10""],[""Hth"",""10""]]",bango-file,prefix.dat,723
3141,<unresolved prefixname:3141>,,,0,1,"[[""dex"",""10""],[""str"",""10""]]","[""prefix"",[""index"",""3141""],[""level"",""0""],[""sell"",""1""],[""dex"",""10""],[""str"",""10""]]",bango-file,prefix.dat,724
3142,<unresolved prefixname:3142>,,,0,1,"[[""int"",""10""],[""attack"",""64"",""64""],[""magic"",""64"",""64""]]","[""prefix"",[""index"",""3142""],[""level"",""0""],[""sell"",""1""],[""int"",""10""],[""attack"",""64"",""64""],[""magic"",""64"",""64""]]",bango-file,prefix.dat,725
3143,<unresolved prefixname:3143>,,,0,1,"[[""wis"",""10""],[""int"",""10""]]","[""prefix"",[""index"",""3143""],[""level"",""0""],[""sell"",""1""],[""wis"",""10""],[""int"",""10""]]",bango-file,prefix.dat,726
3144,<unresolved prefixname:3144>,,,0,1,"[[""Hth"",""10""],[""hp"",""400""]]","[""prefix"",[""index"",""3144""],[""level"",""0""],[""sell"",""1""],[""Hth"",""10""],[""hp"",""400""]]",bango-file,prefix.dat,727
3145,<unresolved prefixname:3145>,,,0,1,"[[""hp"",""800""]]","[""prefix"",[""index"",""3145""],[""level"",""0""],[""sell"",""1""],[""hp"",""800""]]",bango-file,prefix.dat,729
3146,<unresolved prefixname:3146>,,,0,1,"[[""mp"",""400""]]","[""prefix"",[""index"",""3146""],[""level"",""0""],[""sell"",""1""],[""mp"",""400""]]",bango-file,prefix.dat,730
3147,<unresolved prefixname:3147>,,,0,1,"[[""attack"",""128"",""128""],[""magic"",""128"",""128""]]","[""prefix"",[""index"",""3147""],[""level"",""0""],[""sell"",""1""],[""attack"",""128"",""128""],[""magic"",""128"",""128""]]",bango-file,prefix.dat,731
3148,<unresolved prefixname:3148>,,,0,1,"[[""str"",""20""]]","[""prefix"",[""index"",""3148""],[""level"",""0""],[""sell"",""1""],[""str"",""20""]]",bango-file,prefix.dat,732
3149,<unresolved prefixname:3149>,,,0,1,"[[""dex"",""20""]]","[""prefix"",[""index"",""3149""],[""level"",""0""],[""sell"",""1""],[""dex"",""20""]]",bango-file,prefix.dat,733
3150,<unresolved prefixname:3150>,,,0,1,"[[""int"",""20""]]","[""prefix"",[""index"",""3150""],[""level"",""0""],[""sell"",""1""],[""int"",""20""]]",bango-file,prefix.dat,734
3151,<unresolved prefixname:3151>,,,0,1,"[[""wis"",""20""]]","[""prefix"",[""index"",""3151""],[""level"",""0""],[""sell"",""1""],[""wis"",""20""]]",bango-file,prefix.dat,735
3152,<unresolved prefixname:3152>,,,0,1,"[[""Hth"",""20""]]","[""prefix"",[""index"",""3152""],[""level"",""0""],[""sell"",""1""],[""Hth"",""20""]]",bango-file,prefix.dat,736
3153,<unresolved prefixname:3153>,,,0,1,"[[""hp"",""220""],[""attack"",""18"",""18""],[""magic"",""18"",""18""]]","[""prefix"",[""index"",""3153""],[""level"",""0""],[""sell"",""1""],[""hp"",""220""],[""attack"",""18"",""18""],[""magic"",""18"",""18""]]",bango-file,prefix.dat,738
3154,<unresolved prefixname:3154>,,,0,1,"[[""mp"",""84""],[""int"",""6""]]","[""prefix"",[""index"",""3154""],[""level"",""0""],[""sell"",""1""],[""mp"",""84""],[""int"",""6""]]",bango-file,prefix.dat,739
3155,<unresolved prefixname:3155>,,,0,1,"[[""str"",""6""],[""attack"",""18"",""18""],[""magic"",""18"",""18""]]","[""prefix"",[""index"",""3155""],[""level"",""0""],[""sell"",""1""],[""str"",""6""],[""attack"",""18"",""18""],[""magic"",""18"",""18""]]",bango-file,prefix.dat,740
3156,<unresolved prefixname:3156>,,,0,1,"[[""str"",""6""],[""Hth"",""6""]]","[""prefix"",[""index"",""3156""],[""level"",""0""],[""sell"",""1""],[""str"",""6""],[""Hth"",""6""]]",bango-file,prefix.dat,741
3157,<unresolved prefixname:3157>,,,0,1,"[[""dex"",""6""],[""str"",""6""]]","[""prefix"",[""index"",""3157""],[""level"",""0""],[""sell"",""1""],[""dex"",""6""],[""str"",""6""]]",bango-file,prefix.dat,742
3158,<unresolved prefixname:3158>,,,0,1,"[[""int"",""6""],[""attack"",""18"",""18""],[""magic"",""18"",""18""]]","[""prefix"",[""index"",""3158""],[""level"",""0""],[""sell"",""1""],[""int"",""6""],[""attack"",""18"",""18""],[""magic"",""18"",""18""]]",bango-file,prefix.dat,743
3159,<unresolved prefixname:3159>,,,0,1,"[[""wis"",""6""],[""int"",""6""]]","[""prefix"",[""index"",""3159""],[""level"",""0""],[""sell"",""1""],[""wis"",""6""],[""int"",""6""]]",bango-file,prefix.dat,744
3160,<unresolved prefixname:3160>,,,0,1,"[[""Hth"",""6""],[""hp"",""220""]]","[""prefix"",[""index"",""3160""],[""level"",""0""],[""sell"",""1""],[""Hth"",""6""],[""hp"",""220""]]",bango-file,prefix.dat,745
3161,<unresolved prefixname:3161>,,,0,1,"[[""hp"",""366""],[""attack"",""34"",""34""],[""magic"",""34"",""34""]]","[""prefix"",[""index"",""3161""],[""level"",""0""],[""sell"",""1""],[""hp"",""366""],[""attack"",""34"",""34""],[""magic"",""34"",""34""]]",bango-file,prefix.dat,747
3162,<unresolved prefixname:3162>,,,0,1,"[[""mp"",""170""],[""int"",""10""]]","[""prefix"",[""index"",""3162""],[""level"",""0""],[""sell"",""1""],[""mp"",""170""],[""int"",""10""]]",bango-file,prefix.dat,748
3163,<unresolved prefixname:3163>,,,0,1,"[[""str"",""10""],[""attack"",""34"",""34""],[""magic"",""34"",""34""]]","[""prefix"",[""index"",""3163""],[""level"",""0""],[""sell"",""1""],[""str"",""10""],[""attack"",""34"",""34""],[""magic"",""34"",""34""]]",bango-file,prefix.dat,749
3164,<unresolved prefixname:3164>,,,0,1,"[[""str"",""10""],[""Hth"",""10""]]","[""prefix"",[""index"",""3164""],[""level"",""0""],[""sell"",""1""],[""str"",""10""],[""Hth"",""10""]]",bango-file,prefix.dat,750
3165,<unresolved prefixname:3165>,,,0,1,"[[""dex"",""10""],[""str"",""10""]]","[""prefix"",[""index"",""3165""],[""level"",""0""],[""sell"",""1""],[""dex"",""10""],[""str"",""10""]]",bango-file,prefix.dat,751
3166,<unresolved prefixname:3166>,,,0,1,"[[""int"",""10""],[""attack"",""34"",""34""],[""magic"",""34"",""34""]]","[""prefix"",[""index"",""3166""],[""level"",""0""],[""sell"",""1""],[""int"",""10""],[""attack"",""34"",""34""],[""magic"",""34"",""34""]]",bango-file,prefix.dat,752
3167,<unresolved prefixname:3167>,,,0,1,"[[""wis"",""10""],[""int"",""10""]]","[""prefix"",[""index"",""3167""],[""level"",""0""],[""sell"",""1""],[""wis"",""10""],[""int"",""10""]]",bango-file,prefix.dat,753
3168,<unresolved prefixname:3168>,,,0,1,"[[""Hth"",""10""],[""hp"",""366""]]","[""prefix"",[""index"",""3168""],[""level"",""0""],[""sell"",""1""],[""Hth"",""10""],[""hp"",""366""]]",bango-file,prefix.dat,754
3169,<unresolved prefixname:3169>,,,0,1,"[[""hp"",""576""],[""attack"",""92"",""92""],[""magic"",""92"",""92""]]","[""prefix"",[""index"",""3169""],[""level"",""0""],[""sell"",""1""],[""hp"",""576""],[""attack"",""92"",""92""],[""magic"",""92"",""92""]]",bango-file,prefix.dat,756
3170,<unresolved prefixname:3170>,,,0,1,"[[""mp"",""288""],[""int"",""16""]]","[""prefix"",[""index"",""3170""],[""level"",""0""],[""sell"",""1""],[""mp"",""288""],[""int"",""16""]]",bango-file,prefix.dat,757
3171,<unresolved prefixname:3171>,,,0,1,"[[""str"",""16""],[""attack"",""92"",""92""],[""magic"",""92"",""92""]]","[""prefix"",[""index"",""3171""],[""level"",""0""],[""sell"",""1""],[""str"",""16""],[""attack"",""92"",""92""],[""magic"",""92"",""92""]]",bango-file,prefix.dat,758
3172,<unresolved prefixname:3172>,,,0,1,"[[""str"",""16""],[""Hth"",""16""]]","[""prefix"",[""index"",""3172""],[""level"",""0""],[""sell"",""1""],[""str"",""16""],[""Hth"",""16""]]",bango-file,prefix.dat,759
3173,<unresolved prefixname:3173>,,,0,1,"[[""dex"",""16""],[""str"",""16""]]","[""prefix"",[""index"",""3173""],[""level"",""0""],[""sell"",""1""],[""dex"",""16""],[""str"",""16""]]",bango-file,prefix.dat,760
3174,<unresolved prefixname:3174>,,,0,1,"[[""int"",""16""],[""attack"",""92"",""92""],[""magic"",""92"",""92""]]","[""prefix"",[""index"",""3174""],[""level"",""0""],[""sell"",""1""],[""int"",""16""],[""attack"",""92"",""92""],[""magic"",""92"",""92""]]",bango-file,prefix.dat,761
3175,<unresolved prefixname:3175>,,,0,1,"[[""wis"",""16""],[""int"",""16""]]","[""prefix"",[""index"",""3175""],[""level"",""0""],[""sell"",""1""],[""wis"",""16""],[""int"",""16""]]",bango-file,prefix.dat,762
3176,<unresolved prefixname:3176>,,,0,1,"[[""Hth"",""16""],[""hp"",""576""]]","[""prefix"",[""index"",""3176""],[""level"",""0""],[""sell"",""1""],[""Hth"",""16""],[""hp"",""576""]]",bango-file,prefix.dat,763
3177,<unresolved prefixname:3177>,,,0,1,"[[""hp"",""1200""]]","[""prefix"",[""index"",""3177""],[""level"",""0""],[""sell"",""1""],[""hp"",""1200""]]",bango-file,prefix.dat,765
3178,<unresolved prefixname:3178>,,,0,1,"[[""mp"",""600""]]","[""prefix"",[""index"",""3178""],[""level"",""0""],[""sell"",""1""],[""mp"",""600""]]",bango-file,prefix.dat,766
3179,<unresolved prefixname:3179>,,,0,1,"[[""attack"",""192"",""192""],[""magic"",""192"",""192""]]","[""prefix"",[""index"",""3179""],[""level"",""0""],[""sell"",""1""],[""attack"",""192"",""192""],[""magic"",""192"",""192""]]",bango-file,prefix.dat,767
3180,<unresolved prefixname:3180>,,,0,1,"[[""str"",""30""]]","[""prefix"",[""index"",""3180""],[""level"",""0""],[""sell"",""1""],[""str"",""30""]]",bango-file,prefix.dat,768
3181,<unresolved prefixname:3181>,,,0,1,"[[""dex"",""30""]]","[""prefix"",[""index"",""3181""],[""level"",""0""],[""sell"",""1""],[""dex"",""30""]]",bango-file,prefix.dat,769
3182,<unresolved prefixname:3182>,,,0,1,"[[""int"",""30""]]","[""prefix"",[""index"",""3182""],[""level"",""0""],[""sell"",""1""],[""int"",""30""]]",bango-file,prefix.dat,770
3183,<unresolved prefixname:3183>,,,0,1,"[[""wis"",""30""]]","[""prefix"",[""index"",""3183""],[""level"",""0""],[""sell"",""1""],[""wis"",""30""]]",bango-file,prefix.dat,771
3184,<unresolved prefixname:3184>,,,0,1,"[[""Hth"",""30""]]","[""prefix"",[""index"",""3184""],[""level"",""0""],[""sell"",""1""],[""Hth"",""30""]]",bango-file,prefix.dat,772
