normalized_name,legacy_name,bango_name,bango_key,bango_definition_ordinal,skill_class,legacy_positions,match_basis,field,meaning,unit,compare_index,label_verification,bango_level_json,bango_grade_json,legacy_rpn,bango_prefix_json,bango_rpn_json,legacy_canonical_json,bango_canonical_json,verdict,attribution,notes
hiding,Hiding,Hiding,thief-6,1,thief,22,normalized-name-and-class,sk_mana,mana_or_energy,game_units,1,verified-ability-text-and-gitbook,"[""15"",""0""]","[""1"",""0""]",10 sk_lvl 10 * +,"[[""plus"",""10"",[""mul"",""10"",""skill_level""]]]","[""10 10 skill_level * +""]","[""add"",[""multiply"",[""number"",""10""],[""variable"",""skill_level""]],[""number"",""10""]]","[[""add"",[""multiply"",[""number"",""10""],[""variable"",""skill_level""]],[""number"",""10""]]]",same,,Canonical arithmetic expressions are semantically identical.
hiding,Hiding,Hiding,thief-6,1,thief,22,normalized-name-and-class,sk_range,range,game_units,2,unverified-for-class,"[""15"",""0""]","[""1"",""0""]",0,"[""weapon_range""]","[""weapon_range""]","[""number"",""0""]","[[""variable"",""weapon_range""]]",encoding-only,,Legacy melee range sentinel 0; Bango names the dynamic weapon_range symbol.
hiding,Hiding,Hiding,thief-6,1,thief,22,normalized-name-and-class,sk_charge,cast_time,milliseconds,3,unverified-for-class,"[""15"",""0""]","[""1"",""0""]",0,"[""0""]","[""0""]","[""number"",""0""]","[[""number"",""0""]]",same,,Canonical arithmetic expressions are semantically identical.
hiding,Hiding,Hiding,thief-6,1,thief,22,normalized-name-and-class,sk_coold,cooldown,milliseconds,4,unverified-for-class,"[""15"",""0""]","[""1"",""0""]",60000,"[""60000""]","[""60000""]","[""number"",""60000""]","[[""number"",""60000""]]",same,,Canonical arithmetic expressions are semantically identical.
assault,Assault,Assault,thief-7,1,thief,22,normalized-name-and-class,sk_mana,mana_or_energy,game_units,1,verified-ability-text-and-gitbook,"[""19"",""0""]","[""1"",""0""]",25 sk_lvl 20 * +,"[[""plus"",""25"",[""mul"",""20"",""skill_level""]]]","[""25 20 skill_level * +""]","[""add"",[""multiply"",[""number"",""20""],[""variable"",""skill_level""]],[""number"",""25""]]","[[""add"",[""multiply"",[""number"",""20""],[""variable"",""skill_level""]],[""number"",""25""]]]",same,,Canonical arithmetic expressions are semantically identical.
assault,Assault,Assault,thief-7,1,thief,22,normalized-name-and-class,sk_range,range,game_units,2,unverified-for-class,"[""19"",""0""]","[""1"",""0""]",0,"[""weapon_range""]","[""weapon_range""]","[""number"",""0""]","[[""variable"",""weapon_range""]]",encoding-only,,Legacy melee range sentinel 0; Bango names the dynamic weapon_range symbol.
assault,Assault,Assault,thief-7,1,thief,22,normalized-name-and-class,sk_charge,cast_time,milliseconds,3,unverified-for-class,"[""19"",""0""]","[""1"",""0""]",0,"[""0""]","[""0""]","[""number"",""0""]","[[""number"",""0""]]",same,,Canonical arithmetic expressions are semantically identical.
assault,Assault,Assault,thief-7,1,thief,22,normalized-name-and-class,sk_coold,cooldown,milliseconds,4,unverified-for-class,"[""19"",""0""]","[""1"",""0""]",30000,"[""30000""]","[""30000""]","[""number"",""30000""]","[[""number"",""30000""]]",same,,Canonical arithmetic expressions are semantically identical.
stun,Stun,Stun,thief-8,1,thief,23,normalized-name-and-class,sk_mana,mana_or_energy,game_units,1,verified-ability-text-and-gitbook,"[""30"",""0""]","[""3"",""0""]",10 sk_lvl 10 * +,"[[""plus"",""10"",[""mul"",""10"",""skill_level""]]]","[""10 10 skill_level * +""]","[""add"",[""multiply"",[""number"",""10""],[""variable"",""skill_level""]],[""number"",""10""]]","[[""add"",[""multiply"",[""number"",""10""],[""variable"",""skill_level""]],[""number"",""10""]]]",same,,Canonical arithmetic expressions are semantically identical.
stun,Stun,Stun,thief-8,1,thief,23,normalized-name-and-class,sk_range,range,game_units,2,unverified-for-class,"[""30"",""0""]","[""3"",""0""]",0,"[""weapon_range""]","[""weapon_range""]","[""number"",""0""]","[[""variable"",""weapon_range""]]",encoding-only,,Legacy melee range sentinel 0; Bango names the dynamic weapon_range symbol.
stun,Stun,Stun,thief-8,1,thief,23,normalized-name-and-class,sk_charge,cast_time,milliseconds,3,unverified-for-class,"[""30"",""0""]","[""3"",""0""]",0,"[""0""]","[""0""]","[""number"",""0""]","[[""number"",""0""]]",same,,Canonical arithmetic expressions are semantically identical.
stun,Stun,Stun,thief-8,1,thief,23,normalized-name-and-class,sk_coold,cooldown,milliseconds,4,unverified-for-class,"[""30"",""0""]","[""3"",""0""]",10000,"[""10000""]","[""10000""]","[""number"",""10000""]","[[""number"",""10000""]]",same,,Canonical arithmetic expressions are semantically identical.
confusion,Confusion,Confusion,thief-9,1,thief,23,normalized-name-and-class,sk_mana,mana_or_energy,game_units,1,verified-ability-text-and-gitbook,"[""30"",""0""]","[""3"",""0""]",10 sk_lvl 20 * +,"[[""plus"",""10"",[""mul"",""20"",""skill_level""]]]","[""10 20 skill_level * +""]","[""add"",[""multiply"",[""number"",""20""],[""variable"",""skill_level""]],[""number"",""10""]]","[[""add"",[""multiply"",[""number"",""20""],[""variable"",""skill_level""]],[""number"",""10""]]]",same,,Canonical arithmetic expressions are semantically identical.
confusion,Confusion,Confusion,thief-9,1,thief,23,normalized-name-and-class,sk_range,range,game_units,2,unverified-for-class,"[""30"",""0""]","[""3"",""0""]",0,"[""weapon_range""]","[""weapon_range""]","[""number"",""0""]","[[""variable"",""weapon_range""]]",encoding-only,,Legacy melee range sentinel 0; Bango names the dynamic weapon_range symbol.
confusion,Confusion,Confusion,thief-9,1,thief,23,normalized-name-and-class,sk_charge,cast_time,milliseconds,3,unverified-for-class,"[""30"",""0""]","[""3"",""0""]",0,"[""0""]","[""0""]","[""number"",""0""]","[[""number"",""0""]]",same,,Canonical arithmetic expressions are semantically identical.
confusion,Confusion,Confusion,thief-9,1,thief,23,normalized-name-and-class,sk_coold,cooldown,milliseconds,4,unverified-for-class,"[""30"",""0""]","[""3"",""0""]",300000,"[""300000""]","[""300000""]","[""number"",""300000""]","[[""number"",""300000""]]",same,,Canonical arithmetic expressions are semantically identical.
strangle,Strangle,Strangle,thief-10,1,thief,23,normalized-name-and-class,sk_mana,mana_or_energy,game_units,1,verified-ability-text-and-gitbook,"[""35"",""0""]","[""3"",""0""]",10 sk_lvl 5 * +,"[[""plus"",""10"",[""mul"",""5"",""skill_level""]]]","[""10 5 skill_level * +""]","[""add"",[""multiply"",[""number"",""5""],[""variable"",""skill_level""]],[""number"",""10""]]","[[""add"",[""multiply"",[""number"",""5""],[""variable"",""skill_level""]],[""number"",""10""]]]",same,,Canonical arithmetic expressions are semantically identical.
strangle,Strangle,Strangle,thief-10,1,thief,23,normalized-name-and-class,sk_range,range,game_units,2,unverified-for-class,"[""35"",""0""]","[""3"",""0""]",0,"[""weapon_range""]","[""weapon_range""]","[""number"",""0""]","[[""variable"",""weapon_range""]]",encoding-only,,Legacy melee range sentinel 0; Bango names the dynamic weapon_range symbol.
strangle,Strangle,Strangle,thief-10,1,thief,23,normalized-name-and-class,sk_charge,cast_time,milliseconds,3,unverified-for-class,"[""35"",""0""]","[""3"",""0""]",0,"[""0""]","[""0""]","[""number"",""0""]","[[""number"",""0""]]",same,,Canonical arithmetic expressions are semantically identical.
strangle,Strangle,Strangle,thief-10,1,thief,23,normalized-name-and-class,sk_coold,cooldown,milliseconds,4,unverified-for-class,"[""35"",""0""]","[""3"",""0""]",20000,"[""20000""]","[""20000""]","[""number"",""20000""]","[[""number"",""20000""]]",same,,Canonical arithmetic expressions are semantically identical.
dualshadow,Dual Shadow,Dual Shadow,thief-12,1,thief,23,normalized-name-and-class,sk_mana,mana_or_energy,game_units,1,verified-ability-text-and-gitbook,"[""40"",""0""]","[""3"",""0""]",10 sk_lvl 10 * +,"[[""plus"",""10"",[""mul"",""10"",""skill_level""]]]","[""10 10 skill_level * +""]","[""add"",[""multiply"",[""number"",""10""],[""variable"",""skill_level""]],[""number"",""10""]]","[[""add"",[""multiply"",[""number"",""10""],[""variable"",""skill_level""]],[""number"",""10""]]]",same,,Canonical arithmetic expressions are semantically identical.
dualshadow,Dual Shadow,Dual Shadow,thief-12,1,thief,23,normalized-name-and-class,sk_range,range,game_units,2,unverified-for-class,"[""40"",""0""]","[""3"",""0""]",0,"[""weapon_range""]","[""weapon_range""]","[""number"",""0""]","[[""variable"",""weapon_range""]]",encoding-only,,Legacy melee range sentinel 0; Bango names the dynamic weapon_range symbol.
dualshadow,Dual Shadow,Dual Shadow,thief-12,1,thief,23,normalized-name-and-class,sk_charge,cast_time,milliseconds,3,unverified-for-class,"[""40"",""0""]","[""3"",""0""]",0,"[""0""]","[""0""]","[""number"",""0""]","[[""number"",""0""]]",same,,Canonical arithmetic expressions are semantically identical.
dualshadow,Dual Shadow,Dual Shadow,thief-12,1,thief,23,normalized-name-and-class,sk_coold,cooldown,milliseconds,4,unverified-for-class,"[""40"",""0""]","[""3"",""0""]",600000,"[""600000""]","[""600000""]","[""number"",""600000""]","[[""number"",""600000""]]",same,,Canonical arithmetic expressions are semantically identical.
fatalwound,Fatal Wound,Fatal Wound,thief-14,1,thief,24,normalized-name-and-class,sk_mana,mana_or_energy,game_units,1,verified-ability-text-and-gitbook,"[""53"",""0""]","[""7"",""0""]",15 sk_lvl 30 * +,"[[""plus"",""15"",[""mul"",""30"",""skill_level""]]]","[""15 30 skill_level * +""]","[""add"",[""multiply"",[""number"",""30""],[""variable"",""skill_level""]],[""number"",""15""]]","[[""add"",[""multiply"",[""number"",""30""],[""variable"",""skill_level""]],[""number"",""15""]]]",same,,Canonical arithmetic expressions are semantically identical.
fatalwound,Fatal Wound,Fatal Wound,thief-14,1,thief,24,normalized-name-and-class,sk_range,range,game_units,2,unverified-for-class,"[""53"",""0""]","[""7"",""0""]",0,"[""weapon_range""]","[""weapon_range""]","[""number"",""0""]","[[""variable"",""weapon_range""]]",encoding-only,,Legacy melee range sentinel 0; Bango names the dynamic weapon_range symbol.
fatalwound,Fatal Wound,Fatal Wound,thief-14,1,thief,24,normalized-name-and-class,sk_charge,cast_time,milliseconds,3,unverified-for-class,"[""53"",""0""]","[""7"",""0""]",0,"[""0""]","[""0""]","[""number"",""0""]","[[""number"",""0""]]",same,,Canonical arithmetic expressions are semantically identical.
fatalwound,Fatal Wound,Fatal Wound,thief-14,1,thief,24,normalized-name-and-class,sk_coold,cooldown,milliseconds,4,unverified-for-class,"[""53"",""0""]","[""7"",""0""]",30000,"[""30000""]","[""30000""]","[""number"",""30000""]","[[""number"",""30000""]]",same,,Canonical arithmetic expressions are semantically identical.
ankleamputate,Ankle Amputate,Ankle Amputate,thief-15,1,thief,24,normalized-name-and-class,sk_mana,mana_or_energy,game_units,1,verified-ability-text-and-gitbook,"[""54"",""0""]","[""7"",""0""]",45 sk_lvl 10 * +,"[[""plus"",""45"",[""mul"",""10"",""skill_level""]]]","[""45 10 skill_level * +""]","[""add"",[""multiply"",[""number"",""10""],[""variable"",""skill_level""]],[""number"",""45""]]","[[""add"",[""multiply"",[""number"",""10""],[""variable"",""skill_level""]],[""number"",""45""]]]",same,,Canonical arithmetic expressions are semantically identical.
ankleamputate,Ankle Amputate,Ankle Amputate,thief-15,1,thief,24,normalized-name-and-class,sk_range,range,game_units,2,unverified-for-class,"[""54"",""0""]","[""7"",""0""]",0,"[""weapon_range""]","[""weapon_range""]","[""number"",""0""]","[[""variable"",""weapon_range""]]",encoding-only,,Legacy melee range sentinel 0; Bango names the dynamic weapon_range symbol.
ankleamputate,Ankle Amputate,Ankle Amputate,thief-15,1,thief,24,normalized-name-and-class,sk_charge,cast_time,milliseconds,3,unverified-for-class,"[""54"",""0""]","[""7"",""0""]",0,"[""0""]","[""0""]","[""number"",""0""]","[[""number"",""0""]]",same,,Canonical arithmetic expressions are semantically identical.
ankleamputate,Ankle Amputate,Ankle Amputate,thief-15,1,thief,24,normalized-name-and-class,sk_coold,cooldown,milliseconds,4,unverified-for-class,"[""54"",""0""]","[""7"",""0""]",20000,"[""20000""]","[""20000""]","[""number"",""20000""]","[[""number"",""20000""]]",same,,Canonical arithmetic expressions are semantically identical.
vitalstrike,Vital Strike,Vital Strike,thief-16,1,thief,24,normalized-name-and-class,sk_mana,mana_or_energy,game_units,1,verified-ability-text-and-gitbook,"[""56"",""0""]","[""7"",""0""]",35 sk_lvl 30 * +,"[[""plus"",""35"",[""mul"",""30"",""skill_level""]]]","[""35 30 skill_level * +""]","[""add"",[""multiply"",[""number"",""30""],[""variable"",""skill_level""]],[""number"",""35""]]","[[""add"",[""multiply"",[""number"",""30""],[""variable"",""skill_level""]],[""number"",""35""]]]",same,,Canonical arithmetic expressions are semantically identical.
vitalstrike,Vital Strike,Vital Strike,thief-16,1,thief,24,normalized-name-and-class,sk_range,range,game_units,2,unverified-for-class,"[""56"",""0""]","[""7"",""0""]",0,"[""weapon_range""]","[""weapon_range""]","[""number"",""0""]","[[""variable"",""weapon_range""]]",encoding-only,,Legacy melee range sentinel 0; Bango names the dynamic weapon_range symbol.
vitalstrike,Vital Strike,Vital Strike,thief-16,1,thief,24,normalized-name-and-class,sk_charge,cast_time,milliseconds,3,unverified-for-class,"[""56"",""0""]","[""7"",""0""]",0,"[""0""]","[""0""]","[""number"",""0""]","[[""number"",""0""]]",same,,Canonical arithmetic expressions are semantically identical.
vitalstrike,Vital Strike,Vital Strike,thief-16,1,thief,24,normalized-name-and-class,sk_coold,cooldown,milliseconds,4,unverified-for-class,"[""56"",""0""]","[""7"",""0""]",30000,"[""30000""]","[""30000""]","[""number"",""30000""]","[[""number"",""30000""]]",same,,Canonical arithmetic expressions are semantically identical.
rupture,Rupture,Rupture,thief-17,1,thief,24,normalized-name-and-class,sk_mana,mana_or_energy,game_units,1,verified-ability-text-and-gitbook,"[""58"",""0""]","[""7"",""0""]",35 sk_lvl 30 * +,"[[""plus"",""35"",[""mul"",""30"",""skill_level""]]]","[""35 30 skill_level * +""]","[""add"",[""multiply"",[""number"",""30""],[""variable"",""skill_level""]],[""number"",""35""]]","[[""add"",[""multiply"",[""number"",""30""],[""variable"",""skill_level""]],[""number"",""35""]]]",same,,Canonical arithmetic expressions are semantically identical.
rupture,Rupture,Rupture,thief-17,1,thief,24,normalized-name-and-class,sk_range,range,game_units,2,unverified-for-class,"[""58"",""0""]","[""7"",""0""]",0,"[""weapon_range""]","[""weapon_range""]","[""number"",""0""]","[[""variable"",""weapon_range""]]",encoding-only,,Legacy melee range sentinel 0; Bango names the dynamic weapon_range symbol.
rupture,Rupture,Rupture,thief-17,1,thief,24,normalized-name-and-class,sk_charge,cast_time,milliseconds,3,unverified-for-class,"[""58"",""0""]","[""7"",""0""]",2,"[""2""]","[""2""]","[""number"",""2""]","[[""number"",""2""]]",same,,Canonical arithmetic expressions are semantically identical.
rupture,Rupture,Rupture,thief-17,1,thief,24,normalized-name-and-class,sk_coold,cooldown,milliseconds,4,unverified-for-class,"[""58"",""0""]","[""7"",""0""]",120000,"[""120000""]","[""120000""]","[""number"",""120000""]","[[""number"",""120000""]]",same,,Canonical arithmetic expressions are semantically identical.
finalblow,Final Blow,Final Blow,thief-18,1,thief,24,normalized-name-and-class,sk_mana,mana_or_energy,game_units,1,verified-ability-text-and-gitbook,"[""60"",""0""]","[""7"",""0""]",0,"[[""plus"",""30"",[""mul"",""35"",""skill_level""]]]","[""30 35 skill_level * +""]","[""number"",""0""]","[[""add"",[""multiply"",[""number"",""35""],[""variable"",""skill_level""]],[""number"",""30""]]]",differs,bango-differs-from-legacy,Value or formula differs; source-version attribution remains open.
finalblow,Final Blow,Final Blow,thief-18,1,thief,24,normalized-name-and-class,sk_range,range,game_units,2,unverified-for-class,"[""60"",""0""]","[""7"",""0""]",0,"[""weapon_range""]","[""weapon_range""]","[""number"",""0""]","[[""variable"",""weapon_range""]]",encoding-only,,Legacy melee range sentinel 0; Bango names the dynamic weapon_range symbol.
finalblow,Final Blow,Final Blow,thief-18,1,thief,24,normalized-name-and-class,sk_charge,cast_time,milliseconds,3,unverified-for-class,"[""60"",""0""]","[""7"",""0""]",2,"[""2""]","[""2""]","[""number"",""2""]","[[""number"",""2""]]",same,,Canonical arithmetic expressions are semantically identical.
finalblow,Final Blow,Final Blow,thief-18,1,thief,24,normalized-name-and-class,sk_coold,cooldown,milliseconds,4,unverified-for-class,"[""60"",""0""]","[""7"",""0""]",600000,"[""600000""]","[""600000""]","[""number"",""600000""]","[[""number"",""600000""]]",same,,Canonical arithmetic expressions are semantically identical.
suicidalblow,Suicidal Blow,Suicidal Blow,thief-21,1,thief,24,normalized-name-and-class,sk_mana,mana_or_energy,game_units,1,verified-ability-text-and-gitbook,"[""56"",""0""]","[""7"",""0""]",45 sk_lvl 40 * +,"[[""plus"",""45"",[""mul"",""40"",""skill_level""]]]","[""45 40 skill_level * +""]","[""add"",[""multiply"",[""number"",""40""],[""variable"",""skill_level""]],[""number"",""45""]]","[[""add"",[""multiply"",[""number"",""40""],[""variable"",""skill_level""]],[""number"",""45""]]]",same,,Canonical arithmetic expressions are semantically identical.
suicidalblow,Suicidal Blow,Suicidal Blow,thief-21,1,thief,24,normalized-name-and-class,sk_range,range,game_units,2,unverified-for-class,"[""56"",""0""]","[""7"",""0""]",0,"[""weapon_range""]","[""weapon_range""]","[""number"",""0""]","[[""variable"",""weapon_range""]]",encoding-only,,Legacy melee range sentinel 0; Bango names the dynamic weapon_range symbol.
suicidalblow,Suicidal Blow,Suicidal Blow,thief-21,1,thief,24,normalized-name-and-class,sk_charge,cast_time,milliseconds,3,unverified-for-class,"[""56"",""0""]","[""7"",""0""]",3,"[""3""]","[""3""]","[""number"",""3""]","[[""number"",""3""]]",same,,Canonical arithmetic expressions are semantically identical.
suicidalblow,Suicidal Blow,Suicidal Blow,thief-21,1,thief,24,normalized-name-and-class,sk_coold,cooldown,milliseconds,4,unverified-for-class,"[""56"",""0""]","[""7"",""0""]",600000,"[""600000""]","[""600000""]","[""number"",""600000""]","[[""number"",""600000""]]",same,,Canonical arithmetic expressions are semantically identical.
danceofkilling,Dance of Killing,Dance of Killing,thief-13,1,thief,25,normalized-name-and-class,sk_mana,mana_or_energy,game_units,1,verified-ability-text-and-gitbook,"[""50"",""0""]","[""11"",""0""]",80 sk_lvl 20 * +,"[[""plus"",""80"",[""mul"",""20"",""skill_level""]]]","[""80 20 skill_level * +""]","[""add"",[""multiply"",[""number"",""20""],[""variable"",""skill_level""]],[""number"",""80""]]","[[""add"",[""multiply"",[""number"",""20""],[""variable"",""skill_level""]],[""number"",""80""]]]",same,,Canonical arithmetic expressions are semantically identical.
danceofkilling,Dance of Killing,Dance of Killing,thief-13,1,thief,25,normalized-name-and-class,sk_range,range,game_units,2,unverified-for-class,"[""50"",""0""]","[""11"",""0""]",0,"[""weapon_range""]","[""weapon_range""]","[""number"",""0""]","[[""variable"",""weapon_range""]]",encoding-only,,Legacy melee range sentinel 0; Bango names the dynamic weapon_range symbol.
danceofkilling,Dance of Killing,Dance of Killing,thief-13,1,thief,25,normalized-name-and-class,sk_charge,cast_time,milliseconds,3,unverified-for-class,"[""50"",""0""]","[""11"",""0""]",0,"[""0""]","[""0""]","[""number"",""0""]","[[""number"",""0""]]",same,,Canonical arithmetic expressions are semantically identical.
danceofkilling,Dance of Killing,Dance of Killing,thief-13,1,thief,25,normalized-name-and-class,sk_coold,cooldown,milliseconds,4,unverified-for-class,"[""50"",""0""]","[""11"",""0""]",40000,"[""40000""]","[""40000""]","[""number"",""40000""]","[[""number"",""40000""]]",same,,Canonical arithmetic expressions are semantically identical.
spinattack,Spin Attack,Spin Attack,thief-19,1,thief,25,normalized-name-and-class,sk_mana,mana_or_energy,game_units,1,verified-ability-text-and-gitbook,"[""50"",""0""]","[""11"",""0""]",25 sk_lvl 50 * +,"[[""plus"",""25"",[""mul"",""50"",""skill_level""]]]","[""25 50 skill_level * +""]","[""add"",[""multiply"",[""number"",""50""],[""variable"",""skill_level""]],[""number"",""25""]]","[[""add"",[""multiply"",[""number"",""50""],[""variable"",""skill_level""]],[""number"",""25""]]]",same,,Canonical arithmetic expressions are semantically identical.
spinattack,Spin Attack,Spin Attack,thief-19,1,thief,25,normalized-name-and-class,sk_range,range,game_units,2,unverified-for-class,"[""50"",""0""]","[""11"",""0""]",0,"[""weapon_range""]","[""weapon_range""]","[""number"",""0""]","[[""variable"",""weapon_range""]]",encoding-only,,Legacy melee range sentinel 0; Bango names the dynamic weapon_range symbol.
spinattack,Spin Attack,Spin Attack,thief-19,1,thief,25,normalized-name-and-class,sk_charge,cast_time,milliseconds,3,unverified-for-class,"[""50"",""0""]","[""11"",""0""]",0,"[""0""]","[""0""]","[""number"",""0""]","[[""number"",""0""]]",same,,Canonical arithmetic expressions are semantically identical.
spinattack,Spin Attack,Spin Attack,thief-19,1,thief,25,normalized-name-and-class,sk_coold,cooldown,milliseconds,4,unverified-for-class,"[""50"",""0""]","[""11"",""0""]",20000,"[""20000""]","[""20000""]","[""number"",""20000""]","[[""number"",""20000""]]",same,,Canonical arithmetic expressions are semantically identical.
counterattack,Counter attack,Counter attack,thief-20,1,thief,25,normalized-name-and-class,sk_mana,mana_or_energy,game_units,1,verified-ability-text-and-gitbook,"[""53"",""0""]","[""11"",""0""]",45 sk_lvl 30 * +,"[[""plus"",""45"",[""mul"",""30"",""skill_level""]]]","[""45 30 skill_level * +""]","[""add"",[""multiply"",[""number"",""30""],[""variable"",""skill_level""]],[""number"",""45""]]","[[""add"",[""multiply"",[""number"",""30""],[""variable"",""skill_level""]],[""number"",""45""]]]",same,,Canonical arithmetic expressions are semantically identical.
counterattack,Counter attack,Counter attack,thief-20,1,thief,25,normalized-name-and-class,sk_range,range,game_units,2,unverified-for-class,"[""53"",""0""]","[""11"",""0""]",0,"[""weapon_range""]","[""weapon_range""]","[""number"",""0""]","[[""variable"",""weapon_range""]]",encoding-only,,Legacy melee range sentinel 0; Bango names the dynamic weapon_range symbol.
counterattack,Counter attack,Counter attack,thief-20,1,thief,25,normalized-name-and-class,sk_charge,cast_time,milliseconds,3,unverified-for-class,"[""53"",""0""]","[""11"",""0""]",0,"[""0""]","[""0""]","[""number"",""0""]","[[""number"",""0""]]",same,,Canonical arithmetic expressions are semantically identical.
counterattack,Counter attack,Counter attack,thief-20,1,thief,25,normalized-name-and-class,sk_coold,cooldown,milliseconds,4,unverified-for-class,"[""53"",""0""]","[""11"",""0""]",60000,"[""60000""]","[""60000""]","[""number"",""60000""]","[[""number"",""60000""]]",same,,Canonical arithmetic expressions are semantically identical.
armorbreaker,Armor Breaker,Armor Breaker,thief-22,1,thief,25,normalized-name-and-class,sk_mana,mana_or_energy,game_units,1,verified-ability-text-and-gitbook,"[""54"",""0""]","[""11"",""0""]",35 sk_lvl 30 * +,"[[""plus"",""35"",[""mul"",""30"",""skill_level""]]]","[""35 30 skill_level * +""]","[""add"",[""multiply"",[""number"",""30""],[""variable"",""skill_level""]],[""number"",""35""]]","[[""add"",[""multiply"",[""number"",""30""],[""variable"",""skill_level""]],[""number"",""35""]]]",same,,Canonical arithmetic expressions are semantically identical.
armorbreaker,Armor Breaker,Armor Breaker,thief-22,1,thief,25,normalized-name-and-class,sk_range,range,game_units,2,unverified-for-class,"[""54"",""0""]","[""11"",""0""]",0,"[""weapon_range""]","[""weapon_range""]","[""number"",""0""]","[[""variable"",""weapon_range""]]",encoding-only,,Legacy melee range sentinel 0; Bango names the dynamic weapon_range symbol.
armorbreaker,Armor Breaker,Armor Breaker,thief-22,1,thief,25,normalized-name-and-class,sk_charge,cast_time,milliseconds,3,unverified-for-class,"[""54"",""0""]","[""11"",""0""]",0,"[""0""]","[""0""]","[""number"",""0""]","[[""number"",""0""]]",same,,Canonical arithmetic expressions are semantically identical.
armorbreaker,Armor Breaker,Armor Breaker,thief-22,1,thief,25,normalized-name-and-class,sk_coold,cooldown,milliseconds,4,unverified-for-class,"[""54"",""0""]","[""11"",""0""]",30000,"[""30000""]","[""30000""]","[""number"",""30000""]","[[""number"",""30000""]]",same,,Canonical arithmetic expressions are semantically identical.
twinbladestrike,Twin Blade Strike,Twin Blade Strike,thief-23,1,thief,25,normalized-name-and-class,sk_mana,mana_or_energy,game_units,1,verified-ability-text-and-gitbook,"[""60"",""0""]","[""11"",""0""]",65,"[[""plus"",""35"",[""mul"",""30"",""skill_level""]]]","[""35 30 skill_level * +""]","[""number"",""65""]","[[""add"",[""multiply"",[""number"",""30""],[""variable"",""skill_level""]],[""number"",""35""]]]",differs,bango-differs-from-legacy,Value or formula differs; source-version attribution remains open.
twinbladestrike,Twin Blade Strike,Twin Blade Strike,thief-23,1,thief,25,normalized-name-and-class,sk_range,range,game_units,2,unverified-for-class,"[""60"",""0""]","[""11"",""0""]",0,"[""weapon_range""]","[""weapon_range""]","[""number"",""0""]","[[""variable"",""weapon_range""]]",encoding-only,,Legacy melee range sentinel 0; Bango names the dynamic weapon_range symbol.
twinbladestrike,Twin Blade Strike,Twin Blade Strike,thief-23,1,thief,25,normalized-name-and-class,sk_charge,cast_time,milliseconds,3,unverified-for-class,"[""60"",""0""]","[""11"",""0""]",0,"[""0""]","[""0""]","[""number"",""0""]","[[""number"",""0""]]",same,,Canonical arithmetic expressions are semantically identical.
twinbladestrike,Twin Blade Strike,Twin Blade Strike,thief-23,1,thief,25,normalized-name-and-class,sk_coold,cooldown,milliseconds,4,unverified-for-class,"[""60"",""0""]","[""11"",""0""]",600000,"[""600000""]","[""600000""]","[""number"",""600000""]","[[""number"",""600000""]]",same,,Canonical arithmetic expressions are semantically identical.
lightningslash,Lightning Slash,Lightning Slash,thief-28,1,thief,27,normalized-name-and-class,sk_mana,mana_or_energy,game_units,1,verified-ability-text-and-gitbook,"[""70"",""0""]","[""43"",""0""]",ch_lvl 4 * 10 -,"[[""plus"",""50"",[""mul"",""3"",[""plus"",""char_level"",""skill_level""]]]]","[""50 3 char_level skill_level + * +""]","[""subtract"",[""multiply"",[""number"",""4""],[""variable"",""char_level""]],[""number"",""10""]]","[[""add"",[""multiply"",[""add"",[""variable"",""char_level""],[""variable"",""skill_level""]],[""number"",""3""]],[""number"",""50""]]]",differs,bango-differs-from-legacy,Value or formula differs; source-version attribution remains open.
lightningslash,Lightning Slash,Lightning Slash,thief-28,1,thief,27,normalized-name-and-class,sk_range,range,game_units,2,unverified-for-class,"[""70"",""0""]","[""43"",""0""]",0,"[""weapon_range""]","[""weapon_range""]","[""number"",""0""]","[[""variable"",""weapon_range""]]",encoding-only,,Legacy melee range sentinel 0; Bango names the dynamic weapon_range symbol.
lightningslash,Lightning Slash,Lightning Slash,thief-28,1,thief,27,normalized-name-and-class,sk_charge,cast_time,milliseconds,3,unverified-for-class,"[""70"",""0""]","[""43"",""0""]",1000,"[""199""]","[""199""]","[""number"",""1000""]","[[""number"",""199""]]",differs,bango-differs-from-legacy,Value or formula differs; source-version attribution remains open.
lightningslash,Lightning Slash,Lightning Slash,thief-28,1,thief,27,normalized-name-and-class,sk_coold,cooldown,milliseconds,4,unverified-for-class,"[""70"",""0""]","[""43"",""0""]",320000 sk_lvl 20000 * -,"[""300000"",""280000"",""260000"",""240000"",""220000"",""200000""]","[""300000"",""280000"",""260000"",""240000"",""220000"",""200000""]","[""subtract"",[""number"",""320000""],[""multiply"",[""number"",""20000""],[""variable"",""skill_level""]]]","[[""number"",""300000""],[""number"",""280000""],[""number"",""260000""],[""number"",""240000""],[""number"",""220000""],[""number"",""200000""]]",same,,Canonical arithmetic expressions are semantically identical.
wrathofheaven,Wrath of Heaven,Wrath of Heaven,thief-33,1,thief,26,normalized-name-and-class,sk_mana,mana_or_energy,game_units,1,verified-ability-text-and-gitbook,"[""70"",""0""]","[""23"",""0""]",260,"[[""plus"",""50"",[""mul"",""3"",[""plus"",""char_level"",""skill_level""]]]]","[""50 3 char_level skill_level + * +""]","[""number"",""260""]","[[""add"",[""multiply"",[""add"",[""variable"",""char_level""],[""variable"",""skill_level""]],[""number"",""3""]],[""number"",""50""]]]",differs,bango-differs-from-legacy,Value or formula differs; source-version attribution remains open.
wrathofheaven,Wrath of Heaven,Wrath of Heaven,thief-33,1,thief,26,normalized-name-and-class,sk_range,range,game_units,2,unverified-for-class,"[""70"",""0""]","[""23"",""0""]",0,"[""weapon_range""]","[""weapon_range""]","[""number"",""0""]","[[""variable"",""weapon_range""]]",encoding-only,,Legacy melee range sentinel 0; Bango names the dynamic weapon_range symbol.
wrathofheaven,Wrath of Heaven,Wrath of Heaven,thief-33,1,thief,26,normalized-name-and-class,sk_charge,cast_time,milliseconds,3,unverified-for-class,"[""70"",""0""]","[""23"",""0""]",1000,"[""899""]","[""899""]","[""number"",""1000""]","[[""number"",""899""]]",differs,bango-differs-from-legacy,Value or formula differs; source-version attribution remains open.
wrathofheaven,Wrath of Heaven,Wrath of Heaven,thief-33,1,thief,26,normalized-name-and-class,sk_coold,cooldown,milliseconds,4,unverified-for-class,"[""70"",""0""]","[""23"",""0""]",320000 sk_lvl 20000 * -,"[""300000"",""280000"",""260000"",""240000"",""220000"",""200000""]","[""300000"",""280000"",""260000"",""240000"",""220000"",""200000""]","[""subtract"",[""number"",""320000""],[""multiply"",[""number"",""20000""],[""variable"",""skill_level""]]]","[[""number"",""300000""],[""number"",""280000""],[""number"",""260000""],[""number"",""240000""],[""number"",""220000""],[""number"",""200000""]]",same,,Canonical arithmetic expressions are semantically identical.
counteroffensive,Counter Offensive,Counter offensive,thief-63,1,thief,25,normalized-name-and-class,sk_mana,mana_or_energy,game_units,1,verified-ability-text-and-gitbook,"[""63"",""0""]","[""11"",""0""]",50 sk_lvl 30 * +,"[[""plus"",""50"",[""mul"",""30"",""skill_level""]]]","[""50 30 skill_level * +""]","[""add"",[""multiply"",[""number"",""30""],[""variable"",""skill_level""]],[""number"",""50""]]","[[""add"",[""multiply"",[""number"",""30""],[""variable"",""skill_level""]],[""number"",""50""]]]",same,,Canonical arithmetic expressions are semantically identical.
counteroffensive,Counter Offensive,Counter offensive,thief-63,1,thief,25,normalized-name-and-class,sk_range,range,game_units,2,unverified-for-class,"[""63"",""0""]","[""11"",""0""]",0,"[""weapon_range""]","[""weapon_range""]","[""number"",""0""]","[[""variable"",""weapon_range""]]",encoding-only,,Legacy melee range sentinel 0; Bango names the dynamic weapon_range symbol.
counteroffensive,Counter Offensive,Counter offensive,thief-63,1,thief,25,normalized-name-and-class,sk_charge,cast_time,milliseconds,3,unverified-for-class,"[""63"",""0""]","[""11"",""0""]",0,"[""0""]","[""0""]","[""number"",""0""]","[[""number"",""0""]]",same,,Canonical arithmetic expressions are semantically identical.
counteroffensive,Counter Offensive,Counter offensive,thief-63,1,thief,25,normalized-name-and-class,sk_coold,cooldown,milliseconds,4,unverified-for-class,"[""63"",""0""]","[""11"",""0""]",90000,"[""90000""]","[""90000""]","[""number"",""90000""]","[[""number"",""90000""]]",same,,Canonical arithmetic expressions are semantically identical.
artillery,Artillery,Artillery,thief-80,1,thief,24|25,normalized-name-and-class,sk_mana,mana_or_energy,game_units,1,verified-ability-text-and-gitbook,"[""50"",""0""]","[""7"",""0""]",0,"[""0""]","[""0""]","[""number"",""0""]","[[""number"",""0""]]",same,,Canonical arithmetic expressions are semantically identical.
artillery,Artillery,Artillery,thief-80,1,thief,24|25,normalized-name-and-class,sk_range,range,game_units,2,unverified-for-class,"[""50"",""0""]","[""7"",""0""]",0,"[""0""]","[""0""]","[""number"",""0""]","[[""number"",""0""]]",same,,Canonical arithmetic expressions are semantically identical.
artillery,Artillery,Artillery,thief-80,1,thief,24|25,normalized-name-and-class,sk_charge,cast_time,milliseconds,3,unverified-for-class,"[""50"",""0""]","[""7"",""0""]",0,"[""0""]","[""0""]","[""number"",""0""]","[[""number"",""0""]]",same,,Canonical arithmetic expressions are semantically identical.
artillery,Artillery,Artillery,thief-80,1,thief,24|25,normalized-name-and-class,sk_coold,cooldown,milliseconds,4,unverified-for-class,"[""50"",""0""]","[""7"",""0""]",0,"[""0""]","[""0""]","[""number"",""0""]","[[""number"",""0""]]",same,,Canonical arithmetic expressions are semantically identical.
artillery,Artillery,Artillery,thief-81,1,thief,24|25,normalized-name-and-class,sk_mana,mana_or_energy,game_units,1,verified-ability-text-and-gitbook,"[""50"",""0""]","[""11"",""0""]",0,"[""0""]","[""0""]","[""number"",""0""]","[[""number"",""0""]]",same,,Canonical arithmetic expressions are semantically identical.
artillery,Artillery,Artillery,thief-81,1,thief,24|25,normalized-name-and-class,sk_range,range,game_units,2,unverified-for-class,"[""50"",""0""]","[""11"",""0""]",0,"[""0""]","[""0""]","[""number"",""0""]","[[""number"",""0""]]",same,,Canonical arithmetic expressions are semantically identical.
artillery,Artillery,Artillery,thief-81,1,thief,24|25,normalized-name-and-class,sk_charge,cast_time,milliseconds,3,unverified-for-class,"[""50"",""0""]","[""11"",""0""]",0,"[""0""]","[""0""]","[""number"",""0""]","[[""number"",""0""]]",same,,Canonical arithmetic expressions are semantically identical.
artillery,Artillery,Artillery,thief-81,1,thief,24|25,normalized-name-and-class,sk_coold,cooldown,milliseconds,4,unverified-for-class,"[""50"",""0""]","[""11"",""0""]",0,"[""0""]","[""0""]","[""number"",""0""]","[[""number"",""0""]]",same,,Canonical arithmetic expressions are semantically identical.
lightningslash,Lightning Slash,Lightning Slash,knight-3,1,knight,8,normalized-name-and-class,sk_mana,mana_or_energy,game_units,1,verified-ability-text-and-gitbook,"[""5"",""0""]","[""1"",""0""]",sk_lvl 10 +,"[[""plus"",""10"",""skill_level""]]","[""10 skill_level +""]","[""add"",[""number"",""10""],[""variable"",""skill_level""]]","[[""add"",[""number"",""10""],[""variable"",""skill_level""]]]",same,,Canonical arithmetic expressions are semantically identical.
lightningslash,Lightning Slash,Lightning Slash,knight-3,1,knight,8,normalized-name-and-class,sk_range,range,game_units,2,gitbook-verified-for-class,"[""5"",""0""]","[""1"",""0""]",0,"[""weapon_range""]","[""weapon_range""]","[""number"",""0""]","[[""variable"",""weapon_range""]]",encoding-only,,Legacy melee range sentinel 0; Bango names the dynamic weapon_range symbol.
lightningslash,Lightning Slash,Lightning Slash,knight-3,1,knight,8,normalized-name-and-class,sk_charge,cast_time,milliseconds,3,gitbook-verified-for-class,"[""5"",""0""]","[""1"",""0""]",0,"[""0""]","[""0""]","[""number"",""0""]","[[""number"",""0""]]",same,,Canonical arithmetic expressions are semantically identical.
lightningslash,Lightning Slash,Lightning Slash,knight-3,1,knight,8,normalized-name-and-class,sk_coold,cooldown,milliseconds,4,gitbook-verified-for-class,"[""5"",""0""]","[""1"",""0""]",700,"[""700""]","[""700""]","[""number"",""700""]","[[""number"",""700""]]",same,,Canonical arithmetic expressions are semantically identical.
mockery,Mockery,Mockery ,knight-4,1,knight,8,normalized-name-and-class,sk_mana,mana_or_energy,game_units,1,verified-ability-text-and-gitbook,"[""18"",""0""]","[""1"",""2""]",sk_lvl 10 +,"[[""plus"",""10"",""skill_level""]]","[""10 skill_level +""]","[""add"",[""number"",""10""],[""variable"",""skill_level""]]","[[""add"",[""number"",""10""],[""variable"",""skill_level""]]]",same,,Canonical arithmetic expressions are semantically identical.
mockery,Mockery,Mockery ,knight-4,1,knight,8,normalized-name-and-class,sk_range,range,game_units,2,gitbook-verified-for-class,"[""18"",""0""]","[""1"",""2""]",115 sk_lvl 7 * +,"[[""plus"",""115"",[""mul"",""skill_level"",""7""]]]","[""115 skill_level 7 * +""]","[""add"",[""multiply"",[""number"",""7""],[""variable"",""skill_level""]],[""number"",""115""]]","[[""add"",[""multiply"",[""number"",""7""],[""variable"",""skill_level""]],[""number"",""115""]]]",same,,Canonical arithmetic expressions are semantically identical.
mockery,Mockery,Mockery ,knight-4,1,knight,8,normalized-name-and-class,sk_charge,cast_time,milliseconds,3,gitbook-verified-for-class,"[""18"",""0""]","[""1"",""2""]",0,"[""0""]","[""0""]","[""number"",""0""]","[[""number"",""0""]]",same,,Canonical arithmetic expressions are semantically identical.
mockery,Mockery,Mockery ,knight-4,1,knight,8,normalized-name-and-class,sk_coold,cooldown,milliseconds,4,gitbook-verified-for-class,"[""18"",""0""]","[""1"",""2""]",60000,"[""5000""]","[""5000""]","[""number"",""60000""]","[[""number"",""5000""]]",differs,bango-differs-from-legacy,Value or formula differs; source-version attribution remains open.
transcendentalblow,Transcendental Blow,Transcendental Blow,knight-5,1,knight,9,normalized-name-and-class,sk_mana,mana_or_energy,game_units,1,verified-ability-text-and-gitbook,"[""30"",""0""]","[""3"",""0""]",28 sk_lvl 3 * +,"[[""plus"",""28"",[""mul"",""skill_level"",""3""]]]","[""28 skill_level 3 * +""]","[""add"",[""multiply"",[""number"",""3""],[""variable"",""skill_level""]],[""number"",""28""]]","[[""add"",[""multiply"",[""number"",""3""],[""variable"",""skill_level""]],[""number"",""28""]]]",same,,Canonical arithmetic expressions are semantically identical.
transcendentalblow,Transcendental Blow,Transcendental Blow,knight-5,1,knight,9,normalized-name-and-class,sk_range,range,game_units,2,gitbook-verified-for-class,"[""30"",""0""]","[""3"",""0""]",0,"[""weapon_range""]","[""weapon_range""]","[""number"",""0""]","[[""variable"",""weapon_range""]]",encoding-only,,Legacy melee range sentinel 0; Bango names the dynamic weapon_range symbol.
transcendentalblow,Transcendental Blow,Transcendental Blow,knight-5,1,knight,9,normalized-name-and-class,sk_charge,cast_time,milliseconds,3,gitbook-verified-for-class,"[""30"",""0""]","[""3"",""0""]",550 sk_lvl 50 * -,"[[""minus"",""600"",[""mul"",[""div"",[""plus"",""skill_level"",""1""],""2""],""100""]]]","[""600 skill_level 1 + 2 / 100 * -""]","[""subtract"",[""number"",""550""],[""multiply"",[""number"",""50""],[""variable"",""skill_level""]]]","[[""subtract"",[""number"",""600""],[""multiply"",[""divide"",[""add"",[""number"",""1""],[""variable"",""skill_level""]],[""number"",""2""]],[""number"",""100""]]]]",differs,bango-differs-from-legacy,Value or formula differs; source-version attribution remains open.
transcendentalblow,Transcendental Blow,Transcendental Blow,knight-5,1,knight,9,normalized-name-and-class,sk_coold,cooldown,milliseconds,4,gitbook-verified-for-class,"[""30"",""0""]","[""3"",""0""]",3300,"[[""plus"",""weapon_speed"",""3300""]]","[""weapon_speed 3300 +""]","[""number"",""3300""]","[[""add"",[""number"",""3300""],[""variable"",""weapon_speed""]]]",differs,bango-differs-from-legacy,Value or formula differs; source-version attribution remains open.
upwardslash,Upward Slash,Upward Slash,knight-7,1,knight,8,normalized-name-and-class,sk_mana,mana_or_energy,game_units,1,verified-ability-text-and-gitbook,"[""24"",""0""]","[""3"",""0""]",sk_lvl 15 +,"[[""plus"",""15"",""skill_level""]]","[""15 skill_level +""]","[""add"",[""number"",""15""],[""variable"",""skill_level""]]","[[""add"",[""number"",""15""],[""variable"",""skill_level""]]]",same,,Canonical arithmetic expressions are semantically identical.
upwardslash,Upward Slash,Upward Slash,knight-7,1,knight,8,normalized-name-and-class,sk_range,range,game_units,2,gitbook-verified-for-class,"[""24"",""0""]","[""3"",""0""]",0,"[""weapon_range""]","[""weapon_range""]","[""number"",""0""]","[[""variable"",""weapon_range""]]",encoding-only,,Legacy melee range sentinel 0; Bango names the dynamic weapon_range symbol.
upwardslash,Upward Slash,Upward Slash,knight-7,1,knight,8,normalized-name-and-class,sk_charge,cast_time,milliseconds,3,gitbook-verified-for-class,"[""24"",""0""]","[""3"",""0""]",0,"[""0""]","[""0""]","[""number"",""0""]","[[""number"",""0""]]",same,,Canonical arithmetic expressions are semantically identical.
upwardslash,Upward Slash,Upward Slash,knight-7,1,knight,8,normalized-name-and-class,sk_coold,cooldown,milliseconds,4,gitbook-verified-for-class,"[""24"",""0""]","[""3"",""0""]",700,"[""weapon_speed""]","[""weapon_speed""]","[""number"",""700""]","[[""variable"",""weapon_speed""]]",differs,bango-differs-from-legacy,Value or formula differs; source-version attribution remains open.
provocation,Provocation,Provocation,knight-8,1,knight,9,normalized-name-and-class,sk_mana,mana_or_energy,game_units,1,verified-ability-text-and-gitbook,"[""41"",""0""]","[""3"",""0""]",24 sk_lvl 4 * +,"[[""plus"",""24"",[""mul"",""skill_level"",""4""]]]","[""24 skill_level 4 * +""]","[""add"",[""multiply"",[""number"",""4""],[""variable"",""skill_level""]],[""number"",""24""]]","[[""add"",[""multiply"",[""number"",""4""],[""variable"",""skill_level""]],[""number"",""24""]]]",same,,Canonical arithmetic expressions are semantically identical.
provocation,Provocation,Provocation,knight-8,1,knight,9,normalized-name-and-class,sk_range,range,game_units,2,gitbook-verified-for-class,"[""41"",""0""]","[""3"",""0""]",136 sk_lvl 8 * +,"[[""plus"",""136"",[""mul"",""skill_level"",""8""]]]","[""136 skill_level 8 * +""]","[""add"",[""multiply"",[""number"",""8""],[""variable"",""skill_level""]],[""number"",""136""]]","[[""add"",[""multiply"",[""number"",""8""],[""variable"",""skill_level""]],[""number"",""136""]]]",same,,Canonical arithmetic expressions are semantically identical.
provocation,Provocation,Provocation,knight-8,1,knight,9,normalized-name-and-class,sk_charge,cast_time,milliseconds,3,gitbook-verified-for-class,"[""41"",""0""]","[""3"",""0""]",0,"[""0""]","[""0""]","[""number"",""0""]","[[""number"",""0""]]",same,,Canonical arithmetic expressions are semantically identical.
provocation,Provocation,Provocation,knight-8,1,knight,9,normalized-name-and-class,sk_coold,cooldown,milliseconds,4,gitbook-verified-for-class,"[""41"",""0""]","[""3"",""0""]",5000,"[""5000""]","[""5000""]","[""number"",""5000""]","[[""number"",""5000""]]",same,,Canonical arithmetic expressions are semantically identical.
flashingslash,Flashing Slash,Flashing Slash,knight-9,1,knight,9,normalized-name-and-class,sk_mana,mana_or_energy,game_units,1,verified-ability-text-and-gitbook,"[""39"",""0""]","[""3"",""0""]",19 sk_lvl 2 * +,"[""19""]","[""19""]","[""add"",[""multiply"",[""number"",""2""],[""variable"",""skill_level""]],[""number"",""19""]]","[[""number"",""19""]]",differs,bango-differs-from-legacy,Value or formula differs; source-version attribution remains open.
flashingslash,Flashing Slash,Flashing Slash,knight-9,1,knight,9,normalized-name-and-class,sk_range,range,game_units,2,gitbook-verified-for-class,"[""39"",""0""]","[""3"",""0""]",0,"[""weapon_range""]","[""weapon_range""]","[""number"",""0""]","[[""variable"",""weapon_range""]]",encoding-only,,Legacy melee range sentinel 0; Bango names the dynamic weapon_range symbol.
flashingslash,Flashing Slash,Flashing Slash,knight-9,1,knight,9,normalized-name-and-class,sk_charge,cast_time,milliseconds,3,gitbook-verified-for-class,"[""39"",""0""]","[""3"",""0""]",750 sk_lvl 50 * -,"[[""minus"",""800"",[""mul"",[""div"",[""plus"",""skill_level"",""1""],""2""],""100""]]]","[""800 skill_level 1 + 2 / 100 * -""]","[""subtract"",[""number"",""750""],[""multiply"",[""number"",""50""],[""variable"",""skill_level""]]]","[[""subtract"",[""number"",""800""],[""multiply"",[""divide"",[""add"",[""number"",""1""],[""variable"",""skill_level""]],[""number"",""2""]],[""number"",""100""]]]]",differs,bango-differs-from-legacy,Value or formula differs; source-version attribution remains open.
flashingslash,Flashing Slash,Flashing Slash,knight-9,1,knight,9,normalized-name-and-class,sk_coold,cooldown,milliseconds,4,gitbook-verified-for-class,"[""39"",""0""]","[""3"",""0""]",3300,"[[""plus"",""weapon_speed"",""3300""]]","[""weapon_speed 3300 +""]","[""number"",""3300""]","[[""add"",[""number"",""3300""],[""variable"",""weapon_speed""]]]",differs,bango-differs-from-legacy,Value or formula differs; source-version attribution remains open.
increasingconcentration,Increasing Concentration,Increasing Concentration,knight-10,1,knight,9,normalized-name-and-class,sk_mana,mana_or_energy,game_units,1,verified-ability-text-and-gitbook,"[""42"",""0""]","[""3"",""0""]",86,"[""86""]","[""86""]","[""number"",""86""]","[[""number"",""86""]]",same,,Canonical arithmetic expressions are semantically identical.
increasingconcentration,Increasing Concentration,Increasing Concentration,knight-10,1,knight,9,normalized-name-and-class,sk_range,range,game_units,2,gitbook-verified-for-class,"[""42"",""0""]","[""3"",""0""]",0,"[""weapon_range""]","[""weapon_range""]","[""number"",""0""]","[[""variable"",""weapon_range""]]",encoding-only,,Legacy melee range sentinel 0; Bango names the dynamic weapon_range symbol.
increasingconcentration,Increasing Concentration,Increasing Concentration,knight-10,1,knight,9,normalized-name-and-class,sk_charge,cast_time,milliseconds,3,gitbook-verified-for-class,"[""42"",""0""]","[""3"",""0""]",0,"[""0""]","[""0""]","[""number"",""0""]","[[""number"",""0""]]",same,,Canonical arithmetic expressions are semantically identical.
increasingconcentration,Increasing Concentration,Increasing Concentration,knight-10,1,knight,9,normalized-name-and-class,sk_coold,cooldown,milliseconds,4,gitbook-verified-for-class,"[""42"",""0""]","[""3"",""0""]",90000,"[""90000""]","[""90000""]","[""number"",""90000""]","[[""number"",""90000""]]",same,,Canonical arithmetic expressions are semantically identical.
wideningwound,Widening Wound,Widening Wound,knight-12,1,knight,9,normalized-name-and-class,sk_mana,mana_or_energy,game_units,1,verified-ability-text-and-gitbook,"[""43"",""0""]","[""3"",""0""]",sk_lvl 15 +,"[[""plus"",""15"",""skill_level""]]","[""15 skill_level +""]","[""add"",[""number"",""15""],[""variable"",""skill_level""]]","[[""add"",[""number"",""15""],[""variable"",""skill_level""]]]",same,,Canonical arithmetic expressions are semantically identical.
wideningwound,Widening Wound,Widening Wound,knight-12,1,knight,9,normalized-name-and-class,sk_range,range,game_units,2,gitbook-verified-for-class,"[""43"",""0""]","[""3"",""0""]",0,"[""weapon_range""]","[""weapon_range""]","[""number"",""0""]","[[""variable"",""weapon_range""]]",encoding-only,,Legacy melee range sentinel 0; Bango names the dynamic weapon_range symbol.
wideningwound,Widening Wound,Widening Wound,knight-12,1,knight,9,normalized-name-and-class,sk_charge,cast_time,milliseconds,3,gitbook-verified-for-class,"[""43"",""0""]","[""3"",""0""]",0,"[""0""]","[""0""]","[""number"",""0""]","[[""number"",""0""]]",same,,Canonical arithmetic expressions are semantically identical.
wideningwound,Widening Wound,Widening Wound,knight-12,1,knight,9,normalized-name-and-class,sk_coold,cooldown,milliseconds,4,gitbook-verified-for-class,"[""43"",""0""]","[""3"",""0""]",700,"[""weapon_speed""]","[""weapon_speed""]","[""number"",""700""]","[[""variable"",""weapon_speed""]]",differs,bango-differs-from-legacy,Value or formula differs; source-version attribution remains open.
protect,Protect,Protect,knight-13,1,knight,14,normalized-name-and-class,sk_mana,mana_or_energy,game_units,1,verified-ability-text-and-gitbook,"[""15"",""0""]","[""1"",""1""]",25 sk_lvl 25 * +,"[[""plus"",""25"",[""mul"",""skill_level"",""25""]]]","[""25 skill_level 25 * +""]","[""add"",[""multiply"",[""number"",""25""],[""variable"",""skill_level""]],[""number"",""25""]]","[[""add"",[""multiply"",[""number"",""25""],[""variable"",""skill_level""]],[""number"",""25""]]]",same,,Canonical arithmetic expressions are semantically identical.
protect,Protect,Protect,knight-13,1,knight,14,normalized-name-and-class,sk_range,range,game_units,2,gitbook-verified-for-class,"[""15"",""0""]","[""1"",""1""]",190,"[""190""]","[""190""]","[""number"",""190""]","[[""number"",""190""]]",same,,Canonical arithmetic expressions are semantically identical.
protect,Protect,Protect,knight-13,1,knight,14,normalized-name-and-class,sk_charge,cast_time,milliseconds,3,gitbook-verified-for-class,"[""15"",""0""]","[""1"",""1""]",0,"[""0""]","[""0""]","[""number"",""0""]","[[""number"",""0""]]",same,,Canonical arithmetic expressions are semantically identical.
protect,Protect,Protect,knight-13,1,knight,14,normalized-name-and-class,sk_coold,cooldown,milliseconds,4,gitbook-verified-for-class,"[""15"",""0""]","[""1"",""1""]",10000,"[""1700""]","[""1700""]","[""number"",""10000""]","[[""number"",""1700""]]",differs,bango-differs-from-legacy,Value or formula differs; source-version attribution remains open.
shieldattack,Shield Attack,Shield Attack,knight-14,1,knight,14,normalized-name-and-class,sk_mana,mana_or_energy,game_units,1,verified-ability-text-and-gitbook,"[""25"",""0""]","[""1"",""1""]",58,"[""58""]","[""58""]","[""number"",""58""]","[[""number"",""58""]]",same,,Canonical arithmetic expressions are semantically identical.
shieldattack,Shield Attack,Shield Attack,knight-14,1,knight,14,normalized-name-and-class,sk_range,range,game_units,2,gitbook-verified-for-class,"[""25"",""0""]","[""1"",""1""]",36,"[""36""]","[""36""]","[""number"",""36""]","[[""number"",""36""]]",same,,Canonical arithmetic expressions are semantically identical.
shieldattack,Shield Attack,Shield Attack,knight-14,1,knight,14,normalized-name-and-class,sk_charge,cast_time,milliseconds,3,gitbook-verified-for-class,"[""25"",""0""]","[""1"",""1""]",0,"[""0""]","[""0""]","[""number"",""0""]","[[""number"",""0""]]",same,,Canonical arithmetic expressions are semantically identical.
shieldattack,Shield Attack,Shield Attack,knight-14,1,knight,14,normalized-name-and-class,sk_coold,cooldown,milliseconds,4,gitbook-verified-for-class,"[""25"",""0""]","[""1"",""1""]",10000,"[""10000""]","[""10000""]","[""number"",""10000""]","[[""number"",""10000""]]",same,,Canonical arithmetic expressions are semantically identical.
powerfulupwardslash,Powerful Upward Slash,Powerful Upward Slash,knight-16,1,knight,10,normalized-name-and-class,sk_mana,mana_or_energy,game_units,1,verified-ability-text-and-gitbook,"[""50"",""57"",""63"",""68"",""0""]","[""7"",""0""]",24 sk_lvl 2 * +,"[[""plus"",""24"",[""mul"",""skill_level"",""2""]]]","[""24 skill_level 2 * +""]","[""add"",[""multiply"",[""number"",""2""],[""variable"",""skill_level""]],[""number"",""24""]]","[[""add"",[""multiply"",[""number"",""2""],[""variable"",""skill_level""]],[""number"",""24""]]]",same,,Canonical arithmetic expressions are semantically identical.
powerfulupwardslash,Powerful Upward Slash,Powerful Upward Slash,knight-16,1,knight,10,normalized-name-and-class,sk_range,range,game_units,2,gitbook-verified-for-class,"[""50"",""57"",""63"",""68"",""0""]","[""7"",""0""]",0,"[""weapon_range""]","[""weapon_range""]","[""number"",""0""]","[[""variable"",""weapon_range""]]",encoding-only,,Legacy melee range sentinel 0; Bango names the dynamic weapon_range symbol.
powerfulupwardslash,Powerful Upward Slash,Powerful Upward Slash,knight-16,1,knight,10,normalized-name-and-class,sk_charge,cast_time,milliseconds,3,gitbook-verified-for-class,"[""50"",""57"",""63"",""68"",""0""]","[""7"",""0""]",0,"[""0""]","[""0""]","[""number"",""0""]","[[""number"",""0""]]",same,,Canonical arithmetic expressions are semantically identical.
powerfulupwardslash,Powerful Upward Slash,Powerful Upward Slash,knight-16,1,knight,10,normalized-name-and-class,sk_coold,cooldown,milliseconds,4,gitbook-verified-for-class,"[""50"",""57"",""63"",""68"",""0""]","[""7"",""0""]",4600,"[[""plus"",""weapon_speed"",""4600""]]","[""weapon_speed 4600 +""]","[""number"",""4600""]","[[""add"",[""number"",""4600""],[""variable"",""weapon_speed""]]]",differs,bango-differs-from-legacy,Value or formula differs; source-version attribution remains open.
brutalattack,Brutal Attack,Brutal Attack,knight-17,1,knight,10,normalized-name-and-class,sk_mana,mana_or_energy,game_units,1,verified-ability-text-and-gitbook,"[""53"",""56"",""63"",""67"",""70"",""0""]","[""7"",""0""]",12 sk_lvl 3 * +,"[[""plus"",""12"",[""mul"",""skill_level"",""3""]]]","[""12 skill_level 3 * +""]","[""add"",[""multiply"",[""number"",""3""],[""variable"",""skill_level""]],[""number"",""12""]]","[[""add"",[""multiply"",[""number"",""3""],[""variable"",""skill_level""]],[""number"",""12""]]]",same,,Canonical arithmetic expressions are semantically identical.
brutalattack,Brutal Attack,Brutal Attack,knight-17,1,knight,10,normalized-name-and-class,sk_range,range,game_units,2,gitbook-verified-for-class,"[""53"",""56"",""63"",""67"",""70"",""0""]","[""7"",""0""]",0,"[""weapon_range""]","[""weapon_range""]","[""number"",""0""]","[[""variable"",""weapon_range""]]",encoding-only,,Legacy melee range sentinel 0; Bango names the dynamic weapon_range symbol.
brutalattack,Brutal Attack,Brutal Attack,knight-17,1,knight,10,normalized-name-and-class,sk_charge,cast_time,milliseconds,3,gitbook-verified-for-class,"[""53"",""56"",""63"",""67"",""70"",""0""]","[""7"",""0""]",0,"[""0""]","[""0""]","[""number"",""0""]","[[""number"",""0""]]",same,,Canonical arithmetic expressions are semantically identical.
brutalattack,Brutal Attack,Brutal Attack,knight-17,1,knight,10,normalized-name-and-class,sk_coold,cooldown,milliseconds,4,gitbook-verified-for-class,"[""53"",""56"",""63"",""67"",""70"",""0""]","[""7"",""0""]",700,"[""700""]","[""700""]","[""number"",""700""]","[[""number"",""700""]]",same,,Canonical arithmetic expressions are semantically identical.
forceofdefense,Force of Defense,Force of Defense,knight-18,1,knight,11,normalized-name-and-class,sk_mana,mana_or_energy,game_units,1,verified-ability-text-and-gitbook,"[""50"",""56"",""62"",""70"",""0""]","[""11"",""1""]",300 sk_lvl 20 * +,"[[""plus"",""300"",[""mul"",""skill_level"",""20""]]]","[""300 skill_level 20 * +""]","[""add"",[""multiply"",[""number"",""20""],[""variable"",""skill_level""]],[""number"",""300""]]","[[""add"",[""multiply"",[""number"",""20""],[""variable"",""skill_level""]],[""number"",""300""]]]",same,,Canonical arithmetic expressions are semantically identical.
forceofdefense,Force of Defense,Force of Defense,knight-18,1,knight,11,normalized-name-and-class,sk_range,range,game_units,2,gitbook-verified-for-class,"[""50"",""56"",""62"",""70"",""0""]","[""11"",""1""]",0,"[""0""]","[""0""]","[""number"",""0""]","[[""number"",""0""]]",same,,Canonical arithmetic expressions are semantically identical.
forceofdefense,Force of Defense,Force of Defense,knight-18,1,knight,11,normalized-name-and-class,sk_charge,cast_time,milliseconds,3,gitbook-verified-for-class,"[""50"",""56"",""62"",""70"",""0""]","[""11"",""1""]",0,"[""0""]","[""0""]","[""number"",""0""]","[[""number"",""0""]]",same,,Canonical arithmetic expressions are semantically identical.
forceofdefense,Force of Defense,Force of Defense,knight-18,1,knight,11,normalized-name-and-class,sk_coold,cooldown,milliseconds,4,gitbook-verified-for-class,"[""50"",""56"",""62"",""70"",""0""]","[""11"",""1""]",30000,"[""30000""]","[""30000""]","[""number"",""30000""]","[[""number"",""30000""]]",same,,Canonical arithmetic expressions are semantically identical.
callofdefense,Call of Defense,Call of Defense,knight-19,1,knight,11,normalized-name-and-class,sk_mana,mana_or_energy,game_units,1,verified-ability-text-and-gitbook,"[""51"",""57"",""63"",""0""]","[""11"",""0""]",0,"[""0""]","[""0""]","[""number"",""0""]","[[""number"",""0""]]",same,,Canonical arithmetic expressions are semantically identical.
callofdefense,Call of Defense,Call of Defense,knight-19,1,knight,11,normalized-name-and-class,sk_range,range,game_units,2,gitbook-verified-for-class,"[""51"",""57"",""63"",""0""]","[""11"",""0""]",0,"[""0""]","[""0""]","[""number"",""0""]","[[""number"",""0""]]",same,,Canonical arithmetic expressions are semantically identical.
callofdefense,Call of Defense,Call of Defense,knight-19,1,knight,11,normalized-name-and-class,sk_charge,cast_time,milliseconds,3,gitbook-verified-for-class,"[""51"",""57"",""63"",""0""]","[""11"",""0""]",0,"[""0""]","[""0""]","[""number"",""0""]","[[""number"",""0""]]",same,,Canonical arithmetic expressions are semantically identical.
callofdefense,Call of Defense,Call of Defense,knight-19,1,knight,11,normalized-name-and-class,sk_coold,cooldown,milliseconds,4,gitbook-verified-for-class,"[""51"",""57"",""63"",""0""]","[""11"",""0""]",10000,"[""10000""]","[""10000""]","[""number"",""10000""]","[[""number"",""10000""]]",same,,Canonical arithmetic expressions are semantically identical.
rush,Rush,Rush,knight-21,1,knight,10,normalized-name-and-class,sk_mana,mana_or_energy,game_units,1,verified-ability-text-and-gitbook,"[""52"",""62"",""0""]","[""7"",""0""]",46 sk_lvl 4 * +,"[[""plus"",""46"",[""mul"",""skill_level"",""4""]]]","[""46 skill_level 4 * +""]","[""add"",[""multiply"",[""number"",""4""],[""variable"",""skill_level""]],[""number"",""46""]]","[[""add"",[""multiply"",[""number"",""4""],[""variable"",""skill_level""]],[""number"",""46""]]]",same,,Canonical arithmetic expressions are semantically identical.
rush,Rush,Rush,knight-21,1,knight,10,normalized-name-and-class,sk_range,range,game_units,2,gitbook-verified-for-class,"[""52"",""62"",""0""]","[""7"",""0""]",60 sk_lvl 20 * +,"[[""plus"",""60"",[""mul"",""skill_level"",""20""]]]","[""60 skill_level 20 * +""]","[""add"",[""multiply"",[""number"",""20""],[""variable"",""skill_level""]],[""number"",""60""]]","[[""add"",[""multiply"",[""number"",""20""],[""variable"",""skill_level""]],[""number"",""60""]]]",same,,Canonical arithmetic expressions are semantically identical.
rush,Rush,Rush,knight-21,1,knight,10,normalized-name-and-class,sk_charge,cast_time,milliseconds,3,gitbook-verified-for-class,"[""52"",""62"",""0""]","[""7"",""0""]",1,"[""1""]","[""1""]","[""number"",""1""]","[[""number"",""1""]]",same,,Canonical arithmetic expressions are semantically identical.
rush,Rush,Rush,knight-21,1,knight,10,normalized-name-and-class,sk_coold,cooldown,milliseconds,4,gitbook-verified-for-class,"[""52"",""62"",""0""]","[""7"",""0""]",14000 sk_lvl 2000 * -,"[[""minus"",""14000"",[""mul"",""skill_level"",""2000""]]]","[""14000 skill_level 2000 * -""]","[""subtract"",[""number"",""14000""],[""multiply"",[""number"",""2000""],[""variable"",""skill_level""]]]","[[""subtract"",[""number"",""14000""],[""multiply"",[""number"",""2000""],[""variable"",""skill_level""]]]]",same,,Canonical arithmetic expressions are semantically identical.
shieldoffense,Shield Offense,Shield Offense,knight-22,1,knight,11,normalized-name-and-class,sk_mana,mana_or_energy,game_units,1,verified-ability-text-and-gitbook,"[""52"",""59"",""64"",""68"",""0""]","[""11"",""0""]",72 sk_lvl 7 * +,"[[""plus"",""72"",[""mul"",""skill_level"",""16""]]]","[""72 skill_level 16 * +""]","[""add"",[""multiply"",[""number"",""7""],[""variable"",""skill_level""]],[""number"",""72""]]","[[""add"",[""multiply"",[""number"",""16""],[""variable"",""skill_level""]],[""number"",""72""]]]",differs,bango-differs-from-legacy,Value or formula differs; source-version attribution remains open.
shieldoffense,Shield Offense,Shield Offense,knight-22,1,knight,11,normalized-name-and-class,sk_range,range,game_units,2,gitbook-verified-for-class,"[""52"",""59"",""64"",""68"",""0""]","[""11"",""0""]",0,"[""weapon_range""]","[""weapon_range""]","[""number"",""0""]","[[""variable"",""weapon_range""]]",encoding-only,,Legacy melee range sentinel 0; Bango names the dynamic weapon_range symbol.
shieldoffense,Shield Offense,Shield Offense,knight-22,1,knight,11,normalized-name-and-class,sk_charge,cast_time,milliseconds,3,gitbook-verified-for-class,"[""52"",""59"",""64"",""68"",""0""]","[""11"",""0""]",0,"[""0""]","[""0""]","[""number"",""0""]","[[""number"",""0""]]",same,,Canonical arithmetic expressions are semantically identical.
shieldoffense,Shield Offense,Shield Offense,knight-22,1,knight,11,normalized-name-and-class,sk_coold,cooldown,milliseconds,4,gitbook-verified-for-class,"[""52"",""59"",""64"",""68"",""0""]","[""11"",""0""]",15000,"[""50000""]","[""50000""]","[""number"",""15000""]","[[""number"",""50000""]]",differs,bango-differs-from-legacy,Value or formula differs; source-version attribution remains open.
callofrecovery,Call of Recovery,Call of Recovery,knight-23,1,knight,11,normalized-name-and-class,sk_mana,mana_or_energy,game_units,1,verified-ability-text-and-gitbook,"[""55"",""61"",""67"",""0""]","[""11"",""0""]",0,"[""0""]","[""0""]","[""number"",""0""]","[[""number"",""0""]]",same,,Canonical arithmetic expressions are semantically identical.
callofrecovery,Call of Recovery,Call of Recovery,knight-23,1,knight,11,normalized-name-and-class,sk_range,range,game_units,2,gitbook-verified-for-class,"[""55"",""61"",""67"",""0""]","[""11"",""0""]",0,"[""0""]","[""0""]","[""number"",""0""]","[[""number"",""0""]]",same,,Canonical arithmetic expressions are semantically identical.
callofrecovery,Call of Recovery,Call of Recovery,knight-23,1,knight,11,normalized-name-and-class,sk_charge,cast_time,milliseconds,3,gitbook-verified-for-class,"[""55"",""61"",""67"",""0""]","[""11"",""0""]",0,"[""0""]","[""0""]","[""number"",""0""]","[[""number"",""0""]]",same,,Canonical arithmetic expressions are semantically identical.
callofrecovery,Call of Recovery,Call of Recovery,knight-23,1,knight,11,normalized-name-and-class,sk_coold,cooldown,milliseconds,4,gitbook-verified-for-class,"[""55"",""61"",""67"",""0""]","[""11"",""0""]",10000,"[""10000""]","[""10000""]","[""number"",""10000""]","[[""number"",""10000""]]",same,,Canonical arithmetic expressions are semantically identical.
berserk,Berserk,Berserk,knight-24,1,knight,10,normalized-name-and-class,sk_mana,mana_or_energy,game_units,1,verified-ability-text-and-gitbook,"[""53"",""56"",""59"",""62"",""65"",""70"",""0""]","[""7"",""0""]",200 sk_lvl 15 * +,"[[""plus"",""200"",[""mul"",""skill_level"",""15""]]]","[""200 skill_level 15 * +""]","[""add"",[""multiply"",[""number"",""15""],[""variable"",""skill_level""]],[""number"",""200""]]","[[""add"",[""multiply"",[""number"",""15""],[""variable"",""skill_level""]],[""number"",""200""]]]",same,,Canonical arithmetic expressions are semantically identical.
berserk,Berserk,Berserk,knight-24,1,knight,10,normalized-name-and-class,sk_range,range,game_units,2,gitbook-verified-for-class,"[""53"",""56"",""59"",""62"",""65"",""70"",""0""]","[""7"",""0""]",0,"[""0""]","[""0""]","[""number"",""0""]","[[""number"",""0""]]",same,,Canonical arithmetic expressions are semantically identical.
berserk,Berserk,Berserk,knight-24,1,knight,10,normalized-name-and-class,sk_charge,cast_time,milliseconds,3,gitbook-verified-for-class,"[""53"",""56"",""59"",""62"",""65"",""70"",""0""]","[""7"",""0""]",0,"[""0""]","[""0""]","[""number"",""0""]","[[""number"",""0""]]",same,,Canonical arithmetic expressions are semantically identical.
berserk,Berserk,Berserk,knight-24,1,knight,10,normalized-name-and-class,sk_coold,cooldown,milliseconds,4,gitbook-verified-for-class,"[""53"",""56"",""59"",""62"",""65"",""70"",""0""]","[""7"",""0""]",600000,"[""180000""]","[""180000""]","[""number"",""600000""]","[[""number"",""180000""]]",differs,bango-differs-from-legacy,Value or formula differs; source-version attribution remains open.
halfswing,Half Swing,Half Swing,knight-25,1,knight,10,normalized-name-and-class,sk_mana,mana_or_energy,game_units,1,verified-ability-text-and-gitbook,"[""54"",""58"",""62"",""66"",""69"",""0""]","[""7"",""0""]",49 sk_lvl 9 * +,"[[""plus"",""49"",[""mul"",""skill_level"",""9""]]]","[""49 skill_level 9 * +""]","[""add"",[""multiply"",[""number"",""9""],[""variable"",""skill_level""]],[""number"",""49""]]","[[""add"",[""multiply"",[""number"",""9""],[""variable"",""skill_level""]],[""number"",""49""]]]",same,,Canonical arithmetic expressions are semantically identical.
halfswing,Half Swing,Half Swing,knight-25,1,knight,10,normalized-name-and-class,sk_range,range,game_units,2,gitbook-verified-for-class,"[""54"",""58"",""62"",""66"",""69"",""0""]","[""7"",""0""]",0,"[""weapon_range""]","[""weapon_range""]","[""number"",""0""]","[[""variable"",""weapon_range""]]",encoding-only,,Legacy melee range sentinel 0; Bango names the dynamic weapon_range symbol.
halfswing,Half Swing,Half Swing,knight-25,1,knight,10,normalized-name-and-class,sk_charge,cast_time,milliseconds,3,gitbook-verified-for-class,"[""54"",""58"",""62"",""66"",""69"",""0""]","[""7"",""0""]",0,"[""0""]","[""0""]","[""number"",""0""]","[[""number"",""0""]]",same,,Canonical arithmetic expressions are semantically identical.
halfswing,Half Swing,Half Swing,knight-25,1,knight,10,normalized-name-and-class,sk_coold,cooldown,milliseconds,4,gitbook-verified-for-class,"[""54"",""58"",""62"",""66"",""69"",""0""]","[""7"",""0""]",10000,"[""5000""]","[""5000""]","[""number"",""10000""]","[[""number"",""5000""]]",differs,bango-differs-from-legacy,Value or formula differs; source-version attribution remains open.
sacrifice,Sacrifice,Sacrifice,knight-26,1,knight,11,normalized-name-and-class,sk_mana,mana_or_energy,game_units,1,verified-ability-text-and-gitbook,"[""52"",""61"",""0""]","[""11"",""0""]",0,"[""0""]","[""0""]","[""number"",""0""]","[[""number"",""0""]]",same,,Canonical arithmetic expressions are semantically identical.
sacrifice,Sacrifice,Sacrifice,knight-26,1,knight,11,normalized-name-and-class,sk_range,range,game_units,2,gitbook-verified-for-class,"[""52"",""61"",""0""]","[""11"",""0""]",120,"[""120""]","[""120""]","[""number"",""120""]","[[""number"",""120""]]",same,,Canonical arithmetic expressions are semantically identical.
sacrifice,Sacrifice,Sacrifice,knight-26,1,knight,11,normalized-name-and-class,sk_charge,cast_time,milliseconds,3,gitbook-verified-for-class,"[""52"",""61"",""0""]","[""11"",""0""]",0,"[""0""]","[""0""]","[""number"",""0""]","[[""number"",""0""]]",same,,Canonical arithmetic expressions are semantically identical.
sacrifice,Sacrifice,Sacrifice,knight-26,1,knight,11,normalized-name-and-class,sk_coold,cooldown,milliseconds,4,gitbook-verified-for-class,"[""52"",""61"",""0""]","[""11"",""0""]",40000,"[""40000""]","[""40000""]","[""number"",""40000""]","[[""number"",""40000""]]",same,,Canonical arithmetic expressions are semantically identical.
calloflightningdefense,Call of Lightning Defense,Call of Lightning Defense,knight-27,1,knight,11,normalized-name-and-class,sk_mana,mana_or_energy,game_units,1,verified-ability-text-and-gitbook,"[""53"",""57"",""64"",""0""]","[""11"",""0""]",0,"[""0""]","[""0""]","[""number"",""0""]","[[""number"",""0""]]",same,,Canonical arithmetic expressions are semantically identical.
calloflightningdefense,Call of Lightning Defense,Call of Lightning Defense,knight-27,1,knight,11,normalized-name-and-class,sk_range,range,game_units,2,gitbook-verified-for-class,"[""53"",""57"",""64"",""0""]","[""11"",""0""]",0,"[""0""]","[""0""]","[""number"",""0""]","[[""number"",""0""]]",same,,Canonical arithmetic expressions are semantically identical.
calloflightningdefense,Call of Lightning Defense,Call of Lightning Defense,knight-27,1,knight,11,normalized-name-and-class,sk_charge,cast_time,milliseconds,3,gitbook-verified-for-class,"[""53"",""57"",""64"",""0""]","[""11"",""0""]",0,"[""0""]","[""0""]","[""number"",""0""]","[[""number"",""0""]]",same,,Canonical arithmetic expressions are semantically identical.
calloflightningdefense,Call of Lightning Defense,Call of Lightning Defense,knight-27,1,knight,11,normalized-name-and-class,sk_coold,cooldown,milliseconds,4,gitbook-verified-for-class,"[""53"",""57"",""64"",""0""]","[""11"",""0""]",10000,"[""10000""]","[""10000""]","[""number"",""10000""]","[[""number"",""10000""]]",same,,Canonical arithmetic expressions are semantically identical.
calloficedefense,Call of Ice Defense,Call of Ice Defense,knight-28,1,knight,11,normalized-name-and-class,sk_mana,mana_or_energy,game_units,1,verified-ability-text-and-gitbook,"[""53"",""57"",""64"",""0""]","[""11"",""0""]",0,"[""0""]","[""0""]","[""number"",""0""]","[[""number"",""0""]]",same,,Canonical arithmetic expressions are semantically identical.
calloficedefense,Call of Ice Defense,Call of Ice Defense,knight-28,1,knight,11,normalized-name-and-class,sk_range,range,game_units,2,gitbook-verified-for-class,"[""53"",""57"",""64"",""0""]","[""11"",""0""]",0,"[""0""]","[""0""]","[""number"",""0""]","[[""number"",""0""]]",same,,Canonical arithmetic expressions are semantically identical.
calloficedefense,Call of Ice Defense,Call of Ice Defense,knight-28,1,knight,11,normalized-name-and-class,sk_charge,cast_time,milliseconds,3,gitbook-verified-for-class,"[""53"",""57"",""64"",""0""]","[""11"",""0""]",0,"[""0""]","[""0""]","[""number"",""0""]","[[""number"",""0""]]",same,,Canonical arithmetic expressions are semantically identical.
calloficedefense,Call of Ice Defense,Call of Ice Defense,knight-28,1,knight,11,normalized-name-and-class,sk_coold,cooldown,milliseconds,4,gitbook-verified-for-class,"[""53"",""57"",""64"",""0""]","[""11"",""0""]",10000,"[""10000""]","[""10000""]","[""number"",""10000""]","[[""number"",""10000""]]",same,,Canonical arithmetic expressions are semantically identical.
calloffiredefense,Call of Fire Defense,Call of Fire Defense,knight-29,1,knight,11,normalized-name-and-class,sk_mana,mana_or_energy,game_units,1,verified-ability-text-and-gitbook,"[""53"",""57"",""64"",""0""]","[""11"",""0""]",0,"[""0""]","[""0""]","[""number"",""0""]","[[""number"",""0""]]",same,,Canonical arithmetic expressions are semantically identical.
calloffiredefense,Call of Fire Defense,Call of Fire Defense,knight-29,1,knight,11,normalized-name-and-class,sk_range,range,game_units,2,gitbook-verified-for-class,"[""53"",""57"",""64"",""0""]","[""11"",""0""]",0,"[""0""]","[""0""]","[""number"",""0""]","[[""number"",""0""]]",same,,Canonical arithmetic expressions are semantically identical.
calloffiredefense,Call of Fire Defense,Call of Fire Defense,knight-29,1,knight,11,normalized-name-and-class,sk_charge,cast_time,milliseconds,3,gitbook-verified-for-class,"[""53"",""57"",""64"",""0""]","[""11"",""0""]",0,"[""0""]","[""0""]","[""number"",""0""]","[[""number"",""0""]]",same,,Canonical arithmetic expressions are semantically identical.
calloffiredefense,Call of Fire Defense,Call of Fire Defense,knight-29,1,knight,11,normalized-name-and-class,sk_coold,cooldown,milliseconds,4,gitbook-verified-for-class,"[""53"",""57"",""64"",""0""]","[""11"",""0""]",10000,"[""10000""]","[""10000""]","[""number"",""10000""]","[[""number"",""10000""]]",same,,Canonical arithmetic expressions are semantically identical.
callofontargetpoint,Call of On Target Point,Call of On Target Point,knight-30,1,knight,11,normalized-name-and-class,sk_mana,mana_or_energy,game_units,1,verified-ability-text-and-gitbook,"[""54"",""58"",""65"",""0""]","[""11"",""0""]",0,"[""0""]","[""0""]","[""number"",""0""]","[[""number"",""0""]]",same,,Canonical arithmetic expressions are semantically identical.
callofontargetpoint,Call of On Target Point,Call of On Target Point,knight-30,1,knight,11,normalized-name-and-class,sk_range,range,game_units,2,gitbook-verified-for-class,"[""54"",""58"",""65"",""0""]","[""11"",""0""]",0,"[""0""]","[""0""]","[""number"",""0""]","[[""number"",""0""]]",same,,Canonical arithmetic expressions are semantically identical.
callofontargetpoint,Call of On Target Point,Call of On Target Point,knight-30,1,knight,11,normalized-name-and-class,sk_charge,cast_time,milliseconds,3,gitbook-verified-for-class,"[""54"",""58"",""65"",""0""]","[""11"",""0""]",0,"[""0""]","[""0""]","[""number"",""0""]","[[""number"",""0""]]",same,,Canonical arithmetic expressions are semantically identical.
callofontargetpoint,Call of On Target Point,Call of On Target Point,knight-30,1,knight,11,normalized-name-and-class,sk_coold,cooldown,milliseconds,4,gitbook-verified-for-class,"[""54"",""58"",""65"",""0""]","[""11"",""0""]",10000,"[""10000""]","[""10000""]","[""number"",""10000""]","[[""number"",""10000""]]",same,,Canonical arithmetic expressions are semantically identical.
callofphysicalattack,Call of Physical Attack,Call of Physical Attack,knight-31,1,knight,11,normalized-name-and-class,sk_mana,mana_or_energy,game_units,1,verified-ability-text-and-gitbook,"[""54"",""60"",""66"",""0""]","[""11"",""0""]",0,"[""0""]","[""0""]","[""number"",""0""]","[[""number"",""0""]]",same,,Canonical arithmetic expressions are semantically identical.
callofphysicalattack,Call of Physical Attack,Call of Physical Attack,knight-31,1,knight,11,normalized-name-and-class,sk_range,range,game_units,2,gitbook-verified-for-class,"[""54"",""60"",""66"",""0""]","[""11"",""0""]",0,"[""0""]","[""0""]","[""number"",""0""]","[[""number"",""0""]]",same,,Canonical arithmetic expressions are semantically identical.
callofphysicalattack,Call of Physical Attack,Call of Physical Attack,knight-31,1,knight,11,normalized-name-and-class,sk_charge,cast_time,milliseconds,3,gitbook-verified-for-class,"[""54"",""60"",""66"",""0""]","[""11"",""0""]",0,"[""0""]","[""0""]","[""number"",""0""]","[[""number"",""0""]]",same,,Canonical arithmetic expressions are semantically identical.
callofphysicalattack,Call of Physical Attack,Call of Physical Attack,knight-31,1,knight,11,normalized-name-and-class,sk_coold,cooldown,milliseconds,4,gitbook-verified-for-class,"[""54"",""60"",""66"",""0""]","[""11"",""0""]",10000,"[""10000""]","[""10000""]","[""number"",""10000""]","[[""number"",""10000""]]",same,,Canonical arithmetic expressions are semantically identical.
survivalinstinct,Survival Instinct,Survival Instinct,knight-32,1,knight,11,normalized-name-and-class,sk_mana,mana_or_energy,game_units,1,verified-ability-text-and-gitbook,"[""56"",""63"",""0""]","[""11"",""0""]",0,"[""0""]","[""0""]","[""number"",""0""]","[[""number"",""0""]]",same,,Canonical arithmetic expressions are semantically identical.
survivalinstinct,Survival Instinct,Survival Instinct,knight-32,1,knight,11,normalized-name-and-class,sk_range,range,game_units,2,gitbook-verified-for-class,"[""56"",""63"",""0""]","[""11"",""0""]",0,"[""0""]","[""0""]","[""number"",""0""]","[[""number"",""0""]]",same,,Canonical arithmetic expressions are semantically identical.
survivalinstinct,Survival Instinct,Survival Instinct,knight-32,1,knight,11,normalized-name-and-class,sk_charge,cast_time,milliseconds,3,gitbook-verified-for-class,"[""56"",""63"",""0""]","[""11"",""0""]",1500,"[""1500""]","[""1500""]","[""number"",""1500""]","[[""number"",""1500""]]",same,,Canonical arithmetic expressions are semantically identical.
survivalinstinct,Survival Instinct,Survival Instinct,knight-32,1,knight,11,normalized-name-and-class,sk_coold,cooldown,milliseconds,4,gitbook-verified-for-class,"[""56"",""63"",""0""]","[""11"",""0""]",1800000,"[""600000""]","[""600000""]","[""number"",""1800000""]","[[""number"",""600000""]]",differs,bango-differs-from-legacy,Value or formula differs; source-version attribution remains open.
elasticshield,Elastic Shield,Elastic Shield,knight-33,1,knight,11,normalized-name-and-class,sk_mana,mana_or_energy,game_units,1,verified-ability-text-and-gitbook,"[""58"",""0""]","[""11"",""0""]",475,"[""475""]","[""475""]","[""number"",""475""]","[[""number"",""475""]]",same,,Canonical arithmetic expressions are semantically identical.
elasticshield,Elastic Shield,Elastic Shield,knight-33,1,knight,11,normalized-name-and-class,sk_range,range,game_units,2,gitbook-verified-for-class,"[""58"",""0""]","[""11"",""0""]",0,"[""0""]","[""0""]","[""number"",""0""]","[[""number"",""0""]]",same,,Canonical arithmetic expressions are semantically identical.
elasticshield,Elastic Shield,Elastic Shield,knight-33,1,knight,11,normalized-name-and-class,sk_charge,cast_time,milliseconds,3,gitbook-verified-for-class,"[""58"",""0""]","[""11"",""0""]",0,"[""0""]","[""0""]","[""number"",""0""]","[[""number"",""0""]]",same,,Canonical arithmetic expressions are semantically identical.
elasticshield,Elastic Shield,Elastic Shield,knight-33,1,knight,11,normalized-name-and-class,sk_coold,cooldown,milliseconds,4,gitbook-verified-for-class,"[""58"",""0""]","[""11"",""0""]",1800000,"[""600000""]","[""600000""]","[""number"",""1800000""]","[[""number"",""600000""]]",differs,bango-differs-from-legacy,Value or formula differs; source-version attribution remains open.
perfectdefense,Perfect Defense,Perfect defense,knight-38,1,knight,13,normalized-name-and-class,sk_mana,mana_or_energy,game_units,1,verified-ability-text-and-gitbook,"[""70"",""0""]","[""43"",""0""]",20 ch_lvl 4 * + sk_lvl ch_lvl 4 * * 10 / +,"[[""plus"",[""plus"",""20"",[""mul"",""char_level"",""4""]],[""div"",[""mul"",""skill_level"",[""plus"",""20"",[""mul"",""char_level"",""4""]]],""10""]]]","[""20 char_level 4 * + skill_level 20 char_level 4 * + * 10 / +""]","[""add"",[""divide"",[""multiply"",[""number"",""4""],[""variable"",""char_level""],[""variable"",""skill_level""]],[""number"",""10""]],[""multiply"",[""number"",""4""],[""variable"",""char_level""]],[""number"",""20""]]","[[""add"",[""divide"",[""multiply"",[""add"",[""multiply"",[""number"",""4""],[""variable"",""char_level""]],[""number"",""20""]],[""variable"",""skill_level""]],[""number"",""10""]],[""multiply"",[""number"",""4""],[""variable"",""char_level""]],[""number"",""20""]]]",differs,bango-differs-from-legacy,Value or formula differs; source-version attribution remains open.
perfectdefense,Perfect Defense,Perfect defense,knight-38,1,knight,13,normalized-name-and-class,sk_range,range,game_units,2,gitbook-verified-for-class,"[""70"",""0""]","[""43"",""0""]",0,"[""0""]","[""0""]","[""number"",""0""]","[[""number"",""0""]]",same,,Canonical arithmetic expressions are semantically identical.
perfectdefense,Perfect Defense,Perfect defense,knight-38,1,knight,13,normalized-name-and-class,sk_charge,cast_time,milliseconds,3,gitbook-verified-for-class,"[""70"",""0""]","[""43"",""0""]",0,"[""1000""]","[""1000""]","[""number"",""0""]","[[""number"",""1000""]]",differs,bango-differs-from-legacy,Value or formula differs; source-version attribution remains open.
perfectdefense,Perfect Defense,Perfect defense,knight-38,1,knight,13,normalized-name-and-class,sk_coold,cooldown,milliseconds,4,gitbook-verified-for-class,"[""70"",""0""]","[""43"",""0""]",320000 sk_lvl 20000 * -,"[""300000""]","[""300000""]","[""subtract"",[""number"",""320000""],[""multiply"",[""number"",""20000""],[""variable"",""skill_level""]]]","[[""number"",""300000""]]",differs,bango-differs-from-legacy,Value or formula differs; source-version attribution remains open.
spinslash,Spin Slash,Spin Slash,knight-40,1,knight,12,normalized-name-and-class,sk_mana,mana_or_energy,game_units,1,verified-ability-text-and-gitbook,"[""70"",""0""]","[""23"",""0""]",50 ch_lvl 2 * + sk_lvl ch_lvl 2 * 50 + * 10 / +,"[[""plus"",[""plus"",""50"",[""mul"",""char_level"",""2""]],[""div"",""10"",[""mul"",""skill_level"",[""plus"",""50"",[""mul"",""char_level"",""2""]]]]]]","[""50 char_level 2 * + 10 skill_level 50 char_level 2 * + * / +""]","[""add"",[""divide"",[""multiply"",[""add"",[""multiply"",[""number"",""2""],[""variable"",""char_level""]],[""number"",""50""]],[""variable"",""skill_level""]],[""number"",""10""]],[""multiply"",[""number"",""2""],[""variable"",""char_level""]],[""number"",""50""]]","[[""add"",[""divide"",[""number"",""10""],[""multiply"",[""add"",[""multiply"",[""number"",""2""],[""variable"",""char_level""]],[""number"",""50""]],[""variable"",""skill_level""]]],[""multiply"",[""number"",""2""],[""variable"",""char_level""]],[""number"",""50""]]]",differs,bango-differs-from-legacy,Value or formula differs; source-version attribution remains open.
spinslash,Spin Slash,Spin Slash,knight-40,1,knight,12,normalized-name-and-class,sk_range,range,game_units,2,gitbook-verified-for-class,"[""70"",""0""]","[""23"",""0""]",0,"[""weapon_range""]","[""weapon_range""]","[""number"",""0""]","[[""variable"",""weapon_range""]]",encoding-only,,Legacy melee range sentinel 0; Bango names the dynamic weapon_range symbol.
spinslash,Spin Slash,Spin Slash,knight-40,1,knight,12,normalized-name-and-class,sk_charge,cast_time,milliseconds,3,gitbook-verified-for-class,"[""70"",""0""]","[""23"",""0""]",0,"[""0""]","[""0""]","[""number"",""0""]","[[""number"",""0""]]",same,,Canonical arithmetic expressions are semantically identical.
spinslash,Spin Slash,Spin Slash,knight-40,1,knight,12,normalized-name-and-class,sk_coold,cooldown,milliseconds,4,gitbook-verified-for-class,"[""70"",""0""]","[""23"",""0""]",30000,"[""30000""]","[""30000""]","[""number"",""30000""]","[[""number"",""30000""]]",same,,Canonical arithmetic expressions are semantically identical.
powerfulwideningwound,Powerful Widening Wound,Powerful Widening Wound,knight-41,1,knight,11,normalized-name-and-class,sk_mana,mana_or_energy,game_units,1,verified-ability-text-and-gitbook,"[""56"",""0""]","[""11"",""0""]",0,"[[""plus"",""30"",""skill_level""]]","[""30 skill_level +""]","[""number"",""0""]","[[""add"",[""number"",""30""],[""variable"",""skill_level""]]]",differs,bango-differs-from-legacy,Value or formula differs; source-version attribution remains open.
powerfulwideningwound,Powerful Widening Wound,Powerful Widening Wound,knight-41,1,knight,11,normalized-name-and-class,sk_range,range,game_units,2,gitbook-verified-for-class,"[""56"",""0""]","[""11"",""0""]",0,"[""weapon_range""]","[""weapon_range""]","[""number"",""0""]","[[""variable"",""weapon_range""]]",encoding-only,,Legacy melee range sentinel 0; Bango names the dynamic weapon_range symbol.
powerfulwideningwound,Powerful Widening Wound,Powerful Widening Wound,knight-41,1,knight,11,normalized-name-and-class,sk_charge,cast_time,milliseconds,3,gitbook-verified-for-class,"[""56"",""0""]","[""11"",""0""]",0,"[""0""]","[""0""]","[""number"",""0""]","[[""number"",""0""]]",same,,Canonical arithmetic expressions are semantically identical.
powerfulwideningwound,Powerful Widening Wound,Powerful Widening Wound,knight-41,1,knight,11,normalized-name-and-class,sk_coold,cooldown,milliseconds,4,gitbook-verified-for-class,"[""56"",""0""]","[""11"",""0""]",700,"[""weapon_speed""]","[""weapon_speed""]","[""number"",""700""]","[[""variable"",""weapon_speed""]]",differs,bango-differs-from-legacy,Value or formula differs; source-version attribution remains open.
artillery,Artillery,Artillery,knight-80,1,knight,10|11,normalized-name-and-class,sk_mana,mana_or_energy,game_units,1,verified-ability-text-and-gitbook,"[""50"",""0""]","[""7"",""0""]",0,"[""0""]","[""0""]","[""number"",""0""]","[[""number"",""0""]]",same,,Canonical arithmetic expressions are semantically identical.
artillery,Artillery,Artillery,knight-80,1,knight,10|11,normalized-name-and-class,sk_range,range,game_units,2,gitbook-verified-for-class,"[""50"",""0""]","[""7"",""0""]",0,"[""0""]","[""0""]","[""number"",""0""]","[[""number"",""0""]]",same,,Canonical arithmetic expressions are semantically identical.
artillery,Artillery,Artillery,knight-80,1,knight,10|11,normalized-name-and-class,sk_charge,cast_time,milliseconds,3,gitbook-verified-for-class,"[""50"",""0""]","[""7"",""0""]",0,"[""0""]","[""0""]","[""number"",""0""]","[[""number"",""0""]]",same,,Canonical arithmetic expressions are semantically identical.
artillery,Artillery,Artillery,knight-80,1,knight,10|11,normalized-name-and-class,sk_coold,cooldown,milliseconds,4,gitbook-verified-for-class,"[""50"",""0""]","[""7"",""0""]",0,"[""0""]","[""0""]","[""number"",""0""]","[[""number"",""0""]]",same,,Canonical arithmetic expressions are semantically identical.
artillery,Artillery,Artillery,knight-81,1,knight,10|11,normalized-name-and-class,sk_mana,mana_or_energy,game_units,1,verified-ability-text-and-gitbook,"[""50"",""0""]","[""11"",""0""]",0,"[""0""]","[""0""]","[""number"",""0""]","[[""number"",""0""]]",same,,Canonical arithmetic expressions are semantically identical.
artillery,Artillery,Artillery,knight-81,1,knight,10|11,normalized-name-and-class,sk_range,range,game_units,2,gitbook-verified-for-class,"[""50"",""0""]","[""11"",""0""]",0,"[""0""]","[""0""]","[""number"",""0""]","[[""number"",""0""]]",same,,Canonical arithmetic expressions are semantically identical.
artillery,Artillery,Artillery,knight-81,1,knight,10|11,normalized-name-and-class,sk_charge,cast_time,milliseconds,3,gitbook-verified-for-class,"[""50"",""0""]","[""11"",""0""]",0,"[""0""]","[""0""]","[""number"",""0""]","[[""number"",""0""]]",same,,Canonical arithmetic expressions are semantically identical.
artillery,Artillery,Artillery,knight-81,1,knight,10|11,normalized-name-and-class,sk_coold,cooldown,milliseconds,4,gitbook-verified-for-class,"[""50"",""0""]","[""11"",""0""]",0,"[""0""]","[""0""]","[""number"",""0""]","[[""number"",""0""]]",same,,Canonical arithmetic expressions are semantically identical.
firemagic,Fire Magic,Fire Magic,mage-2,1,mage,1,normalized-name-and-class,sk_mana,mana_or_energy,game_units,1,verified-ability-text-and-gitbook,"[""8"",""0""]","[""1"",""0""]",7 sk_lvl 4 / +,"[[""plus"",""7"",[""div"",""skill_level"",""4""]]]","[""7 skill_level 4 / +""]","[""add"",[""divide"",[""variable"",""skill_level""],[""number"",""4""]],[""number"",""7""]]","[[""add"",[""divide"",[""variable"",""skill_level""],[""number"",""4""]],[""number"",""7""]]]",same,,Canonical arithmetic expressions are semantically identical.
firemagic,Fire Magic,Fire Magic,mage-2,1,mage,1,normalized-name-and-class,sk_range,range,game_units,2,gitbook-verified-for-class,"[""8"",""0""]","[""1"",""0""]",110 sk_lvl 3 * +,"[[""plus"",""110"",[""mul"",""3"",""skill_level""]]]","[""110 3 skill_level * +""]","[""add"",[""multiply"",[""number"",""3""],[""variable"",""skill_level""]],[""number"",""110""]]","[[""add"",[""multiply"",[""number"",""3""],[""variable"",""skill_level""]],[""number"",""110""]]]",same,,Canonical arithmetic expressions are semantically identical.
firemagic,Fire Magic,Fire Magic,mage-2,1,mage,1,normalized-name-and-class,sk_charge,cast_time,milliseconds,3,gitbook-verified-for-class,"[""8"",""0""]","[""1"",""0""]",1300,"[[""minus"",""1300"",[""div"",[""mul"",""1300"",[""mul"",""fire_mastery"",""5""]],""100""]]]","[""1300 1300 fire_mastery 5 * * 100 / -""]","[""number"",""1300""]","[[""subtract"",[""number"",""1300""],[""divide"",[""multiply"",[""number"",""6500""],[""variable"",""fire_mastery""]],[""number"",""100""]]]]",differs,bango-differs-from-legacy,Value or formula differs; source-version attribution remains open.
firemagic,Fire Magic,Fire Magic,mage-2,1,mage,1,normalized-name-and-class,sk_coold,cooldown,milliseconds,4,gitbook-verified-for-class,"[""8"",""0""]","[""1"",""0""]",600,"[""600""]","[""600""]","[""number"",""600""]","[[""number"",""600""]]",same,,Canonical arithmetic expressions are semantically identical.
icemagic,Ice Magic,Ice Magic,mage-3,1,mage,1,normalized-name-and-class,sk_mana,mana_or_energy,game_units,1,verified-ability-text-and-gitbook,"[""3"",""0""]","[""1"",""0""]",6 sk_lvl 4 / +,"[[""plus"",""6"",[""div"",""skill_level"",""4""]]]","[""6 skill_level 4 / +""]","[""add"",[""divide"",[""variable"",""skill_level""],[""number"",""4""]],[""number"",""6""]]","[[""add"",[""divide"",[""variable"",""skill_level""],[""number"",""4""]],[""number"",""6""]]]",same,,Canonical arithmetic expressions are semantically identical.
icemagic,Ice Magic,Ice Magic,mage-3,1,mage,1,normalized-name-and-class,sk_range,range,game_units,2,gitbook-verified-for-class,"[""3"",""0""]","[""1"",""0""]",120 sk_lvl 4 * +,"[[""plus"",""120"",[""mul"",""4"",""skill_level""]]]","[""120 4 skill_level * +""]","[""add"",[""multiply"",[""number"",""4""],[""variable"",""skill_level""]],[""number"",""120""]]","[[""add"",[""multiply"",[""number"",""4""],[""variable"",""skill_level""]],[""number"",""120""]]]",same,,Canonical arithmetic expressions are semantically identical.
icemagic,Ice Magic,Ice Magic,mage-3,1,mage,1,normalized-name-and-class,sk_charge,cast_time,milliseconds,3,gitbook-verified-for-class,"[""3"",""0""]","[""1"",""0""]",800,"[""800""]","[""800""]","[""number"",""800""]","[[""number"",""800""]]",same,,Canonical arithmetic expressions are semantically identical.
icemagic,Ice Magic,Ice Magic,mage-3,1,mage,1,normalized-name-and-class,sk_coold,cooldown,milliseconds,4,gitbook-verified-for-class,"[""3"",""0""]","[""1"",""0""]",600,"[""600""]","[""600""]","[""number"",""600""]","[[""number"",""600""]]",same,,Canonical arithmetic expressions are semantically identical.
lightningmagic,Lightning Magic,Lightning Magic,mage-4,1,mage,1,normalized-name-and-class,sk_mana,mana_or_energy,game_units,1,verified-ability-text-and-gitbook,"[""1"",""0""]","[""1"",""0""]",2 sk_lvl 2 / +,"[[""plus"",""2"",[""div"",""skill_level"",""2""]]]","[""2 skill_level 2 / +""]","[""add"",[""divide"",[""variable"",""skill_level""],[""number"",""2""]],[""number"",""2""]]","[[""add"",[""divide"",[""variable"",""skill_level""],[""number"",""2""]],[""number"",""2""]]]",same,,Canonical arithmetic expressions are semantically identical.
lightningmagic,Lightning Magic,Lightning Magic,mage-4,1,mage,1,normalized-name-and-class,sk_range,range,game_units,2,gitbook-verified-for-class,"[""1"",""0""]","[""1"",""0""]",110 sk_lvl 6 * +,"[[""plus"",""110"",[""mul"",""6"",""skill_level""]]]","[""110 6 skill_level * +""]","[""add"",[""multiply"",[""number"",""6""],[""variable"",""skill_level""]],[""number"",""110""]]","[[""add"",[""multiply"",[""number"",""6""],[""variable"",""skill_level""]],[""number"",""110""]]]",same,,Canonical arithmetic expressions are semantically identical.
lightningmagic,Lightning Magic,Lightning Magic,mage-4,1,mage,1,normalized-name-and-class,sk_charge,cast_time,milliseconds,3,gitbook-verified-for-class,"[""1"",""0""]","[""1"",""0""]",600,"[""600""]","[""600""]","[""number"",""600""]","[[""number"",""600""]]",same,,Canonical arithmetic expressions are semantically identical.
lightningmagic,Lightning Magic,Lightning Magic,mage-4,1,mage,1,normalized-name-and-class,sk_coold,cooldown,milliseconds,4,gitbook-verified-for-class,"[""1"",""0""]","[""1"",""0""]",600,"[""600""]","[""600""]","[""number"",""600""]","[[""number"",""600""]]",same,,Canonical arithmetic expressions are semantically identical.
longrangeprotection,Long-range Protection,Long-range Protection,mage-5,1,mage,7,normalized-name-and-class,sk_mana,mana_or_energy,game_units,1,verified-ability-text-and-gitbook,"[""25"",""0""]","[""1"",""1""]",64,"[""64""]","[""64""]","[""number"",""64""]","[[""number"",""64""]]",same,,Canonical arithmetic expressions are semantically identical.
longrangeprotection,Long-range Protection,Long-range Protection,mage-5,1,mage,7,normalized-name-and-class,sk_range,range,game_units,2,gitbook-verified-for-class,"[""25"",""0""]","[""1"",""1""]",180,"[""180""]","[""180""]","[""number"",""180""]","[[""number"",""180""]]",same,,Canonical arithmetic expressions are semantically identical.
longrangeprotection,Long-range Protection,Long-range Protection,mage-5,1,mage,7,normalized-name-and-class,sk_charge,cast_time,milliseconds,3,gitbook-verified-for-class,"[""25"",""0""]","[""1"",""1""]",800,"[""800""]","[""800""]","[""number"",""800""]","[[""number"",""800""]]",same,,Canonical arithmetic expressions are semantically identical.
longrangeprotection,Long-range Protection,Long-range Protection,mage-5,1,mage,7,normalized-name-and-class,sk_coold,cooldown,milliseconds,4,gitbook-verified-for-class,"[""25"",""0""]","[""1"",""1""]",5000,"[""5000""]","[""5000""]","[""number"",""5000""]","[[""number"",""5000""]]",same,,Canonical arithmetic expressions are semantically identical.
heal,Heal,Heal,mage-8,1,mage,1,normalized-name-and-class,sk_mana,mana_or_energy,game_units,1,verified-ability-text-and-gitbook,"[""7"",""0""]","[""1"",""0""]",6 sk_lvl 6 * +,"[[""plus"",""6"",[""mul"",""skill_level"",""6""]]]","[""6 skill_level 6 * +""]","[""add"",[""multiply"",[""number"",""6""],[""variable"",""skill_level""]],[""number"",""6""]]","[[""add"",[""multiply"",[""number"",""6""],[""variable"",""skill_level""]],[""number"",""6""]]]",same,,Canonical arithmetic expressions are semantically identical.
heal,Heal,Heal,mage-8,1,mage,1,normalized-name-and-class,sk_charge,cast_time,milliseconds,3,gitbook-verified-for-class,"[""7"",""0""]","[""1"",""0""]",0,"[""0""]","[""0""]","[""number"",""0""]","[[""number"",""0""]]",same,,Canonical arithmetic expressions are semantically identical.
heal,Heal,Heal,mage-8,1,mage,1,normalized-name-and-class,sk_coold,cooldown,milliseconds,4,gitbook-verified-for-class,"[""7"",""0""]","[""1"",""0""]",4200,"[""4200""]","[""4200""]","[""number"",""4200""]","[[""number"",""4200""]]",same,,Canonical arithmetic expressions are semantically identical.
shockwave,Shock Wave,Shock Wave,mage-9,1,mage,2,normalized-name-and-class,sk_mana,mana_or_energy,game_units,1,verified-ability-text-and-gitbook,"[""31"",""0""]","[""3"",""0""]",56 sk_lvl 6 * +,"[[""plus"",""56"",[""mul"",""skill_level"",""6""]]]","[""56 skill_level 6 * +""]","[""add"",[""multiply"",[""number"",""6""],[""variable"",""skill_level""]],[""number"",""56""]]","[[""add"",[""multiply"",[""number"",""6""],[""variable"",""skill_level""]],[""number"",""56""]]]",same,,Canonical arithmetic expressions are semantically identical.
shockwave,Shock Wave,Shock Wave,mage-9,1,mage,2,normalized-name-and-class,sk_range,range,game_units,2,gitbook-verified-for-class,"[""31"",""0""]","[""3"",""0""]",32,"[""32""]","[""32""]","[""number"",""32""]","[[""number"",""32""]]",same,,Canonical arithmetic expressions are semantically identical.
shockwave,Shock Wave,Shock Wave,mage-9,1,mage,2,normalized-name-and-class,sk_charge,cast_time,milliseconds,3,gitbook-verified-for-class,"[""31"",""0""]","[""3"",""0""]",0,"[""0""]","[""0""]","[""number"",""0""]","[[""number"",""0""]]",same,,Canonical arithmetic expressions are semantically identical.
shockwave,Shock Wave,Shock Wave,mage-9,1,mage,2,normalized-name-and-class,sk_coold,cooldown,milliseconds,4,gitbook-verified-for-class,"[""31"",""0""]","[""3"",""0""]",1200,"[""1200""]","[""1200""]","[""number"",""1200""]","[[""number"",""1200""]]",same,,Canonical arithmetic expressions are semantically identical.
cure,Cure,Cure,mage-10,1,mage,1,normalized-name-and-class,sk_mana,mana_or_energy,game_units,1,verified-ability-text-and-gitbook,"[""16"",""0""]","[""1"",""0""]",8 sk_lvl 3 * +,"[[""plus"",""8"",[""mul"",""skill_level"",""2""]]]","[""8 skill_level 2 * +""]","[""add"",[""multiply"",[""number"",""3""],[""variable"",""skill_level""]],[""number"",""8""]]","[[""add"",[""multiply"",[""number"",""2""],[""variable"",""skill_level""]],[""number"",""8""]]]",differs,bango-differs-from-legacy,Value or formula differs; source-version attribution remains open.
cure,Cure,Cure,mage-10,1,mage,1,normalized-name-and-class,sk_range,range,game_units,2,gitbook-verified-for-class,"[""16"",""0""]","[""1"",""0""]",130 sk_lvl 3 * +,"[[""plus"",""130"",[""mul"",""skill_level"",""3""]]]","[""130 skill_level 3 * +""]","[""add"",[""multiply"",[""number"",""3""],[""variable"",""skill_level""]],[""number"",""130""]]","[[""add"",[""multiply"",[""number"",""3""],[""variable"",""skill_level""]],[""number"",""130""]]]",same,,Canonical arithmetic expressions are semantically identical.
cure,Cure,Cure,mage-10,1,mage,1,normalized-name-and-class,sk_charge,cast_time,milliseconds,3,gitbook-verified-for-class,"[""16"",""0""]","[""1"",""0""]",1800,"[""1800""]","[""1800""]","[""number"",""1800""]","[[""number"",""1800""]]",same,,Canonical arithmetic expressions are semantically identical.
cure,Cure,Cure,mage-10,1,mage,1,normalized-name-and-class,sk_coold,cooldown,milliseconds,4,gitbook-verified-for-class,"[""16"",""0""]","[""1"",""0""]",600,"[""600""]","[""600""]","[""number"",""600""]","[[""number"",""600""]]",same,,Canonical arithmetic expressions are semantically identical.
meditation,Meditation,Meditation,mage-14,1,mage,2,normalized-name-and-class,sk_mana,mana_or_energy,game_units,1,verified-ability-text-and-gitbook,"[""32"",""0""]","[""3"",""0""]",0,"[[""minus"",""char_level"",[""mul"",""skill_level"",""9""]]]","[""char_level skill_level 9 * -""]","[""number"",""0""]","[[""subtract"",[""variable"",""char_level""],[""multiply"",[""number"",""9""],[""variable"",""skill_level""]]]]",differs,bango-differs-from-legacy,Value or formula differs; source-version attribution remains open.
meditation,Meditation,Meditation,mage-14,1,mage,2,normalized-name-and-class,sk_charge,cast_time,milliseconds,3,gitbook-verified-for-class,"[""32"",""0""]","[""3"",""0""]",0,"[""0""]","[""0""]","[""number"",""0""]","[[""number"",""0""]]",same,,Canonical arithmetic expressions are semantically identical.
meditation,Meditation,Meditation,mage-14,1,mage,2,normalized-name-and-class,sk_coold,cooldown,milliseconds,4,gitbook-verified-for-class,"[""32"",""0""]","[""3"",""0""]",0,"[""55000""]","[""55000""]","[""number"",""0""]","[[""number"",""55000""]]",differs,bango-differs-from-legacy,Value or formula differs; source-version attribution remains open.
cure2,Cure 2,Cure 2,mage-21,1,mage,2,normalized-name-and-class,sk_mana,mana_or_energy,game_units,1,verified-ability-text-and-gitbook,"[""36"",""0""]","[""3"",""0""]",39 sk_lvl 3 * +,"[[""plus"",""39"",[""mul"",""skill_level"",""3""]]]","[""39 skill_level 3 * +""]","[""add"",[""multiply"",[""number"",""3""],[""variable"",""skill_level""]],[""number"",""39""]]","[[""add"",[""multiply"",[""number"",""3""],[""variable"",""skill_level""]],[""number"",""39""]]]",same,,Canonical arithmetic expressions are semantically identical.
cure2,Cure 2,Cure 2,mage-21,1,mage,2,normalized-name-and-class,sk_range,range,game_units,2,gitbook-verified-for-class,"[""36"",""0""]","[""3"",""0""]",170 sk_lvl 4 * +,"[[""plus"",""170"",[""mul"",""skill_level"",""4""]]]","[""170 skill_level 4 * +""]","[""add"",[""multiply"",[""number"",""4""],[""variable"",""skill_level""]],[""number"",""170""]]","[[""add"",[""multiply"",[""number"",""4""],[""variable"",""skill_level""]],[""number"",""170""]]]",same,,Canonical arithmetic expressions are semantically identical.
cure2,Cure 2,Cure 2,mage-21,1,mage,2,normalized-name-and-class,sk_charge,cast_time,milliseconds,3,gitbook-verified-for-class,"[""36"",""0""]","[""3"",""0""]",1500,"[""1500""]","[""1500""]","[""number"",""1500""]","[[""number"",""1500""]]",same,,Canonical arithmetic expressions are semantically identical.
cure2,Cure 2,Cure 2,mage-21,1,mage,2,normalized-name-and-class,sk_coold,cooldown,milliseconds,4,gitbook-verified-for-class,"[""36"",""0""]","[""3"",""0""]",600,"[""600""]","[""600""]","[""number"",""600""]","[[""number"",""600""]]",same,,Canonical arithmetic expressions are semantically identical.
lightningblow,Lightning Blow,Lightning Blow,mage-22,1,mage,1,normalized-name-and-class,sk_mana,mana_or_energy,game_units,1,verified-ability-text-and-gitbook,"[""21"",""0""]","[""1"",""0""]",sk_lvl 12 +,"[[""plus"",""12"",""skill_level""]]","[""12 skill_level +""]","[""add"",[""number"",""12""],[""variable"",""skill_level""]]","[[""add"",[""number"",""12""],[""variable"",""skill_level""]]]",same,,Canonical arithmetic expressions are semantically identical.
lightningblow,Lightning Blow,Lightning Blow,mage-22,1,mage,1,normalized-name-and-class,sk_range,range,game_units,2,gitbook-verified-for-class,"[""21"",""0""]","[""1"",""0""]",120 sk_lvl 6 * +,"[[""plus"",""120"",[""mul"",""skill_level"",""6""]]]","[""120 skill_level 6 * +""]","[""add"",[""multiply"",[""number"",""6""],[""variable"",""skill_level""]],[""number"",""120""]]","[[""add"",[""multiply"",[""number"",""6""],[""variable"",""skill_level""]],[""number"",""120""]]]",same,,Canonical arithmetic expressions are semantically identical.
lightningblow,Lightning Blow,Lightning Blow,mage-22,1,mage,1,normalized-name-and-class,sk_charge,cast_time,milliseconds,3,gitbook-verified-for-class,"[""21"",""0""]","[""1"",""0""]",700,"[""700""]","[""700""]","[""number"",""700""]","[[""number"",""700""]]",same,,Canonical arithmetic expressions are semantically identical.
lightningblow,Lightning Blow,Lightning Blow,mage-22,1,mage,1,normalized-name-and-class,sk_coold,cooldown,milliseconds,4,gitbook-verified-for-class,"[""21"",""0""]","[""1"",""0""]",600,"[""600""]","[""600""]","[""number"",""600""]","[[""number"",""600""]]",same,,Canonical arithmetic expressions are semantically identical.
splashyice,Splashy Ice,Splashy Ice,mage-23,1,mage,2,normalized-name-and-class,sk_mana,mana_or_energy,game_units,1,verified-ability-text-and-gitbook,"[""34"",""0""]","[""3"",""0""]",42 sk_lvl 6 * +,"[[""plus"",""43"",[""mul"",""skill_level"",""6""]]]","[""43 skill_level 6 * +""]","[""add"",[""multiply"",[""number"",""6""],[""variable"",""skill_level""]],[""number"",""42""]]","[[""add"",[""multiply"",[""number"",""6""],[""variable"",""skill_level""]],[""number"",""43""]]]",differs,bango-differs-from-legacy,Value or formula differs; source-version attribution remains open.
splashyice,Splashy Ice,Splashy Ice,mage-23,1,mage,2,normalized-name-and-class,sk_range,range,game_units,2,gitbook-verified-for-class,"[""34"",""0""]","[""3"",""0""]",64,"[""64""]","[""64""]","[""number"",""64""]","[[""number"",""64""]]",same,,Canonical arithmetic expressions are semantically identical.
splashyice,Splashy Ice,Splashy Ice,mage-23,1,mage,2,normalized-name-and-class,sk_charge,cast_time,milliseconds,3,gitbook-verified-for-class,"[""34"",""0""]","[""3"",""0""]",900,"[""900""]","[""900""]","[""number"",""900""]","[[""number"",""900""]]",same,,Canonical arithmetic expressions are semantically identical.
splashyice,Splashy Ice,Splashy Ice,mage-23,1,mage,2,normalized-name-and-class,sk_coold,cooldown,milliseconds,4,gitbook-verified-for-class,"[""34"",""0""]","[""3"",""0""]",600,"[""600""]","[""600""]","[""number"",""600""]","[[""number"",""600""]]",same,,Canonical arithmetic expressions are semantically identical.
fireblow,Fire Blow,Fire Blow,mage-24,1,mage,2,normalized-name-and-class,sk_mana,mana_or_energy,game_units,1,verified-ability-text-and-gitbook,"[""33"",""0""]","[""3"",""0""]",32 sk_lvl 6 * +,"[[""plus"",""32"",[""mul"",""skill_level"",""6""]]]","[""32 skill_level 6 * +""]","[""add"",[""multiply"",[""number"",""6""],[""variable"",""skill_level""]],[""number"",""32""]]","[[""add"",[""multiply"",[""number"",""6""],[""variable"",""skill_level""]],[""number"",""32""]]]",same,,Canonical arithmetic expressions are semantically identical.
fireblow,Fire Blow,Fire Blow,mage-24,1,mage,2,normalized-name-and-class,sk_range,range,game_units,2,gitbook-verified-for-class,"[""33"",""0""]","[""3"",""0""]",180,"[""180""]","[""180""]","[""number"",""180""]","[[""number"",""180""]]",same,,Canonical arithmetic expressions are semantically identical.
fireblow,Fire Blow,Fire Blow,mage-24,1,mage,2,normalized-name-and-class,sk_charge,cast_time,milliseconds,3,gitbook-verified-for-class,"[""33"",""0""]","[""3"",""0""]",2100,"[""2100""]","[""2100""]","[""number"",""2100""]","[[""number"",""2100""]]",same,,Canonical arithmetic expressions are semantically identical.
fireblow,Fire Blow,Fire Blow,mage-24,1,mage,2,normalized-name-and-class,sk_coold,cooldown,milliseconds,4,gitbook-verified-for-class,"[""33"",""0""]","[""3"",""0""]",600,"[""600""]","[""600""]","[""number"",""600""]","[[""number"",""600""]]",same,,Canonical arithmetic expressions are semantically identical.
speedup,Speed Up,Speed Up,mage-25,1,mage,2,normalized-name-and-class,sk_mana,mana_or_energy,game_units,1,verified-ability-text-and-gitbook,"[""36"",""0""]","[""3"",""0""]",82 sk_lvl 8 * +,"[[""plus"",""82"",[""mul"",""skill_level"",""8""]]]","[""82 skill_level 8 * +""]","[""add"",[""multiply"",[""number"",""8""],[""variable"",""skill_level""]],[""number"",""82""]]","[[""add"",[""multiply"",[""number"",""8""],[""variable"",""skill_level""]],[""number"",""82""]]]",same,,Canonical arithmetic expressions are semantically identical.
speedup,Speed Up,Speed Up,mage-25,1,mage,2,normalized-name-and-class,sk_range,range,game_units,2,gitbook-verified-for-class,"[""36"",""0""]","[""3"",""0""]",160,"[""160""]","[""160""]","[""number"",""160""]","[[""number"",""160""]]",same,,Canonical arithmetic expressions are semantically identical.
speedup,Speed Up,Speed Up,mage-25,1,mage,2,normalized-name-and-class,sk_charge,cast_time,milliseconds,3,gitbook-verified-for-class,"[""36"",""0""]","[""3"",""0""]",2300,"[""2300""]","[""2300""]","[""number"",""2300""]","[[""number"",""2300""]]",same,,Canonical arithmetic expressions are semantically identical.
speedup,Speed Up,Speed Up,mage-25,1,mage,2,normalized-name-and-class,sk_coold,cooldown,milliseconds,4,gitbook-verified-for-class,"[""36"",""0""]","[""3"",""0""]",600,"[""600""]","[""600""]","[""number"",""600""]","[[""number"",""600""]]",same,,Canonical arithmetic expressions are semantically identical.
frost,Frost,Frost,mage-26,1,mage,2,normalized-name-and-class,sk_mana,mana_or_energy,game_units,1,verified-ability-text-and-gitbook,"[""43"",""0""]","[""3"",""0""]",47,"[""47""]","[""47""]","[""number"",""47""]","[[""number"",""47""]]",same,,Canonical arithmetic expressions are semantically identical.
frost,Frost,Frost,mage-26,1,mage,2,normalized-name-and-class,sk_range,range,game_units,2,gitbook-verified-for-class,"[""43"",""0""]","[""3"",""0""]",230,"[""230""]","[""230""]","[""number"",""230""]","[[""number"",""230""]]",same,,Canonical arithmetic expressions are semantically identical.
frost,Frost,Frost,mage-26,1,mage,2,normalized-name-and-class,sk_charge,cast_time,milliseconds,3,gitbook-verified-for-class,"[""43"",""0""]","[""3"",""0""]",2000,"[""2000""]","[""2000""]","[""number"",""2000""]","[[""number"",""2000""]]",same,,Canonical arithmetic expressions are semantically identical.
frost,Frost,Frost,mage-26,1,mage,2,normalized-name-and-class,sk_coold,cooldown,milliseconds,4,gitbook-verified-for-class,"[""43"",""0""]","[""3"",""0""]",600,"[""600""]","[""600""]","[""number"",""600""]","[[""number"",""600""]]",same,,Canonical arithmetic expressions are semantically identical.
groupcure,Group Cure,Group Cure,mage-27,1,mage,2,normalized-name-and-class,sk_mana,mana_or_energy,game_units,1,verified-ability-text-and-gitbook,"[""47"",""0""]","[""3"",""0""]",58 sk_lvl 4 * +,"[[""plus"",""58"",[""mul"",""skill_level"",""4""]]]","[""58 skill_level 4 * +""]","[""add"",[""multiply"",[""number"",""4""],[""variable"",""skill_level""]],[""number"",""58""]]","[[""add"",[""multiply"",[""number"",""4""],[""variable"",""skill_level""]],[""number"",""58""]]]",same,,Canonical arithmetic expressions are semantically identical.
groupcure,Group Cure,Group Cure,mage-27,1,mage,2,normalized-name-and-class,sk_range,range,game_units,2,gitbook-verified-for-class,"[""47"",""0""]","[""3"",""0""]",0,"[""0""]","[""0""]","[""number"",""0""]","[[""number"",""0""]]",same,,Canonical arithmetic expressions are semantically identical.
groupcure,Group Cure,Group Cure,mage-27,1,mage,2,normalized-name-and-class,sk_charge,cast_time,milliseconds,3,gitbook-verified-for-class,"[""47"",""0""]","[""3"",""0""]",1200,"[""1200""]","[""1200""]","[""number"",""1200""]","[[""number"",""1200""]]",same,,Canonical arithmetic expressions are semantically identical.
groupcure,Group Cure,Group Cure,mage-27,1,mage,2,normalized-name-and-class,sk_coold,cooldown,milliseconds,4,gitbook-verified-for-class,"[""47"",""0""]","[""3"",""0""]",600,"[""600""]","[""600""]","[""number"",""600""]","[[""number"",""600""]]",same,,Canonical arithmetic expressions are semantically identical.
restore,Restore,Restore,mage-28,1,mage,2,normalized-name-and-class,sk_mana,mana_or_energy,game_units,1,verified-ability-text-and-gitbook,"[""42"",""0""]","[""3"",""0""]",112,"[""112""]","[""112""]","[""number"",""112""]","[[""number"",""112""]]",same,,Canonical arithmetic expressions are semantically identical.
restore,Restore,Restore,mage-28,1,mage,2,normalized-name-and-class,sk_range,range,game_units,2,gitbook-verified-for-class,"[""42"",""0""]","[""3"",""0""]",180,"[""180""]","[""180""]","[""number"",""180""]","[[""number"",""180""]]",same,,Canonical arithmetic expressions are semantically identical.
restore,Restore,Restore,mage-28,1,mage,2,normalized-name-and-class,sk_charge,cast_time,milliseconds,3,gitbook-verified-for-class,"[""42"",""0""]","[""3"",""0""]",0,"[""0""]","[""0""]","[""number"",""0""]","[[""number"",""0""]]",same,,Canonical arithmetic expressions are semantically identical.
restore,Restore,Restore,mage-28,1,mage,2,normalized-name-and-class,sk_coold,cooldown,milliseconds,4,gitbook-verified-for-class,"[""42"",""0""]","[""3"",""0""]",90000,"[""90000""]","[""90000""]","[""number"",""90000""]","[[""number"",""90000""]]",same,,Canonical arithmetic expressions are semantically identical.
lightningsummons,Lightning Summons,Lightning Summons,mage-29,1,mage,3,normalized-name-and-class,sk_mana,mana_or_energy,game_units,1,verified-ability-text-and-gitbook,"[""53"",""57"",""0""]","[""7"",""0""]",22 sk_lvl 4 * +,"[[""plus"",""22"",[""mul"",""skill_level"",""4""]]]","[""22 skill_level 4 * +""]","[""add"",[""multiply"",[""number"",""4""],[""variable"",""skill_level""]],[""number"",""22""]]","[[""add"",[""multiply"",[""number"",""4""],[""variable"",""skill_level""]],[""number"",""22""]]]",same,,Canonical arithmetic expressions are semantically identical.
lightningsummons,Lightning Summons,Lightning Summons,mage-29,1,mage,3,normalized-name-and-class,sk_range,range,game_units,2,gitbook-verified-for-class,"[""53"",""57"",""0""]","[""7"",""0""]",190,"[""190""]","[""190""]","[""number"",""190""]","[[""number"",""190""]]",same,,Canonical arithmetic expressions are semantically identical.
lightningsummons,Lightning Summons,Lightning Summons,mage-29,1,mage,3,normalized-name-and-class,sk_charge,cast_time,milliseconds,3,gitbook-verified-for-class,"[""53"",""57"",""0""]","[""7"",""0""]",800,"[""800""]","[""800""]","[""number"",""800""]","[[""number"",""800""]]",same,,Canonical arithmetic expressions are semantically identical.
lightningsummons,Lightning Summons,Lightning Summons,mage-29,1,mage,3,normalized-name-and-class,sk_coold,cooldown,milliseconds,4,gitbook-verified-for-class,"[""53"",""57"",""0""]","[""7"",""0""]",600,"[""600""]","[""600""]","[""number"",""600""]","[[""number"",""600""]]",same,,Canonical arithmetic expressions are semantically identical.
hail,Hail,Hail,mage-30,1,mage,3,normalized-name-and-class,sk_mana,mana_or_energy,game_units,1,verified-ability-text-and-gitbook,"[""51"",""58"",""64"",""67"",""0""]","[""7"",""0""]",0,"[[""plus"",""12"",[""mul"",""skill_level"",""4""]]]","[""12 skill_level 4 * +""]","[""number"",""0""]","[[""add"",[""multiply"",[""number"",""4""],[""variable"",""skill_level""]],[""number"",""12""]]]",differs,bango-differs-from-legacy,Value or formula differs; source-version attribution remains open.
hail,Hail,Hail,mage-30,1,mage,3,normalized-name-and-class,sk_range,range,game_units,2,gitbook-verified-for-class,"[""51"",""58"",""64"",""67"",""0""]","[""7"",""0""]",0,"[""210""]","[""210""]","[""number"",""0""]","[[""number"",""210""]]",differs,bango-differs-from-legacy,Value or formula differs; source-version attribution remains open.
hail,Hail,Hail,mage-30,1,mage,3,normalized-name-and-class,sk_charge,cast_time,milliseconds,3,gitbook-verified-for-class,"[""51"",""58"",""64"",""67"",""0""]","[""7"",""0""]",0,"[""1000""]","[""1000""]","[""number"",""0""]","[[""number"",""1000""]]",differs,bango-differs-from-legacy,Value or formula differs; source-version attribution remains open.
hail,Hail,Hail,mage-30,1,mage,3,normalized-name-and-class,sk_coold,cooldown,milliseconds,4,gitbook-verified-for-class,"[""51"",""58"",""64"",""67"",""0""]","[""7"",""0""]",0,"[""600""]","[""600""]","[""number"",""0""]","[[""number"",""600""]]",differs,bango-differs-from-legacy,Value or formula differs; source-version attribution remains open.
flamebomb,Flame Bomb,Flame Bomb,mage-31,1,mage,3,normalized-name-and-class,sk_mana,mana_or_energy,game_units,1,verified-ability-text-and-gitbook,"[""52"",""59"",""0""]","[""7"",""0""]",16 sk_lvl 4 * +,"[[""plus"",""16"",[""mul"",""skill_level"",""4""]]]","[""16 skill_level 4 * +""]","[""add"",[""multiply"",[""number"",""4""],[""variable"",""skill_level""]],[""number"",""16""]]","[[""add"",[""multiply"",[""number"",""4""],[""variable"",""skill_level""]],[""number"",""16""]]]",same,,Canonical arithmetic expressions are semantically identical.
flamebomb,Flame Bomb,Flame Bomb,mage-31,1,mage,3,normalized-name-and-class,sk_range,range,game_units,2,gitbook-verified-for-class,"[""52"",""59"",""0""]","[""7"",""0""]",180,"[""180""]","[""180""]","[""number"",""180""]","[[""number"",""180""]]",same,,Canonical arithmetic expressions are semantically identical.
flamebomb,Flame Bomb,Flame Bomb,mage-31,1,mage,3,normalized-name-and-class,sk_charge,cast_time,milliseconds,3,gitbook-verified-for-class,"[""52"",""59"",""0""]","[""7"",""0""]",1300,"[""1300""]","[""1300""]","[""number"",""1300""]","[[""number"",""1300""]]",same,,Canonical arithmetic expressions are semantically identical.
flamebomb,Flame Bomb,Flame Bomb,mage-31,1,mage,3,normalized-name-and-class,sk_coold,cooldown,milliseconds,4,gitbook-verified-for-class,"[""52"",""59"",""0""]","[""7"",""0""]",600,"[""600""]","[""600""]","[""number"",""600""]","[[""number"",""600""]]",same,,Canonical arithmetic expressions are semantically identical.
summons,Summons,Summons,mage-33,1,mage,4,normalized-name-and-class,sk_mana,mana_or_energy,game_units,1,verified-ability-text-and-gitbook,"[""50"",""61"",""68"",""0""]","[""11"",""0""]",230 sk_lvl 30 * +,"[[""plus"",""230"",[""mul"",""skill_level"",""30""]]]","[""230 skill_level 30 * +""]","[""add"",[""multiply"",[""number"",""30""],[""variable"",""skill_level""]],[""number"",""230""]]","[[""add"",[""multiply"",[""number"",""30""],[""variable"",""skill_level""]],[""number"",""230""]]]",same,,Canonical arithmetic expressions are semantically identical.
summons,Summons,Summons,mage-33,1,mage,4,normalized-name-and-class,sk_range,range,game_units,2,gitbook-verified-for-class,"[""50"",""61"",""68"",""0""]","[""11"",""0""]",128 sk_lvl 16 * +,"[[""plus"",""128"",[""mul"",""skill_level"",""16""]]]","[""128 skill_level 16 * +""]","[""add"",[""multiply"",[""number"",""16""],[""variable"",""skill_level""]],[""number"",""128""]]","[[""add"",[""multiply"",[""number"",""16""],[""variable"",""skill_level""]],[""number"",""128""]]]",same,,Canonical arithmetic expressions are semantically identical.
summons,Summons,Summons,mage-33,1,mage,4,normalized-name-and-class,sk_charge,cast_time,milliseconds,3,gitbook-verified-for-class,"[""50"",""61"",""68"",""0""]","[""11"",""0""]",3000 sk_lvl 400 * -,"[[""minus"",""3000"",[""mul"",""skill_level"",""400""]]]","[""3000 skill_level 400 * -""]","[""subtract"",[""number"",""3000""],[""multiply"",[""number"",""400""],[""variable"",""skill_level""]]]","[[""subtract"",[""number"",""3000""],[""multiply"",[""number"",""400""],[""variable"",""skill_level""]]]]",same,,Canonical arithmetic expressions are semantically identical.
summons,Summons,Summons,mage-33,1,mage,4,normalized-name-and-class,sk_coold,cooldown,milliseconds,4,gitbook-verified-for-class,"[""50"",""61"",""68"",""0""]","[""11"",""0""]",5000,"[""5000""]","[""5000""]","[""number"",""5000""]","[[""number"",""5000""]]",same,,Canonical arithmetic expressions are semantically identical.
cure3,Cure 3,Cure 3,mage-34,1,mage,4,normalized-name-and-class,sk_mana,mana_or_energy,game_units,1,verified-ability-text-and-gitbook,"[""51"",""60"",""66"",""0""]","[""11"",""0""]",39 sk_lvl 4 * +,"[[""plus"",""39"",[""mul"",""skill_level"",""4""]]]","[""39 skill_level 4 * +""]","[""add"",[""multiply"",[""number"",""4""],[""variable"",""skill_level""]],[""number"",""39""]]","[[""add"",[""multiply"",[""number"",""4""],[""variable"",""skill_level""]],[""number"",""39""]]]",same,,Canonical arithmetic expressions are semantically identical.
cure3,Cure 3,Cure 3,mage-34,1,mage,4,normalized-name-and-class,sk_range,range,game_units,2,gitbook-verified-for-class,"[""51"",""60"",""66"",""0""]","[""11"",""0""]",190,"[""190""]","[""190""]","[""number"",""190""]","[[""number"",""190""]]",same,,Canonical arithmetic expressions are semantically identical.
cure3,Cure 3,Cure 3,mage-34,1,mage,4,normalized-name-and-class,sk_charge,cast_time,milliseconds,3,gitbook-verified-for-class,"[""51"",""60"",""66"",""0""]","[""11"",""0""]",1500,"[""1500""]","[""1500""]","[""number"",""1500""]","[[""number"",""1500""]]",same,,Canonical arithmetic expressions are semantically identical.
cure3,Cure 3,Cure 3,mage-34,1,mage,4,normalized-name-and-class,sk_coold,cooldown,milliseconds,4,gitbook-verified-for-class,"[""51"",""60"",""66"",""0""]","[""11"",""0""]",600,"[""600""]","[""600""]","[""number"",""600""]","[[""number"",""600""]]",same,,Canonical arithmetic expressions are semantically identical.
hypnotism,Hypnotism,Hypnotism,mage-35,1,mage,4,normalized-name-and-class,sk_mana,mana_or_energy,game_units,1,verified-ability-text-and-gitbook,"[""51"",""56"",""61"",""67"",""70"",""0""]","[""11"",""0""]",98 sk_lvl 4 * +,"[[""plus"",""98"",[""mul"",""skill_level"",""4""]]]","[""98 skill_level 4 * +""]","[""add"",[""multiply"",[""number"",""4""],[""variable"",""skill_level""]],[""number"",""98""]]","[[""add"",[""multiply"",[""number"",""4""],[""variable"",""skill_level""]],[""number"",""98""]]]",same,,Canonical arithmetic expressions are semantically identical.
hypnotism,Hypnotism,Hypnotism,mage-35,1,mage,4,normalized-name-and-class,sk_range,range,game_units,2,gitbook-verified-for-class,"[""51"",""56"",""61"",""67"",""70"",""0""]","[""11"",""0""]",190 sk_lvl 10 * +,"[[""plus"",""190"",[""mul"",""skill_level"",""10""]]]","[""190 skill_level 10 * +""]","[""add"",[""multiply"",[""number"",""10""],[""variable"",""skill_level""]],[""number"",""190""]]","[[""add"",[""multiply"",[""number"",""10""],[""variable"",""skill_level""]],[""number"",""190""]]]",same,,Canonical arithmetic expressions are semantically identical.
hypnotism,Hypnotism,Hypnotism,mage-35,1,mage,4,normalized-name-and-class,sk_charge,cast_time,milliseconds,3,gitbook-verified-for-class,"[""51"",""56"",""61"",""67"",""70"",""0""]","[""11"",""0""]",2500 sk_lvl 100 * -,"[[""minus"",""2500"",[""mul"",""skill_level"",""100""]]]","[""2500 skill_level 100 * -""]","[""subtract"",[""number"",""2500""],[""multiply"",[""number"",""100""],[""variable"",""skill_level""]]]","[[""subtract"",[""number"",""2500""],[""multiply"",[""number"",""100""],[""variable"",""skill_level""]]]]",same,,Canonical arithmetic expressions are semantically identical.
hypnotism,Hypnotism,Hypnotism,mage-35,1,mage,4,normalized-name-and-class,sk_coold,cooldown,milliseconds,4,gitbook-verified-for-class,"[""51"",""56"",""61"",""67"",""70"",""0""]","[""11"",""0""]",600,"[""600""]","[""600""]","[""number"",""600""]","[[""number"",""600""]]",same,,Canonical arithmetic expressions are semantically identical.
coldbinding,Cold Binding,Cold Binding,mage-36,1,mage,3,normalized-name-and-class,sk_mana,mana_or_energy,game_units,1,verified-ability-text-and-gitbook,"[""54"",""58"",""63"",""68"",""0""]","[""7"",""0""]",60 sk_lvl 6 * +,"[[""plus"",""60"",[""mul"",""skill_level"",""6""]]]","[""60 skill_level 6 * +""]","[""add"",[""multiply"",[""number"",""6""],[""variable"",""skill_level""]],[""number"",""60""]]","[[""add"",[""multiply"",[""number"",""6""],[""variable"",""skill_level""]],[""number"",""60""]]]",same,,Canonical arithmetic expressions are semantically identical.
coldbinding,Cold Binding,Cold Binding,mage-36,1,mage,3,normalized-name-and-class,sk_range,range,game_units,2,gitbook-verified-for-class,"[""54"",""58"",""63"",""68"",""0""]","[""7"",""0""]",210,"[""210""]","[""210""]","[""number"",""210""]","[[""number"",""210""]]",same,,Canonical arithmetic expressions are semantically identical.
coldbinding,Cold Binding,Cold Binding,mage-36,1,mage,3,normalized-name-and-class,sk_charge,cast_time,milliseconds,3,gitbook-verified-for-class,"[""54"",""58"",""63"",""68"",""0""]","[""7"",""0""]",1200,"[""1200""]","[""1200""]","[""number"",""1200""]","[[""number"",""1200""]]",same,,Canonical arithmetic expressions are semantically identical.
coldbinding,Cold Binding,Cold Binding,mage-36,1,mage,3,normalized-name-and-class,sk_coold,cooldown,milliseconds,4,gitbook-verified-for-class,"[""54"",""58"",""63"",""68"",""0""]","[""7"",""0""]",800,"[""800""]","[""800""]","[""number"",""800""]","[[""number"",""800""]]",same,,Canonical arithmetic expressions are semantically identical.
refiningweapon,Refining Weapon,Refining Weapon,mage-37,1,mage,3,normalized-name-and-class,sk_mana,mana_or_energy,game_units,1,verified-ability-text-and-gitbook,"[""50"",""57"",""62"",""66"",""69"",""0""]","[""7"",""0""]",50 sk_lvl 12 * +,"[[""plus"",""50"",[""mul"",""skill_level"",""12""]]]","[""50 skill_level 12 * +""]","[""add"",[""multiply"",[""number"",""12""],[""variable"",""skill_level""]],[""number"",""50""]]","[[""add"",[""multiply"",[""number"",""12""],[""variable"",""skill_level""]],[""number"",""50""]]]",same,,Canonical arithmetic expressions are semantically identical.
refiningweapon,Refining Weapon,Refining Weapon,mage-37,1,mage,3,normalized-name-and-class,sk_range,range,game_units,2,gitbook-verified-for-class,"[""50"",""57"",""62"",""66"",""69"",""0""]","[""7"",""0""]",100,"[""100""]","[""100""]","[""number"",""100""]","[[""number"",""100""]]",same,,Canonical arithmetic expressions are semantically identical.
refiningweapon,Refining Weapon,Refining Weapon,mage-37,1,mage,3,normalized-name-and-class,sk_charge,cast_time,milliseconds,3,gitbook-verified-for-class,"[""50"",""57"",""62"",""66"",""69"",""0""]","[""7"",""0""]",1500,"[""1500""]","[""1500""]","[""number"",""1500""]","[[""number"",""1500""]]",same,,Canonical arithmetic expressions are semantically identical.
refiningweapon,Refining Weapon,Refining Weapon,mage-37,1,mage,3,normalized-name-and-class,sk_coold,cooldown,milliseconds,4,gitbook-verified-for-class,"[""50"",""57"",""62"",""66"",""69"",""0""]","[""7"",""0""]",5000,"[""5000""]","[""5000""]","[""number"",""5000""]","[[""number"",""5000""]]",same,,Canonical arithmetic expressions are semantically identical.
defenseimprovement,Defense Improvement,Defense Improvement,mage-38,1,mage,4,normalized-name-and-class,sk_mana,mana_or_energy,game_units,1,verified-ability-text-and-gitbook,"[""53"",""62"",""0""]","[""11"",""0""]",41 sk_lvl 31 * +,"[[""plus"",""41"",[""mul"",""skill_level"",""31""]]]","[""41 skill_level 31 * +""]","[""add"",[""multiply"",[""number"",""31""],[""variable"",""skill_level""]],[""number"",""41""]]","[[""add"",[""multiply"",[""number"",""31""],[""variable"",""skill_level""]],[""number"",""41""]]]",same,,Canonical arithmetic expressions are semantically identical.
defenseimprovement,Defense Improvement,Defense Improvement,mage-38,1,mage,4,normalized-name-and-class,sk_range,range,game_units,2,gitbook-verified-for-class,"[""53"",""62"",""0""]","[""11"",""0""]",128,"[""128""]","[""128""]","[""number"",""128""]","[[""number"",""128""]]",same,,Canonical arithmetic expressions are semantically identical.
defenseimprovement,Defense Improvement,Defense Improvement,mage-38,1,mage,4,normalized-name-and-class,sk_charge,cast_time,milliseconds,3,gitbook-verified-for-class,"[""53"",""62"",""0""]","[""11"",""0""]",2000,"[""2000""]","[""2000""]","[""number"",""2000""]","[[""number"",""2000""]]",same,,Canonical arithmetic expressions are semantically identical.
defenseimprovement,Defense Improvement,Defense Improvement,mage-38,1,mage,4,normalized-name-and-class,sk_coold,cooldown,milliseconds,4,gitbook-verified-for-class,"[""53"",""62"",""0""]","[""11"",""0""]",5000,"[""5000""]","[""5000""]","[""number"",""5000""]","[[""number"",""5000""]]",same,,Canonical arithmetic expressions are semantically identical.
souldestruction,Soul Destruction,Soul Destruction,mage-39,1,mage,4,normalized-name-and-class,sk_mana,mana_or_energy,game_units,1,verified-ability-text-and-gitbook,"[""52"",""57"",""62"",""67"",""72"",""0""]","[""11"",""0""]",29 sk_lvl 8 * +,"[[""plus"",""18"",[""mul"",""skill_level"",""22""]]]","[""18 skill_level 22 * +""]","[""add"",[""multiply"",[""number"",""8""],[""variable"",""skill_level""]],[""number"",""29""]]","[[""add"",[""multiply"",[""number"",""22""],[""variable"",""skill_level""]],[""number"",""18""]]]",differs,bango-differs-from-legacy,Value or formula differs; source-version attribution remains open.
souldestruction,Soul Destruction,Soul Destruction,mage-39,1,mage,4,normalized-name-and-class,sk_range,range,game_units,2,gitbook-verified-for-class,"[""52"",""57"",""62"",""67"",""72"",""0""]","[""11"",""0""]",150,"[""150""]","[""150""]","[""number"",""150""]","[[""number"",""150""]]",same,,Canonical arithmetic expressions are semantically identical.
souldestruction,Soul Destruction,Soul Destruction,mage-39,1,mage,4,normalized-name-and-class,sk_charge,cast_time,milliseconds,3,gitbook-verified-for-class,"[""52"",""57"",""62"",""67"",""72"",""0""]","[""11"",""0""]",1200,"[""700""]","[""700""]","[""number"",""1200""]","[[""number"",""700""]]",differs,bango-differs-from-legacy,Value or formula differs; source-version attribution remains open.
souldestruction,Soul Destruction,Soul Destruction,mage-39,1,mage,4,normalized-name-and-class,sk_coold,cooldown,milliseconds,4,gitbook-verified-for-class,"[""52"",""57"",""62"",""67"",""72"",""0""]","[""11"",""0""]",6000,"[""600""]","[""600""]","[""number"",""6000""]","[[""number"",""600""]]",differs,bango-differs-from-legacy,Value or formula differs; source-version attribution remains open.
chainlightning,Chain Lightning,Chain Lightning,mage-40,1,mage,3,normalized-name-and-class,sk_mana,mana_or_energy,game_units,1,verified-ability-text-and-gitbook,"[""59"",""0""]","[""7"",""0""]",174,"[""174""]","[""174""]","[""number"",""174""]","[[""number"",""174""]]",same,,Canonical arithmetic expressions are semantically identical.
chainlightning,Chain Lightning,Chain Lightning,mage-40,1,mage,3,normalized-name-and-class,sk_range,range,game_units,2,gitbook-verified-for-class,"[""59"",""0""]","[""7"",""0""]",190,"[""190""]","[""190""]","[""number"",""190""]","[[""number"",""190""]]",same,,Canonical arithmetic expressions are semantically identical.
chainlightning,Chain Lightning,Chain Lightning,mage-40,1,mage,3,normalized-name-and-class,sk_charge,cast_time,milliseconds,3,gitbook-verified-for-class,"[""59"",""0""]","[""7"",""0""]",2200,"[""2200""]","[""2200""]","[""number"",""2200""]","[[""number"",""2200""]]",same,,Canonical arithmetic expressions are semantically identical.
chainlightning,Chain Lightning,Chain Lightning,mage-40,1,mage,3,normalized-name-and-class,sk_coold,cooldown,milliseconds,4,gitbook-verified-for-class,"[""59"",""0""]","[""7"",""0""]",300,"[""300""]","[""300""]","[""number"",""300""]","[[""number"",""300""]]",same,,Canonical arithmetic expressions are semantically identical.
thunder,Thunder,Thunder,mage-41,1,mage,3,normalized-name-and-class,sk_mana,mana_or_energy,game_units,1,verified-ability-text-and-gitbook,"[""63"",""66"",""0""]","[""7"",""0""]",40 sk_lvl 8 * +,"[[""plus"",""30"",[""mul"",""skill_level"",""8""]]]","[""30 skill_level 8 * +""]","[""add"",[""multiply"",[""number"",""8""],[""variable"",""skill_level""]],[""number"",""40""]]","[[""add"",[""multiply"",[""number"",""8""],[""variable"",""skill_level""]],[""number"",""30""]]]",differs,bango-differs-from-legacy,Value or formula differs; source-version attribution remains open.
thunder,Thunder,Thunder,mage-41,1,mage,3,normalized-name-and-class,sk_range,range,game_units,2,gitbook-verified-for-class,"[""63"",""66"",""0""]","[""7"",""0""]",190,"[""190""]","[""190""]","[""number"",""190""]","[[""number"",""190""]]",same,,Canonical arithmetic expressions are semantically identical.
thunder,Thunder,Thunder,mage-41,1,mage,3,normalized-name-and-class,sk_charge,cast_time,milliseconds,3,gitbook-verified-for-class,"[""63"",""66"",""0""]","[""7"",""0""]",1000,"[""1000""]","[""1000""]","[""number"",""1000""]","[[""number"",""1000""]]",same,,Canonical arithmetic expressions are semantically identical.
thunder,Thunder,Thunder,mage-41,1,mage,3,normalized-name-and-class,sk_coold,cooldown,milliseconds,4,gitbook-verified-for-class,"[""63"",""66"",""0""]","[""7"",""0""]",600,"[""600""]","[""600""]","[""number"",""600""]","[[""number"",""600""]]",same,,Canonical arithmetic expressions are semantically identical.
thunderstorm,Thunder Storm,Thunder Storm,mage-42,1,mage,3,normalized-name-and-class,sk_mana,mana_or_energy,game_units,1,verified-ability-text-and-gitbook,"[""65"",""0""]","[""7"",""0""]",352,"[""352""]","[""352""]","[""number"",""352""]","[[""number"",""352""]]",same,,Canonical arithmetic expressions are semantically identical.
thunderstorm,Thunder Storm,Thunder Storm,mage-42,1,mage,3,normalized-name-and-class,sk_range,range,game_units,2,gitbook-verified-for-class,"[""65"",""0""]","[""7"",""0""]",190,"[""190""]","[""190""]","[""number"",""190""]","[[""number"",""190""]]",same,,Canonical arithmetic expressions are semantically identical.
thunderstorm,Thunder Storm,Thunder Storm,mage-42,1,mage,3,normalized-name-and-class,sk_charge,cast_time,milliseconds,3,gitbook-verified-for-class,"[""65"",""0""]","[""7"",""0""]",4000,"[""2000""]","[""2000""]","[""number"",""4000""]","[[""number"",""2000""]]",differs,bango-differs-from-legacy,Value or formula differs; source-version attribution remains open.
thunderstorm,Thunder Storm,Thunder Storm,mage-42,1,mage,3,normalized-name-and-class,sk_coold,cooldown,milliseconds,4,gitbook-verified-for-class,"[""65"",""0""]","[""7"",""0""]",180000,"[""120000""]","[""120000""]","[""number"",""180000""]","[[""number"",""120000""]]",differs,bango-differs-from-legacy,Value or formula differs; source-version attribution remains open.
icerestriction,Ice Restriction,Ice Restriction,mage-43,1,mage,3,normalized-name-and-class,sk_mana,mana_or_energy,game_units,1,verified-ability-text-and-gitbook,"[""56"",""0""]","[""7"",""0""]",126,"[""126""]","[""126""]","[""number"",""126""]","[[""number"",""126""]]",same,,Canonical arithmetic expressions are semantically identical.
icerestriction,Ice Restriction,Ice Restriction,mage-43,1,mage,3,normalized-name-and-class,sk_range,range,game_units,2,gitbook-verified-for-class,"[""56"",""0""]","[""7"",""0""]",190,"[""190""]","[""190""]","[""number"",""190""]","[[""number"",""190""]]",same,,Canonical arithmetic expressions are semantically identical.
icerestriction,Ice Restriction,Ice Restriction,mage-43,1,mage,3,normalized-name-and-class,sk_charge,cast_time,milliseconds,3,gitbook-verified-for-class,"[""56"",""0""]","[""7"",""0""]",800,"[""800""]","[""800""]","[""number"",""800""]","[[""number"",""800""]]",same,,Canonical arithmetic expressions are semantically identical.
icerestriction,Ice Restriction,Ice Restriction,mage-43,1,mage,3,normalized-name-and-class,sk_coold,cooldown,milliseconds,4,gitbook-verified-for-class,"[""56"",""0""]","[""7"",""0""]",600,"[""600""]","[""600""]","[""number"",""600""]","[[""number"",""600""]]",same,,Canonical arithmetic expressions are semantically identical.
icestorm,Ice Storm,Ice Storm,mage-44,1,mage,3,normalized-name-and-class,sk_mana,mana_or_energy,game_units,1,verified-ability-text-and-gitbook,"[""65"",""0""]","[""7"",""0""]",392,"[""396""]","[""396""]","[""number"",""392""]","[[""number"",""396""]]",differs,bango-differs-from-legacy,Value or formula differs; source-version attribution remains open.
icestorm,Ice Storm,Ice Storm,mage-44,1,mage,3,normalized-name-and-class,sk_range,range,game_units,2,gitbook-verified-for-class,"[""65"",""0""]","[""7"",""0""]",190,"[""190""]","[""190""]","[""number"",""190""]","[[""number"",""190""]]",same,,Canonical arithmetic expressions are semantically identical.
icestorm,Ice Storm,Ice Storm,mage-44,1,mage,3,normalized-name-and-class,sk_charge,cast_time,milliseconds,3,gitbook-verified-for-class,"[""65"",""0""]","[""7"",""0""]",4000,"[""2000""]","[""2000""]","[""number"",""4000""]","[[""number"",""2000""]]",differs,bango-differs-from-legacy,Value or formula differs; source-version attribution remains open.
icestorm,Ice Storm,Ice Storm,mage-44,1,mage,3,normalized-name-and-class,sk_coold,cooldown,milliseconds,4,gitbook-verified-for-class,"[""65"",""0""]","[""7"",""0""]",180000,"[""120000""]","[""120000""]","[""number"",""180000""]","[[""number"",""120000""]]",differs,bango-differs-from-legacy,Value or formula differs; source-version attribution remains open.
explosion,Explosion,Explosion,mage-45,1,mage,3,normalized-name-and-class,sk_mana,mana_or_energy,game_units,1,verified-ability-text-and-gitbook,"[""62"",""68"",""0""]","[""7"",""0""]",32 sk_lvl 4 * +,"[[""plus"",""32"",[""mul"",""skill_level"",""4""]]]","[""32 skill_level 4 * +""]","[""add"",[""multiply"",[""number"",""4""],[""variable"",""skill_level""]],[""number"",""32""]]","[[""add"",[""multiply"",[""number"",""4""],[""variable"",""skill_level""]],[""number"",""32""]]]",same,,Canonical arithmetic expressions are semantically identical.
explosion,Explosion,Explosion,mage-45,1,mage,3,normalized-name-and-class,sk_range,range,game_units,2,gitbook-verified-for-class,"[""62"",""68"",""0""]","[""7"",""0""]",180,"[""180""]","[""180""]","[""number"",""180""]","[[""number"",""180""]]",same,,Canonical arithmetic expressions are semantically identical.
explosion,Explosion,Explosion,mage-45,1,mage,3,normalized-name-and-class,sk_charge,cast_time,milliseconds,3,gitbook-verified-for-class,"[""62"",""68"",""0""]","[""7"",""0""]",1400,"[""1400""]","[""1400""]","[""number"",""1400""]","[[""number"",""1400""]]",same,,Canonical arithmetic expressions are semantically identical.
explosion,Explosion,Explosion,mage-45,1,mage,3,normalized-name-and-class,sk_coold,cooldown,milliseconds,4,gitbook-verified-for-class,"[""62"",""68"",""0""]","[""7"",""0""]",600,"[""600""]","[""600""]","[""number"",""600""]","[[""number"",""600""]]",same,,Canonical arithmetic expressions are semantically identical.
explosiveburst,Explosive Burst,Explosive Burst,mage-46,1,mage,3,normalized-name-and-class,sk_mana,mana_or_energy,game_units,1,verified-ability-text-and-gitbook,"[""64"",""0""]","[""7"",""0""]",142,"[""142""]","[""142""]","[""number"",""142""]","[[""number"",""142""]]",same,,Canonical arithmetic expressions are semantically identical.
explosiveburst,Explosive Burst,Explosive Burst,mage-46,1,mage,3,normalized-name-and-class,sk_range,range,game_units,2,gitbook-verified-for-class,"[""64"",""0""]","[""7"",""0""]",180,"[""180""]","[""180""]","[""number"",""180""]","[[""number"",""180""]]",same,,Canonical arithmetic expressions are semantically identical.
explosiveburst,Explosive Burst,Explosive Burst,mage-46,1,mage,3,normalized-name-and-class,sk_charge,cast_time,milliseconds,3,gitbook-verified-for-class,"[""64"",""0""]","[""7"",""0""]",1800,"[""1800""]","[""1800""]","[""number"",""1800""]","[[""number"",""1800""]]",same,,Canonical arithmetic expressions are semantically identical.
explosiveburst,Explosive Burst,Explosive Burst,mage-46,1,mage,3,normalized-name-and-class,sk_coold,cooldown,milliseconds,4,gitbook-verified-for-class,"[""64"",""0""]","[""7"",""0""]",2200,"[""2200""]","[""2200""]","[""number"",""2200""]","[[""number"",""2200""]]",same,,Canonical arithmetic expressions are semantically identical.
firestorm,Fire Storm,Fire Storm,mage-47,1,mage,3,normalized-name-and-class,sk_mana,mana_or_energy,game_units,1,verified-ability-text-and-gitbook,"[""65"",""0""]","[""7"",""0""]",327,"[""327""]","[""327""]","[""number"",""327""]","[[""number"",""327""]]",same,,Canonical arithmetic expressions are semantically identical.
firestorm,Fire Storm,Fire Storm,mage-47,1,mage,3,normalized-name-and-class,sk_range,range,game_units,2,gitbook-verified-for-class,"[""65"",""0""]","[""7"",""0""]",180,"[""180""]","[""180""]","[""number"",""180""]","[[""number"",""180""]]",same,,Canonical arithmetic expressions are semantically identical.
firestorm,Fire Storm,Fire Storm,mage-47,1,mage,3,normalized-name-and-class,sk_charge,cast_time,milliseconds,3,gitbook-verified-for-class,"[""65"",""0""]","[""7"",""0""]",4000,"[""2000""]","[""2000""]","[""number"",""4000""]","[[""number"",""2000""]]",differs,bango-differs-from-legacy,Value or formula differs; source-version attribution remains open.
firestorm,Fire Storm,Fire Storm,mage-47,1,mage,3,normalized-name-and-class,sk_coold,cooldown,milliseconds,4,gitbook-verified-for-class,"[""65"",""0""]","[""7"",""0""]",180000,"[""120000""]","[""120000""]","[""number"",""180000""]","[[""number"",""120000""]]",differs,bango-differs-from-legacy,Value or formula differs; source-version attribution remains open.
blessingofstrength,Blessing of Strength,Blessing of Strength,mage-48,1,mage,4,normalized-name-and-class,sk_mana,mana_or_energy,game_units,1,verified-ability-text-and-gitbook,"[""54"",""63"",""0""]","[""11"",""0""]",64 sk_lvl 32 * +,"[[""plus"",""64"",[""mul"",""32"",""skill_level""]]]","[""64 32 skill_level * +""]","[""add"",[""multiply"",[""number"",""32""],[""variable"",""skill_level""]],[""number"",""64""]]","[[""add"",[""multiply"",[""number"",""32""],[""variable"",""skill_level""]],[""number"",""64""]]]",same,,Canonical arithmetic expressions are semantically identical.
blessingofstrength,Blessing of Strength,Blessing of Strength,mage-48,1,mage,4,normalized-name-and-class,sk_range,range,game_units,2,gitbook-verified-for-class,"[""54"",""63"",""0""]","[""11"",""0""]",94,"[""94""]","[""94""]","[""number"",""94""]","[[""number"",""94""]]",same,,Canonical arithmetic expressions are semantically identical.
blessingofstrength,Blessing of Strength,Blessing of Strength,mage-48,1,mage,4,normalized-name-and-class,sk_charge,cast_time,milliseconds,3,gitbook-verified-for-class,"[""54"",""63"",""0""]","[""11"",""0""]",2000,"[""2000""]","[""2000""]","[""number"",""2000""]","[[""number"",""2000""]]",same,,Canonical arithmetic expressions are semantically identical.
blessingofstrength,Blessing of Strength,Blessing of Strength,mage-48,1,mage,4,normalized-name-and-class,sk_coold,cooldown,milliseconds,4,gitbook-verified-for-class,"[""54"",""63"",""0""]","[""11"",""0""]",5000,"[""5000""]","[""5000""]","[""number"",""5000""]","[[""number"",""5000""]]",same,,Canonical arithmetic expressions are semantically identical.
blessingofhealth,Blessing of Health,Blessing of Health,mage-49,1,mage,4,normalized-name-and-class,sk_mana,mana_or_energy,game_units,1,verified-ability-text-and-gitbook,"[""54"",""64"",""0""]","[""11"",""0""]",60 sk_lvl 27 * +,"[[""plus"",""60"",[""mul"",""27"",""skill_level""]]]","[""60 27 skill_level * +""]","[""add"",[""multiply"",[""number"",""27""],[""variable"",""skill_level""]],[""number"",""60""]]","[[""add"",[""multiply"",[""number"",""27""],[""variable"",""skill_level""]],[""number"",""60""]]]",same,,Canonical arithmetic expressions are semantically identical.
blessingofhealth,Blessing of Health,Blessing of Health,mage-49,1,mage,4,normalized-name-and-class,sk_range,range,game_units,2,gitbook-verified-for-class,"[""54"",""64"",""0""]","[""11"",""0""]",94,"[""94""]","[""94""]","[""number"",""94""]","[[""number"",""94""]]",same,,Canonical arithmetic expressions are semantically identical.
blessingofhealth,Blessing of Health,Blessing of Health,mage-49,1,mage,4,normalized-name-and-class,sk_charge,cast_time,milliseconds,3,gitbook-verified-for-class,"[""54"",""64"",""0""]","[""11"",""0""]",2000,"[""2000""]","[""2000""]","[""number"",""2000""]","[[""number"",""2000""]]",same,,Canonical arithmetic expressions are semantically identical.
blessingofhealth,Blessing of Health,Blessing of Health,mage-49,1,mage,4,normalized-name-and-class,sk_coold,cooldown,milliseconds,4,gitbook-verified-for-class,"[""54"",""64"",""0""]","[""11"",""0""]",5000,"[""5000""]","[""5000""]","[""number"",""5000""]","[[""number"",""5000""]]",same,,Canonical arithmetic expressions are semantically identical.
blessingofagility,Blessing of Agility,Blessing of Agility,mage-50,1,mage,4,normalized-name-and-class,sk_mana,mana_or_energy,game_units,1,verified-ability-text-and-gitbook,"[""55"",""64"",""0""]","[""11"",""0""]",67 sk_lvl 26 * +,"[[""plus"",""67"",[""mul"",""26"",""skill_level""]]]","[""67 26 skill_level * +""]","[""add"",[""multiply"",[""number"",""26""],[""variable"",""skill_level""]],[""number"",""67""]]","[[""add"",[""multiply"",[""number"",""26""],[""variable"",""skill_level""]],[""number"",""67""]]]",same,,Canonical arithmetic expressions are semantically identical.
blessingofagility,Blessing of Agility,Blessing of Agility,mage-50,1,mage,4,normalized-name-and-class,sk_range,range,game_units,2,gitbook-verified-for-class,"[""55"",""64"",""0""]","[""11"",""0""]",94,"[""94""]","[""94""]","[""number"",""94""]","[[""number"",""94""]]",same,,Canonical arithmetic expressions are semantically identical.
blessingofagility,Blessing of Agility,Blessing of Agility,mage-50,1,mage,4,normalized-name-and-class,sk_charge,cast_time,milliseconds,3,gitbook-verified-for-class,"[""55"",""64"",""0""]","[""11"",""0""]",2000,"[""2000""]","[""2000""]","[""number"",""2000""]","[[""number"",""2000""]]",same,,Canonical arithmetic expressions are semantically identical.
blessingofagility,Blessing of Agility,Blessing of Agility,mage-50,1,mage,4,normalized-name-and-class,sk_coold,cooldown,milliseconds,4,gitbook-verified-for-class,"[""55"",""64"",""0""]","[""11"",""0""]",5000,"[""5000""]","[""5000""]","[""number"",""5000""]","[[""number"",""5000""]]",same,,Canonical arithmetic expressions are semantically identical.
blessingofintelligence,Blessing of Intelligence,Blessing of Intelligence,mage-51,1,mage,4,normalized-name-and-class,sk_mana,mana_or_energy,game_units,1,verified-ability-text-and-gitbook,"[""56"",""65"",""0""]","[""11"",""0""]",64 sk_lvl 32 * +,"[[""plus"",""64"",[""mul"",""36"",""skill_level""]]]","[""64 36 skill_level * +""]","[""add"",[""multiply"",[""number"",""32""],[""variable"",""skill_level""]],[""number"",""64""]]","[[""add"",[""multiply"",[""number"",""36""],[""variable"",""skill_level""]],[""number"",""64""]]]",differs,bango-differs-from-legacy,Value or formula differs; source-version attribution remains open.
blessingofintelligence,Blessing of Intelligence,Blessing of Intelligence,mage-51,1,mage,4,normalized-name-and-class,sk_range,range,game_units,2,gitbook-verified-for-class,"[""56"",""65"",""0""]","[""11"",""0""]",94,"[""94""]","[""94""]","[""number"",""94""]","[[""number"",""94""]]",same,,Canonical arithmetic expressions are semantically identical.
blessingofintelligence,Blessing of Intelligence,Blessing of Intelligence,mage-51,1,mage,4,normalized-name-and-class,sk_charge,cast_time,milliseconds,3,gitbook-verified-for-class,"[""56"",""65"",""0""]","[""11"",""0""]",2000,"[""2000""]","[""2000""]","[""number"",""2000""]","[[""number"",""2000""]]",same,,Canonical arithmetic expressions are semantically identical.
blessingofintelligence,Blessing of Intelligence,Blessing of Intelligence,mage-51,1,mage,4,normalized-name-and-class,sk_coold,cooldown,milliseconds,4,gitbook-verified-for-class,"[""56"",""65"",""0""]","[""11"",""0""]",5000,"[""5000""]","[""5000""]","[""number"",""5000""]","[[""number"",""5000""]]",same,,Canonical arithmetic expressions are semantically identical.
purification,Purification,Purification,mage-53,1,mage,4,normalized-name-and-class,sk_mana,mana_or_energy,game_units,1,verified-ability-text-and-gitbook,"[""50"",""0""]","[""11"",""0""]",74,"[""74""]","[""74""]","[""number"",""74""]","[[""number"",""74""]]",same,,Canonical arithmetic expressions are semantically identical.
purification,Purification,Purification,mage-53,1,mage,4,normalized-name-and-class,sk_range,range,game_units,2,gitbook-verified-for-class,"[""50"",""0""]","[""11"",""0""]",170,"[""170""]","[""170""]","[""number"",""170""]","[[""number"",""170""]]",same,,Canonical arithmetic expressions are semantically identical.
purification,Purification,Purification,mage-53,1,mage,4,normalized-name-and-class,sk_charge,cast_time,milliseconds,3,gitbook-verified-for-class,"[""50"",""0""]","[""11"",""0""]",2000,"[""2000""]","[""2000""]","[""number"",""2000""]","[[""number"",""2000""]]",same,,Canonical arithmetic expressions are semantically identical.
purification,Purification,Purification,mage-53,1,mage,4,normalized-name-and-class,sk_coold,cooldown,milliseconds,4,gitbook-verified-for-class,"[""50"",""0""]","[""11"",""0""]",5000,"[""5000""]","[""5000""]","[""number"",""5000""]","[[""number"",""5000""]]",same,,Canonical arithmetic expressions are semantically identical.
perfectcure,Perfect Cure,Perfect Cure,mage-54,1,mage,4,normalized-name-and-class,sk_mana,mana_or_energy,game_units,1,verified-ability-text-and-gitbook,"[""52"",""62"",""69"",""0""]","[""11"",""0""]",190 sk_lvl 30 * +,"[[""plus"",""190"",[""mul"",""skill_level"",""30""]]]","[""190 skill_level 30 * +""]","[""add"",[""multiply"",[""number"",""30""],[""variable"",""skill_level""]],[""number"",""190""]]","[[""add"",[""multiply"",[""number"",""30""],[""variable"",""skill_level""]],[""number"",""190""]]]",same,,Canonical arithmetic expressions are semantically identical.
perfectcure,Perfect Cure,Perfect Cure,mage-54,1,mage,4,normalized-name-and-class,sk_range,range,game_units,2,gitbook-verified-for-class,"[""52"",""62"",""69"",""0""]","[""11"",""0""]",180,"[""180""]","[""180""]","[""number"",""180""]","[[""number"",""180""]]",same,,Canonical arithmetic expressions are semantically identical.
perfectcure,Perfect Cure,Perfect Cure,mage-54,1,mage,4,normalized-name-and-class,sk_charge,cast_time,milliseconds,3,gitbook-verified-for-class,"[""52"",""62"",""69"",""0""]","[""11"",""0""]",0,"[""0""]","[""0""]","[""number"",""0""]","[[""number"",""0""]]",same,,Canonical arithmetic expressions are semantically identical.
perfectcure,Perfect Cure,Perfect Cure,mage-54,1,mage,4,normalized-name-and-class,sk_coold,cooldown,milliseconds,4,gitbook-verified-for-class,"[""52"",""62"",""69"",""0""]","[""11"",""0""]",900000,"[""90000""]","[""90000""]","[""number"",""900000""]","[[""number"",""90000""]]",differs,bango-differs-from-legacy,Value or formula differs; source-version attribution remains open.
increaseoftargetrange,Increase of Target Range,Increase of Target Range,mage-55,1,mage,4,normalized-name-and-class,sk_mana,mana_or_energy,game_units,1,verified-ability-text-and-gitbook,"[""53"",""0""]","[""11"",""0""]",0,"[""0""]","[""0""]","[""number"",""0""]","[[""number"",""0""]]",same,,Canonical arithmetic expressions are semantically identical.
increaseoftargetrange,Increase of Target Range,Increase of Target Range,mage-55,1,mage,4,normalized-name-and-class,sk_range,range,game_units,2,gitbook-verified-for-class,"[""53"",""0""]","[""11"",""0""]",0,"[""0""]","[""0""]","[""number"",""0""]","[[""number"",""0""]]",same,,Canonical arithmetic expressions are semantically identical.
increaseoftargetrange,Increase of Target Range,Increase of Target Range,mage-55,1,mage,4,normalized-name-and-class,sk_charge,cast_time,milliseconds,3,gitbook-verified-for-class,"[""53"",""0""]","[""11"",""0""]",0,"[""0""]","[""0""]","[""number"",""0""]","[[""number"",""0""]]",same,,Canonical arithmetic expressions are semantically identical.
increaseoftargetrange,Increase of Target Range,Increase of Target Range,mage-55,1,mage,4,normalized-name-and-class,sk_coold,cooldown,milliseconds,4,gitbook-verified-for-class,"[""53"",""0""]","[""11"",""0""]",0,"[""0""]","[""0""]","[""number"",""0""]","[[""number"",""0""]]",same,,Canonical arithmetic expressions are semantically identical.
groupcure2,Group Cure 2,Group Cure 2,mage-56,1,mage,4,normalized-name-and-class,sk_mana,mana_or_energy,game_units,1,verified-ability-text-and-gitbook,"[""58"",""67"",""0""]","[""11"",""0""]",72 sk_lvl 12 * +,"[[""plus"",""72"",[""mul"",""skill_level"",""15""]]]","[""72 skill_level 15 * +""]","[""add"",[""multiply"",[""number"",""12""],[""variable"",""skill_level""]],[""number"",""72""]]","[[""add"",[""multiply"",[""number"",""15""],[""variable"",""skill_level""]],[""number"",""72""]]]",differs,bango-differs-from-legacy,Value or formula differs; source-version attribution remains open.
groupcure2,Group Cure 2,Group Cure 2,mage-56,1,mage,4,normalized-name-and-class,sk_range,range,game_units,2,gitbook-verified-for-class,"[""58"",""67"",""0""]","[""11"",""0""]",128,"[""128""]","[""128""]","[""number"",""128""]","[[""number"",""128""]]",same,,Canonical arithmetic expressions are semantically identical.
groupcure2,Group Cure 2,Group Cure 2,mage-56,1,mage,4,normalized-name-and-class,sk_charge,cast_time,milliseconds,3,gitbook-verified-for-class,"[""58"",""67"",""0""]","[""11"",""0""]",1300,"[""1300""]","[""1300""]","[""number"",""1300""]","[[""number"",""1300""]]",same,,Canonical arithmetic expressions are semantically identical.
groupcure2,Group Cure 2,Group Cure 2,mage-56,1,mage,4,normalized-name-and-class,sk_coold,cooldown,milliseconds,4,gitbook-verified-for-class,"[""58"",""67"",""0""]","[""11"",""0""]",600,"[""600""]","[""600""]","[""number"",""600""]","[[""number"",""600""]]",same,,Canonical arithmetic expressions are semantically identical.
perfectgroupcure2,Perfect Group Cure 2,Perfect Group Cure 2,mage-57,1,mage,4,normalized-name-and-class,sk_mana,mana_or_energy,game_units,1,verified-ability-text-and-gitbook,"[""59"",""69"",""0""]","[""11"",""0""]",400 sk_lvl 40 * +,"[[""plus"",""400"",[""mul"",""skill_level"",""40""]]]","[""400 skill_level 40 * +""]","[""add"",[""multiply"",[""number"",""40""],[""variable"",""skill_level""]],[""number"",""400""]]","[[""add"",[""multiply"",[""number"",""40""],[""variable"",""skill_level""]],[""number"",""400""]]]",same,,Canonical arithmetic expressions are semantically identical.
perfectgroupcure2,Perfect Group Cure 2,Perfect Group Cure 2,mage-57,1,mage,4,normalized-name-and-class,sk_range,range,game_units,2,gitbook-verified-for-class,"[""59"",""69"",""0""]","[""11"",""0""]",128,"[""128""]","[""128""]","[""number"",""128""]","[[""number"",""128""]]",same,,Canonical arithmetic expressions are semantically identical.
perfectgroupcure2,Perfect Group Cure 2,Perfect Group Cure 2,mage-57,1,mage,4,normalized-name-and-class,sk_charge,cast_time,milliseconds,3,gitbook-verified-for-class,"[""59"",""69"",""0""]","[""11"",""0""]",0,"[""0""]","[""0""]","[""number"",""0""]","[[""number"",""0""]]",same,,Canonical arithmetic expressions are semantically identical.
perfectgroupcure2,Perfect Group Cure 2,Perfect Group Cure 2,mage-57,1,mage,4,normalized-name-and-class,sk_coold,cooldown,milliseconds,4,gitbook-verified-for-class,"[""59"",""69"",""0""]","[""11"",""0""]",900000,"[""900000""]","[""900000""]","[""number"",""900000""]","[[""number"",""900000""]]",same,,Canonical arithmetic expressions are semantically identical.
perfecthealing,Perfect Healing,Perfect Healing,mage-58,1,mage,4,normalized-name-and-class,sk_mana,mana_or_energy,game_units,1,verified-ability-text-and-gitbook,"[""68"",""0""]","[""11"",""0""]",596,"[""596""]","[""596""]","[""number"",""596""]","[[""number"",""596""]]",same,,Canonical arithmetic expressions are semantically identical.
perfecthealing,Perfect Healing,Perfect Healing,mage-58,1,mage,4,normalized-name-and-class,sk_range,range,game_units,2,gitbook-verified-for-class,"[""68"",""0""]","[""11"",""0""]",210,"[""210""]","[""210""]","[""number"",""210""]","[[""number"",""210""]]",same,,Canonical arithmetic expressions are semantically identical.
perfecthealing,Perfect Healing,Perfect Healing,mage-58,1,mage,4,normalized-name-and-class,sk_charge,cast_time,milliseconds,3,gitbook-verified-for-class,"[""68"",""0""]","[""11"",""0""]",0,"[""0""]","[""0""]","[""number"",""0""]","[[""number"",""0""]]",same,,Canonical arithmetic expressions are semantically identical.
perfecthealing,Perfect Healing,Perfect Healing,mage-58,1,mage,4,normalized-name-and-class,sk_coold,cooldown,milliseconds,4,gitbook-verified-for-class,"[""68"",""0""]","[""11"",""0""]",1800000,"[""600000""]","[""600000""]","[""number"",""1800000""]","[[""number"",""600000""]]",differs,bango-differs-from-legacy,Value or formula differs; source-version attribution remains open.
distancecontrol,Distance Control,Distance Control,mage-59,1,mage,4,normalized-name-and-class,sk_mana,mana_or_energy,game_units,1,verified-ability-text-and-gitbook,"[""58"",""0""]","[""11"",""0""]",0,"[""0""]","[""0""]","[""number"",""0""]","[[""number"",""0""]]",same,,Canonical arithmetic expressions are semantically identical.
distancecontrol,Distance Control,Distance Control,mage-59,1,mage,4,normalized-name-and-class,sk_range,range,game_units,2,gitbook-verified-for-class,"[""58"",""0""]","[""11"",""0""]",0,"[""0""]","[""0""]","[""number"",""0""]","[[""number"",""0""]]",same,,Canonical arithmetic expressions are semantically identical.
distancecontrol,Distance Control,Distance Control,mage-59,1,mage,4,normalized-name-and-class,sk_charge,cast_time,milliseconds,3,gitbook-verified-for-class,"[""58"",""0""]","[""11"",""0""]",0,"[""0""]","[""0""]","[""number"",""0""]","[[""number"",""0""]]",same,,Canonical arithmetic expressions are semantically identical.
distancecontrol,Distance Control,Distance Control,mage-59,1,mage,4,normalized-name-and-class,sk_coold,cooldown,milliseconds,4,gitbook-verified-for-class,"[""58"",""0""]","[""11"",""0""]",0,"[""0""]","[""0""]","[""number"",""0""]","[[""number"",""0""]]",same,,Canonical arithmetic expressions are semantically identical.
amnesia,Amnesia,Amnesia,mage-60,1,mage,4,normalized-name-and-class,sk_mana,mana_or_energy,game_units,1,verified-ability-text-and-gitbook,"[""59"",""0""]","[""11"",""0""]",50,"[""50""]","[""50""]","[""number"",""50""]","[[""number"",""50""]]",same,,Canonical arithmetic expressions are semantically identical.
amnesia,Amnesia,Amnesia,mage-60,1,mage,4,normalized-name-and-class,sk_range,range,game_units,2,gitbook-verified-for-class,"[""59"",""0""]","[""11"",""0""]",190,"[""190""]","[""190""]","[""number"",""190""]","[[""number"",""190""]]",same,,Canonical arithmetic expressions are semantically identical.
amnesia,Amnesia,Amnesia,mage-60,1,mage,4,normalized-name-and-class,sk_charge,cast_time,milliseconds,3,gitbook-verified-for-class,"[""59"",""0""]","[""11"",""0""]",1500,"[""1500""]","[""1500""]","[""number"",""1500""]","[[""number"",""1500""]]",same,,Canonical arithmetic expressions are semantically identical.
amnesia,Amnesia,Amnesia,mage-60,1,mage,4,normalized-name-and-class,sk_coold,cooldown,milliseconds,4,gitbook-verified-for-class,"[""59"",""0""]","[""11"",""0""]",5000,"[""5000""]","[""5000""]","[""number"",""5000""]","[[""number"",""5000""]]",same,,Canonical arithmetic expressions are semantically identical.
blessing,Blessing,Blessing,mage-64,1,mage,6,normalized-name-and-class,sk_mana,mana_or_energy,game_units,1,verified-ability-text-and-gitbook,"[""70"",""0""]","[""43"",""0""]",400 sk_lvl 10 * +,"[[""plus"",""400"",[""mul"",""skill_level"",""10""]]]","[""400 skill_level 10 * +""]","[""add"",[""multiply"",[""number"",""10""],[""variable"",""skill_level""]],[""number"",""400""]]","[[""add"",[""multiply"",[""number"",""10""],[""variable"",""skill_level""]],[""number"",""400""]]]",same,,Canonical arithmetic expressions are semantically identical.
blessing,Blessing,Blessing,mage-64,1,mage,6,normalized-name-and-class,sk_range,range,game_units,2,gitbook-verified-for-class,"[""70"",""0""]","[""43"",""0""]",0,"[""190""]","[""190""]","[""number"",""0""]","[[""number"",""190""]]",differs,bango-differs-from-legacy,Value or formula differs; source-version attribution remains open.
blessing,Blessing,Blessing,mage-64,1,mage,6,normalized-name-and-class,sk_charge,cast_time,milliseconds,3,gitbook-verified-for-class,"[""70"",""0""]","[""43"",""0""]",0,"[""0""]","[""0""]","[""number"",""0""]","[[""number"",""0""]]",same,,Canonical arithmetic expressions are semantically identical.
blessing,Blessing,Blessing,mage-64,1,mage,6,normalized-name-and-class,sk_coold,cooldown,milliseconds,4,gitbook-verified-for-class,"[""70"",""0""]","[""43"",""0""]",320000 sk_lvl 20000 * -,"[[""minus"",""300000"",[""minus"",[""mul"",""skill_level"",""20000""],""20000""]]]","[""300000 skill_level 20000 * 20000 - -""]","[""subtract"",[""number"",""320000""],[""multiply"",[""number"",""20000""],[""variable"",""skill_level""]]]","[[""subtract"",[""number"",""300000""],[""subtract"",[""multiply"",[""number"",""20000""],[""variable"",""skill_level""]],[""number"",""20000""]]]]",differs,bango-differs-from-legacy,Value or formula differs; source-version attribution remains open.
magicintensification,Magic Intensification,magic Intensification,mage-65,1,mage,5,normalized-name-and-class,sk_mana,mana_or_energy,game_units,1,verified-ability-text-and-gitbook,"[""70"",""0""]","[""23"",""1""]",ch_lvl 5 *,"[[""mul"",""char_level"",""5""]]","[""char_level 5 *""]","[""multiply"",[""number"",""5""],[""variable"",""char_level""]]","[[""multiply"",[""number"",""5""],[""variable"",""char_level""]]]",same,,Canonical arithmetic expressions are semantically identical.
magicintensification,Magic Intensification,magic Intensification,mage-65,1,mage,5,normalized-name-and-class,sk_range,range,game_units,2,gitbook-verified-for-class,"[""70"",""0""]","[""23"",""1""]",0,"[""0""]","[""0""]","[""number"",""0""]","[[""number"",""0""]]",same,,Canonical arithmetic expressions are semantically identical.
magicintensification,Magic Intensification,magic Intensification,mage-65,1,mage,5,normalized-name-and-class,sk_charge,cast_time,milliseconds,3,gitbook-verified-for-class,"[""70"",""0""]","[""23"",""1""]",0,"[""0""]","[""0""]","[""number"",""0""]","[[""number"",""0""]]",same,,Canonical arithmetic expressions are semantically identical.
magicintensification,Magic Intensification,magic Intensification,mage-65,1,mage,5,normalized-name-and-class,sk_coold,cooldown,milliseconds,4,gitbook-verified-for-class,"[""70"",""0""]","[""23"",""1""]",320000 sk_lvl 20000 * -,"[""280000"",""260000"",""240000"",""220000"",""200000"",""180000""]","[""280000"",""260000"",""240000"",""220000"",""200000"",""180000""]","[""subtract"",[""number"",""320000""],[""multiply"",[""number"",""20000""],[""variable"",""skill_level""]]]","[[""number"",""280000""],[""number"",""260000""],[""number"",""240000""],[""number"",""220000""],[""number"",""200000""],[""number"",""180000""]]",differs,bango-differs-from-legacy,Value or formula differs; source-version attribution remains open.
flameinjection,Flame Injection,Flame Injection,mage-66,1,mage,5,normalized-name-and-class,sk_mana,mana_or_energy,game_units,1,verified-ability-text-and-gitbook,"[""70"",""0""]","[""23"",""0""]",120 ch_lvl 4 * +,"[[""plus"",""120"",[""mul"",""char_level"",""4""]]]","[""120 char_level 4 * +""]","[""add"",[""multiply"",[""number"",""4""],[""variable"",""char_level""]],[""number"",""120""]]","[[""add"",[""multiply"",[""number"",""4""],[""variable"",""char_level""]],[""number"",""120""]]]",same,,Canonical arithmetic expressions are semantically identical.
flameinjection,Flame Injection,Flame Injection,mage-66,1,mage,5,normalized-name-and-class,sk_range,range,game_units,2,gitbook-verified-for-class,"[""70"",""0""]","[""23"",""0""]",0,"[""120""]","[""120""]","[""number"",""0""]","[[""number"",""120""]]",differs,bango-differs-from-legacy,Value or formula differs; source-version attribution remains open.
flameinjection,Flame Injection,Flame Injection,mage-66,1,mage,5,normalized-name-and-class,sk_charge,cast_time,milliseconds,3,gitbook-verified-for-class,"[""70"",""0""]","[""23"",""0""]",1000,"[""800""]","[""800""]","[""number"",""1000""]","[[""number"",""800""]]",differs,bango-differs-from-legacy,Value or formula differs; source-version attribution remains open.
flameinjection,Flame Injection,Flame Injection,mage-66,1,mage,5,normalized-name-and-class,sk_coold,cooldown,milliseconds,4,gitbook-verified-for-class,"[""70"",""0""]","[""23"",""0""]",320000 sk_lvl 20000 * -,"[""300000"",""280000"",""260000"",""240000"",""220000"",""200000""]","[""300000"",""280000"",""260000"",""240000"",""220000"",""200000""]","[""subtract"",[""number"",""320000""],[""multiply"",[""number"",""20000""],[""variable"",""skill_level""]]]","[[""number"",""300000""],[""number"",""280000""],[""number"",""260000""],[""number"",""240000""],[""number"",""220000""],[""number"",""200000""]]",same,,Canonical arithmetic expressions are semantically identical.
icicle,Icicle,Icicle,mage-67,1,mage,5,normalized-name-and-class,sk_mana,mana_or_energy,game_units,1,verified-ability-text-and-gitbook,"[""70"",""0""]","[""23"",""0""]",120 ch_lvl 4 * +,"[[""plus"",""120"",[""mul"",""char_level"",""4""]]]","[""120 char_level 4 * +""]","[""add"",[""multiply"",[""number"",""4""],[""variable"",""char_level""]],[""number"",""120""]]","[[""add"",[""multiply"",[""number"",""4""],[""variable"",""char_level""]],[""number"",""120""]]]",same,,Canonical arithmetic expressions are semantically identical.
icicle,Icicle,Icicle,mage-67,1,mage,5,normalized-name-and-class,sk_range,range,game_units,2,gitbook-verified-for-class,"[""70"",""0""]","[""23"",""0""]",0,"[""210""]","[""210""]","[""number"",""0""]","[[""number"",""210""]]",differs,bango-differs-from-legacy,Value or formula differs; source-version attribution remains open.
icicle,Icicle,Icicle,mage-67,1,mage,5,normalized-name-and-class,sk_charge,cast_time,milliseconds,3,gitbook-verified-for-class,"[""70"",""0""]","[""23"",""0""]",1000,"[""500""]","[""500""]","[""number"",""1000""]","[[""number"",""500""]]",differs,bango-differs-from-legacy,Value or formula differs; source-version attribution remains open.
icicle,Icicle,Icicle,mage-67,1,mage,5,normalized-name-and-class,sk_coold,cooldown,milliseconds,4,gitbook-verified-for-class,"[""70"",""0""]","[""23"",""0""]",320000 sk_lvl 20000 * -,"[""300000"",""280000"",""260000"",""240000"",""220000"",""200000""]","[""300000"",""280000"",""260000"",""240000"",""220000"",""200000""]","[""subtract"",[""number"",""320000""],[""multiply"",[""number"",""20000""],[""variable"",""skill_level""]]]","[[""number"",""300000""],[""number"",""280000""],[""number"",""260000""],[""number"",""240000""],[""number"",""220000""],[""number"",""200000""]]",same,,Canonical arithmetic expressions are semantically identical.
lightningarrow,Lightning Arrow,Lightning Arrow,mage-68,1,mage,5,normalized-name-and-class,sk_mana,mana_or_energy,game_units,1,verified-ability-text-and-gitbook,"[""70"",""0""]","[""23"",""0""]",120 ch_lvl 4 * +,"[[""plus"",""120"",[""mul"",""char_level"",""4""]]]","[""120 char_level 4 * +""]","[""add"",[""multiply"",[""number"",""4""],[""variable"",""char_level""]],[""number"",""120""]]","[[""add"",[""multiply"",[""number"",""4""],[""variable"",""char_level""]],[""number"",""120""]]]",same,,Canonical arithmetic expressions are semantically identical.
lightningarrow,Lightning Arrow,Lightning Arrow,mage-68,1,mage,5,normalized-name-and-class,sk_range,range,game_units,2,gitbook-verified-for-class,"[""70"",""0""]","[""23"",""0""]",0,"[""210""]","[""210""]","[""number"",""0""]","[[""number"",""210""]]",differs,bango-differs-from-legacy,Value or formula differs; source-version attribution remains open.
lightningarrow,Lightning Arrow,Lightning Arrow,mage-68,1,mage,5,normalized-name-and-class,sk_charge,cast_time,milliseconds,3,gitbook-verified-for-class,"[""70"",""0""]","[""23"",""0""]",1000,"[""800""]","[""800""]","[""number"",""1000""]","[[""number"",""800""]]",differs,bango-differs-from-legacy,Value or formula differs; source-version attribution remains open.
lightningarrow,Lightning Arrow,Lightning Arrow,mage-68,1,mage,5,normalized-name-and-class,sk_coold,cooldown,milliseconds,4,gitbook-verified-for-class,"[""70"",""0""]","[""23"",""0""]",320000 sk_lvl 20000 * -,"[""300000"",""280000"",""260000"",""240000"",""220000"",""200000""]","[""300000"",""280000"",""260000"",""240000"",""220000"",""200000""]","[""subtract"",[""number"",""320000""],[""multiply"",[""number"",""20000""],[""variable"",""skill_level""]]]","[[""number"",""300000""],[""number"",""280000""],[""number"",""260000""],[""number"",""240000""],[""number"",""220000""],[""number"",""200000""]]",same,,Canonical arithmetic expressions are semantically identical.
artillery,Artillery,Artillery,mage-80,1,mage,3|4,normalized-name-and-class,sk_mana,mana_or_energy,game_units,1,verified-ability-text-and-gitbook,"[""50"",""0""]","[""7"",""0""]",0,"[""0""]","[""0""]","[""number"",""0""]","[[""number"",""0""]]",same,,Canonical arithmetic expressions are semantically identical.
artillery,Artillery,Artillery,mage-80,1,mage,3|4,normalized-name-and-class,sk_range,range,game_units,2,gitbook-verified-for-class,"[""50"",""0""]","[""7"",""0""]",0,"[""0""]","[""0""]","[""number"",""0""]","[[""number"",""0""]]",same,,Canonical arithmetic expressions are semantically identical.
artillery,Artillery,Artillery,mage-80,1,mage,3|4,normalized-name-and-class,sk_charge,cast_time,milliseconds,3,gitbook-verified-for-class,"[""50"",""0""]","[""7"",""0""]",0,"[""0""]","[""0""]","[""number"",""0""]","[[""number"",""0""]]",same,,Canonical arithmetic expressions are semantically identical.
artillery,Artillery,Artillery,mage-80,1,mage,3|4,normalized-name-and-class,sk_coold,cooldown,milliseconds,4,gitbook-verified-for-class,"[""50"",""0""]","[""7"",""0""]",0,"[""0""]","[""0""]","[""number"",""0""]","[[""number"",""0""]]",same,,Canonical arithmetic expressions are semantically identical.
artillery,Artillery,Artillery,mage-81,1,mage,3|4,normalized-name-and-class,sk_mana,mana_or_energy,game_units,1,verified-ability-text-and-gitbook,"[""50"",""0""]","[""11"",""0""]",0,"[""0""]","[""0""]","[""number"",""0""]","[[""number"",""0""]]",same,,Canonical arithmetic expressions are semantically identical.
artillery,Artillery,Artillery,mage-81,1,mage,3|4,normalized-name-and-class,sk_range,range,game_units,2,gitbook-verified-for-class,"[""50"",""0""]","[""11"",""0""]",0,"[""0""]","[""0""]","[""number"",""0""]","[[""number"",""0""]]",same,,Canonical arithmetic expressions are semantically identical.
artillery,Artillery,Artillery,mage-81,1,mage,3|4,normalized-name-and-class,sk_charge,cast_time,milliseconds,3,gitbook-verified-for-class,"[""50"",""0""]","[""11"",""0""]",0,"[""0""]","[""0""]","[""number"",""0""]","[[""number"",""0""]]",same,,Canonical arithmetic expressions are semantically identical.
artillery,Artillery,Artillery,mage-81,1,mage,3|4,normalized-name-and-class,sk_coold,cooldown,milliseconds,4,gitbook-verified-for-class,"[""50"",""0""]","[""11"",""0""]",0,"[""0""]","[""0""]","[""number"",""0""]","[[""number"",""0""]]",same,,Canonical arithmetic expressions are semantically identical.
staggeringblow,Staggering Blow,Staggering Blow,archer-3,1,archer,15,normalized-name-and-class,sk_mana,mana_or_energy,game_units,1,verified-ability-text-and-gitbook,"[""5"",""0""]","[""1"",""0""]",16 3 sk_lvl * +,"[[""plus"",""16"",[""mul"",""skill_level"",""3""]]]","[""16 skill_level 3 * +""]","[""add"",[""multiply"",[""number"",""3""],[""variable"",""skill_level""]],[""number"",""16""]]","[[""add"",[""multiply"",[""number"",""3""],[""variable"",""skill_level""]],[""number"",""16""]]]",same,,Canonical arithmetic expressions are semantically identical.
staggeringblow,Staggering Blow,Staggering Blow,archer-3,1,archer,15,normalized-name-and-class,sk_range,range,game_units,2,gitbook-verified-for-class,"[""5"",""0""]","[""1"",""0""]",0,"[""weapon_range""]","[""weapon_range""]","[""number"",""0""]","[[""variable"",""weapon_range""]]",encoding-only,,Legacy melee range sentinel 0; Bango names the dynamic weapon_range symbol.
staggeringblow,Staggering Blow,Staggering Blow,archer-3,1,archer,15,normalized-name-and-class,sk_charge,cast_time,milliseconds,3,gitbook-verified-for-class,"[""5"",""0""]","[""1"",""0""]",3000 sk_lvl 100 * -,"[[""minus"",""3000"",[""mul"",""skill_level"",""100""]]]","[""3000 skill_level 100 * -""]","[""subtract"",[""number"",""3000""],[""multiply"",[""number"",""100""],[""variable"",""skill_level""]]]","[[""subtract"",[""number"",""3000""],[""multiply"",[""number"",""100""],[""variable"",""skill_level""]]]]",same,,Canonical arithmetic expressions are semantically identical.
staggeringblow,Staggering Blow,Staggering Blow,archer-3,1,archer,15,normalized-name-and-class,sk_coold,cooldown,milliseconds,4,gitbook-verified-for-class,"[""5"",""0""]","[""1"",""0""]",0,"[""0""]","[""0""]","[""number"",""0""]","[[""number"",""0""]]",same,,Canonical arithmetic expressions are semantically identical.
passiveattack,Passive Attack,Passive Attack,archer-4,1,archer,15,normalized-name-and-class,sk_mana,mana_or_energy,game_units,1,verified-ability-text-and-gitbook,"[""18"",""0""]","[""1"",""0""]",sk_lvl 2 *,"[[""mul"",""skill_level"",""2""]]","[""skill_level 2 *""]","[""multiply"",[""number"",""2""],[""variable"",""skill_level""]]","[[""multiply"",[""number"",""2""],[""variable"",""skill_level""]]]",same,,Canonical arithmetic expressions are semantically identical.
passiveattack,Passive Attack,Passive Attack,archer-4,1,archer,15,normalized-name-and-class,sk_range,range,game_units,2,gitbook-verified-for-class,"[""18"",""0""]","[""1"",""0""]",0,"[""weapon_range""]","[""weapon_range""]","[""number"",""0""]","[[""variable"",""weapon_range""]]",encoding-only,,Legacy melee range sentinel 0; Bango names the dynamic weapon_range symbol.
passiveattack,Passive Attack,Passive Attack,archer-4,1,archer,15,normalized-name-and-class,sk_charge,cast_time,milliseconds,3,gitbook-verified-for-class,"[""18"",""0""]","[""1"",""0""]",0,"[""0""]","[""0""]","[""number"",""0""]","[[""number"",""0""]]",same,,Canonical arithmetic expressions are semantically identical.
passiveattack,Passive Attack,Passive Attack,archer-4,1,archer,15,normalized-name-and-class,sk_coold,cooldown,milliseconds,4,gitbook-verified-for-class,"[""18"",""0""]","[""1"",""0""]",0,"[""800""]","[""800""]","[""number"",""0""]","[[""number"",""800""]]",differs,bango-differs-from-legacy,Value or formula differs; source-version attribution remains open.
flamyarrow,Flamy Arrow,Flamy Arrow,archer-6,1,archer,16,normalized-name-and-class,sk_mana,mana_or_energy,game_units,1,verified-ability-text-and-gitbook,"[""30"",""0""]","[""3"",""0""]",4 sk_lvl +,"[[""plus"",""4"",""skill_level""]]","[""4 skill_level +""]","[""add"",[""number"",""4""],[""variable"",""skill_level""]]","[[""add"",[""number"",""4""],[""variable"",""skill_level""]]]",same,,Canonical arithmetic expressions are semantically identical.
flamyarrow,Flamy Arrow,Flamy Arrow,archer-6,1,archer,16,normalized-name-and-class,sk_range,range,game_units,2,gitbook-verified-for-class,"[""30"",""0""]","[""3"",""0""]",0,"[""weapon_range""]","[""weapon_range""]","[""number"",""0""]","[[""variable"",""weapon_range""]]",encoding-only,,Legacy melee range sentinel 0; Bango names the dynamic weapon_range symbol.
flamyarrow,Flamy Arrow,Flamy Arrow,archer-6,1,archer,16,normalized-name-and-class,sk_charge,cast_time,milliseconds,3,gitbook-verified-for-class,"[""30"",""0""]","[""3"",""0""]",800,"[""800""]","[""800""]","[""number"",""800""]","[[""number"",""800""]]",same,,Canonical arithmetic expressions are semantically identical.
flamyarrow,Flamy Arrow,Flamy Arrow,archer-6,1,archer,16,normalized-name-and-class,sk_coold,cooldown,milliseconds,4,gitbook-verified-for-class,"[""30"",""0""]","[""3"",""0""]",0,"[""0""]","[""0""]","[""number"",""0""]","[[""number"",""0""]]",same,,Canonical arithmetic expressions are semantically identical.
chancecapture,Chance Capture,Chance Capture,archer-7,1,archer,21,normalized-name-and-class,sk_mana,mana_or_energy,game_units,1,verified-ability-text-and-gitbook,"[""30"",""35"",""40"",""45"",""50"",""0""]","[""3"",""1""]",56,"[""56""]","[""56""]","[""number"",""56""]","[[""number"",""56""]]",same,,Canonical arithmetic expressions are semantically identical.
chancecapture,Chance Capture,Chance Capture,archer-7,1,archer,21,normalized-name-and-class,sk_charge,cast_time,milliseconds,3,gitbook-verified-for-class,"[""30"",""35"",""40"",""45"",""50"",""0""]","[""3"",""1""]",0,"[""0""]","[""0""]","[""number"",""0""]","[[""number"",""0""]]",same,,Canonical arithmetic expressions are semantically identical.
chancecapture,Chance Capture,Chance Capture,archer-7,1,archer,21,normalized-name-and-class,sk_coold,cooldown,milliseconds,4,gitbook-verified-for-class,"[""30"",""35"",""40"",""45"",""50"",""0""]","[""3"",""1""]",0,"[""60000""]","[""60000""]","[""number"",""0""]","[[""number"",""60000""]]",differs,bango-differs-from-legacy,Value or formula differs; source-version attribution remains open.
musclesolidation,Muscle Solidation,Muscle Solidation,archer-10,1,archer,16,normalized-name-and-class,sk_mana,mana_or_energy,game_units,1,verified-ability-text-and-gitbook,"[""42"",""0""]","[""3"",""0""]",92,"[""92""]","[""92""]","[""number"",""92""]","[[""number"",""92""]]",same,,Canonical arithmetic expressions are semantically identical.
musclesolidation,Muscle Solidation,Muscle Solidation,archer-10,1,archer,16,normalized-name-and-class,sk_charge,cast_time,milliseconds,3,gitbook-verified-for-class,"[""42"",""0""]","[""3"",""0""]",0,"[""0""]","[""0""]","[""number"",""0""]","[[""number"",""0""]]",same,,Canonical arithmetic expressions are semantically identical.
musclesolidation,Muscle Solidation,Muscle Solidation,archer-10,1,archer,16,normalized-name-and-class,sk_coold,cooldown,milliseconds,4,gitbook-verified-for-class,"[""42"",""0""]","[""3"",""0""]",0,"[""90000""]","[""90000""]","[""number"",""0""]","[[""number"",""90000""]]",differs,bango-differs-from-legacy,Value or formula differs; source-version attribution remains open.
poisonarrow,Poison Arrow,Poison Arrow,archer-12,1,archer,16,normalized-name-and-class,sk_mana,mana_or_energy,game_units,1,verified-ability-text-and-gitbook,"[""43"",""0""]","[""3"",""0""]",15,"[""15""]","[""15""]","[""number"",""15""]","[[""number"",""15""]]",same,,Canonical arithmetic expressions are semantically identical.
poisonarrow,Poison Arrow,Poison Arrow,archer-12,1,archer,16,normalized-name-and-class,sk_range,range,game_units,2,gitbook-verified-for-class,"[""43"",""0""]","[""3"",""0""]",0,"[""weapon_range""]","[""weapon_range""]","[""number"",""0""]","[[""variable"",""weapon_range""]]",encoding-only,,Legacy melee range sentinel 0; Bango names the dynamic weapon_range symbol.
poisonarrow,Poison Arrow,Poison Arrow,archer-12,1,archer,16,normalized-name-and-class,sk_charge,cast_time,milliseconds,3,gitbook-verified-for-class,"[""43"",""0""]","[""3"",""0""]",0,"[""1500""]","[""1500""]","[""number"",""0""]","[[""number"",""1500""]]",differs,bango-differs-from-legacy,Value or formula differs; source-version attribution remains open.
poisonarrow,Poison Arrow,Poison Arrow,archer-12,1,archer,16,normalized-name-and-class,sk_coold,cooldown,milliseconds,4,gitbook-verified-for-class,"[""43"",""0""]","[""3"",""0""]",0,"[""0""]","[""0""]","[""number"",""0""]","[[""number"",""0""]]",same,,Canonical arithmetic expressions are semantically identical.
blowuparrow,Blow-up Arrow,Blow-up Arrow,archer-13,1,archer,16,normalized-name-and-class,sk_mana,mana_or_energy,game_units,1,verified-ability-text-and-gitbook,"[""46"",""0""]","[""3"",""0""]",7 sk_lvl 2 * +,"[[""plus"",""8"",[""div"",[""mul"",""skill_level"",""3""],""2""]]]","[""8 skill_level 3 * 2 / +""]","[""add"",[""multiply"",[""number"",""2""],[""variable"",""skill_level""]],[""number"",""7""]]","[[""add"",[""divide"",[""multiply"",[""number"",""3""],[""variable"",""skill_level""]],[""number"",""2""]],[""number"",""8""]]]",differs,bango-differs-from-legacy,Value or formula differs; source-version attribution remains open.
blowuparrow,Blow-up Arrow,Blow-up Arrow,archer-13,1,archer,16,normalized-name-and-class,sk_range,range,game_units,2,gitbook-verified-for-class,"[""46"",""0""]","[""3"",""0""]",0,"[""weapon_range""]","[""weapon_range""]","[""number"",""0""]","[[""variable"",""weapon_range""]]",encoding-only,,Legacy melee range sentinel 0; Bango names the dynamic weapon_range symbol.
blowuparrow,Blow-up Arrow,Blow-up Arrow,archer-13,1,archer,16,normalized-name-and-class,sk_charge,cast_time,milliseconds,3,gitbook-verified-for-class,"[""46"",""0""]","[""3"",""0""]",0,"[""800""]","[""800""]","[""number"",""0""]","[[""number"",""800""]]",differs,bango-differs-from-legacy,Value or formula differs; source-version attribution remains open.
blowuparrow,Blow-up Arrow,Blow-up Arrow,archer-13,1,archer,16,normalized-name-and-class,sk_coold,cooldown,milliseconds,4,gitbook-verified-for-class,"[""46"",""0""]","[""3"",""0""]",0,"[""0""]","[""0""]","[""number"",""0""]","[[""number"",""0""]]",same,,Canonical arithmetic expressions are semantically identical.
arrowofsilence,Arrow of Silence,Arrow of Silence,archer-14,1,archer,21,normalized-name-and-class,sk_mana,mana_or_energy,game_units,1,verified-ability-text-and-gitbook,"[""25"",""0""]","[""1"",""1""]",72,"[""72""]","[""72""]","[""number"",""72""]","[[""number"",""72""]]",same,,Canonical arithmetic expressions are semantically identical.
arrowofsilence,Arrow of Silence,Arrow of Silence,archer-14,1,archer,21,normalized-name-and-class,sk_range,range,game_units,2,gitbook-verified-for-class,"[""25"",""0""]","[""1"",""1""]",0,"[""weapon_range""]","[""weapon_range""]","[""number"",""0""]","[[""variable"",""weapon_range""]]",encoding-only,,Legacy melee range sentinel 0; Bango names the dynamic weapon_range symbol.
arrowofsilence,Arrow of Silence,Arrow of Silence,archer-14,1,archer,21,normalized-name-and-class,sk_charge,cast_time,milliseconds,3,gitbook-verified-for-class,"[""25"",""0""]","[""1"",""1""]",0,"[""2000""]","[""2000""]","[""number"",""0""]","[[""number"",""2000""]]",differs,bango-differs-from-legacy,Value or formula differs; source-version attribution remains open.
arrowofsilence,Arrow of Silence,Arrow of Silence,archer-14,1,archer,21,normalized-name-and-class,sk_coold,cooldown,milliseconds,4,gitbook-verified-for-class,"[""25"",""0""]","[""1"",""1""]",0,"[""15000""]","[""15000""]","[""number"",""0""]","[[""number"",""15000""]]",differs,bango-differs-from-legacy,Value or formula differs; source-version attribution remains open.
focusshot,Focus Shot,Focus Shot,archer-16,1,archer,17,normalized-name-and-class,sk_mana,mana_or_energy,game_units,1,verified-ability-text-and-gitbook,"[""50"",""56"",""60"",""66"",""69"",""0""]","[""7"",""0""]",25 sk_lvl 5 * +,"[[""plus"",""25"",[""mul"",""skill_level"",""5""]]]","[""25 skill_level 5 * +""]","[""add"",[""multiply"",[""number"",""5""],[""variable"",""skill_level""]],[""number"",""25""]]","[[""add"",[""multiply"",[""number"",""5""],[""variable"",""skill_level""]],[""number"",""25""]]]",same,,Canonical arithmetic expressions are semantically identical.
focusshot,Focus Shot,Focus Shot,archer-16,1,archer,17,normalized-name-and-class,sk_range,range,game_units,2,gitbook-verified-for-class,"[""50"",""56"",""60"",""66"",""69"",""0""]","[""7"",""0""]",0,"[[""plus"",""weapon_range"",""60""]]","[""weapon_range 60 +""]","[""number"",""0""]","[[""add"",[""number"",""60""],[""variable"",""weapon_range""]]]",differs,bango-differs-from-legacy,Value or formula differs; source-version attribution remains open.
focusshot,Focus Shot,Focus Shot,archer-16,1,archer,17,normalized-name-and-class,sk_charge,cast_time,milliseconds,3,gitbook-verified-for-class,"[""50"",""56"",""60"",""66"",""69"",""0""]","[""7"",""0""]",0,"[""3300""]","[""3300""]","[""number"",""0""]","[[""number"",""3300""]]",differs,bango-differs-from-legacy,Value or formula differs; source-version attribution remains open.
focusshot,Focus Shot,Focus Shot,archer-16,1,archer,17,normalized-name-and-class,sk_coold,cooldown,milliseconds,4,gitbook-verified-for-class,"[""50"",""56"",""60"",""66"",""69"",""0""]","[""7"",""0""]",0,"[""1000""]","[""1000""]","[""number"",""0""]","[[""number"",""1000""]]",differs,bango-differs-from-legacy,Value or formula differs; source-version attribution remains open.
rangeextension,Range Extension,Range Extension,archer-17,1,archer,17,normalized-name-and-class,sk_mana,mana_or_energy,game_units,1,verified-ability-text-and-gitbook,"[""51"",""58"",""67"",""0""]","[""7"",""0""]",0,"[""0""]","[""0""]","[""number"",""0""]","[[""number"",""0""]]",same,,Canonical arithmetic expressions are semantically identical.
rangeextension,Range Extension,Range Extension,archer-17,1,archer,17,normalized-name-and-class,sk_range,range,game_units,2,gitbook-verified-for-class,"[""51"",""58"",""67"",""0""]","[""7"",""0""]",0,"[""0""]","[""0""]","[""number"",""0""]","[[""number"",""0""]]",same,,Canonical arithmetic expressions are semantically identical.
rangeextension,Range Extension,Range Extension,archer-17,1,archer,17,normalized-name-and-class,sk_charge,cast_time,milliseconds,3,gitbook-verified-for-class,"[""51"",""58"",""67"",""0""]","[""7"",""0""]",0,"[""0""]","[""0""]","[""number"",""0""]","[[""number"",""0""]]",same,,Canonical arithmetic expressions are semantically identical.
rangeextension,Range Extension,Range Extension,archer-17,1,archer,17,normalized-name-and-class,sk_coold,cooldown,milliseconds,4,gitbook-verified-for-class,"[""51"",""58"",""67"",""0""]","[""7"",""0""]",0,"[""0""]","[""0""]","[""number"",""0""]","[[""number"",""0""]]",same,,Canonical arithmetic expressions are semantically identical.
lifeabsorption,Life Absorption,Life Absorption,archer-18,1,archer,18,normalized-name-and-class,sk_mana,mana_or_energy,game_units,1,verified-ability-text-and-gitbook,"[""50"",""57"",""66"",""0""]","[""11"",""0""]",20 sk_lvl 6 * +,"[[""plus"",""20"",[""mul"",""skill_level"",""6""]]]","[""20 skill_level 6 * +""]","[""add"",[""multiply"",[""number"",""6""],[""variable"",""skill_level""]],[""number"",""20""]]","[[""add"",[""multiply"",[""number"",""6""],[""variable"",""skill_level""]],[""number"",""20""]]]",same,,Canonical arithmetic expressions are semantically identical.
lifeabsorption,Life Absorption,Life Absorption,archer-18,1,archer,18,normalized-name-and-class,sk_range,range,game_units,2,gitbook-verified-for-class,"[""50"",""57"",""66"",""0""]","[""11"",""0""]",0,"[""160""]","[""160""]","[""number"",""0""]","[[""number"",""160""]]",differs,bango-differs-from-legacy,Value or formula differs; source-version attribution remains open.
lifeabsorption,Life Absorption,Life Absorption,archer-18,1,archer,18,normalized-name-and-class,sk_charge,cast_time,milliseconds,3,gitbook-verified-for-class,"[""50"",""57"",""66"",""0""]","[""11"",""0""]",0,"[""0""]","[""0""]","[""number"",""0""]","[[""number"",""0""]]",same,,Canonical arithmetic expressions are semantically identical.
lifeabsorption,Life Absorption,Life Absorption,archer-18,1,archer,18,normalized-name-and-class,sk_coold,cooldown,milliseconds,4,gitbook-verified-for-class,"[""50"",""57"",""66"",""0""]","[""11"",""0""]",0,"[""6000""]","[""6000""]","[""number"",""0""]","[[""number"",""6000""]]",differs,bango-differs-from-legacy,Value or formula differs; source-version attribution remains open.
pain,Pain,Pain,archer-19,1,archer,18,normalized-name-and-class,sk_mana,mana_or_energy,game_units,1,verified-ability-text-and-gitbook,"[""51"",""56"",""62"",""68"",""0""]","[""11"",""0""]",40 sk_lvl 8 * +,"[[""plus"",""40"",[""mul"",""skill_level"",""8""]]]","[""40 skill_level 8 * +""]","[""add"",[""multiply"",[""number"",""8""],[""variable"",""skill_level""]],[""number"",""40""]]","[[""add"",[""multiply"",[""number"",""8""],[""variable"",""skill_level""]],[""number"",""40""]]]",same,,Canonical arithmetic expressions are semantically identical.
pain,Pain,Pain,archer-19,1,archer,18,normalized-name-and-class,sk_range,range,game_units,2,gitbook-verified-for-class,"[""51"",""56"",""62"",""68"",""0""]","[""11"",""0""]",0,"[""180""]","[""180""]","[""number"",""0""]","[[""number"",""180""]]",differs,bango-differs-from-legacy,Value or formula differs; source-version attribution remains open.
pain,Pain,Pain,archer-19,1,archer,18,normalized-name-and-class,sk_charge,cast_time,milliseconds,3,gitbook-verified-for-class,"[""51"",""56"",""62"",""68"",""0""]","[""11"",""0""]",0,"[""1500""]","[""1500""]","[""number"",""0""]","[[""number"",""1500""]]",differs,bango-differs-from-legacy,Value or formula differs; source-version attribution remains open.
pain,Pain,Pain,archer-19,1,archer,18,normalized-name-and-class,sk_coold,cooldown,milliseconds,4,gitbook-verified-for-class,"[""51"",""56"",""62"",""68"",""0""]","[""11"",""0""]",0,"[""30000""]","[""30000""]","[""number"",""0""]","[[""number"",""30000""]]",differs,bango-differs-from-legacy,Value or formula differs; source-version attribution remains open.
mysteriousarrow,Mysterious Arrow,Mysterious Arrow,archer-21,1,archer,17,normalized-name-and-class,sk_mana,mana_or_energy,game_units,1,verified-ability-text-and-gitbook,"[""57"",""67"",""70"",""0""]","[""7"",""0""]",31 sk_lvl 11 * +,"[[""plus"",""31"",[""mul"",""skill_level"",""11""]]]","[""31 skill_level 11 * +""]","[""add"",[""multiply"",[""number"",""11""],[""variable"",""skill_level""]],[""number"",""31""]]","[[""add"",[""multiply"",[""number"",""11""],[""variable"",""skill_level""]],[""number"",""31""]]]",same,,Canonical arithmetic expressions are semantically identical.
mysteriousarrow,Mysterious Arrow,Mysterious Arrow,archer-21,1,archer,17,normalized-name-and-class,sk_range,range,game_units,2,gitbook-verified-for-class,"[""57"",""67"",""70"",""0""]","[""7"",""0""]",0,"[""weapon_range""]","[""weapon_range""]","[""number"",""0""]","[[""variable"",""weapon_range""]]",encoding-only,,Legacy melee range sentinel 0; Bango names the dynamic weapon_range symbol.
mysteriousarrow,Mysterious Arrow,Mysterious Arrow,archer-21,1,archer,17,normalized-name-and-class,sk_charge,cast_time,milliseconds,3,gitbook-verified-for-class,"[""57"",""67"",""70"",""0""]","[""7"",""0""]",0,"[""0""]","[""0""]","[""number"",""0""]","[[""number"",""0""]]",same,,Canonical arithmetic expressions are semantically identical.
mysteriousarrow,Mysterious Arrow,Mysterious Arrow,archer-21,1,archer,17,normalized-name-and-class,sk_coold,cooldown,milliseconds,4,gitbook-verified-for-class,"[""57"",""67"",""70"",""0""]","[""7"",""0""]",0,"[""5000""]","[""5000""]","[""number"",""0""]","[[""number"",""5000""]]",differs,bango-differs-from-legacy,Value or formula differs; source-version attribution remains open.
speedofattackreducer,Speed of Attack Reducer,Speed of Attack Reducer,archer-22,1,archer,18,normalized-name-and-class,sk_mana,mana_or_energy,game_units,1,verified-ability-text-and-gitbook,"[""52"",""61"",""0""]","[""11"",""0""]",20,"[""20""]","[""20""]","[""number"",""20""]","[[""number"",""20""]]",same,,Canonical arithmetic expressions are semantically identical.
speedofattackreducer,Speed of Attack Reducer,Speed of Attack Reducer,archer-22,1,archer,18,normalized-name-and-class,sk_range,range,game_units,2,gitbook-verified-for-class,"[""52"",""61"",""0""]","[""11"",""0""]",0,"[""weapon_range""]","[""weapon_range""]","[""number"",""0""]","[[""variable"",""weapon_range""]]",encoding-only,,Legacy melee range sentinel 0; Bango names the dynamic weapon_range symbol.
speedofattackreducer,Speed of Attack Reducer,Speed of Attack Reducer,archer-22,1,archer,18,normalized-name-and-class,sk_charge,cast_time,milliseconds,3,gitbook-verified-for-class,"[""52"",""61"",""0""]","[""11"",""0""]",0,"[""0""]","[""0""]","[""number"",""0""]","[[""number"",""0""]]",same,,Canonical arithmetic expressions are semantically identical.
speedofattackreducer,Speed of Attack Reducer,Speed of Attack Reducer,archer-22,1,archer,18,normalized-name-and-class,sk_coold,cooldown,milliseconds,4,gitbook-verified-for-class,"[""52"",""61"",""0""]","[""11"",""0""]",0,"[""30000""]","[""30000""]","[""number"",""0""]","[[""number"",""30000""]]",differs,bango-differs-from-legacy,Value or formula differs; source-version attribution remains open.
lightningresistance,Lightning Resistance,Lightning Resistance,archer-24,1,archer,17,normalized-name-and-class,sk_mana,mana_or_energy,game_units,1,verified-ability-text-and-gitbook,"[""52"",""64"",""0""]","[""7"",""0""]",42 sk_lvl 11 * +,"[[""plus"",""42"",[""mul"",""skill_level"",""11""]]]","[""42 skill_level 11 * +""]","[""add"",[""multiply"",[""number"",""11""],[""variable"",""skill_level""]],[""number"",""42""]]","[[""add"",[""multiply"",[""number"",""11""],[""variable"",""skill_level""]],[""number"",""42""]]]",same,,Canonical arithmetic expressions are semantically identical.
lightningresistance,Lightning Resistance,Lightning Resistance,archer-24,1,archer,17,normalized-name-and-class,sk_range,range,game_units,2,gitbook-verified-for-class,"[""52"",""64"",""0""]","[""7"",""0""]",0,"[""weapon_range""]","[""weapon_range""]","[""number"",""0""]","[[""variable"",""weapon_range""]]",encoding-only,,Legacy melee range sentinel 0; Bango names the dynamic weapon_range symbol.
lightningresistance,Lightning Resistance,Lightning Resistance,archer-24,1,archer,17,normalized-name-and-class,sk_charge,cast_time,milliseconds,3,gitbook-verified-for-class,"[""52"",""64"",""0""]","[""7"",""0""]",0,"[""0""]","[""0""]","[""number"",""0""]","[[""number"",""0""]]",same,,Canonical arithmetic expressions are semantically identical.
lightningresistance,Lightning Resistance,Lightning Resistance,archer-24,1,archer,17,normalized-name-and-class,sk_coold,cooldown,milliseconds,4,gitbook-verified-for-class,"[""52"",""64"",""0""]","[""7"",""0""]",0,"[""60000""]","[""60000""]","[""number"",""0""]","[[""number"",""60000""]]",differs,bango-differs-from-legacy,Value or formula differs; source-version attribution remains open.
iceresistance,Ice Resistance,Ice Resistance,archer-25,1,archer,17,normalized-name-and-class,sk_mana,mana_or_energy,game_units,1,verified-ability-text-and-gitbook,"[""52"",""64"",""0""]","[""7"",""0""]",42 sk_lvl 11 * +,"[[""plus"",""42"",[""mul"",""skill_level"",""11""]]]","[""42 skill_level 11 * +""]","[""add"",[""multiply"",[""number"",""11""],[""variable"",""skill_level""]],[""number"",""42""]]","[[""add"",[""multiply"",[""number"",""11""],[""variable"",""skill_level""]],[""number"",""42""]]]",same,,Canonical arithmetic expressions are semantically identical.
iceresistance,Ice Resistance,Ice Resistance,archer-25,1,archer,17,normalized-name-and-class,sk_range,range,game_units,2,gitbook-verified-for-class,"[""52"",""64"",""0""]","[""7"",""0""]",0,"[""weapon_range""]","[""weapon_range""]","[""number"",""0""]","[[""variable"",""weapon_range""]]",encoding-only,,Legacy melee range sentinel 0; Bango names the dynamic weapon_range symbol.
iceresistance,Ice Resistance,Ice Resistance,archer-25,1,archer,17,normalized-name-and-class,sk_charge,cast_time,milliseconds,3,gitbook-verified-for-class,"[""52"",""64"",""0""]","[""7"",""0""]",0,"[""0""]","[""0""]","[""number"",""0""]","[[""number"",""0""]]",same,,Canonical arithmetic expressions are semantically identical.
iceresistance,Ice Resistance,Ice Resistance,archer-25,1,archer,17,normalized-name-and-class,sk_coold,cooldown,milliseconds,4,gitbook-verified-for-class,"[""52"",""64"",""0""]","[""7"",""0""]",0,"[""60000""]","[""60000""]","[""number"",""0""]","[[""number"",""60000""]]",differs,bango-differs-from-legacy,Value or formula differs; source-version attribution remains open.
fireresistance,Fire Resistance,Fire Resistance,archer-26,1,archer,17,normalized-name-and-class,sk_mana,mana_or_energy,game_units,1,verified-ability-text-and-gitbook,"[""52"",""64"",""0""]","[""7"",""0""]",42 sk_lvl 11 * +,"[[""plus"",""42"",[""mul"",""skill_level"",""11""]]]","[""42 skill_level 11 * +""]","[""add"",[""multiply"",[""number"",""11""],[""variable"",""skill_level""]],[""number"",""42""]]","[[""add"",[""multiply"",[""number"",""11""],[""variable"",""skill_level""]],[""number"",""42""]]]",same,,Canonical arithmetic expressions are semantically identical.
fireresistance,Fire Resistance,Fire Resistance,archer-26,1,archer,17,normalized-name-and-class,sk_range,range,game_units,2,gitbook-verified-for-class,"[""52"",""64"",""0""]","[""7"",""0""]",0,"[""weapon_range""]","[""weapon_range""]","[""number"",""0""]","[[""variable"",""weapon_range""]]",encoding-only,,Legacy melee range sentinel 0; Bango names the dynamic weapon_range symbol.
fireresistance,Fire Resistance,Fire Resistance,archer-26,1,archer,17,normalized-name-and-class,sk_charge,cast_time,milliseconds,3,gitbook-verified-for-class,"[""52"",""64"",""0""]","[""7"",""0""]",0,"[""0""]","[""0""]","[""number"",""0""]","[[""number"",""0""]]",same,,Canonical arithmetic expressions are semantically identical.
fireresistance,Fire Resistance,Fire Resistance,archer-26,1,archer,17,normalized-name-and-class,sk_coold,cooldown,milliseconds,4,gitbook-verified-for-class,"[""52"",""64"",""0""]","[""7"",""0""]",0,"[""60000""]","[""60000""]","[""number"",""0""]","[[""number"",""60000""]]",differs,bango-differs-from-legacy,Value or formula differs; source-version attribution remains open.
powerfularrowofsilence,Powerful Arrow of Silence,Powerful Arrow of Silence,archer-27,1,archer,17,normalized-name-and-class,sk_mana,mana_or_energy,game_units,1,verified-ability-text-and-gitbook,"[""53"",""63"",""0""]","[""7"",""0""]",80 sk_lvl 20 * +,"[[""plus"",""80"",[""mul"",""skill_level"",""20""]]]","[""80 skill_level 20 * +""]","[""add"",[""multiply"",[""number"",""20""],[""variable"",""skill_level""]],[""number"",""80""]]","[[""add"",[""multiply"",[""number"",""20""],[""variable"",""skill_level""]],[""number"",""80""]]]",same,,Canonical arithmetic expressions are semantically identical.
powerfularrowofsilence,Powerful Arrow of Silence,Powerful Arrow of Silence,archer-27,1,archer,17,normalized-name-and-class,sk_range,range,game_units,2,gitbook-verified-for-class,"[""53"",""63"",""0""]","[""7"",""0""]",0,"[""weapon_range""]","[""weapon_range""]","[""number"",""0""]","[[""variable"",""weapon_range""]]",encoding-only,,Legacy melee range sentinel 0; Bango names the dynamic weapon_range symbol.
powerfularrowofsilence,Powerful Arrow of Silence,Powerful Arrow of Silence,archer-27,1,archer,17,normalized-name-and-class,sk_charge,cast_time,milliseconds,3,gitbook-verified-for-class,"[""53"",""63"",""0""]","[""7"",""0""]",0,"[""2000""]","[""2000""]","[""number"",""0""]","[[""number"",""2000""]]",differs,bango-differs-from-legacy,Value or formula differs; source-version attribution remains open.
powerfularrowofsilence,Powerful Arrow of Silence,Powerful Arrow of Silence,archer-27,1,archer,17,normalized-name-and-class,sk_coold,cooldown,milliseconds,4,gitbook-verified-for-class,"[""53"",""63"",""0""]","[""7"",""0""]",0,"[""40000""]","[""40000""]","[""number"",""0""]","[[""number"",""40000""]]",differs,bango-differs-from-legacy,Value or formula differs; source-version attribution remains open.
curseresistance,Curse Resistance,Curse Resistance,archer-28,1,archer,17,normalized-name-and-class,sk_mana,mana_or_energy,game_units,1,verified-ability-text-and-gitbook,"[""55"",""65"",""0""]","[""7"",""0""]",22 sk_lvl 14 * +,"[[""plus"",""22"",[""mul"",""skill_level"",""14""]]]","[""22 skill_level 14 * +""]","[""add"",[""multiply"",[""number"",""14""],[""variable"",""skill_level""]],[""number"",""22""]]","[[""add"",[""multiply"",[""number"",""14""],[""variable"",""skill_level""]],[""number"",""22""]]]",same,,Canonical arithmetic expressions are semantically identical.
curseresistance,Curse Resistance,Curse Resistance,archer-28,1,archer,17,normalized-name-and-class,sk_range,range,game_units,2,gitbook-verified-for-class,"[""55"",""65"",""0""]","[""7"",""0""]",0,"[""weapon_range""]","[""weapon_range""]","[""number"",""0""]","[[""variable"",""weapon_range""]]",encoding-only,,Legacy melee range sentinel 0; Bango names the dynamic weapon_range symbol.
curseresistance,Curse Resistance,Curse Resistance,archer-28,1,archer,17,normalized-name-and-class,sk_charge,cast_time,milliseconds,3,gitbook-verified-for-class,"[""55"",""65"",""0""]","[""7"",""0""]",0,"[""0""]","[""0""]","[""number"",""0""]","[[""number"",""0""]]",same,,Canonical arithmetic expressions are semantically identical.
curseresistance,Curse Resistance,Curse Resistance,archer-28,1,archer,17,normalized-name-and-class,sk_coold,cooldown,milliseconds,4,gitbook-verified-for-class,"[""55"",""65"",""0""]","[""7"",""0""]",0,"[""60000""]","[""60000""]","[""number"",""0""]","[[""number"",""60000""]]",differs,bango-differs-from-legacy,Value or formula differs; source-version attribution remains open.
nonattributionresistance,Non-Attribution Resistance,Non-Attribution Resistance,archer-29,1,archer,17,normalized-name-and-class,sk_mana,mana_or_energy,game_units,1,verified-ability-text-and-gitbook,"[""56"",""65"",""0""]","[""7"",""0""]",22 sk_lvl 14 * +,"[[""plus"",""22"",[""mul"",""skill_level"",""14""]]]","[""22 skill_level 14 * +""]","[""add"",[""multiply"",[""number"",""14""],[""variable"",""skill_level""]],[""number"",""22""]]","[[""add"",[""multiply"",[""number"",""14""],[""variable"",""skill_level""]],[""number"",""22""]]]",same,,Canonical arithmetic expressions are semantically identical.
nonattributionresistance,Non-Attribution Resistance,Non-Attribution Resistance,archer-29,1,archer,17,normalized-name-and-class,sk_range,range,game_units,2,gitbook-verified-for-class,"[""56"",""65"",""0""]","[""7"",""0""]",0,"[""weapon_range""]","[""weapon_range""]","[""number"",""0""]","[[""variable"",""weapon_range""]]",encoding-only,,Legacy melee range sentinel 0; Bango names the dynamic weapon_range symbol.
nonattributionresistance,Non-Attribution Resistance,Non-Attribution Resistance,archer-29,1,archer,17,normalized-name-and-class,sk_charge,cast_time,milliseconds,3,gitbook-verified-for-class,"[""56"",""65"",""0""]","[""7"",""0""]",0,"[""0""]","[""0""]","[""number"",""0""]","[[""number"",""0""]]",same,,Canonical arithmetic expressions are semantically identical.
nonattributionresistance,Non-Attribution Resistance,Non-Attribution Resistance,archer-29,1,archer,17,normalized-name-and-class,sk_coold,cooldown,milliseconds,4,gitbook-verified-for-class,"[""56"",""65"",""0""]","[""7"",""0""]",0,"[""60000""]","[""60000""]","[""number"",""0""]","[[""number"",""60000""]]",differs,bango-differs-from-legacy,Value or formula differs; source-version attribution remains open.
emergencyescape,Emergency Escape,Emergency Escape,archer-30,1,archer,17,normalized-name-and-class,sk_mana,mana_or_energy,game_units,1,verified-ability-text-and-gitbook,"[""59"",""0""]","[""7"",""0""]",350,"[""70""]","[""70""]","[""number"",""350""]","[[""number"",""70""]]",differs,bango-differs-from-legacy,Value or formula differs; source-version attribution remains open.
emergencyescape,Emergency Escape,Emergency Escape,archer-30,1,archer,17,normalized-name-and-class,sk_range,range,game_units,2,gitbook-verified-for-class,"[""59"",""0""]","[""7"",""0""]",0,"[""weapon_range""]","[""weapon_range""]","[""number"",""0""]","[[""variable"",""weapon_range""]]",encoding-only,,Legacy melee range sentinel 0; Bango names the dynamic weapon_range symbol.
emergencyescape,Emergency Escape,Emergency Escape,archer-30,1,archer,17,normalized-name-and-class,sk_charge,cast_time,milliseconds,3,gitbook-verified-for-class,"[""59"",""0""]","[""7"",""0""]",0,"[""0""]","[""0""]","[""number"",""0""]","[[""number"",""0""]]",same,,Canonical arithmetic expressions are semantically identical.
emergencyescape,Emergency Escape,Emergency Escape,archer-30,1,archer,17,normalized-name-and-class,sk_coold,cooldown,milliseconds,4,gitbook-verified-for-class,"[""59"",""0""]","[""7"",""0""]",0,"[""900000""]","[""900000""]","[""number"",""0""]","[[""number"",""900000""]]",differs,bango-differs-from-legacy,Value or formula differs; source-version attribution remains open.
decreaseoftargetrange,Decrease of Target Range,Decrease of Target Range,archer-32,1,archer,18,normalized-name-and-class,sk_mana,mana_or_energy,game_units,1,verified-ability-text-and-gitbook,"[""52"",""0""]","[""11"",""0""]",50,"[""50""]","[""50""]","[""number"",""50""]","[[""number"",""50""]]",same,,Canonical arithmetic expressions are semantically identical.
decreaseoftargetrange,Decrease of Target Range,Decrease of Target Range,archer-32,1,archer,18,normalized-name-and-class,sk_range,range,game_units,2,gitbook-verified-for-class,"[""52"",""0""]","[""11"",""0""]",0,"[""200""]","[""200""]","[""number"",""0""]","[[""number"",""200""]]",differs,bango-differs-from-legacy,Value or formula differs; source-version attribution remains open.
decreaseoftargetrange,Decrease of Target Range,Decrease of Target Range,archer-32,1,archer,18,normalized-name-and-class,sk_charge,cast_time,milliseconds,3,gitbook-verified-for-class,"[""52"",""0""]","[""11"",""0""]",0,"[""0""]","[""0""]","[""number"",""0""]","[[""number"",""0""]]",same,,Canonical arithmetic expressions are semantically identical.
decreaseoftargetrange,Decrease of Target Range,Decrease of Target Range,archer-32,1,archer,18,normalized-name-and-class,sk_coold,cooldown,milliseconds,4,gitbook-verified-for-class,"[""52"",""0""]","[""11"",""0""]",0,"[""30000""]","[""30000""]","[""number"",""0""]","[[""number"",""30000""]]",differs,bango-differs-from-legacy,Value or formula differs; source-version attribution remains open.
mpvaporization,MP Vaporization,MP Vaporization,archer-33,1,archer,18,normalized-name-and-class,sk_mana,mana_or_energy,game_units,1,verified-ability-text-and-gitbook,"[""53"",""65"",""0""]","[""11"",""0""]",40 sk_lvl 16 * +,"[[""plus"",""40"",[""mul"",""skill_level"",""16""]]]","[""40 skill_level 16 * +""]","[""add"",[""multiply"",[""number"",""16""],[""variable"",""skill_level""]],[""number"",""40""]]","[[""add"",[""multiply"",[""number"",""16""],[""variable"",""skill_level""]],[""number"",""40""]]]",same,,Canonical arithmetic expressions are semantically identical.
mpvaporization,MP Vaporization,MP Vaporization,archer-33,1,archer,18,normalized-name-and-class,sk_range,range,game_units,2,gitbook-verified-for-class,"[""53"",""65"",""0""]","[""11"",""0""]",0,"[""160""]","[""160""]","[""number"",""0""]","[[""number"",""160""]]",differs,bango-differs-from-legacy,Value or formula differs; source-version attribution remains open.
mpvaporization,MP Vaporization,MP Vaporization,archer-33,1,archer,18,normalized-name-and-class,sk_charge,cast_time,milliseconds,3,gitbook-verified-for-class,"[""53"",""65"",""0""]","[""11"",""0""]",0,"[""2400""]","[""2400""]","[""number"",""0""]","[[""number"",""2400""]]",differs,bango-differs-from-legacy,Value or formula differs; source-version attribution remains open.
mpvaporization,MP Vaporization,MP Vaporization,archer-33,1,archer,18,normalized-name-and-class,sk_coold,cooldown,milliseconds,4,gitbook-verified-for-class,"[""53"",""65"",""0""]","[""11"",""0""]",0,"[""30000""]","[""30000""]","[""number"",""0""]","[[""number"",""30000""]]",differs,bango-differs-from-legacy,Value or formula differs; source-version attribution remains open.
curseofcriticalhit,Curse of Critical Hit,Curse of Critical Hit,archer-34,1,archer,18,normalized-name-and-class,sk_mana,mana_or_energy,game_units,1,verified-ability-text-and-gitbook,"[""54"",""67"",""0""]","[""11"",""0""]",26,"[""26""]","[""26""]","[""number"",""26""]","[[""number"",""26""]]",same,,Canonical arithmetic expressions are semantically identical.
curseofcriticalhit,Curse of Critical Hit,Curse of Critical Hit,archer-34,1,archer,18,normalized-name-and-class,sk_range,range,game_units,2,gitbook-verified-for-class,"[""54"",""67"",""0""]","[""11"",""0""]",0,"[""200""]","[""200""]","[""number"",""0""]","[[""number"",""200""]]",differs,bango-differs-from-legacy,Value or formula differs; source-version attribution remains open.
curseofcriticalhit,Curse of Critical Hit,Curse of Critical Hit,archer-34,1,archer,18,normalized-name-and-class,sk_charge,cast_time,milliseconds,3,gitbook-verified-for-class,"[""54"",""67"",""0""]","[""11"",""0""]",0,"[""0""]","[""0""]","[""number"",""0""]","[[""number"",""0""]]",same,,Canonical arithmetic expressions are semantically identical.
curseofcriticalhit,Curse of Critical Hit,Curse of Critical Hit,archer-34,1,archer,18,normalized-name-and-class,sk_coold,cooldown,milliseconds,4,gitbook-verified-for-class,"[""54"",""67"",""0""]","[""11"",""0""]",0,"[""60000""]","[""60000""]","[""number"",""0""]","[[""number"",""60000""]]",differs,bango-differs-from-legacy,Value or formula differs; source-version attribution remains open.
curseofstrength,Curse of Strength,Curse of Strength,archer-35,1,archer,18,normalized-name-and-class,sk_mana,mana_or_energy,game_units,1,verified-ability-text-and-gitbook,"[""55"",""63"",""0""]","[""11"",""0""]",38,"[""38""]","[""38""]","[""number"",""38""]","[[""number"",""38""]]",same,,Canonical arithmetic expressions are semantically identical.
curseofstrength,Curse of Strength,Curse of Strength,archer-35,1,archer,18,normalized-name-and-class,sk_range,range,game_units,2,gitbook-verified-for-class,"[""55"",""63"",""0""]","[""11"",""0""]",0,"[""190""]","[""190""]","[""number"",""0""]","[[""number"",""190""]]",differs,bango-differs-from-legacy,Value or formula differs; source-version attribution remains open.
curseofstrength,Curse of Strength,Curse of Strength,archer-35,1,archer,18,normalized-name-and-class,sk_charge,cast_time,milliseconds,3,gitbook-verified-for-class,"[""55"",""63"",""0""]","[""11"",""0""]",0,"[""0""]","[""0""]","[""number"",""0""]","[[""number"",""0""]]",same,,Canonical arithmetic expressions are semantically identical.
curseofstrength,Curse of Strength,Curse of Strength,archer-35,1,archer,18,normalized-name-and-class,sk_coold,cooldown,milliseconds,4,gitbook-verified-for-class,"[""55"",""63"",""0""]","[""11"",""0""]",0,"[""60000""]","[""60000""]","[""number"",""0""]","[[""number"",""60000""]]",differs,bango-differs-from-legacy,Value or formula differs; source-version attribution remains open.
curseofhealth,Curse of Health,Curse of Health,archer-36,1,archer,18,normalized-name-and-class,sk_mana,mana_or_energy,game_units,1,verified-ability-text-and-gitbook,"[""56"",""63"",""0""]","[""11"",""0""]",38,"[""38""]","[""38""]","[""number"",""38""]","[[""number"",""38""]]",same,,Canonical arithmetic expressions are semantically identical.
curseofhealth,Curse of Health,Curse of Health,archer-36,1,archer,18,normalized-name-and-class,sk_range,range,game_units,2,gitbook-verified-for-class,"[""56"",""63"",""0""]","[""11"",""0""]",0,"[""190""]","[""190""]","[""number"",""0""]","[[""number"",""190""]]",differs,bango-differs-from-legacy,Value or formula differs; source-version attribution remains open.
curseofhealth,Curse of Health,Curse of Health,archer-36,1,archer,18,normalized-name-and-class,sk_charge,cast_time,milliseconds,3,gitbook-verified-for-class,"[""56"",""63"",""0""]","[""11"",""0""]",0,"[""0""]","[""0""]","[""number"",""0""]","[[""number"",""0""]]",same,,Canonical arithmetic expressions are semantically identical.
curseofhealth,Curse of Health,Curse of Health,archer-36,1,archer,18,normalized-name-and-class,sk_coold,cooldown,milliseconds,4,gitbook-verified-for-class,"[""56"",""63"",""0""]","[""11"",""0""]",0,"[""60000""]","[""60000""]","[""number"",""0""]","[[""number"",""60000""]]",differs,bango-differs-from-legacy,Value or formula differs; source-version attribution remains open.
curseofagility,Curse of Agility,Curse of Agility,archer-37,1,archer,18,normalized-name-and-class,sk_mana,mana_or_energy,game_units,1,verified-ability-text-and-gitbook,"[""56"",""64"",""0""]","[""11"",""0""]",42,"[""42""]","[""42""]","[""number"",""42""]","[[""number"",""42""]]",same,,Canonical arithmetic expressions are semantically identical.
curseofagility,Curse of Agility,Curse of Agility,archer-37,1,archer,18,normalized-name-and-class,sk_range,range,game_units,2,gitbook-verified-for-class,"[""56"",""64"",""0""]","[""11"",""0""]",0,"[""200""]","[""200""]","[""number"",""0""]","[[""number"",""200""]]",differs,bango-differs-from-legacy,Value or formula differs; source-version attribution remains open.
curseofagility,Curse of Agility,Curse of Agility,archer-37,1,archer,18,normalized-name-and-class,sk_charge,cast_time,milliseconds,3,gitbook-verified-for-class,"[""56"",""64"",""0""]","[""11"",""0""]",0,"[""0""]","[""0""]","[""number"",""0""]","[[""number"",""0""]]",same,,Canonical arithmetic expressions are semantically identical.
curseofagility,Curse of Agility,Curse of Agility,archer-37,1,archer,18,normalized-name-and-class,sk_coold,cooldown,milliseconds,4,gitbook-verified-for-class,"[""56"",""64"",""0""]","[""11"",""0""]",0,"[""60000""]","[""60000""]","[""number"",""0""]","[[""number"",""60000""]]",differs,bango-differs-from-legacy,Value or formula differs; source-version attribution remains open.
curseofintelligence,Curse of Intelligence,Curse of Intelligence,archer-38,1,archer,18,normalized-name-and-class,sk_mana,mana_or_energy,game_units,1,verified-ability-text-and-gitbook,"[""57"",""64"",""0""]","[""11"",""0""]",42,"[""42""]","[""42""]","[""number"",""42""]","[[""number"",""42""]]",same,,Canonical arithmetic expressions are semantically identical.
curseofintelligence,Curse of Intelligence,Curse of Intelligence,archer-38,1,archer,18,normalized-name-and-class,sk_range,range,game_units,2,gitbook-verified-for-class,"[""57"",""64"",""0""]","[""11"",""0""]",0,"[""200""]","[""200""]","[""number"",""0""]","[[""number"",""200""]]",differs,bango-differs-from-legacy,Value or formula differs; source-version attribution remains open.
curseofintelligence,Curse of Intelligence,Curse of Intelligence,archer-38,1,archer,18,normalized-name-and-class,sk_charge,cast_time,milliseconds,3,gitbook-verified-for-class,"[""57"",""64"",""0""]","[""11"",""0""]",0,"[""0""]","[""0""]","[""number"",""0""]","[[""number"",""0""]]",same,,Canonical arithmetic expressions are semantically identical.
curseofintelligence,Curse of Intelligence,Curse of Intelligence,archer-38,1,archer,18,normalized-name-and-class,sk_coold,cooldown,milliseconds,4,gitbook-verified-for-class,"[""57"",""64"",""0""]","[""11"",""0""]",0,"[""60000""]","[""60000""]","[""number"",""0""]","[[""number"",""60000""]]",differs,bango-differs-from-legacy,Value or formula differs; source-version attribution remains open.
curseofwisdom,Curse of Wisdom,Curse of Wisdom,archer-39,1,archer,18,normalized-name-and-class,sk_mana,mana_or_energy,game_units,1,verified-ability-text-and-gitbook,"[""58"",""66"",""0""]","[""11"",""0""]",38,"[""38""]","[""38""]","[""number"",""38""]","[[""number"",""38""]]",same,,Canonical arithmetic expressions are semantically identical.
curseofwisdom,Curse of Wisdom,Curse of Wisdom,archer-39,1,archer,18,normalized-name-and-class,sk_range,range,game_units,2,gitbook-verified-for-class,"[""58"",""66"",""0""]","[""11"",""0""]",0,"[""200""]","[""200""]","[""number"",""0""]","[[""number"",""200""]]",differs,bango-differs-from-legacy,Value or formula differs; source-version attribution remains open.
curseofwisdom,Curse of Wisdom,Curse of Wisdom,archer-39,1,archer,18,normalized-name-and-class,sk_charge,cast_time,milliseconds,3,gitbook-verified-for-class,"[""58"",""66"",""0""]","[""11"",""0""]",0,"[""0""]","[""0""]","[""number"",""0""]","[[""number"",""0""]]",same,,Canonical arithmetic expressions are semantically identical.
curseofwisdom,Curse of Wisdom,Curse of Wisdom,archer-39,1,archer,18,normalized-name-and-class,sk_coold,cooldown,milliseconds,4,gitbook-verified-for-class,"[""58"",""66"",""0""]","[""11"",""0""]",0,"[""60000""]","[""60000""]","[""number"",""0""]","[[""number"",""60000""]]",differs,bango-differs-from-legacy,Value or formula differs; source-version attribution remains open.
curseofdefense,Curse of Defense,Curse of Defense,archer-40,1,archer,18,normalized-name-and-class,sk_mana,mana_or_energy,game_units,1,verified-ability-text-and-gitbook,"[""59"",""67"",""0""]","[""11"",""0""]",83,"[""83""]","[""83""]","[""number"",""83""]","[[""number"",""83""]]",same,,Canonical arithmetic expressions are semantically identical.
curseofdefense,Curse of Defense,Curse of Defense,archer-40,1,archer,18,normalized-name-and-class,sk_range,range,game_units,2,gitbook-verified-for-class,"[""59"",""67"",""0""]","[""11"",""0""]",0,"[""180""]","[""180""]","[""number"",""0""]","[[""number"",""180""]]",differs,bango-differs-from-legacy,Value or formula differs; source-version attribution remains open.
curseofdefense,Curse of Defense,Curse of Defense,archer-40,1,archer,18,normalized-name-and-class,sk_charge,cast_time,milliseconds,3,gitbook-verified-for-class,"[""59"",""67"",""0""]","[""11"",""0""]",0,"[""0""]","[""0""]","[""number"",""0""]","[[""number"",""0""]]",same,,Canonical arithmetic expressions are semantically identical.
curseofdefense,Curse of Defense,Curse of Defense,archer-40,1,archer,18,normalized-name-and-class,sk_coold,cooldown,milliseconds,4,gitbook-verified-for-class,"[""59"",""67"",""0""]","[""11"",""0""]",0,"[""60000""]","[""60000""]","[""number"",""0""]","[[""number"",""60000""]]",differs,bango-differs-from-legacy,Value or formula differs; source-version attribution remains open.
poisoncloud,Poison Cloud,Poison Cloud,archer-41,1,archer,18,normalized-name-and-class,sk_mana,mana_or_energy,game_units,1,verified-ability-text-and-gitbook,"[""59"",""70"",""0""]","[""11"",""0""]",100 sk_lvl 16 * +,"[[""plus"",""100"",[""mul"",""skill_level"",""16""]]]","[""100 skill_level 16 * +""]","[""add"",[""multiply"",[""number"",""16""],[""variable"",""skill_level""]],[""number"",""100""]]","[[""add"",[""multiply"",[""number"",""16""],[""variable"",""skill_level""]],[""number"",""100""]]]",same,,Canonical arithmetic expressions are semantically identical.
poisoncloud,Poison Cloud,Poison Cloud,archer-41,1,archer,18,normalized-name-and-class,sk_range,range,game_units,2,gitbook-verified-for-class,"[""59"",""70"",""0""]","[""11"",""0""]",0,"[""200""]","[""200""]","[""number"",""0""]","[[""number"",""200""]]",differs,bango-differs-from-legacy,Value or formula differs; source-version attribution remains open.
poisoncloud,Poison Cloud,Poison Cloud,archer-41,1,archer,18,normalized-name-and-class,sk_charge,cast_time,milliseconds,3,gitbook-verified-for-class,"[""59"",""70"",""0""]","[""11"",""0""]",0,"[""2000""]","[""2000""]","[""number"",""0""]","[[""number"",""2000""]]",differs,bango-differs-from-legacy,Value or formula differs; source-version attribution remains open.
poisoncloud,Poison Cloud,Poison Cloud,archer-41,1,archer,18,normalized-name-and-class,sk_coold,cooldown,milliseconds,4,gitbook-verified-for-class,"[""59"",""70"",""0""]","[""11"",""0""]",0,"[""180000""]","[""180000""]","[""number"",""0""]","[[""number"",""180000""]]",differs,bango-differs-from-legacy,Value or formula differs; source-version attribution remains open.
lossofconfidence,Loss of Confidence,Loss of Confidence,archer-42,1,archer,18,normalized-name-and-class,sk_mana,mana_or_energy,game_units,1,verified-ability-text-and-gitbook,"[""61"",""0""]","[""11"",""0""]",98,"[""98""]","[""98""]","[""number"",""98""]","[[""number"",""98""]]",same,,Canonical arithmetic expressions are semantically identical.
lossofconfidence,Loss of Confidence,Loss of Confidence,archer-42,1,archer,18,normalized-name-and-class,sk_range,range,game_units,2,gitbook-verified-for-class,"[""61"",""0""]","[""11"",""0""]",0,"[""90""]","[""90""]","[""number"",""0""]","[[""number"",""90""]]",differs,bango-differs-from-legacy,Value or formula differs; source-version attribution remains open.
lossofconfidence,Loss of Confidence,Loss of Confidence,archer-42,1,archer,18,normalized-name-and-class,sk_charge,cast_time,milliseconds,3,gitbook-verified-for-class,"[""61"",""0""]","[""11"",""0""]",0,"[""0""]","[""0""]","[""number"",""0""]","[[""number"",""0""]]",same,,Canonical arithmetic expressions are semantically identical.
lossofconfidence,Loss of Confidence,Loss of Confidence,archer-42,1,archer,18,normalized-name-and-class,sk_coold,cooldown,milliseconds,4,gitbook-verified-for-class,"[""61"",""0""]","[""11"",""0""]",0,"[""30000""]","[""30000""]","[""number"",""0""]","[[""number"",""30000""]]",differs,bango-differs-from-legacy,Value or formula differs; source-version attribution remains open.
sightblockade,Sight Blockade,Sight Blockade,archer-43,1,archer,18,normalized-name-and-class,sk_mana,mana_or_energy,game_units,1,verified-ability-text-and-gitbook,"[""62"",""0""]","[""11"",""0""]",100,"[""100""]","[""100""]","[""number"",""100""]","[[""number"",""100""]]",same,,Canonical arithmetic expressions are semantically identical.
sightblockade,Sight Blockade,Sight Blockade,archer-43,1,archer,18,normalized-name-and-class,sk_range,range,game_units,2,gitbook-verified-for-class,"[""62"",""0""]","[""11"",""0""]",0,"[""170""]","[""170""]","[""number"",""0""]","[[""number"",""170""]]",differs,bango-differs-from-legacy,Value or formula differs; source-version attribution remains open.
sightblockade,Sight Blockade,Sight Blockade,archer-43,1,archer,18,normalized-name-and-class,sk_charge,cast_time,milliseconds,3,gitbook-verified-for-class,"[""62"",""0""]","[""11"",""0""]",0,"[""1800""]","[""1800""]","[""number"",""0""]","[[""number"",""1800""]]",differs,bango-differs-from-legacy,Value or formula differs; source-version attribution remains open.
sightblockade,Sight Blockade,Sight Blockade,archer-43,1,archer,18,normalized-name-and-class,sk_coold,cooldown,milliseconds,4,gitbook-verified-for-class,"[""62"",""0""]","[""11"",""0""]",0,"[""30000""]","[""30000""]","[""number"",""0""]","[[""number"",""30000""]]",differs,bango-differs-from-legacy,Value or formula differs; source-version attribution remains open.
buffremover,Buff Remover,Buff Remover,archer-44,1,archer,18,normalized-name-and-class,sk_mana,mana_or_energy,game_units,1,verified-ability-text-and-gitbook,"[""63"",""0""]","[""11"",""0""]",68,"[""68""]","[""68""]","[""number"",""68""]","[[""number"",""68""]]",same,,Canonical arithmetic expressions are semantically identical.
buffremover,Buff Remover,Buff Remover,archer-44,1,archer,18,normalized-name-and-class,sk_range,range,game_units,2,gitbook-verified-for-class,"[""63"",""0""]","[""11"",""0""]",0,"[""200""]","[""200""]","[""number"",""0""]","[[""number"",""200""]]",differs,bango-differs-from-legacy,Value or formula differs; source-version attribution remains open.
buffremover,Buff Remover,Buff Remover,archer-44,1,archer,18,normalized-name-and-class,sk_charge,cast_time,milliseconds,3,gitbook-verified-for-class,"[""63"",""0""]","[""11"",""0""]",0,"[""2300""]","[""2300""]","[""number"",""0""]","[[""number"",""2300""]]",differs,bango-differs-from-legacy,Value or formula differs; source-version attribution remains open.
buffremover,Buff Remover,Buff Remover,archer-44,1,archer,18,normalized-name-and-class,sk_coold,cooldown,milliseconds,4,gitbook-verified-for-class,"[""63"",""0""]","[""11"",""0""]",0,"[""15000""]","[""15000""]","[""number"",""0""]","[[""number"",""15000""]]",differs,bango-differs-from-legacy,Value or formula differs; source-version attribution remains open.
arrowexplosion,Arrow Explosion,Arrow Explosion,archer-46,1,archer,20,normalized-name-and-class,sk_mana,mana_or_energy,game_units,1,verified-ability-text-and-gitbook,"[""70"",""0""]","[""43"",""0""]",20 ch_lvl 4 * +,"[[""plus"",""20"",[""mul"",""char_level"",""4""]]]","[""20 char_level 4 * +""]","[""add"",[""multiply"",[""number"",""4""],[""variable"",""char_level""]],[""number"",""20""]]","[[""add"",[""multiply"",[""number"",""4""],[""variable"",""char_level""]],[""number"",""20""]]]",same,,Canonical arithmetic expressions are semantically identical.
arrowexplosion,Arrow Explosion,Arrow Explosion,archer-46,1,archer,20,normalized-name-and-class,sk_range,range,game_units,2,gitbook-verified-for-class,"[""70"",""0""]","[""43"",""0""]",0,"[""weapon_range""]","[""weapon_range""]","[""number"",""0""]","[[""variable"",""weapon_range""]]",encoding-only,,Legacy melee range sentinel 0; Bango names the dynamic weapon_range symbol.
arrowexplosion,Arrow Explosion,Arrow Explosion,archer-46,1,archer,20,normalized-name-and-class,sk_charge,cast_time,milliseconds,3,gitbook-verified-for-class,"[""70"",""0""]","[""43"",""0""]",1500,"[""1800""]","[""1800""]","[""number"",""1500""]","[[""number"",""1800""]]",differs,bango-differs-from-legacy,Value or formula differs; source-version attribution remains open.
arrowexplosion,Arrow Explosion,Arrow Explosion,archer-46,1,archer,20,normalized-name-and-class,sk_coold,cooldown,milliseconds,4,gitbook-verified-for-class,"[""70"",""0""]","[""43"",""0""]",320000 sk_lvl 20000 * -,"[""300000"",""270000"",""240000"",""210000"",""180000"",""150000""]","[""300000"",""270000"",""240000"",""210000"",""180000"",""150000""]","[""subtract"",[""number"",""320000""],[""multiply"",[""number"",""20000""],[""variable"",""skill_level""]]]","[[""number"",""300000""],[""number"",""270000""],[""number"",""240000""],[""number"",""210000""],[""number"",""180000""],[""number"",""150000""]]",differs,bango-differs-from-legacy,Value or formula differs; source-version attribution remains open.
sharpness,Sharpness,sharpness,archer-47,1,archer,19,normalized-name-and-class,sk_mana,mana_or_energy,game_units,1,verified-ability-text-and-gitbook,"[""70"",""0""]","[""23"",""1""]",90,"[""50""]","[""50""]","[""number"",""90""]","[[""number"",""50""]]",differs,bango-differs-from-legacy,Value or formula differs; source-version attribution remains open.
sharpness,Sharpness,sharpness,archer-47,1,archer,19,normalized-name-and-class,sk_range,range,game_units,2,gitbook-verified-for-class,"[""70"",""0""]","[""23"",""1""]",0,"[""weapon_range""]","[""weapon_range""]","[""number"",""0""]","[[""variable"",""weapon_range""]]",encoding-only,,Legacy melee range sentinel 0; Bango names the dynamic weapon_range symbol.
sharpness,Sharpness,sharpness,archer-47,1,archer,19,normalized-name-and-class,sk_charge,cast_time,milliseconds,3,gitbook-verified-for-class,"[""70"",""0""]","[""23"",""1""]",0,"[""0""]","[""0""]","[""number"",""0""]","[[""number"",""0""]]",same,,Canonical arithmetic expressions are semantically identical.
sharpness,Sharpness,sharpness,archer-47,1,archer,19,normalized-name-and-class,sk_coold,cooldown,milliseconds,4,gitbook-verified-for-class,"[""70"",""0""]","[""23"",""1""]",0,"[""600000""]","[""600000""]","[""number"",""0""]","[[""number"",""600000""]]",differs,bango-differs-from-legacy,Value or formula differs; source-version attribution remains open.
arrowrain,Arrow Rain,Arrow rain,archer-48,1,archer,19,normalized-name-and-class,sk_mana,mana_or_energy,game_units,1,verified-ability-text-and-gitbook,"[""70"",""0""]","[""23"",""0""]",20 ch_lvl 4 * +,"[[""plus"",""20"",[""mul"",""char_level"",""4""]]]","[""20 char_level 4 * +""]","[""add"",[""multiply"",[""number"",""4""],[""variable"",""char_level""]],[""number"",""20""]]","[[""add"",[""multiply"",[""number"",""4""],[""variable"",""char_level""]],[""number"",""20""]]]",same,,Canonical arithmetic expressions are semantically identical.
arrowrain,Arrow Rain,Arrow rain,archer-48,1,archer,19,normalized-name-and-class,sk_range,range,game_units,2,gitbook-verified-for-class,"[""70"",""0""]","[""23"",""0""]",0,"[""weapon_range""]","[""weapon_range""]","[""number"",""0""]","[[""variable"",""weapon_range""]]",encoding-only,,Legacy melee range sentinel 0; Bango names the dynamic weapon_range symbol.
arrowrain,Arrow Rain,Arrow rain,archer-48,1,archer,19,normalized-name-and-class,sk_charge,cast_time,milliseconds,3,gitbook-verified-for-class,"[""70"",""0""]","[""23"",""0""]",1500,"[""2000""]","[""2000""]","[""number"",""1500""]","[[""number"",""2000""]]",differs,bango-differs-from-legacy,Value or formula differs; source-version attribution remains open.
arrowrain,Arrow Rain,Arrow rain,archer-48,1,archer,19,normalized-name-and-class,sk_coold,cooldown,milliseconds,4,gitbook-verified-for-class,"[""70"",""0""]","[""23"",""0""]",320000 sk_lvl 20000 * -,"[""300000"",""270000"",""240000"",""210000"",""180000"",""150000""]","[""300000"",""270000"",""240000"",""210000"",""180000"",""150000""]","[""subtract"",[""number"",""320000""],[""multiply"",[""number"",""20000""],[""variable"",""skill_level""]]]","[[""number"",""300000""],[""number"",""270000""],[""number"",""240000""],[""number"",""210000""],[""number"",""180000""],[""number"",""150000""]]",differs,bango-differs-from-legacy,Value or formula differs; source-version attribution remains open.
artillery,Artillery,Artillery,archer-80,1,archer,17|18,normalized-name-and-class,sk_mana,mana_or_energy,game_units,1,verified-ability-text-and-gitbook,"[""50"",""0""]","[""7"",""0""]",0,"[""0""]","[""0""]","[""number"",""0""]","[[""number"",""0""]]",same,,Canonical arithmetic expressions are semantically identical.
artillery,Artillery,Artillery,archer-80,1,archer,17|18,normalized-name-and-class,sk_range,range,game_units,2,gitbook-verified-for-class,"[""50"",""0""]","[""7"",""0""]",0,"[""0""]","[""0""]","[""number"",""0""]","[[""number"",""0""]]",same,,Canonical arithmetic expressions are semantically identical.
artillery,Artillery,Artillery,archer-80,1,archer,17|18,normalized-name-and-class,sk_charge,cast_time,milliseconds,3,gitbook-verified-for-class,"[""50"",""0""]","[""7"",""0""]",0,"[""0""]","[""0""]","[""number"",""0""]","[[""number"",""0""]]",same,,Canonical arithmetic expressions are semantically identical.
artillery,Artillery,Artillery,archer-80,1,archer,17|18,normalized-name-and-class,sk_coold,cooldown,milliseconds,4,gitbook-verified-for-class,"[""50"",""0""]","[""7"",""0""]",0,"[""0""]","[""0""]","[""number"",""0""]","[[""number"",""0""]]",same,,Canonical arithmetic expressions are semantically identical.
artillery,Artillery,Artillery,archer-81,1,archer,17|18,normalized-name-and-class,sk_mana,mana_or_energy,game_units,1,verified-ability-text-and-gitbook,"[""50"",""0""]","[""11"",""0""]",0,"[""0""]","[""0""]","[""number"",""0""]","[[""number"",""0""]]",same,,Canonical arithmetic expressions are semantically identical.
artillery,Artillery,Artillery,archer-81,1,archer,17|18,normalized-name-and-class,sk_range,range,game_units,2,gitbook-verified-for-class,"[""50"",""0""]","[""11"",""0""]",0,"[""0""]","[""0""]","[""number"",""0""]","[[""number"",""0""]]",same,,Canonical arithmetic expressions are semantically identical.
artillery,Artillery,Artillery,archer-81,1,archer,17|18,normalized-name-and-class,sk_charge,cast_time,milliseconds,3,gitbook-verified-for-class,"[""50"",""0""]","[""11"",""0""]",0,"[""0""]","[""0""]","[""number"",""0""]","[[""number"",""0""]]",same,,Canonical arithmetic expressions are semantically identical.
artillery,Artillery,Artillery,archer-81,1,archer,17|18,normalized-name-and-class,sk_coold,cooldown,milliseconds,4,gitbook-verified-for-class,"[""50"",""0""]","[""11"",""0""]",0,"[""0""]","[""0""]","[""number"",""0""]","[[""number"",""0""]]",same,,Canonical arithmetic expressions are semantically identical.
provocationofblow,Provocation of Blow,Provocation of Blow,knight-42,1,knight,13,normalized-name-and-class,sk_mana,mana_or_energy,game_units,1,verified-ability-text-and-gitbook,"[""75"",""0""]","[""43"",""0""]",sk_lvl 1 - 20 + sk_lvl * 120 +,"[[""plus"",""200"",[""mul"",""skill_level"",[""plus"",""20"",[""minus"",""skill_level"",""1""]]]]]","[""200 skill_level 20 skill_level 1 - + * +""]","[""add"",[""multiply"",[""add"",[""number"",""20""],[""subtract"",[""variable"",""skill_level""],[""number"",""1""]]],[""variable"",""skill_level""]],[""number"",""120""]]","[[""add"",[""multiply"",[""add"",[""number"",""20""],[""subtract"",[""variable"",""skill_level""],[""number"",""1""]]],[""variable"",""skill_level""]],[""number"",""200""]]]",differs,bango-differs-from-legacy,Value or formula differs; source-version attribution remains open.
provocationofblow,Provocation of Blow,Provocation of Blow,knight-42,1,knight,13,normalized-name-and-class,sk_range,range,game_units,2,gitbook-verified-for-class,"[""75"",""0""]","[""43"",""0""]",0,"[""60""]","[""60""]","[""number"",""0""]","[[""number"",""60""]]",differs,bango-differs-from-legacy,Value or formula differs; source-version attribution remains open.
provocationofblow,Provocation of Blow,Provocation of Blow,knight-42,1,knight,13,normalized-name-and-class,sk_charge,cast_time,milliseconds,3,gitbook-verified-for-class,"[""75"",""0""]","[""43"",""0""]",0,"[""0""]","[""0""]","[""number"",""0""]","[[""number"",""0""]]",same,,Canonical arithmetic expressions are semantically identical.
provocationofblow,Provocation of Blow,Provocation of Blow,knight-42,1,knight,13,normalized-name-and-class,sk_coold,cooldown,milliseconds,4,gitbook-verified-for-class,"[""75"",""0""]","[""43"",""0""]",50000,"[""50000""]","[""50000""]","[""number"",""50000""]","[[""number"",""50000""]]",same,,Canonical arithmetic expressions are semantically identical.
sworddance,Sword Dance,Sword Dance,knight-43,1,knight,12,normalized-name-and-class,sk_mana,mana_or_energy,game_units,1,verified-ability-text-and-gitbook,"[""75"",""0""]","[""23"",""0""]",sk_lvl 1 - 20 + sk_lvl * 120 + 7 4 / *,"[[""mul"",[""plus"",""120"",[""mul"",""skill_level"",[""plus"",""20"",[""minus"",""skill_level"",""1""]]]],""1.75""]]","[""120 skill_level 20 skill_level 1 - + * + 1.75 *""]","[""multiply"",[""add"",[""multiply"",[""add"",[""number"",""20""],[""subtract"",[""variable"",""skill_level""],[""number"",""1""]]],[""variable"",""skill_level""]],[""number"",""120""]],[""number"",""7/4""]]","[[""multiply"",[""add"",[""multiply"",[""add"",[""number"",""20""],[""subtract"",[""variable"",""skill_level""],[""number"",""1""]]],[""variable"",""skill_level""]],[""number"",""120""]],[""number"",""7/4""]]]",same,,Canonical arithmetic expressions are semantically identical.
sworddance,Sword Dance,Sword Dance,knight-43,1,knight,12,normalized-name-and-class,sk_range,range,game_units,2,gitbook-verified-for-class,"[""75"",""0""]","[""23"",""0""]",0,"[""60""]","[""60""]","[""number"",""0""]","[[""number"",""60""]]",differs,bango-differs-from-legacy,Value or formula differs; source-version attribution remains open.
sworddance,Sword Dance,Sword Dance,knight-43,1,knight,12,normalized-name-and-class,sk_charge,cast_time,milliseconds,3,gitbook-verified-for-class,"[""75"",""0""]","[""23"",""0""]",0,"[""0""]","[""0""]","[""number"",""0""]","[[""number"",""0""]]",same,,Canonical arithmetic expressions are semantically identical.
sworddance,Sword Dance,Sword Dance,knight-43,1,knight,12,normalized-name-and-class,sk_coold,cooldown,milliseconds,4,gitbook-verified-for-class,"[""75"",""0""]","[""23"",""0""]",20000,"[""170000"",""150000"",""130000"",""110000"",""90000""]","[""170000"",""150000"",""130000"",""110000"",""90000""]","[""number"",""20000""]","[[""number"",""170000""],[""number"",""150000""],[""number"",""130000""],[""number"",""110000""],[""number"",""90000""]]",differs,bango-differs-from-legacy,Value or formula differs; source-version attribution remains open.
therapeutictouch,Therapeutic touch,Therapeutic touch,mage-72,1,mage,6,normalized-name-and-class,sk_mana,mana_or_energy,game_units,1,verified-ability-text-and-gitbook,"[""75"",""0""]","[""43"",""0""]",100 sk_lvl 50 sk_lvl 1 - + * + 198 100 / *,"[[""mul"",[""plus"",""100"",[""mul"",""skill_level"",[""plus"",""50"",[""minus"",""skill_level"",""1""]]]],""1.98""]]","[""100 skill_level 50 skill_level 1 - + * + 1.98 *""]","[""multiply"",[""add"",[""multiply"",[""add"",[""number"",""50""],[""subtract"",[""variable"",""skill_level""],[""number"",""1""]]],[""variable"",""skill_level""]],[""number"",""100""]],[""number"",""99/50""]]","[[""multiply"",[""add"",[""multiply"",[""add"",[""number"",""50""],[""subtract"",[""variable"",""skill_level""],[""number"",""1""]]],[""variable"",""skill_level""]],[""number"",""100""]],[""number"",""99/50""]]]",same,,Canonical arithmetic expressions are semantically identical.
therapeutictouch,Therapeutic touch,Therapeutic touch,mage-72,1,mage,6,normalized-name-and-class,sk_range,range,game_units,2,gitbook-verified-for-class,"[""75"",""0""]","[""43"",""0""]",0,"[""180""]","[""180""]","[""number"",""0""]","[[""number"",""180""]]",differs,bango-differs-from-legacy,Value or formula differs; source-version attribution remains open.
therapeutictouch,Therapeutic touch,Therapeutic touch,mage-72,1,mage,6,normalized-name-and-class,sk_charge,cast_time,milliseconds,3,gitbook-verified-for-class,"[""75"",""0""]","[""43"",""0""]",0,"[""1399""]","[""1399""]","[""number"",""0""]","[[""number"",""1399""]]",differs,bango-differs-from-legacy,Value or formula differs; source-version attribution remains open.
therapeutictouch,Therapeutic touch,Therapeutic touch,mage-72,1,mage,6,normalized-name-and-class,sk_coold,cooldown,milliseconds,4,gitbook-verified-for-class,"[""75"",""0""]","[""43"",""0""]",150000,"[""60000""]","[""60000""]","[""number"",""150000""]","[[""number"",""60000""]]",differs,bango-differs-from-legacy,Value or formula differs; source-version attribution remains open.
fireball,Fireball,Fireball,mage-73,1,mage,5,normalized-name-and-class,sk_mana,mana_or_energy,game_units,1,verified-ability-text-and-gitbook,"[""75"",""0""]","[""23"",""0""]",sk_lvl 1 - 30 + sk_lvl * 300 + 79 100 / *,"[[""mul"",[""plus"",""300"",[""mul"",""skill_level"",[""plus"",""30"",[""minus"",""skill_level"",""1""]]]],""0.79""]]","[""300 skill_level 30 skill_level 1 - + * + 0.79 *""]","[""multiply"",[""add"",[""multiply"",[""add"",[""number"",""30""],[""subtract"",[""variable"",""skill_level""],[""number"",""1""]]],[""variable"",""skill_level""]],[""number"",""300""]],[""number"",""79/100""]]","[[""multiply"",[""add"",[""multiply"",[""add"",[""number"",""30""],[""subtract"",[""variable"",""skill_level""],[""number"",""1""]]],[""variable"",""skill_level""]],[""number"",""300""]],[""number"",""79/100""]]]",same,,Canonical arithmetic expressions are semantically identical.
fireball,Fireball,Fireball,mage-73,1,mage,5,normalized-name-and-class,sk_range,range,game_units,2,gitbook-verified-for-class,"[""75"",""0""]","[""23"",""0""]",0,"[""180""]","[""180""]","[""number"",""0""]","[[""number"",""180""]]",differs,bango-differs-from-legacy,Value or formula differs; source-version attribution remains open.
fireball,Fireball,Fireball,mage-73,1,mage,5,normalized-name-and-class,sk_charge,cast_time,milliseconds,3,gitbook-verified-for-class,"[""75"",""0""]","[""23"",""0""]",1000,"[""1399""]","[""1399""]","[""number"",""1000""]","[[""number"",""1399""]]",differs,bango-differs-from-legacy,Value or formula differs; source-version attribution remains open.
fireball,Fireball,Fireball,mage-73,1,mage,5,normalized-name-and-class,sk_coold,cooldown,milliseconds,4,gitbook-verified-for-class,"[""75"",""0""]","[""23"",""0""]",200000 sk_lvl 20000 * -,"[""180000"",""160000"",""140000"",""120000"",""100000""]","[""180000"",""160000"",""140000"",""120000"",""100000""]","[""subtract"",[""number"",""200000""],[""multiply"",[""number"",""20000""],[""variable"",""skill_level""]]]","[[""number"",""180000""],[""number"",""160000""],[""number"",""140000""],[""number"",""120000""],[""number"",""100000""]]",same,,Canonical arithmetic expressions are semantically identical.
icearrow,Ice Arrow,Ice Arrow,mage-74,1,mage,5,normalized-name-and-class,sk_mana,mana_or_energy,game_units,1,verified-ability-text-and-gitbook,"[""75"",""0""]","[""23"",""0""]",sk_lvl 1 - 100 + sk_lvl * 450 + 42 100 / *,"[[""mul"",[""plus"",""450"",[""mul"",""skill_level"",[""plus"",""100"",[""minus"",""skill_level"",""1""]]]],""0.42""]]","[""450 skill_level 100 skill_level 1 - + * + 0.42 *""]","[""multiply"",[""add"",[""multiply"",[""add"",[""number"",""100""],[""subtract"",[""variable"",""skill_level""],[""number"",""1""]]],[""variable"",""skill_level""]],[""number"",""450""]],[""number"",""21/50""]]","[[""multiply"",[""add"",[""multiply"",[""add"",[""number"",""100""],[""subtract"",[""variable"",""skill_level""],[""number"",""1""]]],[""variable"",""skill_level""]],[""number"",""450""]],[""number"",""21/50""]]]",same,,Canonical arithmetic expressions are semantically identical.
icearrow,Ice Arrow,Ice Arrow,mage-74,1,mage,5,normalized-name-and-class,sk_range,range,game_units,2,gitbook-verified-for-class,"[""75"",""0""]","[""23"",""0""]",0,"[""200""]","[""200""]","[""number"",""0""]","[[""number"",""200""]]",differs,bango-differs-from-legacy,Value or formula differs; source-version attribution remains open.
icearrow,Ice Arrow,Ice Arrow,mage-74,1,mage,5,normalized-name-and-class,sk_charge,cast_time,milliseconds,3,gitbook-verified-for-class,"[""75"",""0""]","[""23"",""0""]",1000,"[""1399""]","[""1399""]","[""number"",""1000""]","[[""number"",""1399""]]",differs,bango-differs-from-legacy,Value or formula differs; source-version attribution remains open.
icearrow,Ice Arrow,Ice Arrow,mage-74,1,mage,5,normalized-name-and-class,sk_coold,cooldown,milliseconds,4,gitbook-verified-for-class,"[""75"",""0""]","[""23"",""0""]",200000 sk_lvl 20000 * -,"[""180000"",""160000"",""140000"",""120000"",""100000""]","[""180000"",""160000"",""140000"",""120000"",""100000""]","[""subtract"",[""number"",""200000""],[""multiply"",[""number"",""20000""],[""variable"",""skill_level""]]]","[[""number"",""180000""],[""number"",""160000""],[""number"",""140000""],[""number"",""120000""],[""number"",""100000""]]",same,,Canonical arithmetic expressions are semantically identical.
thunderbolt,Thunderbolt,Thunderbolt,mage-75,1,mage,5,normalized-name-and-class,sk_mana,mana_or_energy,game_units,1,verified-ability-text-and-gitbook,"[""75"",""0""]","[""23"",""0""]",sk_lvl 1 - 45 + sk_lvl * 280 + 3 4 / *,"[[""mul"",[""plus"",""280"",[""mul"",""skill_level"",[""plus"",""45"",[""minus"",""skill_level"",""1""]]]],""0.75""]]","[""280 skill_level 45 skill_level 1 - + * + 0.75 *""]","[""multiply"",[""add"",[""multiply"",[""add"",[""number"",""45""],[""subtract"",[""variable"",""skill_level""],[""number"",""1""]]],[""variable"",""skill_level""]],[""number"",""280""]],[""number"",""3/4""]]","[[""multiply"",[""add"",[""multiply"",[""add"",[""number"",""45""],[""subtract"",[""variable"",""skill_level""],[""number"",""1""]]],[""variable"",""skill_level""]],[""number"",""280""]],[""number"",""3/4""]]]",same,,Canonical arithmetic expressions are semantically identical.
thunderbolt,Thunderbolt,Thunderbolt,mage-75,1,mage,5,normalized-name-and-class,sk_range,range,game_units,2,gitbook-verified-for-class,"[""75"",""0""]","[""23"",""0""]",0,"[""180""]","[""180""]","[""number"",""0""]","[[""number"",""180""]]",differs,bango-differs-from-legacy,Value or formula differs; source-version attribution remains open.
thunderbolt,Thunderbolt,Thunderbolt,mage-75,1,mage,5,normalized-name-and-class,sk_charge,cast_time,milliseconds,3,gitbook-verified-for-class,"[""75"",""0""]","[""23"",""0""]",2500,"[""1000""]","[""1000""]","[""number"",""2500""]","[[""number"",""1000""]]",differs,bango-differs-from-legacy,Value or formula differs; source-version attribution remains open.
thunderbolt,Thunderbolt,Thunderbolt,mage-75,1,mage,5,normalized-name-and-class,sk_coold,cooldown,milliseconds,4,gitbook-verified-for-class,"[""75"",""0""]","[""23"",""0""]",200000 sk_lvl 20000 * -,"[""180000"",""160000"",""140000"",""120000"",""100000""]","[""180000"",""160000"",""140000"",""120000"",""100000""]","[""subtract"",[""number"",""200000""],[""multiply"",[""number"",""20000""],[""variable"",""skill_level""]]]","[[""number"",""180000""],[""number"",""160000""],[""number"",""140000""],[""number"",""120000""],[""number"",""100000""]]",same,,Canonical arithmetic expressions are semantically identical.
virulentarrow,Virulent Arrow,Virulent Arrow,archer-50,1,archer,20,normalized-name-and-class,sk_mana,mana_or_energy,game_units,1,verified-ability-text-and-gitbook,"[""75"",""0""]","[""43"",""0""]",sk_lvl 1 - 25 + sk_lvl * 230 + 98 100 / *,"[[""mul"",[""plus"",""230"",[""mul"",""skill_level"",[""plus"",""25"",[""minus"",""skill_level"",""1""]]]],""0.98""]]","[""230 skill_level 25 skill_level 1 - + * + 0.98 *""]","[""multiply"",[""add"",[""multiply"",[""add"",[""number"",""25""],[""subtract"",[""variable"",""skill_level""],[""number"",""1""]]],[""variable"",""skill_level""]],[""number"",""230""]],[""number"",""49/50""]]","[[""multiply"",[""add"",[""multiply"",[""add"",[""number"",""25""],[""subtract"",[""variable"",""skill_level""],[""number"",""1""]]],[""variable"",""skill_level""]],[""number"",""230""]],[""number"",""49/50""]]]",same,,Canonical arithmetic expressions are semantically identical.
virulentarrow,Virulent Arrow,Virulent Arrow,archer-50,1,archer,20,normalized-name-and-class,sk_range,range,game_units,2,gitbook-verified-for-class,"[""75"",""0""]","[""43"",""0""]",0,"[""160""]","[""160""]","[""number"",""0""]","[[""number"",""160""]]",differs,bango-differs-from-legacy,Value or formula differs; source-version attribution remains open.
virulentarrow,Virulent Arrow,Virulent Arrow,archer-50,1,archer,20,normalized-name-and-class,sk_charge,cast_time,milliseconds,3,gitbook-verified-for-class,"[""75"",""0""]","[""43"",""0""]",0,"[""1633""]","[""1633""]","[""number"",""0""]","[[""number"",""1633""]]",differs,bango-differs-from-legacy,Value or formula differs; source-version attribution remains open.
virulentarrow,Virulent Arrow,Virulent Arrow,archer-50,1,archer,20,normalized-name-and-class,sk_coold,cooldown,milliseconds,4,gitbook-verified-for-class,"[""75"",""0""]","[""43"",""0""]",200000 sk_lvl 20000 * -,"[""180000"",""160000"",""140000"",""120000"",""100000""]","[""180000"",""160000"",""140000"",""120000"",""100000""]","[""subtract"",[""number"",""200000""],[""multiply"",[""number"",""20000""],[""variable"",""skill_level""]]]","[[""number"",""180000""],[""number"",""160000""],[""number"",""140000""],[""number"",""120000""],[""number"",""100000""]]",same,,Canonical arithmetic expressions are semantically identical.
combativespirit,Combative Spirit,Combative Spirit,archer-51,1,archer,19,normalized-name-and-class,sk_mana,mana_or_energy,game_units,1,verified-ability-text-and-gitbook,"[""75"",""0""]","[""23"",""0""]",sk_lvl 1 - 20 + sk_lvl * 200 + 185 100 / *,"[[""mul"",[""plus"",""200"",[""mul"",""skill_level"",[""plus"",""20"",[""minus"",""skill_level"",""1""]]]],""1.85""]]","[""200 skill_level 20 skill_level 1 - + * + 1.85 *""]","[""multiply"",[""add"",[""multiply"",[""add"",[""number"",""20""],[""subtract"",[""variable"",""skill_level""],[""number"",""1""]]],[""variable"",""skill_level""]],[""number"",""200""]],[""number"",""37/20""]]","[[""multiply"",[""add"",[""multiply"",[""add"",[""number"",""20""],[""subtract"",[""variable"",""skill_level""],[""number"",""1""]]],[""variable"",""skill_level""]],[""number"",""200""]],[""number"",""37/20""]]]",same,,Canonical arithmetic expressions are semantically identical.
combativespirit,Combative Spirit,Combative Spirit,archer-51,1,archer,19,normalized-name-and-class,sk_range,range,game_units,2,gitbook-verified-for-class,"[""75"",""0""]","[""23"",""0""]",0,"[""80""]","[""80""]","[""number"",""0""]","[[""number"",""80""]]",differs,bango-differs-from-legacy,Value or formula differs; source-version attribution remains open.
combativespirit,Combative Spirit,Combative Spirit,archer-51,1,archer,19,normalized-name-and-class,sk_charge,cast_time,milliseconds,3,gitbook-verified-for-class,"[""75"",""0""]","[""23"",""0""]",0,"[""1399""]","[""1399""]","[""number"",""0""]","[[""number"",""1399""]]",differs,bango-differs-from-legacy,Value or formula differs; source-version attribution remains open.
combativespirit,Combative Spirit,Combative Spirit,archer-51,1,archer,19,normalized-name-and-class,sk_coold,cooldown,milliseconds,4,gitbook-verified-for-class,"[""75"",""0""]","[""23"",""0""]",200000 sk_lvl 20000 * -,"[""180000"",""160000"",""140000"",""120000"",""100000""]","[""180000"",""160000"",""140000"",""120000"",""100000""]","[""subtract"",[""number"",""200000""],[""multiply"",[""number"",""20000""],[""variable"",""skill_level""]]]","[[""number"",""180000""],[""number"",""160000""],[""number"",""140000""],[""number"",""120000""],[""number"",""100000""]]",same,,Canonical arithmetic expressions are semantically identical.
shadowslash,Shadow Slash,Shadow Slash,thief-32,1,thief,27,normalized-name-and-class,sk_mana,mana_or_energy,game_units,1,verified-ability-text-and-gitbook,"[""75"",""0""]","[""43"",""0""]",sk_lvl 1 - 50 + sk_lvl * 232 + 98 100 / *,"[[""plus"",""230"",[""mul"",[""mul"",[""plus"",""char_level"",""skill_level""],""skill_level""],""0.63""]]]","[""230 char_level skill_level + skill_level * 0.63 * +""]","[""multiply"",[""add"",[""multiply"",[""add"",[""number"",""50""],[""subtract"",[""variable"",""skill_level""],[""number"",""1""]]],[""variable"",""skill_level""]],[""number"",""232""]],[""number"",""49/50""]]","[[""add"",[""multiply"",[""add"",[""variable"",""char_level""],[""variable"",""skill_level""]],[""number"",""63/100""],[""variable"",""skill_level""]],[""number"",""230""]]]",differs,bango-differs-from-legacy,Value or formula differs; source-version attribution remains open.
shadowslash,Shadow Slash,Shadow Slash,thief-32,1,thief,27,normalized-name-and-class,sk_range,range,game_units,2,unverified-for-class,"[""75"",""0""]","[""43"",""0""]",0,"[""weapon_range""]","[""weapon_range""]","[""number"",""0""]","[[""variable"",""weapon_range""]]",encoding-only,,Legacy melee range sentinel 0; Bango names the dynamic weapon_range symbol.
shadowslash,Shadow Slash,Shadow Slash,thief-32,1,thief,27,normalized-name-and-class,sk_charge,cast_time,milliseconds,3,unverified-for-class,"[""75"",""0""]","[""43"",""0""]",500,"[""566""]","[""566""]","[""number"",""500""]","[[""number"",""566""]]",differs,bango-differs-from-legacy,Value or formula differs; source-version attribution remains open.
shadowslash,Shadow Slash,Shadow Slash,thief-32,1,thief,27,normalized-name-and-class,sk_coold,cooldown,milliseconds,4,unverified-for-class,"[""75"",""0""]","[""43"",""0""]",200000 sk_lvl 20000 * -,"[""170000"",""150000"",""130000"",""110000"",""90000""]","[""170000"",""150000"",""130000"",""110000"",""90000""]","[""subtract"",[""number"",""200000""],[""multiply"",[""number"",""20000""],[""variable"",""skill_level""]]]","[[""number"",""170000""],[""number"",""150000""],[""number"",""130000""],[""number"",""110000""],[""number"",""90000""]]",differs,bango-differs-from-legacy,Value or formula differs; source-version attribution remains open.
spinblade,Spin Blade,Spin Blade,thief-36,1,thief,26,normalized-name-and-class,sk_mana,mana_or_energy,game_units,1,verified-ability-text-and-gitbook,"[""75"",""0""]","[""23"",""0""]",290,"[[""plus"",""180"",[""mul"",[""mul"",[""plus"",""char_level"",""skill_level""],""skill_level""],""1.25""]]]","[""180 char_level skill_level + skill_level * 1.25 * +""]","[""number"",""290""]","[[""add"",[""multiply"",[""add"",[""variable"",""char_level""],[""variable"",""skill_level""]],[""number"",""5/4""],[""variable"",""skill_level""]],[""number"",""180""]]]",differs,bango-differs-from-legacy,Value or formula differs; source-version attribution remains open.
spinblade,Spin Blade,Spin Blade,thief-36,1,thief,26,normalized-name-and-class,sk_range,range,game_units,2,unverified-for-class,"[""75"",""0""]","[""23"",""0""]",0,"[""weapon_range""]","[""weapon_range""]","[""number"",""0""]","[[""variable"",""weapon_range""]]",encoding-only,,Legacy melee range sentinel 0; Bango names the dynamic weapon_range symbol.
spinblade,Spin Blade,Spin Blade,thief-36,1,thief,26,normalized-name-and-class,sk_charge,cast_time,milliseconds,3,unverified-for-class,"[""75"",""0""]","[""23"",""0""]",500,"[""399""]","[""399""]","[""number"",""500""]","[[""number"",""399""]]",differs,bango-differs-from-legacy,Value or formula differs; source-version attribution remains open.
spinblade,Spin Blade,Spin Blade,thief-36,1,thief,26,normalized-name-and-class,sk_coold,cooldown,milliseconds,4,unverified-for-class,"[""75"",""0""]","[""23"",""0""]",200000 sk_lvl 20000 * -,"[""180000""]","[""180000""]","[""subtract"",[""number"",""200000""],[""multiply"",[""number"",""20000""],[""variable"",""skill_level""]]]","[[""number"",""180000""]]",differs,bango-differs-from-legacy,Value or formula differs; source-version attribution remains open.
thunderbolt,Thunderbolt,Thunderbolt,gunchie-76,1,gunchi,5,unique-normalized-name,sk_mana,mana_or_energy,game_units,1,verified-ability-text-and-gitbook,"[""1"",""0""]","[""4"",""1""]",sk_lvl 1 - 45 + sk_lvl * 280 + 3 4 / *,"[""0""]","[""0""]","[""multiply"",[""add"",[""multiply"",[""add"",[""number"",""45""],[""subtract"",[""variable"",""skill_level""],[""number"",""1""]]],[""variable"",""skill_level""]],[""number"",""280""]],[""number"",""3/4""]]","[[""number"",""0""]]",differs,bango-differs-from-legacy,Value or formula differs; source-version attribution remains open.
thunderbolt,Thunderbolt,Thunderbolt,gunchie-76,1,gunchi,5,unique-normalized-name,sk_range,range,game_units,2,unverified-for-class,"[""1"",""0""]","[""4"",""1""]",0,"[""0""]","[""0""]","[""number"",""0""]","[[""number"",""0""]]",same,,Canonical arithmetic expressions are semantically identical.
thunderbolt,Thunderbolt,Thunderbolt,gunchie-76,1,gunchi,5,unique-normalized-name,sk_charge,cast_time,milliseconds,3,unverified-for-class,"[""1"",""0""]","[""4"",""1""]",2500,"[""2100""]","[""2100""]","[""number"",""2500""]","[[""number"",""2100""]]",differs,bango-differs-from-legacy,Value or formula differs; source-version attribution remains open.
thunderbolt,Thunderbolt,Thunderbolt,gunchie-76,1,gunchi,5,unique-normalized-name,sk_coold,cooldown,milliseconds,4,unverified-for-class,"[""1"",""0""]","[""4"",""1""]",200000 sk_lvl 20000 * -,"[""300000""]","[""300000""]","[""subtract"",[""number"",""200000""],[""multiply"",[""number"",""20000""],[""variable"",""skill_level""]]]","[[""number"",""300000""]]",differs,bango-differs-from-legacy,Value or formula differs; source-version attribution remains open.
