bango_key,bango_definition_ordinal,skill_name,scope,client_level_bands_json,client_cumulative_max_grades_json,client_incremental_grade_counts_json,client_schedule_format,client_max_grade,schedule_state,legacy_position,legacy_schedule_format,match_method,comparison_classification,verification_status,free_upgrade_status,bango_grade_json_status,notes,provenance,source_file,source_line
common-11,1,Rest,common,[1],[3],[3],1|3,3,client-schedule-resolved,,,none,no-legacy-twin,bango-only-inferred,legacy-rule-bango-retention-unverified,advancement-gating-metadata-not-skill-grade-budget,,bango-file,jobsystem.dat,53
common-0,1,Run,common,[],[1],[],,1,fixed-grade-without-level-gate,,,none,no-legacy-twin,contested,not-established,advancement-gating-metadata-not-skill-grade-budget,"The client declares a fixed maximum grade but no player level gate, so no investment schedule is inferred.",bango-file,jobsystem.dat,68
common-1,1,Beheading,common,[],[1],[],,1,fixed-grade-without-level-gate,,,none,no-legacy-twin,contested,not-established,advancement-gating-metadata-not-skill-grade-budget,"The client declares a fixed maximum grade but no player level gate, so no investment schedule is inferred.",bango-file,jobsystem.dat,81
common-100,1,Baby Transformation,common,[],[1],[],,1,fixed-grade-without-level-gate,,,none,no-legacy-twin,contested,not-established,advancement-gating-metadata-not-skill-grade-budget,"The client declares a fixed maximum grade but no player level gate, so no investment schedule is inferred.",bango-file,jobsystem.dat,109
common-101,1,Young Transformation,common,[],[1],[],,1,fixed-grade-without-level-gate,,,none,no-legacy-twin,contested,not-established,advancement-gating-metadata-not-skill-grade-budget,"The client declares a fixed maximum grade but no player level gate, so no investment schedule is inferred.",bango-file,jobsystem.dat,125
common-102,1,Adult Transformation,common,[],[1],[],,1,fixed-grade-without-level-gate,,,none,no-legacy-twin,contested,not-established,advancement-gating-metadata-not-skill-grade-budget,"The client declares a fixed maximum grade but no player level gate, so no investment schedule is inferred.",bango-file,jobsystem.dat,141
common-103,1,Amogae Transformation,common,[],[1],[],,1,fixed-grade-without-level-gate,,,none,no-legacy-twin,contested,not-established,advancement-gating-metadata-not-skill-grade-budget,"The client declares a fixed maximum grade but no player level gate, so no investment schedule is inferred.",bango-file,jobsystem.dat,157
thief-2,1,Attack Power Up,thief,[1],[10],[10],1|10,10,client-schedule-resolved,22,1 60|10 2,normalized-name-and-class,free-band-omitted,contested,legacy-free-band-omitted-bango-retention-unverified,advancement-gating-metadata-not-skill-grade-budget,Bango reproduces every declared band but omits the legacy level-60 automatic/free band. Client files cannot prove whether the live server still grants it.,bango-file,jobsystem.dat,205
thief-3,1,Increase Target Rate,thief,[5],[10],[10],5|10,10,client-schedule-resolved,22,10 60|10 2,normalized-name-and-class,bango-modification,contested,legacy-rule-bango-retention-unverified,advancement-gating-metadata-not-skill-grade-budget,The class-scoped schedules disagree. Bango wins for its declared bands; the disagreement remains visible.,bango-file,jobsystem.dat,206
thief-4,1,Increase Critical Rate,thief,[19],[10],[10],19|10,10,client-schedule-resolved,22,19 60|10 2,normalized-name-and-class,free-band-omitted,contested,legacy-free-band-omitted-bango-retention-unverified,advancement-gating-metadata-not-skill-grade-budget,Bango reproduces every declared band but omits the legacy level-60 automatic/free band. Client files cannot prove whether the live server still grants it.,bango-file,jobsystem.dat,207
thief-5,1,Increase Critical Damage,thief,[24],[10],[10],24|10,10,client-schedule-resolved,22,24 60|10 2,normalized-name-and-class,free-band-omitted,contested,legacy-free-band-omitted-bango-retention-unverified,advancement-gating-metadata-not-skill-grade-budget,Bango reproduces every declared band but omits the legacy level-60 automatic/free band. Client files cannot prove whether the live server still grants it.,bango-file,jobsystem.dat,208
thief-6,1,Hiding,thief,[15],[3],[3],15|3,3,client-schedule-resolved,22,15|3,normalized-name-and-class,reproduces-legacy,reproduces-legacy,legacy-rule-bango-retention-unverified,advancement-gating-metadata-not-skill-grade-budget,,bango-file,jobsystem.dat,209
thief-7,1,Assault,thief,[19],[5],[5],19|5,5,client-schedule-resolved,22,19|5,normalized-name-and-class,reproduces-legacy,reproduces-legacy,legacy-rule-bango-retention-unverified,advancement-gating-metadata-not-skill-grade-budget,,bango-file,jobsystem.dat,210
thief-8,1,Stun,thief,[30],[3],[3],30|3,3,client-schedule-resolved,23,30|3,normalized-name-and-class,reproduces-legacy,reproduces-legacy,legacy-rule-bango-retention-unverified,advancement-gating-metadata-not-skill-grade-budget,,bango-file,jobsystem.dat,212
thief-9,1,Confusion,thief,[30],[3],[3],30|3,3,client-schedule-resolved,23,30|3,normalized-name-and-class,reproduces-legacy,reproduces-legacy,legacy-rule-bango-retention-unverified,advancement-gating-metadata-not-skill-grade-budget,,bango-file,jobsystem.dat,213
thief-10,1,Strangle,thief,[35],[5],[5],35|5,5,client-schedule-resolved,23,35|5,normalized-name-and-class,reproduces-legacy,reproduces-legacy,legacy-rule-bango-retention-unverified,advancement-gating-metadata-not-skill-grade-budget,,bango-file,jobsystem.dat,214
thief-12,1,Dual Shadow,thief,[40],[5],[5],40|5,5,client-schedule-resolved,23,40|5,normalized-name-and-class,reproduces-legacy,reproduces-legacy,legacy-rule-bango-retention-unverified,advancement-gating-metadata-not-skill-grade-budget,,bango-file,jobsystem.dat,215
thief-14,1,Fatal Wound,thief,[53],[3],[3],53|3,3,client-schedule-resolved,24,53|3,normalized-name-and-class,reproduces-legacy,reproduces-legacy,not-applicable-starts-at-50-or-later,advancement-gating-metadata-not-skill-grade-budget,,bango-file,jobsystem.dat,217
thief-15,1,Ankle Amputate,thief,[54],[3],[3],54|3,3,client-schedule-resolved,24,54|3,normalized-name-and-class,reproduces-legacy,reproduces-legacy,not-applicable-starts-at-50-or-later,advancement-gating-metadata-not-skill-grade-budget,,bango-file,jobsystem.dat,218
thief-16,1,Vital Strike,thief,[56],[3],[3],56|3,3,client-schedule-resolved,24,56|3,normalized-name-and-class,reproduces-legacy,reproduces-legacy,not-applicable-starts-at-50-or-later,advancement-gating-metadata-not-skill-grade-budget,,bango-file,jobsystem.dat,219
thief-17,1,Rupture,thief,[58],[5],[5],58|5,5,client-schedule-resolved,24,58|5,normalized-name-and-class,reproduces-legacy,reproduces-legacy,not-applicable-starts-at-50-or-later,advancement-gating-metadata-not-skill-grade-budget,,bango-file,jobsystem.dat,220
thief-18,1,Final Blow,thief,[60],[2],[2],60|2,2,client-schedule-resolved,24,60|2,normalized-name-and-class,reproduces-legacy,reproduces-legacy,not-applicable-starts-at-50-or-later,advancement-gating-metadata-not-skill-grade-budget,,bango-file,jobsystem.dat,221
thief-21,1,Suicidal Blow,thief,[56],[5],[5],56|5,5,client-schedule-resolved,24,56|5,normalized-name-and-class,reproduces-legacy,reproduces-legacy,not-applicable-starts-at-50-or-later,advancement-gating-metadata-not-skill-grade-budget,,bango-file,jobsystem.dat,222
thief-13,1,Dance of Killing,thief,[50],[2],[2],50|2,2,client-schedule-resolved,25,50|2,normalized-name-and-class,reproduces-legacy,reproduces-legacy,not-applicable-starts-at-50-or-later,advancement-gating-metadata-not-skill-grade-budget,,bango-file,jobsystem.dat,224
thief-19,1,Spin Attack,thief,[50],[3],[3],50|3,3,client-schedule-resolved,25,50|3,normalized-name-and-class,reproduces-legacy,reproduces-legacy,not-applicable-starts-at-50-or-later,advancement-gating-metadata-not-skill-grade-budget,,bango-file,jobsystem.dat,225
thief-20,1,Counter attack,thief,[53],[5],[5],53|5,5,client-schedule-resolved,25,53|5,normalized-name-and-class,reproduces-legacy,reproduces-legacy,not-applicable-starts-at-50-or-later,advancement-gating-metadata-not-skill-grade-budget,,bango-file,jobsystem.dat,226
thief-22,1,Armor Breaker,thief,[54],[5],[5],54|5,5,client-schedule-resolved,25,54|5,normalized-name-and-class,reproduces-legacy,reproduces-legacy,not-applicable-starts-at-50-or-later,advancement-gating-metadata-not-skill-grade-budget,,bango-file,jobsystem.dat,227
thief-23,1,Twin Blade Strike,thief,[60],[1],[1],60|1,1,client-schedule-resolved,25,60|1,normalized-name-and-class,reproduces-legacy,reproduces-legacy,not-applicable-starts-at-50-or-later,advancement-gating-metadata-not-skill-grade-budget,,bango-file,jobsystem.dat,228
thief-30,1,Life Extension,thief,"[50,55,60,65,70]","[1,2,3,4,5]","[1,1,1,1,1]",50 55 60 65 70|1 1 1 1 1,5,client-schedule-resolved,,,none,no-legacy-twin,bango-only-inferred,not-applicable-starts-at-50-or-later,advancement-gating-metadata-not-skill-grade-budget,,bango-file,jobsystem.dat,230
thief-24,1,Deep Breath,thief,[25],[1],[1],25|1,1,client-schedule-resolved,22,25|1,normalized-name-and-class,reproduces-legacy,reproduces-legacy,legacy-rule-bango-retention-unverified,advancement-gating-metadata-not-skill-grade-budget,,bango-file,jobsystem.dat,234
thief-25,1,Acrobatic,thief,"[30,35,40,45,50]","[1,2,3,4,5]","[1,1,1,1,1]",30 35 40 45 50|1 1 1 1 1,5,client-schedule-resolved,23,30 35 40 45 50|1 1 1 1 1,normalized-name-and-class,reproduces-legacy,reproduces-legacy,legacy-rule-bango-retention-unverified,advancement-gating-metadata-not-skill-grade-budget,,bango-file,jobsystem.dat,249
thief-26,1,High grade Acrobatic,thief,[70],[1],[1],70|1,1,client-schedule-resolved,27,70|1,normalized-name-and-class,reproduces-legacy,reproduces-legacy,not-applicable-starts-at-50-or-later,advancement-gating-metadata-not-skill-grade-budget,,bango-file,jobsystem.dat,265
thief-28,1,Lightning Slash,thief,[70],[6],[6],70|6,6,client-schedule-resolved,27,70|6,normalized-name-and-class,reproduces-legacy,reproduces-legacy,not-applicable-starts-at-50-or-later,advancement-gating-metadata-not-skill-grade-budget,,bango-file,jobsystem.dat,279
thief-29,1,Wind Cry,thief,[70],[1],[1],70|1,1,client-schedule-resolved,,,none,no-legacy-twin,bango-only-inferred,not-applicable-starts-at-50-or-later,advancement-gating-metadata-not-skill-grade-budget,,bango-file,jobsystem.dat,304
thief-31,1,Wrath of Thief,thief,[70],[1],[1],70|1,1,client-schedule-resolved,,,none,no-legacy-twin,bango-only-inferred,not-applicable-starts-at-50-or-later,advancement-gating-metadata-not-skill-grade-budget,,bango-file,jobsystem.dat,307
thief-27,1,Silence Step,thief,[70],[1],[1],70|1,1,client-schedule-resolved,26,70|1,normalized-name-and-class,reproduces-legacy,reproduces-legacy,not-applicable-starts-at-50-or-later,advancement-gating-metadata-not-skill-grade-budget,,bango-file,jobsystem.dat,314
thief-33,1,Wrath of Heaven,thief,[70],[6],[6],70|6,6,client-schedule-resolved,26,70|6,normalized-name-and-class,reproduces-legacy,reproduces-legacy,not-applicable-starts-at-50-or-later,advancement-gating-metadata-not-skill-grade-budget,,bango-file,jobsystem.dat,329
thief-34,1,Remove Sign,thief,[70],[1],[1],70|1,1,client-schedule-resolved,,,none,no-legacy-twin,bango-only-inferred,not-applicable-starts-at-50-or-later,advancement-gating-metadata-not-skill-grade-budget,,bango-file,jobsystem.dat,354
thief-35,1,Flame Dance,thief,[70],[3],[3],70|3,3,client-schedule-resolved,,,none,no-legacy-twin,bango-only-inferred,not-applicable-starts-at-50-or-later,advancement-gating-metadata-not-skill-grade-budget,,bango-file,jobsystem.dat,368
thief-37,1,Weak Point Detection,thief,[60],[8],[8],60|8,8,client-schedule-resolved,23,60|8,normalized-name-and-class,reproduces-legacy,reproduces-legacy,not-applicable-starts-at-50-or-later,advancement-gating-metadata-not-skill-grade-budget,,bango-file,jobsystem.dat,391
thief-63,1,Counter offensive,thief,[63],[5],[5],63|5,5,client-schedule-resolved,25,63|5,normalized-name-and-class,reproduces-legacy,reproduces-legacy,not-applicable-starts-at-50-or-later,advancement-gating-metadata-not-skill-grade-budget,,bango-file,jobsystem.dat,408
thief-70,1,Blessing of Son of the Sky,thief,"[70,75,80,85,90,95,100]","[1,2,3,4,5,6,7]","[1,1,1,1,1,1,1]",70 75 80 85 90 95 100|1 1 1 1 1 1 1,7,client-schedule-resolved,,,none,no-legacy-twin,bango-only-inferred,not-applicable-starts-at-50-or-later,advancement-gating-metadata-not-skill-grade-budget,,bango-file,jobsystem.dat,432
thief-71,1,Blessing of Son of the Sky,thief,"[70,75,80,85,90,95,100]","[1,2,3,4,5,6,7]","[1,1,1,1,1,1,1]",70 75 80 85 90 95 100|1 1 1 1 1 1 1,7,client-schedule-resolved,,,none,no-legacy-twin,bango-only-inferred,not-applicable-starts-at-50-or-later,advancement-gating-metadata-not-skill-grade-budget,,bango-file,jobsystem.dat,454
thief-80,1,Artillery,thief,[50],[1],[1],50|1,1,client-schedule-resolved,,,ambiguous-normalized-name-and-class,no-legacy-twin,bango-only-inferred,not-applicable-starts-at-50-or-later,advancement-gating-metadata-not-skill-grade-budget,,bango-file,jobsystem.dat,476
thief-81,1,Artillery,thief,[50],[1],[1],50|1,1,client-schedule-resolved,,,ambiguous-normalized-name-and-class,no-legacy-twin,bango-only-inferred,not-applicable-starts-at-50-or-later,advancement-gating-metadata-not-skill-grade-budget,,bango-file,jobsystem.dat,495
thief-85,1,Mystery Skill of Accuracy,thief,[81],[20],[20],81|20,20,client-schedule-resolved,,,none,no-legacy-twin,bango-only-inferred,not-applicable-starts-at-50-or-later,advancement-gating-metadata-not-skill-grade-budget,,bango-file,jobsystem.dat,516
thief-86,1,Mystery skill of Evasion,thief,[81],[20],[20],81|20,20,client-schedule-resolved,,,none,no-legacy-twin,bango-only-inferred,not-applicable-starts-at-50-or-later,advancement-gating-metadata-not-skill-grade-budget,,bango-file,jobsystem.dat,538
thief-87,1,Mystery skill of Defense,thief,[81],[20],[20],81|20,20,client-schedule-resolved,,,none,no-legacy-twin,bango-only-inferred,not-applicable-starts-at-50-or-later,advancement-gating-metadata-not-skill-grade-budget,,bango-file,jobsystem.dat,561
thief-88,1,Walk on the Air,thief,[91],[10],[10],91|10,10,client-schedule-resolved,,,none,no-legacy-twin,bango-only-inferred,not-applicable-starts-at-50-or-later,advancement-gating-metadata-not-skill-grade-budget,,bango-file,jobsystem.dat,583
thief-89,1,Evolution of Mana Circulation,thief,[91],[10],[10],91|10,10,client-schedule-resolved,,,none,no-legacy-twin,bango-only-inferred,not-applicable-starts-at-50-or-later,advancement-gating-metadata-not-skill-grade-budget,,bango-file,jobsystem.dat,597
thief-90,1,Critical Strike,thief,"[91,96,101]","[1,2,3]","[1,1,1]",91 96 101|1 1 1,3,client-schedule-resolved,,,none,no-legacy-twin,bango-only-inferred,not-applicable-starts-at-50-or-later,advancement-gating-metadata-not-skill-grade-budget,,bango-file,jobsystem.dat,618
thief-91,1,Strike of God,thief,"[91,96,101]","[1,2,3]","[1,1,1]",91 96 101|1 1 1,3,client-schedule-resolved,,,none,no-legacy-twin,bango-only-inferred,not-applicable-starts-at-50-or-later,advancement-gating-metadata-not-skill-grade-budget,,bango-file,jobsystem.dat,640
thief-92,1,Critical Diffusion,thief,"[91,96,101]","[1,2,3]","[1,1,1]",91 96 101|1 1 1,3,client-schedule-resolved,,,none,no-legacy-twin,bango-only-inferred,not-applicable-starts-at-50-or-later,advancement-gating-metadata-not-skill-grade-budget,,bango-file,jobsystem.dat,662
thief-93,1,Destroying Armor,thief,"[91,96,101]","[1,2,3]","[1,1,1]",91 96 101|1 1 1,3,client-schedule-resolved,,,none,no-legacy-twin,bango-only-inferred,not-applicable-starts-at-50-or-later,advancement-gating-metadata-not-skill-grade-budget,,bango-file,jobsystem.dat,684
thief-94,1,Attack of Dark Shadow,thief,[96],[2],[2],96|2,2,client-schedule-resolved,,,none,no-legacy-twin,bango-only-inferred,not-applicable-starts-at-50-or-later,advancement-gating-metadata-not-skill-grade-budget,,bango-file,jobsystem.dat,706
knight-2,1,Weapon Mastery,knight,[1],[20],[20],1|20,20,client-schedule-resolved,8,1 60|20 2,normalized-name-and-class,free-band-omitted,contested,legacy-free-band-omitted-bango-retention-unverified,advancement-gating-metadata-not-skill-grade-budget,Bango reproduces every declared band but omits the legacy level-60 automatic/free band. Client files cannot prove whether the live server still grants it.,bango-file,jobsystem.dat,731
knight-3,1,Lightning Slash,knight,[5],[10],[10],5|10,10,client-schedule-resolved,8,5|10,normalized-name-and-class,reproduces-legacy,reproduces-legacy,legacy-rule-bango-retention-unverified,advancement-gating-metadata-not-skill-grade-budget,,bango-file,jobsystem.dat,747
knight-4,1,Mockery ,knight,[18],[5],[5],18|5,5,client-schedule-resolved,8,18|5,normalized-name-and-class,reproduces-legacy,reproduces-legacy,legacy-rule-bango-retention-unverified,advancement-gating-metadata-not-skill-grade-budget,,bango-file,jobsystem.dat,771
knight-5,1,Transcendental Blow,knight,[30],[5],[5],30|5,5,client-schedule-resolved,9,30|5,normalized-name-and-class,reproduces-legacy,reproduces-legacy,legacy-rule-bango-retention-unverified,advancement-gating-metadata-not-skill-grade-budget,,bango-file,jobsystem.dat,795
knight-6,1,Defense,knight,"[30,35,40,45,50]","[3,6,9,12,15]","[3,3,3,3,3]",30 35 40 45 50|3 3 3 3 3,15,client-schedule-resolved,9,30 35 40 45 50 60|3 3 3 3 3 2,normalized-name-and-class,free-band-omitted,contested,legacy-free-band-omitted-bango-retention-unverified,advancement-gating-metadata-not-skill-grade-budget,Bango reproduces every declared band but omits the legacy level-60 automatic/free band. Client files cannot prove whether the live server still grants it.,bango-file,jobsystem.dat,820
knight-7,1,Upward Slash,knight,[24],[5],[5],24|5,5,client-schedule-resolved,8,24|5,normalized-name-and-class,reproduces-legacy,reproduces-legacy,legacy-rule-bango-retention-unverified,advancement-gating-metadata-not-skill-grade-budget,,bango-file,jobsystem.dat,836
knight-8,1,Provocation,knight,[41],[3],[3],41|3,3,client-schedule-resolved,9,41|3,normalized-name-and-class,reproduces-legacy,reproduces-legacy,legacy-rule-bango-retention-unverified,advancement-gating-metadata-not-skill-grade-budget,,bango-file,jobsystem.dat,861
knight-9,1,Flashing Slash,knight,[39],[3],[3],39|3,3,client-schedule-resolved,9,39|3,normalized-name-and-class,reproduces-legacy,reproduces-legacy,legacy-rule-bango-retention-unverified,advancement-gating-metadata-not-skill-grade-budget,,bango-file,jobsystem.dat,886
knight-10,1,Increasing Concentration,knight,[42],[1],[1],42|1,1,client-schedule-resolved,9,42 60|1 1,normalized-name-and-class,free-band-omitted,contested,legacy-free-band-omitted-bango-retention-unverified,advancement-gating-metadata-not-skill-grade-budget,Bango reproduces every declared band but omits the legacy level-60 automatic/free band. Client files cannot prove whether the live server still grants it.,bango-file,jobsystem.dat,911
knight-11,1,Critical Hit,knight,"[10,34,47]","[5,10,15]","[5,5,5]",10 34 47|5 5 5,15,client-schedule-resolved,,,none,no-legacy-twin,bango-only-inferred,legacy-rule-bango-retention-unverified,advancement-gating-metadata-not-skill-grade-budget,,bango-file,jobsystem.dat,933
knight-12,1,Widening Wound,knight,[43],[5],[5],43|5,5,client-schedule-resolved,9,43|5,normalized-name-and-class,reproduces-legacy,reproduces-legacy,legacy-rule-bango-retention-unverified,advancement-gating-metadata-not-skill-grade-budget,,bango-file,jobsystem.dat,950
knight-13,1,Protect,knight,[15],[1],[1],15|1,1,client-schedule-resolved,14,15|1,normalized-name-and-class,reproduces-legacy,reproduces-legacy,legacy-rule-bango-retention-unverified,advancement-gating-metadata-not-skill-grade-budget,,bango-file,jobsystem.dat,975
knight-14,1,Shield Attack,knight,[25],[1],[1],25|1,1,client-schedule-resolved,14,25|1,normalized-name-and-class,reproduces-legacy,reproduces-legacy,legacy-rule-bango-retention-unverified,advancement-gating-metadata-not-skill-grade-budget,,bango-file,jobsystem.dat,998
knight-15,1,Life Extension,knight,"[50,55,60,65,70]","[1,2,3,4,5]","[1,1,1,1,1]",50 55 60 65 70|1 1 1 1 1,5,client-schedule-resolved,,,none,no-legacy-twin,bango-only-inferred,not-applicable-starts-at-50-or-later,advancement-gating-metadata-not-skill-grade-budget,,bango-file,jobsystem.dat,1019
knight-16,1,Powerful Upward Slash,knight,"[50,57,63,68]","[1,2,3,4]","[1,1,1,1]",50 57 63 68|1 1 1 1,4,client-schedule-resolved,10,50 57 63 68|1 1 1 1,normalized-name-and-class,reproduces-legacy,reproduces-legacy,not-applicable-starts-at-50-or-later,advancement-gating-metadata-not-skill-grade-budget,,bango-file,jobsystem.dat,1034
knight-17,1,Brutal Attack,knight,"[53,56,63,67,70]","[1,2,3,4,5]","[1,1,1,1,1]",53 56 63 67 70|1 1 1 1 1,5,client-schedule-resolved,10,53 56 63 67 70|1 1 1 1 1,normalized-name-and-class,reproduces-legacy,reproduces-legacy,not-applicable-starts-at-50-or-later,advancement-gating-metadata-not-skill-grade-budget,,bango-file,jobsystem.dat,1056
knight-18,1,Force of Defense,knight,"[50,56,62,70]","[1,2,3,4]","[1,1,1,1]",50 56 62 70|1 1 1 1,4,client-schedule-resolved,11,50 56 62 70|1 1 1 1,normalized-name-and-class,reproduces-legacy,reproduces-legacy,not-applicable-starts-at-50-or-later,advancement-gating-metadata-not-skill-grade-budget,,bango-file,jobsystem.dat,1086
knight-19,1,Call of Defense,knight,"[51,57,63]","[1,2,3]","[1,1,1]",51 57 63|1 1 1,3,client-schedule-resolved,11,51 57 63|1 1 1,normalized-name-and-class,reproduces-legacy,reproduces-legacy,not-applicable-starts-at-50-or-later,advancement-gating-metadata-not-skill-grade-budget,,bango-file,jobsystem.dat,1109
knight-20,1,Parry,knight,[50],[1],[1],50|1,1,client-schedule-resolved,10,50|1,normalized-name-and-class,reproduces-legacy,reproduces-legacy,not-applicable-starts-at-50-or-later,advancement-gating-metadata-not-skill-grade-budget,,bango-file,jobsystem.dat,1132
knight-21,1,Rush,knight,"[52,62]","[1,2]","[1,1]",52 62|1 1,2,client-schedule-resolved,10,52 62|1 1,normalized-name-and-class,reproduces-legacy,reproduces-legacy,not-applicable-starts-at-50-or-later,advancement-gating-metadata-not-skill-grade-budget,,bango-file,jobsystem.dat,1148
knight-22,1,Shield Offense,knight,"[52,59,64,68]","[1,2,3,4]","[1,1,1,1]",52 59 64 68|1 1 1 1,4,client-schedule-resolved,11,52 59 64 68|1 1 1 1,normalized-name-and-class,reproduces-legacy,reproduces-legacy,not-applicable-starts-at-50-or-later,advancement-gating-metadata-not-skill-grade-budget,,bango-file,jobsystem.dat,1171
knight-23,1,Call of Recovery,knight,"[55,61,67]","[1,2,3]","[1,1,1]",55 61 67|1 1 1,3,client-schedule-resolved,11,55 61 67|1 1 1,normalized-name-and-class,reproduces-legacy,reproduces-legacy,not-applicable-starts-at-50-or-later,advancement-gating-metadata-not-skill-grade-budget,,bango-file,jobsystem.dat,1200
knight-24,1,Berserk,knight,"[53,56,59,62,65,70]","[1,2,3,4,5,6]","[1,1,1,1,1,1]",53 56 59 62 65 70|1 1 1 1 1 1,6,client-schedule-resolved,10,53 56 59 62 65 70|1 1 1 1 1 1,normalized-name-and-class,reproduces-legacy,reproduces-legacy,not-applicable-starts-at-50-or-later,advancement-gating-metadata-not-skill-grade-budget,,bango-file,jobsystem.dat,1221
knight-25,1,Half Swing,knight,"[54,58,62,66,69]","[1,2,3,4,5]","[1,1,1,1,1]",54 58 62 66 69|1 1 1 1 1,5,client-schedule-resolved,10,54 58 62 66 69|1 1 1 1 1,normalized-name-and-class,reproduces-legacy,reproduces-legacy,not-applicable-starts-at-50-or-later,advancement-gating-metadata-not-skill-grade-budget,,bango-file,jobsystem.dat,1244
knight-26,1,Sacrifice,knight,"[52,61]","[1,2]","[1,1]",52 61|1 1,2,client-schedule-resolved,11,52 61|1 1,normalized-name-and-class,reproduces-legacy,reproduces-legacy,not-applicable-starts-at-50-or-later,advancement-gating-metadata-not-skill-grade-budget,,bango-file,jobsystem.dat,1270
knight-27,1,Call of Lightning Defense,knight,"[53,57,64]","[1,2,3]","[1,1,1]",53 57 64|1 1 1,3,client-schedule-resolved,11,53 57 64|1 1 1,normalized-name-and-class,reproduces-legacy,reproduces-legacy,not-applicable-starts-at-50-or-later,advancement-gating-metadata-not-skill-grade-budget,,bango-file,jobsystem.dat,1293
knight-28,1,Call of Ice Defense,knight,"[53,57,64]","[1,2,3]","[1,1,1]",53 57 64|1 1 1,3,client-schedule-resolved,11,53 57 64|1 1 1,normalized-name-and-class,reproduces-legacy,reproduces-legacy,not-applicable-starts-at-50-or-later,advancement-gating-metadata-not-skill-grade-budget,,bango-file,jobsystem.dat,1314
knight-29,1,Call of Fire Defense,knight,"[53,57,64]","[1,2,3]","[1,1,1]",53 57 64|1 1 1,3,client-schedule-resolved,11,53 57 64|1 1 1,normalized-name-and-class,reproduces-legacy,reproduces-legacy,not-applicable-starts-at-50-or-later,advancement-gating-metadata-not-skill-grade-budget,,bango-file,jobsystem.dat,1335
knight-30,1,Call of On Target Point,knight,"[54,58,65]","[1,2,3]","[1,1,1]",54 58 65|1 1 1,3,client-schedule-resolved,11,54 58 65|1 1 1,normalized-name-and-class,reproduces-legacy,reproduces-legacy,not-applicable-starts-at-50-or-later,advancement-gating-metadata-not-skill-grade-budget,,bango-file,jobsystem.dat,1356
knight-31,1,Call of Physical Attack,knight,"[54,60,66]","[1,2,3]","[1,1,1]",54 60 66|1 1 1,3,client-schedule-resolved,11,54 60 66|1 1 1,normalized-name-and-class,reproduces-legacy,reproduces-legacy,not-applicable-starts-at-50-or-later,advancement-gating-metadata-not-skill-grade-budget,,bango-file,jobsystem.dat,1377
knight-32,1,Survival Instinct,knight,"[56,63]","[1,2]","[1,1]",56 63|1 1,2,client-schedule-resolved,11,56 63|1 1,normalized-name-and-class,reproduces-legacy,reproduces-legacy,not-applicable-starts-at-50-or-later,advancement-gating-metadata-not-skill-grade-budget,,bango-file,jobsystem.dat,1398
knight-33,1,Elastic Shield,knight,[58],[1],[1],58|1,1,client-schedule-resolved,11,58|1,normalized-name-and-class,reproduces-legacy,reproduces-legacy,not-applicable-starts-at-50-or-later,advancement-gating-metadata-not-skill-grade-budget,,bango-file,jobsystem.dat,1420
knight-34,1,Revival,knight,"[59,69]","[1,2]","[1,1]",59 69|1 1,2,client-schedule-resolved,,,none,no-legacy-twin,bango-only-inferred,not-applicable-starts-at-50-or-later,advancement-gating-metadata-not-skill-grade-budget,,bango-file,jobsystem.dat,1441
knight-35,1,Increase of Critical Hit,knight,[61],[1],[1],61|1,1,client-schedule-resolved,,,none,no-legacy-twin,bango-only-inferred,not-applicable-starts-at-50-or-later,advancement-gating-metadata-not-skill-grade-budget,,bango-file,jobsystem.dat,1466
knight-37,1,Defense strengthening,knight,[70],[1],[1],70|1,1,client-schedule-resolved,13,70|1,normalized-name-and-class,reproduces-legacy,reproduces-legacy,not-applicable-starts-at-50-or-later,advancement-gating-metadata-not-skill-grade-budget,,bango-file,jobsystem.dat,1488
knight-38,1,Perfect defense,knight,[70],[6],[6],70|6,6,client-schedule-resolved,13,70|6,normalized-name-and-class,reproduces-legacy,reproduces-legacy,not-applicable-starts-at-50-or-later,advancement-gating-metadata-not-skill-grade-budget,,bango-file,jobsystem.dat,1504
knight-39,1,Weapon defend,knight,[70],[1],[1],70|1,1,client-schedule-resolved,12,70|1,normalized-name-and-class,reproduces-legacy,reproduces-legacy,not-applicable-starts-at-50-or-later,advancement-gating-metadata-not-skill-grade-budget,,bango-file,jobsystem.dat,1533
knight-40,1,Spin Slash,knight,[70],[6],[6],70|6,6,client-schedule-resolved,12,70|6,normalized-name-and-class,reproduces-legacy,reproduces-legacy,not-applicable-starts-at-50-or-later,advancement-gating-metadata-not-skill-grade-budget,,bango-file,jobsystem.dat,1550
knight-41,1,Powerful Widening Wound,knight,[56],[5],[5],56|5,5,client-schedule-resolved,11,56|5,normalized-name-and-class,reproduces-legacy,reproduces-legacy,not-applicable-starts-at-50-or-later,advancement-gating-metadata-not-skill-grade-budget,,bango-file,jobsystem.dat,1579
knight-44,1,Devine Suction,knight,"[50,55,60,65,70]","[1,2,3,4,5]","[1,1,1,1,1]",50 55 60 65 70|1 1 1 1 1,5,client-schedule-resolved,,,none,no-legacy-twin,bango-only-inferred,not-applicable-starts-at-50-or-later,advancement-gating-metadata-not-skill-grade-budget,,bango-file,jobsystem.dat,1608
knight-70,1,Blessing of Son of the Sky,knight,"[70,75,80,85,90,95,100]","[1,2,3,4,5,6,7]","[1,1,1,1,1,1,1]",70 75 80 85 90 95 100|1 1 1 1 1 1 1,7,client-schedule-resolved,,,none,no-legacy-twin,bango-only-inferred,not-applicable-starts-at-50-or-later,advancement-gating-metadata-not-skill-grade-budget,,bango-file,jobsystem.dat,1631
knight-71,1,Blessing of Son of the Sky,knight,"[70,75,80,85,90,95,100]","[1,2,3,4,5,6,7]","[1,1,1,1,1,1,1]",70 75 80 85 90 95 100|1 1 1 1 1 1 1,7,client-schedule-resolved,,,none,no-legacy-twin,bango-only-inferred,not-applicable-starts-at-50-or-later,advancement-gating-metadata-not-skill-grade-budget,,bango-file,jobsystem.dat,1653
knight-80,1,Artillery,knight,[50],[1],[1],50|1,1,client-schedule-resolved,,,ambiguous-normalized-name-and-class,no-legacy-twin,bango-only-inferred,not-applicable-starts-at-50-or-later,advancement-gating-metadata-not-skill-grade-budget,,bango-file,jobsystem.dat,1675
knight-81,1,Artillery,knight,[50],[1],[1],50|1,1,client-schedule-resolved,,,ambiguous-normalized-name-and-class,no-legacy-twin,bango-only-inferred,not-applicable-starts-at-50-or-later,advancement-gating-metadata-not-skill-grade-budget,,bango-file,jobsystem.dat,1694
knight-82,1,Mana Circulation,knight,[50],[1],[1],50|1,1,client-schedule-resolved,,,none,no-legacy-twin,bango-only-inferred,not-applicable-starts-at-50-or-later,advancement-gating-metadata-not-skill-grade-budget,,bango-file,jobsystem.dat,1714
knight-85,1,Mystery Skill of Accuracy,knight,[81],[20],[20],81|20,20,client-schedule-resolved,,,none,no-legacy-twin,bango-only-inferred,not-applicable-starts-at-50-or-later,advancement-gating-metadata-not-skill-grade-budget,,bango-file,jobsystem.dat,1735
knight-86,1,Mystery skill of Evasion,knight,[81],[20],[20],81|20,20,client-schedule-resolved,,,none,no-legacy-twin,bango-only-inferred,not-applicable-starts-at-50-or-later,advancement-gating-metadata-not-skill-grade-budget,,bango-file,jobsystem.dat,1757
knight-87,1,Mystery skill of Defense,knight,[81],[20],[20],81|20,20,client-schedule-resolved,,,none,no-legacy-twin,bango-only-inferred,not-applicable-starts-at-50-or-later,advancement-gating-metadata-not-skill-grade-budget,,bango-file,jobsystem.dat,1780
knight-88,1,Walk on the Air,knight,[91],[10],[10],91|10,10,client-schedule-resolved,,,none,no-legacy-twin,bango-only-inferred,not-applicable-starts-at-50-or-later,advancement-gating-metadata-not-skill-grade-budget,,bango-file,jobsystem.dat,1802
knight-89,1,Evolution of Mana Circulation,knight,[91],[10],[10],91|10,10,client-schedule-resolved,,,none,no-legacy-twin,bango-only-inferred,not-applicable-starts-at-50-or-later,advancement-gating-metadata-not-skill-grade-budget,,bango-file,jobsystem.dat,1816
knight-90,1,Shout of Defense,knight,"[91,96,101]","[1,2,3]","[1,1,1]",91 96 101|1 1 1,3,client-schedule-resolved,,,none,no-legacy-twin,bango-only-inferred,not-applicable-starts-at-50-or-later,advancement-gating-metadata-not-skill-grade-budget,,bango-file,jobsystem.dat,1837
knight-91,1,The Boom of Earth,knight,"[91,96,101]","[1,2,3]","[1,1,1]",91 96 101|1 1 1,3,client-schedule-resolved,,,none,no-legacy-twin,bango-only-inferred,not-applicable-starts-at-50-or-later,advancement-gating-metadata-not-skill-grade-budget,,bango-file,jobsystem.dat,1861
knight-92,1,Shout of Fighting Spirit,knight,"[91,96,101]","[1,2,3]","[1,1,1]",91 96 101|1 1 1,3,client-schedule-resolved,,,none,no-legacy-twin,bango-only-inferred,not-applicable-starts-at-50-or-later,advancement-gating-metadata-not-skill-grade-budget,,bango-file,jobsystem.dat,1883
knight-93,1,The wave of Earth,knight,"[91,96,101]","[1,2,3]","[1,1,1]",91 96 101|1 1 1,3,client-schedule-resolved,,,none,no-legacy-twin,bango-only-inferred,not-applicable-starts-at-50-or-later,advancement-gating-metadata-not-skill-grade-budget,,bango-file,jobsystem.dat,1908
knight-94,1,Attack of Dark Shadow,knight,[96],[2],[2],96|2,2,client-schedule-resolved,,,none,no-legacy-twin,bango-only-inferred,not-applicable-starts-at-50-or-later,advancement-gating-metadata-not-skill-grade-budget,,bango-file,jobsystem.dat,1930
mage-2,1,Fire Magic,mage,[8],[20],[20],8|20,20,client-schedule-resolved,1,8|20,normalized-name-and-class,reproduces-legacy,reproduces-legacy,legacy-rule-bango-retention-unverified,advancement-gating-metadata-not-skill-grade-budget,,bango-file,jobsystem.dat,1955
mage-3,1,Ice Magic,mage,[3],[20],[20],3|20,20,client-schedule-resolved,1,3|20,normalized-name-and-class,reproduces-legacy,reproduces-legacy,legacy-rule-bango-retention-unverified,advancement-gating-metadata-not-skill-grade-budget,,bango-file,jobsystem.dat,1981
mage-4,1,Lightning Magic,mage,[1],[10],[10],1|10,10,client-schedule-resolved,1,1|10,normalized-name-and-class,reproduces-legacy,reproduces-legacy,legacy-rule-bango-retention-unverified,advancement-gating-metadata-not-skill-grade-budget,,bango-file,jobsystem.dat,2008
mage-5,1,Long-range Protection,mage,[25],[1],[1],25|1,1,client-schedule-resolved,7,25|1,normalized-name-and-class,reproduces-legacy,reproduces-legacy,legacy-rule-bango-retention-unverified,advancement-gating-metadata-not-skill-grade-budget,,bango-file,jobsystem.dat,2037
mage-8,1,Heal,mage,[7],[5],[5],7|5,5,client-schedule-resolved,1,7|5,normalized-name-and-class,reproduces-legacy,reproduces-legacy,legacy-rule-bango-retention-unverified,advancement-gating-metadata-not-skill-grade-budget,,bango-file,jobsystem.dat,2058
mage-9,1,Shock Wave,mage,[31],[5],[5],31|5,5,client-schedule-resolved,2,31|5,normalized-name-and-class,reproduces-legacy,reproduces-legacy,legacy-rule-bango-retention-unverified,advancement-gating-metadata-not-skill-grade-budget,,bango-file,jobsystem.dat,2081
mage-10,1,Cure,mage,[16],[10],[10],16|10,10,client-schedule-resolved,1,16|10,normalized-name-and-class,reproduces-legacy,reproduces-legacy,legacy-rule-bango-retention-unverified,advancement-gating-metadata-not-skill-grade-budget,,bango-file,jobsystem.dat,2109
mage-11,1,Magic Mastery : Lightning,mage,[30],[5],[5],30|5,5,client-schedule-resolved,2,30 60|5 2,normalized-name-and-class,free-band-omitted,contested,legacy-free-band-omitted-bango-retention-unverified,advancement-gating-metadata-not-skill-grade-budget,Bango reproduces every declared band but omits the legacy level-60 automatic/free band. Client files cannot prove whether the live server still grants it.,bango-file,jobsystem.dat,2136
mage-12,1,Magic Mastery : Ice,mage,[30],[5],[5],30|5,5,client-schedule-resolved,2,30 60|5 2,normalized-name-and-class,free-band-omitted,contested,legacy-free-band-omitted-bango-retention-unverified,advancement-gating-metadata-not-skill-grade-budget,Bango reproduces every declared band but omits the legacy level-60 automatic/free band. Client files cannot prove whether the live server still grants it.,bango-file,jobsystem.dat,2151
mage-13,1,Magic Mastery  : Fire,mage,[30],[5],[5],30|5,5,client-schedule-resolved,2,30 60|5 2,normalized-name-and-class,free-band-omitted,contested,legacy-free-band-omitted-bango-retention-unverified,advancement-gating-metadata-not-skill-grade-budget,Bango reproduces every declared band but omits the legacy level-60 automatic/free band. Client files cannot prove whether the live server still grants it.,bango-file,jobsystem.dat,2164
mage-14,1,Meditation,mage,[32],[3],[3],32|3,3,client-schedule-resolved,2,32 60|3 2,normalized-name-and-class,free-band-omitted,contested,legacy-free-band-omitted-bango-retention-unverified,advancement-gating-metadata-not-skill-grade-budget,Bango reproduces every declared band but omits the legacy level-60 automatic/free band. Client files cannot prove whether the live server still grants it.,bango-file,jobsystem.dat,2177
mage-15,1,Revival,mage,[37],[1],[1],37|1,1,client-schedule-resolved,2,37 60|1 1,explicit-name-alias-and-class,free-band-omitted,contested,legacy-free-band-omitted-bango-retention-unverified,advancement-gating-metadata-not-skill-grade-budget,Bango reproduces every declared band but omits the legacy level-60 automatic/free band. Client files cannot prove whether the live server still grants it.,bango-file,jobsystem.dat,2195
mage-16,1,Defensive incantation 1,mage,[30],[1],[1],30|1,1,client-schedule-resolved,,,none,no-legacy-twin,bango-only-inferred,legacy-rule-bango-retention-unverified,advancement-gating-metadata-not-skill-grade-budget,,bango-file,jobsystem.dat,2219
mage-17,1,Defensive incantation 2,mage,[35],[1],[1],35|1,1,client-schedule-resolved,,,none,no-legacy-twin,bango-only-inferred,legacy-rule-bango-retention-unverified,advancement-gating-metadata-not-skill-grade-budget,,bango-file,jobsystem.dat,2237
mage-18,1,Defensive incantation 3,mage,[40],[1],[1],40|1,1,client-schedule-resolved,,,none,no-legacy-twin,bango-only-inferred,legacy-rule-bango-retention-unverified,advancement-gating-metadata-not-skill-grade-budget,,bango-file,jobsystem.dat,2255
mage-19,1,Defensive incantation 4,mage,[45],[1],[1],45|1,1,client-schedule-resolved,,,none,no-legacy-twin,bango-only-inferred,legacy-rule-bango-retention-unverified,advancement-gating-metadata-not-skill-grade-budget,,bango-file,jobsystem.dat,2273
mage-20,1,Defensive incantation 5,mage,[50],[1],[1],50|1,1,client-schedule-resolved,,,none,no-legacy-twin,bango-only-inferred,not-applicable-starts-at-50-or-later,advancement-gating-metadata-not-skill-grade-budget,,bango-file,jobsystem.dat,2291
mage-21,1,Cure 2,mage,[36],[5],[5],36|5,5,client-schedule-resolved,2,36|5,normalized-name-and-class,reproduces-legacy,reproduces-legacy,legacy-rule-bango-retention-unverified,advancement-gating-metadata-not-skill-grade-budget,,bango-file,jobsystem.dat,2309
mage-22,1,Lightning Blow,mage,[21],[10],[10],21|10,10,client-schedule-resolved,1,21|10,normalized-name-and-class,reproduces-legacy,reproduces-legacy,legacy-rule-bango-retention-unverified,advancement-gating-metadata-not-skill-grade-budget,,bango-file,jobsystem.dat,2336
mage-23,1,Splashy Ice,mage,[34],[5],[5],34|5,5,client-schedule-resolved,2,34|5,normalized-name-and-class,reproduces-legacy,reproduces-legacy,legacy-rule-bango-retention-unverified,advancement-gating-metadata-not-skill-grade-budget,,bango-file,jobsystem.dat,2365
mage-24,1,Fire Blow,mage,[33],[5],[5],33|5,5,client-schedule-resolved,2,33|5,normalized-name-and-class,reproduces-legacy,reproduces-legacy,legacy-rule-bango-retention-unverified,advancement-gating-metadata-not-skill-grade-budget,,bango-file,jobsystem.dat,2392
mage-25,1,Speed Up,mage,[36],[3],[3],36|3,3,client-schedule-resolved,2,36|3,normalized-name-and-class,reproduces-legacy,reproduces-legacy,legacy-rule-bango-retention-unverified,advancement-gating-metadata-not-skill-grade-budget,,bango-file,jobsystem.dat,2419
mage-26,1,Frost,mage,[43],[1],[1],43|1,1,client-schedule-resolved,2,43|1,normalized-name-and-class,reproduces-legacy,reproduces-legacy,legacy-rule-bango-retention-unverified,advancement-gating-metadata-not-skill-grade-budget,,bango-file,jobsystem.dat,2444
mage-27,1,Group Cure,mage,[47],[3],[3],47|3,3,client-schedule-resolved,2,47|3,normalized-name-and-class,reproduces-legacy,reproduces-legacy,legacy-rule-bango-retention-unverified,advancement-gating-metadata-not-skill-grade-budget,,bango-file,jobsystem.dat,2468
mage-28,1,Restore,mage,[42],[1],[1],42|1,1,client-schedule-resolved,2,42|1,normalized-name-and-class,reproduces-legacy,reproduces-legacy,legacy-rule-bango-retention-unverified,advancement-gating-metadata-not-skill-grade-budget,,bango-file,jobsystem.dat,2495
mage-29,1,Lightning Summons,mage,"[53,57]","[1,2]","[1,1]",53 57|1 1,2,client-schedule-resolved,3,53 57|1 1,normalized-name-and-class,reproduces-legacy,reproduces-legacy,not-applicable-starts-at-50-or-later,advancement-gating-metadata-not-skill-grade-budget,,bango-file,jobsystem.dat,2521
mage-30,1,Hail,mage,"[51,58,64,67]","[1,2,3,4]","[1,1,1,1]",51 58 64 67|1 1 1 1,4,client-schedule-resolved,3,51 58 64 67|1 1 1 1,normalized-name-and-class,reproduces-legacy,reproduces-legacy,not-applicable-starts-at-50-or-later,advancement-gating-metadata-not-skill-grade-budget,,bango-file,jobsystem.dat,2547
mage-31,1,Flame Bomb,mage,"[52,59]","[1,2]","[1,1]",52 59|1 1,2,client-schedule-resolved,3,52 59|1 1,normalized-name-and-class,reproduces-legacy,reproduces-legacy,not-applicable-starts-at-50-or-later,advancement-gating-metadata-not-skill-grade-budget,,bango-file,jobsystem.dat,2572
mage-32,1,Life Extension,mage,"[50,55,60,65,70]","[1,2,3,4,5]","[1,1,1,1,1]",50 55 60 65 70|1 1 1 1 1,5,client-schedule-resolved,,,none,no-legacy-twin,bango-only-inferred,not-applicable-starts-at-50-or-later,advancement-gating-metadata-not-skill-grade-budget,,bango-file,jobsystem.dat,2598
mage-33,1,Summons,mage,"[50,61,68]","[1,2,3]","[1,1,1]",50 61 68|1 1 1,3,client-schedule-resolved,4,50 61 68|1 1 1,normalized-name-and-class,reproduces-legacy,reproduces-legacy,not-applicable-starts-at-50-or-later,advancement-gating-metadata-not-skill-grade-budget,,bango-file,jobsystem.dat,2614
mage-34,1,Cure 3,mage,"[51,60,66]","[1,2,3]","[1,1,1]",51 60 66|1 1 1,3,client-schedule-resolved,4,51 60 66|1 1 1,normalized-name-and-class,reproduces-legacy,reproduces-legacy,not-applicable-starts-at-50-or-later,advancement-gating-metadata-not-skill-grade-budget,,bango-file,jobsystem.dat,2638
mage-35,1,Hypnotism,mage,"[51,56,61,67,70]","[1,2,3,4,5]","[1,1,1,1,1]",51 56 61 67 70|1 1 1 1 1,5,client-schedule-resolved,4,51 56 61 67 70|1 1 1 1 1,normalized-name-and-class,reproduces-legacy,reproduces-legacy,not-applicable-starts-at-50-or-later,advancement-gating-metadata-not-skill-grade-budget,,bango-file,jobsystem.dat,2663
mage-36,1,Cold Binding,mage,"[54,58,63,68]","[1,2,3,4]","[1,1,1,1]",54 58 63 68|1 1 1 1,4,client-schedule-resolved,3,54 58 63 68|1 1 1 1,normalized-name-and-class,reproduces-legacy,reproduces-legacy,not-applicable-starts-at-50-or-later,advancement-gating-metadata-not-skill-grade-budget,,bango-file,jobsystem.dat,2690
mage-37,1,Refining Weapon,mage,"[50,57,62,66,69]","[1,2,3,4,5]","[1,1,1,1,1]",50 57 62 66 69|1 1 1 1 1,5,client-schedule-resolved,3,50 57 62 66 69|1 1 1 1 1,normalized-name-and-class,reproduces-legacy,reproduces-legacy,not-applicable-starts-at-50-or-later,advancement-gating-metadata-not-skill-grade-budget,,bango-file,jobsystem.dat,2714
mage-38,1,Defense Improvement,mage,"[53,62]","[1,2]","[1,1]",53 62|1 1,2,client-schedule-resolved,4,53 62|1 1,normalized-name-and-class,reproduces-legacy,reproduces-legacy,not-applicable-starts-at-50-or-later,advancement-gating-metadata-not-skill-grade-budget,,bango-file,jobsystem.dat,2738
mage-39,1,Soul Destruction,mage,"[52,57,62,67,72]","[1,2,3,4,5]","[1,1,1,1,1]",52 57 62 67 72|1 1 1 1 1,5,client-schedule-resolved,4,52 63|1 4,normalized-name-and-class,bango-modification,contested,not-applicable-starts-at-50-or-later,advancement-gating-metadata-not-skill-grade-budget,The class-scoped schedules disagree. Bango wins for its declared bands; the disagreement remains visible.,bango-file,jobsystem.dat,2762
mage-40,1,Chain Lightning,mage,[59],[1],[1],59|1,1,client-schedule-resolved,3,59|1,normalized-name-and-class,reproduces-legacy,reproduces-legacy,not-applicable-starts-at-50-or-later,advancement-gating-metadata-not-skill-grade-budget,,bango-file,jobsystem.dat,2795
mage-41,1,Thunder,mage,"[63,66]","[1,2]","[1,1]",63 66|1 1,2,client-schedule-resolved,3,63 66|1 1,normalized-name-and-class,reproduces-legacy,reproduces-legacy,not-applicable-starts-at-50-or-later,advancement-gating-metadata-not-skill-grade-budget,,bango-file,jobsystem.dat,2832
mage-42,1,Thunder Storm,mage,[65],[1],[1],65|1,1,client-schedule-resolved,3,65|1,normalized-name-and-class,reproduces-legacy,reproduces-legacy,not-applicable-starts-at-50-or-later,advancement-gating-metadata-not-skill-grade-budget,,bango-file,jobsystem.dat,2872
mage-43,1,Ice Restriction,mage,[56],[1],[1],56|1,1,client-schedule-resolved,3,56|1,normalized-name-and-class,reproduces-legacy,reproduces-legacy,not-applicable-starts-at-50-or-later,advancement-gating-metadata-not-skill-grade-budget,,bango-file,jobsystem.dat,2897
mage-44,1,Ice Storm,mage,[65],[1],[1],65|1,1,client-schedule-resolved,3,65|1,normalized-name-and-class,reproduces-legacy,reproduces-legacy,not-applicable-starts-at-50-or-later,advancement-gating-metadata-not-skill-grade-budget,,bango-file,jobsystem.dat,2920
mage-45,1,Explosion,mage,"[62,68]","[1,2]","[1,1]",62 68|1 1,2,client-schedule-resolved,3,62 68|1 1,normalized-name-and-class,reproduces-legacy,reproduces-legacy,not-applicable-starts-at-50-or-later,advancement-gating-metadata-not-skill-grade-budget,,bango-file,jobsystem.dat,2944
mage-46,1,Explosive Burst,mage,[64],[1],[1],64|1,1,client-schedule-resolved,3,64|1,normalized-name-and-class,reproduces-legacy,reproduces-legacy,not-applicable-starts-at-50-or-later,advancement-gating-metadata-not-skill-grade-budget,,bango-file,jobsystem.dat,2968
mage-47,1,Fire Storm,mage,[65],[1],[1],65|1,1,client-schedule-resolved,3,65|1,normalized-name-and-class,reproduces-legacy,reproduces-legacy,not-applicable-starts-at-50-or-later,advancement-gating-metadata-not-skill-grade-budget,,bango-file,jobsystem.dat,2991
mage-48,1,Blessing of Strength,mage,"[54,63]","[1,2]","[1,1]",54 63|1 1,2,client-schedule-resolved,4,54 63|1 1,normalized-name-and-class,reproduces-legacy,reproduces-legacy,not-applicable-starts-at-50-or-later,advancement-gating-metadata-not-skill-grade-budget,,bango-file,jobsystem.dat,3017
mage-49,1,Blessing of Health,mage,"[54,64]","[1,2]","[1,1]",54 64|1 1,2,client-schedule-resolved,4,54 64|1 1,normalized-name-and-class,reproduces-legacy,reproduces-legacy,not-applicable-starts-at-50-or-later,advancement-gating-metadata-not-skill-grade-budget,,bango-file,jobsystem.dat,3041
mage-50,1,Blessing of Agility,mage,"[55,64]","[1,2]","[1,1]",55 64|1 1,2,client-schedule-resolved,4,55 64|1 1,normalized-name-and-class,reproduces-legacy,reproduces-legacy,not-applicable-starts-at-50-or-later,advancement-gating-metadata-not-skill-grade-budget,,bango-file,jobsystem.dat,3066
mage-51,1,Blessing of Intelligence,mage,"[56,65]","[1,2]","[1,1]",56 65|1 1,2,client-schedule-resolved,4,56 65|1 1,normalized-name-and-class,reproduces-legacy,reproduces-legacy,not-applicable-starts-at-50-or-later,advancement-gating-metadata-not-skill-grade-budget,,bango-file,jobsystem.dat,3089
mage-52,1,Increase of Critical Hit,mage,"[57,66]","[1,2]","[1,1]",57 66|1 1,2,client-schedule-resolved,,,none,no-legacy-twin,bango-only-inferred,not-applicable-starts-at-50-or-later,advancement-gating-metadata-not-skill-grade-budget,,bango-file,jobsystem.dat,3112
mage-53,1,Purification,mage,[50],[1],[1],50|1,1,client-schedule-resolved,4,50|1,normalized-name-and-class,reproduces-legacy,reproduces-legacy,not-applicable-starts-at-50-or-later,advancement-gating-metadata-not-skill-grade-budget,,bango-file,jobsystem.dat,3135
mage-54,1,Perfect Cure,mage,"[52,62,69]","[1,2,3]","[1,1,1]",52 62 69|1 1 1,3,client-schedule-resolved,4,52 62 69|1 1 1,normalized-name-and-class,reproduces-legacy,reproduces-legacy,not-applicable-starts-at-50-or-later,advancement-gating-metadata-not-skill-grade-budget,,bango-file,jobsystem.dat,3158
mage-55,1,Increase of Target Range,mage,[53],[1],[1],53|1,1,client-schedule-resolved,4,53|1,normalized-name-and-class,reproduces-legacy,reproduces-legacy,not-applicable-starts-at-50-or-later,advancement-gating-metadata-not-skill-grade-budget,,bango-file,jobsystem.dat,3183
mage-56,1,Group Cure 2,mage,"[58,67]","[1,2]","[1,1]",58 67|1 1,2,client-schedule-resolved,4,58 67|1 1,normalized-name-and-class,reproduces-legacy,reproduces-legacy,not-applicable-starts-at-50-or-later,advancement-gating-metadata-not-skill-grade-budget,,bango-file,jobsystem.dat,3202
mage-57,1,Perfect Group Cure 2,mage,"[59,69]","[1,2]","[1,1]",59 69|1 1,2,client-schedule-resolved,4,59 69|1 1,normalized-name-and-class,reproduces-legacy,reproduces-legacy,not-applicable-starts-at-50-or-later,advancement-gating-metadata-not-skill-grade-budget,,bango-file,jobsystem.dat,3224
mage-58,1,Perfect Healing,mage,[68],[1],[1],68|1,1,client-schedule-resolved,4,68|1,normalized-name-and-class,reproduces-legacy,reproduces-legacy,not-applicable-starts-at-50-or-later,advancement-gating-metadata-not-skill-grade-budget,,bango-file,jobsystem.dat,3247
mage-59,1,Distance Control,mage,[58],[1],[1],58|1,1,client-schedule-resolved,4,58|1,normalized-name-and-class,reproduces-legacy,reproduces-legacy,not-applicable-starts-at-50-or-later,advancement-gating-metadata-not-skill-grade-budget,,bango-file,jobsystem.dat,3269
mage-60,1,Amnesia,mage,[59],[1],[1],59|1,1,client-schedule-resolved,4,59|1,normalized-name-and-class,reproduces-legacy,reproduces-legacy,not-applicable-starts-at-50-or-later,advancement-gating-metadata-not-skill-grade-budget,,bango-file,jobsystem.dat,3287
mage-62,1,[Defensive incantation 6],mage,[50],[1],[1],50|1,1,client-schedule-resolved,,,none,no-legacy-twin,bango-only-inferred,not-applicable-starts-at-50-or-later,advancement-gating-metadata-not-skill-grade-budget,,bango-file,jobsystem.dat,3309
mage-63,1,Healing Intensification,mage,[70],[1],[1],70|1,1,client-schedule-resolved,6,70|1,normalized-name-and-class,reproduces-legacy,reproduces-legacy,not-applicable-starts-at-50-or-later,advancement-gating-metadata-not-skill-grade-budget,,bango-file,jobsystem.dat,3331
mage-64,1,Blessing,mage,[70],[6],[6],70|6,6,client-schedule-resolved,6,70|6,normalized-name-and-class,reproduces-legacy,reproduces-legacy,not-applicable-starts-at-50-or-later,advancement-gating-metadata-not-skill-grade-budget,,bango-file,jobsystem.dat,3372
mage-65,1,magic Intensification,mage,[70],[6],[6],70|6,6,client-schedule-resolved,5,70|6,normalized-name-and-class,reproduces-legacy,reproduces-legacy,not-applicable-starts-at-50-or-later,advancement-gating-metadata-not-skill-grade-budget,,bango-file,jobsystem.dat,3398
mage-66,1,Flame Injection,mage,[70],[6],[6],70|6,6,client-schedule-resolved,5,70|6,normalized-name-and-class,reproduces-legacy,reproduces-legacy,not-applicable-starts-at-50-or-later,advancement-gating-metadata-not-skill-grade-budget,,bango-file,jobsystem.dat,3425
mage-67,1,Icicle,mage,[70],[6],[6],70|6,6,client-schedule-resolved,5,70|6,normalized-name-and-class,reproduces-legacy,reproduces-legacy,not-applicable-starts-at-50-or-later,advancement-gating-metadata-not-skill-grade-budget,,bango-file,jobsystem.dat,3455
mage-68,1,Lightning Arrow,mage,[70],[6],[6],70|6,6,client-schedule-resolved,5,70|6,normalized-name-and-class,reproduces-legacy,reproduces-legacy,not-applicable-starts-at-50-or-later,advancement-gating-metadata-not-skill-grade-budget,,bango-file,jobsystem.dat,3484
mage-70,1,Blessing of Son of the Sky,mage,"[70,75,80,85,90,95,100]","[1,2,3,4,5,6,7]","[1,1,1,1,1,1,1]",70 75 80 85 90 95 100|1 1 1 1 1 1 1,7,client-schedule-resolved,,,none,no-legacy-twin,bango-only-inferred,not-applicable-starts-at-50-or-later,advancement-gating-metadata-not-skill-grade-budget,,bango-file,jobsystem.dat,3512
mage-71,1,Blessing of Son of the Sky,mage,"[70,75,80,85,90,95,100]","[1,2,3,4,5,6,7]","[1,1,1,1,1,1,1]",70 75 80 85 90 95 100|1 1 1 1 1 1 1,7,client-schedule-resolved,,,none,no-legacy-twin,bango-only-inferred,not-applicable-starts-at-50-or-later,advancement-gating-metadata-not-skill-grade-budget,,bango-file,jobsystem.dat,3534
mage-80,1,Artillery,mage,[50],[1],[1],50|1,1,client-schedule-resolved,,,ambiguous-normalized-name-and-class,no-legacy-twin,bango-only-inferred,not-applicable-starts-at-50-or-later,advancement-gating-metadata-not-skill-grade-budget,,bango-file,jobsystem.dat,3556
mage-81,1,Artillery,mage,[50],[1],[1],50|1,1,client-schedule-resolved,,,ambiguous-normalized-name-and-class,no-legacy-twin,bango-only-inferred,not-applicable-starts-at-50-or-later,advancement-gating-metadata-not-skill-grade-budget,,bango-file,jobsystem.dat,3575
mage-82,1,Mana Circulation,mage,[50],[1],[1],50|1,1,client-schedule-resolved,,,none,no-legacy-twin,bango-only-inferred,not-applicable-starts-at-50-or-later,advancement-gating-metadata-not-skill-grade-budget,,bango-file,jobsystem.dat,3596
mage-83,1,Mana Circulation,mage,[50],[1],[1],50|1,1,client-schedule-resolved,,,none,no-legacy-twin,bango-only-inferred,not-applicable-starts-at-50-or-later,advancement-gating-metadata-not-skill-grade-budget,,bango-file,jobsystem.dat,3616
mage-85,1,Mystery Skill of Accuracy,mage,[81],[20],[20],81|20,20,client-schedule-resolved,,,none,no-legacy-twin,bango-only-inferred,not-applicable-starts-at-50-or-later,advancement-gating-metadata-not-skill-grade-budget,,bango-file,jobsystem.dat,3637
mage-86,1,Mystery skill of Evasion,mage,[81],[20],[20],81|20,20,client-schedule-resolved,,,none,no-legacy-twin,bango-only-inferred,not-applicable-starts-at-50-or-later,advancement-gating-metadata-not-skill-grade-budget,,bango-file,jobsystem.dat,3659
mage-87,1,Mystery skill of Defense,mage,[81],[20],[20],81|20,20,client-schedule-resolved,,,none,no-legacy-twin,bango-only-inferred,not-applicable-starts-at-50-or-later,advancement-gating-metadata-not-skill-grade-budget,,bango-file,jobsystem.dat,3682
mage-88,1,Walk on the Air,mage,[91],[10],[10],91|10,10,client-schedule-resolved,,,none,no-legacy-twin,bango-only-inferred,not-applicable-starts-at-50-or-later,advancement-gating-metadata-not-skill-grade-budget,,bango-file,jobsystem.dat,3704
mage-89,1,Evolution of Mana Circulation,mage,[91],[10],[10],91|10,10,client-schedule-resolved,,,none,no-legacy-twin,bango-only-inferred,not-applicable-starts-at-50-or-later,advancement-gating-metadata-not-skill-grade-budget,,bango-file,jobsystem.dat,3718
mage-90,1,Punishment,mage,"[91,96,101]","[1,2,3]","[1,1,1]",91 96 101|1 1 1,3,client-schedule-resolved,,,none,no-legacy-twin,bango-only-inferred,not-applicable-starts-at-50-or-later,advancement-gating-metadata-not-skill-grade-budget,,bango-file,jobsystem.dat,3739
mage-91,1,Incapacitation,mage,"[91,96,101]","[1,2,3]","[1,1,1]",91 96 101|1 1 1,3,client-schedule-resolved,,,none,no-legacy-twin,bango-only-inferred,not-applicable-starts-at-50-or-later,advancement-gating-metadata-not-skill-grade-budget,,bango-file,jobsystem.dat,3761
mage-92,1,Releasing the Energy,mage,"[91,96,101]","[1,2,3]","[1,1,1]",91 96 101|1 1 1,3,client-schedule-resolved,,,none,no-legacy-twin,bango-only-inferred,not-applicable-starts-at-50-or-later,advancement-gating-metadata-not-skill-grade-budget,,bango-file,jobsystem.dat,3783
mage-93,1,Bombing,mage,"[91,96,101]","[1,2,3]","[1,1,1]",91 96 101|1 1 1,3,client-schedule-resolved,,,none,no-legacy-twin,bango-only-inferred,not-applicable-starts-at-50-or-later,advancement-gating-metadata-not-skill-grade-budget,,bango-file,jobsystem.dat,3807
mage-94,1,Attack of Dark Shadow,mage,[96],[2],[2],96|2,2,client-schedule-resolved,,,none,no-legacy-twin,bango-only-inferred,not-applicable-starts-at-50-or-later,advancement-gating-metadata-not-skill-grade-budget,,bango-file,jobsystem.dat,3829
archer-2,1,Bow Mastery,archer,[1],[10],[10],1|10,10,client-schedule-resolved,15,1 60|10 2,normalized-name-and-class,free-band-omitted,contested,legacy-free-band-omitted-bango-retention-unverified,advancement-gating-metadata-not-skill-grade-budget,Bango reproduces every declared band but omits the legacy level-60 automatic/free band. Client files cannot prove whether the live server still grants it.,bango-file,jobsystem.dat,3854
archer-3,1,Staggering Blow,archer,[5],[10],[10],5|10,10,client-schedule-resolved,15,5|10,normalized-name-and-class,reproduces-legacy,reproduces-legacy,legacy-rule-bango-retention-unverified,advancement-gating-metadata-not-skill-grade-budget,,bango-file,jobsystem.dat,3870
archer-4,1,Passive Attack,archer,[18],[3],[3],18|3,3,client-schedule-resolved,15,18|3,normalized-name-and-class,reproduces-legacy,reproduces-legacy,legacy-rule-bango-retention-unverified,advancement-gating-metadata-not-skill-grade-budget,,bango-file,jobsystem.dat,3896
archer-5,1,Concentration,archer,[15],[10],[10],15|10,10,client-schedule-resolved,15,15 60|10 2,normalized-name-and-class,free-band-omitted,contested,legacy-free-band-omitted-bango-retention-unverified,advancement-gating-metadata-not-skill-grade-budget,Bango reproduces every declared band but omits the legacy level-60 automatic/free band. Client files cannot prove whether the live server still grants it.,bango-file,jobsystem.dat,3918
archer-6,1,Flamy Arrow,archer,[30],[5],[5],30|5,5,client-schedule-resolved,16,30|5,normalized-name-and-class,reproduces-legacy,reproduces-legacy,legacy-rule-bango-retention-unverified,advancement-gating-metadata-not-skill-grade-budget,,bango-file,jobsystem.dat,3933
archer-7,1,Chance Capture,archer,"[30,35,40,45,50]","[1,2,3,4,5]","[1,1,1,1,1]",30 35 40 45 50|1 1 1 1 1,5,client-schedule-resolved,21,30 35 40 45 50|1 1 1 1 1,normalized-name-and-class,reproduces-legacy,reproduces-legacy,legacy-rule-bango-retention-unverified,advancement-gating-metadata-not-skill-grade-budget,,bango-file,jobsystem.dat,3957
archer-8,1,Perfect Evasion,archer,[38],[10],[10],38|10,10,client-schedule-resolved,16,38 60|10 2,normalized-name-and-class,free-band-omitted,contested,legacy-free-band-omitted-bango-retention-unverified,advancement-gating-metadata-not-skill-grade-budget,Bango reproduces every declared band but omits the legacy level-60 automatic/free band. Client files cannot prove whether the live server still grants it.,bango-file,jobsystem.dat,3978
archer-9,1,Heart Breaker,archer,[26],[5],[5],26|5,5,client-schedule-resolved,,,none,no-legacy-twin,bango-only-inferred,legacy-rule-bango-retention-unverified,advancement-gating-metadata-not-skill-grade-budget,,bango-file,jobsystem.dat,3993
archer-10,1,Muscle Solidation,archer,[42],[1],[1],42|1,1,client-schedule-resolved,16,42|1,normalized-name-and-class,reproduces-legacy,reproduces-legacy,legacy-rule-bango-retention-unverified,advancement-gating-metadata-not-skill-grade-budget,,bango-file,jobsystem.dat,4019
archer-11,1,Fatal Blow,archer,"[10,34,47]","[5,10,15]","[5,5,5]",10 34 47|5 5 5,15,client-schedule-resolved,15,10 34 47 60|5 5 5 2,normalized-name-and-class,free-band-omitted,contested,legacy-free-band-omitted-bango-retention-unverified,advancement-gating-metadata-not-skill-grade-budget,Bango reproduces every declared band but omits the legacy level-60 automatic/free band. Client files cannot prove whether the live server still grants it.,bango-file,jobsystem.dat,4037
archer-12,1,Poison Arrow,archer,[43],[5],[5],43|5,5,client-schedule-resolved,16,43|5,normalized-name-and-class,reproduces-legacy,reproduces-legacy,legacy-rule-bango-retention-unverified,advancement-gating-metadata-not-skill-grade-budget,,bango-file,jobsystem.dat,4054
archer-13,1,Blow-up Arrow,archer,[46],[5],[5],46|5,5,client-schedule-resolved,16,46|5,normalized-name-and-class,reproduces-legacy,reproduces-legacy,legacy-rule-bango-retention-unverified,advancement-gating-metadata-not-skill-grade-budget,,bango-file,jobsystem.dat,4077
archer-14,1,Arrow of Silence,archer,[25],[1],[1],25|1,1,client-schedule-resolved,21,25|1,normalized-name-and-class,reproduces-legacy,reproduces-legacy,legacy-rule-bango-retention-unverified,advancement-gating-metadata-not-skill-grade-budget,,bango-file,jobsystem.dat,4102
archer-15,1,Life Extension,archer,"[50,55,60,65,70]","[1,2,3,4,5]","[1,1,1,1,1]",50 55 60 65 70|1 1 1 1 1,5,client-schedule-resolved,,,none,no-legacy-twin,bango-only-inferred,not-applicable-starts-at-50-or-later,advancement-gating-metadata-not-skill-grade-budget,,bango-file,jobsystem.dat,4123
archer-16,1,Focus Shot,archer,"[50,56,60,66,69]","[1,2,3,4,5]","[1,1,1,1,1]",50 56 60 66 69|1 1 1 1 1,5,client-schedule-resolved,17,50 56 60 66 69|1 1 1 1 1,normalized-name-and-class,reproduces-legacy,reproduces-legacy,not-applicable-starts-at-50-or-later,advancement-gating-metadata-not-skill-grade-budget,,bango-file,jobsystem.dat,4138
archer-17,1,Range Extension,archer,"[51,58,67]","[1,2,3]","[1,1,1]",51 58 67|1 1 1,3,client-schedule-resolved,17,51 58 67|1 1 1,normalized-name-and-class,reproduces-legacy,reproduces-legacy,not-applicable-starts-at-50-or-later,advancement-gating-metadata-not-skill-grade-budget,,bango-file,jobsystem.dat,4167
archer-18,1,Life Absorption,archer,"[50,57,66]","[1,2,3]","[1,1,1]",50 57 66|1 1 1,3,client-schedule-resolved,18,50 57 66|1 1 1,normalized-name-and-class,reproduces-legacy,reproduces-legacy,not-applicable-starts-at-50-or-later,advancement-gating-metadata-not-skill-grade-budget,,bango-file,jobsystem.dat,4195
archer-19,1,Pain,archer,"[51,56,62,68]","[1,2,3,4]","[1,1,1,1]",51 56 62 68|1 1 1 1,4,client-schedule-resolved,18,51 56 62 68|1 1 1 1,normalized-name-and-class,reproduces-legacy,reproduces-legacy,not-applicable-starts-at-50-or-later,advancement-gating-metadata-not-skill-grade-budget,,bango-file,jobsystem.dat,4222
archer-20,1,Perfect Evasion 2,archer,"[54,62,68]","[1,2,3]","[1,1,1]",54 62 68|1 1 1,3,client-schedule-resolved,17,54 62 68|1 1 1,normalized-name-and-class,reproduces-legacy,reproduces-legacy,not-applicable-starts-at-50-or-later,advancement-gating-metadata-not-skill-grade-budget,,bango-file,jobsystem.dat,4255
archer-21,1,Mysterious Arrow,archer,"[57,67,70]","[1,2,3]","[1,1,1]",57 67 70|1 1 1,3,client-schedule-resolved,17,57 67 70|1 1 1,normalized-name-and-class,reproduces-legacy,reproduces-legacy,not-applicable-starts-at-50-or-later,advancement-gating-metadata-not-skill-grade-budget,,bango-file,jobsystem.dat,4271
archer-22,1,Speed of Attack Reducer,archer,"[52,61]","[1,2]","[1,1]",52 61|1 1,2,client-schedule-resolved,18,52 61|1 1,normalized-name-and-class,reproduces-legacy,reproduces-legacy,not-applicable-starts-at-50-or-later,advancement-gating-metadata-not-skill-grade-budget,,bango-file,jobsystem.dat,4304
archer-23,1,Sight Interruption,archer,"[53,58,69]","[1,2,3]","[1,1,1]",53 58 69|1 1 1,3,client-schedule-resolved,,,none,no-legacy-twin,bango-only-inferred,not-applicable-starts-at-50-or-later,advancement-gating-metadata-not-skill-grade-budget,,bango-file,jobsystem.dat,4326
archer-24,1,Lightning Resistance,archer,"[52,64]","[1,2]","[1,1]",52 64|1 1,2,client-schedule-resolved,17,52 64|1 1,normalized-name-and-class,reproduces-legacy,reproduces-legacy,not-applicable-starts-at-50-or-later,advancement-gating-metadata-not-skill-grade-budget,,bango-file,jobsystem.dat,4351
archer-25,1,Ice Resistance,archer,"[52,64]","[1,2]","[1,1]",52 64|1 1,2,client-schedule-resolved,17,52 64|1 1,normalized-name-and-class,reproduces-legacy,reproduces-legacy,not-applicable-starts-at-50-or-later,advancement-gating-metadata-not-skill-grade-budget,,bango-file,jobsystem.dat,4373
archer-26,1,Fire Resistance,archer,"[52,64]","[1,2]","[1,1]",52 64|1 1,2,client-schedule-resolved,17,52 64|1 1,normalized-name-and-class,reproduces-legacy,reproduces-legacy,not-applicable-starts-at-50-or-later,advancement-gating-metadata-not-skill-grade-budget,,bango-file,jobsystem.dat,4395
archer-27,1,Powerful Arrow of Silence,archer,"[53,63]","[1,2]","[1,1]",53 63|1 1,2,client-schedule-resolved,17,53 63|1 1,normalized-name-and-class,reproduces-legacy,reproduces-legacy,not-applicable-starts-at-50-or-later,advancement-gating-metadata-not-skill-grade-budget,,bango-file,jobsystem.dat,4417
archer-28,1,Curse Resistance,archer,"[55,65]","[1,2]","[1,1]",55 65|1 1,2,client-schedule-resolved,17,55 65|1 1,normalized-name-and-class,reproduces-legacy,reproduces-legacy,not-applicable-starts-at-50-or-later,advancement-gating-metadata-not-skill-grade-budget,,bango-file,jobsystem.dat,4440
archer-29,1,Non-Attribution Resistance,archer,"[56,65]","[1,2]","[1,1]",56 65|1 1,2,client-schedule-resolved,17,56 65|1 1,normalized-name-and-class,reproduces-legacy,reproduces-legacy,not-applicable-starts-at-50-or-later,advancement-gating-metadata-not-skill-grade-budget,,bango-file,jobsystem.dat,4462
archer-30,1,Emergency Escape,archer,[59],[1],[1],59|1,1,client-schedule-resolved,17,59|1,normalized-name-and-class,reproduces-legacy,reproduces-legacy,not-applicable-starts-at-50-or-later,advancement-gating-metadata-not-skill-grade-budget,,bango-file,jobsystem.dat,4484
archer-31,1,Critical Hit,archer,[61],[1],[1],61|1,1,client-schedule-resolved,,,none,no-legacy-twin,bango-only-inferred,not-applicable-starts-at-50-or-later,advancement-gating-metadata-not-skill-grade-budget,,bango-file,jobsystem.dat,4505
archer-32,1,Decrease of Target Range,archer,[52],[1],[1],52|1,1,client-schedule-resolved,18,52|1,normalized-name-and-class,reproduces-legacy,reproduces-legacy,not-applicable-starts-at-50-or-later,advancement-gating-metadata-not-skill-grade-budget,,bango-file,jobsystem.dat,4525
archer-33,1,MP Vaporization,archer,"[53,65]","[1,2]","[1,1]",53 65|1 1,2,client-schedule-resolved,18,53 65|1 1,normalized-name-and-class,reproduces-legacy,reproduces-legacy,not-applicable-starts-at-50-or-later,advancement-gating-metadata-not-skill-grade-budget,,bango-file,jobsystem.dat,4546
archer-34,1,Curse of Critical Hit,archer,"[54,67]","[1,2]","[1,1]",54 67|1 1,2,client-schedule-resolved,18,54 67|1 1,normalized-name-and-class,reproduces-legacy,reproduces-legacy,not-applicable-starts-at-50-or-later,advancement-gating-metadata-not-skill-grade-budget,,bango-file,jobsystem.dat,4569
archer-35,1,Curse of Strength,archer,"[55,63]","[1,2]","[1,1]",55 63|1 1,2,client-schedule-resolved,18,55 63|1 1,normalized-name-and-class,reproduces-legacy,reproduces-legacy,not-applicable-starts-at-50-or-later,advancement-gating-metadata-not-skill-grade-budget,,bango-file,jobsystem.dat,4592
archer-36,1,Curse of Health,archer,"[56,63]","[1,2]","[1,1]",56 63|1 1,2,client-schedule-resolved,18,56 63|1 1,normalized-name-and-class,reproduces-legacy,reproduces-legacy,not-applicable-starts-at-50-or-later,advancement-gating-metadata-not-skill-grade-budget,,bango-file,jobsystem.dat,4615
archer-37,1,Curse of Agility,archer,"[56,64]","[1,2]","[1,1]",56 64|1 1,2,client-schedule-resolved,18,56 64|1 1,normalized-name-and-class,reproduces-legacy,reproduces-legacy,not-applicable-starts-at-50-or-later,advancement-gating-metadata-not-skill-grade-budget,,bango-file,jobsystem.dat,4638
archer-38,1,Curse of Intelligence,archer,"[57,64]","[1,2]","[1,1]",57 64|1 1,2,client-schedule-resolved,18,57 64|1 1,normalized-name-and-class,reproduces-legacy,reproduces-legacy,not-applicable-starts-at-50-or-later,advancement-gating-metadata-not-skill-grade-budget,,bango-file,jobsystem.dat,4661
archer-39,1,Curse of Wisdom,archer,"[58,66]","[1,2]","[1,1]",58 66|1 1,2,client-schedule-resolved,18,58 66|1 1,normalized-name-and-class,reproduces-legacy,reproduces-legacy,not-applicable-starts-at-50-or-later,advancement-gating-metadata-not-skill-grade-budget,,bango-file,jobsystem.dat,4684
archer-40,1,Curse of Defense,archer,"[59,67]","[1,2]","[1,1]",59 67|1 1,2,client-schedule-resolved,18,59 67|1 1,normalized-name-and-class,reproduces-legacy,reproduces-legacy,not-applicable-starts-at-50-or-later,advancement-gating-metadata-not-skill-grade-budget,,bango-file,jobsystem.dat,4707
archer-41,1,Poison Cloud,archer,"[59,70]","[1,2]","[1,1]",59 70|1 1,2,client-schedule-resolved,18,59 70|1 1,normalized-name-and-class,reproduces-legacy,reproduces-legacy,not-applicable-starts-at-50-or-later,advancement-gating-metadata-not-skill-grade-budget,,bango-file,jobsystem.dat,4731
archer-42,1,Loss of Confidence,archer,[61],[1],[1],61|1,1,client-schedule-resolved,18,61|1,normalized-name-and-class,reproduces-legacy,reproduces-legacy,not-applicable-starts-at-50-or-later,advancement-gating-metadata-not-skill-grade-budget,,bango-file,jobsystem.dat,4753
archer-43,1,Sight Blockade,archer,[62],[1],[1],62|1,1,client-schedule-resolved,18,62|1,normalized-name-and-class,reproduces-legacy,reproduces-legacy,not-applicable-starts-at-50-or-later,advancement-gating-metadata-not-skill-grade-budget,,bango-file,jobsystem.dat,4774
archer-44,1,Buff Remover,archer,[63],[1],[1],63|1,1,client-schedule-resolved,18,63|1,normalized-name-and-class,reproduces-legacy,reproduces-legacy,not-applicable-starts-at-50-or-later,advancement-gating-metadata-not-skill-grade-budget,,bango-file,jobsystem.dat,4795
archer-45,1,Shrewdness,archer,[70],[1],[1],70|1,1,client-schedule-resolved,20,70|1,normalized-name-and-class,reproduces-legacy,reproduces-legacy,not-applicable-starts-at-50-or-later,advancement-gating-metadata-not-skill-grade-budget,,bango-file,jobsystem.dat,4819
archer-46,1,Arrow Explosion,archer,[70],[6],[6],70|6,6,client-schedule-resolved,20,70|6,normalized-name-and-class,reproduces-legacy,reproduces-legacy,not-applicable-starts-at-50-or-later,advancement-gating-metadata-not-skill-grade-budget,,bango-file,jobsystem.dat,4836
archer-47,1,sharpness,archer,[70],[1],[1],70|1,1,client-schedule-resolved,19,70|1,normalized-name-and-class,reproduces-legacy,reproduces-legacy,not-applicable-starts-at-50-or-later,advancement-gating-metadata-not-skill-grade-budget,,bango-file,jobsystem.dat,4862
archer-48,1,Arrow rain,archer,[70],[6],[6],70|6,6,client-schedule-resolved,19,70|6,normalized-name-and-class,reproduces-legacy,reproduces-legacy,not-applicable-starts-at-50-or-later,advancement-gating-metadata-not-skill-grade-budget,,bango-file,jobsystem.dat,4886
archer-70,1,Blessing of Son of the Sky,archer,"[70,75,80,85,90,95,100]","[1,2,3,4,5,6,7]","[1,1,1,1,1,1,1]",70 75 80 85 90 95 100|1 1 1 1 1 1 1,7,client-schedule-resolved,,,none,no-legacy-twin,bango-only-inferred,not-applicable-starts-at-50-or-later,advancement-gating-metadata-not-skill-grade-budget,,bango-file,jobsystem.dat,4913
archer-71,1,Blessing of Son of the Sky,archer,"[70,75,80,85,90,95,100]","[1,2,3,4,5,6,7]","[1,1,1,1,1,1,1]",70 75 80 85 90 95 100|1 1 1 1 1 1 1,7,client-schedule-resolved,,,none,no-legacy-twin,bango-only-inferred,not-applicable-starts-at-50-or-later,advancement-gating-metadata-not-skill-grade-budget,,bango-file,jobsystem.dat,4935
archer-80,1,Artillery,archer,[50],[1],[1],50|1,1,client-schedule-resolved,,,ambiguous-normalized-name-and-class,no-legacy-twin,bango-only-inferred,not-applicable-starts-at-50-or-later,advancement-gating-metadata-not-skill-grade-budget,,bango-file,jobsystem.dat,4957
archer-81,1,Artillery,archer,[50],[1],[1],50|1,1,client-schedule-resolved,,,ambiguous-normalized-name-and-class,no-legacy-twin,bango-only-inferred,not-applicable-starts-at-50-or-later,advancement-gating-metadata-not-skill-grade-budget,,bango-file,jobsystem.dat,4976
archer-82,1,Mana Circulation,archer,[50],[1],[1],50|1,1,client-schedule-resolved,,,none,no-legacy-twin,bango-only-inferred,not-applicable-starts-at-50-or-later,advancement-gating-metadata-not-skill-grade-budget,,bango-file,jobsystem.dat,4995
archer-85,1,Mystery Skill of Accuracy,archer,[81],[20],[20],81|20,20,client-schedule-resolved,,,none,no-legacy-twin,bango-only-inferred,not-applicable-starts-at-50-or-later,advancement-gating-metadata-not-skill-grade-budget,,bango-file,jobsystem.dat,5016
archer-86,1,Mystery skill of Evasion,archer,[81],[20],[20],81|20,20,client-schedule-resolved,,,none,no-legacy-twin,bango-only-inferred,not-applicable-starts-at-50-or-later,advancement-gating-metadata-not-skill-grade-budget,,bango-file,jobsystem.dat,5038
archer-87,1,Mystery skill of Defense,archer,[81],[20],[20],81|20,20,client-schedule-resolved,,,none,no-legacy-twin,bango-only-inferred,not-applicable-starts-at-50-or-later,advancement-gating-metadata-not-skill-grade-budget,,bango-file,jobsystem.dat,5061
archer-88,1,Walk on the Air,archer,[91],[10],[10],91|10,10,client-schedule-resolved,,,none,no-legacy-twin,bango-only-inferred,not-applicable-starts-at-50-or-later,advancement-gating-metadata-not-skill-grade-budget,,bango-file,jobsystem.dat,5083
archer-89,1,Evolution of Mana Circulation,archer,[91],[10],[10],91|10,10,client-schedule-resolved,,,none,no-legacy-twin,bango-only-inferred,not-applicable-starts-at-50-or-later,advancement-gating-metadata-not-skill-grade-budget,,bango-file,jobsystem.dat,5097
archer-90,1,One Hit Strike,archer,"[91,96,101]","[1,2,3]","[1,1,1]",91 96 101|1 1 1,3,client-schedule-resolved,,,none,no-legacy-twin,bango-only-inferred,not-applicable-starts-at-50-or-later,advancement-gating-metadata-not-skill-grade-budget,,bango-file,jobsystem.dat,5118
archer-91,1,Massive Fire,archer,"[91,96,101]","[1,2,3]","[1,1,1]",91 96 101|1 1 1,3,client-schedule-resolved,,,none,no-legacy-twin,bango-only-inferred,not-applicable-starts-at-50-or-later,advancement-gating-metadata-not-skill-grade-budget,,bango-file,jobsystem.dat,5140
archer-92,1,Arrows of the Master,archer,"[91,96,101]","[1,2,3]","[1,1,1]",91 96 101|1 1 1,3,client-schedule-resolved,,,none,no-legacy-twin,bango-only-inferred,not-applicable-starts-at-50-or-later,advancement-gating-metadata-not-skill-grade-budget,,bango-file,jobsystem.dat,5162
archer-93,1,Spirit of the Arrows,archer,"[91,96,101]","[1,2,3]","[1,1,1]",91 96 101|1 1 1,3,client-schedule-resolved,,,none,no-legacy-twin,bango-only-inferred,not-applicable-starts-at-50-or-later,advancement-gating-metadata-not-skill-grade-budget,,bango-file,jobsystem.dat,5184
archer-94,1,Attack of Dark Shadow,archer,[96],[2],[2],96|2,2,client-schedule-resolved,,,none,no-legacy-twin,bango-only-inferred,not-applicable-starts-at-50-or-later,advancement-gating-metadata-not-skill-grade-budget,,bango-file,jobsystem.dat,5206
knight-42,1,Provocation of Blow,knight,[75],[5],[5],75|5,5,client-schedule-resolved,13,75|5,normalized-name-and-class,reproduces-legacy,reproduces-legacy,not-applicable-starts-at-50-or-later,advancement-gating-metadata-not-skill-grade-budget,,bango-file,jobsystem.dat,5231
knight-43,1,Sword Dance,knight,[75],[5],[5],75|5,5,client-schedule-resolved,12,75|5,normalized-name-and-class,reproduces-legacy,reproduces-legacy,not-applicable-starts-at-50-or-later,advancement-gating-metadata-not-skill-grade-budget,,bango-file,jobsystem.dat,5255
mage-72,1,Therapeutic touch,mage,[75],[5],[5],75|5,5,client-schedule-resolved,6,75|5,normalized-name-and-class,reproduces-legacy,reproduces-legacy,not-applicable-starts-at-50-or-later,advancement-gating-metadata-not-skill-grade-budget,,bango-file,jobsystem.dat,5276
mage-73,1,Fireball,mage,[75],[5],[5],75|5,5,client-schedule-resolved,5,75|5,normalized-name-and-class,reproduces-legacy,reproduces-legacy,not-applicable-starts-at-50-or-later,advancement-gating-metadata-not-skill-grade-budget,,bango-file,jobsystem.dat,5297
mage-74,1,Ice Arrow,mage,[75],[5],[5],75|5,5,client-schedule-resolved,5,75|5,normalized-name-and-class,reproduces-legacy,reproduces-legacy,not-applicable-starts-at-50-or-later,advancement-gating-metadata-not-skill-grade-budget,,bango-file,jobsystem.dat,5319
mage-75,1,Thunderbolt,mage,[75],[5],[5],75|5,5,client-schedule-resolved,5,75|5,normalized-name-and-class,reproduces-legacy,reproduces-legacy,not-applicable-starts-at-50-or-later,advancement-gating-metadata-not-skill-grade-budget,,bango-file,jobsystem.dat,5341
archer-50,1,Virulent Arrow,archer,[75],[5],[5],75|5,5,client-schedule-resolved,20,75|5,normalized-name-and-class,reproduces-legacy,reproduces-legacy,not-applicable-starts-at-50-or-later,advancement-gating-metadata-not-skill-grade-budget,,bango-file,jobsystem.dat,5383
archer-51,1,Combative Spirit,archer,[75],[5],[5],75|5,5,client-schedule-resolved,19,75|5,normalized-name-and-class,reproduces-legacy,reproduces-legacy,not-applicable-starts-at-50-or-later,advancement-gating-metadata-not-skill-grade-budget,,bango-file,jobsystem.dat,5403
thief-32,1,Shadow Slash,thief,[75],[5],[5],75|5,5,client-schedule-resolved,27,75|5,normalized-name-and-class,reproduces-legacy,reproduces-legacy,not-applicable-starts-at-50-or-later,advancement-gating-metadata-not-skill-grade-budget,,bango-file,jobsystem.dat,5425
thief-36,1,Spin Blade,thief,[75],[5],[5],75|5,5,client-schedule-resolved,26,75|5,normalized-name-and-class,reproduces-legacy,reproduces-legacy,not-applicable-starts-at-50-or-later,advancement-gating-metadata-not-skill-grade-budget,,bango-file,jobsystem.dat,5449
shaman-13,1,Ghost Blade,shaman,"[1,3,5,7,9,11,13,15,17,19]","[1,2,3,4,5,6,7,8,9,10]","[1,1,1,1,1,1,1,1,1,1]",1 3 5 7 9 11 13 15 17 19|1 1 1 1 1 1 1 1 1 1,10,client-schedule-resolved,,,none,no-legacy-twin,bango-only-inferred,legacy-rule-bango-retention-unverified,advancement-gating-metadata-not-skill-grade-budget,,bango-file,jobsystem.dat,5475
shaman-14,1,Ghost Flash,shaman,"[6,8,10,12,14,16,26,27,29,30]","[1,2,3,4,5,6,7,8,9,10]","[1,1,1,1,1,1,1,1,1,1]",6 8 10 12 14 16 26 27 29 30|1 1 1 1 1 1 1 1 1 1,10,client-schedule-resolved,,,none,no-legacy-twin,bango-only-inferred,legacy-rule-bango-retention-unverified,advancement-gating-metadata-not-skill-grade-budget,,bango-file,jobsystem.dat,5476
shaman-15,1,Soul Shield,shaman,"[11,13,15,17,19,21,23,25,27,29]","[1,2,3,4,5,6,7,8,9,10]","[1,1,1,1,1,1,1,1,1,1]",11 13 15 17 19 21 23 25 27 29|1 1 1 1 1 1 1 1 1 1,10,client-schedule-resolved,,,none,no-legacy-twin,bango-only-inferred,legacy-rule-bango-retention-unverified,advancement-gating-metadata-not-skill-grade-budget,,bango-file,jobsystem.dat,5477
shaman-16,1,Energy Recovery,shaman,"[1,3,5,7,9,11,13,15,17,19]","[1,2,3,4,5,6,7,8,9,10]","[1,1,1,1,1,1,1,1,1,1]",1 3 5 7 9 11 13 15 17 19|1 1 1 1 1 1 1 1 1 1,10,client-schedule-resolved,,,none,no-legacy-twin,bango-only-inferred,legacy-rule-bango-retention-unverified,advancement-gating-metadata-not-skill-grade-budget,,bango-file,jobsystem.dat,5478
shaman-17,1,Increase in Energy,shaman,"[1,3,5,7,9,11,13,15,17,19]","[1,2,3,4,5,6,7,8,9,10]","[1,1,1,1,1,1,1,1,1,1]",1 3 5 7 9 11 13 15 17 19|1 1 1 1 1 1 1 1 1 1,10,client-schedule-resolved,,,none,no-legacy-twin,bango-only-inferred,legacy-rule-bango-retention-unverified,advancement-gating-metadata-not-skill-grade-budget,,bango-file,jobsystem.dat,5479
shaman-18,1,Wave,shaman,[30],[10],[10],30|10,10,client-schedule-resolved,,,none,no-legacy-twin,bango-only-inferred,legacy-rule-bango-retention-unverified,advancement-gating-metadata-not-skill-grade-budget,,bango-file,jobsystem.dat,5480
shaman-19,1,Ghost Spear,shaman,[35],[10],[10],35|10,10,client-schedule-resolved,,,none,no-legacy-twin,bango-only-inferred,legacy-rule-bango-retention-unverified,advancement-gating-metadata-not-skill-grade-budget,,bango-file,jobsystem.dat,5481
shaman-20,1,Divine Shield,shaman,[35],[10],[10],35|10,10,client-schedule-resolved,,,none,no-legacy-twin,bango-only-inferred,legacy-rule-bango-retention-unverified,advancement-gating-metadata-not-skill-grade-budget,,bango-file,jobsystem.dat,5482
shaman-21,1,Hurricane,shaman,[40],[10],[10],40|10,10,client-schedule-resolved,,,none,no-legacy-twin,bango-only-inferred,legacy-rule-bango-retention-unverified,advancement-gating-metadata-not-skill-grade-budget,,bango-file,jobsystem.dat,5483
shaman-22,1,Pain of Soul,shaman,[41],[10],[10],41|10,10,client-schedule-resolved,,,none,no-legacy-twin,bango-only-inferred,legacy-rule-bango-retention-unverified,advancement-gating-metadata-not-skill-grade-budget,,bango-file,jobsystem.dat,5484
shaman-23,1,Spell Power,shaman,"[30,32,34,36,38,40,42,44,46,48]","[1,2,3,4,5,6,7,8,9,10]","[1,1,1,1,1,1,1,1,1,1]",30 32 34 36 38 40 42 44 46 48|1 1 1 1 1 1 1 1 1 1,10,client-schedule-resolved,,,none,no-legacy-twin,bango-only-inferred,legacy-rule-bango-retention-unverified,advancement-gating-metadata-not-skill-grade-budget,,bango-file,jobsystem.dat,5485
shaman-24,1,Deep Curse,shaman,"[30,32,34,36,38,40,42,44,46,48]","[1,2,3,4,5,6,7,8,9,10]","[1,1,1,1,1,1,1,1,1,1]",30 32 34 36 38 40 42 44 46 48|1 1 1 1 1 1 1 1 1 1,10,client-schedule-resolved,,,none,no-legacy-twin,bango-only-inferred,legacy-rule-bango-retention-unverified,advancement-gating-metadata-not-skill-grade-budget,,bango-file,jobsystem.dat,5486
shaman-25,1,Entangling,shaman,"[50,52,54,56,58]","[1,2,3,4,5]","[1,1,1,1,1]",50 52 54 56 58|1 1 1 1 1,5,client-schedule-resolved,,,none,no-legacy-twin,bango-only-inferred,not-applicable-starts-at-50-or-later,advancement-gating-metadata-not-skill-grade-budget,,bango-file,jobsystem.dat,5487
shaman-26,1,Spear of Pain,shaman,[52],[10],[10],52|10,10,client-schedule-resolved,,,none,no-legacy-twin,bango-only-inferred,not-applicable-starts-at-50-or-later,advancement-gating-metadata-not-skill-grade-budget,,bango-file,jobsystem.dat,5488
shaman-27,1,Summoning Soul,shaman,[55],[10],[10],55|10,10,client-schedule-resolved,,,none,no-legacy-twin,bango-only-inferred,not-applicable-starts-at-50-or-later,advancement-gating-metadata-not-skill-grade-budget,,bango-file,jobsystem.dat,5489
shaman-28,1,Drain Blood,shaman,[60],[10],[10],60|10,10,client-schedule-resolved,,,none,no-legacy-twin,bango-only-inferred,not-applicable-starts-at-50-or-later,advancement-gating-metadata-not-skill-grade-budget,,bango-file,jobsystem.dat,5490
shaman-29,1,Mental Breakdown,shaman,[58],[10],[10],58|10,10,client-schedule-resolved,,,none,no-legacy-twin,bango-only-inferred,not-applicable-starts-at-50-or-later,advancement-gating-metadata-not-skill-grade-budget,,bango-file,jobsystem.dat,5491
shaman-54,1,Magical Explosion,shaman,[60],[10],[10],60|10,10,client-schedule-resolved,,,none,no-legacy-twin,bango-only-inferred,not-applicable-starts-at-50-or-later,advancement-gating-metadata-not-skill-grade-budget,,bango-file,jobsystem.dat,5492
shaman-31,1,increase Entangling,shaman,"[50,52,54,56,58,60,62,64,66,68]","[1,2,3,4,5,6,7,8,9,10]","[1,1,1,1,1,1,1,1,1,1]",50 52 54 56 58 60 62 64 66 68|1 1 1 1 1 1 1 1 1 1,10,client-schedule-resolved,,,none,no-legacy-twin,bango-only-inferred,not-applicable-starts-at-50-or-later,advancement-gating-metadata-not-skill-grade-budget,,bango-file,jobsystem.dat,5493
shaman-32,1,Ghost Fortification,shaman,"[50,52,54,56,58,60,62,64,66,68]","[1,2,3,4,5,6,7,8,9,10]","[1,1,1,1,1,1,1,1,1,1]",50 52 54 56 58 60 62 64 66 68|1 1 1 1 1 1 1 1 1 1,10,client-schedule-resolved,,,none,no-legacy-twin,bango-only-inferred,not-applicable-starts-at-50-or-later,advancement-gating-metadata-not-skill-grade-budget,,bango-file,jobsystem.dat,5494
shaman-34,1,Artillery,shaman,[50],[1],[1],50|1,1,client-schedule-resolved,,,none,no-legacy-twin,bango-only-inferred,not-applicable-starts-at-50-or-later,advancement-gating-metadata-not-skill-grade-budget,,bango-file,jobsystem.dat,5495
shaman-35,1,Lucky Trick,shaman,[50],[1],[1],50|1,1,client-schedule-resolved,,,none,no-legacy-twin,bango-only-inferred,not-applicable-starts-at-50-or-later,advancement-gating-metadata-not-skill-grade-budget,,bango-file,jobsystem.dat,5496
shaman-36,1,JigukKing,shaman,[50],[10],[10],50|10,10,client-schedule-resolved,,,none,no-legacy-twin,bango-only-inferred,not-applicable-starts-at-50-or-later,advancement-gating-metadata-not-skill-grade-budget,,bango-file,jobsystem.dat,5497
shaman-37,1,JeungjangKing,shaman,[52],[10],[10],52|10,10,client-schedule-resolved,,,none,no-legacy-twin,bango-only-inferred,not-applicable-starts-at-50-or-later,advancement-gating-metadata-not-skill-grade-budget,,bango-file,jobsystem.dat,5498
shaman-38,1,Amplification of Blood,shaman,[53],[10],[10],53|10,10,client-schedule-resolved,,,none,no-legacy-twin,bango-only-inferred,not-applicable-starts-at-50-or-later,advancement-gating-metadata-not-skill-grade-budget,,bango-file,jobsystem.dat,5499
shaman-39,1,Wave of Emperor,shaman,[60],[10],[10],60|10,10,client-schedule-resolved,,,none,no-legacy-twin,bango-only-inferred,not-applicable-starts-at-50-or-later,advancement-gating-metadata-not-skill-grade-budget,,bango-file,jobsystem.dat,5500
shaman-40,1,Gangshin Fortification,shaman,"[50,52,54,56,58,60,62,64,66,68]","[1,2,3,4,5,6,7,8,9,10]","[1,1,1,1,1,1,1,1,1,1]",50 52 54 56 58 60 62 64 66 68|1 1 1 1 1 1 1 1 1 1,10,client-schedule-resolved,,,none,no-legacy-twin,bango-only-inferred,not-applicable-starts-at-50-or-later,advancement-gating-metadata-not-skill-grade-budget,,bango-file,jobsystem.dat,5501
shaman-41,1,Bleeding Fortification,shaman,"[50,52,54]","[1,2,3]","[1,1,1]",50 52 54|1 1 1,3,client-schedule-resolved,,,none,no-legacy-twin,bango-only-inferred,not-applicable-starts-at-50-or-later,advancement-gating-metadata-not-skill-grade-budget,,bango-file,jobsystem.dat,5502
shaman-42,1,Artillery,shaman,[50],[1],[1],50|1,1,client-schedule-resolved,,,none,no-legacy-twin,bango-only-inferred,not-applicable-starts-at-50-or-later,advancement-gating-metadata-not-skill-grade-budget,,bango-file,jobsystem.dat,5503
shaman-43,1,Lucky Trick,shaman,[50],[1],[1],50|1,1,client-schedule-resolved,,,none,no-legacy-twin,bango-only-inferred,not-applicable-starts-at-50-or-later,advancement-gating-metadata-not-skill-grade-budget,,bango-file,jobsystem.dat,5504
shaman-44,1,Collapse,shaman,"[70,72,74,76,78,80,82,84,86,88]","[1,2,3,4,5,6,7,8,9,10]","[1,1,1,1,1,1,1,1,1,1]",70 72 74 76 78 80 82 84 86 88|1 1 1 1 1 1 1 1 1 1,10,client-schedule-resolved,,,none,no-legacy-twin,bango-only-inferred,not-applicable-starts-at-50-or-later,advancement-gating-metadata-not-skill-grade-budget,,bango-file,jobsystem.dat,5505
shaman-45,1,Ruler,shaman,"[72,74,76,78,80,82,84,86,88,90]","[1,2,3,4,5,6,7,8,9,10]","[1,1,1,1,1,1,1,1,1,1]",72 74 76 78 80 82 84 86 88 90|1 1 1 1 1 1 1 1 1 1,10,client-schedule-resolved,,,none,no-legacy-twin,bango-only-inferred,not-applicable-starts-at-50-or-later,advancement-gating-metadata-not-skill-grade-budget,,bango-file,jobsystem.dat,5506
shaman-46,1,Six Souls,shaman,"[73,75,77,79,81,83,85,87,89,91]","[1,2,3,4,5,6,7,8,9,10]","[1,1,1,1,1,1,1,1,1,1]",73 75 77 79 81 83 85 87 89 91|1 1 1 1 1 1 1 1 1 1,10,client-schedule-resolved,,,none,no-legacy-twin,bango-only-inferred,not-applicable-starts-at-50-or-later,advancement-gating-metadata-not-skill-grade-budget,,bango-file,jobsystem.dat,5507
shaman-47,1,Exploding Spirit,shaman,"[74,76,78,80,82,84,86,88,90,92]","[1,2,3,4,5,6,7,8,9,10]","[1,1,1,1,1,1,1,1,1,1]",74 76 78 80 82 84 86 88 90 92|1 1 1 1 1 1 1 1 1 1,10,client-schedule-resolved,,,none,no-legacy-twin,bango-only-inferred,not-applicable-starts-at-50-or-later,advancement-gating-metadata-not-skill-grade-budget,,bango-file,jobsystem.dat,5508
shaman-48,1,Curse Amplification,shaman,"[70,72,74,76,78,80,82,84,86,88]","[1,2,3,4,5,6,7,8,9,10]","[1,1,1,1,1,1,1,1,1,1]",70 72 74 76 78 80 82 84 86 88|1 1 1 1 1 1 1 1 1 1,10,client-schedule-resolved,,,none,no-legacy-twin,bango-only-inferred,not-applicable-starts-at-50-or-later,advancement-gating-metadata-not-skill-grade-budget,,bango-file,jobsystem.dat,5509
shaman-49,1,None elemental Amplification,shaman,"[70,72,74,76,78,80,82,84,86,88]","[1,2,3,4,5,6,7,8,9,10]","[1,1,1,1,1,1,1,1,1,1]",70 72 74 76 78 80 82 84 86 88|1 1 1 1 1 1 1 1 1 1,10,client-schedule-resolved,,,none,no-legacy-twin,bango-only-inferred,not-applicable-starts-at-50-or-later,advancement-gating-metadata-not-skill-grade-budget,,bango-file,jobsystem.dat,5510
shaman-50,1,JigukKing of Taein,shaman,"[70,72,74,76,78,80,82,84,86,88]","[1,2,3,4,5,6,7,8,9,10]","[1,1,1,1,1,1,1,1,1,1]",70 72 74 76 78 80 82 84 86 88|1 1 1 1 1 1 1 1 1 1,10,client-schedule-resolved,,,none,no-legacy-twin,bango-only-inferred,not-applicable-starts-at-50-or-later,advancement-gating-metadata-not-skill-grade-budget,,bango-file,jobsystem.dat,5511
shaman-51,1,JeungjangKing of Taein,shaman,"[72,74,76,78,80,82,84,86,88,90]","[1,2,3,4,5,6,7,8,9,10]","[1,1,1,1,1,1,1,1,1,1]",72 74 76 78 80 82 84 86 88 90|1 1 1 1 1 1 1 1 1 1,10,client-schedule-resolved,,,none,no-legacy-twin,bango-only-inferred,not-applicable-starts-at-50-or-later,advancement-gating-metadata-not-skill-grade-budget,,bango-file,jobsystem.dat,5512
shaman-52,1,Soul Blow,shaman,"[73,75,77,79,81,83,85,87,89,91]","[1,2,3,4,5,6,7,8,9,10]","[1,1,1,1,1,1,1,1,1,1]",73 75 77 79 81 83 85 87 89 91|1 1 1 1 1 1 1 1 1 1,10,client-schedule-resolved,,,none,no-legacy-twin,bango-only-inferred,not-applicable-starts-at-50-or-later,advancement-gating-metadata-not-skill-grade-budget,,bango-file,jobsystem.dat,5513
shaman-53,1,Gangshin Ruling,shaman,"[70,72,74,76,78,80,82,84,86,88]","[1,2,3,4,5,6,7,8,9,10]","[1,1,1,1,1,1,1,1,1,1]",70 72 74 76 78 80 82 84 86 88|1 1 1 1 1 1 1 1 1 1,10,client-schedule-resolved,,,none,no-legacy-twin,bango-only-inferred,not-applicable-starts-at-50-or-later,advancement-gating-metadata-not-skill-grade-budget,,bango-file,jobsystem.dat,5514
shaman-90,1,Spirit Wave,shaman,"[91,96,101]","[1,2,3]","[1,1,1]",91 96 101|1 1 1,3,client-schedule-resolved,,,none,no-legacy-twin,bango-only-inferred,not-applicable-starts-at-50-or-later,advancement-gating-metadata-not-skill-grade-budget,,bango-file,jobsystem.dat,5515
shaman-92,1,Doggebi,shaman,"[91,96,101]","[1,2,3]","[1,1,1]",91 96 101|1 1 1,3,client-schedule-resolved,,,none,no-legacy-twin,bango-only-inferred,not-applicable-starts-at-50-or-later,advancement-gating-metadata-not-skill-grade-budget,,bango-file,jobsystem.dat,5516
shaman-91,1,4th Rising King,shaman,"[91,96,101]","[1,2,3]","[1,1,1]",91 96 101|1 1 1,3,client-schedule-resolved,,,none,no-legacy-twin,bango-only-inferred,not-applicable-starts-at-50-or-later,advancement-gating-metadata-not-skill-grade-budget,,bango-file,jobsystem.dat,5517
shaman-93,1,4th Gangshin,shaman,"[91,96,101]","[1,2,3]","[1,1,1]",91 96 101|1 1 1,3,client-schedule-resolved,,,none,no-legacy-twin,bango-only-inferred,not-applicable-starts-at-50-or-later,advancement-gating-metadata-not-skill-grade-budget,,bango-file,jobsystem.dat,5518
shaman-88,1,Cloud Move,shaman,[91],[1],[1],91|1,1,client-schedule-resolved,,,none,no-legacy-twin,bango-only-inferred,not-applicable-starts-at-50-or-later,advancement-gating-metadata-not-skill-grade-budget,,bango-file,jobsystem.dat,5519
shaman-89,1,Devil Lucky Trick,shaman,[91],[1],[1],91|1,1,client-schedule-resolved,,,none,no-legacy-twin,bango-only-inferred,not-applicable-starts-at-50-or-later,advancement-gating-metadata-not-skill-grade-budget,,bango-file,jobsystem.dat,5520
shaman-94,1,Attack of Dark Shadow,shaman,[96],[2],[2],96|2,2,client-schedule-resolved,,,none,no-legacy-twin,bango-only-inferred,not-applicable-starts-at-50-or-later,advancement-gating-metadata-not-skill-grade-budget,,bango-file,jobsystem.dat,5521
shaman-70,1,Blessing of Son of the Sky,shaman,"[70,75,80,85,90,95,100]","[1,2,3,4,5,6,7]","[1,1,1,1,1,1,1]",70 75 80 85 90 95 100|1 1 1 1 1 1 1,7,client-schedule-resolved,,,none,no-legacy-twin,bango-only-inferred,not-applicable-starts-at-50-or-later,advancement-gating-metadata-not-skill-grade-budget,,bango-file,jobsystem.dat,5522
shaman-71,1,Blessing of Son of the Sky,shaman,"[70,75,80,85,90,95,100]","[1,2,3,4,5,6,7]","[1,1,1,1,1,1,1]",70 75 80 85 90 95 100|1 1 1 1 1 1 1,7,client-schedule-resolved,,,none,no-legacy-twin,bango-only-inferred,not-applicable-starts-at-50-or-later,advancement-gating-metadata-not-skill-grade-budget,,bango-file,jobsystem.dat,5523
shaman-30,1,Life Extension,shaman,"[50,55,60,65,70]","[1,2,3,4,5]","[1,1,1,1,1]",50 55 60 65 70|1 1 1 1 1,5,client-schedule-resolved,,,none,no-legacy-twin,bango-only-inferred,not-applicable-starts-at-50-or-later,advancement-gating-metadata-not-skill-grade-budget,,bango-file,jobsystem.dat,5524
shaman-85,1,Mystery Skill of Accuracy,shaman,[81],[20],[20],81|20,20,client-schedule-resolved,,,none,no-legacy-twin,bango-only-inferred,not-applicable-starts-at-50-or-later,advancement-gating-metadata-not-skill-grade-budget,,bango-file,jobsystem.dat,5525
shaman-86,1,Mystery skill of Evasion,shaman,[81],[20],[20],81|20,20,client-schedule-resolved,,,none,no-legacy-twin,bango-only-inferred,not-applicable-starts-at-50-or-later,advancement-gating-metadata-not-skill-grade-budget,,bango-file,jobsystem.dat,5526
shaman-87,1,Mystery skill of Defense,shaman,[81],[20],[20],81|20,20,client-schedule-resolved,,,none,no-legacy-twin,bango-only-inferred,not-applicable-starts-at-50-or-later,advancement-gating-metadata-not-skill-grade-budget,,bango-file,jobsystem.dat,5527
gale-73,1,High Class Hiding,gale,[1],[1],[1],1|1,1,client-schedule-resolved,,,none,no-legacy-twin,bango-only-inferred,legacy-rule-bango-retention-unverified,advancement-gating-metadata-not-skill-grade-budget,,bango-file,jobsystem.dat,5569
gale-74,1,ZilPoong,gale,[1],[1],[1],1|1,1,client-schedule-resolved,,,none,no-legacy-twin,bango-only-inferred,legacy-rule-bango-retention-unverified,advancement-gating-metadata-not-skill-grade-budget,,bango-file,jobsystem.dat,5570
gale-75,1,ShinRhoe,gale,[1],[1],[1],1|1,1,client-schedule-resolved,,,none,no-legacy-twin,bango-only-inferred,legacy-rule-bango-retention-unverified,advancement-gating-metadata-not-skill-grade-budget,,bango-file,jobsystem.dat,5571
gunchi-64,1,Lightning Wave,gunchi,[1],[1],[1],1|1,1,client-schedule-resolved,,,none,no-legacy-twin,bango-only-inferred,legacy-rule-bango-retention-unverified,advancement-gating-metadata-not-skill-grade-budget,,bango-file,jobsystem.dat,5573
gunchi-65,1,Icy Storm,gunchi,[1],[1],[1],1|1,1,client-schedule-resolved,,,none,no-legacy-twin,bango-only-inferred,legacy-rule-bango-retention-unverified,advancement-gating-metadata-not-skill-grade-budget,,bango-file,jobsystem.dat,5595
gunchi-66,1,Phoenix,gunchi,[1],[1],[1],1|1,1,client-schedule-resolved,,,none,no-legacy-twin,bango-only-inferred,legacy-rule-bango-retention-unverified,advancement-gating-metadata-not-skill-grade-budget,,bango-file,jobsystem.dat,5617
yungsang-67,1,Hard Hit,yungsang,[1],[1],[1],1|1,1,client-schedule-resolved,,,none,no-legacy-twin,bango-only-inferred,legacy-rule-bango-retention-unverified,advancement-gating-metadata-not-skill-grade-budget,,bango-file,jobsystem.dat,5639
yungsang-68,1,Destruction,yungsang,[1],[1],[1],1|1,1,client-schedule-resolved,,,none,no-legacy-twin,bango-only-inferred,legacy-rule-bango-retention-unverified,advancement-gating-metadata-not-skill-grade-budget,,bango-file,jobsystem.dat,5661
yungsang-69,1,Rage,yungsang,[1],[1],[1],1|1,1,client-schedule-resolved,,,none,no-legacy-twin,bango-only-inferred,legacy-rule-bango-retention-unverified,advancement-gating-metadata-not-skill-grade-budget,,bango-file,jobsystem.dat,5683
tuguk-70,1,Earth Thorn,tuguk,[1],[1],[1],1|1,1,client-schedule-resolved,,,none,no-legacy-twin,bango-only-inferred,legacy-rule-bango-retention-unverified,advancement-gating-metadata-not-skill-grade-budget,,bango-file,jobsystem.dat,5706
tuguk-71,1,Shadow Canine,tuguk,[1],[1],[1],1|1,1,client-schedule-resolved,,,none,no-legacy-twin,bango-only-inferred,legacy-rule-bango-retention-unverified,advancement-gating-metadata-not-skill-grade-budget,,bango-file,jobsystem.dat,5728
tuguk-72,1,Adamant,tuguk,[1],[1],[1],1|1,1,client-schedule-resolved,,,none,no-legacy-twin,bango-only-inferred,legacy-rule-bango-retention-unverified,advancement-gating-metadata-not-skill-grade-budget,,bango-file,jobsystem.dat,5751
yungsang-73,1,Revolve Attack,yungsang,[1],[1],[1],1|1,1,client-schedule-resolved,,,none,no-legacy-twin,bango-only-inferred,legacy-rule-bango-retention-unverified,advancement-gating-metadata-not-skill-grade-budget,,bango-file,jobsystem.dat,5774
gale-74,2,Whirlwind Feather,gale,[1],[1],[1],1|1,1,client-schedule-resolved,,,none,no-legacy-twin,bango-only-inferred,legacy-rule-bango-retention-unverified,advancement-gating-metadata-not-skill-grade-budget,,bango-file,jobsystem.dat,5798
tuguk-75,1,Blood Suction,tuguk,[1],[1],[1],1|1,1,client-schedule-resolved,,,none,no-legacy-twin,bango-only-inferred,legacy-rule-bango-retention-unverified,advancement-gating-metadata-not-skill-grade-budget,,bango-file,jobsystem.dat,5822
gunchie-76,1,Thunderbolt,gunchi,[1],[1],[1],1|1,1,client-schedule-resolved,,,none,no-legacy-twin,bango-only-inferred,legacy-rule-bango-retention-unverified,advancement-gating-metadata-not-skill-grade-budget,,bango-file,jobsystem.dat,5846
monster-0,1,占쏙옙占쏙옙占쏙옙占쏙옙 占싻놂옙,monster,[],[],[],,,no-client-grade-schedule,,,none,no-legacy-twin,contested,not-established,advancement-gating-metadata-not-skill-grade-budget,No level or maximum-grade schedule is present in the client record; monster/runtime grade selection is server-side.,bango-file,jobsystem.dat,5874
monster-1,1,占쏙옙占쏙옙占쏙옙占쏙옙 占쏙옙占쏙옙,monster,[],[],[],,,no-client-grade-schedule,,,none,no-legacy-twin,contested,not-established,advancement-gating-metadata-not-skill-grade-budget,No level or maximum-grade schedule is present in the client record; monster/runtime grade selection is server-side.,bango-file,jobsystem.dat,5883
monster-2,1,占쏙옙占쏙옙占쏙옙 占쏙옙환,monster,[],[],[],,,no-client-grade-schedule,,,none,no-legacy-twin,contested,not-established,advancement-gating-metadata-not-skill-grade-budget,No level or maximum-grade schedule is present in the client record; monster/runtime grade selection is server-side.,bango-file,jobsystem.dat,5892
monster-3,1,占쏙옙占쏙옙占쏙옙 占쏙옙占쏙림,monster,[],[],[],,,no-client-grade-schedule,,,none,no-legacy-twin,contested,not-established,advancement-gating-metadata-not-skill-grade-budget,No level or maximum-grade schedule is present in the client record; monster/runtime grade selection is server-side.,bango-file,jobsystem.dat,5901
monster-4,1,占쏙옙占쏙옙占싱듸옙,monster,[],[],[],,,no-client-grade-schedule,,,none,no-legacy-twin,contested,not-established,advancement-gating-metadata-not-skill-grade-budget,No level or maximum-grade schedule is present in the client record; monster/runtime grade selection is server-side.,bango-file,jobsystem.dat,5910
monster-5,1,혼占쏙옙 占쏙옙占쏙옙,monster,[],[],[],,,no-client-grade-schedule,,,none,no-legacy-twin,contested,not-established,advancement-gating-metadata-not-skill-grade-budget,No level or maximum-grade schedule is present in the client record; monster/runtime grade selection is server-side.,bango-file,jobsystem.dat,5919
monster-6,1,占쏙옙占쏙옙占쏙옙占쏙옙 占쏙옙占쏙옙,monster,[],[],[],,,no-client-grade-schedule,,,none,no-legacy-twin,contested,not-established,advancement-gating-metadata-not-skill-grade-budget,No level or maximum-grade schedule is present in the client record; monster/runtime grade selection is server-side.,bango-file,jobsystem.dat,5928
monster-7,1,占쏙옙占쏙옙占쏙옙 占쏙옙占쏙옙 占쏙옙호,monster,[],[],[],,,no-client-grade-schedule,,,none,no-legacy-twin,contested,not-established,advancement-gating-metadata-not-skill-grade-budget,No level or maximum-grade schedule is present in the client record; monster/runtime grade selection is server-side.,bango-file,jobsystem.dat,5937
monster-8,1,占쏙옙화,monster,[],[],[],,,no-client-grade-schedule,,,none,no-legacy-twin,contested,not-established,advancement-gating-metadata-not-skill-grade-budget,No level or maximum-grade schedule is present in the client record; monster/runtime grade selection is server-side.,bango-file,jobsystem.dat,5946
monster-9,1,占쏙옙占쏙옙占쏙옙풍,monster,[],[],[],,,no-client-grade-schedule,,,none,no-legacy-twin,contested,not-established,advancement-gating-metadata-not-skill-grade-budget,No level or maximum-grade schedule is present in the client record; monster/runtime grade selection is server-side.,bango-file,jobsystem.dat,5955
monster-10,1,占쏙옙占쏙옙占쏙옙풍,monster,[],[],[],,,no-client-grade-schedule,,,none,no-legacy-twin,contested,not-established,advancement-gating-metadata-not-skill-grade-budget,No level or maximum-grade schedule is present in the client record; monster/runtime grade selection is server-side.,bango-file,jobsystem.dat,5964
monster-11,1,화占쏙옙占쏙옙풍,monster,[],[],[],,,no-client-grade-schedule,,,none,no-legacy-twin,contested,not-established,advancement-gating-metadata-not-skill-grade-budget,No level or maximum-grade schedule is present in the client record; monster/runtime grade selection is server-side.,bango-file,jobsystem.dat,5973
monster-13,1,占쏙옙占쏙옙占쏙옙占쏙옙 占쏙옙占쏙옙,monster,[],[],[],,,no-client-grade-schedule,,,none,no-legacy-twin,contested,not-established,advancement-gating-metadata-not-skill-grade-budget,No level or maximum-grade schedule is present in the client record; monster/runtime grade selection is server-side.,bango-file,jobsystem.dat,5982
monster-14,1,占쏙옙占쏙옙占쏙옙화,monster,[],[],[],,,no-client-grade-schedule,,,none,no-legacy-twin,contested,not-established,advancement-gating-metadata-not-skill-grade-budget,No level or maximum-grade schedule is present in the client record; monster/runtime grade selection is server-side.,bango-file,jobsystem.dat,5991
monster-15,1,占쏙옙占쏙옙占쏙옙?,monster,[],[],[],,,no-client-grade-schedule,,,none,no-legacy-twin,contested,not-established,advancement-gating-metadata-not-skill-grade-budget,No level or maximum-grade schedule is present in the client record; monster/runtime grade selection is server-side.,bango-file,jobsystem.dat,6000
monster-16,1,占쏙옙 占쏙옙환,monster,[],[],[],,,no-client-grade-schedule,,,none,no-legacy-twin,contested,not-established,advancement-gating-metadata-not-skill-grade-budget,No level or maximum-grade schedule is present in the client record; monster/runtime grade selection is server-side.,bango-file,jobsystem.dat,6009
monster-17,1,占쏙옙占쏙옙占쏙옙 占쏙옙占쏙옙,monster,[],[],[],,,no-client-grade-schedule,,,none,no-legacy-twin,contested,not-established,advancement-gating-metadata-not-skill-grade-budget,No level or maximum-grade schedule is present in the client record; monster/runtime grade selection is server-side.,bango-file,jobsystem.dat,6018
monster-18,1,占쌍두몌옙占쏙옙1,monster,[],[],[],,,no-client-grade-schedule,,,none,no-legacy-twin,contested,not-established,advancement-gating-metadata-not-skill-grade-budget,No level or maximum-grade schedule is present in the client record; monster/runtime grade selection is server-side.,bango-file,jobsystem.dat,6027
monster-19,1,占쌍두몌옙占쏙옙2,monster,[],[],[],,,no-client-grade-schedule,,,none,no-legacy-twin,contested,not-established,advancement-gating-metadata-not-skill-grade-budget,No level or maximum-grade schedule is present in the client record; monster/runtime grade selection is server-side.,bango-file,jobsystem.dat,6036
monster-20,1,占쏙옙占쏙옙占쏙옙 占쏙옙占쏙림,monster,[],[],[],,,no-client-grade-schedule,,,none,no-legacy-twin,contested,not-established,advancement-gating-metadata-not-skill-grade-budget,No level or maximum-grade schedule is present in the client record; monster/runtime grade selection is server-side.,bango-file,jobsystem.dat,6045
monster-21,1,화占쏙옙占쏙옙 占쏙옙환,monster,[],[],[],,,no-client-grade-schedule,,,none,no-legacy-twin,contested,not-established,advancement-gating-metadata-not-skill-grade-budget,No level or maximum-grade schedule is present in the client record; monster/runtime grade selection is server-side.,bango-file,jobsystem.dat,6054
monster-22,1,占쏙옙占쏙옙 占쏙옙占쏘리,monster,[],[],[],,,no-client-grade-schedule,,,none,no-legacy-twin,contested,not-established,advancement-gating-metadata-not-skill-grade-budget,No level or maximum-grade schedule is present in the client record; monster/runtime grade selection is server-side.,bango-file,jobsystem.dat,6063
monster-23,1,占쏙옙占쏙옙占쏙옙화,monster,[],[],[],,,no-client-grade-schedule,,,none,no-legacy-twin,contested,not-established,advancement-gating-metadata-not-skill-grade-budget,No level or maximum-grade schedule is present in the client record; monster/runtime grade selection is server-side.,bango-file,jobsystem.dat,6072
monster-24,1,占싻몌옙,monster,[],[],[],,,no-client-grade-schedule,,,none,no-legacy-twin,contested,not-established,advancement-gating-metadata-not-skill-grade-budget,No level or maximum-grade schedule is present in the client record; monster/runtime grade selection is server-side.,bango-file,jobsystem.dat,6081
monster-25,1,占쌀듸옙占쏙옙 占쌩삼옙,monster,[],[],[],,,no-client-grade-schedule,,,none,no-legacy-twin,contested,not-established,advancement-gating-metadata-not-skill-grade-budget,No level or maximum-grade schedule is present in the client record; monster/runtime grade selection is server-side.,bango-file,jobsystem.dat,6090
monster-26,1,占쏙옙占쏙옙占쏙옙 占쌀깍옙,monster,[],[],[],,,no-client-grade-schedule,,,none,no-legacy-twin,contested,not-established,advancement-gating-metadata-not-skill-grade-budget,No level or maximum-grade schedule is present in the client record; monster/runtime grade selection is server-side.,bango-file,jobsystem.dat,6099
monster-27,1,占쏙옙占쏙옙占쏙옙 占쌀깍옙,monster,[],[],[],,,no-client-grade-schedule,,,none,no-legacy-twin,contested,not-established,advancement-gating-metadata-not-skill-grade-budget,No level or maximum-grade schedule is present in the client record; monster/runtime grade selection is server-side.,bango-file,jobsystem.dat,6108
monster-28,1,占쏙옙占쏙옙 占쏙옙환,monster,[],[],[],,,no-client-grade-schedule,,,none,no-legacy-twin,contested,not-established,advancement-gating-metadata-not-skill-grade-budget,No level or maximum-grade schedule is present in the client record; monster/runtime grade selection is server-side.,bango-file,jobsystem.dat,6117
monster-29,1,占쏙옙占쌘쇽옙,monster,[],[],[],,,no-client-grade-schedule,,,none,no-legacy-twin,contested,not-established,advancement-gating-metadata-not-skill-grade-budget,No level or maximum-grade schedule is present in the client record; monster/runtime grade selection is server-side.,bango-file,jobsystem.dat,6126
monster-30,1,환占쌘쇽옙,monster,[],[],[],,,no-client-grade-schedule,,,none,no-legacy-twin,contested,not-established,advancement-gating-metadata-not-skill-grade-budget,No level or maximum-grade schedule is present in the client record; monster/runtime grade selection is server-side.,bango-file,jobsystem.dat,6135
monster-31,1,화占쏙옙占쏙옙,monster,[],[],[],,,no-client-grade-schedule,,,none,no-legacy-twin,contested,not-established,advancement-gating-metadata-not-skill-grade-budget,No level or maximum-grade schedule is present in the client record; monster/runtime grade selection is server-side.,bango-file,jobsystem.dat,6144
monster-32,1,占쏙옙釜占\xbd?,monster,[],[],[],,,no-client-grade-schedule,,,none,no-legacy-twin,contested,not-established,advancement-gating-metadata-not-skill-grade-budget,No level or maximum-grade schedule is present in the client record; monster/runtime grade selection is server-side.,bango-file,jobsystem.dat,6153
monster-33,1,占쏙옙화占쏙옙,monster,[],[],[],,,no-client-grade-schedule,,,none,no-legacy-twin,contested,not-established,advancement-gating-metadata-not-skill-grade-budget,No level or maximum-grade schedule is present in the client record; monster/runtime grade selection is server-side.,bango-file,jobsystem.dat,6162
monster-34,1,화占쏙옙占쏙옙占쏙옙占쏙옙,monster,[],[],[],,,no-client-grade-schedule,,,none,no-legacy-twin,contested,not-established,advancement-gating-metadata-not-skill-grade-budget,No level or maximum-grade schedule is present in the client record; monster/runtime grade selection is server-side.,bango-file,jobsystem.dat,6171
monster-35,1,占쏙옙占쏙옙占쏙옙占쏙옙 占쌩삼옙,monster,[],[],[],,,no-client-grade-schedule,,,none,no-legacy-twin,contested,not-established,advancement-gating-metadata-not-skill-grade-budget,No level or maximum-grade schedule is present in the client record; monster/runtime grade selection is server-side.,bango-file,jobsystem.dat,6180
monster-36,1,占쏙옙호占쏙옙천占쏙옙 占쏙옙탄 占쏙옙占쏙옙,monster,[],[],[],,,no-client-grade-schedule,,,none,no-legacy-twin,contested,not-established,advancement-gating-metadata-not-skill-grade-budget,No level or maximum-grade schedule is present in the client record; monster/runtime grade selection is server-side.,bango-file,jobsystem.dat,6189
monster-41,1,占쌩몌옙占쏙옙 占쏙옙占쏙옙,monster,[],[],[],,,no-client-grade-schedule,,,none,no-legacy-twin,contested,not-established,advancement-gating-metadata-not-skill-grade-budget,No level or maximum-grade schedule is present in the client record; monster/runtime grade selection is server-side.,bango-file,jobsystem.dat,6198
monster-42,1,占쏙옙혼占쏙옙,monster,[],[],[],,,no-client-grade-schedule,,,none,no-legacy-twin,contested,not-established,advancement-gating-metadata-not-skill-grade-budget,No level or maximum-grade schedule is present in the client record; monster/runtime grade selection is server-side.,bango-file,jobsystem.dat,6207
monster-43,1,占쌩몌옙占쏙옙 占쏙옙占쏙옙_占쏙옙占쏙옙,monster,[],[],[],,,no-client-grade-schedule,,,none,no-legacy-twin,contested,not-established,advancement-gating-metadata-not-skill-grade-budget,No level or maximum-grade schedule is present in the client record; monster/runtime grade selection is server-side.,bango-file,jobsystem.dat,6218
monster-44,1,占쏙옙占쏙옙占쏙옙 혼,monster,[],[],[],,,no-client-grade-schedule,,,none,no-legacy-twin,contested,not-established,advancement-gating-metadata-not-skill-grade-budget,No level or maximum-grade schedule is present in the client record; monster/runtime grade selection is server-side.,bango-file,jobsystem.dat,6228
monster-45,1, 占쏙옙효 ,monster,[],[],[],,,no-client-grade-schedule,,,none,no-legacy-twin,contested,not-established,advancement-gating-metadata-not-skill-grade-budget,No level or maximum-grade schedule is present in the client record; monster/runtime grade selection is server-side.,bango-file,jobsystem.dat,6237
monster-46,1,占쏙옙占쏙옙치占쏙옙 ,monster,[],[],[],,,no-client-grade-schedule,,,none,no-legacy-twin,contested,not-established,advancement-gating-metadata-not-skill-grade-budget,No level or maximum-grade schedule is present in the client record; monster/runtime grade selection is server-side.,bango-file,jobsystem.dat,6247
monster-47,1,占쌨댐옙占\xbd? 占쏙옙천占쏙옙,monster,[],[],[],,,no-client-grade-schedule,,,none,no-legacy-twin,contested,not-established,advancement-gating-metadata-not-skill-grade-budget,No level or maximum-grade schedule is present in the client record; monster/runtime grade selection is server-side.,bango-file,jobsystem.dat,6256
monster-48,1,占쏙옙틀占쏙옙 占쏙옙占\xbd? 占싱뱄옙占쏙옙,monster,[],[],[],,,no-client-grade-schedule,,,none,no-legacy-twin,contested,not-established,advancement-gating-metadata-not-skill-grade-budget,No level or maximum-grade schedule is present in the client record; monster/runtime grade selection is server-side.,bango-file,jobsystem.dat,6267
monster-49,1,천占쏙옙占\xbd? 占싱뱄옙占쏙옙: 占쏙옙첩占실댐옙 占쏙옙占쏙옙占쏙옙(占싱쇽옙 占쏙옙占쏙옙),monster,[],[],[],,,no-client-grade-schedule,,,none,no-legacy-twin,contested,not-established,advancement-gating-metadata-not-skill-grade-budget,No level or maximum-grade schedule is present in the client record; monster/runtime grade selection is server-side.,bango-file,jobsystem.dat,6276
monster-50,1,천占쏙옙占\xbd? 占싱뱄옙占쏙옙: 占쏙옙첩占실댐옙 占쏙옙占쏙옙占쏙옙(체占쏙옙 占쏙옙占쏙옙),monster,[],[],[],,,no-client-grade-schedule,,,none,no-legacy-twin,contested,not-established,advancement-gating-metadata-not-skill-grade-budget,No level or maximum-grade schedule is present in the client record; monster/runtime grade selection is server-side.,bango-file,jobsystem.dat,6285
monster-51,1,천占쏙옙占\xbd? 占싱뱄옙占쏙옙: 占쏙옙占쏙옙占쏙옙 占쌩억옙,monster,[],[],[],,,no-client-grade-schedule,,,none,no-legacy-twin,contested,not-established,advancement-gating-metadata-not-skill-grade-budget,No level or maximum-grade schedule is present in the client record; monster/runtime grade selection is server-side.,bango-file,jobsystem.dat,6294
monster-52,1,천占쏙옙占\xbd? 占싱뱄옙占쏙옙: 占쏙옙占쏙옙 占쏙옙환,monster,[],[],[],,,no-client-grade-schedule,,,none,no-legacy-twin,contested,not-established,advancement-gating-metadata-not-skill-grade-budget,No level or maximum-grade schedule is present in the client record; monster/runtime grade selection is server-side.,bango-file,jobsystem.dat,6303
monster-53,1,占쏙옙틀占쏙옙 占쏙옙占쏙옙 占싱뱄옙占쏙옙,monster,[],[],[],,,no-client-grade-schedule,,,none,no-legacy-twin,contested,not-established,advancement-gating-metadata-not-skill-grade-budget,No level or maximum-grade schedule is present in the client record; monster/runtime grade selection is server-side.,bango-file,jobsystem.dat,6312
monster-54,1,占쏙옙틀占쏙옙 占쏙옙占쏙옙占쏙옙 占쏙옙占쏙옙占쏙옙占\xbd?,monster,[],[],[],,,no-client-grade-schedule,,,none,no-legacy-twin,contested,not-established,advancement-gating-metadata-not-skill-grade-budget,No level or maximum-grade schedule is present in the client record; monster/runtime grade selection is server-side.,bango-file,jobsystem.dat,6321
monster-55,1,占쏙옙틀占쏙옙 占쏙옙占쏙옙占쏙옙,monster,[],[],[],,,no-client-grade-schedule,,,none,no-legacy-twin,contested,not-established,advancement-gating-metadata-not-skill-grade-budget,No level or maximum-grade schedule is present in the client record; monster/runtime grade selection is server-side.,bango-file,jobsystem.dat,6330
monster-56,1,占쏙옙틀占쏙옙 占쏙옙占쏙옙占쏙옙,monster,[],[],[],,,no-client-grade-schedule,,,none,no-legacy-twin,contested,not-established,advancement-gating-metadata-not-skill-grade-budget,No level or maximum-grade schedule is present in the client record; monster/runtime grade selection is server-side.,bango-file,jobsystem.dat,6339
monster-57,1,占쏙옙틀占쏙옙 占쏙옙占쏙옙占쏙옙,monster,[],[],[],,,no-client-grade-schedule,,,none,no-legacy-twin,contested,not-established,advancement-gating-metadata-not-skill-grade-budget,No level or maximum-grade schedule is present in the client record; monster/runtime grade selection is server-side.,bango-file,jobsystem.dat,6348
monster-58,1,占쏙옙틀占쏙옙 占쏙옙占쏙옙占쏙옙,monster,[],[],[],,,no-client-grade-schedule,,,none,no-legacy-twin,contested,not-established,advancement-gating-metadata-not-skill-grade-budget,No level or maximum-grade schedule is present in the client record; monster/runtime grade selection is server-side.,bango-file,jobsystem.dat,6357
monster-59,1,占쏙옙 占쏙옙占쏙옙 占쏙옙占쏙옙,monster,[],[],[],,,no-client-grade-schedule,,,none,no-legacy-twin,contested,not-established,advancement-gating-metadata-not-skill-grade-budget,No level or maximum-grade schedule is present in the client record; monster/runtime grade selection is server-side.,bango-file,jobsystem.dat,6375
monster-60,1,천占쏙옙占\xbd? 占싱뱄옙占쏙옙,monster,[],[],[],,,no-client-grade-schedule,,,none,no-legacy-twin,contested,not-established,advancement-gating-metadata-not-skill-grade-budget,No level or maximum-grade schedule is present in the client record; monster/runtime grade selection is server-side.,bango-file,jobsystem.dat,6384
monster-61,1,천占쏙옙占\xbd? 占싱뱄옙占쏙옙,monster,[],[],[],,,no-client-grade-schedule,,,none,no-legacy-twin,contested,not-established,advancement-gating-metadata-not-skill-grade-budget,No level or maximum-grade schedule is present in the client record; monster/runtime grade selection is server-side.,bango-file,jobsystem.dat,6393
monster-62,1,占쏙옙 占쏙옙占쏙옙 占쏙옙占쏙옙,monster,[],[],[],,,no-client-grade-schedule,,,none,no-legacy-twin,contested,not-established,advancement-gating-metadata-not-skill-grade-budget,No level or maximum-grade schedule is present in the client record; monster/runtime grade selection is server-side.,bango-file,jobsystem.dat,6402
monster-64,1,占쏙옙 占쏙옙占쏙옙 占쏙옙占쏙옙,monster,[],[],[],,,no-client-grade-schedule,,,none,no-legacy-twin,contested,not-established,advancement-gating-metadata-not-skill-grade-budget,No level or maximum-grade schedule is present in the client record; monster/runtime grade selection is server-side.,bango-file,jobsystem.dat,6421
monster-65,1,占쏙옙 占쏙옙占쏙옙 占쏙옙占쏙옙,monster,[],[],[],,,no-client-grade-schedule,,,none,no-legacy-twin,contested,not-established,advancement-gating-metadata-not-skill-grade-budget,No level or maximum-grade schedule is present in the client record; monster/runtime grade selection is server-side.,bango-file,jobsystem.dat,6430
monster-66,1,占쏙옙 占쏙옙占쏙옙 占쏙옙占쏙옙,monster,[],[],[],,,no-client-grade-schedule,,,none,no-legacy-twin,contested,not-established,advancement-gating-metadata-not-skill-grade-budget,No level or maximum-grade schedule is present in the client record; monster/runtime grade selection is server-side.,bango-file,jobsystem.dat,6439
monster-67,1,占쏙옙 占쏙옙풍,monster,[],[],[],,,no-client-grade-schedule,,,none,no-legacy-twin,contested,not-established,advancement-gating-metadata-not-skill-grade-budget,No level or maximum-grade schedule is present in the client record; monster/runtime grade selection is server-side.,bango-file,jobsystem.dat,6449
monster-68,1,占쏙옙占쏙옙占\xbd? 占쌕댐옙 占쏙옙占\xbd?,monster,[],[],[],,,no-client-grade-schedule,,,none,no-legacy-twin,contested,not-established,advancement-gating-metadata-not-skill-grade-budget,No level or maximum-grade schedule is present in the client record; monster/runtime grade selection is server-side.,bango-file,jobsystem.dat,6450
monster-69,1,占쏙옙占쏙옙 占쏙옙占쏙옙占\xbd? 占쏙옙占쏙옙占쏙옙 占쏙옙占쏙옙치占쏙옙,monster,[],[],[],,,no-client-grade-schedule,,,none,no-legacy-twin,contested,not-established,advancement-gating-metadata-not-skill-grade-budget,No level or maximum-grade schedule is present in the client record; monster/runtime grade selection is server-side.,bango-file,jobsystem.dat,6451
monster-70,1,占썰병 占쏙옙占쏙옙 占쏙옙占쏙옙 占쏙옙환,monster,[],[],[],,,no-client-grade-schedule,,,none,no-legacy-twin,contested,not-established,advancement-gating-metadata-not-skill-grade-budget,No level or maximum-grade schedule is present in the client record; monster/runtime grade selection is server-side.,bango-file,jobsystem.dat,6452
monster-71,1,占쏙옙占쏙옙 환占쌥쇽옙,monster,[],[],[],,,no-client-grade-schedule,,,none,no-legacy-twin,contested,not-established,advancement-gating-metadata-not-skill-grade-budget,No level or maximum-grade schedule is present in the client record; monster/runtime grade selection is server-side.,bango-file,jobsystem.dat,6453
monster-72,1,占쏙옙占쏙옙 占싸신쇽옙,monster,[],[],[],,,no-client-grade-schedule,,,none,no-legacy-twin,contested,not-established,advancement-gating-metadata-not-skill-grade-budget,No level or maximum-grade schedule is present in the client record; monster/runtime grade selection is server-side.,bango-file,jobsystem.dat,6454
monster-73,1,황占쏙옙 占쏙옙치 占쏙옙占쏙옙치占쏙옙,monster,[],[],[],,,no-client-grade-schedule,,,none,no-legacy-twin,contested,not-established,advancement-gating-metadata-not-skill-grade-budget,No level or maximum-grade schedule is present in the client record; monster/runtime grade selection is server-side.,bango-file,jobsystem.dat,6455
monster-74,1,占쏙옙침 占쏙옙占쏙옙,monster,[],[],[],,,no-client-grade-schedule,,,none,no-legacy-twin,contested,not-established,advancement-gating-metadata-not-skill-grade-budget,No level or maximum-grade schedule is present in the client record; monster/runtime grade selection is server-side.,bango-file,jobsystem.dat,6456
monster-75,1,占쏙옙占\xbd? 占썲군 占쏙옙환,monster,[],[],[],,,no-client-grade-schedule,,,none,no-legacy-twin,contested,not-established,advancement-gating-metadata-not-skill-grade-budget,No level or maximum-grade schedule is present in the client record; monster/runtime grade selection is server-side.,bango-file,jobsystem.dat,6457
monster-76,1,占쏙옙占쏙옙 占쏙옙占쏙옙 창,monster,[],[],[],,,no-client-grade-schedule,,,none,no-legacy-twin,contested,not-established,advancement-gating-metadata-not-skill-grade-budget,No level or maximum-grade schedule is present in the client record; monster/runtime grade selection is server-side.,bango-file,jobsystem.dat,6458
monster-77,1,占썩마占쏙옙 占쏙옙占쏙옙 占쏙옙占쏙옙창,monster,[],[],[],,,no-client-grade-schedule,,,none,no-legacy-twin,contested,not-established,advancement-gating-metadata-not-skill-grade-budget,No level or maximum-grade schedule is present in the client record; monster/runtime grade selection is server-side.,bango-file,jobsystem.dat,6459
monster-78,1,占썩마占쏙옙 占쏙옙占쏙옙 占쏙옙占쏙옙 ,monster,[],[],[],,,no-client-grade-schedule,,,none,no-legacy-twin,contested,not-established,advancement-gating-metadata-not-skill-grade-budget,No level or maximum-grade schedule is present in the client record; monster/runtime grade selection is server-side.,bango-file,jobsystem.dat,6460
monster-79,1,占썩마占쏙옙 占쏙옙占쏙옙 화占쏙옙 占쏙옙,monster,[],[],[],,,no-client-grade-schedule,,,none,no-legacy-twin,contested,not-established,advancement-gating-metadata-not-skill-grade-budget,No level or maximum-grade schedule is present in the client record; monster/runtime grade selection is server-side.,bango-file,jobsystem.dat,6461
monster-80,1,占쏙옙창 占쏙옙환,monster,[],[],[],,,no-client-grade-schedule,,,none,no-legacy-twin,contested,not-established,advancement-gating-metadata-not-skill-grade-budget,No level or maximum-grade schedule is present in the client record; monster/runtime grade selection is server-side.,bango-file,jobsystem.dat,6464
monster-81,1,占쌀용돌占쏙옙,monster,[],[],[],,,no-client-grade-schedule,,,none,no-legacy-twin,contested,not-established,advancement-gating-metadata-not-skill-grade-budget,No level or maximum-grade schedule is present in the client record; monster/runtime grade selection is server-side.,bango-file,jobsystem.dat,6465
monster-82,1,천占쏙옙占쏙옙 占쏙옙환,monster,[],[],[],,,no-client-grade-schedule,,,none,no-legacy-twin,contested,not-established,advancement-gating-metadata-not-skill-grade-budget,No level or maximum-grade schedule is present in the client record; monster/runtime grade selection is server-side.,bango-file,jobsystem.dat,6466
monster-83,1,占쌩쏙옙회占쏙옙,monster,[],[],[],,,no-client-grade-schedule,,,none,no-legacy-twin,contested,not-established,advancement-gating-metadata-not-skill-grade-budget,No level or maximum-grade schedule is present in the client record; monster/runtime grade selection is server-side.,bango-file,jobsystem.dat,6467
monster-84,1,占쏙옙占썸섬,monster,[],[],[],,,no-client-grade-schedule,,,none,no-legacy-twin,contested,not-established,advancement-gating-metadata-not-skill-grade-budget,No level or maximum-grade schedule is present in the client record; monster/runtime grade selection is server-side.,bango-file,jobsystem.dat,6468
monster-85,1,占쏙옙占썅선,monster,[],[],[],,,no-client-grade-schedule,,,none,no-legacy-twin,contested,not-established,advancement-gating-metadata-not-skill-grade-budget,No level or maximum-grade schedule is present in the client record; monster/runtime grade selection is server-side.,bango-file,jobsystem.dat,6469
monster-86,1,占쏙옙占쏙옙풍,monster,[],[],[],,,no-client-grade-schedule,,,none,no-legacy-twin,contested,not-established,advancement-gating-metadata-not-skill-grade-budget,No level or maximum-grade schedule is present in the client record; monster/runtime grade selection is server-side.,bango-file,jobsystem.dat,6472
monster-87,1,占쌀븝옙占쏙옙,monster,[],[],[],,,no-client-grade-schedule,,,none,no-legacy-twin,contested,not-established,advancement-gating-metadata-not-skill-grade-budget,No level or maximum-grade schedule is present in the client record; monster/runtime grade selection is server-side.,bango-file,jobsystem.dat,6473
monster-88,1,占쏙옙占쏙옙占쏙옙,monster,[],[],[],,,no-client-grade-schedule,,,none,no-legacy-twin,contested,not-established,advancement-gating-metadata-not-skill-grade-budget,No level or maximum-grade schedule is present in the client record; monster/runtime grade selection is server-side.,bango-file,jobsystem.dat,6474
monster-89,1,천占쌌븝옙占쏙옙,monster,[],[],[],,,no-client-grade-schedule,,,none,no-legacy-twin,contested,not-established,advancement-gating-metadata-not-skill-grade-budget,No level or maximum-grade schedule is present in the client record; monster/runtime grade selection is server-side.,bango-file,jobsystem.dat,6475
monster-90,1,占쏙옙占쏙옙 占싼몌옙,monster,[],[],[],,,no-client-grade-schedule,,,none,no-legacy-twin,contested,not-established,advancement-gating-metadata-not-skill-grade-budget,No level or maximum-grade schedule is present in the client record; monster/runtime grade selection is server-side.,bango-file,jobsystem.dat,6476
monster-231,1,화占쏙옙占\xbd?,monster,[],[],[],,,no-client-grade-schedule,,,none,no-legacy-twin,contested,not-established,advancement-gating-metadata-not-skill-grade-budget,No level or maximum-grade schedule is present in the client record; monster/runtime grade selection is server-side.,bango-file,jobsystem.dat,6480
monster-232,1,화占쏙옙占싻삼옙,monster,[],[],[],,,no-client-grade-schedule,,,none,no-legacy-twin,contested,not-established,advancement-gating-metadata-not-skill-grade-budget,No level or maximum-grade schedule is present in the client record; monster/runtime grade selection is server-side.,bango-file,jobsystem.dat,6481
monster-233,1,占쏙옙占쏙옙占쏙옙占쏙옙,monster,[],[],[],,,no-client-grade-schedule,,,none,no-legacy-twin,contested,not-established,advancement-gating-metadata-not-skill-grade-budget,No level or maximum-grade schedule is present in the client record; monster/runtime grade selection is server-side.,bango-file,jobsystem.dat,6482
monster-96,1,占쏙옙占쏙옙占쏙옙占쏙옙,monster,[],[],[],,,no-client-grade-schedule,,,none,no-legacy-twin,contested,not-established,advancement-gating-metadata-not-skill-grade-budget,No level or maximum-grade schedule is present in the client record; monster/runtime grade selection is server-side.,bango-file,jobsystem.dat,6485
monster-97,1,占쏙옙占쏙옙풍,monster,[],[],[],,,no-client-grade-schedule,,,none,no-legacy-twin,contested,not-established,advancement-gating-metadata-not-skill-grade-budget,No level or maximum-grade schedule is present in the client record; monster/runtime grade selection is server-side.,bango-file,jobsystem.dat,6486
monster-98,1,占쏙옙占쏙옙풍,monster,[],[],[],,,no-client-grade-schedule,,,none,no-legacy-twin,contested,not-established,advancement-gating-metadata-not-skill-grade-budget,No level or maximum-grade schedule is present in the client record; monster/runtime grade selection is server-side.,bango-file,jobsystem.dat,6487
monster-99,1,화占쏙옙占쏙옙풍,monster,[],[],[],,,no-client-grade-schedule,,,none,no-legacy-twin,contested,not-established,advancement-gating-metadata-not-skill-grade-budget,No level or maximum-grade schedule is present in the client record; monster/runtime grade selection is server-side.,bango-file,jobsystem.dat,6489
monster-100,1,占쌀바댐옙,monster,[],[],[],,,no-client-grade-schedule,,,none,no-legacy-twin,contested,not-established,advancement-gating-metadata-not-skill-grade-budget,No level or maximum-grade schedule is present in the client record; monster/runtime grade selection is server-side.,bango-file,jobsystem.dat,6490
monster-101,1,占쏙옙占쏙옙占쏙옙화占쏙옙占쏙옙,monster,[],[],[],,,no-client-grade-schedule,,,none,no-legacy-twin,contested,not-established,advancement-gating-metadata-not-skill-grade-budget,No level or maximum-grade schedule is present in the client record; monster/runtime grade selection is server-side.,bango-file,jobsystem.dat,6491
monster-102,1,占쏙옙占쏙옙占쏙옙풍,monster,[],[],[],,,no-client-grade-schedule,,,none,no-legacy-twin,contested,not-established,advancement-gating-metadata-not-skill-grade-budget,No level or maximum-grade schedule is present in the client record; monster/runtime grade selection is server-side.,bango-file,jobsystem.dat,6493
monster-103,1,占쏙옙占쏙옙화占쏙옙,monster,[],[],[],,,no-client-grade-schedule,,,none,no-legacy-twin,contested,not-established,advancement-gating-metadata-not-skill-grade-budget,No level or maximum-grade schedule is present in the client record; monster/runtime grade selection is server-side.,bango-file,jobsystem.dat,6494
monster-104,1,占쌈뱄옙,monster,[],[],[],,,no-client-grade-schedule,,,none,no-legacy-twin,contested,not-established,advancement-gating-metadata-not-skill-grade-budget,No level or maximum-grade schedule is present in the client record; monster/runtime grade selection is server-side.,bango-file,jobsystem.dat,6495
monster-105,1,占쏙옙占쏙옙占쏙옙풍,monster,[],[],[],,,no-client-grade-schedule,,,none,no-legacy-twin,contested,not-established,advancement-gating-metadata-not-skill-grade-budget,No level or maximum-grade schedule is present in the client record; monster/runtime grade selection is server-side.,bango-file,jobsystem.dat,6497
monster-106,1,占쏙옙占쏙옙占쏙옙占쏙옙,monster,[],[],[],,,no-client-grade-schedule,,,none,no-legacy-twin,contested,not-established,advancement-gating-metadata-not-skill-grade-budget,No level or maximum-grade schedule is present in the client record; monster/runtime grade selection is server-side.,bango-file,jobsystem.dat,6498
monster-107,1,占쏙옙占쏙옙占쏙옙,monster,[],[],[],,,no-client-grade-schedule,,,none,no-legacy-twin,contested,not-established,advancement-gating-metadata-not-skill-grade-budget,No level or maximum-grade schedule is present in the client record; monster/runtime grade selection is server-side.,bango-file,jobsystem.dat,6499
monster-108,1,占싼몌옙占쏙옙占쏙옙,monster,[],[],[],,,no-client-grade-schedule,,,none,no-legacy-twin,contested,not-established,advancement-gating-metadata-not-skill-grade-budget,No level or maximum-grade schedule is present in the client record; monster/runtime grade selection is server-side.,bango-file,jobsystem.dat,6501
monster-109,1,占싼몌옙채占쏙옙,monster,[],[],[],,,no-client-grade-schedule,,,none,no-legacy-twin,contested,not-established,advancement-gating-metadata-not-skill-grade-budget,No level or maximum-grade schedule is present in the client record; monster/runtime grade selection is server-side.,bango-file,jobsystem.dat,6502
monster-110,1,占싱속곤옙占쏙옙,monster,[],[],[],,,no-client-grade-schedule,,,none,no-legacy-twin,contested,not-established,advancement-gating-metadata-not-skill-grade-budget,No level or maximum-grade schedule is present in the client record; monster/runtime grade selection is server-side.,bango-file,jobsystem.dat,6503
monster-111,1,占쏙옙占쏙옙 占쏙옙占쏙옙,monster,[],[],[],,,no-client-grade-schedule,,,none,no-legacy-twin,contested,not-established,advancement-gating-metadata-not-skill-grade-budget,No level or maximum-grade schedule is present in the client record; monster/runtime grade selection is server-side.,bango-file,jobsystem.dat,6505
monster-112,1,占쏙옙청占쏙옙,monster,[],[],[],,,no-client-grade-schedule,,,none,no-legacy-twin,contested,not-established,advancement-gating-metadata-not-skill-grade-budget,No level or maximum-grade schedule is present in the client record; monster/runtime grade selection is server-side.,bango-file,jobsystem.dat,6507
monster-113,1,占쏙옙占쏙림,monster,[],[],[],,,no-client-grade-schedule,,,none,no-legacy-twin,contested,not-established,advancement-gating-metadata-not-skill-grade-budget,No level or maximum-grade schedule is present in the client record; monster/runtime grade selection is server-side.,bango-file,jobsystem.dat,6508
monster-114,1,占쏙옙占쏙옙占\xbd? 占쏙옙占쏙옙,monster,[],[],[],,,no-client-grade-schedule,,,none,no-legacy-twin,contested,not-established,advancement-gating-metadata-not-skill-grade-budget,No level or maximum-grade schedule is present in the client record; monster/runtime grade selection is server-side.,bango-file,jobsystem.dat,6510
monster-115,1,占쏙옙占쏙옙,monster,[],[],[],,,no-client-grade-schedule,,,none,no-legacy-twin,contested,not-established,advancement-gating-metadata-not-skill-grade-budget,No level or maximum-grade schedule is present in the client record; monster/runtime grade selection is server-side.,bango-file,jobsystem.dat,6511
monster-116,1,占쏙옙占쏙옙,monster,[],[],[],,,no-client-grade-schedule,,,none,no-legacy-twin,contested,not-established,advancement-gating-metadata-not-skill-grade-budget,No level or maximum-grade schedule is present in the client record; monster/runtime grade selection is server-side.,bango-file,jobsystem.dat,6513
monster-117,1,占쏙옙占쏙림,monster,[],[],[],,,no-client-grade-schedule,,,none,no-legacy-twin,contested,not-established,advancement-gating-metadata-not-skill-grade-budget,No level or maximum-grade schedule is present in the client record; monster/runtime grade selection is server-side.,bango-file,jobsystem.dat,6514
monster-118,1,占쏙옙占쏙옙占\xbd? 占쏙옙占쏙옙,monster,[],[],[],,,no-client-grade-schedule,,,none,no-legacy-twin,contested,not-established,advancement-gating-metadata-not-skill-grade-budget,No level or maximum-grade schedule is present in the client record; monster/runtime grade selection is server-side.,bango-file,jobsystem.dat,6515
monster-119,1,占쏙옙占쏙옙,monster,[],[],[],,,no-client-grade-schedule,,,none,no-legacy-twin,contested,not-established,advancement-gating-metadata-not-skill-grade-budget,No level or maximum-grade schedule is present in the client record; monster/runtime grade selection is server-side.,bango-file,jobsystem.dat,6516
monster-120,1,占쌀바댐옙,monster,[],[],[],,,no-client-grade-schedule,,,none,no-legacy-twin,contested,not-established,advancement-gating-metadata-not-skill-grade-budget,No level or maximum-grade schedule is present in the client record; monster/runtime grade selection is server-side.,bango-file,jobsystem.dat,6517
monster-121,1,占쏙옙占쏙옙占쏙옙占쏙옙 占쏙옙占쏙옙 짝占쏙옙,monster,[],[],[],,,no-client-grade-schedule,,,none,no-legacy-twin,contested,not-established,advancement-gating-metadata-not-skill-grade-budget,No level or maximum-grade schedule is present in the client record; monster/runtime grade selection is server-side.,bango-file,jobsystem.dat,6519
monster-122,1,占쏙옙占쏙옙占쏙옙 칼占쏙옙,monster,[],[],[],,,no-client-grade-schedule,,,none,no-legacy-twin,contested,not-established,advancement-gating-metadata-not-skill-grade-budget,No level or maximum-grade schedule is present in the client record; monster/runtime grade selection is server-side.,bango-file,jobsystem.dat,6520
monster-123,1,占싣몌옙占쌓띰옙,monster,[],[],[],,,no-client-grade-schedule,,,none,no-legacy-twin,contested,not-established,advancement-gating-metadata-not-skill-grade-budget,No level or maximum-grade schedule is present in the client record; monster/runtime grade selection is server-side.,bango-file,jobsystem.dat,6521
monster-124,1,占쏙옙占쏙옙,monster,[],[],[],,,no-client-grade-schedule,,,none,no-legacy-twin,contested,not-established,advancement-gating-metadata-not-skill-grade-budget,No level or maximum-grade schedule is present in the client record; monster/runtime grade selection is server-side.,bango-file,jobsystem.dat,6523
monster-125,1,占쏙옙호占쏙옙 占쏙옙환,monster,[],[],[],,,no-client-grade-schedule,,,none,no-legacy-twin,contested,not-established,advancement-gating-metadata-not-skill-grade-budget,No level or maximum-grade schedule is present in the client record; monster/runtime grade selection is server-side.,bango-file,jobsystem.dat,6524
monster-126,1,"占쏙옙占쏙옙占\xbd?-占싱쇽옙, 회占쏙옙",monster,[],[],[],,,no-client-grade-schedule,,,none,no-legacy-twin,contested,not-established,advancement-gating-metadata-not-skill-grade-budget,No level or maximum-grade schedule is present in the client record; monster/runtime grade selection is server-side.,bango-file,jobsystem.dat,6525
monster-127,1,占쏙옙占쏙옙占쏙옙 占쏙옙환,monster,[],[],[],,,no-client-grade-schedule,,,none,no-legacy-twin,contested,not-established,advancement-gating-metadata-not-skill-grade-budget,No level or maximum-grade schedule is present in the client record; monster/runtime grade selection is server-side.,bango-file,jobsystem.dat,6526
monster-128,1,占쏙옙화,monster,[],[],[],,,no-client-grade-schedule,,,none,no-legacy-twin,contested,not-established,advancement-gating-metadata-not-skill-grade-budget,No level or maximum-grade schedule is present in the client record; monster/runtime grade selection is server-side.,bango-file,jobsystem.dat,6528
monster-129,1,占쏙옙환,monster,[],[],[],,,no-client-grade-schedule,,,none,no-legacy-twin,contested,not-established,advancement-gating-metadata-not-skill-grade-budget,No level or maximum-grade schedule is present in the client record; monster/runtime grade selection is server-side.,bango-file,jobsystem.dat,6529
monster-130,1,占쏙옙호占쏙옙,monster,[],[],[],,,no-client-grade-schedule,,,none,no-legacy-twin,contested,not-established,advancement-gating-metadata-not-skill-grade-budget,No level or maximum-grade schedule is present in the client record; monster/runtime grade selection is server-side.,bango-file,jobsystem.dat,6530
monster-131,1,占쏙옙占쏙옙 占쏙옙화(占쏙옙占쏙옙),monster,[],[],[],,,no-client-grade-schedule,,,none,no-legacy-twin,contested,not-established,advancement-gating-metadata-not-skill-grade-budget,No level or maximum-grade schedule is present in the client record; monster/runtime grade selection is server-side.,bango-file,jobsystem.dat,6531
monster-132,1,占쏙옙占쏙옙 占쏙옙화(占쏙옙占\xbd?),monster,[],[],[],,,no-client-grade-schedule,,,none,no-legacy-twin,contested,not-established,advancement-gating-metadata-not-skill-grade-budget,No level or maximum-grade schedule is present in the client record; monster/runtime grade selection is server-side.,bango-file,jobsystem.dat,6532
monster-134,1,占쎌슨 칼占쏙옙,monster,[],[],[],,,no-client-grade-schedule,,,none,no-legacy-twin,contested,not-established,advancement-gating-metadata-not-skill-grade-budget,No level or maximum-grade schedule is present in the client record; monster/runtime grade selection is server-side.,bango-file,jobsystem.dat,6534
monster-135,1,占쏙옙占쏙옙 占쏙옙占쏙옙,monster,[],[],[],,,no-client-grade-schedule,,,none,no-legacy-twin,contested,not-established,advancement-gating-metadata-not-skill-grade-budget,No level or maximum-grade schedule is present in the client record; monster/runtime grade selection is server-side.,bango-file,jobsystem.dat,6535
monster-136,1,占쏙옙占쏙옙占\xbd?,monster,[],[],[],,,no-client-grade-schedule,,,none,no-legacy-twin,contested,not-established,advancement-gating-metadata-not-skill-grade-budget,No level or maximum-grade schedule is present in the client record; monster/runtime grade selection is server-side.,bango-file,jobsystem.dat,6536
monster-137,1,占쏙옙철화占쏙옙,monster,[],[],[],,,no-client-grade-schedule,,,none,no-legacy-twin,contested,not-established,advancement-gating-metadata-not-skill-grade-budget,No level or maximum-grade schedule is present in the client record; monster/runtime grade selection is server-side.,bango-file,jobsystem.dat,6537
monster-138,1,화占쏙옙 占싻삼옙,monster,[],[],[],,,no-client-grade-schedule,,,none,no-legacy-twin,contested,not-established,advancement-gating-metadata-not-skill-grade-budget,No level or maximum-grade schedule is present in the client record; monster/runtime grade selection is server-side.,bango-file,jobsystem.dat,6538
monster-139,1,화占쏙옙 占싻쇽옙,monster,[],[],[],,,no-client-grade-schedule,,,none,no-legacy-twin,contested,not-established,advancement-gating-metadata-not-skill-grade-budget,No level or maximum-grade schedule is present in the client record; monster/runtime grade selection is server-side.,bango-file,jobsystem.dat,6539
monster-140,1,占쏙옙占쏙옙 占싻쇽옙,monster,[],[],[],,,no-client-grade-schedule,,,none,no-legacy-twin,contested,not-established,advancement-gating-metadata-not-skill-grade-budget,No level or maximum-grade schedule is present in the client record; monster/runtime grade selection is server-side.,bango-file,jobsystem.dat,6540
monster-141,1,占쏙옙占쏙옙 占싻쇽옙,monster,[],[],[],,,no-client-grade-schedule,,,none,no-legacy-twin,contested,not-established,advancement-gating-metadata-not-skill-grade-budget,No level or maximum-grade schedule is present in the client record; monster/runtime grade selection is server-side.,bango-file,jobsystem.dat,6541
monster-142,1,占쏙옙치 占싱듸옙,monster,[],[],[],,,no-client-grade-schedule,,,none,no-legacy-twin,contested,not-established,advancement-gating-metadata-not-skill-grade-budget,No level or maximum-grade schedule is present in the client record; monster/runtime grade selection is server-side.,bango-file,jobsystem.dat,6542
monster-143,1,占쏙옙占싶쇽옙환,monster,[],[],[],,,no-client-grade-schedule,,,none,no-legacy-twin,contested,not-established,advancement-gating-metadata-not-skill-grade-budget,No level or maximum-grade schedule is present in the client record; monster/runtime grade selection is server-side.,bango-file,jobsystem.dat,6543
monster-144,1,占쏙옙占쏙옙,monster,[],[],[],,,no-client-grade-schedule,,,none,no-legacy-twin,contested,not-established,advancement-gating-metadata-not-skill-grade-budget,No level or maximum-grade schedule is present in the client record; monster/runtime grade selection is server-side.,bango-file,jobsystem.dat,6544
monster-145,1,占식욕감占쏙옙,monster,[],[],[],,,no-client-grade-schedule,,,none,no-legacy-twin,contested,not-established,advancement-gating-metadata-not-skill-grade-budget,No level or maximum-grade schedule is present in the client record; monster/runtime grade selection is server-side.,bango-file,jobsystem.dat,6545
monster-146,1,占쏙옙占쏙옙占쌀바댐옙,monster,[],[],[],,,no-client-grade-schedule,,,none,no-legacy-twin,contested,not-established,advancement-gating-metadata-not-skill-grade-budget,No level or maximum-grade schedule is present in the client record; monster/runtime grade selection is server-side.,bango-file,jobsystem.dat,6546
monster-155,1,占쏙옙占쏙옙,monster,[],[],[],,,no-client-grade-schedule,,,none,no-legacy-twin,contested,not-established,advancement-gating-metadata-not-skill-grade-budget,No level or maximum-grade schedule is present in the client record; monster/runtime grade selection is server-side.,bango-file,jobsystem.dat,6550
monster-156,1,占쏙옙占\xbd?,monster,[],[],[],,,no-client-grade-schedule,,,none,no-legacy-twin,contested,not-established,advancement-gating-metadata-not-skill-grade-budget,No level or maximum-grade schedule is present in the client record; monster/runtime grade selection is server-side.,bango-file,jobsystem.dat,6553
monster-157,1,占쏙옙占쏙림,monster,[],[],[],,,no-client-grade-schedule,,,none,no-legacy-twin,contested,not-established,advancement-gating-metadata-not-skill-grade-budget,No level or maximum-grade schedule is present in the client record; monster/runtime grade selection is server-side.,bango-file,jobsystem.dat,6554
monster-158,1,占쏙옙占쏙옙占\xbd? 占쏙옙占쏙옙,monster,[],[],[],,,no-client-grade-schedule,,,none,no-legacy-twin,contested,not-established,advancement-gating-metadata-not-skill-grade-budget,No level or maximum-grade schedule is present in the client record; monster/runtime grade selection is server-side.,bango-file,jobsystem.dat,6557
monster-159,1,占쏙옙占쏙옙,monster,[],[],[],,,no-client-grade-schedule,,,none,no-legacy-twin,contested,not-established,advancement-gating-metadata-not-skill-grade-budget,No level or maximum-grade schedule is present in the client record; monster/runtime grade selection is server-side.,bango-file,jobsystem.dat,6558
monster-160,1,占쏙옙占쏙옙화,monster,[],[],[],,,no-client-grade-schedule,,,none,no-legacy-twin,contested,not-established,advancement-gating-metadata-not-skill-grade-budget,No level or maximum-grade schedule is present in the client record; monster/runtime grade selection is server-side.,bango-file,jobsystem.dat,6561
monster-161,1,占쏙옙占쏙옙占쏙옙占쏙옙,monster,[],[],[],,,no-client-grade-schedule,,,none,no-legacy-twin,contested,not-established,advancement-gating-metadata-not-skill-grade-budget,No level or maximum-grade schedule is present in the client record; monster/runtime grade selection is server-side.,bango-file,jobsystem.dat,6564
monster-162,1,占썸돌,monster,[],[],[],,,no-client-grade-schedule,,,none,no-legacy-twin,contested,not-established,advancement-gating-metadata-not-skill-grade-budget,No level or maximum-grade schedule is present in the client record; monster/runtime grade selection is server-side.,bango-file,jobsystem.dat,6567
monster-163,1,占쎌갗占쏙옙占쏙옙,monster,[],[],[],,,no-client-grade-schedule,,,none,no-legacy-twin,contested,not-established,advancement-gating-metadata-not-skill-grade-budget,No level or maximum-grade schedule is present in the client record; monster/runtime grade selection is server-side.,bango-file,jobsystem.dat,6570
monster-164,1,占싱삼옙 占싹곤옙,monster,[],[],[],,,no-client-grade-schedule,,,none,no-legacy-twin,contested,not-established,advancement-gating-metadata-not-skill-grade-budget,No level or maximum-grade schedule is present in the client record; monster/runtime grade selection is server-side.,bango-file,jobsystem.dat,6573
monster-165,1,占쏙옙침,monster,[],[],[],,,no-client-grade-schedule,,,none,no-legacy-twin,contested,not-established,advancement-gating-metadata-not-skill-grade-budget,No level or maximum-grade schedule is present in the client record; monster/runtime grade selection is server-side.,bango-file,jobsystem.dat,6576
monster-166,1,占쌍몌옙,monster,[],[],[],,,no-client-grade-schedule,,,none,no-legacy-twin,contested,not-established,advancement-gating-metadata-not-skill-grade-budget,No level or maximum-grade schedule is present in the client record; monster/runtime grade selection is server-side.,bango-file,jobsystem.dat,6579
monster-167,1,占쏙옙占쏙옙占쏙옙,monster,[],[],[],,,no-client-grade-schedule,,,none,no-legacy-twin,contested,not-established,advancement-gating-metadata-not-skill-grade-budget,No level or maximum-grade schedule is present in the client record; monster/runtime grade selection is server-side.,bango-file,jobsystem.dat,6582
monster-168,1,占쌨쇽옙 占싹곤옙,monster,[],[],[],,,no-client-grade-schedule,,,none,no-legacy-twin,contested,not-established,advancement-gating-metadata-not-skill-grade-budget,No level or maximum-grade schedule is present in the client record; monster/runtime grade selection is server-side.,bango-file,jobsystem.dat,6583
monster-169,1,占쏙옙占쏙옙占쏙옙 占쏙옙占쏙옙,monster,[],[],[],,,no-client-grade-schedule,,,none,no-legacy-twin,contested,not-established,advancement-gating-metadata-not-skill-grade-budget,No level or maximum-grade schedule is present in the client record; monster/runtime grade selection is server-side.,bango-file,jobsystem.dat,6586
monster-170,1,占쏙옙占쏙옙 占쏘르占쏙옙,monster,[],[],[],,,no-client-grade-schedule,,,none,no-legacy-twin,contested,not-established,advancement-gating-metadata-not-skill-grade-budget,No level or maximum-grade schedule is present in the client record; monster/runtime grade selection is server-side.,bango-file,jobsystem.dat,6589
monster-171,1,占쏙옙占쏙옙화,monster,[],[],[],,,no-client-grade-schedule,,,none,no-legacy-twin,contested,not-established,advancement-gating-metadata-not-skill-grade-budget,No level or maximum-grade schedule is present in the client record; monster/runtime grade selection is server-side.,bango-file,jobsystem.dat,6592
monster-172,1,홀占쏙옙占쏙옙,monster,[],[],[],,,no-client-grade-schedule,,,none,no-legacy-twin,contested,not-established,advancement-gating-metadata-not-skill-grade-budget,No level or maximum-grade schedule is present in the client record; monster/runtime grade selection is server-side.,bango-file,jobsystem.dat,6595
monster-173,1,占쏙옙占쏙옙占쏙옙 占싹곤옙,monster,[],[],[],,,no-client-grade-schedule,,,none,no-legacy-twin,contested,not-established,advancement-gating-metadata-not-skill-grade-budget,No level or maximum-grade schedule is present in the client record; monster/runtime grade selection is server-side.,bango-file,jobsystem.dat,6597
monster-174,1,占싫몌옙 占쏙옙타,monster,[],[],[],,,no-client-grade-schedule,,,none,no-legacy-twin,contested,not-established,advancement-gating-metadata-not-skill-grade-budget,No level or maximum-grade schedule is present in the client record; monster/runtime grade selection is server-side.,bango-file,jobsystem.dat,6599
monster-175,1,占쏙옙占쏙옙 占쏙옙占\xbd?,monster,[],[],[],,,no-client-grade-schedule,,,none,no-legacy-twin,contested,not-established,advancement-gating-metadata-not-skill-grade-budget,No level or maximum-grade schedule is present in the client record; monster/runtime grade selection is server-side.,bango-file,jobsystem.dat,6602
monster-176,1,占쏙옙占쏙옙 占쏙옙환,monster,[],[],[],,,no-client-grade-schedule,,,none,no-legacy-twin,contested,not-established,advancement-gating-metadata-not-skill-grade-budget,No level or maximum-grade schedule is present in the client record; monster/runtime grade selection is server-side.,bango-file,jobsystem.dat,6603
monster-177,1,占쏙옙占쏙옙풍,monster,[],[],[],,,no-client-grade-schedule,,,none,no-legacy-twin,contested,not-established,advancement-gating-metadata-not-skill-grade-budget,No level or maximum-grade schedule is present in the client record; monster/runtime grade selection is server-side.,bango-file,jobsystem.dat,6604
monster-178,1,占쏙옙占쏙옙占쏙옙 占쏙옙占쏙옙,monster,[],[],[],,,no-client-grade-schedule,,,none,no-legacy-twin,contested,not-established,advancement-gating-metadata-not-skill-grade-budget,No level or maximum-grade schedule is present in the client record; monster/runtime grade selection is server-side.,bango-file,jobsystem.dat,6605
monster-179,1,占쏙옙환占쏙옙 占쏙옙환,monster,[],[],[],,,no-client-grade-schedule,,,none,no-legacy-twin,contested,not-established,advancement-gating-metadata-not-skill-grade-budget,No level or maximum-grade schedule is present in the client record; monster/runtime grade selection is server-side.,bango-file,jobsystem.dat,6608
monster-180,1,占쏙옙占쏙옙占쏙옙 占쏙옙(占쏙옙),monster,[],[],[],,,no-client-grade-schedule,,,none,no-legacy-twin,contested,not-established,advancement-gating-metadata-not-skill-grade-budget,No level or maximum-grade schedule is present in the client record; monster/runtime grade selection is server-side.,bango-file,jobsystem.dat,6611
monster-181,1,占싶듸옙占쏙옙占쏙옙(占쏙옙),monster,[],[],[],,,no-client-grade-schedule,,,none,no-legacy-twin,contested,not-established,advancement-gating-metadata-not-skill-grade-budget,No level or maximum-grade schedule is present in the client record; monster/runtime grade selection is server-side.,bango-file,jobsystem.dat,6612
monster-182,1,화占쏙옙占쏙옙(占쏙옙),monster,[],[],[],,,no-client-grade-schedule,,,none,no-legacy-twin,contested,not-established,advancement-gating-metadata-not-skill-grade-budget,No level or maximum-grade schedule is present in the client record; monster/runtime grade selection is server-side.,bango-file,jobsystem.dat,6613
monster-183,1,占쏙옙占쏙옙占쏙옙 占쏙옙(占쏙옙),monster,[],[],[],,,no-client-grade-schedule,,,none,no-legacy-twin,contested,not-established,advancement-gating-metadata-not-skill-grade-budget,No level or maximum-grade schedule is present in the client record; monster/runtime grade selection is server-side.,bango-file,jobsystem.dat,6614
monster-184,1,占싶듸옙占쏙옙占쏙옙(占쏙옙),monster,[],[],[],,,no-client-grade-schedule,,,none,no-legacy-twin,contested,not-established,advancement-gating-metadata-not-skill-grade-budget,No level or maximum-grade schedule is present in the client record; monster/runtime grade selection is server-side.,bango-file,jobsystem.dat,6615
monster-185,1,화占쏙옙占쏙옙(占쏙옙),monster,[],[],[],,,no-client-grade-schedule,,,none,no-legacy-twin,contested,not-established,advancement-gating-metadata-not-skill-grade-budget,No level or maximum-grade schedule is present in the client record; monster/runtime grade selection is server-side.,bango-file,jobsystem.dat,6616
monster-186,1,占쏙옙占쏙옙占쏙옙 占쏙옙(占쏙옙),monster,[],[],[],,,no-client-grade-schedule,,,none,no-legacy-twin,contested,not-established,advancement-gating-metadata-not-skill-grade-budget,No level or maximum-grade schedule is present in the client record; monster/runtime grade selection is server-side.,bango-file,jobsystem.dat,6617
monster-187,1,占싶듸옙占쏙옙占쏙옙(占쏙옙),monster,[],[],[],,,no-client-grade-schedule,,,none,no-legacy-twin,contested,not-established,advancement-gating-metadata-not-skill-grade-budget,No level or maximum-grade schedule is present in the client record; monster/runtime grade selection is server-side.,bango-file,jobsystem.dat,6618
monster-188,1,화占쏙옙占쏙옙(占쏙옙),monster,[],[],[],,,no-client-grade-schedule,,,none,no-legacy-twin,contested,not-established,advancement-gating-metadata-not-skill-grade-budget,No level or maximum-grade schedule is present in the client record; monster/runtime grade selection is server-side.,bango-file,jobsystem.dat,6619
monster-190,1,占쏘쓰占쏙옙占쏙옙크,monster,[],[],[],,,no-client-grade-schedule,,,none,no-legacy-twin,contested,not-established,advancement-gating-metadata-not-skill-grade-budget,No level or maximum-grade schedule is present in the client record; monster/runtime grade selection is server-side.,bango-file,jobsystem.dat,6623
monster-191,1,占쏙옙환,monster,[],[],[],,,no-client-grade-schedule,,,none,no-legacy-twin,contested,not-established,advancement-gating-metadata-not-skill-grade-budget,No level or maximum-grade schedule is present in the client record; monster/runtime grade selection is server-side.,bango-file,jobsystem.dat,6624
monster-192,1,占싹울링,monster,[],[],[],,,no-client-grade-schedule,,,none,no-legacy-twin,contested,not-established,advancement-gating-metadata-not-skill-grade-budget,No level or maximum-grade schedule is present in the client record; monster/runtime grade selection is server-side.,bango-file,jobsystem.dat,6625
monster-193,1,占쏙옙효,monster,[],[],[],,,no-client-grade-schedule,,,none,no-legacy-twin,contested,not-established,advancement-gating-metadata-not-skill-grade-budget,No level or maximum-grade schedule is present in the client record; monster/runtime grade selection is server-side.,bango-file,jobsystem.dat,6630
monster-194,1,占쏙옙타,monster,[],[],[],,,no-client-grade-schedule,,,none,no-legacy-twin,contested,not-established,advancement-gating-metadata-not-skill-grade-budget,No level or maximum-grade schedule is present in the client record; monster/runtime grade selection is server-side.,bango-file,jobsystem.dat,6631
monster-195,1,占식뤄옙치占쏙옙,monster,[],[],[],,,no-client-grade-schedule,,,none,no-legacy-twin,contested,not-established,advancement-gating-metadata-not-skill-grade-budget,No level or maximum-grade schedule is present in the client record; monster/runtime grade selection is server-side.,bango-file,jobsystem.dat,6635
monster-196,1,占썹날占실곤옙,monster,[],[],[],,,no-client-grade-schedule,,,none,no-legacy-twin,contested,not-established,advancement-gating-metadata-not-skill-grade-budget,No level or maximum-grade schedule is present in the client record; monster/runtime grade selection is server-side.,bango-file,jobsystem.dat,6636
monster-200,1,占쏙옙환占쏙옙,monster,[],[],[],,,no-client-grade-schedule,,,none,no-legacy-twin,contested,not-established,advancement-gating-metadata-not-skill-grade-budget,No level or maximum-grade schedule is present in the client record; monster/runtime grade selection is server-side.,bango-file,jobsystem.dat,6640
monster-201,1,占쏙옙환占쏙옙,monster,[],[],[],,,no-client-grade-schedule,,,none,no-legacy-twin,contested,not-established,advancement-gating-metadata-not-skill-grade-budget,No level or maximum-grade schedule is present in the client record; monster/runtime grade selection is server-side.,bango-file,jobsystem.dat,6641
monster-202,1,占쏙옙환占쏙옙,monster,[],[],[],,,no-client-grade-schedule,,,none,no-legacy-twin,contested,not-established,advancement-gating-metadata-not-skill-grade-budget,No level or maximum-grade schedule is present in the client record; monster/runtime grade selection is server-side.,bango-file,jobsystem.dat,6642
monster-203,1,占쏙옙환占쏙옙,monster,[],[],[],,,no-client-grade-schedule,,,none,no-legacy-twin,contested,not-established,advancement-gating-metadata-not-skill-grade-budget,No level or maximum-grade schedule is present in the client record; monster/runtime grade selection is server-side.,bango-file,jobsystem.dat,6644
monster-204,1,占쏙옙환占쏙옙,monster,[],[],[],,,no-client-grade-schedule,,,none,no-legacy-twin,contested,not-established,advancement-gating-metadata-not-skill-grade-budget,No level or maximum-grade schedule is present in the client record; monster/runtime grade selection is server-side.,bango-file,jobsystem.dat,6645
monster-213,1,占쌓몌옙占쏙옙 占쏙옙占쏙옙,monster,[],[],[],,,no-client-grade-schedule,,,none,no-legacy-twin,contested,not-established,advancement-gating-metadata-not-skill-grade-budget,No level or maximum-grade schedule is present in the client record; monster/runtime grade selection is server-side.,bango-file,jobsystem.dat,6648
monster-214,1,占쏙옙占쏙옙占쏙옙 占시쇽옙,monster,[],[],[],,,no-client-grade-schedule,,,none,no-legacy-twin,contested,not-established,advancement-gating-metadata-not-skill-grade-budget,No level or maximum-grade schedule is present in the client record; monster/runtime grade selection is server-side.,bango-file,jobsystem.dat,6649
monster-215,1,占쏙옙占쏙옙 占쏙옙占쏙옙 占쏙옙占쏙옙,monster,[],[],[],,,no-client-grade-schedule,,,none,no-legacy-twin,contested,not-established,advancement-gating-metadata-not-skill-grade-budget,No level or maximum-grade schedule is present in the client record; monster/runtime grade selection is server-side.,bango-file,jobsystem.dat,6650
monster-216,1,Single Stun,monster,[],[],[],,,no-client-grade-schedule,,,none,no-legacy-twin,contested,not-established,advancement-gating-metadata-not-skill-grade-budget,No level or maximum-grade schedule is present in the client record; monster/runtime grade selection is server-side.,bango-file,jobsystem.dat,6654
monster-217,1,Single Stun,monster,[],[],[],,,no-client-grade-schedule,,,none,no-legacy-twin,contested,not-established,advancement-gating-metadata-not-skill-grade-budget,No level or maximum-grade schedule is present in the client record; monster/runtime grade selection is server-side.,bango-file,jobsystem.dat,6656
monster-218,1,Rampage,monster,[],[],[],,,no-client-grade-schedule,,,none,no-legacy-twin,contested,not-established,advancement-gating-metadata-not-skill-grade-budget,No level or maximum-grade schedule is present in the client record; monster/runtime grade selection is server-side.,bango-file,jobsystem.dat,6658
monster-219,1,Incising,monster,[],[],[],,,no-client-grade-schedule,,,none,no-legacy-twin,contested,not-established,advancement-gating-metadata-not-skill-grade-budget,No level or maximum-grade schedule is present in the client record; monster/runtime grade selection is server-side.,bango-file,jobsystem.dat,6660
monster-220,1,Incising,monster,[],[],[],,,no-client-grade-schedule,,,none,no-legacy-twin,contested,not-established,advancement-gating-metadata-not-skill-grade-budget,No level or maximum-grade schedule is present in the client record; monster/runtime grade selection is server-side.,bango-file,jobsystem.dat,6662
monster-221,1,Multiple stun,monster,[],[],[],,,no-client-grade-schedule,,,none,no-legacy-twin,contested,not-established,advancement-gating-metadata-not-skill-grade-budget,No level or maximum-grade schedule is present in the client record; monster/runtime grade selection is server-side.,bango-file,jobsystem.dat,6664
monster-222,1,占쏙옙占쏙림,monster,[],[],[],,,no-client-grade-schedule,,,none,no-legacy-twin,contested,not-established,advancement-gating-metadata-not-skill-grade-budget,No level or maximum-grade schedule is present in the client record; monster/runtime grade selection is server-side.,bango-file,jobsystem.dat,6668
monster-223,1,占쏙옙占쌘쇽옙,monster,[],[],[],,,no-client-grade-schedule,,,none,no-legacy-twin,contested,not-established,advancement-gating-metadata-not-skill-grade-budget,No level or maximum-grade schedule is present in the client record; monster/runtime grade selection is server-side.,bango-file,jobsystem.dat,6670
monster-224,1,占싫몌옙 占쏙옙타,monster,[],[],[],,,no-client-grade-schedule,,,none,no-legacy-twin,contested,not-established,advancement-gating-metadata-not-skill-grade-budget,No level or maximum-grade schedule is present in the client record; monster/runtime grade selection is server-side.,bango-file,jobsystem.dat,6672
monster-225,1,占썸돌,monster,[],[],[],,,no-client-grade-schedule,,,none,no-legacy-twin,contested,not-established,advancement-gating-metadata-not-skill-grade-budget,No level or maximum-grade schedule is present in the client record; monster/runtime grade selection is server-side.,bango-file,jobsystem.dat,6675
monster-226,1,占썸돌,monster,[],[],[],,,no-client-grade-schedule,,,none,no-legacy-twin,contested,not-established,advancement-gating-metadata-not-skill-grade-budget,No level or maximum-grade schedule is present in the client record; monster/runtime grade selection is server-side.,bango-file,jobsystem.dat,6676
monster-227,1,占썸돌,monster,[],[],[],,,no-client-grade-schedule,,,none,no-legacy-twin,contested,not-established,advancement-gating-metadata-not-skill-grade-budget,No level or maximum-grade schedule is present in the client record; monster/runtime grade selection is server-side.,bango-file,jobsystem.dat,6677
monster-228,1,占썸돌,monster,[],[],[],,,no-client-grade-schedule,,,none,no-legacy-twin,contested,not-established,advancement-gating-metadata-not-skill-grade-budget,No level or maximum-grade schedule is present in the client record; monster/runtime grade selection is server-side.,bango-file,jobsystem.dat,6680
monster-229,1,占썸돌,monster,[],[],[],,,no-client-grade-schedule,,,none,no-legacy-twin,contested,not-established,advancement-gating-metadata-not-skill-grade-budget,No level or maximum-grade schedule is present in the client record; monster/runtime grade selection is server-side.,bango-file,jobsystem.dat,6681
monster-230,1,占썸돌,monster,[],[],[],,,no-client-grade-schedule,,,none,no-legacy-twin,contested,not-established,advancement-gating-metadata-not-skill-grade-budget,No level or maximum-grade schedule is present in the client record; monster/runtime grade selection is server-side.,bango-file,jobsystem.dat,6684
monster-234,1,占썸돌,monster,[],[],[],,,no-client-grade-schedule,,,none,no-legacy-twin,contested,not-established,advancement-gating-metadata-not-skill-grade-budget,No level or maximum-grade schedule is present in the client record; monster/runtime grade selection is server-side.,bango-file,jobsystem.dat,6686
monster-235,1,占식뤄옙치占쏙옙,monster,[],[],[],,,no-client-grade-schedule,,,none,no-legacy-twin,contested,not-established,advancement-gating-metadata-not-skill-grade-budget,No level or maximum-grade schedule is present in the client record; monster/runtime grade selection is server-side.,bango-file,jobsystem.dat,6689
monster-236,1,占식뤄옙치占쏙옙,monster,[],[],[],,,no-client-grade-schedule,,,none,no-legacy-twin,contested,not-established,advancement-gating-metadata-not-skill-grade-budget,No level or maximum-grade schedule is present in the client record; monster/runtime grade selection is server-side.,bango-file,jobsystem.dat,6692
