sk_megn,sk_type,sk_poz,sk_desc,sk_order,sk_pic,sk_lvl,sk_pre,sk_form,sk_pars,sk_maxpars,sk_mana,sk_charge,sk_coold,sk_range,sk_lasting,sk_honor,bango_key,bango_definition_ordinal,bango_limit_json,bango_action_json,bango_level_json,bango_grade_json,bango_maxlevel_json,bango_type_json,bango_property_json,bango_parameters_json,bango_parameter_rpn_json,bango_compares_json,bango_mana_rpn_json,bango_range_rpn_json,bango_cast_ms_rpn_json,bango_cooldown_ms_rpn_json,bango_compare_label_status_json,bango_conditions_json,bango_record_json,provenance,source_file,source_line
Rest,2,,#nSit down for recovering health and energy.#nHotkey: X,,action002,,,,,,,0,0,,,,common-11,1,[],"[""11""]","[""1""]","[""1"",""1""]","[""3"",""0""]","[""active"",""once""]","[""0"",""0"",""1"",""0"",""9"",""0"",""0"",""0""]",[],[],"[[""compare"",""3"",""0""],[""compare"",""4"",""0""]]",[],[],"[""0""]","[""0""]","{""3"":""unverified-for-class"",""4"":""unverified-for-class""}",[],"[""skill"",[""key"",""common-11""],[""action"",""11""],[""index"",""11""],[""image"",""action002""],[""name"",""Rest""],[""desc"",""#nSit down for recovering health and energy.#nHotkey: X""],[""level"",""1""],[""grade"",""1"",""1""],[""maxlevel"",""3"",""0""],[""type"",""active"",""once""],[""compare"",""3"",""0""],[""compare"",""4"",""0""],[""battleride"",""0""],[""property"",""0"",""0"",""1"",""0"",""9"",""0"",""0"",""0""]]",bango-file,jobsystem.dat,53
Run,,,#nMove faster than normal#nand you can escape from the danger.#nHotkey: Z,,active002,,,,,,6,,,,,,common-0,1,[],"[""0""]",[],[],"[""1""]","[""chant"",""once""]","[""0"",""0"",""1"",""0"",""9"",""0"",""0"",""0""]",[],[],"[[""compare"",""1"",""6""]]","[""6""]",[],[],[],"{""1"":""verified-ability-text-and-gitbook""}",[],"[""skill"",[""key"",""common-0""],[""action"",""0""],[""name"",""Run""],[""index"",""0""],[""image"",""active002""],[""desc"",""#nMove faster than normal#nand you can escape from the danger.#nHotkey: Z""],[""type"",""chant"",""once""],[""compare"",""1"",""6""],[""maxlevel"",""1""],[""battleride"",""0""],[""property"",""0"",""0"",""1"",""0"",""9"",""0"",""0"",""0""]]",bango-file,jobsystem.dat,68
Beheading,2,,#nCut the demon's neck#n for eternal rest#nRecovers health and energy.,,active001,,,,,,,0,700,32,,,common-1,1,[],"[""1""]",[],[],"[""1""]","[""active"",""use""]","[""0"",""0"",""1"",""0"",""9"",""0"",""5"",""0""]",[],[],"[[""compare"",""2"",""32""],[""compare"",""3"",""0""],[""compare"",""4"",""700""]]",[],"[""32""]","[""0""]","[""700""]","{""2"":""unverified-for-class"",""3"":""unverified-for-class"",""4"":""unverified-for-class""}",[],"[""skill"",[""key"",""common-1""],[""action"",""1""],[""name"",""Beheading"",""Removing Soul""],[""index"",""1""],[""damagetype"",""1""],[""image"",""active001"",""active001-tin""],[""desc"",""#nCut the demon's neck#n for eternal rest#nRecovers health and energy."",""#nRemoves the demon's soul#nfor eternal rest#nRecovers health and energy.""],[""type"",""active"",""use""],[""compare"",""2"",""32""],[""compare"",""3"",""0""],[""compare"",""4"",""700""],[""motion"",""0"",""1"",""none""],[""battleride"",""1""],[""ridemotion"",""0"",""1"",""none""],[""effect"","""",""Skill_R_1_1"",""Skill_R_1_2""],[""maxlevel"",""1""],[""property"",""0"",""0"",""1"",""0"",""9"",""0"",""5"",""0""]]",bango-file,jobsystem.dat,81
Baby Transformation,,,#nTransForm to baby animal#nRage gauge of level 1 required,,sinsu001,,,,,,,1000,,,,,common-100,1,[],"[""200""]",[],[],"[""1""]","[""chant"",""once""]","[""0"",""0"",""1"",""0"",""0"",""0"",""0"",""0""]",[],[],"[[""compare"",""3"",""1000""]]",[],[],"[""1000""]",[],"{""3"":""unverified-for-class""}",[],"[""skill"",[""key"",""common-100""],[""action"",""200""],[""name"",""Baby Transformation""],[""index"",""200""],[""image"",""sinsu001""],[""desc"",""#nTransForm to baby animal#nRage gauge of level 1 required""],[""type"",""chant"",""once""],[""compare"",""3"",""1000""],[""maxlevel"",""1""],[""type"",""active"",""once""],[""motion"",""64"",""64"",""none""],[""battleride"",""0""],[""damagetype"",""0""],[""property"",""0"",""0"",""1"",""0"",""0"",""0"",""0"",""0""]]",bango-file,jobsystem.dat,109
Young Transformation,,,#nTransform to young adult#nRage gauge of level 2 required,,sinsu002,,,,,,,1000,,,,,common-101,1,[],"[""201""]",[],[],"[""1""]","[""chant"",""once""]","[""0"",""0"",""1"",""0"",""0"",""0"",""0"",""0""]",[],[],"[[""compare"",""3"",""1000""]]",[],[],"[""1000""]",[],"{""3"":""unverified-for-class""}",[],"[""skill"",[""key"",""common-101""],[""action"",""201""],[""name"",""Young Transformation""],[""index"",""201""],[""image"",""sinsu002""],[""desc"",""#nTransform to young adult#nRage gauge of level 2 required""],[""type"",""chant"",""once""],[""compare"",""3"",""1000""],[""maxlevel"",""1""],[""type"",""active"",""once""],[""motion"",""64"",""64"",""none""],[""battleride"",""0""],[""damagetype"",""0""],[""property"",""0"",""0"",""1"",""0"",""0"",""0"",""0"",""0""]]",bango-file,jobsystem.dat,125
Adult Transformation,,,#nTransform to ancient animal#nRage gauge of level 3 required,,sinsu003,,,,,,,1000,,,,,common-102,1,[],"[""202""]",[],[],"[""1""]","[""chant"",""once""]","[""0"",""0"",""1"",""0"",""0"",""0"",""0"",""0""]",[],[],"[[""compare"",""3"",""1000""]]",[],[],"[""1000""]",[],"{""3"":""unverified-for-class""}",[],"[""skill"",[""key"",""common-102""],[""action"",""202""],[""name"",""Adult Transformation""],[""index"",""202""],[""image"",""sinsu003""],[""desc"",""#nTransform to ancient animal#nRage gauge of level 3 required""],[""type"",""chant"",""once""],[""compare"",""3"",""1000""],[""maxlevel"",""1""],[""type"",""active"",""once""],[""motion"",""64"",""64"",""none""],[""battleride"",""0""],[""damagetype"",""0""],[""property"",""0"",""0"",""1"",""0"",""0"",""0"",""0"",""0""]]",bango-file,jobsystem.dat,141
Amogae Transformation,,,#nTransform to Amogae#nRage gauge of level 4 requred,,sinsu004,,,,,,,1000,,,,,common-103,1,[],"[""203""]",[],[],"[""1""]","[""chant"",""once""]","[""0"",""0"",""1"",""0"",""0"",""0"",""0"",""0""]",[],[],"[[""compare"",""3"",""1000""]]",[],[],"[""1000""]",[],"{""3"":""unverified-for-class""}",[],"[""skill"",[""key"",""common-103""],[""action"",""203""],[""index"",""203""],[""name"",""Amogae Transformation""],[""image"",""sinsu004""],[""maxlevel"",""1""],[""property"",""0"",""0"",""1"",""0"",""0"",""0"",""0"",""0""],[""type"",""chant"",""once""],[""type"",""active"",""once""],[""motion"",""64"",""64"",""none""],[""battleride"",""0""],[""damagetype"",""0""],[""compare"",""3"",""1000""],[""desc"",""#nTransform to Amogae#nRage gauge of level 4 requred""]]",bango-file,jobsystem.dat,157
Attack Power Up,1,,#nIncrease your basic Power.,,passive028,,,#nMax Attack + %1!d!#nMin Attack + %2!d!,,,,,,,,,thief-2,1,"[""thief""]","[""2""]","[""1"",""0""]","[""1"",""0""]","[""10"",""0""]","[""passive"",""etc""]","[""5"",""1"",""1"",""2"",""3"",""0"",""0"",""0""]","[[""parameter"",""1"",""skill_level""],[""parameter"",""2"",""skill_level""]]","[""skill_level"",""skill_level""]",[],[],[],[],[],{},[],"[""skill"",[""key"",""thief-2""],[""name"",""Attack Power Up""],[""limit"",""thief""],[""action"",""2""],[""image"",""passive028""],[""level"",""1"",""0""],[""grade"",""1"",""0""],[""maxlevel"",""10"",""0""],[""type"",""passive"",""etc""],[""property"",""5"",""1"",""1"",""2"",""3"",""0"",""0"",""0""],[""parameter"",""1"",""skill_level""],[""parameter"",""2"",""skill_level""],[""ability"",""#nMax Attack + %1!d!#nMin Attack + %2!d!""],[""desc"",""#nIncrease your basic Power.""]]",bango-file,jobsystem.dat,205
Increase Target Rate,1,,#nIncrease your basic Target Points,,passive029,,,#nOn Target Point + %1!d!,,,,,,,,,thief-3,1,"[""thief""]","[""3""]","[""5"",""0""]","[""1"",""0""]","[""10"",""0""]","[""passive"",""etc""]","[""5"",""1"",""1"",""2"",""3"",""0"",""0"",""0""]","[[""parameter"",""1"",[""mul"",""2"",""skill_level""]]]","[""2 skill_level *""]",[],[],[],[],[],{},[],"[""skill"",[""key"",""thief-3""],[""name"",""Increase Target Rate""],[""limit"",""thief""],[""action"",""3""],[""image"",""passive029""],[""level"",""5"",""0""],[""grade"",""1"",""0""],[""maxlevel"",""10"",""0""],[""type"",""passive"",""etc""],[""property"",""5"",""1"",""1"",""2"",""3"",""0"",""0"",""0""],[""parameter"",""1"",[""mul"",""2"",""skill_level""]],[""ability"",""#nOn Target Point + %1!d!""],[""desc"",""#nIncrease your basic Target Points""]]",bango-file,jobsystem.dat,206
Increase Critical Rate,1,,#nIncrease your basic Critical Attack Rate,,passive030,,,#nFatal attack percentage is increased : %1!d! %%,,,,,,,,,thief-4,1,"[""thief""]","[""4""]","[""19"",""0""]","[""1"",""0""]","[""10"",""0""]","[""passive"",""etc""]","[""5"",""1"",""1"",""2"",""3"",""0"",""0"",""0""]","[[""parameter"",""1"",""skill_level""]]","[""skill_level""]",[],[],[],[],[],{},[],"[""skill"",[""key"",""thief-4""],[""name"",""Increase Critical Rate""],[""limit"",""thief""],[""action"",""4""],[""image"",""passive030""],[""level"",""19"",""0""],[""grade"",""1"",""0""],[""maxlevel"",""10"",""0""],[""type"",""passive"",""etc""],[""property"",""5"",""1"",""1"",""2"",""3"",""0"",""0"",""0""],[""parameter"",""1"",""skill_level""],[""ability"",""#nFatal attack percentage is increased : %1!d! %%""],[""desc"",""#nIncrease your basic Critical Attack Rate""]]",bango-file,jobsystem.dat,207
Increase Critical Damage,1,,#nIncrease your basic Critical Attack damage.,,passive031,,,#n,,,,,,,,,thief-5,1,"[""thief""]","[""5""]","[""24"",""0""]","[""1"",""0""]","[""10"",""0""]","[""passive"",""etc""]","[""5"",""1"",""1"",""2"",""3"",""0"",""0"",""0""]",[],[],[],[],[],[],[],{},[],"[""skill"",[""key"",""thief-5""],[""name"",""Increase Critical Damage""],[""limit"",""thief""],[""action"",""5""],[""image"",""passive031""],[""level"",""24"",""0""],[""grade"",""1"",""0""],[""maxlevel"",""10"",""0""],[""type"",""passive"",""etc""],[""property"",""5"",""1"",""1"",""2"",""3"",""0"",""0"",""0""],[""ability"",""#n""],[""desc"",""#nIncrease your basic Critical Attack damage.""]]",bango-file,jobsystem.dat,208
Hiding,2,,#nConceal yourself from the detection of enemy. #nThis skill reduces your Movement.,,active134,,,#nMaintaining Time : %1!d!#nMove Speed  : 70 %%#nEnergy used : %2!d!,,,10 10 skill_level * +,0,60000,weapon_range,,,thief-6,1,"[""thief""]","[""6""]","[""15"",""0""]","[""1"",""0""]","[""3"",""0""]","[""active"",""once""]","[""5"",""1"",""1"",""1"",""3"",""0"",""0"",""0""]","[[""parameter"",""1"",[""plus"",""15"",[""mul"",""5"",""skill_level""]]],[""parameter"",""2"",[""plus"",""10"",[""mul"",""10"",""skill_level""]]]]","[""15 5 skill_level * +"",""10 10 skill_level * +""]","[[""compare"",""1"",[""plus"",""10"",[""mul"",""10"",""skill_level""]]],[""compare"",""2"",""weapon_range""],[""compare"",""3"",""0""],[""compare"",""4"",""60000""]]","[""10 10 skill_level * +""]","[""weapon_range""]","[""0""]","[""60000""]","{""1"":""verified-ability-text-and-gitbook"",""2"":""unverified-for-class"",""3"":""unverified-for-class"",""4"":""unverified-for-class""}",[],"[""skill"",[""key"",""thief-6""],[""name"",""Hiding""],[""battleride"",""0""],[""limit"",""thief""],[""action"",""6""],[""image"",""active134""],[""level"",""15"",""0""],[""grade"",""1"",""0""],[""maxlevel"",""3"",""0""],[""type"",""active"",""once""],[""property"",""5"",""1"",""1"",""1"",""3"",""0"",""0"",""0""],[""motion"",""0"",""0"",""none""],[""effect"","""","""",""""],[""sound"","""","""",""""],[""damagetype"",""0""],[""compare"",""1"",[""plus"",""10"",[""mul"",""10"",""skill_level""]]],[""compare"",""2"",""weapon_range""],[""compare"",""3"",""0""],[""compare"",""4"",""60000""],[""parameter"",""1"",[""plus"",""15"",[""mul"",""5"",""skill_level""]]],[""parameter"",""2"",[""plus"",""10"",[""mul"",""10"",""skill_level""]]],[""ability"",""#nMaintaining Time : %1!d!#nMove Speed  : 70 %%#nEnergy used : %2!d!""],[""desc"",""#nConceal yourself from the detection of enemy. #nThis skill reduces your Movement.""]]",bango-file,jobsystem.dat,209
Assault,2,,#nDeliver a powerful blow to an enemy.#ncan be used only while Hiding.,,active135,,,#nAdd Power : %1!d!#nOn Target Point : %2!d!#nFatal attack percentage is increased : 10 %%#nEnergy used : %3!d!,,,25 20 skill_level * +,0,30000,weapon_range,,,thief-7,1,"[""thief""]","[""7""]","[""19"",""0""]","[""1"",""0""]","[""5"",""0""]","[""active"",""use""]","[""5"",""1"",""0"",""1"",""0"",""0"",""5"",""0""]","[[""parameter"",""1"",[""plus"",""50"",[""div"",[""mul"",[""div"",[""mul"",""7"",""char_dex""],""4""],""skill_level""],""2""]]],[""parameter"",""2"",[""mul"",""2"",""skill_level""]],[""parameter"",""3"",[""plus"",""25"",[""mul"",""20"",""skill_level""]]]]","[""50 7 char_dex * 4 / skill_level * 2 / +"",""2 skill_level *"",""25 20 skill_level * +""]","[[""compare"",""1"",[""plus"",""25"",[""mul"",""20"",""skill_level""]]],[""compare"",""2"",""weapon_range""],[""compare"",""3"",""0""],[""compare"",""4"",""30000""]]","[""25 20 skill_level * +""]","[""weapon_range""]","[""0""]","[""30000""]","{""1"":""verified-ability-text-and-gitbook"",""2"":""unverified-for-class"",""3"":""unverified-for-class"",""4"":""unverified-for-class""}","[[""condition"",""6"",""1""]]","[""skill"",[""key"",""thief-7""],[""name"",""Assault""],[""battleride"",""0""],[""limit"",""thief""],[""action"",""7""],[""image"",""active135""],[""level"",""19"",""0""],[""grade"",""1"",""0""],[""maxlevel"",""5"",""0""],[""type"",""active"",""use""],[""property"",""5"",""1"",""0"",""1"",""0"",""0"",""5"",""0""],[""motion"",""0"",""3"",""none""],[""effect"","""","""",""""],[""sound"","""","""",""""],[""damagetype"",""1""],[""condition"",""6"",""1""],[""compare"",""1"",[""plus"",""25"",[""mul"",""20"",""skill_level""]]],[""compare"",""2"",""weapon_range""],[""compare"",""3"",""0""],[""compare"",""4"",""30000""],[""parameter"",""1"",[""plus"",""50"",[""div"",[""mul"",[""div"",[""mul"",""7"",""char_dex""],""4""],""skill_level""],""2""]]],[""parameter"",""2"",[""mul"",""2"",""skill_level""]],[""parameter"",""3"",[""plus"",""25"",[""mul"",""20"",""skill_level""]]],[""ability"",""#nAdd Power : %1!d!#nOn Target Point : %2!d!#nFatal attack percentage is increased : 10 %%#nEnergy used : %3!d!""],[""exist"",""6""],[""desc"",""#nDeliver a powerful blow to an enemy.#ncan be used only while Hiding.""]]",bango-file,jobsystem.dat,210
Stun,2,,"#nStun an enemy.#nCan be used only while Hiding.#nThe Stun effect lasts for a set duration, but is canceled if the target receives damage.",,active136,,,#nEnergy used : %1!d!,,,10 10 skill_level * +,0,10000,weapon_range,,,thief-8,1,"[""thief""]","[""8""]","[""30"",""0""]","[""3"",""0""]","[""3"",""0""]","[""active"",""use""]","[""5"",""1"",""0"",""1"",""2"",""0"",""5"",""0""]","[[""parameter"",""1"",[""plus"",""10"",[""mul"",""10"",""skill_level""]]]]","[""10 10 skill_level * +""]","[[""compare"",""1"",[""plus"",""10"",[""mul"",""10"",""skill_level""]]],[""compare"",""2"",""weapon_range""],[""compare"",""3"",""0""],[""compare"",""4"",""10000""]]","[""10 10 skill_level * +""]","[""weapon_range""]","[""0""]","[""10000""]","{""1"":""verified-ability-text-and-gitbook"",""2"":""unverified-for-class"",""3"":""unverified-for-class"",""4"":""unverified-for-class""}","[[""condition"",""7"",""1""]]","[""skill"",[""key"",""thief-8""],[""name"",""Stun""],[""battleride"",""0""],[""limit"",""thief""],[""action"",""8""],[""image"",""active136""],[""level"",""30"",""0""],[""grade"",""3"",""0""],[""maxlevel"",""3"",""0""],[""type"",""active"",""use""],[""property"",""5"",""1"",""0"",""1"",""2"",""0"",""5"",""0""],[""motion"",""0"",""4"",""none""],[""effect"","""","""",""""],[""sound"","""","""",""""],[""damagetype"",""3""],[""condition"",""7"",""1""],[""compare"",""1"",[""plus"",""10"",[""mul"",""10"",""skill_level""]]],[""compare"",""2"",""weapon_range""],[""compare"",""3"",""0""],[""compare"",""4"",""10000""],[""parameter"",""1"",[""plus"",""10"",[""mul"",""10"",""skill_level""]]],[""ability"",""#nEnergy used : %1!d!""],[""exist"",""6""],[""desc"",""#nStun an enemy.#nCan be used only while Hiding.#nThe Stun effect lasts for a set duration, but is canceled if the target receives damage.""]]",bango-file,jobsystem.dat,212
Confusion,2,,"#nConfuse a target.#nWhen confused, enemy cannot attack you for a set duration,but can perform other actions except attack",,active137,,,#nEnergy used : %1!d!,,,10 20 skill_level * +,0,300000,weapon_range,,,thief-9,1,"[""thief""]","[""9""]","[""30"",""0""]","[""3"",""0""]","[""3"",""0""]","[""active"",""use""]","[""5"",""1"",""0"",""1"",""2"",""0"",""5"",""0""]","[[""parameter"",""1"",[""plus"",""10"",[""mul"",""20"",""skill_level""]]]]","[""10 20 skill_level * +""]","[[""compare"",""1"",[""plus"",""10"",[""mul"",""20"",""skill_level""]]],[""compare"",""2"",""weapon_range""],[""compare"",""3"",""0""],[""compare"",""4"",""300000""]]","[""10 20 skill_level * +""]","[""weapon_range""]","[""0""]","[""300000""]","{""1"":""verified-ability-text-and-gitbook"",""2"":""unverified-for-class"",""3"":""unverified-for-class"",""4"":""unverified-for-class""}","[[""condition"",""7"",""1""]]","[""skill"",[""key"",""thief-9""],[""name"",""Confusion""],[""battleride"",""1""],[""riderange"",""10""],[""ridemotion"",""29"",""30"",""none""],[""limit"",""thief""],[""action"",""9""],[""image"",""active137""],[""level"",""30"",""0""],[""grade"",""3"",""0""],[""maxlevel"",""3"",""0""],[""type"",""active"",""use""],[""property"",""5"",""1"",""0"",""1"",""2"",""0"",""5"",""0""],[""motion"",""0"",""5"",""none""],[""effect"","""","""",""""],[""sound"","""","""",""""],[""damagetype"",""2""],[""condition"",""7"",""1""],[""compare"",""1"",[""plus"",""10"",[""mul"",""20"",""skill_level""]]],[""compare"",""2"",""weapon_range""],[""compare"",""3"",""0""],[""compare"",""4"",""300000""],[""parameter"",""1"",[""plus"",""10"",[""mul"",""20"",""skill_level""]]],[""ability"",""#nEnergy used : %1!d!""],[""desc"",""#nConfuse a target.#nWhen confused, enemy cannot attack you for a set duration,but can perform other actions except attack""]]",bango-file,jobsystem.dat,213
Strangle,2,,#nStrangle an enemy to inflict damage and cause the Stun effect.#ncan be used only while Hiding.,,active138,,,#nMaintaining Time : %1!d!#nAdd Power : %2!d!#nOn Target Point : %3!d!#nEnergy used : %4!d!,,,10 5 skill_level * +,0,20000,weapon_range,,,thief-10,1,"[""thief""]","[""10""]","[""35"",""0""]","[""3"",""0""]","[""5"",""0""]","[""active"",""use""]","[""5"",""1"",""0"",""1"",""2"",""0"",""5"",""0""]","[[""parameter"",""1"",[""plus"",""1"",""skill_level""]],[""parameter"",""2"",[""plus"",""50"",[""mul"",""10"",""skill_level""]]],[""parameter"",""3"",[""plus"",""9"",""skill_level""]],[""parameter"",""4"",[""plus"",""10"",[""mul"",""5"",""skill_level""]]]]","[""1 skill_level +"",""50 10 skill_level * +"",""9 skill_level +"",""10 5 skill_level * +""]","[[""compare"",""1"",[""plus"",""10"",[""mul"",""5"",""skill_level""]]],[""compare"",""2"",""weapon_range""],[""compare"",""3"",""0""],[""compare"",""4"",""20000""]]","[""10 5 skill_level * +""]","[""weapon_range""]","[""0""]","[""20000""]","{""1"":""verified-ability-text-and-gitbook"",""2"":""unverified-for-class"",""3"":""unverified-for-class"",""4"":""unverified-for-class""}","[[""condition"",""7"",""2""]]","[""skill"",[""key"",""thief-10""],[""name"",""Strangle""],[""battleride"",""0""],[""limit"",""thief""],[""action"",""10""],[""image"",""active138""],[""level"",""35"",""0""],[""grade"",""3"",""0""],[""maxlevel"",""5"",""0""],[""type"",""active"",""use""],[""property"",""5"",""1"",""0"",""1"",""2"",""0"",""5"",""0""],[""motion"",""0"",""6"",""none""],[""effect"","""","""",""""],[""sound"","""","""",""""],[""damagetype"",""1""],[""condition"",""7"",""2""],[""compare"",""1"",[""plus"",""10"",[""mul"",""5"",""skill_level""]]],[""compare"",""2"",""weapon_range""],[""compare"",""3"",""0""],[""compare"",""4"",""20000""],[""parameter"",""1"",[""plus"",""1"",""skill_level""]],[""parameter"",""2"",[""plus"",""50"",[""mul"",""10"",""skill_level""]]],[""parameter"",""3"",[""plus"",""9"",""skill_level""]],[""parameter"",""4"",[""plus"",""10"",[""mul"",""5"",""skill_level""]]],[""ability"",""#nMaintaining Time : %1!d!#nAdd Power : %2!d!#nOn Target Point : %3!d!#nEnergy used : %4!d!""],[""exist"",""6""],[""desc"",""#nStrangle an enemy to inflict damage and cause the Stun effect.#ncan be used only while Hiding.""]]",bango-file,jobsystem.dat,214
Dual Shadow,2,,#nInflict damage and increase your On Target Point and Evasion Rate.,,active139,,,#nAdd Power : Assault + %1!d!#nOn Target Rate : %2!d!#nAdd Target rate : %3!d!#nMaintaining Time 20sec#nEnergy used : %4!d!,,,10 10 skill_level * +,0,600000,weapon_range,,,thief-12,1,"[""thief""]","[""12""]","[""40"",""0""]","[""3"",""0""]","[""5"",""0""]","[""active"",""use""]","[""5"",""1"",""0"",""1"",""4"",""0"",""5"",""0""]","[[""parameter"",""1"",[""mul"",""12"",""skill_level""]],[""parameter"",""2"",[""mul"",""2"",""skill_level""]],[""parameter"",""3"",[""mul"",""3"",""skill_level""]],[""parameter"",""4"",[""plus"",""10"",[""mul"",""10"",""skill_level""]]]]","[""12 skill_level *"",""2 skill_level *"",""3 skill_level *"",""10 10 skill_level * +""]","[[""compare"",""1"",[""plus"",""10"",[""mul"",""10"",""skill_level""]]],[""compare"",""2"",""weapon_range""],[""compare"",""3"",""0""],[""compare"",""4"",""600000""]]","[""10 10 skill_level * +""]","[""weapon_range""]","[""0""]","[""600000""]","{""1"":""verified-ability-text-and-gitbook"",""2"":""unverified-for-class"",""3"":""unverified-for-class"",""4"":""unverified-for-class""}","[[""condition"",""10"",""1""]]","[""skill"",[""key"",""thief-12""],[""name"",""Dual Shadow""],[""battleride"",""1""],[""riderange"",""10""],[""ridemotion"",""29"",""30"",""none""],[""limit"",""thief""],[""action"",""12""],[""image"",""active139""],[""level"",""40"",""0""],[""grade"",""3"",""0""],[""maxlevel"",""5"",""0""],[""type"",""active"",""use""],[""property"",""5"",""1"",""0"",""1"",""4"",""0"",""5"",""0""],[""motion"",""0"",""7"",""none""],[""effect"","""","""",""""],[""sound"","""","""",""""],[""damagetype"",""1""],[""condition"",""10"",""1""],[""compare"",""1"",[""plus"",""10"",[""mul"",""10"",""skill_level""]]],[""compare"",""2"",""weapon_range""],[""compare"",""3"",""0""],[""compare"",""4"",""600000""],[""parameter"",""1"",[""mul"",""12"",""skill_level""]],[""parameter"",""2"",[""mul"",""2"",""skill_level""]],[""parameter"",""3"",[""mul"",""3"",""skill_level""]],[""parameter"",""4"",[""plus"",""10"",[""mul"",""10"",""skill_level""]]],[""ability"",""#nAdd Power : Assault + %1!d!#nOn Target Rate : %2!d!#nAdd Target rate : %3!d!#nMaintaining Time 20sec#nEnergy used : %4!d!""],[""desc"",""#nInflict damage and increase your On Target Point and Evasion Rate.""]]",bango-file,jobsystem.dat,215
Fatal Wound,2,,#nAmbush an enemy to inflict fatal wound that causes continuous damage for a set duration.,,active141,,,#nAttack single target every 2 seconds for 16 seconds.#nEnergy used : %1!d!,,,15 30 skill_level * +,0,30000,weapon_range,,,thief-14,1,"[""thief""]","[""14""]","[""53"",""0""]","[""7"",""0""]","[""3"",""0""]","[""active"",""use""]","[""5"",""1"",""0"",""1"",""0"",""0"",""5"",""0""]","[[""parameter"",""1"",[""plus"",""15"",[""mul"",""30"",""skill_level""]]]]","[""15 30 skill_level * +""]","[[""compare"",""1"",[""plus"",""15"",[""mul"",""30"",""skill_level""]]],[""compare"",""2"",""weapon_range""],[""compare"",""3"",""0""],[""compare"",""4"",""30000""]]","[""15 30 skill_level * +""]","[""weapon_range""]","[""0""]","[""30000""]","{""1"":""verified-ability-text-and-gitbook"",""2"":""unverified-for-class"",""3"":""unverified-for-class"",""4"":""unverified-for-class""}",[],"[""skill"",[""key"",""thief-14""],[""name"",""Fatal Wound""],[""battleride"",""1""],[""riderange"",""10""],[""ridemotion"",""29"",""30"",""none""],[""limit"",""thief""],[""action"",""14""],[""image"",""active141""],[""level"",""53"",""0""],[""grade"",""7"",""0""],[""maxlevel"",""3"",""0""],[""type"",""active"",""use""],[""property"",""5"",""1"",""0"",""1"",""0"",""0"",""5"",""0""],[""motion"",""0"",""9"",""none""],[""effect"","""","""",""""],[""sound"","""","""",""""],[""damagetype"",""2""],[""compare"",""1"",[""plus"",""15"",[""mul"",""30"",""skill_level""]]],[""compare"",""2"",""weapon_range""],[""compare"",""3"",""0""],[""compare"",""4"",""30000""],[""parameter"",""1"",[""plus"",""15"",[""mul"",""30"",""skill_level""]]],[""ability"",""#nAttack single target every 2 seconds for 16 seconds.#nEnergy used : %1!d!""],[""desc"",""#nAmbush an enemy to inflict fatal wound that causes continuous damage for a set duration.""]]",bango-file,jobsystem.dat,217
Ankle Amputate,2,,#nAttack the ankle of an enemy to slow down the Movement Speed.,,active142,,,#nMove Speed 50%% Down#nEnergy used : %1!d!,,,45 10 skill_level * +,0,20000,weapon_range,,,thief-15,1,"[""thief""]","[""15""]","[""54"",""0""]","[""7"",""0""]","[""3"",""0""]","[""active"",""use""]","[""5"",""1"",""0"",""1"",""2"",""0"",""5"",""0""]","[[""parameter"",""1"",[""plus"",""45"",[""mul"",""10"",""skill_level""]]]]","[""45 10 skill_level * +""]","[[""compare"",""1"",[""plus"",""45"",[""mul"",""10"",""skill_level""]]],[""compare"",""2"",""weapon_range""],[""compare"",""3"",""0""],[""compare"",""4"",""20000""]]","[""45 10 skill_level * +""]","[""weapon_range""]","[""0""]","[""20000""]","{""1"":""verified-ability-text-and-gitbook"",""2"":""unverified-for-class"",""3"":""unverified-for-class"",""4"":""unverified-for-class""}","[[""condition"",""14"",""1""]]","[""skill"",[""key"",""thief-15""],[""name"",""Ankle Amputate""],[""battleride"",""1""],[""riderange"",""10""],[""ridemotion"",""29"",""30"",""none""],[""limit"",""thief""],[""action"",""15""],[""image"",""active142""],[""level"",""54"",""0""],[""grade"",""7"",""0""],[""maxlevel"",""3"",""0""],[""type"",""active"",""use""],[""property"",""5"",""1"",""0"",""1"",""2"",""0"",""5"",""0""],[""motion"",""0"",""10"",""none""],[""effect"","""","""",""""],[""sound"","""","""",""""],[""damagetype"",""2""],[""condition"",""14"",""1""],[""compare"",""1"",[""plus"",""45"",[""mul"",""10"",""skill_level""]]],[""compare"",""2"",""weapon_range""],[""compare"",""3"",""0""],[""compare"",""4"",""20000""],[""parameter"",""1"",[""plus"",""45"",[""mul"",""10"",""skill_level""]]],[""ability"",""#nMove Speed 50%% Down#nEnergy used : %1!d!""],[""desc"",""#nAttack the ankle of an enemy to slow down the Movement Speed.""]]",bango-file,jobsystem.dat,218
Vital Strike,2,,"#nWhen a target HP is 50% or lower, attack the vital point to inflict great damage and cause the Stun effect.#nIf the target HP is higher than 50%, this skill only inflicts damage.",,active143,,,#nStun Time : %1!d! sec#nEnergy used : %2!d!,,,35 30 skill_level * +,0,30000,weapon_range,,,thief-16,1,"[""thief""]","[""16""]","[""56"",""0""]","[""7"",""0""]","[""3"",""0""]","[""active"",""use""]","[""5"",""1"",""0"",""1"",""2"",""0"",""5"",""0""]","[[""parameter"",""1"",[""plus"",""2"",""skill_level""]],[""parameter"",""2"",[""plus"",""35"",[""mul"",""30"",""skill_level""]]]]","[""2 skill_level +"",""35 30 skill_level * +""]","[[""compare"",""1"",[""plus"",""35"",[""mul"",""30"",""skill_level""]]],[""compare"",""2"",""weapon_range""],[""compare"",""3"",""0""],[""compare"",""4"",""30000""]]","[""35 30 skill_level * +""]","[""weapon_range""]","[""0""]","[""30000""]","{""1"":""verified-ability-text-and-gitbook"",""2"":""unverified-for-class"",""3"":""unverified-for-class"",""4"":""unverified-for-class""}",[],"[""skill"",[""key"",""thief-16""],[""name"",""Vital Strike""],[""battleride"",""1""],[""riderange"",""10""],[""ridemotion"",""29"",""30"",""none""],[""limit"",""thief""],[""action"",""16""],[""image"",""active143""],[""level"",""56"",""0""],[""grade"",""7"",""0""],[""maxlevel"",""3"",""0""],[""type"",""active"",""use""],[""property"",""5"",""1"",""0"",""1"",""2"",""0"",""5"",""0""],[""motion"",""0"",""11"",""none""],[""effect"","""","""",""""],[""sound"","""","""",""""],[""damagetype"",""2""],[""compare"",""1"",[""plus"",""35"",[""mul"",""30"",""skill_level""]]],[""compare"",""2"",""weapon_range""],[""compare"",""3"",""0""],[""compare"",""4"",""30000""],[""parameter"",""1"",[""plus"",""2"",""skill_level""]],[""parameter"",""2"",[""plus"",""35"",[""mul"",""30"",""skill_level""]]],[""ability"",""#nStun Time : %1!d! sec#nEnergy used : %2!d!""],[""desc"",""#nWhen a target HP is 50% or lower, attack the vital point to inflict great damage and cause the Stun effect.#nIf the target HP is higher than 50%, this skill only inflicts damage.""]]",bango-file,jobsystem.dat,219
Rupture,2,,#nDeliver a powerful blow that inflicts continuous damage.,,active144,,,#nAttack single target in the area every 2 seconds for 16 seconds.#nEnergy used : %1!d!,,,35 30 skill_level * +,2,120000,weapon_range,,,thief-17,1,"[""thief""]","[""17""]","[""58"",""0""]","[""7"",""0""]","[""5"",""0""]","[""active"",""use""]","[""5"",""1"",""0"",""0"",""0"",""0"",""5"",""0""]","[[""parameter"",""1"",[""plus"",""35"",[""mul"",""30"",""skill_level""]]]]","[""35 30 skill_level * +""]","[[""compare"",""1"",[""plus"",""35"",[""mul"",""30"",""skill_level""]]],[""compare"",""2"",""weapon_range""],[""compare"",""3"",""2""],[""compare"",""4"",""120000""]]","[""35 30 skill_level * +""]","[""weapon_range""]","[""2""]","[""120000""]","{""1"":""verified-ability-text-and-gitbook"",""2"":""unverified-for-class"",""3"":""unverified-for-class"",""4"":""unverified-for-class""}","[[""condition"",""15"",""1""]]","[""skill"",[""key"",""thief-17""],[""name"",""Rupture""],[""battleride"",""1""],[""riderange"",""10""],[""ridemotion"",""29"",""30"",""none""],[""limit"",""thief""],[""action"",""17""],[""image"",""active144""],[""level"",""58"",""0""],[""grade"",""7"",""0""],[""maxlevel"",""5"",""0""],[""type"",""active"",""use""],[""property"",""5"",""1"",""0"",""0"",""0"",""0"",""5"",""0""],[""motion"",""12"",""13"",""none""],[""effect"","""","""",""""],[""sound"","""","""",""""],[""damagetype"",""2""],[""condition"",""15"",""1""],[""compare"",""1"",[""plus"",""35"",[""mul"",""30"",""skill_level""]]],[""compare"",""2"",""weapon_range""],[""compare"",""3"",""2""],[""compare"",""4"",""120000""],[""parameter"",""1"",[""plus"",""35"",[""mul"",""30"",""skill_level""]]],[""ability"",""#nAttack single target in the area every 2 seconds for 16 seconds.#nEnergy used : %1!d!""],[""desc"",""#nDeliver a powerful blow that inflicts continuous damage.""]]",bango-file,jobsystem.dat,220
Final Blow,2,,"#nWhen a targets HP is 50% or lower, spend all of your energy to deliver a critical blow.",,active145,,,#nEnergy used : 450,,,30 35 skill_level * +,2,600000,weapon_range,,,thief-18,1,"[""thief""]","[""18""]","[""60"",""0""]","[""7"",""0""]","[""2"",""0""]","[""active"",""use""]","[""5"",""1"",""0"",""0"",""0"",""0"",""5"",""0""]",[],[],"[[""compare"",""1"",[""plus"",""30"",[""mul"",""35"",""skill_level""]]],[""compare"",""2"",""weapon_range""],[""compare"",""3"",""2""],[""compare"",""4"",""600000""]]","[""30 35 skill_level * +""]","[""weapon_range""]","[""2""]","[""600000""]","{""1"":""verified-ability-text-and-gitbook"",""2"":""unverified-for-class"",""3"":""unverified-for-class"",""4"":""unverified-for-class""}","[[""condition"",""17"",""2""]]","[""skill"",[""key"",""thief-18""],[""name"",""Final Blow""],[""battleride"",""1""],[""riderange"",""10""],[""ridemotion"",""25"",""26"",""none""],[""limit"",""thief""],[""action"",""18""],[""image"",""active145""],[""level"",""60"",""0""],[""grade"",""7"",""0""],[""maxlevel"",""2"",""0""],[""type"",""active"",""use""],[""property"",""5"",""1"",""0"",""0"",""0"",""0"",""5"",""0""],[""motion"",""14"",""15"",""none""],[""effect"","""","""",""""],[""sound"","""","""",""""],[""damagetype"",""2""],[""condition"",""17"",""2""],[""compare"",""1"",[""plus"",""30"",[""mul"",""35"",""skill_level""]]],[""compare"",""2"",""weapon_range""],[""compare"",""3"",""2""],[""compare"",""4"",""600000""],[""ability"",""#nEnergy used : 450""],[""desc"",""#nWhen a targets HP is 50% or lower, spend all of your energy to deliver a critical blow.""]]",bango-file,jobsystem.dat,221
Suicidal Blow,2,,#nConsume a certain amount of your HP to deliver a powerful attack; has high Hit Rate.#nCan be used only when your HP is 60% or higher.,,active148,,,#nOn Target Point + 100#nEnergy used : %1!d!,,,45 40 skill_level * +,3,600000,weapon_range,,,thief-21,1,"[""thief""]","[""21""]","[""56"",""0""]","[""7"",""0""]","[""5"",""0""]","[""active"",""use""]","[""5"",""1"",""0"",""0"",""0"",""0"",""5"",""0""]","[[""parameter"",""1"",[""plus"",""45"",[""mul"",""40"",""skill_level""]]]]","[""45 40 skill_level * +""]","[[""compare"",""1"",[""plus"",""45"",[""mul"",""40"",""skill_level""]]],[""compare"",""2"",""weapon_range""],[""compare"",""3"",""3""],[""compare"",""4"",""600000""]]","[""45 40 skill_level * +""]","[""weapon_range""]","[""3""]","[""600000""]","{""1"":""verified-ability-text-and-gitbook"",""2"":""unverified-for-class"",""3"":""unverified-for-class"",""4"":""unverified-for-class""}",[],"[""skill"",[""key"",""thief-21""],[""name"",""Suicidal Blow""],[""battleride"",""1""],[""riderange"",""10""],[""ridemotion"",""29"",""30"",""none""],[""limit"",""thief""],[""action"",""21""],[""image"",""active148""],[""level"",""56"",""0""],[""grade"",""7"",""0""],[""maxlevel"",""5"",""0""],[""type"",""active"",""use""],[""property"",""5"",""1"",""0"",""0"",""0"",""0"",""5"",""0""],[""motion"",""18"",""19"",""none""],[""effect"","""","""",""""],[""sound"","""","""",""""],[""damagetype"",""2""],[""compare"",""1"",[""plus"",""45"",[""mul"",""40"",""skill_level""]]],[""compare"",""2"",""weapon_range""],[""compare"",""3"",""3""],[""compare"",""4"",""600000""],[""parameter"",""1"",[""plus"",""45"",[""mul"",""40"",""skill_level""]]],[""ability"",""#nOn Target Point + 100#nEnergy used : %1!d!""],[""desc"",""#nConsume a certain amount of your HP to deliver a powerful attack; has high Hit Rate.#nCan be used only when your HP is 60% or higher.""]]",bango-file,jobsystem.dat,222
Dance of Killing,2,,#nMomentarily intensify your energy to deliver a shower of attacks to an enemy.,,active140,,,#nMaintaining Time : %1!d! sec#nEnergy used : %2!d!,,,80 20 skill_level * +,0,40000,weapon_range,,,thief-13,1,"[""thief""]","[""13""]","[""50"",""0""]","[""11"",""0""]","[""2"",""0""]","[""active"",""once""]","[""5"",""1"",""1"",""1"",""3"",""0"",""5"",""0""]","[[""parameter"",""1"",[""plus"",""15"",[""mul"",""15"",[""minus"",""skill_level"",""1""]]]],[""parameter"",""2"",[""plus"",""80"",[""mul"",""20"",""skill_level""]]]]","[""15 15 skill_level 1 - * +"",""80 20 skill_level * +""]","[[""compare"",""1"",[""plus"",""80"",[""mul"",""20"",""skill_level""]]],[""compare"",""2"",""weapon_range""],[""compare"",""3"",""0""],[""compare"",""4"",""40000""]]","[""80 20 skill_level * +""]","[""weapon_range""]","[""0""]","[""40000""]","{""1"":""verified-ability-text-and-gitbook"",""2"":""unverified-for-class"",""3"":""unverified-for-class"",""4"":""unverified-for-class""}",[],"[""skill"",[""key"",""thief-13""],[""name"",""Dance of Killing""],[""battleride"",""1""],[""riderange"",""10""],[""ridemotion"",""0"",""8"",""attackauto""],[""limit"",""thief""],[""action"",""13""],[""image"",""active140""],[""level"",""50"",""0""],[""grade"",""11"",""0""],[""maxlevel"",""2"",""0""],[""type"",""active"",""once""],[""property"",""5"",""1"",""1"",""1"",""3"",""0"",""5"",""0""],[""motion"",""0"",""8"",""attackauto""],[""effect"","""","""",""""],[""sound"","""","""",""""],[""damagetype"",""0""],[""compare"",""1"",[""plus"",""80"",[""mul"",""20"",""skill_level""]]],[""compare"",""2"",""weapon_range""],[""compare"",""3"",""0""],[""compare"",""4"",""40000""],[""parameter"",""1"",[""plus"",""15"",[""mul"",""15"",[""minus"",""skill_level"",""1""]]]],[""parameter"",""2"",[""plus"",""80"",[""mul"",""20"",""skill_level""]]],[""ability"",""#nMaintaining Time : %1!d! sec#nEnergy used : %2!d!""],[""desc"",""#nMomentarily intensify your energy to deliver a shower of attacks to an enemy.""]]",bango-file,jobsystem.dat,224
Spin Attack,2,,#nInflict area-effective damage to surrounding enemies,,active146,,,#nEnergy used : %1!d!,,,25 50 skill_level * +,0,20000,weapon_range,,,thief-19,1,"[""thief""]","[""19""]","[""50"",""0""]","[""11"",""0""]","[""3"",""0""]","[""active"",""use""]","[""5"",""1"",""0"",""1"",""0"",""0"",""5"",""0""]","[[""parameter"",""1"",[""plus"",""25"",[""mul"",""50"",""skill_level""]]]]","[""25 50 skill_level * +""]","[[""compare"",""1"",[""plus"",""25"",[""mul"",""50"",""skill_level""]]],[""compare"",""2"",""weapon_range""],[""compare"",""3"",""0""],[""compare"",""4"",""20000""]]","[""25 50 skill_level * +""]","[""weapon_range""]","[""0""]","[""20000""]","{""1"":""verified-ability-text-and-gitbook"",""2"":""unverified-for-class"",""3"":""unverified-for-class"",""4"":""unverified-for-class""}",[],"[""skill"",[""key"",""thief-19""],[""name"",""Spin Attack""],[""battleride"",""1""],[""riderange"",""10""],[""ridemotion"",""25"",""26"",""none""],[""limit"",""thief""],[""action"",""19""],[""image"",""active146""],[""level"",""50"",""0""],[""grade"",""11"",""0""],[""maxlevel"",""3"",""0""],[""type"",""active"",""use""],[""property"",""5"",""1"",""0"",""1"",""0"",""0"",""5"",""0""],[""motion"",""0"",""16"",""none""],[""effect"","""","""",""""],[""sound"","""","""",""""],[""damagetype"",""2""],[""compare"",""1"",[""plus"",""25"",[""mul"",""50"",""skill_level""]]],[""compare"",""2"",""weapon_range""],[""compare"",""3"",""0""],[""compare"",""4"",""20000""],[""parameter"",""1"",[""plus"",""25"",[""mul"",""50"",""skill_level""]]],[""ability"",""#nEnergy used : %1!d!""],[""desc"",""#nInflict area-effective damage to surrounding enemies""]]",bango-file,jobsystem.dat,225
Counter attack,2,,"#nWhen attacked, reflect a certain amount of damage to the attacker for this skill's duration.#nSuccess rate of critical hit additionally increases.",,active147,,,#nEnergy used : %1!d!,,,45 30 skill_level * +,0,60000,weapon_range,,,thief-20,1,"[""thief""]","[""20""]","[""53"",""0""]","[""11"",""0""]","[""5"",""0""]","[""active"",""once""]","[""5"",""1"",""1"",""1"",""3"",""0"",""0"",""0""]","[[""parameter"",""1"",[""plus"",""45"",[""mul"",""30"",""skill_level""]]]]","[""45 30 skill_level * +""]","[[""compare"",""1"",[""plus"",""45"",[""mul"",""30"",""skill_level""]]],[""compare"",""2"",""weapon_range""],[""compare"",""3"",""0""],[""compare"",""4"",""60000""]]","[""45 30 skill_level * +""]","[""weapon_range""]","[""0""]","[""60000""]","{""1"":""verified-ability-text-and-gitbook"",""2"":""unverified-for-class"",""3"":""unverified-for-class"",""4"":""unverified-for-class""}",[],"[""skill"",[""key"",""thief-20""],[""name"",""Counter attack""],[""battleride"",""1""],[""riderange"",""10""],[""ridemotion"",""29"",""30"",""none""],[""limit"",""thief""],[""action"",""20""],[""image"",""active147""],[""level"",""53"",""0""],[""grade"",""11"",""0""],[""maxlevel"",""5"",""0""],[""type"",""active"",""once""],[""property"",""5"",""1"",""1"",""1"",""3"",""0"",""0"",""0""],[""motion"",""0"",""17"",""none""],[""effect"","""","""",""""],[""sound"","""","""",""""],[""damagetype"",""0""],[""compare"",""1"",[""plus"",""45"",[""mul"",""30"",""skill_level""]]],[""compare"",""2"",""weapon_range""],[""compare"",""3"",""0""],[""compare"",""4"",""60000""],[""parameter"",""1"",[""plus"",""45"",[""mul"",""30"",""skill_level""]]],[""ability"",""#nEnergy used : %1!d!""],[""desc"",""#nWhen attacked, reflect a certain amount of damage to the attacker for this skill's duration.#nSuccess rate of critical hit additionally increases.""]]",bango-file,jobsystem.dat,226
Armor Breaker,2,,#nAttack the armor of an enemy to decrease the Defense for a set duration.,,active149,,,#nMaintaining Time: 10sec.#nEnergy used : %2!d!,,,35 30 skill_level * +,0,30000,weapon_range,,,thief-22,1,"[""thief""]","[""22""]","[""54"",""0""]","[""11"",""0""]","[""5"",""0""]","[""active"",""use""]","[""5"",""1"",""0"",""1"",""2"",""0"",""5"",""0""]","[[""parameter"",""1"",[""mul"",""10"",""skill_level""]],[""parameter"",""2"",[""plus"",""35"",[""mul"",""30"",""skill_level""]]]]","[""10 skill_level *"",""35 30 skill_level * +""]","[[""compare"",""1"",[""plus"",""35"",[""mul"",""30"",""skill_level""]]],[""compare"",""2"",""weapon_range""],[""compare"",""3"",""0""],[""compare"",""4"",""30000""]]","[""35 30 skill_level * +""]","[""weapon_range""]","[""0""]","[""30000""]","{""1"":""verified-ability-text-and-gitbook"",""2"":""unverified-for-class"",""3"":""unverified-for-class"",""4"":""unverified-for-class""}",[],"[""skill"",[""key"",""thief-22""],[""name"",""Armor Breaker""],[""battleride"",""1""],[""riderange"",""10""],[""ridemotion"",""29"",""30"",""none""],[""limit"",""thief""],[""action"",""22""],[""image"",""active149""],[""level"",""54"",""0""],[""grade"",""11"",""0""],[""maxlevel"",""5"",""0""],[""type"",""active"",""use""],[""property"",""5"",""1"",""0"",""1"",""2"",""0"",""5"",""0""],[""motion"",""0"",""20"",""none""],[""effect"","""","""",""""],[""sound"","""","""",""""],[""damagetype"",""2""],[""compare"",""1"",[""plus"",""35"",[""mul"",""30"",""skill_level""]]],[""compare"",""2"",""weapon_range""],[""compare"",""3"",""0""],[""compare"",""4"",""30000""],[""parameter"",""1"",[""mul"",""10"",""skill_level""]],[""parameter"",""2"",[""plus"",""35"",[""mul"",""30"",""skill_level""]]],[""ability"",""#nMaintaining Time: 10sec.#nEnergy used : %2!d!""],[""desc"",""#nAttack the armor of an enemy to decrease the Defense for a set duration.""]]",bango-file,jobsystem.dat,227
Twin Blade Strike,2,,#nInflict great damage with dual daggers.,,active150,,,#nEnergy used : %1!d!,,,35 30 skill_level * +,0,600000,weapon_range,,,thief-23,1,"[""thief""]","[""23""]","[""60"",""0""]","[""11"",""0""]","[""1"",""0""]","[""active"",""use""]","[""5"",""1"",""0"",""1"",""0"",""0"",""5"",""0""]","[[""parameter"",""1"",[""plus"",""35"",[""mul"",""30"",""skill_level""]]]]","[""35 30 skill_level * +""]","[[""compare"",""1"",[""plus"",""35"",[""mul"",""30"",""skill_level""]]],[""compare"",""2"",""weapon_range""],[""compare"",""3"",""0""],[""compare"",""4"",""600000""]]","[""35 30 skill_level * +""]","[""weapon_range""]","[""0""]","[""600000""]","{""1"":""verified-ability-text-and-gitbook"",""2"":""unverified-for-class"",""3"":""unverified-for-class"",""4"":""unverified-for-class""}",[],"[""skill"",[""key"",""thief-23""],[""name"",""Twin Blade Strike""],[""battleride"",""1""],[""riderange"",""10""],[""ridemotion"",""25"",""26"",""none""],[""limit"",""thief""],[""action"",""23""],[""image"",""active150""],[""level"",""60"",""0""],[""grade"",""11"",""0""],[""maxlevel"",""1"",""0""],[""type"",""active"",""use""],[""property"",""5"",""1"",""0"",""1"",""0"",""0"",""5"",""0""],[""motion"",""0"",""21"",""none""],[""effect"","""","""",""""],[""sound"","""","""",""""],[""damagetype"",""2""],[""compare"",""1"",[""plus"",""35"",[""mul"",""30"",""skill_level""]]],[""compare"",""2"",""weapon_range""],[""compare"",""3"",""0""],[""compare"",""4"",""600000""],[""parameter"",""1"",[""plus"",""35"",[""mul"",""30"",""skill_level""]]],[""ability"",""#nEnergy used : %1!d!""],[""desc"",""#nInflict great damage with dual daggers.""]]",bango-file,jobsystem.dat,228
Life Extension,1,,#nAdd more Health Points to your original HP forever.,,passive015,,,#nHp Revision: %1!d! %%,,,,,,,,,thief-30,1,"[""thief""]","[""30""]","[""50"",""55"",""60"",""65"",""70"",""0""]","[""11"",""1""]","[""1"",""2"",""3"",""4"",""5"",""0""]","[""passive"",""etc""]","[""5"",""0"",""1"",""0"",""9"",""0""]","[[""parameter"",""1"",[""plus"",""14"",[""mul"",""skill_level"",""10""]]]]","[""14 skill_level 10 * +""]",[],[],[],[],[],{},[],"[""skill"",[""key"",""thief-30""],[""name"",""Life Extension""],[""limit"",""thief""],[""action"",""30""],[""image"",""passive015""],[""level"",""50"",""55"",""60"",""65"",""70"",""0""],[""grade"",""11"",""1""],[""maxlevel"",""1"",""2"",""3"",""4"",""5"",""0""],[""type"",""passive"",""etc""],[""property"",""5"",""0"",""1"",""0"",""9"",""0""],[""parameter"",""1"",[""plus"",""14"",[""mul"",""skill_level"",""10""]]],[""ability"",""#nHp Revision: %1!d! %%""],[""desc"",""#nAdd more Health Points to your original HP forever.""]]",bango-file,jobsystem.dat,230
Deep Breath,1,,#nDuration of Hiding skill increases.,,passive033,,,#nDuration Time : +10 seconds,,,,,,,,,thief-24,1,"[""thief""]","[""24""]","[""25"",""0""]","[""1"",""0""]","[""1"",""0""]","[""passive"",""etc""]","[""5"",""1"",""1"",""2"",""3"",""0"",""0"",""0""]",[],[],[],[],[],[],[],{},[],"[""skill"",[""key"",""thief-24""],[""name"",""Deep Breath""],[""limit"",""thief""],[""action"",""24""],[""image"",""passive033""],[""desc"",""#nDuration of Hiding skill increases.""],[""ability"",""#nDuration Time : +10 seconds""],[""level"",""25"",""0""],[""grade"",""1"",""0""],[""maxlevel"",""1"",""0""],[""type"",""passive"",""etc""],[""property"",""5"",""1"",""1"",""2"",""3"",""0"",""0"",""0""]]",bango-file,jobsystem.dat,234
Acrobatic,1,,,,passive034,,,#nPhysical damage reduces by 10 %% with its probability of %1!d! %%.,,,,,,,,,thief-25,1,"[""thief""]","[""25""]","[""30"",""35"",""40"",""45"",""50"",""0""]","[""3"",""2""]","[""1"",""2"",""3"",""4"",""5"",""0""]","[""passive"",""etc""]","[""5"",""1"",""1"",""2"",""3"",""0"",""0"",""0""]","[[""parameter"",""1"",[""plus"",""5"",[""mul"",[""minus"",""skill_level"",""1""],""2""]]]]","[""5 skill_level 1 - 2 * +""]",[],[],[],[],[],{},[],"[""skill"",[""key"",""thief-25""],[""name"",""Acrobatic""],[""limit"",""thief""],[""action"",""25""],[""image"",""passive034""],[""ability"",""#nPhysical damage reduces by 10 %% with its probability of %1!d! %%.""],[""parameter"",""1"",[""plus"",""5"",[""mul"",[""minus"",""skill_level"",""1""],""2""]]],[""level"",""30"",""35"",""40"",""45"",""50"",""0""],[""grade"",""3"",""2""],[""maxlevel"",""1"",""2"",""3"",""4"",""5"",""0""],[""type"",""passive"",""etc""],[""property"",""5"",""1"",""1"",""2"",""3"",""0"",""0"",""0""]]",bango-file,jobsystem.dat,249
High grade Acrobatic,1,,#nPhysical damage reduces by 25% with its probability of 5%.,,passive035,,,,,,,,,,,,thief-26,1,"[""thief""]","[""26""]","[""70"",""0""]","[""43"",""0""]","[""1"",""0""]","[""passive"",""etc""]","[""5"",""3"",""1"",""2"",""3"",""0"",""0"",""0""]",[],[],[],[],[],[],[],{},[],"[""skill"",[""key"",""thief-26""],[""name"",""High grade Acrobatic""],[""limit"",""thief""],[""action"",""26""],[""image"",""passive035""],[""desc"",""#nPhysical damage reduces by 25% with its probability of 5%.""],[""ability"",""""],[""level"",""70"",""0""],[""grade"",""43"",""0""],[""maxlevel"",""1"",""0""],[""type"",""passive"",""etc""],[""property"",""5"",""3"",""1"",""2"",""3"",""0"",""0"",""0""]]",bango-file,jobsystem.dat,265
Lightning Slash,2,,#nThis skill is to make a series of attacks in rapid succession.#nThe number of strikes increases in accordance with skill level increase.,,active155,,,#nConsuming MP : %1!d!,,,50 3 char_level skill_level + * +,199,"[""300000"",""280000"",""260000"",""240000"",""220000"",""200000""]",weapon_range,,,thief-28,1,"[""thief""]","[""28""]","[""70"",""0""]","[""43"",""0""]","[""6"",""0""]","[""active"",""use""]","[""5"",""3"",""0"",""1"",""0"",""0"",""5"",""0""]","[[""parameter"",""1"",[""plus"",""50"",[""mul"",""3"",[""plus"",""char_level"",""skill_level""]]]]]","[""50 3 char_level skill_level + * +""]","[[""compare"",""1"",[""plus"",""50"",[""mul"",""3"",[""plus"",""char_level"",""skill_level""]]]],[""compare"",""2"",""weapon_range""],[""compare"",""3"",""199""],[""compare"",""4"",""300000"",""280000"",""260000"",""240000"",""220000"",""200000""]]","[""50 3 char_level skill_level + * +""]","[""weapon_range""]","[""199""]","[""300000"",""280000"",""260000"",""240000"",""220000"",""200000""]","{""1"":""verified-ability-text-and-gitbook"",""2"":""unverified-for-class"",""3"":""unverified-for-class"",""4"":""unverified-for-class""}",[],"[""skill"",[""key"",""thief-28""],[""name"",""Lightning Slash""],[""limit"",""thief""],[""action"",""28""],[""image"",""active155""],[""desc"",""#nThis skill is to make a series of attacks in rapid succession.#nThe number of strikes increases in accordance with skill level increase.""],[""ability"",""#nConsuming MP : %1!d!""],[""parameter"",""1"",[""plus"",""50"",[""mul"",""3"",[""plus"",""char_level"",""skill_level""]]]],[""level"",""70"",""0""],[""grade"",""43"",""0""],[""maxlevel"",""6"",""0""],[""type"",""active"",""use""],[""compare"",""1"",[""plus"",""50"",[""mul"",""3"",[""plus"",""char_level"",""skill_level""]]]],[""compare"",""2"",""weapon_range""],[""compare"",""3"",""199""],[""compare"",""4"",""300000"",""280000"",""260000"",""240000"",""220000"",""200000""],[""property"",""5"",""3"",""0"",""1"",""0"",""0"",""5"",""0""],[""motion"",""25"",""26"",""none""],[""ridemotion"",""25"",""26"",""none""],[""battleride"",""1""],[""riderange"",""10""],[""effect"","""","""",""""],[""sound"","""","""",""""],[""damagetype"",""2""],[""exist"",""-6""]]",bango-file,jobsystem.dat,279
Wind Cry,2,,#nThe probability of Evasion of your party members including you increaes for 3 minutes.,,active157,,,#nAdditionally increase critical rate by 50 %%.#nRequired HP : %1!d!,,,15 30 skill_level * +,0,420000,weapon_range,,,thief-29,1,"[""thief""]","[""29""]","[""70"",""0""]","[""43"",""0""]","[""1"",""0""]","[""active"",""once""]","[""5"",""3"",""1"",""1"",""3"",""0"",""0"",""0""]","[[""parameter"",""1"",[""plus"",""15"",[""mul"",""30"",""skill_level""]]]]","[""15 30 skill_level * +""]","[[""compare"",""1"",[""plus"",""15"",[""mul"",""30"",""skill_level""]]],[""compare"",""2"",""weapon_range""],[""compare"",""3"",""0""],[""compare"",""4"",""420000""]]","[""15 30 skill_level * +""]","[""weapon_range""]","[""0""]","[""420000""]","{""1"":""verified-ability-text-and-gitbook"",""2"":""unverified-for-class"",""3"":""unverified-for-class"",""4"":""unverified-for-class""}",[],"[""skill"",[""key"",""thief-29""],[""name"",""Wind Cry""],[""limit"",""thief""],[""action"",""29""],[""image"",""active157""],[""level"",""70"",""0""],[""grade"",""43"",""0""],[""maxlevel"",""1"",""0""],[""type"",""active"",""once""],[""property"",""5"",""3"",""1"",""1"",""3"",""0"",""0"",""0""],[""motion"",""0"",""17"",""none""],[""effect"","""","""",""""],[""sound"","""","""",""""],[""damagetype"",""0""],[""compare"",""1"",[""plus"",""15"",[""mul"",""30"",""skill_level""]]],[""compare"",""2"",""weapon_range""],[""compare"",""3"",""0""],[""compare"",""4"",""420000""],[""parameter"",""1"",[""plus"",""15"",[""mul"",""30"",""skill_level""]]],[""ability"",""#nAdditionally increase critical rate by 50 %%.#nRequired HP : %1!d!""],[""exist"",""-6""],[""desc"",""#nThe probability of Evasion of your party members including you increaes for 3 minutes.""]]",bango-file,jobsystem.dat,304
Wrath of Thief,2,,#nThe maximum HP value of your party members including you increaes for 3 minutes.,,active158,,,#nReduce defense by %1!d! %% for 10 seconds.#nRequired HP : %2!d!,,,35 30 skill_level * +,0,420000,weapon_range,,,thief-31,1,"[""thief""]","[""31""]","[""70"",""0""]","[""43"",""0""]","[""1"",""0""]","[""active"",""use""]","[""5"",""3"",""0"",""1"",""2"",""0"",""5"",""0""]","[[""parameter"",""1"",[""mul"",""10"",""skill_level""]],[""parameter"",""2"",[""plus"",""35"",[""mul"",""30"",""skill_level""]]]]","[""10 skill_level *"",""35 30 skill_level * +""]","[[""compare"",""1"",[""plus"",""35"",[""mul"",""30"",""skill_level""]]],[""compare"",""2"",""weapon_range""],[""compare"",""3"",""0""],[""compare"",""4"",""420000""]]","[""35 30 skill_level * +""]","[""weapon_range""]","[""0""]","[""420000""]","{""1"":""verified-ability-text-and-gitbook"",""2"":""unverified-for-class"",""3"":""unverified-for-class"",""4"":""unverified-for-class""}",[],"[""skill"",[""key"",""thief-31""],[""name"",""Wrath of Thief""],[""limit"",""thief""],[""action"",""31""],[""image"",""active158""],[""level"",""70"",""0""],[""grade"",""43"",""0""],[""maxlevel"",""1"",""0""],[""type"",""active"",""use""],[""property"",""5"",""3"",""0"",""1"",""2"",""0"",""5"",""0""],[""motion"",""0"",""20"",""none""],[""effect"","""","""",""""],[""sound"","""","""",""""],[""damagetype"",""2""],[""compare"",""1"",[""plus"",""35"",[""mul"",""30"",""skill_level""]]],[""compare"",""2"",""weapon_range""],[""compare"",""3"",""0""],[""compare"",""4"",""420000""],[""parameter"",""1"",[""mul"",""10"",""skill_level""]],[""parameter"",""2"",[""plus"",""35"",[""mul"",""30"",""skill_level""]]],[""ability"",""#nReduce defense by %1!d! %% for 10 seconds.#nRequired HP : %2!d!""],[""exist"",""-6""],[""desc"",""#nThe maximum HP value of your party members including you increaes for 3 minutes.""]]",bango-file,jobsystem.dat,307
Silence Step,1,,"#nThis skill is for light heels, and makes character's movement speedy.",,passive036,,,#nMovement speed in hiding increase from 70%% to 90%%.,,,,,,,,,thief-27,1,"[""thief""]","[""27""]","[""70"",""0""]","[""23"",""0""]","[""1"",""0""]","[""passive"",""etc""]","[""5"",""2"",""1"",""2"",""3"",""0"",""0"",""0""]",[],[],[],[],[],[],[],{},"[[""condition"",""6"",""1""]]","[""skill"",[""key"",""thief-27""],[""name"",""Silence Step""],[""limit"",""thief""],[""action"",""27""],[""image"",""passive036""],[""desc"",""#nThis skill is for light heels, and makes character's movement speedy.""],[""ability"",""#nMovement speed in hiding increase from 70%% to 90%%.""],[""level"",""70"",""0""],[""grade"",""23"",""0""],[""maxlevel"",""1"",""0""],[""type"",""passive"",""etc""],[""property"",""5"",""2"",""1"",""2"",""3"",""0"",""0"",""0""],[""condition"",""6"",""1""]]",bango-file,jobsystem.dat,314
Wrath of Heaven,2,,#nThis skill is to attack an enemy with a sword on which virulent poison is painted.#nOnly Hiding,,active156,,,#nConsuming MP : %1!d!,,,50 3 char_level skill_level + * +,899,"[""300000"",""280000"",""260000"",""240000"",""220000"",""200000""]",weapon_range,,,thief-33,1,"[""thief""]","[""33""]","[""70"",""0""]","[""23"",""0""]","[""6"",""0""]","[""active"",""use""]","[""5"",""2"",""0"",""1"",""0"",""0"",""5"",""0""]","[[""parameter"",""1"",[""plus"",""50"",[""mul"",""3"",[""plus"",""char_level"",""skill_level""]]]]]","[""50 3 char_level skill_level + * +""]","[[""compare"",""1"",[""plus"",""50"",[""mul"",""3"",[""plus"",""char_level"",""skill_level""]]]],[""compare"",""2"",""weapon_range""],[""compare"",""3"",""899""],[""compare"",""4"",""300000"",""280000"",""260000"",""240000"",""220000"",""200000""]]","[""50 3 char_level skill_level + * +""]","[""weapon_range""]","[""899""]","[""300000"",""280000"",""260000"",""240000"",""220000"",""200000""]","{""1"":""verified-ability-text-and-gitbook"",""2"":""unverified-for-class"",""3"":""unverified-for-class"",""4"":""unverified-for-class""}","[[""condition"",""6"",""1""]]","[""skill"",[""key"",""thief-33""],[""name"",""Wrath of Heaven""],[""limit"",""thief""],[""action"",""33""],[""image"",""active156""],[""desc"",""#nThis skill is to attack an enemy with a sword on which virulent poison is painted.#nOnly Hiding""],[""ability"",""#nConsuming MP : %1!d!""],[""parameter"",""1"",[""plus"",""50"",[""mul"",""3"",[""plus"",""char_level"",""skill_level""]]]],[""level"",""70"",""0""],[""grade"",""23"",""0""],[""maxlevel"",""6"",""0""],[""type"",""active"",""use""],[""compare"",""1"",[""plus"",""50"",[""mul"",""3"",[""plus"",""char_level"",""skill_level""]]]],[""compare"",""2"",""weapon_range""],[""compare"",""3"",""899""],[""compare"",""4"",""300000"",""280000"",""260000"",""240000"",""220000"",""200000""],[""property"",""5"",""2"",""0"",""1"",""0"",""0"",""5"",""0""],[""motion"",""32"",""33"",""none""],[""battleride"",""0""],[""effect"","""","""",""""],[""sound"","""","""",""""],[""damagetype"",""2""],[""exist"",""6""],[""condition"",""6"",""1""]]",bango-file,jobsystem.dat,329
Remove Sign,2,,#nThis skill is to lessen risk by keeping lower Rage point to your party including your character. ,,active160,,,#nThe accuracy rate of fatal attack for skill increases to 50%%.#nConsuming MP : %1!d!,,,15 30 skill_level * +,0,480000,weapon_range,,,thief-34,1,"[""thief""]","[""34""]","[""70"",""0""]","[""23"",""0""]","[""1"",""0""]","[""active"",""once""]","[""5"",""2"",""1"",""1"",""3"",""0"",""0"",""0""]","[[""parameter"",""1"",[""plus"",""15"",[""mul"",""30"",""skill_level""]]]]","[""15 30 skill_level * +""]","[[""compare"",""1"",[""plus"",""15"",[""mul"",""30"",""skill_level""]]],[""compare"",""2"",""weapon_range""],[""compare"",""3"",""0""],[""compare"",""4"",""480000""]]","[""15 30 skill_level * +""]","[""weapon_range""]","[""0""]","[""480000""]","{""1"":""verified-ability-text-and-gitbook"",""2"":""unverified-for-class"",""3"":""unverified-for-class"",""4"":""unverified-for-class""}",[],"[""skill"",[""key"",""thief-34""],[""name"",""Remove Sign""],[""limit"",""thief""],[""action"",""34""],[""image"",""active160""],[""desc"",""#nThis skill is to lessen risk by keeping lower Rage point to your party including your character. ""],[""ability"",""#nThe accuracy rate of fatal attack for skill increases to 50%%.#nConsuming MP : %1!d!""],[""parameter"",""1"",[""plus"",""15"",[""mul"",""30"",""skill_level""]]],[""level"",""70"",""0""],[""grade"",""23"",""0""],[""maxlevel"",""1"",""0""],[""type"",""active"",""once""],[""property"",""5"",""2"",""1"",""1"",""3"",""0"",""0"",""0""],[""motion"",""0"",""17"",""none""],[""effect"","""","""",""""],[""sound"","""","""",""""],[""damagetype"",""0""],[""compare"",""1"",[""plus"",""15"",[""mul"",""30"",""skill_level""]]],[""compare"",""2"",""weapon_range""],[""compare"",""3"",""0""],[""compare"",""4"",""480000""],[""battleride"",""1""],[""ridemotion"",""0"",""16"",""none""],[""riderange"",""10""],[""exist"",""-6""]]",bango-file,jobsystem.dat,354
Flame Dance,2,,#nFire guard is summoned.#nAny approached enemy is got flame damage.,,active161,,,#nDuration Time: 4 minutes#nConsuming MP : %2!d!,,,35 30 skill_level * +,0,600000,weapon_range,,,thief-35,1,"[""thief""]","[""35""]","[""70"",""0""]","[""23"",""0""]","[""3"",""0""]","[""active"",""use""]","[""5"",""2"",""0"",""1"",""2"",""0"",""5"",""0""]","[[""parameter"",""1"",[""mul"",""10"",""skill_level""]],[""parameter"",""2"",[""plus"",""35"",[""mul"",""30"",""skill_level""]]]]","[""10 skill_level *"",""35 30 skill_level * +""]","[[""compare"",""1"",[""plus"",""35"",[""mul"",""30"",""skill_level""]]],[""compare"",""2"",""weapon_range""],[""compare"",""3"",""0""],[""compare"",""4"",""600000""]]","[""35 30 skill_level * +""]","[""weapon_range""]","[""0""]","[""600000""]","{""1"":""verified-ability-text-and-gitbook"",""2"":""unverified-for-class"",""3"":""unverified-for-class"",""4"":""unverified-for-class""}",[],"[""skill"",[""key"",""thief-35""],[""name"",""Flame Dance""],[""limit"",""thief""],[""action"",""35""],[""image"",""active161""],[""desc"",""#nFire guard is summoned.#nAny approached enemy is got flame damage.""],[""ability"",""#nDuration Time: 4 minutes#nConsuming MP : %2!d!""],[""parameter"",""1"",[""mul"",""10"",""skill_level""]],[""parameter"",""2"",[""plus"",""35"",[""mul"",""30"",""skill_level""]]],[""level"",""70"",""0""],[""grade"",""23"",""0""],[""maxlevel"",""3"",""0""],[""type"",""active"",""use""],[""property"",""5"",""2"",""0"",""1"",""2"",""0"",""5"",""0""],[""motion"",""0"",""20"",""none""],[""battleride"",""1""],[""ridemotion"",""0"",""16"",""none""],[""riderange"",""10""],[""effect"","""","""",""""],[""sound"","""","""",""""],[""damagetype"",""2""],[""compare"",""1"",[""plus"",""35"",[""mul"",""30"",""skill_level""]]],[""compare"",""2"",""weapon_range""],[""compare"",""3"",""0""],[""compare"",""4"",""600000""],[""exist"",""-6""]]",bango-file,jobsystem.dat,368
Weak Point Detection,1,,#nThe fatal attack rate increases by 1% per one character level increase.#nSkill-level can increase till 8.,,passive037,,,#nIncrease Critical Rate %1!d! %%,,,,,,,,,thief-37,1,"[""thief""]","[""37""]","[""60"",""0""]","[""1"",""1""]","[""8"",""0""]","[""passive"",""etc""]","[""5"",""2"",""1"",""2"",""3"",""0"",""0"",""0""]","[[""parameter"",""1"",[""mul"",""1"",""skill_level""]]]","[""1 skill_level *""]",[],[],[],[],[],{},[],"[""skill"",[""key"",""thief-37""],[""name"",""Weak Point Detection""],[""limit"",""thief""],[""action"",""37""],[""image"",""passive037""],[""desc"",""#nThe fatal attack rate increases by 1% per one character level increase.#nSkill-level can increase till 8.""],[""ability"",""#nIncrease Critical Rate %1!d! %%""],[""parameter"",""1"",[""mul"",""1"",""skill_level""]],[""level"",""60"",""0""],[""grade"",""1"",""1""],[""maxlevel"",""8"",""0""],[""type"",""passive"",""etc""],[""property"",""5"",""2"",""1"",""2"",""3"",""0"",""0"",""0""]]",bango-file,jobsystem.dat,391
Counter offensive,2,,"#nIf a Counter offensive is activated,#n some amount of received damage will be reflected to enemies within a certain range.",,active173,,,#nEnergy used : %1!d!,,,50 30 skill_level * +,0,90000,weapon_range,,,thief-63,1,"[""thief""]","[""63""]","[""63"",""0""]","[""11"",""0""]","[""5"",""0""]","[""active"",""once""]","[""5"",""2"",""1"",""1"",""3"",""0"",""0"",""0""]","[[""parameter"",""1"",[""plus"",""50"",[""mul"",""30"",""skill_level""]]]]","[""50 30 skill_level * +""]","[[""compare"",""1"",[""plus"",""50"",[""mul"",""30"",""skill_level""]]],[""compare"",""2"",""weapon_range""],[""compare"",""3"",""0""],[""compare"",""4"",""90000""]]","[""50 30 skill_level * +""]","[""weapon_range""]","[""0""]","[""90000""]","{""1"":""verified-ability-text-and-gitbook"",""2"":""unverified-for-class"",""3"":""unverified-for-class"",""4"":""unverified-for-class""}",[],"[""skill"",[""key"",""thief-63""],[""name"",""Counter offensive""],[""limit"",""thief""],[""action"",""63""],[""image"",""active173""],[""desc"",""#nIf a Counter offensive is activated,#n some amount of received damage will be reflected to enemies within a certain range.""],[""ability"",""#nEnergy used : %1!d!""],[""level"",""63"",""0""],[""grade"",""11"",""0""],[""maxlevel"",""5"",""0""],[""type"",""active"",""once""],[""motion"",""0"",""17"",""none""],[""ridemotion"",""29"",""30"",""none""],[""battleride"",""1""],[""riderange"",""10""],[""damagetype"",""0""],[""exist"",""-6""],[""compare"",""1"",[""plus"",""50"",[""mul"",""30"",""skill_level""]]],[""compare"",""2"",""weapon_range""],[""compare"",""3"",""0""],[""compare"",""4"",""90000""],[""parameter"",""1"",[""plus"",""50"",[""mul"",""30"",""skill_level""]]],[""property"",""5"",""2"",""1"",""1"",""3"",""0"",""0"",""0""]]",bango-file,jobsystem.dat,408
Blessing of Son of the Sky,1,,#nPower(physical/magical) is increased,,passive027,,,#nPower is increased by %1!d! %%,,,0,0,0,0,,,thief-70,1,"[""thief""]","[""70""]","[""70"",""75"",""80"",""85"",""90"",""95"",""100"",""0""]","[""23"",""0""]","[""1"",""2"",""3"",""4"",""5"",""6"",""7"",""0""]","[""passive"",""etc""]","[""0"",""0"",""1"",""2"",""9"",""0"",""0"",""0""]","[[""parameter"",""1"",[""plus"",""8"",[""mul"",""4"",[""minus"",""skill_level"",""1""]]]]]","[""8 4 skill_level 1 - * +""]","[[""compare"",""1"",""0""],[""compare"",""2"",""0""],[""compare"",""3"",""0""],[""compare"",""4"",""0""]]","[""0""]","[""0""]","[""0""]","[""0""]","{""1"":""verified-ability-text-and-gitbook"",""2"":""unverified-for-class"",""3"":""unverified-for-class"",""4"":""unverified-for-class""}",[],"[""skill"",[""key"",""thief-70""],[""name"",""Blessing of Son of the Sky""],[""limit"",""thief""],[""action"",""70""],[""image"",""passive027""],[""desc"",""#nPower(physical/magical) is increased""],[""ability"",""#nPower is increased by %1!d! %%""],[""parameter"",""1"",[""plus"",""8"",[""mul"",""4"",[""minus"",""skill_level"",""1""]]]],[""level"",""70"",""75"",""80"",""85"",""90"",""95"",""100"",""0""],[""grade"",""23"",""0""],[""maxlevel"",""1"",""2"",""3"",""4"",""5"",""6"",""7"",""0""],[""type"",""passive"",""etc""],[""compare"",""1"",""0""],[""compare"",""2"",""0""],[""compare"",""3"",""0""],[""compare"",""4"",""0""],[""motion"",""0"",""0"",""none""],[""damagetype"",""0""],[""property"",""0"",""0"",""1"",""2"",""9"",""0"",""0"",""0""]]",bango-file,jobsystem.dat,432
Blessing of Son of the Sky,1,,#nPower(physical/magical) is increased,,passive027,,,#nPower is increased by %1!d! %%,,,0,0,0,0,,,thief-71,1,"[""thief""]","[""71""]","[""70"",""75"",""80"",""85"",""90"",""95"",""100"",""0""]","[""43"",""0""]","[""1"",""2"",""3"",""4"",""5"",""6"",""7"",""0""]","[""passive"",""etc""]","[""0"",""0"",""1"",""2"",""9"",""0"",""0"",""0""]","[[""parameter"",""1"",[""plus"",""8"",[""mul"",""4"",[""minus"",""skill_level"",""1""]]]]]","[""8 4 skill_level 1 - * +""]","[[""compare"",""1"",""0""],[""compare"",""2"",""0""],[""compare"",""3"",""0""],[""compare"",""4"",""0""]]","[""0""]","[""0""]","[""0""]","[""0""]","{""1"":""verified-ability-text-and-gitbook"",""2"":""unverified-for-class"",""3"":""unverified-for-class"",""4"":""unverified-for-class""}",[],"[""skill"",[""key"",""thief-71""],[""name"",""Blessing of Son of the Sky""],[""limit"",""thief""],[""action"",""71""],[""image"",""passive027""],[""desc"",""#nPower(physical/magical) is increased""],[""ability"",""#nPower is increased by %1!d! %%""],[""parameter"",""1"",[""plus"",""8"",[""mul"",""4"",[""minus"",""skill_level"",""1""]]]],[""level"",""70"",""75"",""80"",""85"",""90"",""95"",""100"",""0""],[""grade"",""43"",""0""],[""maxlevel"",""1"",""2"",""3"",""4"",""5"",""6"",""7"",""0""],[""type"",""passive"",""etc""],[""compare"",""1"",""0""],[""compare"",""2"",""0""],[""compare"",""3"",""0""],[""compare"",""4"",""0""],[""motion"",""0"",""0"",""none""],[""damagetype"",""0""],[""property"",""0"",""0"",""1"",""2"",""9"",""0"",""0"",""0""]]",bango-file,jobsystem.dat,454
Artillery,1,,#nYou may assemble and control the weapon of castle siege.,,passive021,,,,,,0,0,0,0,,,thief-80,1,"[""thief""]","[""80""]","[""50"",""0""]","[""7"",""0""]","[""1"",""0""]","[""passive"",""etc""]","[""0"",""0"",""1"",""1"",""9"",""0""]",[],[],"[[""compare"",""1"",""0""],[""compare"",""2"",""0""],[""compare"",""3"",""0""],[""compare"",""4"",""0""]]","[""0""]","[""0""]","[""0""]","[""0""]","{""1"":""verified-ability-text-and-gitbook"",""2"":""unverified-for-class"",""3"":""unverified-for-class"",""4"":""unverified-for-class""}",[],"[""skill"",[""key"",""thief-80""],[""name"",""Artillery""],[""limit"",""thief""],[""action"",""80""],[""image"",""passive021""],[""desc"",""#nYou may assemble and control the weapon of castle siege.""],[""level"",""50"",""0""],[""grade"",""7"",""0""],[""maxlevel"",""1"",""0""],[""type"",""passive"",""etc""],[""compare"",""1"",""0""],[""compare"",""2"",""0""],[""compare"",""3"",""0""],[""compare"",""4"",""0""],[""motion"",""0"",""0"",""none""],[""damagetype"",""0""],[""property"",""0"",""0"",""1"",""1"",""9"",""0""]]",bango-file,jobsystem.dat,476
Artillery,1,,#nYou may assemble and control the weapon of castle siege.,,passive021,,,,,,0,0,0,0,,,thief-81,1,"[""thief""]","[""81""]","[""50"",""0""]","[""11"",""0""]","[""1"",""0""]","[""passive"",""etc""]","[""0"",""0"",""1"",""1"",""9"",""0""]",[],[],"[[""compare"",""1"",""0""],[""compare"",""2"",""0""],[""compare"",""3"",""0""],[""compare"",""4"",""0""]]","[""0""]","[""0""]","[""0""]","[""0""]","{""1"":""verified-ability-text-and-gitbook"",""2"":""unverified-for-class"",""3"":""unverified-for-class"",""4"":""unverified-for-class""}",[],"[""skill"",[""key"",""thief-81""],[""name"",""Artillery""],[""limit"",""thief""],[""action"",""81""],[""image"",""passive021""],[""desc"",""#nYou may assemble and control the weapon of castle siege.""],[""level"",""50"",""0""],[""grade"",""11"",""0""],[""maxlevel"",""1"",""0""],[""type"",""passive"",""etc""],[""compare"",""1"",""0""],[""compare"",""2"",""0""],[""compare"",""3"",""0""],[""compare"",""4"",""0""],[""motion"",""0"",""0"",""none""],[""damagetype"",""0""],[""property"",""0"",""0"",""1"",""1"",""9"",""0""]]",bango-file,jobsystem.dat,495
Mystery Skill of Accuracy,1,,#nThe Mystery skills of Son of the sky which improves On-target.,,passive039,,,#nOn-target point increases by %1!d!.,,,0,0,0,0,,,thief-85,1,"[""thief""]","[""85""]","[""81"",""0""]","[""0"",""0""]","[""20"",""0""]","[""passive"",""etc""]","[""0"",""0"",""1"",""2"",""3"",""0"",""0"",""0"",""1""]","[[""parameter"",""1"",[""mul"",""skill_level"",""8""]]]","[""skill_level 8 *""]","[[""compare"",""1"",""0""],[""compare"",""2"",""0""],[""compare"",""3"",""0""],[""compare"",""4"",""0""]]","[""0""]","[""0""]","[""0""]","[""0""]","{""1"":""verified-ability-text-and-gitbook"",""2"":""unverified-for-class"",""3"":""unverified-for-class"",""4"":""unverified-for-class""}",[],"[""skill"",[""key"",""thief-85""],[""name"",""Mystery Skill of Accuracy""],[""action"",""85""],[""limit"",""thief""],[""image"",""passive039""],[""desc"",""#nThe Mystery skills of Son of the sky which improves On-target.""],[""ability"",""#nOn-target point increases by %1!d!.""],[""parameter"",""1"",[""mul"",""skill_level"",""8""]],[""level"",""81"",""0""],[""grade"",""0"",""0""],[""maxlevel"",""20"",""0""],[""type"",""passive"",""etc""],[""compare"",""1"",""0""],[""compare"",""2"",""0""],[""compare"",""3"",""0""],[""compare"",""4"",""0""],[""motion"",""0"",""0"",""none""],[""damagetype"",""0""],[""property"",""0"",""0"",""1"",""2"",""3"",""0"",""0"",""0"",""1""]]",bango-file,jobsystem.dat,516
Mystery skill of Evasion,1,,#nThe Mystery skills of Son of the sky which improves Evasion.,,passive039,,,#nOn-evasion point increases by %1!d!.,,,0,0,0,0,,,thief-86,1,"[""thief""]","[""86""]","[""81"",""0""]","[""0"",""0""]","[""20"",""0""]","[""passive"",""etc""]","[""0"",""0"",""1"",""2"",""3"",""0"",""0"",""0"",""1""]","[[""parameter"",""1"",[""mul"",""skill_level"",""6""]]]","[""skill_level 6 *""]","[[""compare"",""1"",""0""],[""compare"",""2"",""0""],[""compare"",""3"",""0""],[""compare"",""4"",""0""]]","[""0""]","[""0""]","[""0""]","[""0""]","{""1"":""verified-ability-text-and-gitbook"",""2"":""unverified-for-class"",""3"":""unverified-for-class"",""4"":""unverified-for-class""}",[],"[""skill"",[""key"",""thief-86""],[""name"",""Mystery skill of Evasion""],[""limit"",""thief""],[""action"",""86""],[""image"",""passive039""],[""desc"",""#nThe Mystery skills of Son of the sky which improves Evasion.""],[""ability"",""#nOn-evasion point increases by %1!d!.""],[""parameter"",""1"",[""mul"",""skill_level"",""6""]],[""level"",""81"",""0""],[""grade"",""0"",""0""],[""maxlevel"",""20"",""0""],[""type"",""passive"",""etc""],[""compare"",""1"",""0""],[""compare"",""2"",""0""],[""compare"",""3"",""0""],[""compare"",""4"",""0""],[""motion"",""0"",""0"",""none""],[""damagetype"",""0""],[""property"",""0"",""0"",""1"",""2"",""3"",""0"",""0"",""0"",""1""]]",bango-file,jobsystem.dat,538
Mystery skill of Defense,1,,#nThe Mystery skills of Son of the sky which improves Defense.,,passive039,,,#nOn-defense point increases by %1!d!.,,,0,0,0,0,,,thief-87,1,"[""thief""]","[""87""]","[""81"",""0""]","[""0"",""0""]","[""20"",""0""]","[""passive"",""etc""]","[""0"",""0"",""1"",""2"",""3"",""0"",""0"",""0"",""1""]","[[""parameter"",""1"",[""plus"",""31"",[""mul"",""7"",[""minus"",""skill_level"",""1""]]]]]","[""31 7 skill_level 1 - * +""]","[[""compare"",""1"",""0""],[""compare"",""2"",""0""],[""compare"",""3"",""0""],[""compare"",""4"",""0""]]","[""0""]","[""0""]","[""0""]","[""0""]","{""1"":""verified-ability-text-and-gitbook"",""2"":""unverified-for-class"",""3"":""unverified-for-class"",""4"":""unverified-for-class""}",[],"[""skill"",[""key"",""thief-87""],[""name"",""Mystery skill of Defense""],[""limit"",""thief""],[""action"",""87""],[""image"",""passive039""],[""desc"",""#nThe Mystery skills of Son of the sky which improves Defense.""],[""ability"",""#nOn-defense point increases by %1!d!.""],[""parameter"",""1"",[""plus"",""31"",[""mul"",""7"",[""minus"",""skill_level"",""1""]]]],[""level"",""81"",""0""],[""grade"",""0"",""0""],[""maxlevel"",""20"",""0""],[""type"",""passive"",""etc""],[""compare"",""1"",""0""],[""compare"",""2"",""0""],[""compare"",""3"",""0""],[""compare"",""4"",""0""],[""motion"",""0"",""0"",""none""],[""damagetype"",""0""],[""property"",""0"",""0"",""1"",""2"",""3"",""0"",""0"",""0"",""1""]]",bango-file,jobsystem.dat,561
Walk on the Air,,,"#n It is faster than the Skill Run. Plus,#n its speed gets increased as well.#n When the player is in a situation of reiteration,#n use of this skill will be stopped.#n A situation that is not possible for the reiteration :#n Run, Speed Up, Emergency Escape, Potion of Increase#n Buff for Speed of Movement.",,active178,,,,,,6,,,,,,thief-88,1,"[""thief""]","[""88""]","[""91"",""0""]",[],"[""10"",""0""]","[""chant"",""once""]","[""1000"",""0"",""0"",""0"",""0"",""0"",""0"",""0""]",[],[],"[[""compare"",""1"",""6""]]","[""6""]",[],[],[],"{""1"":""verified-ability-text-and-gitbook""}",[],"[""skill"",[""key"",""thief-88""],[""name"",""Walk on the Air""],[""limit"",""thief""],[""action"",""88""],[""image"",""active178""],[""desc"",""#n It is faster than the Skill Run. Plus,#n its speed gets increased as well.#n When the player is in a situation of reiteration,#n use of this skill will be stopped.#n A situation that is not possible for the reiteration :#n Run, Speed Up, Emergency Escape, Potion of Increase#n Buff for Speed of Movement.""],[""level"",""91"",""0""],[""maxlevel"",""10"",""0""],[""property"",""1000"",""0"",""0"",""0"",""0"",""0"",""0"",""0""],[""type"",""chant"",""once""],[""compare"",""1"",""6""],[""awakenskill"",""1""]]",bango-file,jobsystem.dat,583
Evolution of Mana Circulation,1,,#n Health and energy recover faster#n than the Skill Rest.,,passive040,,,,,,0,0,0,0,,,thief-89,1,"[""thief""]","[""89""]","[""91"",""0""]","[""11"",""1""]","[""10"",""0""]","[""passive"",""etc""]","[""0"",""0"",""1"",""1"",""9"",""0"",""0"",""0""]",[],[],"[[""compare"",""1"",""0""],[""compare"",""2"",""0""],[""compare"",""3"",""0""],[""compare"",""4"",""0""]]","[""0""]","[""0""]","[""0""]","[""0""]","{""1"":""verified-ability-text-and-gitbook"",""2"":""unverified-for-class"",""3"":""unverified-for-class"",""4"":""unverified-for-class""}",[],"[""skill"",[""key"",""thief-89""],[""name"",""Evolution of Mana Circulation""],[""limit"",""thief""],[""action"",""89""],[""image"",""passive040""],[""desc"",""#n Health and energy recover faster#n than the Skill Rest.""],[""level"",""91"",""0""],[""grade"",""11"",""1""],[""maxlevel"",""10"",""0""],[""type"",""passive"",""etc""],[""compare"",""1"",""0""],[""compare"",""2"",""0""],[""compare"",""3"",""0""],[""compare"",""4"",""0""],[""motion"",""0"",""0"",""none""],[""damagetype"",""0""],[""property"",""0"",""0"",""1"",""1"",""9"",""0"",""0"",""0""],[""awakenskill"",""1""]]",bango-file,jobsystem.dat,597
Critical Strike,2,,#n Give the strong Physical Damage#n to the approached single target. ,,active185,,,,,,50 3 char_level skill_level + * +,0,1000 320 20 skill_level 1 - * - *,weapon_range,,,thief-90,1,"[""thief""]","[""90""]","[""91"",""96"",""101"",""0""]","[""23"",""1""]","[""1"",""2"",""3"",""0""]","[""active"",""use""]","[""1"",""1"",""0"",""0"",""0"",""0"",""5"",""0""]",[],[],"[[""compare"",""1"",[""plus"",""50"",[""mul"",""3"",[""plus"",""char_level"",""skill_level""]]]],[""compare"",""2"",""weapon_range""],[""compare"",""3"",""0""],[""compare"",""4"",[""mul"",""1000"",[""minus"",""320"",[""mul"",""20"",[""minus"",""skill_level"",""1""]]]]]]","[""50 3 char_level skill_level + * +""]","[""weapon_range""]","[""0""]","[""1000 320 20 skill_level 1 - * - *""]","{""1"":""verified-ability-text-and-gitbook"",""2"":""unverified-for-class"",""3"":""unverified-for-class"",""4"":""unverified-for-class""}",[],"[""skill"",[""key"",""thief-90""],[""name"",""Critical Strike""],[""limit"",""thief""],[""action"",""90""],[""image"",""active185""],[""desc"",""#n Give the strong Physical Damage#n to the approached single target. ""],[""level"",""91"",""96"",""101"",""0""],[""grade"",""23"",""1""],[""maxlevel"",""1"",""2"",""3"",""0""],[""type"",""active"",""use""],[""compare"",""1"",[""plus"",""50"",[""mul"",""3"",[""plus"",""char_level"",""skill_level""]]]],[""compare"",""2"",""weapon_range""],[""compare"",""3"",""0""],[""compare"",""4"",[""mul"",""1000"",[""minus"",""320"",[""mul"",""20"",[""minus"",""skill_level"",""1""]]]]],[""motion"",""0"",""3"",""none""],[""ridemotion"",""29"",""30"",""none""],[""battleride"",""1""],[""riderange"",""10""],[""effect"","""","""",""""],[""dathieftype"",""1""],[""property"",""1"",""1"",""0"",""0"",""0"",""0"",""5"",""0""],[""awakenskill"",""1""]]",bango-file,jobsystem.dat,618
Strike of God,2,,#n Ignore the Defense Skill and#n strikes the attack on the wide area. ,,active186,,,,,,180 1.25 skill_level char_level skill_level + * * +,0,1000 240 20 skill_level 1 - * - *,64,,,thief-91,1,"[""thief""]","[""91""]","[""91"",""96"",""101"",""0""]","[""43"",""1""]","[""1"",""2"",""3"",""0""]","[""active"",""once""]","[""1"",""1"",""0"",""0"",""0"",""0"",""5"",""0""]",[],[],"[[""compare"",""1"",[""plus"",""180"",[""mul"",""1.25"",[""mul"",""skill_level"",[""plus"",""char_level"",""skill_level""]]]]],[""compare"",""2"",""64""],[""compare"",""3"",""0""],[""compare"",""4"",[""mul"",""1000"",[""minus"",""240"",[""mul"",""20"",[""minus"",""skill_level"",""1""]]]]]]","[""180 1.25 skill_level char_level skill_level + * * +""]","[""64""]","[""0""]","[""1000 240 20 skill_level 1 - * - *""]","{""1"":""verified-ability-text-and-gitbook"",""2"":""unverified-for-class"",""3"":""unverified-for-class"",""4"":""unverified-for-class""}",[],"[""skill"",[""key"",""thief-91""],[""name"",""Strike of God""],[""limit"",""thief""],[""action"",""91""],[""image"",""active186""],[""desc"",""#n Ignore the Defense Skill and#n strikes the attack on the wide area. ""],[""level"",""91"",""96"",""101"",""0""],[""grade"",""43"",""1""],[""maxlevel"",""1"",""2"",""3"",""0""],[""type"",""active"",""once""],[""compare"",""1"",[""plus"",""180"",[""mul"",""1.25"",[""mul"",""skill_level"",[""plus"",""char_level"",""skill_level""]]]]],[""compare"",""2"",""64""],[""compare"",""3"",""0""],[""compare"",""4"",[""mul"",""1000"",[""minus"",""240"",[""mul"",""20"",[""minus"",""skill_level"",""1""]]]]],[""motion"",""0"",""15"",""none""],[""ridemotion"",""25"",""26"",""none""],[""battleride"",""1""],[""riderange"",""10""],[""effect"","""","""",""""],[""dathieftype"",""1""],[""property"",""1"",""1"",""0"",""0"",""0"",""0"",""5"",""0""],[""awakenskill"",""1""]]",bango-file,jobsystem.dat,640
Critical Diffusion,2,,#n Increase the critical hit Damage#n of party members that are within#n a certain radius around you.,,active193,,,,,,180 1.25 skill_level char_level skill_level + * * +,0,1000 200 20 skill_level 1 - * - *,64,,,thief-92,1,"[""thief""]","[""92""]","[""91"",""96"",""101"",""0""]","[""23"",""1""]","[""1"",""2"",""3"",""0""]","[""active"",""once""]","[""1"",""1"",""0"",""0"",""0"",""0"",""5"",""0""]",[],[],"[[""compare"",""1"",[""plus"",""180"",[""mul"",""1.25"",[""mul"",""skill_level"",[""plus"",""char_level"",""skill_level""]]]]],[""compare"",""2"",""64""],[""compare"",""3"",""0""],[""compare"",""4"",[""mul"",""1000"",[""minus"",""200"",[""mul"",""20"",[""minus"",""skill_level"",""1""]]]]]]","[""180 1.25 skill_level char_level skill_level + * * +""]","[""64""]","[""0""]","[""1000 200 20 skill_level 1 - * - *""]","{""1"":""verified-ability-text-and-gitbook"",""2"":""unverified-for-class"",""3"":""unverified-for-class"",""4"":""unverified-for-class""}",[],"[""skill"",[""key"",""thief-92""],[""name"",""Critical Diffusion""],[""limit"",""thief""],[""action"",""92""],[""image"",""active193""],[""desc"",""#n Increase the critical hit Damage#n of party members that are within#n a certain radius around you.""],[""level"",""91"",""96"",""101"",""0""],[""grade"",""23"",""1""],[""maxlevel"",""1"",""2"",""3"",""0""],[""type"",""active"",""once""],[""compare"",""1"",[""plus"",""180"",[""mul"",""1.25"",[""mul"",""skill_level"",[""plus"",""char_level"",""skill_level""]]]]],[""compare"",""2"",""64""],[""compare"",""3"",""0""],[""compare"",""4"",[""mul"",""1000"",[""minus"",""200"",[""mul"",""20"",[""minus"",""skill_level"",""1""]]]]],[""motion"",""0"",""4"",""none""],[""ridemotion"",""29"",""30"",""none""],[""battleride"",""1""],[""riderange"",""10""],[""effect"","""","""",""""],[""dathieftype"",""1""],[""property"",""1"",""1"",""0"",""0"",""0"",""0"",""5"",""0""],[""awakenskill"",""1""]]",bango-file,jobsystem.dat,662
Destroying Armor,2,,#n Give the damage to all of the enemies#n that are within a certain radius around#n you while ignoring their defense.,,active194,,,,,,180 1.25 skill_level char_level skill_level + * * +,0,200000,weapon_range,,,thief-93,1,"[""thief""]","[""93""]","[""91"",""96"",""101"",""0""]","[""43"",""1""]","[""1"",""2"",""3"",""0""]","[""active"",""once""]","[""1"",""1"",""0"",""0"",""0"",""0"",""5"",""0""]",[],[],"[[""compare"",""1"",[""plus"",""180"",[""mul"",""1.25"",[""mul"",""skill_level"",[""plus"",""char_level"",""skill_level""]]]]],[""compare"",""2"",""weapon_range""],[""compare"",""3"",""0""],[""compare"",""4"",""200000""]]","[""180 1.25 skill_level char_level skill_level + * * +""]","[""weapon_range""]","[""0""]","[""200000""]","{""1"":""verified-ability-text-and-gitbook"",""2"":""unverified-for-class"",""3"":""unverified-for-class"",""4"":""unverified-for-class""}",[],"[""skill"",[""key"",""thief-93""],[""name"",""Destroying Armor""],[""limit"",""thief""],[""action"",""93""],[""image"",""active194""],[""desc"",""#n Give the damage to all of the enemies#n that are within a certain radius around#n you while ignoring their defense.""],[""level"",""91"",""96"",""101"",""0""],[""grade"",""43"",""1""],[""maxlevel"",""1"",""2"",""3"",""0""],[""type"",""active"",""once""],[""compare"",""1"",[""plus"",""180"",[""mul"",""1.25"",[""mul"",""skill_level"",[""plus"",""char_level"",""skill_level""]]]]],[""compare"",""2"",""weapon_range""],[""compare"",""3"",""0""],[""compare"",""4"",""200000""],[""motion"",""0"",""16"",""none""],[""ridemotion"",""25"",""26"",""none""],[""battleride"",""1""],[""riderange"",""10""],[""effect"","""","""",""""],[""dathieftype"",""1""],[""property"",""1"",""1"",""0"",""0"",""0"",""0"",""5"",""0""],[""awakenskill"",""1""]]",bango-file,jobsystem.dat,684
Attack of Dark Shadow,1,,#n Give the Critical Hit when you are#n satisfied with the certain number of hit ,,passive041,,,,,,0,0,0,0,,,thief-94,1,"[""thief""]","[""94""]","[""96"",""0""]","[""11"",""1""]","[""2"",""0""]","[""passive"",""etc""]","[""0"",""0"",""1"",""1"",""9"",""0"",""0"",""0""]",[],[],"[[""compare"",""1"",""0""],[""compare"",""2"",""0""],[""compare"",""3"",""0""],[""compare"",""4"",""0""]]","[""0""]","[""0""]","[""0""]","[""0""]","{""1"":""verified-ability-text-and-gitbook"",""2"":""unverified-for-class"",""3"":""unverified-for-class"",""4"":""unverified-for-class""}",[],"[""skill"",[""key"",""thief-94""],[""name"",""Attack of Dark Shadow""],[""limit"",""thief""],[""action"",""94""],[""image"",""passive041""],[""desc"",""#n Give the Critical Hit when you are#n satisfied with the certain number of hit ""],[""level"",""96"",""0""],[""grade"",""11"",""1""],[""maxlevel"",""2"",""0""],[""type"",""passive"",""etc""],[""compare"",""1"",""0""],[""compare"",""2"",""0""],[""compare"",""3"",""0""],[""compare"",""4"",""0""],[""motion"",""0"",""19"",""none""],[""damagetype"",""0""],[""property"",""0"",""0"",""1"",""1"",""9"",""0"",""0"",""0""],[""awakenskill"",""1""]]",bango-file,jobsystem.dat,706
Weapon Mastery,1,,#nHandles weapon well#nfor giving more damage to the enemy.,,passive001,,,#nOn-target Poin + %1!d! Min/Max Attack + %2!d!,,,,,,,,,knight-2,1,"[""knight""]","[""2""]","[""1"",""0""]","[""1"",""0""]","[""20"",""0""]","[""passive"",""etc""]","[""1"",""1"",""1"",""1"",""9"",""0"",""0"",""0""]","[[""parameter"",""1"",[""plus"",[""div"",""skill_level"",""2""],[""divint"",""skill_level"",""21""]]],[""parameter"",""2"",[""plus"",[""plus"",""1"",[""div"",""skill_level"",""2""]],[""divint"",""skill_level"",""21""]]]]","[""skill_level 2 / skill_level 21 divint +"",""1 skill_level 2 / + skill_level 21 divint +""]",[],[],[],[],[],{},[],"[""skill"",[""key"",""knight-2""],[""name"",""Weapon Mastery""],[""limit"",""knight""],[""action"",""2""],[""image"",""passive001""],[""desc"",""#nHandles weapon well#nfor giving more damage to the enemy.""],[""ability"",""#nOn-target Poin + %1!d! Min/Max Attack + %2!d!""],[""parameter"",""1"",[""plus"",[""div"",""skill_level"",""2""],[""divint"",""skill_level"",""21""]]],[""parameter"",""2"",[""plus"",[""plus"",""1"",[""div"",""skill_level"",""2""]],[""divint"",""skill_level"",""21""]]],[""level"",""1"",""0""],[""grade"",""1"",""0""],[""maxlevel"",""20"",""0""],[""type"",""passive"",""etc""],[""property"",""1"",""1"",""1"",""1"",""9"",""0"",""0"",""0""]]",bango-file,jobsystem.dat,731
Lightning Slash,2,,#nUsing normalsword skills with#ncontroling of wrist#nfor more powerful attack.,,active003,,,#nAdd. attack point + %1!d!#nAdd. On-target point + %2!d!#nEnergy used : %3!d!,,,10 skill_level +,0,700,weapon_range,,,knight-3,1,"[""knight""]","[""3""]","[""5"",""0""]","[""1"",""0""]","[""10"",""0""]","[""active"",""use""]","[""1"",""1"",""0"",""0"",""0"",""0"",""5"",""0""]","[[""parameter"",""1"",[""mul"",""skill_level"",""8""]],[""parameter"",""2"",[""div"",""skill_level"",""2""]],[""parameter"",""3"",[""plus"",""10"",""skill_level""]]]","[""skill_level 8 *"",""skill_level 2 /"",""10 skill_level +""]","[[""compare"",""1"",[""plus"",""10"",""skill_level""]],[""compare"",""2"",""weapon_range""],[""compare"",""3"",""0""],[""compare"",""4"",""700""]]","[""10 skill_level +""]","[""weapon_range""]","[""0""]","[""700""]","{""1"":""verified-ability-text-and-gitbook"",""2"":""gitbook-verified-for-class"",""3"":""gitbook-verified-for-class"",""4"":""gitbook-verified-for-class""}",[],"[""skill"",[""key"",""knight-3""],[""name"",""Lightning Slash""],[""limit"",""knight""],[""action"",""3""],[""image"",""active003""],[""desc"",""#nUsing normalsword skills with#ncontroling of wrist#nfor more powerful attack.""],[""ability"",""#nAdd. attack point + %1!d!#nAdd. On-target point + %2!d!#nEnergy used : %3!d!""],[""parameter"",""1"",[""mul"",""skill_level"",""8""]],[""parameter"",""2"",[""div"",""skill_level"",""2""]],[""parameter"",""3"",[""plus"",""10"",""skill_level""]],[""level"",""5"",""0""],[""grade"",""1"",""0""],[""maxlevel"",""10"",""0""],[""type"",""active"",""use""],[""compare"",""1"",[""plus"",""10"",""skill_level""]],[""compare"",""2"",""weapon_range""],[""compare"",""3"",""0""],[""compare"",""4"",""700""],[""motion"",""0"",""2"",""attackauto""],[""ridemotion"",""0"",""2"",""attackauto""],[""battleride"",""1""],[""effect"","""","""",""""],[""damagetype"",""1""],[""property"",""1"",""1"",""0"",""0"",""0"",""0"",""5"",""0""]]",bango-file,jobsystem.dat,747
Mockery ,2,,#nMocks the opponent for increasing the hostility.,,active012,,,#nHostility + %1!d!#nEnergy used : %2!d!,,,10 skill_level +,0,5000,115 skill_level 7 * +,,,knight-4,1,"[""knight""]","[""4""]","[""18"",""0""]","[""1"",""2""]","[""5"",""0""]","[""active"",""use""]","[""1"",""1"",""0"",""0"",""9"",""0"",""5"",""0""]","[[""parameter"",""1"",[""plus"",""50"",[""mul"",""150"",""skill_level""]]],[""parameter"",""2"",[""plus"",""10"",""skill_level""]]]","[""50 150 skill_level * +"",""10 skill_level +""]","[[""compare"",""1"",[""plus"",""10"",""skill_level""]],[""compare"",""2"",[""plus"",""115"",[""mul"",""skill_level"",""7""]]],[""compare"",""3"",""0""],[""compare"",""4"",""5000""]]","[""10 skill_level +""]","[""115 skill_level 7 * +""]","[""0""]","[""5000""]","{""1"":""verified-ability-text-and-gitbook"",""2"":""gitbook-verified-for-class"",""3"":""gitbook-verified-for-class"",""4"":""gitbook-verified-for-class""}",[],"[""skill"",[""key"",""knight-4""],[""name"",""Mockery ""],[""limit"",""knight""],[""action"",""4""],[""image"",""active012""],[""desc"",""#nMocks the opponent for increasing the hostility.""],[""ability"",""#nHostility + %1!d!#nEnergy used : %2!d!""],[""parameter"",""1"",[""plus"",""50"",[""mul"",""150"",""skill_level""]]],[""parameter"",""2"",[""plus"",""10"",""skill_level""]],[""level"",""18"",""0""],[""grade"",""1"",""2""],[""maxlevel"",""5"",""0""],[""type"",""active"",""use""],[""compare"",""1"",[""plus"",""10"",""skill_level""]],[""compare"",""2"",[""plus"",""115"",[""mul"",""skill_level"",""7""]]],[""compare"",""3"",""0""],[""compare"",""4"",""5000""],[""motion"",""0"",""3"",""none""],[""ridemotion"",""32"",""32"",""none""],[""battleride"",""1""],[""effect"","""","""",""""],[""damagetype"",""2""],[""targetkind"",""2""],[""property"",""1"",""1"",""0"",""0"",""9"",""0"",""5"",""0""]]",bango-file,jobsystem.dat,771
Transcendental Blow,2,,#nControls vigor in the body#nfor attacking supreme damage to the enemy.,,active009,,,#nAdd. attack point %1!d!#nAdd. On-target point + %2!d!#nHostility 200 %% increase#nfatal attack oppotunity 5 %% increase#nEnergy used : %3!d!,,,28 skill_level 3 * +,600 skill_level 1 + 2 / 100 * -,weapon_speed 3300 +,weapon_range,,,knight-5,1,"[""knight""]","[""5""]","[""30"",""0""]","[""3"",""0""]","[""5"",""0""]","[""active"",""use""]","[""1"",""1"",""0"",""0"",""0"",""0"",""5"",""0""]","[[""parameter"",""1"",[""plus"",""150"",[""mul"",""skill_level"",""50""]]],[""parameter"",""2"",[""mul"",""skill_level"",""2""]],[""parameter"",""3"",[""plus"",""28"",[""mul"",""skill_level"",""3""]]]]","[""150 skill_level 50 * +"",""skill_level 2 *"",""28 skill_level 3 * +""]","[[""compare"",""1"",[""plus"",""28"",[""mul"",""skill_level"",""3""]]],[""compare"",""2"",""weapon_range""],[""compare"",""3"",[""minus"",""600"",[""mul"",[""div"",[""plus"",""skill_level"",""1""],""2""],""100""]]],[""compare"",""4"",[""plus"",""weapon_speed"",""3300""]]]","[""28 skill_level 3 * +""]","[""weapon_range""]","[""600 skill_level 1 + 2 / 100 * -""]","[""weapon_speed 3300 +""]","{""1"":""verified-ability-text-and-gitbook"",""2"":""gitbook-verified-for-class"",""3"":""gitbook-verified-for-class"",""4"":""gitbook-verified-for-class""}",[],"[""skill"",[""key"",""knight-5""],[""name"",""Transcendental Blow""],[""limit"",""knight""],[""action"",""5""],[""image"",""active009""],[""desc"",""#nControls vigor in the body#nfor attacking supreme damage to the enemy.""],[""ability"",""#nAdd. attack point %1!d!#nAdd. On-target point + %2!d!#nHostility 200 %% increase#nfatal attack oppotunity 5 %% increase#nEnergy used : %3!d!""],[""parameter"",""1"",[""plus"",""150"",[""mul"",""skill_level"",""50""]]],[""parameter"",""2"",[""mul"",""skill_level"",""2""]],[""parameter"",""3"",[""plus"",""28"",[""mul"",""skill_level"",""3""]]],[""level"",""30"",""0""],[""grade"",""3"",""0""],[""maxlevel"",""5"",""0""],[""type"",""active"",""use""],[""compare"",""1"",[""plus"",""28"",[""mul"",""skill_level"",""3""]]],[""compare"",""2"",""weapon_range""],[""compare"",""3"",[""minus"",""600"",[""mul"",[""div"",[""plus"",""skill_level"",""1""],""2""],""100""]]],[""compare"",""4"",[""plus"",""weapon_speed"",""3300""]],[""motion"",""4"",""5"",""none""],[""ridemotion"",""2"",""2"",""none""],[""battleride"",""1""],[""effect"","""","""",""""],[""sound"","""","""",""""],[""damagetype"",""1""],[""property"",""1"",""1"",""0"",""0"",""0"",""0"",""5"",""0""]]",bango-file,jobsystem.dat,795
Defense,1,,#nDefend the oppenent's attack with the shield.#nShield must be equipped.,,passive013,,,#nShort distance defense + %1!d! %%#nLong distance defense + %2!d! %%,,,,,,,,,knight-6,1,"[""knight""]","[""6""]","[""30"",""35"",""40"",""45"",""50"",""0""]","[""3"",""2""]","[""3"",""6"",""9"",""12"",""15"",""0""]","[""passive"",""etc""]","[""1"",""1"",""1"",""1"",""9"",""0"",""0"",""0""]","[[""parameter"",""1"",""skill_level""],[""parameter"",""2"",[""plus"",""skill_level"",""3""]]]","[""skill_level"",""skill_level 3 +""]",[],[],[],[],[],{},[],"[""skill"",[""key"",""knight-6""],[""name"",""Defense""],[""limit"",""knight""],[""action"",""6""],[""image"",""passive013""],[""desc"",""#nDefend the oppenent's attack with the shield.#nShield must be equipped.""],[""ability"",""#nShort distance defense + %1!d! %%#nLong distance defense + %2!d! %%""],[""parameter"",""1"",""skill_level""],[""parameter"",""2"",[""plus"",""skill_level"",""3""]],[""level"",""30"",""35"",""40"",""45"",""50"",""0""],[""grade"",""3"",""2""],[""maxlevel"",""3"",""6"",""9"",""12"",""15"",""0""],[""type"",""passive"",""etc""],[""property"",""1"",""1"",""1"",""1"",""9"",""0"",""0"",""0""]]",bango-file,jobsystem.dat,820
Upward Slash,2,,"#nAfter Lightning Slash, raise the sword for attacking upward .",,active031,,,#nAdd. attack point + %1!d!#nAdd. On-target point + %2!d!#nHostility 50 %% Increase#nEnergy used : %3!d!,,,15 skill_level +,0,weapon_speed,weapon_range,,,knight-7,1,"[""knight""]","[""7""]","[""24"",""0""]","[""3"",""0""]","[""5"",""0""]","[""active"",""use""]","[""1"",""1"",""0"",""0"",""0"",""0"",""5"",""0""]","[[""parameter"",""1"",[""plus"",""60"",[""mul"",""skill_level"",""20""]]],[""parameter"",""2"",[""plus"",""skill_level"",[""div"",""skill_level"",""2""]]],[""parameter"",""3"",[""plus"",""15"",""skill_level""]]]","[""60 skill_level 20 * +"",""skill_level skill_level 2 / +"",""15 skill_level +""]","[[""compare"",""1"",[""plus"",""15"",""skill_level""]],[""compare"",""2"",""weapon_range""],[""compare"",""3"",""0""],[""compare"",""4"",""weapon_speed""]]","[""15 skill_level +""]","[""weapon_range""]","[""0""]","[""weapon_speed""]","{""1"":""verified-ability-text-and-gitbook"",""2"":""gitbook-verified-for-class"",""3"":""gitbook-verified-for-class"",""4"":""gitbook-verified-for-class""}","[[""condition"",""3"",""5""]]","[""skill"",[""key"",""knight-7""],[""name"",""Upward Slash""],[""limit"",""knight""],[""action"",""7""],[""image"",""active031""],[""desc"",""#nAfter Lightning Slash, raise the sword for attacking upward .""],[""ability"",""#nAdd. attack point + %1!d!#nAdd. On-target point + %2!d!#nHostility 50 %% Increase#nEnergy used : %3!d!""],[""parameter"",""1"",[""plus"",""60"",[""mul"",""skill_level"",""20""]]],[""parameter"",""2"",[""plus"",""skill_level"",[""div"",""skill_level"",""2""]]],[""parameter"",""3"",[""plus"",""15"",""skill_level""]],[""level"",""24"",""0""],[""grade"",""3"",""0""],[""maxlevel"",""5"",""0""],[""condition"",""3"",""5""],[""type"",""active"",""use""],[""compare"",""1"",[""plus"",""15"",""skill_level""]],[""compare"",""2"",""weapon_range""],[""compare"",""3"",""0""],[""compare"",""4"",""weapon_speed""],[""combo"",""3"",""7"",""0""],[""motion"",""0"",""6"",""attackauto""],[""ridemotion"",""0"",""2"",""attackauto""],[""battleride"",""1""],[""damagetype"",""1""],[""property"",""1"",""1"",""0"",""0"",""0"",""0"",""5"",""0""]]",bango-file,jobsystem.dat,836
Provocation,2,,#nProvokes the opponent for increasing hostility.,,active024,,,#nHostility + %1!d!#nEnergy used : %2!d!,,,24 skill_level 4 * +,0,5000,136 skill_level 8 * +,,,knight-8,1,"[""knight""]","[""8""]","[""41"",""0""]","[""3"",""0""]","[""3"",""0""]","[""active"",""use""]","[""1"",""1"",""0"",""0"",""9"",""0"",""5"",""0""]","[[""parameter"",""1"",[""plus"",""800"",[""mul"",""200"",""skill_level""]]],[""parameter"",""2"",[""plus"",""24"",[""mul"",""skill_level"",""4""]]]]","[""800 200 skill_level * +"",""24 skill_level 4 * +""]","[[""compare"",""1"",[""plus"",""24"",[""mul"",""skill_level"",""4""]]],[""compare"",""2"",[""plus"",""136"",[""mul"",""skill_level"",""8""]]],[""compare"",""3"",""0""],[""compare"",""4"",""5000""]]","[""24 skill_level 4 * +""]","[""136 skill_level 8 * +""]","[""0""]","[""5000""]","{""1"":""verified-ability-text-and-gitbook"",""2"":""gitbook-verified-for-class"",""3"":""gitbook-verified-for-class"",""4"":""gitbook-verified-for-class""}","[[""condition"",""4"",""5""]]","[""skill"",[""key"",""knight-8""],[""name"",""Provocation""],[""limit"",""knight""],[""action"",""8""],[""image"",""active024""],[""desc"",""#nProvokes the opponent for increasing hostility.""],[""ability"",""#nHostility + %1!d!#nEnergy used : %2!d!""],[""parameter"",""1"",[""plus"",""800"",[""mul"",""200"",""skill_level""]]],[""parameter"",""2"",[""plus"",""24"",[""mul"",""skill_level"",""4""]]],[""level"",""41"",""0""],[""grade"",""3"",""0""],[""maxlevel"",""3"",""0""],[""condition"",""4"",""5""],[""type"",""active"",""use""],[""compare"",""1"",[""plus"",""24"",[""mul"",""skill_level"",""4""]]],[""compare"",""2"",[""plus"",""136"",[""mul"",""skill_level"",""8""]]],[""compare"",""3"",""0""],[""compare"",""4"",""5000""],[""motion"",""0"",""3"",""none""],[""ridemotion"",""0"",""2"",""none""],[""battleride"",""1""],[""effect"","""","""",""""],[""damagetype"",""2""],[""targetkind"",""2""],[""property"",""1"",""1"",""0"",""0"",""9"",""0"",""5"",""0""]]",bango-file,jobsystem.dat,861
Flashing Slash,2,,#nStiffens the enemy for a short amount of time.,,active032,,,#nAdd. attack point + %1!d!#nAdd. On-target point + %2!d!#nHostility 100 %% increase#nEnergy used : %3!d!,,,19,800 skill_level 1 + 2 / 100 * -,weapon_speed 3300 +,weapon_range,,,knight-9,1,"[""knight""]","[""9""]","[""39"",""0""]","[""3"",""0""]","[""3"",""0""]","[""active"",""use""]","[""1"",""1"",""0"",""0"",""0"",""0"",""5"",""0""]","[[""parameter"",""1"",[""plus"",""50"",[""mul"",""skill_level"",""10""]]],[""parameter"",""2"",[""plus"",""9"",""skill_level""]],[""parameter"",""3"",""19""]]","[""50 skill_level 10 * +"",""9 skill_level +"",""19""]","[[""compare"",""1"",""19""],[""compare"",""2"",""weapon_range""],[""compare"",""3"",[""minus"",""800"",[""mul"",[""div"",[""plus"",""skill_level"",""1""],""2""],""100""]]],[""compare"",""4"",[""plus"",""weapon_speed"",""3300""]]]","[""19""]","[""weapon_range""]","[""800 skill_level 1 + 2 / 100 * -""]","[""weapon_speed 3300 +""]","{""1"":""verified-ability-text-and-gitbook"",""2"":""gitbook-verified-for-class"",""3"":""gitbook-verified-for-class"",""4"":""gitbook-verified-for-class""}","[[""condition"",""5"",""1""]]","[""skill"",[""key"",""knight-9""],[""name"",""Flashing Slash""],[""limit"",""knight""],[""action"",""9""],[""image"",""active032""],[""desc"",""#nStiffens the enemy for a short amount of time.""],[""ability"",""#nAdd. attack point + %1!d!#nAdd. On-target point + %2!d!#nHostility 100 %% increase#nEnergy used : %3!d!""],[""parameter"",""1"",[""plus"",""50"",[""mul"",""skill_level"",""10""]]],[""parameter"",""2"",[""plus"",""9"",""skill_level""]],[""parameter"",""3"",""19""],[""level"",""39"",""0""],[""grade"",""3"",""0""],[""maxlevel"",""3"",""0""],[""condition"",""5"",""1""],[""type"",""active"",""use""],[""compare"",""1"",""19""],[""compare"",""2"",""weapon_range""],[""compare"",""3"",[""minus"",""800"",[""mul"",[""div"",[""plus"",""skill_level"",""1""],""2""],""100""]]],[""compare"",""4"",[""plus"",""weapon_speed"",""3300""]],[""combo"",""5"",""9"",""0""],[""motion"",""7"",""8"",""attackauto""],[""ridemotion"",""25"",""26"",""attackauto""],[""battleride"",""1""],[""damagetype"",""1""],[""property"",""1"",""1"",""0"",""0"",""0"",""0"",""5"",""0""]]",bango-file,jobsystem.dat,886
Increasing Concentration,2,,#nIncreases on-target point for a short while.,,active033,,,#nAdd. On-target point + %1!d!#nEnergy used  : %2!d!,,,86,0,90000,weapon_range,,,knight-10,1,"[""knight""]","[""10""]","[""42"",""0""]","[""3"",""0""]","[""1"",""0""]","[""active"",""once""]","[""1"",""1"",""1"",""0"",""3"",""0"",""0"",""0""]","[[""parameter"",""1"",[""plus"",""3"",[""mul"",[""minus"",""skill_level"",""1""],""3""]]],[""parameter"",""2"",[""plus"",""76"",[""mul"",""skill_level"",""10""]]]]","[""3 skill_level 1 - 3 * +"",""76 skill_level 10 * +""]","[[""compare"",""1"",""86""],[""compare"",""2"",""weapon_range""],[""compare"",""3"",""0""],[""compare"",""4"",""90000""]]","[""86""]","[""weapon_range""]","[""0""]","[""90000""]","{""1"":""verified-ability-text-and-gitbook"",""2"":""gitbook-verified-for-class"",""3"":""gitbook-verified-for-class"",""4"":""gitbook-verified-for-class""}",[],"[""skill"",[""key"",""knight-10""],[""name"",""Increasing Concentration""],[""limit"",""knight""],[""action"",""10""],[""image"",""active033""],[""desc"",""#nIncreases on-target point for a short while.""],[""ability"",""#nAdd. On-target point + %1!d!#nEnergy used  : %2!d!""],[""parameter"",""1"",[""plus"",""3"",[""mul"",[""minus"",""skill_level"",""1""],""3""]]],[""parameter"",""2"",[""plus"",""76"",[""mul"",""skill_level"",""10""]]],[""level"",""42"",""0""],[""grade"",""3"",""0""],[""maxlevel"",""1"",""0""],[""type"",""active"",""once""],[""compare"",""1"",""86""],[""compare"",""2"",""weapon_range""],[""compare"",""3"",""0""],[""compare"",""4"",""90000""],[""motion"",""0"",""0"",""none""],[""ridemotion"",""32"",""32"",""none""],[""battleride"",""1""],[""damagetype"",""0""],[""property"",""1"",""1"",""1"",""0"",""3"",""0"",""0"",""0""]]",bango-file,jobsystem.dat,911
Critical Hit,1,,#nEnable the skill that giving additional damage to the enemy.,,passive007,,,#nPercentage : %1!d! %% Add. Damege : %2!d! %%,,,,,,,,,knight-11,1,"[""knight""]","[""12""]","[""10"",""34"",""47"",""0""]","[""1"",""0""]","[""5"",""10"",""15"",""0""]","[""passive"",""etc""]","[""1"",""1"",""1"",""1"",""9"",""0"",""0"",""0""]","[[""parameter"",""1"",""skill_level""],[""parameter"",""2"",[""plus"",""50"",[""mul"",""skill_level"",""2""]]]]","[""skill_level"",""50 skill_level 2 * +""]",[],[],[],[],[],{},[],"[""skill"",[""key"",""knight-11""],[""name"",""Critical Hit""],[""limit"",""knight""],[""action"",""12""],[""image"",""passive007""],[""desc"",""#nEnable the skill that giving additional damage to the enemy.""],[""ability"",""#nPercentage : %1!d! %% Add. Damege : %2!d! %%""],[""parameter"",""1"",""skill_level""],[""parameter"",""2"",[""plus"",""50"",[""mul"",""skill_level"",""2""]]],[""maxparamvalue"",""1"",""10""],[""level"",""10"",""34"",""47"",""0""],[""grade"",""1"",""0""],[""maxlevel"",""5"",""10"",""15"",""0""],[""type"",""passive"",""etc""],[""property"",""1"",""1"",""1"",""1"",""9"",""0"",""0"",""0""]]",bango-file,jobsystem.dat,933
Widening Wound,2,,#nIt's a next attack after Upward Slash.,,active034,,,#nAdd. Attack Point + %1!d!#nAdd. On Target Point + %2!d!#nHostility 100 %% Increase#nEnergy used : %3!d!,,,15 skill_level +,0,weapon_speed,weapon_range,,,knight-12,1,"[""knight""]","[""13""]","[""43"",""0""]","[""3"",""0""]","[""5"",""0""]","[""active"",""use""]","[""1"",""1"",""0"",""0"",""0"",""0"",""5"",""0""]","[[""parameter"",""1"",[""plus"",""80"",[""mul"",""skill_level"",""24""]]],[""parameter"",""2"",[""mul"",""skill_level"",""2""]],[""parameter"",""3"",[""plus"",""15"",""skill_level""]]]","[""80 skill_level 24 * +"",""skill_level 2 *"",""15 skill_level +""]","[[""compare"",""1"",[""plus"",""15"",""skill_level""]],[""compare"",""2"",""weapon_range""],[""compare"",""3"",""0""],[""compare"",""4"",""weapon_speed""]]","[""15 skill_level +""]","[""weapon_range""]","[""0""]","[""weapon_speed""]","{""1"":""verified-ability-text-and-gitbook"",""2"":""gitbook-verified-for-class"",""3"":""gitbook-verified-for-class"",""4"":""gitbook-verified-for-class""}","[[""condition"",""7"",""1""]]","[""skill"",[""key"",""knight-12""],[""name"",""Widening Wound""],[""limit"",""knight""],[""action"",""13""],[""image"",""active034""],[""desc"",""#nIt's a next attack after Upward Slash.""],[""ability"",""#nAdd. Attack Point + %1!d!#nAdd. On Target Point + %2!d!#nHostility 100 %% Increase#nEnergy used : %3!d!""],[""parameter"",""1"",[""plus"",""80"",[""mul"",""skill_level"",""24""]]],[""parameter"",""2"",[""mul"",""skill_level"",""2""]],[""parameter"",""3"",[""plus"",""15"",""skill_level""]],[""level"",""43"",""0""],[""grade"",""3"",""0""],[""maxlevel"",""5"",""0""],[""condition"",""7"",""1""],[""type"",""active"",""use""],[""compare"",""1"",[""plus"",""15"",""skill_level""]],[""compare"",""2"",""weapon_range""],[""compare"",""3"",""0""],[""compare"",""4"",""weapon_speed""],[""combo"",""3"",""7"",""13"",""0""],[""motion"",""0"",""9"",""attackauto""],[""ridemotion"",""0"",""2"",""attackauto""],[""battleride"",""1""],[""damagetype"",""1""],[""property"",""1"",""1"",""0"",""0"",""0"",""0"",""5"",""0""]]",bango-file,jobsystem.dat,950
Protect,2,,#nDecrease the fury point on selected group.,,active040,,,#nContinuation Time %1!d!#nEnergy used : %2!d!,,,25 skill_level 25 * +,0,1700,190,,,knight-13,1,"[""knight""]","[""14""]","[""15"",""0""]","[""1"",""1""]","[""1"",""0""]","[""active"",""use""]","[""1"",""1"",""1"",""0"",""9"",""0"",""4"",""0""]","[[""parameter"",""1"",[""plus"",""300"",[""mul"",""skill_level"",""300""]]],[""parameter"",""2"",[""plus"",""25"",[""mul"",""skill_level"",""25""]]]]","[""300 skill_level 300 * +"",""25 skill_level 25 * +""]","[[""compare"",""1"",[""plus"",""25"",[""mul"",""skill_level"",""25""]]],[""compare"",""2"",""190""],[""compare"",""3"",""0""],[""compare"",""4"",""1700""]]","[""25 skill_level 25 * +""]","[""190""]","[""0""]","[""1700""]","{""1"":""verified-ability-text-and-gitbook"",""2"":""gitbook-verified-for-class"",""3"":""gitbook-verified-for-class"",""4"":""gitbook-verified-for-class""}",[],"[""skill"",[""key"",""knight-13""],[""name"",""Protect""],[""limit"",""knight""],[""action"",""14""],[""image"",""active040""],[""desc"",""#nDecrease the fury point on selected group.""],[""ability"",""#nContinuation Time %1!d!#nEnergy used : %2!d!""],[""parameter"",""1"",[""plus"",""300"",[""mul"",""skill_level"",""300""]]],[""parameter"",""2"",[""plus"",""25"",[""mul"",""skill_level"",""25""]]],[""level"",""15"",""0""],[""grade"",""1"",""1""],[""maxlevel"",""1"",""0""],[""type"",""active"",""use""],[""compare"",""1"",[""plus"",""25"",[""mul"",""skill_level"",""25""]]],[""compare"",""2"",""190""],[""compare"",""3"",""0""],[""compare"",""4"",""1700""],[""motion"",""0"",""0"",""none""],[""ridemotion"",""32"",""32"",""none""],[""battleride"",""1""],[""damagetype"",""2""],[""targetkind"",""1""],[""property"",""1"",""1"",""1"",""0"",""9"",""0"",""4"",""0""]]",bango-file,jobsystem.dat,975
Shield Attack,2,,#nAttack with the shield to impede the oppoenent#nIt can't be used on monsters.,,active042,,,#nEnergy used : 58,,,58,0,10000,36,,,knight-14,1,"[""knight""]","[""15""]","[""25"",""0""]","[""1"",""1""]","[""1"",""0""]","[""active"",""use""]","[""1"",""1"",""0"",""0"",""0"",""0"",""2"",""0""]",[],[],"[[""compare"",""1"",""58""],[""compare"",""2"",""36""],[""compare"",""3"",""0""],[""compare"",""4"",""10000""]]","[""58""]","[""36""]","[""0""]","[""10000""]","{""1"":""verified-ability-text-and-gitbook"",""2"":""gitbook-verified-for-class"",""3"":""gitbook-verified-for-class"",""4"":""gitbook-verified-for-class""}",[],"[""skill"",[""key"",""knight-14""],[""name"",""Shield Attack""],[""limit"",""knight""],[""action"",""15""],[""image"",""active042""],[""desc"",""#nAttack with the shield to impede the oppoenent#nIt can't be used on monsters.""],[""ability"",""#nEnergy used : 58""],[""level"",""25"",""0""],[""grade"",""1"",""1""],[""maxlevel"",""1"",""0""],[""type"",""active"",""use""],[""compare"",""1"",""58""],[""compare"",""2"",""36""],[""compare"",""3"",""0""],[""compare"",""4"",""10000""],[""motion"",""0"",""10"",""none""],[""ridemotion"",""0"",""2"",""none""],[""battleride"",""1""],[""sound"","""","""",""efs005""],[""damagetype"",""1""],[""property"",""1"",""1"",""0"",""0"",""0"",""0"",""2"",""0""]]",bango-file,jobsystem.dat,998
Life Extension,1,,#nAdd more Health Points to your original HP forever.,,passive015,,,#nHp Revision: %1!d! %%,,,,,,,,,knight-15,1,"[""knight""]","[""30""]","[""50"",""55"",""60"",""65"",""70"",""0""]","[""11"",""1""]","[""1"",""2"",""3"",""4"",""5"",""0""]","[""passive"",""etc""]","[""0"",""0"",""1"",""0"",""9"",""0"",""0"",""0""]","[[""parameter"",""1"",[""plus"",""14"",[""mul"",""skill_level"",""10""]]]]","[""14 skill_level 10 * +""]",[],[],[],[],[],{},[],"[""skill"",[""key"",""knight-15""],[""name"",""Life Extension""],[""limit"",""knight""],[""action"",""30""],[""image"",""passive015""],[""desc"",""#nAdd more Health Points to your original HP forever.""],[""ability"",""#nHp Revision: %1!d! %%""],[""parameter"",""1"",[""plus"",""14"",[""mul"",""skill_level"",""10""]]],[""level"",""50"",""55"",""60"",""65"",""70"",""0""],[""grade"",""11"",""1""],[""maxlevel"",""1"",""2"",""3"",""4"",""5"",""0""],[""type"",""passive"",""etc""],[""property"",""0"",""0"",""1"",""0"",""9"",""0"",""0"",""0""]]",bango-file,jobsystem.dat,1019
Powerful Upward Slash,2,,"#nAfter stabbing the weapon deeply in to the body,#nlifting up strongly.#nWhen making a hit, you get 1 Death Blow Point.",,active058,,,#nAdd. Attack Point + %1!d! %%#nEnergy used : %2!d!,,,24 skill_level 2 * +,0,weapon_speed 4600 +,weapon_range,,,knight-16,1,"[""knight""]","[""16""]","[""50"",""57"",""63"",""68"",""0""]","[""7"",""0""]","[""1"",""2"",""3"",""4"",""0""]","[""active"",""use""]","[""1"",""3"",""0"",""0"",""0"",""0"",""5"",""0""]","[[""parameter"",""1"",[""minus"",[""div"",[""plus"",""10000"",[""mul"",""skill_level"",""1000""]],""80""],""100""]],[""parameter"",""2"",[""plus"",""24"",[""mul"",""skill_level"",""2""]]]]","[""10000 skill_level 1000 * + 80 / 100 -"",""24 skill_level 2 * +""]","[[""compare"",""1"",[""plus"",""24"",[""mul"",""skill_level"",""2""]]],[""compare"",""2"",""weapon_range""],[""compare"",""3"",""0""],[""compare"",""4"",[""plus"",""weapon_speed"",""4600""]]]","[""24 skill_level 2 * +""]","[""weapon_range""]","[""0""]","[""weapon_speed 4600 +""]","{""1"":""verified-ability-text-and-gitbook"",""2"":""gitbook-verified-for-class"",""3"":""gitbook-verified-for-class"",""4"":""gitbook-verified-for-class""}",[],"[""skill"",[""key"",""knight-16""],[""name"",""Powerful Upward Slash""],[""limit"",""knight""],[""action"",""16""],[""image"",""active058""],[""desc"",""#nAfter stabbing the weapon deeply in to the body,#nlifting up strongly.#nWhen making a hit, you get 1 Death Blow Point.""],[""ability"",""#nAdd. Attack Point + %1!d! %%#nEnergy used : %2!d!""],[""parameter"",""1"",[""minus"",[""div"",[""plus"",""10000"",[""mul"",""skill_level"",""1000""]],""80""],""100""]],[""parameter"",""2"",[""plus"",""24"",[""mul"",""skill_level"",""2""]]],[""level"",""50"",""57"",""63"",""68"",""0""],[""grade"",""7"",""0""],[""maxlevel"",""1"",""2"",""3"",""4"",""0""],[""type"",""active"",""use""],[""compare"",""1"",[""plus"",""24"",[""mul"",""skill_level"",""2""]]],[""compare"",""2"",""weapon_range""],[""compare"",""3"",""0""],[""compare"",""4"",[""plus"",""weapon_speed"",""4600""]],[""motion"",""0"",""28"",""none""],[""ridemotion"",""0"",""2"",""none""],[""battleride"",""1""],[""damagetype"",""1""],[""property"",""1"",""3"",""0"",""0"",""0"",""0"",""5"",""0""]]",bango-file,jobsystem.dat,1034
Brutal Attack,2,,"#nBy using the Death Blow Points,#nMaking a Brutal Attack to the enemy.#nDeath Blow Point is needed.#nDamage increases depending on the Death Blow Points.",,active059,,,#nAdd Attack + %2!d! (max charge)#nAdd Attack + %3!d! %% (max charge)#nEnergy used : %1!d!,,,12 skill_level 3 * +,0,700,weapon_range,,,knight-17,1,"[""knight""]","[""17""]","[""53"",""56"",""63"",""67"",""70"",""0""]","[""7"",""0""]","[""1"",""2"",""3"",""4"",""5"",""0""]","[""active"",""use""]","[""1"",""3"",""0"",""0"",""0"",""0"",""5"",""0""]","[[""parameter"",""1"",[""plus"",""12"",[""mul"",""skill_level"",""3""]]],[""parameter"",""2"",[""plus"",[""mul"",""skill_level"",""50""],""70""]],[""parameter"",""3"",[""mul"",""2"",[""plus"",""108"",[""mul"",""2"",""skill_level""]]]]]","[""12 skill_level 3 * +"",""skill_level 50 * 70 +"",""2 108 2 skill_level * + *""]","[[""compare"",""1"",[""plus"",""12"",[""mul"",""skill_level"",""3""]]],[""compare"",""2"",""weapon_range""],[""compare"",""3"",""0""],[""compare"",""4"",""700""]]","[""12 skill_level 3 * +""]","[""weapon_range""]","[""0""]","[""700""]","{""1"":""verified-ability-text-and-gitbook"",""2"":""gitbook-verified-for-class"",""3"":""gitbook-verified-for-class"",""4"":""gitbook-verified-for-class""}",[],"[""skill"",[""key"",""knight-17""],[""name"",""Brutal Attack""],[""limit"",""knight""],[""action"",""17""],[""image"",""active059""],[""desc"",""#nBy using the Death Blow Points,#nMaking a Brutal Attack to the enemy.#nDeath Blow Point is needed.#nDamage increases depending on the Death Blow Points.""],[""ability"",""#nAdd Attack + %2!d! (max charge)#nAdd Attack + %3!d! %% (max charge)#nEnergy used : %1!d!""],[""parameter"",""1"",[""plus"",""12"",[""mul"",""skill_level"",""3""]]],[""parameter"",""2"",[""plus"",[""mul"",""skill_level"",""50""],""70""]],[""parameter"",""3"",[""mul"",""2"",[""plus"",""108"",[""mul"",""2"",""skill_level""]]]],[""level"",""53"",""56"",""63"",""67"",""70"",""0""],[""grade"",""7"",""0""],[""maxlevel"",""1"",""2"",""3"",""4"",""5"",""0""],[""pileskill"",""1"",""5""],[""type"",""active"",""use""],[""compare"",""1"",[""plus"",""12"",[""mul"",""skill_level"",""3""]]],[""compare"",""2"",""weapon_range""],[""compare"",""3"",""0""],[""compare"",""4"",""700""],[""motion"",""0"",""30"",""none""],[""ridemotion"",""0"",""2"",""none""],[""battleride"",""1""],[""damagetype"",""1""],[""property"",""1"",""3"",""0"",""0"",""0"",""0"",""5"",""0""]]",bango-file,jobsystem.dat,1056
Force of Defense,2,,#nIncreasing your defense for a while.,,active060,,,#nAdd. Close Defense : %1!d! %%#nAdd. Long-range Defense : %2!d! %%#nLasting Time : 1200#nEnergy used : %3!d!,,,300 skill_level 20 * +,0,30000,0,,,knight-18,1,"[""knight""]","[""18""]","[""50"",""56"",""62"",""70"",""0""]","[""11"",""1""]","[""1"",""2"",""3"",""4"",""0""]","[""active"",""once""]","[""1"",""2"",""1"",""0"",""3"",""0"",""0"",""0""]","[[""parameter"",""1"",[""plus"",""14"",[""mul"",""skill_level"",""7""]]],[""parameter"",""2"",[""plus"",""14"",[""mul"",""skill_level"",""3""]]],[""parameter"",""3"",[""plus"",""300"",[""mul"",""skill_level"",""20""]]]]","[""14 skill_level 7 * +"",""14 skill_level 3 * +"",""300 skill_level 20 * +""]","[[""compare"",""1"",[""plus"",""300"",[""mul"",""skill_level"",""20""]]],[""compare"",""2"",""0""],[""compare"",""3"",""0""],[""compare"",""4"",""30000""]]","[""300 skill_level 20 * +""]","[""0""]","[""0""]","[""30000""]","{""1"":""verified-ability-text-and-gitbook"",""2"":""gitbook-verified-for-class"",""3"":""gitbook-verified-for-class"",""4"":""gitbook-verified-for-class""}",[],"[""skill"",[""key"",""knight-18""],[""name"",""Force of Defense""],[""limit"",""knight""],[""action"",""18""],[""image"",""active060""],[""desc"",""#nIncreasing your defense for a while.""],[""ability"",""#nAdd. Close Defense : %1!d! %%#nAdd. Long-range Defense : %2!d! %%#nLasting Time : 1200#nEnergy used : %3!d!""],[""parameter"",""1"",[""plus"",""14"",[""mul"",""skill_level"",""7""]]],[""parameter"",""2"",[""plus"",""14"",[""mul"",""skill_level"",""3""]]],[""parameter"",""3"",[""plus"",""300"",[""mul"",""skill_level"",""20""]]],[""level"",""50"",""56"",""62"",""70"",""0""],[""grade"",""11"",""1""],[""maxlevel"",""1"",""2"",""3"",""4"",""0""],[""type"",""active"",""once""],[""compare"",""1"",[""plus"",""300"",[""mul"",""skill_level"",""20""]]],[""compare"",""2"",""0""],[""compare"",""3"",""0""],[""compare"",""4"",""30000""],[""motion"",""0"",""32"",""none""],[""ridemotion"",""32"",""32"",""none""],[""battleride"",""1""],[""damagetype"",""0""],[""property"",""1"",""2"",""1"",""0"",""3"",""0"",""0"",""0""]]",bango-file,jobsystem.dat,1086
Call of Defense,2,,"#nIncreasing group members' defense.#nIts effectiveness disappears if another chant is used.#nOnce character acquires third job change, 2 chants are effective at the same time.#nEffect disappears when party member gets out of range.",,active061,,,#nAdd. Close Defense : %1!d! %%#nAdd. Long-range Defense : %2!d! %%#nEffective Range : 300,,,0,0,10000,0,,,knight-19,1,"[""knight""]","[""19""]","[""51"",""57"",""63"",""0""]","[""11"",""0""]","[""1"",""2"",""3"",""0""]","[""active"",""once""]","[""1"",""2"",""1"",""0"",""3"",""0"",""4"",""0""]","[[""parameter"",""1"",[""plus"",""9"",[""mul"",""skill_level"",""7""]]],[""parameter"",""2"",[""plus"",""9"",[""mul"",""skill_level"",""3""]]]]","[""9 skill_level 7 * +"",""9 skill_level 3 * +""]","[[""compare"",""1"",""0""],[""compare"",""2"",""0""],[""compare"",""3"",""0""],[""compare"",""4"",""10000""]]","[""0""]","[""0""]","[""0""]","[""10000""]","{""1"":""verified-ability-text-and-gitbook"",""2"":""gitbook-verified-for-class"",""3"":""gitbook-verified-for-class"",""4"":""gitbook-verified-for-class""}",[],"[""skill"",[""key"",""knight-19""],[""name"",""Call of Defense""],[""limit"",""knight""],[""action"",""19""],[""image"",""active061""],[""desc"",""#nIncreasing group members' defense.#nIts effectiveness disappears if another chant is used.#nOnce character acquires third job change, 2 chants are effective at the same time.#nEffect disappears when party member gets out of range.""],[""ability"",""#nAdd. Close Defense : %1!d! %%#nAdd. Long-range Defense : %2!d! %%#nEffective Range : 300""],[""parameter"",""1"",[""plus"",""9"",[""mul"",""skill_level"",""7""]]],[""parameter"",""2"",[""plus"",""9"",[""mul"",""skill_level"",""3""]]],[""level"",""51"",""57"",""63"",""0""],[""grade"",""11"",""0""],[""maxlevel"",""1"",""2"",""3"",""0""],[""type"",""active"",""once""],[""compare"",""1"",""0""],[""compare"",""2"",""0""],[""compare"",""3"",""0""],[""compare"",""4"",""10000""],[""motion"",""0"",""0"",""none""],[""ridemotion"",""32"",""32"",""none""],[""battleride"",""1""],[""damagetype"",""0""],[""property"",""1"",""2"",""1"",""0"",""3"",""0"",""4"",""0""]]",bango-file,jobsystem.dat,1109
Parry,1,,"#nBy using your weapon, you can block the enemy's attack.#nHowever, it is harder to block than by using shield.#nTwo Hand Sword must be equipped.",,passive017,,,,,,,,,,,,knight-20,1,"[""knight""]","[""20""]","[""50"",""0""]","[""7"",""0""]","[""1"",""0""]","[""passive"",""etc""]","[""1"",""3"",""1"",""1"",""9"",""0"",""0"",""0""]",[],[],[],[],[],[],[],{},[],"[""skill"",[""key"",""knight-20""],[""name"",""Parry""],[""limit"",""knight""],[""action"",""20""],[""image"",""passive017""],[""desc"",""#nBy using your weapon, you can block the enemy's attack.#nHowever, it is harder to block than by using shield.#nTwo Hand Sword must be equipped.""],[""level"",""50"",""0""],[""grade"",""7"",""0""],[""maxlevel"",""1"",""0""],[""type"",""passive"",""etc""],[""property"",""1"",""3"",""1"",""1"",""9"",""0"",""0"",""0""]]",bango-file,jobsystem.dat,1132
Rush,2,,#nRushing to the enemy and enemy gets stiff instantly.#nBut distance must be more than 60.,,active069,,,#nInstant Stiffness : %1!d!#nEnergy used : %2!d!,,,46 skill_level 4 * +,1,14000 skill_level 2000 * -,60 skill_level 20 * +,,,knight-21,1,"[""knight""]","[""21""]","[""52"",""62"",""0""]","[""7"",""0""]","[""1"",""2"",""0""]","[""active"",""use""]","[""1"",""3"",""0"",""0"",""3"",""0"",""5"",""0""]","[[""parameter"",""1"",[""plus"",""1"",[""mul"",""skill_level"",""1""]]],[""parameter"",""2"",[""plus"",""46"",[""mul"",""skill_level"",""4""]]]]","[""1 skill_level 1 * +"",""46 skill_level 4 * +""]","[[""compare"",""1"",[""plus"",""46"",[""mul"",""skill_level"",""4""]]],[""compare"",""2"",[""plus"",""60"",[""mul"",""skill_level"",""20""]]],[""compare"",""3"",""1""],[""compare"",""4"",[""minus"",""14000"",[""mul"",""skill_level"",""2000""]]]]","[""46 skill_level 4 * +""]","[""60 skill_level 20 * +""]","[""1""]","[""14000 skill_level 2000 * -""]","{""1"":""verified-ability-text-and-gitbook"",""2"":""gitbook-verified-for-class"",""3"":""gitbook-verified-for-class"",""4"":""gitbook-verified-for-class""}",[],"[""skill"",[""key"",""knight-21""],[""name"",""Rush""],[""limit"",""knight""],[""action"",""21""],[""image"",""active069""],[""desc"",""#nRushing to the enemy and enemy gets stiff instantly.#nBut distance must be more than 60.""],[""ability"",""#nInstant Stiffness : %1!d!#nEnergy used : %2!d!""],[""parameter"",""1"",[""plus"",""1"",[""mul"",""skill_level"",""1""]]],[""parameter"",""2"",[""plus"",""46"",[""mul"",""skill_level"",""4""]]],[""level"",""52"",""62"",""0""],[""grade"",""7"",""0""],[""maxlevel"",""1"",""2"",""0""],[""type"",""active"",""use""],[""compare"",""1"",[""plus"",""46"",[""mul"",""skill_level"",""4""]]],[""compare"",""2"",[""plus"",""60"",[""mul"",""skill_level"",""20""]]],[""compare"",""3"",""1""],[""compare"",""4"",[""minus"",""14000"",[""mul"",""skill_level"",""2000""]]],[""motion"",""29"",""34"",""none""],[""battleride"",""0""],[""damagetype"",""1""],[""property"",""1"",""3"",""0"",""0"",""3"",""0"",""5"",""0""]]",bango-file,jobsystem.dat,1148
Shield Offense,2,,#nPushing away the enemy with the shield.#nOne who gets pushed become faint for a short amount of time.,,active070,,,#nAdd Attack Points : %3!d!#nStun Time : %1!d! seconds#nEnergy used : %2!d!,,,72 skill_level 16 * +,0,50000,weapon_range,,,knight-22,1,"[""knight""]","[""22""]","[""52"",""59"",""64"",""68"",""0""]","[""11"",""0""]","[""1"",""2"",""3"",""4"",""0""]","[""active"",""use""]","[""1"",""2"",""0"",""0"",""4"",""0"",""5"",""0""]","[[""parameter"",""1"",[""mul"",""skill_level"",""4""]],[""parameter"",""2"",[""plus"",""72"",[""mul"",""skill_level"",""16""]]],[""parameter"",""3"",[""div"",[""mul"",""char_damage"",[""plus"",""100"",[""mul"",""skill_level"",""25""]]],""100""]]]","[""skill_level 4 *"",""72 skill_level 16 * +"",""char_damage 100 skill_level 25 * + * 100 /""]","[[""compare"",""1"",[""plus"",""72"",[""mul"",""skill_level"",""16""]]],[""compare"",""2"",""weapon_range""],[""compare"",""3"",""0""],[""compare"",""4"",""50000""]]","[""72 skill_level 16 * +""]","[""weapon_range""]","[""0""]","[""50000""]","{""1"":""verified-ability-text-and-gitbook"",""2"":""gitbook-verified-for-class"",""3"":""gitbook-verified-for-class"",""4"":""gitbook-verified-for-class""}",[],"[""skill"",[""key"",""knight-22""],[""name"",""Shield Offense""],[""limit"",""knight""],[""action"",""22""],[""image"",""active070""],[""desc"",""#nPushing away the enemy with the shield.#nOne who gets pushed become faint for a short amount of time.""],[""ability"",""#nAdd Attack Points : %3!d!#nStun Time : %1!d! seconds#nEnergy used : %2!d!""],[""parameter"",""1"",[""mul"",""skill_level"",""4""]],[""parameter"",""2"",[""plus"",""72"",[""mul"",""skill_level"",""16""]]],[""parameter"",""3"",[""div"",[""mul"",""char_damage"",[""plus"",""100"",[""mul"",""skill_level"",""25""]]],""100""]],[""maxparamvalue"",""3"",""1000""],[""level"",""52"",""59"",""64"",""68"",""0""],[""grade"",""11"",""0""],[""maxlevel"",""1"",""2"",""3"",""4"",""0""],[""type"",""active"",""use""],[""compare"",""1"",[""plus"",""72"",[""mul"",""skill_level"",""16""]]],[""compare"",""2"",""weapon_range""],[""compare"",""3"",""0""],[""compare"",""4"",""50000""],[""motion"",""0"",""10"",""none""],[""ridemotion"",""0"",""2"",""none""],[""battleride"",""1""],[""damagetype"",""1""],[""property"",""1"",""2"",""0"",""0"",""4"",""0"",""5"",""0""]]",bango-file,jobsystem.dat,1171
Call of Recovery,2,,"#nRecoverig group members' HP little by little.#nts effectiveness disappears if another chant is used.#nOnce character acquires third job change, 2 chants are effective at the same time.#nEffect disappears when party member gets out of range.",,active071,,,#nRecovers minimum of %1!d! HP in every 3 seconds#nAdditional heal of 500 HP for Ascetics#nEffective Range : 300,,,0,0,10000,0,,,knight-23,1,"[""knight""]","[""23""]","[""55"",""61"",""67"",""0""]","[""11"",""0""]","[""1"",""2"",""3"",""0""]","[""active"",""once""]","[""1"",""2"",""1"",""0"",""3"",""0"",""4"",""0""]","[[""parameter"",""1"",[""plus"",""4"",[""mul"",""skill_level"",""8""]]]]","[""4 skill_level 8 * +""]","[[""compare"",""1"",""0""],[""compare"",""2"",""0""],[""compare"",""3"",""0""],[""compare"",""4"",""10000""]]","[""0""]","[""0""]","[""0""]","[""10000""]","{""1"":""verified-ability-text-and-gitbook"",""2"":""gitbook-verified-for-class"",""3"":""gitbook-verified-for-class"",""4"":""gitbook-verified-for-class""}",[],"[""skill"",[""key"",""knight-23""],[""name"",""Call of Recovery""],[""limit"",""knight""],[""action"",""23""],[""image"",""active071""],[""desc"",""#nRecoverig group members' HP little by little.#nts effectiveness disappears if another chant is used.#nOnce character acquires third job change, 2 chants are effective at the same time.#nEffect disappears when party member gets out of range.""],[""ability"",""#nRecovers minimum of %1!d! HP in every 3 seconds#nAdditional heal of 500 HP for Ascetics#nEffective Range : 300""],[""parameter"",""1"",[""plus"",""4"",[""mul"",""skill_level"",""8""]]],[""level"",""55"",""61"",""67"",""0""],[""grade"",""11"",""0""],[""maxlevel"",""1"",""2"",""3"",""0""],[""type"",""active"",""once""],[""compare"",""1"",""0""],[""compare"",""2"",""0""],[""compare"",""3"",""0""],[""compare"",""4"",""10000""],[""motion"",""0"",""0"",""none""],[""ridemotion"",""32"",""32"",""none""],[""battleride"",""1""],[""damagetype"",""0""],[""property"",""1"",""2"",""1"",""0"",""3"",""0"",""4"",""0""]]",bango-file,jobsystem.dat,1200
Berserk,2,,#nOffensive power increases but Defensive power decreases.,,active093,,,#nShort Range Attack + %1!d! %%#nDefense - %2!d! %%#nLasting Time : 60#nEnergy used : %3!d!,,,200 skill_level 15 * +,0,180000,0,,,knight-24,1,"[""knight""]","[""24""]","[""53"",""56"",""59"",""62"",""65"",""70"",""0""]","[""7"",""0""]","[""1"",""2"",""3"",""4"",""5"",""6"",""0""]","[""active"",""once""]","[""1"",""3"",""1"",""0"",""3"",""0"",""0"",""0""]","[[""parameter"",""1"",[""plus"",""5"",[""mul"",""skill_level"",""10""]]],[""parameter"",""2"",[""plus"",""6"",[""mul"",""skill_level"",""2""]]],[""parameter"",""3"",[""plus"",""200"",[""mul"",""skill_level"",""15""]]]]","[""5 skill_level 10 * +"",""6 skill_level 2 * +"",""200 skill_level 15 * +""]","[[""compare"",""1"",[""plus"",""200"",[""mul"",""skill_level"",""15""]]],[""compare"",""2"",""0""],[""compare"",""3"",""0""],[""compare"",""4"",""180000""]]","[""200 skill_level 15 * +""]","[""0""]","[""0""]","[""180000""]","{""1"":""verified-ability-text-and-gitbook"",""2"":""gitbook-verified-for-class"",""3"":""gitbook-verified-for-class"",""4"":""gitbook-verified-for-class""}",[],"[""skill"",[""key"",""knight-24""],[""name"",""Berserk""],[""limit"",""knight""],[""action"",""24""],[""image"",""active093""],[""desc"",""#nOffensive power increases but Defensive power decreases.""],[""ability"",""#nShort Range Attack + %1!d! %%#nDefense - %2!d! %%#nLasting Time : 60#nEnergy used : %3!d!""],[""parameter"",""1"",[""plus"",""5"",[""mul"",""skill_level"",""10""]]],[""parameter"",""2"",[""plus"",""6"",[""mul"",""skill_level"",""2""]]],[""parameter"",""3"",[""plus"",""200"",[""mul"",""skill_level"",""15""]]],[""level"",""53"",""56"",""59"",""62"",""65"",""70"",""0""],[""grade"",""7"",""0""],[""maxlevel"",""1"",""2"",""3"",""4"",""5"",""6"",""0""],[""type"",""active"",""once""],[""compare"",""1"",[""plus"",""200"",[""mul"",""skill_level"",""15""]]],[""compare"",""2"",""0""],[""compare"",""3"",""0""],[""compare"",""4"",""180000""],[""motion"",""0"",""31"",""none""],[""ridemotion"",""32"",""32"",""none""],[""battleride"",""1""],[""damagetype"",""0""],[""property"",""1"",""3"",""1"",""0"",""3"",""0"",""0"",""0""]]",bango-file,jobsystem.dat,1221
Half Swing,2,,#nSwing a weapon and#nattack the front of 180 degree enemies.#nYou must equip two handed sword.#nYou get a Death Blow Point if you hit any enemy.,,active094,,,#nAdd. Attack Point + %2!d! %%#nEnergy used : %1!d!,,,49 skill_level 9 * +,0,5000,weapon_range,,,knight-25,1,"[""knight""]","[""25""]","[""54"",""58"",""62"",""66"",""69"",""0""]","[""7"",""0""]","[""1"",""2"",""3"",""4"",""5"",""0""]","[""active"",""use""]","[""1"",""3"",""0"",""0"",""0"",""0"",""5"",""0""]","[[""parameter"",""2"",[""mul"",""skill_level"",""10""]],[""parameter"",""1"",[""plus"",""49"",[""mul"",""skill_level"",""9""]]]]","[""skill_level 10 *"",""49 skill_level 9 * +""]","[[""compare"",""1"",[""plus"",""49"",[""mul"",""skill_level"",""9""]]],[""compare"",""2"",""weapon_range""],[""compare"",""3"",""0""],[""compare"",""4"",""5000""]]","[""49 skill_level 9 * +""]","[""weapon_range""]","[""0""]","[""5000""]","{""1"":""verified-ability-text-and-gitbook"",""2"":""gitbook-verified-for-class"",""3"":""gitbook-verified-for-class"",""4"":""gitbook-verified-for-class""}",[],"[""skill"",[""key"",""knight-25""],[""name"",""Half Swing""],[""limit"",""knight""],[""action"",""25""],[""image"",""active094""],[""desc"",""#nSwing a weapon and#nattack the front of 180 degree enemies.#nYou must equip two handed sword.#nYou get a Death Blow Point if you hit any enemy.""],[""ability"",""#nAdd. Attack Point + %2!d! %%#nEnergy used : %1!d!""],[""parameter"",""2"",[""mul"",""skill_level"",""10""]],[""parameter"",""1"",[""plus"",""49"",[""mul"",""skill_level"",""9""]]],[""level"",""54"",""58"",""62"",""66"",""69"",""0""],[""grade"",""7"",""0""],[""maxlevel"",""1"",""2"",""3"",""4"",""5"",""0""],[""type"",""active"",""use""],[""compare"",""1"",[""plus"",""49"",[""mul"",""skill_level"",""9""]]],[""compare"",""2"",""weapon_range""],[""compare"",""3"",""0""],[""compare"",""4"",""5000""],[""motion"",""0"",""25"",""none""],[""ridemotion"",""25"",""26"",""none""],[""battleride"",""1""],[""damagetype"",""1""],[""property"",""1"",""3"",""0"",""0"",""0"",""0"",""5"",""0""]]",bango-file,jobsystem.dat,1244
Sacrifice,2,,#nUsing you HP to recover the target HP.#nIt can't be used on monsters.,,active095,,,#nHP used : %1!d! %%#nHP recovered : %2!d! %%,,,0,0,40000,120,,,knight-26,1,"[""knight""]","[""26""]","[""52"",""61"",""0""]","[""11"",""0""]","[""1"",""2"",""0""]","[""active"",""use""]","[""1"",""2"",""1"",""0"",""9"",""0"",""2"",""0""]","[[""parameter"",""1"",[""plus"",""5"",[""mul"",""skill_level"",""5""]]],[""parameter"",""2"",[""plus"",""50"",[""mul"",""skill_level"",""25""]]]]","[""5 skill_level 5 * +"",""50 skill_level 25 * +""]","[[""compare"",""1"",""0""],[""compare"",""2"",""120""],[""compare"",""3"",""0""],[""compare"",""4"",""40000""]]","[""0""]","[""120""]","[""0""]","[""40000""]","{""1"":""verified-ability-text-and-gitbook"",""2"":""gitbook-verified-for-class"",""3"":""gitbook-verified-for-class"",""4"":""gitbook-verified-for-class""}",[],"[""skill"",[""key"",""knight-26""],[""name"",""Sacrifice""],[""limit"",""knight""],[""action"",""26""],[""image"",""active095""],[""desc"",""#nUsing you HP to recover the target HP.#nIt can't be used on monsters.""],[""ability"",""#nHP used : %1!d! %%#nHP recovered : %2!d! %%""],[""parameter"",""1"",[""plus"",""5"",[""mul"",""skill_level"",""5""]]],[""parameter"",""2"",[""plus"",""50"",[""mul"",""skill_level"",""25""]]],[""level"",""52"",""61"",""0""],[""grade"",""11"",""0""],[""maxlevel"",""1"",""2"",""0""],[""type"",""active"",""use""],[""compare"",""1"",""0""],[""compare"",""2"",""120""],[""compare"",""3"",""0""],[""compare"",""4"",""40000""],[""motion"",""0"",""32"",""none""],[""ridemotion"",""32"",""32"",""none""],[""battleride"",""1""],[""damagetype"",""2""],[""targetkind"",""1""],[""property"",""1"",""2"",""1"",""0"",""9"",""0"",""2"",""0""]]",bango-file,jobsystem.dat,1270
Call of Lightning Defense,2,,"#nIncrease Lightning defense of all member of group.#nEffectiveness disappears when other chant is used.#nOnce character acquires third job change, 2 chants are effective at the same time.#nEffect disappears when party member gets out of range.",,active096,,,#nLightning Resistance + %1!d! %%#nEffective Range : 300,,,0,0,10000,0,,,knight-27,1,"[""knight""]","[""27""]","[""53"",""57"",""64"",""0""]","[""11"",""0""]","[""1"",""2"",""3"",""0""]","[""active"",""once""]","[""1"",""2"",""1"",""0"",""3"",""0"",""4"",""0""]","[[""parameter"",""1"",[""plus"",""2"",[""mul"",""skill_level"",""3""]]]]","[""2 skill_level 3 * +""]","[[""compare"",""1"",""0""],[""compare"",""2"",""0""],[""compare"",""3"",""0""],[""compare"",""4"",""10000""]]","[""0""]","[""0""]","[""0""]","[""10000""]","{""1"":""verified-ability-text-and-gitbook"",""2"":""gitbook-verified-for-class"",""3"":""gitbook-verified-for-class"",""4"":""gitbook-verified-for-class""}",[],"[""skill"",[""key"",""knight-27""],[""name"",""Call of Lightning Defense""],[""limit"",""knight""],[""action"",""27""],[""image"",""active096""],[""desc"",""#nIncrease Lightning defense of all member of group.#nEffectiveness disappears when other chant is used.#nOnce character acquires third job change, 2 chants are effective at the same time.#nEffect disappears when party member gets out of range.""],[""ability"",""#nLightning Resistance + %1!d! %%#nEffective Range : 300""],[""parameter"",""1"",[""plus"",""2"",[""mul"",""skill_level"",""3""]]],[""level"",""53"",""57"",""64"",""0""],[""grade"",""11"",""0""],[""maxlevel"",""1"",""2"",""3"",""0""],[""type"",""active"",""once""],[""compare"",""1"",""0""],[""compare"",""2"",""0""],[""compare"",""3"",""0""],[""compare"",""4"",""10000""],[""motion"",""0"",""0"",""none""],[""ridemotion"",""32"",""32"",""none""],[""battleride"",""1""],[""damagetype"",""0""],[""property"",""1"",""2"",""1"",""0"",""3"",""0"",""4"",""0""]]",bango-file,jobsystem.dat,1293
Call of Ice Defense,2,,"#nIncrease Ice defense of all member of group.#nEffectiveness disappears when other chant is used.#nOnce character acquires third job change, 2 chants are effective at the same time.#nEffect disappears when party member gets out of range.",,active097,,,#nIce Resistance + %1!d! %%#nEffective Range : 300,,,0,0,10000,0,,,knight-28,1,"[""knight""]","[""28""]","[""53"",""57"",""64"",""0""]","[""11"",""0""]","[""1"",""2"",""3"",""0""]","[""active"",""once""]","[""1"",""2"",""1"",""0"",""3"",""0"",""4"",""0""]","[[""parameter"",""1"",[""plus"",""2"",[""mul"",""skill_level"",""3""]]]]","[""2 skill_level 3 * +""]","[[""compare"",""1"",""0""],[""compare"",""2"",""0""],[""compare"",""3"",""0""],[""compare"",""4"",""10000""]]","[""0""]","[""0""]","[""0""]","[""10000""]","{""1"":""verified-ability-text-and-gitbook"",""2"":""gitbook-verified-for-class"",""3"":""gitbook-verified-for-class"",""4"":""gitbook-verified-for-class""}",[],"[""skill"",[""key"",""knight-28""],[""name"",""Call of Ice Defense""],[""limit"",""knight""],[""action"",""28""],[""image"",""active097""],[""desc"",""#nIncrease Ice defense of all member of group.#nEffectiveness disappears when other chant is used.#nOnce character acquires third job change, 2 chants are effective at the same time.#nEffect disappears when party member gets out of range.""],[""ability"",""#nIce Resistance + %1!d! %%#nEffective Range : 300""],[""parameter"",""1"",[""plus"",""2"",[""mul"",""skill_level"",""3""]]],[""level"",""53"",""57"",""64"",""0""],[""grade"",""11"",""0""],[""maxlevel"",""1"",""2"",""3"",""0""],[""type"",""active"",""once""],[""compare"",""1"",""0""],[""compare"",""2"",""0""],[""compare"",""3"",""0""],[""compare"",""4"",""10000""],[""motion"",""0"",""0"",""none""],[""ridemotion"",""32"",""32"",""none""],[""battleride"",""1""],[""damagetype"",""0""],[""property"",""1"",""2"",""1"",""0"",""3"",""0"",""4"",""0""]]",bango-file,jobsystem.dat,1314
Call of Fire Defense,2,,"#nIncrease Fire defense of all member of group.#nEffectiveness disappears when other chant is used.#nOnce character acquires third job change, 2 chants are effective at the same time.#nEffect disappears when party member gets out of range.",,active098,,,#nFire Resistance + %1!d! %%#nEffective Range : 300,,,0,0,10000,0,,,knight-29,1,"[""knight""]","[""29""]","[""53"",""57"",""64"",""0""]","[""11"",""0""]","[""1"",""2"",""3"",""0""]","[""active"",""once""]","[""1"",""2"",""1"",""0"",""3"",""0"",""4"",""0""]","[[""parameter"",""1"",[""plus"",""2"",[""mul"",""skill_level"",""3""]]]]","[""2 skill_level 3 * +""]","[[""compare"",""1"",""0""],[""compare"",""2"",""0""],[""compare"",""3"",""0""],[""compare"",""4"",""10000""]]","[""0""]","[""0""]","[""0""]","[""10000""]","{""1"":""verified-ability-text-and-gitbook"",""2"":""gitbook-verified-for-class"",""3"":""gitbook-verified-for-class"",""4"":""gitbook-verified-for-class""}",[],"[""skill"",[""key"",""knight-29""],[""name"",""Call of Fire Defense""],[""limit"",""knight""],[""action"",""29""],[""image"",""active098""],[""desc"",""#nIncrease Fire defense of all member of group.#nEffectiveness disappears when other chant is used.#nOnce character acquires third job change, 2 chants are effective at the same time.#nEffect disappears when party member gets out of range.""],[""ability"",""#nFire Resistance + %1!d! %%#nEffective Range : 300""],[""parameter"",""1"",[""plus"",""2"",[""mul"",""skill_level"",""3""]]],[""level"",""53"",""57"",""64"",""0""],[""grade"",""11"",""0""],[""maxlevel"",""1"",""2"",""3"",""0""],[""type"",""active"",""once""],[""compare"",""1"",""0""],[""compare"",""2"",""0""],[""compare"",""3"",""0""],[""compare"",""4"",""10000""],[""motion"",""0"",""0"",""none""],[""ridemotion"",""32"",""32"",""none""],[""battleride"",""1""],[""damagetype"",""0""],[""property"",""1"",""2"",""1"",""0"",""3"",""0"",""4"",""0""]]",bango-file,jobsystem.dat,1335
Call of On Target Point,2,,"#nIncrease On Target Point of all member of group.#nEffectiveness disappears when other chant is used.#nOnce character acquires third job change, 2 chants are effective at the same time.#nEffect disappears when party member gets out of range.",,active099,,,#nOn Target Point + %1!d!#nEffective Range : 300,,,0,0,10000,0,,,knight-30,1,"[""knight""]","[""31""]","[""54"",""58"",""65"",""0""]","[""11"",""0""]","[""1"",""2"",""3"",""0""]","[""active"",""once""]","[""1"",""2"",""1"",""0"",""3"",""0"",""4"",""0""]","[[""parameter"",""1"",[""plus"",""5"",[""mul"",""skill_level"",""5""]]]]","[""5 skill_level 5 * +""]","[[""compare"",""1"",""0""],[""compare"",""2"",""0""],[""compare"",""3"",""0""],[""compare"",""4"",""10000""]]","[""0""]","[""0""]","[""0""]","[""10000""]","{""1"":""verified-ability-text-and-gitbook"",""2"":""gitbook-verified-for-class"",""3"":""gitbook-verified-for-class"",""4"":""gitbook-verified-for-class""}",[],"[""skill"",[""key"",""knight-30""],[""name"",""Call of On Target Point""],[""limit"",""knight""],[""action"",""31""],[""image"",""active099""],[""desc"",""#nIncrease On Target Point of all member of group.#nEffectiveness disappears when other chant is used.#nOnce character acquires third job change, 2 chants are effective at the same time.#nEffect disappears when party member gets out of range.""],[""ability"",""#nOn Target Point + %1!d!#nEffective Range : 300""],[""parameter"",""1"",[""plus"",""5"",[""mul"",""skill_level"",""5""]]],[""level"",""54"",""58"",""65"",""0""],[""grade"",""11"",""0""],[""maxlevel"",""1"",""2"",""3"",""0""],[""type"",""active"",""once""],[""compare"",""1"",""0""],[""compare"",""2"",""0""],[""compare"",""3"",""0""],[""compare"",""4"",""10000""],[""motion"",""0"",""0"",""none""],[""ridemotion"",""32"",""32"",""none""],[""battleride"",""1""],[""damagetype"",""0""],[""property"",""1"",""2"",""1"",""0"",""3"",""0"",""4"",""0""]]",bango-file,jobsystem.dat,1356
Call of Physical Attack,2,,"#nIncrease the Min and Max Attack Point of all member of group.#nEffectiveness disappears when other chant is used.#nOnce character acquires third job change, 2 chants are effective at the same time.#nEffect disappears when party member gets out of range.",,active100,,,#nMin Attack + %1!d!#nMax Attack + %1!d!#nEffective Range : 300,,,0,0,10000,0,,,knight-31,1,"[""knight""]","[""32""]","[""54"",""60"",""66"",""0""]","[""11"",""0""]","[""1"",""2"",""3"",""0""]","[""active"",""once""]","[""1"",""2"",""1"",""0"",""3"",""0"",""4"",""0""]","[[""parameter"",""1"",[""plus"",""25"",[""mul"",""skill_level"",""25""]]]]","[""25 skill_level 25 * +""]","[[""compare"",""1"",""0""],[""compare"",""2"",""0""],[""compare"",""3"",""0""],[""compare"",""4"",""10000""]]","[""0""]","[""0""]","[""0""]","[""10000""]","{""1"":""verified-ability-text-and-gitbook"",""2"":""gitbook-verified-for-class"",""3"":""gitbook-verified-for-class"",""4"":""gitbook-verified-for-class""}",[],"[""skill"",[""key"",""knight-31""],[""name"",""Call of Physical Attack""],[""limit"",""knight""],[""action"",""32""],[""image"",""active100""],[""desc"",""#nIncrease the Min and Max Attack Point of all member of group.#nEffectiveness disappears when other chant is used.#nOnce character acquires third job change, 2 chants are effective at the same time.#nEffect disappears when party member gets out of range.""],[""ability"",""#nMin Attack + %1!d!#nMax Attack + %1!d!#nEffective Range : 300""],[""parameter"",""1"",[""plus"",""25"",[""mul"",""skill_level"",""25""]]],[""level"",""54"",""60"",""66"",""0""],[""grade"",""11"",""0""],[""maxlevel"",""1"",""2"",""3"",""0""],[""type"",""active"",""once""],[""compare"",""1"",""0""],[""compare"",""2"",""0""],[""compare"",""3"",""0""],[""compare"",""4"",""10000""],[""motion"",""0"",""0"",""none""],[""ridemotion"",""32"",""32"",""none""],[""battleride"",""1""],[""damagetype"",""0""],[""property"",""1"",""2"",""1"",""0"",""3"",""0"",""4"",""0""]]",bango-file,jobsystem.dat,1377
Survival Instinct,2,,"#nWhen remaining MP is 10% or higher, converting MP to HP.",,active101,,,#nHealth Recovered : %1!d! %% of energy used#nEnergy Used : all,,,0,1500,600000,0,,,knight-32,1,"[""knight""]","[""33""]","[""56"",""63"",""0""]","[""11"",""0""]","[""1"",""2"",""0""]","[""active"",""once""]","[""1"",""2"",""1"",""0"",""9"",""0"",""0"",""0""]","[[""parameter"",""1"",[""mul"",""100"",[""mul"",""skill_level"",""2""]]]]","[""100 skill_level 2 * *""]","[[""compare"",""1"",""0""],[""compare"",""2"",""0""],[""compare"",""3"",""1500""],[""compare"",""4"",""600000""]]","[""0""]","[""0""]","[""1500""]","[""600000""]","{""1"":""verified-ability-text-and-gitbook"",""2"":""gitbook-verified-for-class"",""3"":""gitbook-verified-for-class"",""4"":""gitbook-verified-for-class""}",[],"[""skill"",[""key"",""knight-32""],[""name"",""Survival Instinct""],[""limit"",""knight""],[""action"",""33""],[""image"",""active101""],[""desc"",""#nWhen remaining MP is 10% or higher, converting MP to HP.""],[""ability"",""#nHealth Recovered : %1!d! %% of energy used#nEnergy Used : all""],[""parameter"",""1"",[""mul"",""100"",[""mul"",""skill_level"",""2""]]],[""level"",""56"",""63"",""0""],[""grade"",""11"",""0""],[""maxlevel"",""1"",""2"",""0""],[""type"",""active"",""once""],[""compare"",""1"",""0""],[""compare"",""2"",""0""],[""compare"",""3"",""1500""],[""compare"",""4"",""600000""],[""motion"",""33"",""32"",""none""],[""ridemotion"",""32"",""32"",""none""],[""battleride"",""1""],[""damagetype"",""0""],[""property"",""1"",""2"",""1"",""0"",""9"",""0"",""0"",""0""]]",bango-file,jobsystem.dat,1398
Elastic Shield,2,,#nIncrease the Defense of all member of group instantly.,,active102,,,#nClose Defense + 350#nLong Dinstance Defense + 300#nLasting Time : 15#nEnergy used : 475,,,475,0,600000,0,,,knight-33,1,"[""knight""]","[""34""]","[""58"",""0""]","[""11"",""0""]","[""1"",""0""]","[""active"",""once""]","[""1"",""2"",""1"",""0"",""3"",""0"",""4"",""0""]",[],[],"[[""compare"",""1"",""475""],[""compare"",""2"",""0""],[""compare"",""3"",""0""],[""compare"",""4"",""600000""]]","[""475""]","[""0""]","[""0""]","[""600000""]","{""1"":""verified-ability-text-and-gitbook"",""2"":""gitbook-verified-for-class"",""3"":""gitbook-verified-for-class"",""4"":""gitbook-verified-for-class""}",[],"[""skill"",[""key"",""knight-33""],[""name"",""Elastic Shield""],[""limit"",""knight""],[""action"",""34""],[""image"",""active102""],[""desc"",""#nIncrease the Defense of all member of group instantly.""],[""ability"",""#nClose Defense + 350#nLong Dinstance Defense + 300#nLasting Time : 15#nEnergy used : 475""],[""level"",""58"",""0""],[""grade"",""11"",""0""],[""maxlevel"",""1"",""0""],[""type"",""active"",""once""],[""compare"",""1"",""475""],[""compare"",""2"",""0""],[""compare"",""3"",""0""],[""compare"",""4"",""600000""],[""motion"",""0"",""32"",""none""],[""ridemotion"",""32"",""32"",""none""],[""battleride"",""1""],[""damagetype"",""0""],[""property"",""1"",""2"",""1"",""0"",""3"",""0"",""4"",""0""]]",bango-file,jobsystem.dat,1420
Revival,2,,#nRevive one who is unable to fight#nwith minimum health point.#nIt can't be used on monsters & Hell.,,active016,,,#nHP recovered of Target %2!d! %%#nMP recovered of Target %3!d! %%#nEnergy used : %1!d!,,,240 skill_level 80 * +,3700,40000,64,,,knight-34,1,"[""knight""]","[""35""]","[""59"",""69"",""0""]","[""11"",""1""]","[""1"",""2"",""0""]","[""active"",""use""]","[""1"",""2"",""1"",""0"",""9"",""0"",""2"",""0""]","[[""parameter"",""1"",[""plus"",""240"",[""mul"",""skill_level"",""80""]]],[""parameter"",""2"",[""plus"",""10"",[""minus"",[""mul"",""skill_level"",""12""],""9""]]],[""parameter"",""3"",[""plus"",""10"",[""minus"",[""mul"",""skill_level"",""4""],""3""]]]]","[""240 skill_level 80 * +"",""10 skill_level 12 * 9 - +"",""10 skill_level 4 * 3 - +""]","[[""compare"",""1"",[""plus"",""240"",[""mul"",""skill_level"",""80""]]],[""compare"",""2"",""64""],[""compare"",""3"",""3700""],[""compare"",""4"",""40000""]]","[""240 skill_level 80 * +""]","[""64""]","[""3700""]","[""40000""]","{""1"":""verified-ability-text-and-gitbook"",""2"":""gitbook-verified-for-class"",""3"":""gitbook-verified-for-class"",""4"":""gitbook-verified-for-class""}",[],"[""skill"",[""key"",""knight-34""],[""name"",""Revival""],[""limit"",""knight""],[""action"",""35""],[""image"",""active016""],[""desc"",""#nRevive one who is unable to fight#nwith minimum health point.#nIt can't be used on monsters & Hell.""],[""ability"",""#nHP recovered of Target %2!d! %%#nMP recovered of Target %3!d! %%#nEnergy used : %1!d!""],[""parameter"",""1"",[""plus"",""240"",[""mul"",""skill_level"",""80""]]],[""parameter"",""2"",[""plus"",""10"",[""minus"",[""mul"",""skill_level"",""12""],""9""]]],[""parameter"",""3"",[""plus"",""10"",[""minus"",[""mul"",""skill_level"",""4""],""3""]]],[""level"",""59"",""69"",""0""],[""grade"",""11"",""1""],[""maxlevel"",""1"",""2"",""0""],[""type"",""active"",""use""],[""compare"",""1"",[""plus"",""240"",[""mul"",""skill_level"",""80""]]],[""compare"",""2"",""64""],[""compare"",""3"",""3700""],[""compare"",""4"",""40000""],[""motion"",""33"",""34"",""none""],[""ridemotion"",""32"",""32"",""none""],[""battleride"",""1""],[""damagetype"",""2""],[""targetkind"",""1""],[""property"",""1"",""2"",""1"",""0"",""9"",""0"",""2"",""0""]]",bango-file,jobsystem.dat,1441
Increase of Critical Hit,1,,#nIncrease the damage of Critical Hit.,,passive007,,,#n+20 %% of applied fatal damage,,,0,0,0,0,,,knight-35,1,"[""knight""]","[""36""]","[""61"",""0""]","[""7"",""0""]","[""1"",""0""]","[""passive"",""etc""]","[""1"",""3"",""1"",""1"",""9"",""0"",""0"",""0""]",[],[],"[[""compare"",""1"",""0""],[""compare"",""2"",""0""],[""compare"",""3"",""0""],[""compare"",""4"",""0""]]","[""0""]","[""0""]","[""0""]","[""0""]","{""1"":""verified-ability-text-and-gitbook"",""2"":""gitbook-verified-for-class"",""3"":""gitbook-verified-for-class"",""4"":""gitbook-verified-for-class""}","[[""condition"",""12"",""15""]]","[""skill"",[""key"",""knight-35""],[""name"",""Increase of Critical Hit""],[""limit"",""knight""],[""action"",""36""],[""image"",""passive007""],[""desc"",""#nIncrease the damage of Critical Hit.""],[""ability"",""#n+20 %% of applied fatal damage""],[""level"",""61"",""0""],[""grade"",""7"",""0""],[""condition"",""12"",""15""],[""maxlevel"",""1"",""0""],[""compare"",""1"",""0""],[""compare"",""2"",""0""],[""compare"",""3"",""0""],[""compare"",""4"",""0""],[""type"",""passive"",""etc""],[""property"",""1"",""3"",""1"",""1"",""9"",""0"",""0"",""0""]]",bango-file,jobsystem.dat,1466
Defense strengthening,1,,#nIncrease your defense.,,passive022,,,#nAdditional defense : %1!d! #nDefense percent increase : 4 %%,,,,,,,,,knight-37,1,"[""knight""]","[""39""]","[""70"",""0""]","[""43"",""1""]","[""1"",""0""]","[""passive"",""etc""]","[""1"",""3"",""1"",""1"",""9"",""0"",""0"",""0""]","[[""parameter"",""1"",[""minus"",[""plus"",[""mul"",[""minus"",""char_level"",""65""],""5""]]]]]","[""char_level 65 - 5 * + -""]",[],[],[],[],[],{},[],"[""skill"",[""key"",""knight-37""],[""name"",""Defense strengthening""],[""limit"",""knight""],[""action"",""39""],[""image"",""passive022""],[""desc"",""#nIncrease your defense.""],[""ability"",""#nAdditional defense : %1!d! #nDefense percent increase : 4 %%""],[""parameter"",""1"",[""minus"",[""plus"",[""mul"",[""minus"",""char_level"",""65""],""5""]]]],[""level"",""70"",""0""],[""grade"",""43"",""1""],[""maxlevel"",""1"",""0""],[""type"",""passive"",""etc""],[""property"",""1"",""3"",""1"",""1"",""9"",""0"",""0"",""0""]]",bango-file,jobsystem.dat,1488
Perfect defense,2,,#nReduce all of your physical and magical damages by 90% and#nthose of all of your party memebers by 30% for a certain period time.#nRequires a shield.#nThis damage reduction applies to every type of attack damage without exception.,,active125,,,#nEnergy used : %1!d!#nContinuation Time On Self : %2!d! sec#n Continuation Time On Party Members : 20 sec,,,20 char_level 4 * + skill_level 20 char_level 4 * + * 10 / +,1000,300000,0,,,knight-38,1,"[""knight""]","[""40""]","[""70"",""0""]","[""43"",""0""]","[""6"",""0""]","[""active"",""once""]","[""1"",""2"",""1"",""0"",""3"",""0"",""4"",""0""]","[[""parameter"",""1"",[""plus"",[""plus"",""20"",[""mul"",""char_level"",""4""]],[""div"",[""mul"",""skill_level"",[""plus"",""20"",[""mul"",""char_level"",""4""]]],""10""]]],[""parameter"",""2"",[""plus"",[""mul"",""skill_level"",""5""],""35""]]]","[""20 char_level 4 * + skill_level 20 char_level 4 * + * 10 / +"",""skill_level 5 * 35 +""]","[[""compare"",""1"",[""plus"",[""plus"",""20"",[""mul"",""char_level"",""4""]],[""div"",[""mul"",""skill_level"",[""plus"",""20"",[""mul"",""char_level"",""4""]]],""10""]]],[""compare"",""2"",""0""],[""compare"",""3"",""1000""],[""compare"",""4"",""300000""]]","[""20 char_level 4 * + skill_level 20 char_level 4 * + * 10 / +""]","[""0""]","[""1000""]","[""300000""]","{""1"":""verified-ability-text-and-gitbook"",""2"":""gitbook-verified-for-class"",""3"":""gitbook-verified-for-class"",""4"":""gitbook-verified-for-class""}",[],"[""skill"",[""key"",""knight-38""],[""name"",""Perfect defense""],[""limit"",""knight""],[""action"",""40""],[""image"",""active125""],[""desc"",""#nReduce all of your physical and magical damages by 90% and#nthose of all of your party memebers by 30% for a certain period time.#nRequires a shield.#nThis damage reduction applies to every type of attack damage without exception.""],[""ability"",""#nEnergy used : %1!d!#nContinuation Time On Self : %2!d! sec#n Continuation Time On Party Members : 20 sec""],[""parameter"",""1"",[""plus"",[""plus"",""20"",[""mul"",""char_level"",""4""]],[""div"",[""mul"",""skill_level"",[""plus"",""20"",[""mul"",""char_level"",""4""]]],""10""]]],[""parameter"",""2"",[""plus"",[""mul"",""skill_level"",""5""],""35""]],[""level"",""70"",""0""],[""grade"",""43"",""0""],[""maxlevel"",""6"",""0""],[""type"",""active"",""once""],[""compare"",""1"",[""plus"",[""plus"",""20"",[""mul"",""char_level"",""4""]],[""div"",[""mul"",""skill_level"",[""plus"",""20"",[""mul"",""char_level"",""4""]]],""10""]]],[""compare"",""2"",""0""],[""compare"",""3"",""1000""],[""compare"",""4"",""300000""],[""motion"",""40"",""0"",""none""],[""ridemotion"",""32"",""32"",""none""],[""battleride"",""1""],[""damagetype"",""0""],[""property"",""1"",""2"",""1"",""0"",""3"",""0"",""4"",""0""]]",bango-file,jobsystem.dat,1504
Weapon defend,1,,#nCreate a chance of blocking attacks with your weapon.,,passive023,,,#nAdditional block: %1!d!,,,,,,,,,knight-39,1,"[""knight""]","[""37""]","[""70"",""0""]","[""23"",""1""]","[""1"",""0""]","[""passive"",""etc""]","[""1"",""3"",""1"",""1"",""9"",""0"",""0"",""0""]","[[""parameter"",""1"",[""plus"",""2.5"",[""div"",[""minus"",""char_level"",""69""],""2""]]]]","[""2.5 char_level 69 - 2 / +""]",[],[],[],[],[],{},[],"[""skill"",[""key"",""knight-39""],[""name"",""Weapon defend""],[""limit"",""knight""],[""action"",""37""],[""image"",""passive023""],[""desc"",""#nCreate a chance of blocking attacks with your weapon.""],[""ability"",""#nAdditional block: %1!d!""],[""parameter"",""1"",[""plus"",""2.5"",[""div"",[""minus"",""char_level"",""69""],""2""]]],[""level"",""70"",""0""],[""grade"",""23"",""1""],[""maxlevel"",""1"",""0""],[""motion"",""0"",""41"",""none""],[""ridemotion"",""32"",""32"",""none""],[""battleride"",""1""],[""type"",""passive"",""etc""],[""property"",""1"",""3"",""1"",""1"",""9"",""0"",""0"",""0""]]",bango-file,jobsystem.dat,1533
Spin Slash,2,,#nSpin and inflict damage to all enemies around you with Level 5 Death Blow Point.,,active126,,,#nEnergy used : %1!d!,,,50 char_level 2 * + 10 skill_level 50 char_level 2 * + * / +,0,30000,weapon_range,,,knight-40,1,"[""knight""]","[""38""]","[""70"",""0""]","[""23"",""0""]","[""6"",""0""]","[""active"",""once""]","[""1"",""3"",""0"",""0"",""0"",""0"",""5"",""0""]","[[""parameter"",""1"",[""plus"",[""plus"",""50"",[""mul"",""char_level"",""2""]],[""div"",[""mul"",""skill_level"",[""plus"",""50"",[""mul"",""char_level"",""2""]]],""10""]]]]","[""50 char_level 2 * + skill_level 50 char_level 2 * + * 10 / +""]","[[""compare"",""1"",[""plus"",[""plus"",""50"",[""mul"",""char_level"",""2""]],[""div"",""10"",[""mul"",""skill_level"",[""plus"",""50"",[""mul"",""char_level"",""2""]]]]]],[""compare"",""2"",""weapon_range""],[""compare"",""3"",""0""],[""compare"",""4"",""30000""]]","[""50 char_level 2 * + 10 skill_level 50 char_level 2 * + * / +""]","[""weapon_range""]","[""0""]","[""30000""]","{""1"":""verified-ability-text-and-gitbook"",""2"":""gitbook-verified-for-class"",""3"":""gitbook-verified-for-class"",""4"":""gitbook-verified-for-class""}",[],"[""skill"",[""key"",""knight-40""],[""name"",""Spin Slash""],[""limit"",""knight""],[""action"",""38""],[""image"",""active126""],[""desc"",""#nSpin and inflict damage to all enemies around you with Level 5 Death Blow Point.""],[""ability"",""#nEnergy used : %1!d!""],[""parameter"",""1"",[""plus"",[""plus"",""50"",[""mul"",""char_level"",""2""]],[""div"",[""mul"",""skill_level"",[""plus"",""50"",[""mul"",""char_level"",""2""]]],""10""]]],[""level"",""70"",""0""],[""grade"",""23"",""0""],[""maxlevel"",""6"",""0""],[""pileskill"",""1"",""5""],[""type"",""active"",""once""],[""compare"",""1"",[""plus"",[""plus"",""50"",[""mul"",""char_level"",""2""]],[""div"",""10"",[""mul"",""skill_level"",[""plus"",""50"",[""mul"",""char_level"",""2""]]]]]],[""compare"",""2"",""weapon_range""],[""compare"",""3"",""0""],[""compare"",""4"",""30000""],[""motion"",""0"",""42"",""none""],[""ridemotion"",""25"",""26"",""none""],[""battleride"",""1""],[""damagetype"",""1""],[""property"",""1"",""3"",""0"",""0"",""0"",""0"",""5"",""0""]]",bango-file,jobsystem.dat,1550
Powerful Widening Wound,2,,"#nIt's the next attack reinforced, interlinked with Upward Slash..",,active034,,,#nAdd. Attack Point + %1!d!#nAdd. On Target Point + %2!d!#nHostility 100 %% Increase#nEnergy used : %3!d!,,,30 skill_level +,0,weapon_speed,weapon_range,,,knight-41,1,"[""knight""]","[""41""]","[""56"",""0""]","[""11"",""0""]","[""5"",""0""]","[""active"",""use""]","[""1"",""2"",""0"",""0"",""0"",""0"",""5"",""0""]","[[""parameter"",""1"",[""plus"",""320"",[""mul"",""skill_level"",""196""]]],[""parameter"",""2"",[""plus"",[""mul"",""skill_level"",""3""],[""div"",""char_level"",""20""]]],[""parameter"",""3"",[""plus"",""30"",""skill_level""]]]","[""320 skill_level 196 * +"",""skill_level 3 * char_level 20 / +"",""30 skill_level +""]","[[""compare"",""1"",[""plus"",""30"",""skill_level""]],[""compare"",""2"",""weapon_range""],[""compare"",""3"",""0""],[""compare"",""4"",""weapon_speed""]]","[""30 skill_level +""]","[""weapon_range""]","[""0""]","[""weapon_speed""]","{""1"":""verified-ability-text-and-gitbook"",""2"":""gitbook-verified-for-class"",""3"":""gitbook-verified-for-class"",""4"":""gitbook-verified-for-class""}","[[""condition"",""13"",""1""]]","[""skill"",[""key"",""knight-41""],[""name"",""Powerful Widening Wound""],[""limit"",""knight""],[""action"",""41""],[""image"",""active034""],[""desc"",""#nIt's the next attack reinforced, interlinked with Upward Slash..""],[""ability"",""#nAdd. Attack Point + %1!d!#nAdd. On Target Point + %2!d!#nHostility 100 %% Increase#nEnergy used : %3!d!""],[""parameter"",""1"",[""plus"",""320"",[""mul"",""skill_level"",""196""]]],[""parameter"",""2"",[""plus"",[""mul"",""skill_level"",""3""],[""div"",""char_level"",""20""]]],[""parameter"",""3"",[""plus"",""30"",""skill_level""]],[""level"",""56"",""0""],[""grade"",""11"",""0""],[""maxlevel"",""5"",""0""],[""condition"",""13"",""1""],[""type"",""active"",""use""],[""compare"",""1"",[""plus"",""30"",""skill_level""]],[""compare"",""2"",""weapon_range""],[""compare"",""3"",""0""],[""compare"",""4"",""weapon_speed""],[""combo"",""3"",""7"",""41"",""0""],[""motion"",""0"",""9"",""attackauto""],[""ridemotion"",""0"",""2"",""attackauto""],[""battleride"",""1""],[""damagetype"",""1""],[""property"",""1"",""2"",""0"",""0"",""0"",""0"",""5"",""0""]]",bango-file,jobsystem.dat,1579
Devine Suction,1,,#nAbsorbs a certain amount of damage when attacked with 10% chance.,,active171,,,#nAdditional damage reduction : %1!d! %%,,,0,0,0,0,,,knight-44,1,"[""knight""]","[""44""]","[""50"",""55"",""60"",""65"",""70"",""0""]","[""11"",""1""]","[""1"",""2"",""3"",""4"",""5"",""0""]","[""passive"",""etc""]","[""1"",""2"",""1"",""1"",""9"",""0"",""0"",""0""]","[[""parameter"",""1"",[""plus"",""45"",[""mul"",""skill_level"",""5""]]]]","[""45 skill_level 5 * +""]","[[""compare"",""1"",""0""],[""compare"",""2"",""0""],[""compare"",""3"",""0""],[""compare"",""4"",""0""]]","[""0""]","[""0""]","[""0""]","[""0""]","{""1"":""verified-ability-text-and-gitbook"",""2"":""gitbook-verified-for-class"",""3"":""gitbook-verified-for-class"",""4"":""gitbook-verified-for-class""}",[],"[""skill"",[""key"",""knight-44""],[""name"",""Devine Suction""],[""limit"",""knight""],[""action"",""44""],[""image"",""active171""],[""desc"",""#nAbsorbs a certain amount of damage when attacked with 10% chance.""],[""ability"",""#nAdditional damage reduction : %1!d! %%""],[""parameter"",""1"",[""plus"",""45"",[""mul"",""skill_level"",""5""]]],[""level"",""50"",""55"",""60"",""65"",""70"",""0""],[""grade"",""11"",""1""],[""maxlevel"",""1"",""2"",""3"",""4"",""5"",""0""],[""type"",""passive"",""etc""],[""compare"",""1"",""0""],[""compare"",""2"",""0""],[""compare"",""3"",""0""],[""compare"",""4"",""0""],[""motion"",""0"",""0"",""none""],[""ridemotion"",""32"",""32"",""none""],[""battleride"",""1""],[""damagetype"",""0""],[""property"",""1"",""2"",""1"",""1"",""9"",""0"",""0"",""0""]]",bango-file,jobsystem.dat,1608
Blessing of Son of the Sky,1,,#nPower(physical/magical) is increased,,passive027,,,#nPower is increased by %1!d! %%,,,0,0,0,0,,,knight-70,1,"[""knight""]","[""70""]","[""70"",""75"",""80"",""85"",""90"",""95"",""100"",""0""]","[""23"",""0""]","[""1"",""2"",""3"",""4"",""5"",""6"",""7"",""0""]","[""passive"",""etc""]","[""0"",""0"",""1"",""2"",""9"",""0"",""0"",""0""]","[[""parameter"",""1"",[""plus"",""8"",[""mul"",""4"",[""minus"",""skill_level"",""1""]]]]]","[""8 4 skill_level 1 - * +""]","[[""compare"",""1"",""0""],[""compare"",""2"",""0""],[""compare"",""3"",""0""],[""compare"",""4"",""0""]]","[""0""]","[""0""]","[""0""]","[""0""]","{""1"":""verified-ability-text-and-gitbook"",""2"":""gitbook-verified-for-class"",""3"":""gitbook-verified-for-class"",""4"":""gitbook-verified-for-class""}",[],"[""skill"",[""key"",""knight-70""],[""name"",""Blessing of Son of the Sky""],[""limit"",""knight""],[""action"",""70""],[""image"",""passive027""],[""desc"",""#nPower(physical/magical) is increased""],[""ability"",""#nPower is increased by %1!d! %%""],[""parameter"",""1"",[""plus"",""8"",[""mul"",""4"",[""minus"",""skill_level"",""1""]]]],[""level"",""70"",""75"",""80"",""85"",""90"",""95"",""100"",""0""],[""grade"",""23"",""0""],[""maxlevel"",""1"",""2"",""3"",""4"",""5"",""6"",""7"",""0""],[""type"",""passive"",""etc""],[""compare"",""1"",""0""],[""compare"",""2"",""0""],[""compare"",""3"",""0""],[""compare"",""4"",""0""],[""motion"",""0"",""0"",""none""],[""damagetype"",""0""],[""property"",""0"",""0"",""1"",""2"",""9"",""0"",""0"",""0""]]",bango-file,jobsystem.dat,1631
Blessing of Son of the Sky,1,,#nPower(physical/magical) is increased,,passive027,,,#nPower is increased by %1!d! %%,,,0,0,0,0,,,knight-71,1,"[""knight""]","[""71""]","[""70"",""75"",""80"",""85"",""90"",""95"",""100"",""0""]","[""43"",""0""]","[""1"",""2"",""3"",""4"",""5"",""6"",""7"",""0""]","[""passive"",""etc""]","[""0"",""0"",""1"",""2"",""9"",""0"",""0"",""0""]","[[""parameter"",""1"",[""plus"",""8"",[""mul"",""4"",[""minus"",""skill_level"",""1""]]]]]","[""8 4 skill_level 1 - * +""]","[[""compare"",""1"",""0""],[""compare"",""2"",""0""],[""compare"",""3"",""0""],[""compare"",""4"",""0""]]","[""0""]","[""0""]","[""0""]","[""0""]","{""1"":""verified-ability-text-and-gitbook"",""2"":""gitbook-verified-for-class"",""3"":""gitbook-verified-for-class"",""4"":""gitbook-verified-for-class""}",[],"[""skill"",[""key"",""knight-71""],[""name"",""Blessing of Son of the Sky""],[""limit"",""knight""],[""action"",""71""],[""image"",""passive027""],[""desc"",""#nPower(physical/magical) is increased""],[""ability"",""#nPower is increased by %1!d! %%""],[""parameter"",""1"",[""plus"",""8"",[""mul"",""4"",[""minus"",""skill_level"",""1""]]]],[""level"",""70"",""75"",""80"",""85"",""90"",""95"",""100"",""0""],[""grade"",""43"",""0""],[""maxlevel"",""1"",""2"",""3"",""4"",""5"",""6"",""7"",""0""],[""type"",""passive"",""etc""],[""compare"",""1"",""0""],[""compare"",""2"",""0""],[""compare"",""3"",""0""],[""compare"",""4"",""0""],[""motion"",""0"",""0"",""none""],[""damagetype"",""0""],[""property"",""0"",""0"",""1"",""2"",""9"",""0"",""0"",""0""]]",bango-file,jobsystem.dat,1653
Artillery,1,,#nYou may assemble and control the weapon of castle siege.,,passive021,,,,,,0,0,0,0,,,knight-80,1,"[""knight""]","[""80""]","[""50"",""0""]","[""7"",""0""]","[""1"",""0""]","[""passive"",""etc""]","[""0"",""0"",""1"",""1"",""9"",""0"",""0"",""0""]",[],[],"[[""compare"",""1"",""0""],[""compare"",""2"",""0""],[""compare"",""3"",""0""],[""compare"",""4"",""0""]]","[""0""]","[""0""]","[""0""]","[""0""]","{""1"":""verified-ability-text-and-gitbook"",""2"":""gitbook-verified-for-class"",""3"":""gitbook-verified-for-class"",""4"":""gitbook-verified-for-class""}",[],"[""skill"",[""key"",""knight-80""],[""name"",""Artillery""],[""limit"",""knight""],[""action"",""80""],[""image"",""passive021""],[""desc"",""#nYou may assemble and control the weapon of castle siege.""],[""level"",""50"",""0""],[""grade"",""7"",""0""],[""maxlevel"",""1"",""0""],[""type"",""passive"",""etc""],[""compare"",""1"",""0""],[""compare"",""2"",""0""],[""compare"",""3"",""0""],[""compare"",""4"",""0""],[""motion"",""0"",""0"",""none""],[""damagetype"",""0""],[""property"",""0"",""0"",""1"",""1"",""9"",""0"",""0"",""0""]]",bango-file,jobsystem.dat,1675
Artillery,1,,#nYou may assemble and control the weapon of castle siege..,,passive021,,,,,,0,0,0,0,,,knight-81,1,"[""knight""]","[""81""]","[""50"",""0""]","[""11"",""0""]","[""1"",""0""]","[""passive"",""etc""]","[""0"",""0"",""1"",""1"",""9"",""0"",""0"",""0""]",[],[],"[[""compare"",""1"",""0""],[""compare"",""2"",""0""],[""compare"",""3"",""0""],[""compare"",""4"",""0""]]","[""0""]","[""0""]","[""0""]","[""0""]","{""1"":""verified-ability-text-and-gitbook"",""2"":""gitbook-verified-for-class"",""3"":""gitbook-verified-for-class"",""4"":""gitbook-verified-for-class""}",[],"[""skill"",[""key"",""knight-81""],[""name"",""Artillery""],[""limit"",""knight""],[""action"",""81""],[""image"",""passive021""],[""desc"",""#nYou may assemble and control the weapon of castle siege..""],[""level"",""50"",""0""],[""grade"",""11"",""0""],[""maxlevel"",""1"",""0""],[""type"",""passive"",""etc""],[""compare"",""1"",""0""],[""compare"",""2"",""0""],[""compare"",""3"",""0""],[""compare"",""4"",""0""],[""motion"",""0"",""0"",""none""],[""damagetype"",""0""],[""property"",""0"",""0"",""1"",""1"",""9"",""0"",""0"",""0""]]",bango-file,jobsystem.dat,1694
Mana Circulation,1,,#nTo facilitate the flow of inside energy#n to help the recovery of Mana.,,passive038,,,,,,0,0,0,0,,,knight-82,1,"[""knight""]","[""82""]","[""50"",""0""]","[""11"",""1""]","[""1"",""0""]","[""passive"",""etc""]","[""0"",""0"",""1"",""1"",""9"",""0"",""0"",""0""]",[],[],"[[""compare"",""1"",""0""],[""compare"",""2"",""0""],[""compare"",""3"",""0""],[""compare"",""4"",""0""]]","[""0""]","[""0""]","[""0""]","[""0""]","{""1"":""verified-ability-text-and-gitbook"",""2"":""gitbook-verified-for-class"",""3"":""gitbook-verified-for-class"",""4"":""gitbook-verified-for-class""}",[],"[""skill"",[""key"",""knight-82""],[""name"",""Mana Circulation""],[""limit"",""knight""],[""action"",""82""],[""image"",""passive038""],[""desc"",""#nTo facilitate the flow of inside energy#n to help the recovery of Mana.""],[""level"",""50"",""0""],[""grade"",""11"",""1""],[""maxlevel"",""1"",""0""],[""type"",""passive"",""etc""],[""compare"",""1"",""0""],[""compare"",""2"",""0""],[""compare"",""3"",""0""],[""compare"",""4"",""0""],[""motion"",""0"",""0"",""none""],[""damagetype"",""0""],[""property"",""0"",""0"",""1"",""1"",""9"",""0"",""0"",""0""]]",bango-file,jobsystem.dat,1714
Mystery Skill of Accuracy,1,,#nThe Mystery skills of Son of the sky which improves On-target.,,passive039,,,#nOn-target point increases by %1!d!.,,,0,0,0,0,,,knight-85,1,"[""knight""]","[""85""]","[""81"",""0""]","[""0"",""0""]","[""20"",""0""]","[""passive"",""etc""]","[""0"",""0"",""1"",""2"",""3"",""0"",""0"",""0"",""1""]","[[""parameter"",""1"",[""mul"",""skill_level"",""8""]]]","[""skill_level 8 *""]","[[""compare"",""1"",""0""],[""compare"",""2"",""0""],[""compare"",""3"",""0""],[""compare"",""4"",""0""]]","[""0""]","[""0""]","[""0""]","[""0""]","{""1"":""verified-ability-text-and-gitbook"",""2"":""gitbook-verified-for-class"",""3"":""gitbook-verified-for-class"",""4"":""gitbook-verified-for-class""}",[],"[""skill"",[""key"",""knight-85""],[""name"",""Mystery Skill of Accuracy""],[""action"",""85""],[""limit"",""knight""],[""image"",""passive039""],[""desc"",""#nThe Mystery skills of Son of the sky which improves On-target.""],[""ability"",""#nOn-target point increases by %1!d!.""],[""parameter"",""1"",[""mul"",""skill_level"",""8""]],[""level"",""81"",""0""],[""grade"",""0"",""0""],[""maxlevel"",""20"",""0""],[""type"",""passive"",""etc""],[""compare"",""1"",""0""],[""compare"",""2"",""0""],[""compare"",""3"",""0""],[""compare"",""4"",""0""],[""motion"",""0"",""0"",""none""],[""damagetype"",""0""],[""property"",""0"",""0"",""1"",""2"",""3"",""0"",""0"",""0"",""1""]]",bango-file,jobsystem.dat,1735
Mystery skill of Evasion,1,,#nThe Mystery skills of Son of the sky which improves Evasion.,,passive039,,,#nOn-evasion point increases by %1!d!.,,,0,0,0,0,,,knight-86,1,"[""knight""]","[""86""]","[""81"",""0""]","[""0"",""0""]","[""20"",""0""]","[""passive"",""etc""]","[""0"",""0"",""1"",""2"",""3"",""0"",""0"",""0"",""1""]","[[""parameter"",""1"",[""mul"",""skill_level"",""6""]]]","[""skill_level 6 *""]","[[""compare"",""1"",""0""],[""compare"",""2"",""0""],[""compare"",""3"",""0""],[""compare"",""4"",""0""]]","[""0""]","[""0""]","[""0""]","[""0""]","{""1"":""verified-ability-text-and-gitbook"",""2"":""gitbook-verified-for-class"",""3"":""gitbook-verified-for-class"",""4"":""gitbook-verified-for-class""}",[],"[""skill"",[""key"",""knight-86""],[""name"",""Mystery skill of Evasion""],[""limit"",""knight""],[""action"",""86""],[""image"",""passive039""],[""desc"",""#nThe Mystery skills of Son of the sky which improves Evasion.""],[""ability"",""#nOn-evasion point increases by %1!d!.""],[""parameter"",""1"",[""mul"",""skill_level"",""6""]],[""level"",""81"",""0""],[""grade"",""0"",""0""],[""maxlevel"",""20"",""0""],[""type"",""passive"",""etc""],[""compare"",""1"",""0""],[""compare"",""2"",""0""],[""compare"",""3"",""0""],[""compare"",""4"",""0""],[""motion"",""0"",""0"",""none""],[""damagetype"",""0""],[""property"",""0"",""0"",""1"",""2"",""3"",""0"",""0"",""0"",""1""]]",bango-file,jobsystem.dat,1757
Mystery skill of Defense,1,,#nThe Mystery skills of Son of the sky which improves Defense.,,passive039,,,#nOn-defense point increases by %1!d!.,,,0,0,0,0,,,knight-87,1,"[""knight""]","[""87""]","[""81"",""0""]","[""0"",""0""]","[""20"",""0""]","[""passive"",""etc""]","[""0"",""0"",""1"",""2"",""3"",""0"",""0"",""0"",""1""]","[[""parameter"",""1"",[""plus"",""31"",[""mul"",""7"",[""minus"",""skill_level"",""1""]]]]]","[""31 7 skill_level 1 - * +""]","[[""compare"",""1"",""0""],[""compare"",""2"",""0""],[""compare"",""3"",""0""],[""compare"",""4"",""0""]]","[""0""]","[""0""]","[""0""]","[""0""]","{""1"":""verified-ability-text-and-gitbook"",""2"":""gitbook-verified-for-class"",""3"":""gitbook-verified-for-class"",""4"":""gitbook-verified-for-class""}",[],"[""skill"",[""key"",""knight-87""],[""name"",""Mystery skill of Defense""],[""limit"",""knight""],[""action"",""87""],[""image"",""passive039""],[""desc"",""#nThe Mystery skills of Son of the sky which improves Defense.""],[""ability"",""#nOn-defense point increases by %1!d!.""],[""parameter"",""1"",[""plus"",""31"",[""mul"",""7"",[""minus"",""skill_level"",""1""]]]],[""level"",""81"",""0""],[""grade"",""0"",""0""],[""maxlevel"",""20"",""0""],[""type"",""passive"",""etc""],[""compare"",""1"",""0""],[""compare"",""2"",""0""],[""compare"",""3"",""0""],[""compare"",""4"",""0""],[""motion"",""0"",""0"",""none""],[""damagetype"",""0""],[""property"",""0"",""0"",""1"",""2"",""3"",""0"",""0"",""0"",""1""]]",bango-file,jobsystem.dat,1780
Walk on the Air,,,"#n It is faster than the Skill Run. Plus,#n its speed gets increased as well.#n When the player is in a situation of reiteration,#n use of this skill will be stopped.#n A situation that is not possible for the reiteration :#n Run, Speed Up, Emergency Escape, Potion of Increase#n Buff for Speed of Movement.",,active178,,,,,,6,,,,,,knight-88,1,"[""knight""]","[""88""]","[""91"",""0""]",[],"[""10"",""0""]","[""chant"",""once""]","[""1000"",""0"",""0"",""0"",""0"",""0"",""0"",""0""]",[],[],"[[""compare"",""1"",""6""]]","[""6""]",[],[],[],"{""1"":""verified-ability-text-and-gitbook""}",[],"[""skill"",[""key"",""knight-88""],[""name"",""Walk on the Air""],[""limit"",""knight""],[""action"",""88""],[""image"",""active178""],[""desc"",""#n It is faster than the Skill Run. Plus,#n its speed gets increased as well.#n When the player is in a situation of reiteration,#n use of this skill will be stopped.#n A situation that is not possible for the reiteration :#n Run, Speed Up, Emergency Escape, Potion of Increase#n Buff for Speed of Movement.""],[""level"",""91"",""0""],[""maxlevel"",""10"",""0""],[""property"",""1000"",""0"",""0"",""0"",""0"",""0"",""0"",""0""],[""type"",""chant"",""once""],[""battleride"",""0""],[""compare"",""1"",""6""],[""awakenskill"",""1""]]",bango-file,jobsystem.dat,1802
Evolution of Mana Circulation,1,,#n Health and energy recover faster#n than the Skill Rest.,,passive040,,,,,,0,0,0,0,,,knight-89,1,"[""knight""]","[""89""]","[""91"",""0""]","[""11"",""1""]","[""10"",""0""]","[""passive"",""etc""]","[""0"",""0"",""1"",""1"",""9"",""0"",""0"",""0""]",[],[],"[[""compare"",""1"",""0""],[""compare"",""2"",""0""],[""compare"",""3"",""0""],[""compare"",""4"",""0""]]","[""0""]","[""0""]","[""0""]","[""0""]","{""1"":""verified-ability-text-and-gitbook"",""2"":""gitbook-verified-for-class"",""3"":""gitbook-verified-for-class"",""4"":""gitbook-verified-for-class""}",[],"[""skill"",[""key"",""knight-89""],[""name"",""Evolution of Mana Circulation""],[""limit"",""knight""],[""action"",""89""],[""image"",""passive040""],[""desc"",""#n Health and energy recover faster#n than the Skill Rest.""],[""level"",""91"",""0""],[""grade"",""11"",""1""],[""maxlevel"",""10"",""0""],[""type"",""passive"",""etc""],[""compare"",""1"",""0""],[""compare"",""2"",""0""],[""compare"",""3"",""0""],[""compare"",""4"",""0""],[""motion"",""0"",""0"",""none""],[""damagetype"",""0""],[""property"",""0"",""0"",""1"",""1"",""9"",""0"",""0"",""0""],[""awakenskill"",""1""]]",bango-file,jobsystem.dat,1816
Shout of Defense,2,,#n Increase your defense drastically. ,,active179,,,#nDefense %1!d!%% Increase,,,20 char_level + 10 20 char_level 4 * + / +,0,50000,0,,,knight-90,1,"[""knight""]","[""90""]","[""91"",""96"",""101"",""0""]","[""23"",""1""]","[""1"",""2"",""3"",""0""]","[""active"",""once""]","[""1"",""1"",""0"",""0"",""0"",""0"",""5"",""0""]","[[""parameter"",""1"",[""plus"",""10"",[""mul"",""skill_level"",""10""]]]]","[""10 skill_level 10 * +""]","[[""compare"",""1"",[""plus"",[""plus"",""20"",""char_level""],[""div"",""10"",[""plus"",""20"",[""mul"",""char_level"",""4""]]]]],[""compare"",""2"",""0""],[""compare"",""3"",""0""],[""compare"",""4"",""50000""]]","[""20 char_level + 10 20 char_level 4 * + / +""]","[""0""]","[""0""]","[""50000""]","{""1"":""verified-ability-text-and-gitbook"",""2"":""gitbook-verified-for-class"",""3"":""gitbook-verified-for-class"",""4"":""gitbook-verified-for-class""}",[],"[""skill"",[""key"",""knight-90""],[""name"",""Shout of Defense""],[""limit"",""knight""],[""action"",""90""],[""image"",""active179""],[""desc"",""#n Increase your defense drastically. ""],[""ability"",""#nDefense %1!d!%% Increase""],[""parameter"",""1"",[""plus"",""10"",[""mul"",""skill_level"",""10""]]],[""level"",""91"",""96"",""101"",""0""],[""grade"",""23"",""1""],[""maxlevel"",""1"",""2"",""3"",""0""],[""type"",""active"",""once""],[""compare"",""1"",[""plus"",[""plus"",""20"",""char_level""],[""div"",""10"",[""plus"",""20"",[""mul"",""char_level"",""4""]]]]],[""compare"",""2"",""0""],[""compare"",""3"",""0""],[""compare"",""4"",""50000""],[""motion"",""0"",""31"",""none""],[""ridemotion"",""32"",""32"",""none""],[""battleride"",""1""],[""effect"","""","""",""""],[""damagetype"",""1""],[""property"",""1"",""1"",""0"",""0"",""0"",""0"",""5"",""0""],[""awakenskill"",""1""]]",bango-file,jobsystem.dat,1837
The Boom of Earth,2,,#n Give the additional damage by using#n the continuous stun to all of the#n targets that are within a certain#n radius around you.#n (Exercised only through the characters.),,active180,,,,,,200 skill_level 20 skill_level 1 - + * +,0,100000,weapon_range,,,knight-91,1,"[""knight""]","[""91""]","[""91"",""96"",""101"",""0""]","[""43"",""1""]","[""1"",""2"",""3"",""0""]","[""active"",""once""]","[""1"",""1"",""0"",""0"",""0"",""0"",""5"",""0""]",[],[],"[[""compare"",""1"",[""plus"",""200"",[""mul"",""skill_level"",[""plus"",""20"",[""minus"",""skill_level"",""1""]]]]],[""compare"",""2"",""weapon_range""],[""compare"",""3"",""0""],[""compare"",""4"",""100000""]]","[""200 skill_level 20 skill_level 1 - + * +""]","[""weapon_range""]","[""0""]","[""100000""]","{""1"":""verified-ability-text-and-gitbook"",""2"":""gitbook-verified-for-class"",""3"":""gitbook-verified-for-class"",""4"":""gitbook-verified-for-class""}",[],"[""skill"",[""key"",""knight-91""],[""name"",""The Boom of Earth""],[""limit"",""knight""],[""action"",""91""],[""image"",""active180""],[""desc"",""#n Give the additional damage by using#n the continuous stun to all of the#n targets that are within a certain#n radius around you.#n (Exercised only through the characters.)""],[""level"",""91"",""96"",""101"",""0""],[""grade"",""43"",""1""],[""maxlevel"",""1"",""2"",""3"",""0""],[""type"",""active"",""once""],[""compare"",""1"",[""plus"",""200"",[""mul"",""skill_level"",[""plus"",""20"",[""minus"",""skill_level"",""1""]]]]],[""compare"",""2"",""weapon_range""],[""compare"",""3"",""0""],[""compare"",""4"",""100000""],[""motion"",""0"",""25"",""none""],[""ridemotion"",""0"",""2"",""none""],[""battleride"",""1""],[""effect"","""","""",""""],[""damagetype"",""1""],[""property"",""1"",""1"",""0"",""0"",""0"",""0"",""5"",""0""],[""awakenskill"",""1""]]",bango-file,jobsystem.dat,1861
Shout of Fighting Spirit,2,,#n Increase the Physical Attack power#n of the party members that are within#n a certain radius around you.,,active187,,,#n Continuation Time: %1!d!Sec#n Power is increased by: %2!d!%%,,,180 1.25 skill_level char_level skill_level + * * +,0,1000 200 20 skill_level 1 - * - *,64,,,knight-92,1,"[""knight""]","[""92""]","[""91"",""96"",""101"",""0""]","[""23"",""1""]","[""1"",""2"",""3"",""0""]","[""active"",""once""]","[""1"",""1"",""0"",""0"",""0"",""0"",""5"",""0""]","[[""parameter"",""1"",[""plus"",""4"",[""mul"",""skill_level"",""3""]]],[""parameter"",""2"",[""mul"",""10"",""skill_level""]]]","[""4 skill_level 3 * +"",""10 skill_level *""]","[[""compare"",""1"",[""plus"",""180"",[""mul"",""1.25"",[""mul"",""skill_level"",[""plus"",""char_level"",""skill_level""]]]]],[""compare"",""2"",""64""],[""compare"",""3"",""0""],[""compare"",""4"",[""mul"",""1000"",[""minus"",""200"",[""mul"",""20"",[""minus"",""skill_level"",""1""]]]]]]","[""180 1.25 skill_level char_level skill_level + * * +""]","[""64""]","[""0""]","[""1000 200 20 skill_level 1 - * - *""]","{""1"":""verified-ability-text-and-gitbook"",""2"":""gitbook-verified-for-class"",""3"":""gitbook-verified-for-class"",""4"":""gitbook-verified-for-class""}",[],"[""skill"",[""key"",""knight-92""],[""name"",""Shout of Fighting Spirit""],[""limit"",""knight""],[""action"",""92""],[""image"",""active187""],[""desc"",""#n Increase the Physical Attack power#n of the party members that are within#n a certain radius around you.""],[""ability"",""#n Continuation Time: %1!d!Sec#n Power is increased by: %2!d!%%""],[""parameter"",""1"",[""plus"",""4"",[""mul"",""skill_level"",""3""]]],[""parameter"",""2"",[""mul"",""10"",""skill_level""]],[""level"",""91"",""96"",""101"",""0""],[""grade"",""23"",""1""],[""maxlevel"",""1"",""2"",""3"",""0""],[""type"",""active"",""once""],[""compare"",""1"",[""plus"",""180"",[""mul"",""1.25"",[""mul"",""skill_level"",[""plus"",""char_level"",""skill_level""]]]]],[""compare"",""2"",""64""],[""compare"",""3"",""0""],[""compare"",""4"",[""mul"",""1000"",[""minus"",""200"",[""mul"",""20"",[""minus"",""skill_level"",""1""]]]]],[""motion"",""0"",""32"",""none""],[""ridemotion"",""32"",""32"",""none""],[""battleride"",""1""],[""effect"","""","""",""""],[""damagetype"",""1""],[""property"",""1"",""1"",""0"",""0"",""0"",""0"",""5"",""0""],[""awakenskill"",""1""]]",bango-file,jobsystem.dat,1883
The wave of Earth,2,,#n Give the damage to all of the enemies#n that are within a certain radius around#n the target.,,active188,,,,,,180 1.25 skill_level char_level skill_level + * * +,0,1000 200 20 skill_level 1 - * - *,64,,,knight-93,1,"[""knight""]","[""93""]","[""91"",""96"",""101"",""0""]","[""43"",""1""]","[""1"",""2"",""3"",""0""]","[""active"",""once""]","[""1"",""1"",""0"",""0"",""0"",""0"",""5"",""0""]",[],[],"[[""compare"",""1"",[""plus"",""180"",[""mul"",""1.25"",[""mul"",""skill_level"",[""plus"",""char_level"",""skill_level""]]]]],[""compare"",""2"",""64""],[""compare"",""3"",""0""],[""compare"",""4"",[""mul"",""1000"",[""minus"",""200"",[""mul"",""20"",[""minus"",""skill_level"",""1""]]]]]]","[""180 1.25 skill_level char_level skill_level + * * +""]","[""64""]","[""0""]","[""1000 200 20 skill_level 1 - * - *""]","{""1"":""verified-ability-text-and-gitbook"",""2"":""gitbook-verified-for-class"",""3"":""gitbook-verified-for-class"",""4"":""gitbook-verified-for-class""}",[],"[""skill"",[""key"",""knight-93""],[""name"",""The wave of Earth""],[""limit"",""knight""],[""action"",""93""],[""image"",""active188""],[""desc"",""#n Give the damage to all of the enemies#n that are within a certain radius around#n the target.""],[""level"",""91"",""96"",""101"",""0""],[""grade"",""43"",""1""],[""maxlevel"",""1"",""2"",""3"",""0""],[""type"",""active"",""once""],[""compare"",""1"",[""plus"",""180"",[""mul"",""1.25"",[""mul"",""skill_level"",[""plus"",""char_level"",""skill_level""]]]]],[""compare"",""2"",""64""],[""compare"",""3"",""0""],[""compare"",""4"",[""mul"",""1000"",[""minus"",""200"",[""mul"",""20"",[""minus"",""skill_level"",""1""]]]]],[""motion"",""0"",""25"",""none""],[""ridemotion"",""0"",""2"",""none""],[""battleride"",""1""],[""effect"","""","""",""""],[""damagetype"",""1""],[""property"",""1"",""1"",""0"",""0"",""0"",""0"",""5"",""0""],[""awakenskill"",""1""]]",bango-file,jobsystem.dat,1908
Attack of Dark Shadow,1,,#n Give the Critical Hit when you are#n satisfied with the certain number of hit ,,passive041,,,,,,0,0,0,0,,,knight-94,1,"[""knight""]","[""94""]","[""96"",""0""]","[""11"",""1""]","[""2"",""0""]","[""passive"",""etc""]","[""0"",""0"",""1"",""1"",""9"",""0"",""0"",""0""]",[],[],"[[""compare"",""1"",""0""],[""compare"",""2"",""0""],[""compare"",""3"",""0""],[""compare"",""4"",""0""]]","[""0""]","[""0""]","[""0""]","[""0""]","{""1"":""verified-ability-text-and-gitbook"",""2"":""gitbook-verified-for-class"",""3"":""gitbook-verified-for-class"",""4"":""gitbook-verified-for-class""}",[],"[""skill"",[""key"",""knight-94""],[""name"",""Attack of Dark Shadow""],[""limit"",""knight""],[""action"",""94""],[""image"",""passive041""],[""desc"",""#n Give the Critical Hit when you are#n satisfied with the certain number of hit ""],[""level"",""96"",""0""],[""grade"",""11"",""1""],[""maxlevel"",""2"",""0""],[""type"",""passive"",""etc""],[""compare"",""1"",""0""],[""compare"",""2"",""0""],[""compare"",""3"",""0""],[""compare"",""4"",""0""],[""motion"",""0"",""6"",""none""],[""damagetype"",""0""],[""property"",""0"",""0"",""1"",""1"",""9"",""0"",""0"",""0""],[""awakenskill"",""1""]]",bango-file,jobsystem.dat,1930
Fire Magic,2,,#nThrow fire ball to the enemy#nto give fire damage.,,active004,,,#nMagic Attack Point + %1!d!#nEnergy used : %2!d!,,,7 skill_level 4 / +,1300 1300 fire_mastery 5 * * 100 / -,600,110 3 skill_level * +,,,mage-2,1,"[""mage""]","[""2""]","[""8"",""0""]","[""1"",""0""]","[""20"",""0""]","[""active"",""use""]","[""3"",""1"",""0"",""0"",""1"",""5""]","[[""parameter"",""1"",[""div"",[""plus"",[""div"",[""mul"",""3"",""char_level""],""2""],[""div"",[""mul"",""char_int"",[""mul"",""skill_level"",""3""]],""10""]],""2""]],[""parameter"",""2"",[""plus"",""7"",[""div"",""skill_level"",""4""]]]]","[""3 char_level * 2 / char_int skill_level 3 * * 10 / + 2 /"",""7 skill_level 4 / +""]","[[""compare"",""1"",[""plus"",""7"",[""div"",""skill_level"",""4""]]],[""compare"",""2"",[""plus"",""110"",[""mul"",""3"",""skill_level""]]],[""compare"",""3"",[""minus"",""1300"",[""div"",[""mul"",""1300"",[""mul"",""fire_mastery"",""5""]],""100""]]],[""compare"",""4"",""600""]]","[""7 skill_level 4 / +""]","[""110 3 skill_level * +""]","[""1300 1300 fire_mastery 5 * * 100 / -""]","[""600""]","{""1"":""verified-ability-text-and-gitbook"",""2"":""gitbook-verified-for-class"",""3"":""gitbook-verified-for-class"",""4"":""gitbook-verified-for-class""}",[],"[""skill"",[""key"",""mage-2""],[""name"",""Fire Magic""],[""limit"",""mage""],[""action"",""2""],[""image"",""active004""],[""desc"",""#nThrow fire ball to the enemy#nto give fire damage.""],[""ability"",""#nMagic Attack Point + %1!d!#nEnergy used : %2!d!""],[""parameter"",""1"",[""div"",[""plus"",[""div"",[""mul"",""3"",""char_level""],""2""],[""div"",[""mul"",""char_int"",[""mul"",""skill_level"",""3""]],""10""]],""2""]],[""parameter"",""2"",[""plus"",""7"",[""div"",""skill_level"",""4""]]],[""maxparamvalue"",""1"",""450""],[""level"",""8"",""0""],[""grade"",""1"",""0""],[""maxlevel"",""20"",""0""],[""type"",""active"",""use""],[""compare"",""1"",[""plus"",""7"",[""div"",""skill_level"",""4""]]],[""compare"",""2"",[""plus"",""110"",[""mul"",""3"",""skill_level""]]],[""compare"",""3"",[""minus"",""1300"",[""div"",[""mul"",""1300"",[""mul"",""fire_mastery"",""5""]],""100""]]],[""compare"",""4"",""600""],[""motion"",""2"",""3"",""attackauto""],[""ridemotion"",""2"",""3"",""attackauto""],[""battleride"",""1""],[""effect"",""Skill_R_2_0"",""Skill_R_2_1"",""Skill_R_2_2""],[""sound"",""efs011_L"",""efs010_L"",""efs009""],[""explosion"",""10"",""4"",""5""],[""damagetype"",""1""],[""property"",""3"",""1"",""0"",""0"",""1"",""5""]]",bango-file,jobsystem.dat,1955
Ice Magic,2,,#nThrow a lump of ice to the enemy#nto give ice damage.,,active005,,,#nMagic Attack Point + %1!d!#nEnergy used : %2!d!,,,6 skill_level 4 / +,800,600,120 4 skill_level * +,,,mage-3,1,"[""mage""]","[""3""]","[""3"",""0""]","[""1"",""0""]","[""20"",""0""]","[""active"",""use""]","[""3"",""1"",""0"",""0"",""1"",""5""]","[[""parameter"",""1"",[""div"",[""plus"",[""div"",[""mul"",""3"",""char_level""],""2""],[""div"",[""mul"",""char_int"",[""mul"",""skill_level"",""3""]],""13""]],""2""]],[""parameter"",""2"",[""plus"",""6"",[""div"",""skill_level"",""4""]]]]","[""3 char_level * 2 / char_int skill_level 3 * * 13 / + 2 /"",""6 skill_level 4 / +""]","[[""compare"",""1"",[""plus"",""6"",[""div"",""skill_level"",""4""]]],[""compare"",""2"",[""plus"",""120"",[""mul"",""4"",""skill_level""]]],[""compare"",""3"",""800""],[""compare"",""4"",""600""]]","[""6 skill_level 4 / +""]","[""120 4 skill_level * +""]","[""800""]","[""600""]","{""1"":""verified-ability-text-and-gitbook"",""2"":""gitbook-verified-for-class"",""3"":""gitbook-verified-for-class"",""4"":""gitbook-verified-for-class""}",[],"[""skill"",[""key"",""mage-3""],[""name"",""Ice Magic""],[""limit"",""mage""],[""action"",""3""],[""image"",""active005""],[""desc"",""#nThrow a lump of ice to the enemy#nto give ice damage.""],[""ability"",""#nMagic Attack Point + %1!d!#nEnergy used : %2!d!""],[""parameter"",""1"",[""div"",[""plus"",[""div"",[""mul"",""3"",""char_level""],""2""],[""div"",[""mul"",""char_int"",[""mul"",""skill_level"",""3""]],""13""]],""2""]],[""parameter"",""2"",[""plus"",""6"",[""div"",""skill_level"",""4""]]],[""maxparamvalue"",""1"",""350""],[""level"",""3"",""0""],[""grade"",""1"",""0""],[""maxlevel"",""20"",""0""],[""type"",""active"",""use""],[""compare"",""1"",[""plus"",""6"",[""div"",""skill_level"",""4""]]],[""compare"",""2"",[""plus"",""120"",[""mul"",""4"",""skill_level""]]],[""compare"",""3"",""800""],[""compare"",""4"",""600""],[""motion"",""2"",""3"",""attackauto""],[""ridemotion"",""2"",""3"",""attackauto""],[""battleride"",""1""],[""effect"",""Skill_R_3_0"",""Skill_R_3_1"",""Skill_R_3_2""],[""sound"",""efs013_L"",""efs015_L"",""efs017""],[""explosion"",""11"",""6"",""7""],[""damagetype"",""1""],[""property"",""3"",""1"",""0"",""0"",""1"",""5""]]",bango-file,jobsystem.dat,1981
Lightning Magic,2,,#nThrow lightning to the enemy#nto give lightning damage..,,active006,,,#nMin Magic Attack Point + %1!d!#nMax Magic Attack Point + %2!d!#nEnergy used : %3!d!,,,2 skill_level 2 / +,600,600,110 6 skill_level * +,,,mage-4,1,"[""mage""]","[""4""]","[""1"",""0""]","[""1"",""0""]","[""10"",""0""]","[""active"",""use""]","[""3"",""1"",""0"",""0"",""1"",""5""]","[[""parameter"",""1"",[""div"",[""plus"",[""div"",[""mul"",""3"",""char_level""],""2""],[""div"",[""mul"",""char_int"",[""mul"",""skill_level"",""2""]],""16""]],""2""]],[""parameter"",""2"",[""plus"",[""mul"",""lightning_mastery"",""20""],[""div"",[""plus"",[""div"",[""mul"",""3"",""char_level""],""2""],[""div"",[""mul"",""char_int"",[""mul"",""skill_level"",""2""]],""16""]],""2""]]],[""parameter"",""3"",[""plus"",""2"",[""div"",""skill_level"",""2""]]]]","[""3 char_level * 2 / char_int skill_level 2 * * 16 / + 2 /"",""lightning_mastery 20 * 3 char_level * 2 / char_int skill_level 2 * * 16 / + 2 / +"",""2 skill_level 2 / +""]","[[""compare"",""1"",[""plus"",""2"",[""div"",""skill_level"",""2""]]],[""compare"",""2"",[""plus"",""110"",[""mul"",""6"",""skill_level""]]],[""compare"",""3"",""600""],[""compare"",""4"",""600""]]","[""2 skill_level 2 / +""]","[""110 6 skill_level * +""]","[""600""]","[""600""]","{""1"":""verified-ability-text-and-gitbook"",""2"":""gitbook-verified-for-class"",""3"":""gitbook-verified-for-class"",""4"":""gitbook-verified-for-class""}",[],"[""skill"",[""key"",""mage-4""],[""name"",""Lightning Magic""],[""limit"",""mage""],[""action"",""4""],[""image"",""active006""],[""desc"",""#nThrow lightning to the enemy#nto give lightning damage..""],[""ability"",""#nMin Magic Attack Point + %1!d!#nMax Magic Attack Point + %2!d!#nEnergy used : %3!d!""],[""parameter"",""1"",[""div"",[""plus"",[""div"",[""mul"",""3"",""char_level""],""2""],[""div"",[""mul"",""char_int"",[""mul"",""skill_level"",""2""]],""16""]],""2""]],[""parameter"",""2"",[""plus"",[""mul"",""lightning_mastery"",""20""],[""div"",[""plus"",[""div"",[""mul"",""3"",""char_level""],""2""],[""div"",[""mul"",""char_int"",[""mul"",""skill_level"",""2""]],""16""]],""2""]]],[""parameter"",""3"",[""plus"",""2"",[""div"",""skill_level"",""2""]]],[""maxparamvalue"",""1"",""150""],[""maxparamvalue"",""2"",""300""],[""level"",""1"",""0""],[""grade"",""1"",""0""],[""maxlevel"",""10"",""0""],[""type"",""active"",""use""],[""compare"",""1"",[""plus"",""2"",[""div"",""skill_level"",""2""]]],[""compare"",""2"",[""plus"",""110"",[""mul"",""6"",""skill_level""]]],[""compare"",""3"",""600""],[""compare"",""4"",""600""],[""motion"",""2"",""3"",""attackauto""],[""ridemotion"",""2"",""3"",""attackauto""],[""battleride"",""1""],[""effect"",""Skill_R_4_0"",""Skill_R_4_1"",""Skill_R_4_2""],[""sound"",""efs019_L"",""efs020_L"",""efs021""],[""explosion"",""12"",""8"",""9""],[""damagetype"",""1""],[""property"",""3"",""1"",""0"",""0"",""1"",""5""]]",bango-file,jobsystem.dat,2008
Long-range Protection,2,,#nPerfect defense from log range attack by one time.#nEfficiecy disappears after defense.#nIt can't be used on monsters.,,active041,,,#nEnergy used : 64,,,64,800,5000,180,,,mage-5,1,"[""mage""]","[""5""]","[""25"",""0""]","[""1"",""1""]","[""1"",""0""]","[""active"",""use""]","[""3"",""1"",""1"",""0"",""3"",""1""]",[],[],"[[""compare"",""1"",""64""],[""compare"",""2"",""180""],[""compare"",""3"",""800""],[""compare"",""4"",""5000""]]","[""64""]","[""180""]","[""800""]","[""5000""]","{""1"":""verified-ability-text-and-gitbook"",""2"":""gitbook-verified-for-class"",""3"":""gitbook-verified-for-class"",""4"":""gitbook-verified-for-class""}",[],"[""skill"",[""key"",""mage-5""],[""name"",""Long-range Protection""],[""limit"",""mage""],[""action"",""5""],[""image"",""active041""],[""desc"",""#nPerfect defense from log range attack by one time.#nEfficiecy disappears after defense.#nIt can't be used on monsters.""],[""ability"",""#nEnergy used : 64""],[""level"",""25"",""0""],[""grade"",""1"",""1""],[""maxlevel"",""1"",""0""],[""type"",""active"",""use""],[""compare"",""1"",""64""],[""compare"",""2"",""180""],[""compare"",""3"",""800""],[""compare"",""4"",""5000""],[""motion"",""6"",""9"",""none""],[""ridemotion"",""14"",""15"",""none""],[""battleride"",""1""],[""damagetype"",""2""],[""targetkind"",""1""],[""property"",""3"",""1"",""1"",""0"",""3"",""1""]]",bango-file,jobsystem.dat,2037
Heal,2,,#nRecover one's own health points.,,active008,,,#nHealth recovered : %1!d!#nEnergy used : %2!d!#n#nThe maximum recovery limit#n[Skill 1Rank-Max HP100]#n[Skill 2Rank-Max HP150]#n[Skill 3Rank-Max HP200]#n[Skill 4Rank-Max HP250]#n[Skill 5Rank-Max HP300],,,6 skill_level 6 * +,0,4200,,,,mage-8,1,"[""mage""]","[""8""]","[""7"",""0""]","[""1"",""0""]","[""5"",""0""]","[""active"",""once""]","[""3"",""1"",""1"",""0"",""9"",""0""]","[[""parameter"",""1"",[""plus"",""100"",[""div"",[""plus"",[""div"",[""mul"",""15"",""char_level""],""10""],[""div"",[""mul"",""char_wis"",[""mul"",""skill_level"",""5""]],""10""]],""2""]]],[""parameter"",""2"",[""plus"",""6"",[""mul"",""skill_level"",""6""]]]]","[""100 15 char_level * 10 / char_wis skill_level 5 * * 10 / + 2 / +"",""6 skill_level 6 * +""]","[[""compare"",""1"",[""plus"",""6"",[""mul"",""skill_level"",""6""]]],[""compare"",""3"",""0""],[""compare"",""4"",""4200""]]","[""6 skill_level 6 * +""]",[],"[""0""]","[""4200""]","{""1"":""verified-ability-text-and-gitbook"",""3"":""gitbook-verified-for-class"",""4"":""gitbook-verified-for-class""}",[],"[""skill"",[""key"",""mage-8""],[""name"",""Heal""],[""limit"",""mage""],[""action"",""8""],[""image"",""active008""],[""desc"",""#nRecover one's own health points.""],[""ability"",""#nHealth recovered : %1!d!#nEnergy used : %2!d!#n#nThe maximum recovery limit#n[Skill 1Rank-Max HP100]#n[Skill 2Rank-Max HP150]#n[Skill 3Rank-Max HP200]#n[Skill 4Rank-Max HP250]#n[Skill 5Rank-Max HP300]""],[""parameter"",""1"",[""plus"",""100"",[""div"",[""plus"",[""div"",[""mul"",""15"",""char_level""],""10""],[""div"",[""mul"",""char_wis"",[""mul"",""skill_level"",""5""]],""10""]],""2""]]],[""parameter"",""2"",[""plus"",""6"",[""mul"",""skill_level"",""6""]]],[""maxparamvalue"",""1"",""300""],[""level"",""7"",""0""],[""grade"",""1"",""0""],[""maxlevel"",""5"",""0""],[""type"",""active"",""once""],[""compare"",""1"",[""plus"",""6"",[""mul"",""skill_level"",""6""]]],[""compare"",""3"",""0""],[""compare"",""4"",""4200""],[""motion"",""0"",""3"",""none""],[""ridemotion"",""14"",""15"",""none""],[""battleride"",""1""],[""effect"","""","""",""Skill_R_8_2""],[""damagetype"",""0""],[""property"",""3"",""1"",""1"",""0"",""9"",""0""]]",bango-file,jobsystem.dat,2058
Shock Wave,2,,#nGive thestrong  Shock Wave to the opponent.,,active013,,,#nMin Magic Attack Point + %1!d! #nMax Magic Attack Point + %2!d! #nWnEnergy used : %3!d!,,,56 skill_level 6 * +,0,1200,32,,,mage-9,1,"[""mage""]","[""9""]","[""31"",""0""]","[""3"",""0""]","[""5"",""0""]","[""active"",""use""]","[""3"",""1"",""0"",""0"",""1"",""5""]","[[""parameter"",""1"",[""plus"",""50"",[""div"",[""plus"",[""div"",[""mul"",""skill_level"",""5""],""3""],[""div"",[""mul"",""char_int"",[""mul"",""skill_level"",""6""]],""4""]],""2""]]],[""parameter"",""2"",[""plus"",""lightning_mastery"",[""plus"",""150"",[""div"",[""plus"",[""div"",[""mul"",""skill_level"",""5""],""3""],[""div"",[""mul"",""char_int"",[""mul"",""skill_level"",""11""]],""3""]],""2""]]]],[""parameter"",""3"",[""plus"",""56"",[""mul"",""skill_level"",""6""]]]]","[""50 skill_level 5 * 3 / char_int skill_level 6 * * 4 / + 2 / +"",""lightning_mastery 150 skill_level 5 * 3 / char_int skill_level 11 * * 3 / + 2 / + +"",""56 skill_level 6 * +""]","[[""compare"",""1"",[""plus"",""56"",[""mul"",""skill_level"",""6""]]],[""compare"",""2"",""32""],[""compare"",""3"",""0""],[""compare"",""4"",""1200""]]","[""56 skill_level 6 * +""]","[""32""]","[""0""]","[""1200""]","{""1"":""verified-ability-text-and-gitbook"",""2"":""gitbook-verified-for-class"",""3"":""gitbook-verified-for-class"",""4"":""gitbook-verified-for-class""}","[[""condition"",""4"",""5""]]","[""skill"",[""key"",""mage-9""],[""name"",""Shock Wave""],[""limit"",""mage""],[""action"",""9""],[""image"",""active013""],[""desc"",""#nGive thestrong  Shock Wave to the opponent.""],[""ability"",""#nMin Magic Attack Point + %1!d! #nMax Magic Attack Point + %2!d! #nWnEnergy used : %3!d!""],[""parameter"",""1"",[""plus"",""50"",[""div"",[""plus"",[""div"",[""mul"",""skill_level"",""5""],""3""],[""div"",[""mul"",""char_int"",[""mul"",""skill_level"",""6""]],""4""]],""2""]]],[""parameter"",""2"",[""plus"",""lightning_mastery"",[""plus"",""150"",[""div"",[""plus"",[""div"",[""mul"",""skill_level"",""5""],""3""],[""div"",[""mul"",""char_int"",[""mul"",""skill_level"",""11""]],""3""]],""2""]]]],[""parameter"",""3"",[""plus"",""56"",[""mul"",""skill_level"",""6""]]],[""maxparamvalue"",""1"",""500""],[""maxparamvalue"",""2"",""1200""],[""level"",""31"",""0""],[""grade"",""3"",""0""],[""maxlevel"",""5"",""0""],[""condition"",""4"",""5""],[""type"",""active"",""use""],[""compare"",""1"",[""plus"",""56"",[""mul"",""skill_level"",""6""]]],[""compare"",""2"",""32""],[""compare"",""3"",""0""],[""compare"",""4"",""1200""],[""motion"",""6"",""8"",""attackauto""],[""ridemotion"",""14"",""15"",""attackauto""],[""battleride"",""1""],[""effect"","""","""",""""],[""explosion"",""0"",""0"",""0""],[""damagetype"",""1""],[""property"",""3"",""1"",""0"",""0"",""1"",""5""]]",bango-file,jobsystem.dat,2081
Cure,2,,#nRecover some health points of one who is selected.#nIt can't be used on monsters.,,active010,,,#nAmount of recovering : %1!d!#nEnergy used : %2!d!,,,8 skill_level 2 * +,1800,600,130 skill_level 3 * +,,,mage-10,1,"[""mage""]","[""10""]","[""16"",""0""]","[""1"",""0""]","[""10"",""0""]","[""active"",""use""]","[""3"",""1"",""1"",""0"",""9"",""2""]","[[""parameter"",""1"",[""plus"",[""mul"",""skill_level"",""30""],[""plus"",""70"",[""div"",[""plus"",[""div"",[""mul"",""7"",""char_level""],""11""],[""div"",[""mul"",""char_wis"",[""mul"",""skill_level"",""3""]],""11""]],""2""]]]],[""parameter"",""2"",[""plus"",""8"",[""mul"",""skill_level"",""3""]]]]","[""skill_level 30 * 70 7 char_level * 11 / char_wis skill_level 3 * * 11 / + 2 / + +"",""8 skill_level 3 * +""]","[[""compare"",""1"",[""plus"",""8"",[""mul"",""skill_level"",""2""]]],[""compare"",""2"",[""plus"",""130"",[""mul"",""skill_level"",""3""]]],[""compare"",""3"",""1800""],[""compare"",""4"",""600""]]","[""8 skill_level 2 * +""]","[""130 skill_level 3 * +""]","[""1800""]","[""600""]","{""1"":""verified-ability-text-and-gitbook"",""2"":""gitbook-verified-for-class"",""3"":""gitbook-verified-for-class"",""4"":""gitbook-verified-for-class""}","[[""condition"",""8"",""3""]]","[""skill"",[""key"",""mage-10""],[""name"",""Cure""],[""limit"",""mage""],[""action"",""10""],[""image"",""active010""],[""desc"",""#nRecover some health points of one who is selected.#nIt can't be used on monsters.""],[""ability"",""#nAmount of recovering : %1!d!#nEnergy used : %2!d!""],[""parameter"",""1"",[""plus"",[""mul"",""skill_level"",""30""],[""plus"",""70"",[""div"",[""plus"",[""div"",[""mul"",""7"",""char_level""],""11""],[""div"",[""mul"",""char_wis"",[""mul"",""skill_level"",""3""]],""11""]],""2""]]]],[""parameter"",""2"",[""plus"",""8"",[""mul"",""skill_level"",""3""]]],[""maxparamvalue"",""1"",""500""],[""level"",""16"",""0""],[""grade"",""1"",""0""],[""maxlevel"",""10"",""0""],[""condition"",""8"",""3""],[""type"",""active"",""use""],[""compare"",""1"",[""plus"",""8"",[""mul"",""skill_level"",""2""]]],[""compare"",""2"",[""plus"",""130"",[""mul"",""skill_level"",""3""]]],[""compare"",""3"",""1800""],[""compare"",""4"",""600""],[""motion"",""4"",""5"",""none""],[""ridemotion"",""14"",""15"",""none""],[""battleride"",""1""],[""effect"",""Skill_R_10_0"","""",""Skill_R_10_2""],[""explosion"",""4"",""0"",""0""],[""damagetype"",""2""],[""targetkind"",""1""],[""property"",""3"",""1"",""1"",""0"",""9"",""2""]]",bango-file,jobsystem.dat,2109
Magic Mastery : Lightning,1,,#nMax magic attack of lightning is increased.,,passive008,,,#nMax Magic Attack Point + %1!d!,,,,,,,,,mage-11,1,"[""mage""]","[""12""]","[""30"",""0""]","[""3"",""0""]","[""5"",""0""]","[""passive"",""etc""]","[""3"",""1"",""1"",""1"",""9"",""0""]","[[""parameter"",""1"",[""mul"",""skill_level"",""20""]]]","[""skill_level 20 *""]",[],[],[],[],[],{},[],"[""skill"",[""key"",""mage-11""],[""name"",""Magic Mastery : Lightning""],[""limit"",""mage""],[""action"",""12""],[""image"",""passive008""],[""desc"",""#nMax magic attack of lightning is increased.""],[""ability"",""#nMax Magic Attack Point + %1!d!""],[""parameter"",""1"",[""mul"",""skill_level"",""20""]],[""level"",""30"",""0""],[""grade"",""3"",""0""],[""maxlevel"",""5"",""0""],[""type"",""passive"",""etc""],[""property"",""3"",""1"",""1"",""1"",""9"",""0""]]",bango-file,jobsystem.dat,2136
Magic Mastery : Ice,1,,#nIncrease the chance of making the enemy slow.,,passive009,,,,,,,,,,,,mage-12,1,"[""mage""]","[""13""]","[""30"",""0""]","[""3"",""0""]","[""5"",""0""]","[""passive"",""etc""]","[""3"",""1"",""1"",""1"",""9"",""0""]",[],[],[],[],[],[],[],{},[],"[""skill"",[""key"",""mage-12""],[""name"",""Magic Mastery : Ice""],[""limit"",""mage""],[""action"",""13""],[""image"",""passive009""],[""desc"",""#nIncrease the chance of making the enemy slow.""],[""level"",""30"",""0""],[""grade"",""3"",""0""],[""maxlevel"",""5"",""0""],[""type"",""passive"",""etc""],[""property"",""3"",""1"",""1"",""1"",""9"",""0""]]",bango-file,jobsystem.dat,2151
Magic Mastery  : Fire,1,,#nDecrease the incantion time on fire magic.,,passive010,,,,,,,,,,,,mage-13,1,"[""mage""]","[""14""]","[""30"",""0""]","[""3"",""0""]","[""5"",""0""]","[""passive"",""etc""]","[""3"",""1"",""1"",""1"",""9"",""0""]",[],[],[],[],[],[],[],{},[],"[""skill"",[""key"",""mage-13""],[""name"",""Magic Mastery  : Fire""],[""limit"",""mage""],[""action"",""14""],[""image"",""passive010""],[""desc"",""#nDecrease the incantion time on fire magic.""],[""level"",""30"",""0""],[""grade"",""3"",""0""],[""maxlevel"",""5"",""0""],[""type"",""passive"",""etc""],[""property"",""3"",""1"",""1"",""1"",""9"",""0""]]",bango-file,jobsystem.dat,2164
Meditation,2,,#nRecover one's own energy point slowly.,,active017,,,,,,char_level skill_level 9 * -,0,55000,,,,mage-14,1,"[""mage""]","[""15""]","[""32"",""0""]","[""3"",""0""]","[""3"",""0""]","[""active"",""once""]","[""3"",""1"",""1"",""0"",""9"",""0""]",[],[],"[[""compare"",""1"",[""minus"",""char_level"",[""mul"",""skill_level"",""9""]]],[""compare"",""3"",""0""],[""compare"",""4"",""55000""]]","[""char_level skill_level 9 * -""]",[],"[""0""]","[""55000""]","{""1"":""verified-ability-text-and-gitbook"",""3"":""gitbook-verified-for-class"",""4"":""gitbook-verified-for-class""}",[],"[""skill"",[""key"",""mage-14""],[""name"",""Meditation""],[""limit"",""mage""],[""action"",""15""],[""image"",""active017""],[""desc"",""#nRecover one's own energy point slowly.""],[""level"",""32"",""0""],[""grade"",""3"",""0""],[""maxlevel"",""3"",""0""],[""compare"",""1"",[""minus"",""char_level"",[""mul"",""skill_level"",""9""]]],[""compare"",""3"",""0""],[""compare"",""4"",""55000""],[""type"",""active"",""once""],[""damagetype"",""0""],[""ridemotion"",""14"",""15"",""none""],[""battleride"",""1""],[""property"",""3"",""1"",""1"",""0"",""9"",""0""]]",bango-file,jobsystem.dat,2177
Revival,2,,#nRevive one player who's not able to fight.#nIt can't be used on monsters & Hell.,,active016,,,"#nRevived character will get only %1!d! %% of EXP loss. #nHP recovered : %2!d! %%, MP recovered : %3!d! %%#nEnergy used : 240",,,240,3200,5000,64,,,mage-15,1,"[""mage""]","[""16""]","[""37"",""0""]","[""3"",""0""]","[""1"",""0""]","[""active"",""use""]","[""3"",""1"",""1"",""0"",""9"",""0""]","[[""parameter"",""1"",[""plus"",""40"",[""mul"",""skill_level"",""10""]]],[""parameter"",""2"",[""plus"",""-4"",[""mul"",""skill_level"",""17""]]],[""parameter"",""3"",[""plus"",""7"",[""mul"",""skill_level"",""4""]]]]","[""40 skill_level 10 * +"",""-4 skill_level 17 * +"",""7 skill_level 4 * +""]","[[""compare"",""1"",""240""],[""compare"",""2"",""64""],[""compare"",""3"",""3200""],[""compare"",""4"",""5000""]]","[""240""]","[""64""]","[""3200""]","[""5000""]","{""1"":""verified-ability-text-and-gitbook"",""2"":""gitbook-verified-for-class"",""3"":""gitbook-verified-for-class"",""4"":""gitbook-verified-for-class""}","[[""condition"",""10"",""1""]]","[""skill"",[""key"",""mage-15""],[""name"",""Revival""],[""limit"",""mage""],[""action"",""16""],[""image"",""active016""],[""desc"",""#nRevive one player who's not able to fight.#nIt can't be used on monsters & Hell.""],[""ability"",""#nRevived character will get only %1!d! %% of EXP loss. #nHP recovered : %2!d! %%, MP recovered : %3!d! %%#nEnergy used : 240""],[""parameter"",""1"",[""plus"",""40"",[""mul"",""skill_level"",""10""]]],[""parameter"",""2"",[""plus"",""-4"",[""mul"",""skill_level"",""17""]]],[""parameter"",""3"",[""plus"",""7"",[""mul"",""skill_level"",""4""]]],[""level"",""37"",""0""],[""grade"",""3"",""0""],[""maxlevel"",""1"",""0""],[""condition"",""10"",""1""],[""compare"",""1"",""240""],[""compare"",""2"",""64""],[""compare"",""3"",""3200""],[""compare"",""4"",""5000""],[""type"",""active"",""use""],[""motion"",""4"",""3"",""none""],[""battleride"",""0""],[""effect"","""","""",""""],[""explosion"",""0"",""0"",""0""],[""damagetype"",""2""],[""targetkind"",""1""],[""property"",""3"",""1"",""1"",""0"",""9"",""0""]]",bango-file,jobsystem.dat,2195
Defensive incantation 1,2,,"#nProtect one's body with power of earth.#nAbsortion Rate + 1, Defense + 3",,active015,,,,,,45,2200,0,,,,mage-16,1,"[""mage""]","[""17""]","[""30"",""0""]","[""3"",""1""]","[""1"",""0""]","[""active"",""once""]","[""3"",""1"",""1"",""0"",""3"",""0""]",[],[],"[[""compare"",""1"",""45""],[""compare"",""3"",""2200""],[""compare"",""4"",""0""]]","[""45""]",[],"[""2200""]","[""0""]","{""1"":""verified-ability-text-and-gitbook"",""3"":""gitbook-verified-for-class"",""4"":""gitbook-verified-for-class""}",[],"[""skill"",[""key"",""mage-16""],[""name"",""Defensive incantation 1""],[""limit"",""mage""],[""action"",""17""],[""image"",""active015""],[""desc"",""#nProtect one's body with power of earth.#nAbsortion Rate + 1, Defense + 3""],[""level"",""30"",""0""],[""grade"",""3"",""1""],[""maxlevel"",""1"",""0""],[""compare"",""1"",""45""],[""compare"",""3"",""2200""],[""compare"",""4"",""0""],[""type"",""active"",""once""],[""motion"",""4"",""5"",""none""],[""ridemotion"",""14"",""15"",""none""],[""battleride"",""1""],[""damagetype"",""0""],[""property"",""3"",""1"",""1"",""0"",""3"",""0""]]",bango-file,jobsystem.dat,2219
Defensive incantation 2,2,,"#nProtect one's body with power of earth.#nAbsortion Rate + 1, Defense + 5",,active019,,,,,,58,2200,0,,,,mage-17,1,"[""mage""]","[""18""]","[""35"",""0""]","[""3"",""1""]","[""1"",""0""]","[""active"",""once""]","[""3"",""1"",""1"",""0"",""3"",""0""]",[],[],"[[""compare"",""1"",""58""],[""compare"",""3"",""2200""],[""compare"",""4"",""0""]]","[""58""]",[],"[""2200""]","[""0""]","{""1"":""verified-ability-text-and-gitbook"",""3"":""gitbook-verified-for-class"",""4"":""gitbook-verified-for-class""}",[],"[""skill"",[""key"",""mage-17""],[""name"",""Defensive incantation 2""],[""limit"",""mage""],[""action"",""18""],[""image"",""active019""],[""desc"",""#nProtect one's body with power of earth.#nAbsortion Rate + 1, Defense + 5""],[""level"",""35"",""0""],[""grade"",""3"",""1""],[""maxlevel"",""1"",""0""],[""compare"",""1"",""58""],[""compare"",""3"",""2200""],[""compare"",""4"",""0""],[""type"",""active"",""once""],[""motion"",""4"",""5"",""none""],[""ridemotion"",""14"",""15"",""none""],[""battleride"",""1""],[""damagetype"",""0""],[""property"",""3"",""1"",""1"",""0"",""3"",""0""]]",bango-file,jobsystem.dat,2237
Defensive incantation 3,2,,"#nProtect one's body with power of earth.#nAbsortion Rate + 2, Defense + 7",,active020,,,,,,64,2200,0,,,,mage-18,1,"[""mage""]","[""19""]","[""40"",""0""]","[""3"",""1""]","[""1"",""0""]","[""active"",""once""]","[""3"",""1"",""1"",""0"",""3"",""0""]",[],[],"[[""compare"",""1"",""64""],[""compare"",""3"",""2200""],[""compare"",""4"",""0""]]","[""64""]",[],"[""2200""]","[""0""]","{""1"":""verified-ability-text-and-gitbook"",""3"":""gitbook-verified-for-class"",""4"":""gitbook-verified-for-class""}",[],"[""skill"",[""key"",""mage-18""],[""name"",""Defensive incantation 3""],[""limit"",""mage""],[""action"",""19""],[""image"",""active020""],[""desc"",""#nProtect one's body with power of earth.#nAbsortion Rate + 2, Defense + 7""],[""level"",""40"",""0""],[""grade"",""3"",""1""],[""maxlevel"",""1"",""0""],[""compare"",""1"",""64""],[""compare"",""3"",""2200""],[""compare"",""4"",""0""],[""type"",""active"",""once""],[""motion"",""4"",""5"",""none""],[""ridemotion"",""14"",""15"",""none""],[""battleride"",""1""],[""damagetype"",""0""],[""property"",""3"",""1"",""1"",""0"",""3"",""0""]]",bango-file,jobsystem.dat,2255
Defensive incantation 4,2,,"#nProtect one's body with power of earth.#nAbsortion Rate + 2, Defense + 10",,active021,,,,,,75,2200,0,,,,mage-19,1,"[""mage""]","[""20""]","[""45"",""0""]","[""3"",""1""]","[""1"",""0""]","[""active"",""once""]","[""3"",""1"",""1"",""0"",""3"",""0""]",[],[],"[[""compare"",""1"",""75""],[""compare"",""3"",""2200""],[""compare"",""4"",""0""]]","[""75""]",[],"[""2200""]","[""0""]","{""1"":""verified-ability-text-and-gitbook"",""3"":""gitbook-verified-for-class"",""4"":""gitbook-verified-for-class""}",[],"[""skill"",[""key"",""mage-19""],[""name"",""Defensive incantation 4""],[""limit"",""mage""],[""action"",""20""],[""image"",""active021""],[""desc"",""#nProtect one's body with power of earth.#nAbsortion Rate + 2, Defense + 10""],[""level"",""45"",""0""],[""grade"",""3"",""1""],[""maxlevel"",""1"",""0""],[""compare"",""1"",""75""],[""compare"",""3"",""2200""],[""compare"",""4"",""0""],[""type"",""active"",""once""],[""motion"",""4"",""5"",""none""],[""ridemotion"",""14"",""15"",""none""],[""battleride"",""1""],[""damagetype"",""0""],[""property"",""3"",""1"",""1"",""0"",""3"",""0""]]",bango-file,jobsystem.dat,2273
Defensive incantation 5,2,,"#nProtect one's body with power of earth.#nAbsortion Rate + 2, Defense + 15",,active022,,,,,,82,2200,0,,,,mage-20,1,"[""mage""]","[""21""]","[""50"",""0""]","[""3"",""1""]","[""1"",""0""]","[""active"",""once""]","[""3"",""1"",""1"",""0"",""3"",""0""]",[],[],"[[""compare"",""1"",""82""],[""compare"",""3"",""2200""],[""compare"",""4"",""0""]]","[""82""]",[],"[""2200""]","[""0""]","{""1"":""verified-ability-text-and-gitbook"",""3"":""gitbook-verified-for-class"",""4"":""gitbook-verified-for-class""}",[],"[""skill"",[""key"",""mage-20""],[""name"",""Defensive incantation 5""],[""limit"",""mage""],[""action"",""21""],[""image"",""active022""],[""desc"",""#nProtect one's body with power of earth.#nAbsortion Rate + 2, Defense + 15""],[""level"",""50"",""0""],[""grade"",""3"",""1""],[""maxlevel"",""1"",""0""],[""compare"",""1"",""82""],[""compare"",""3"",""2200""],[""compare"",""4"",""0""],[""type"",""active"",""once""],[""motion"",""4"",""5"",""none""],[""ridemotion"",""14"",""15"",""none""],[""battleride"",""1""],[""damagetype"",""0""],[""property"",""3"",""1"",""1"",""0"",""3"",""0""]]",bango-file,jobsystem.dat,2291
Cure 2,2,,#nRecover some health points of one who is selected.#nIt can't be used on monsters.,,active023,,,#nRecovering Point : %1!d!#nEnergy used : %2!d!,,,39 skill_level 3 * +,1500,600,170 skill_level 4 * +,,,mage-21,1,"[""mage""]","[""22""]","[""36"",""0""]","[""3"",""0""]","[""5"",""0""]","[""active"",""use""]","[""3"",""1"",""1"",""0"",""9"",""2""]","[[""parameter"",""1"",[""plus"",[""mul"",""50"",""skill_level""],[""plus"",""500"",[""div"",[""plus"",[""div"",[""mul"",""char_level"",""8""],""11""],[""div"",[""mul"",""char_wis"",[""mul"",""skill_level"",""5""]],""9""]],""2""]]]],[""parameter"",""2"",[""plus"",""39"",[""mul"",""skill_level"",""3""]]]]","[""50 skill_level * 500 char_level 8 * 11 / char_wis skill_level 5 * * 9 / + 2 / + +"",""39 skill_level 3 * +""]","[[""compare"",""1"",[""plus"",""39"",[""mul"",""skill_level"",""3""]]],[""compare"",""2"",[""plus"",""170"",[""mul"",""skill_level"",""4""]]],[""compare"",""3"",""1500""],[""compare"",""4"",""600""]]","[""39 skill_level 3 * +""]","[""170 skill_level 4 * +""]","[""1500""]","[""600""]","{""1"":""verified-ability-text-and-gitbook"",""2"":""gitbook-verified-for-class"",""3"":""gitbook-verified-for-class"",""4"":""gitbook-verified-for-class""}","[[""condition"",""10"",""10""]]","[""skill"",[""key"",""mage-21""],[""name"",""Cure 2""],[""limit"",""mage""],[""action"",""22""],[""image"",""active023""],[""desc"",""#nRecover some health points of one who is selected.#nIt can't be used on monsters.""],[""ability"",""#nRecovering Point : %1!d!#nEnergy used : %2!d!""],[""parameter"",""1"",[""plus"",[""mul"",""50"",""skill_level""],[""plus"",""500"",[""div"",[""plus"",[""div"",[""mul"",""char_level"",""8""],""11""],[""div"",[""mul"",""char_wis"",[""mul"",""skill_level"",""5""]],""9""]],""2""]]]],[""parameter"",""2"",[""plus"",""39"",[""mul"",""skill_level"",""3""]]],[""maxparamvalue"",""1"",""900""],[""level"",""36"",""0""],[""grade"",""3"",""0""],[""maxlevel"",""5"",""0""],[""condition"",""10"",""10""],[""type"",""active"",""use""],[""compare"",""1"",[""plus"",""39"",[""mul"",""skill_level"",""3""]]],[""compare"",""2"",[""plus"",""170"",[""mul"",""skill_level"",""4""]]],[""compare"",""3"",""1500""],[""compare"",""4"",""600""],[""motion"",""4"",""5"",""none""],[""ridemotion"",""14"",""15"",""none""],[""battleride"",""1""],[""effect"",""Skill_R_10_0"","""",""Skill_R_10_2""],[""explosion"",""4"",""0"",""0""],[""damagetype"",""2""],[""targetkind"",""1""],[""property"",""3"",""1"",""1"",""0"",""9"",""2""]]",bango-file,jobsystem.dat,2309
Lightning Blow,2,,#nLightning get blow up when it hits the target.,,active025,,,#nMin Magic Attack Point + %1!d!#nMax Magic Attack Point + %2!d!#nEnergy used : %3!d!,,,12 skill_level +,700,600,120 skill_level 6 * +,,,mage-22,1,"[""mage""]","[""23""]","[""21"",""0""]","[""1"",""0""]","[""10"",""0""]","[""active"",""use""]","[""3"",""1"",""0"",""0"",""1"",""5""]","[[""parameter"",""1"",[""plus"",""10"",[""div"",[""plus"",[""div"",[""mul"",""char_level"",""3""],""2""],[""div"",[""div"",[""mul"",""char_int"",[""mul"",""skill_level"",""3""]],""10""],""2""]],""2""]]],[""parameter"",""2"",[""plus"",[""mul"",""lightning_mastery"",""20""],[""div"",[""plus"",[""div"",[""mul"",""char_level"",""3""],""2""],[""div"",[""mul"",""char_int"",[""mul"",""skill_level"",""5""]],""8""]],""2""]]],[""parameter"",""3"",[""plus"",""12"",""skill_level""]]]","[""10 char_level 3 * 2 / char_int skill_level 3 * * 10 / 2 / + 2 / +"",""lightning_mastery 20 * char_level 3 * 2 / char_int skill_level 5 * * 8 / + 2 / +"",""12 skill_level +""]","[[""compare"",""1"",[""plus"",""12"",""skill_level""]],[""compare"",""2"",[""plus"",""120"",[""mul"",""skill_level"",""6""]]],[""compare"",""3"",""700""],[""compare"",""4"",""600""]]","[""12 skill_level +""]","[""120 skill_level 6 * +""]","[""700""]","[""600""]","{""1"":""verified-ability-text-and-gitbook"",""2"":""gitbook-verified-for-class"",""3"":""gitbook-verified-for-class"",""4"":""gitbook-verified-for-class""}","[[""condition"",""4"",""10""]]","[""skill"",[""key"",""mage-22""],[""name"",""Lightning Blow""],[""limit"",""mage""],[""action"",""23""],[""image"",""active025""],[""desc"",""#nLightning get blow up when it hits the target.""],[""ability"",""#nMin Magic Attack Point + %1!d!#nMax Magic Attack Point + %2!d!#nEnergy used : %3!d!""],[""parameter"",""1"",[""plus"",""10"",[""div"",[""plus"",[""div"",[""mul"",""char_level"",""3""],""2""],[""div"",[""div"",[""mul"",""char_int"",[""mul"",""skill_level"",""3""]],""10""],""2""]],""2""]]],[""parameter"",""2"",[""plus"",[""mul"",""lightning_mastery"",""20""],[""div"",[""plus"",[""div"",[""mul"",""char_level"",""3""],""2""],[""div"",[""mul"",""char_int"",[""mul"",""skill_level"",""5""]],""8""]],""2""]]],[""parameter"",""3"",[""plus"",""12"",""skill_level""]],[""maxparamvalue"",""1"",""450""],[""maxparamvalue"",""2"",""600""],[""level"",""21"",""0""],[""grade"",""1"",""0""],[""maxlevel"",""10"",""0""],[""condition"",""4"",""10""],[""type"",""active"",""use""],[""compare"",""1"",[""plus"",""12"",""skill_level""]],[""compare"",""2"",[""plus"",""120"",[""mul"",""skill_level"",""6""]]],[""compare"",""3"",""700""],[""compare"",""4"",""600""],[""motion"",""2"",""3"",""attackauto""],[""ridemotion"",""2"",""3"",""attackauto""],[""battleride"",""1""],[""effect"",""Skill_R_4_0"",""Skill_R_4_1"",""Skill_R_4_2""],[""sound"",""efs019_L"",""efs020_L"",""efs021""],[""explosion"",""12"",""8"",""9""],[""damagetype"",""1""],[""property"",""3"",""1"",""0"",""0"",""1"",""5""]]",bango-file,jobsystem.dat,2336
Splashy Ice,2,,#nAttack with splahy ice wave.#nAll that is hit may get slow by the Ice Mastery.,,active026,,,#nMagic Attack Point + %1!d!#nEnergy used : %2!d!,,,43 skill_level 6 * +,900,600,64,,,mage-23,1,"[""mage""]","[""24""]","[""34"",""0""]","[""3"",""0""]","[""5"",""0""]","[""active"",""once""]","[""3"",""1"",""0"",""0"",""1"",""5""]","[[""parameter"",""1"",[""div"",[""plus"",[""div"",[""mul"",""char_level"",""5""],""3""],[""div"",[""mul"",""char_int"",[""mul"",""skill_level"",""5""]],""7""]],""2""]],[""parameter"",""2"",[""plus"",""43"",[""mul"",""skill_level"",""6""]]]]","[""char_level 5 * 3 / char_int skill_level 5 * * 7 / + 2 /"",""43 skill_level 6 * +""]","[[""compare"",""1"",[""plus"",""43"",[""mul"",""skill_level"",""6""]]],[""compare"",""2"",""64""],[""compare"",""3"",""900""],[""compare"",""4"",""600""]]","[""43 skill_level 6 * +""]","[""64""]","[""900""]","[""600""]","{""1"":""verified-ability-text-and-gitbook"",""2"":""gitbook-verified-for-class"",""3"":""gitbook-verified-for-class"",""4"":""gitbook-verified-for-class""}","[[""condition"",""3"",""10""]]","[""skill"",[""key"",""mage-23""],[""name"",""Splashy Ice""],[""limit"",""mage""],[""action"",""24""],[""image"",""active026""],[""desc"",""#nAttack with splahy ice wave.#nAll that is hit may get slow by the Ice Mastery.""],[""ability"",""#nMagic Attack Point + %1!d!#nEnergy used : %2!d!""],[""parameter"",""1"",[""div"",[""plus"",[""div"",[""mul"",""char_level"",""5""],""3""],[""div"",[""mul"",""char_int"",[""mul"",""skill_level"",""5""]],""7""]],""2""]],[""parameter"",""2"",[""plus"",""43"",[""mul"",""skill_level"",""6""]]],[""maxparamvalue"",""1"",""320""],[""level"",""34"",""0""],[""grade"",""3"",""0""],[""maxlevel"",""5"",""0""],[""condition"",""3"",""10""],[""type"",""active"",""once""],[""compare"",""1"",[""plus"",""43"",[""mul"",""skill_level"",""6""]]],[""compare"",""2"",""64""],[""compare"",""3"",""900""],[""compare"",""4"",""600""],[""motion"",""6"",""8"",""none""],[""ridemotion"",""14"",""15"",""none""],[""battleride"",""1""],[""effect"",""Skill_R_3_0"",""Skill_R_3_1"",""Skill_R_3_2""],[""sound"",""efs013_L"",""efs015_L"",""efs017""],[""explosion"",""11"",""6"",""7""],[""damagetype"",""0""],[""property"",""3"",""1"",""0"",""0"",""1"",""5""]]",bango-file,jobsystem.dat,2365
Fire Blow,2,,#nWhen the Fire Blow is active#nAll the enemies get fired.,,active027,,,#nMagic Attack Point+ %1!d!#nEnergy used : %2!d!,,,32 skill_level 6 * +,2100,600,180,,,mage-24,1,"[""mage""]","[""25""]","[""33"",""0""]","[""3"",""0""]","[""5"",""0""]","[""active"",""use""]","[""3"",""1"",""0"",""0"",""1"",""5""]","[[""parameter"",""1"",[""div"",[""plus"",[""div"",[""mul"",""char_level"",""5""],""3""],[""div"",[""mul"",""char_int"",[""mul"",""skill_level"",""6""]],""5""]],""2""]],[""parameter"",""2"",[""plus"",""32"",[""mul"",""skill_level"",""6""]]]]","[""char_level 5 * 3 / char_int skill_level 6 * * 5 / + 2 /"",""32 skill_level 6 * +""]","[[""compare"",""1"",[""plus"",""32"",[""mul"",""skill_level"",""6""]]],[""compare"",""2"",""180""],[""compare"",""3"",""2100""],[""compare"",""4"",""600""]]","[""32 skill_level 6 * +""]","[""180""]","[""2100""]","[""600""]","{""1"":""verified-ability-text-and-gitbook"",""2"":""gitbook-verified-for-class"",""3"":""gitbook-verified-for-class"",""4"":""gitbook-verified-for-class""}","[[""condition"",""2"",""10""]]","[""skill"",[""key"",""mage-24""],[""name"",""Fire Blow""],[""limit"",""mage""],[""action"",""25""],[""image"",""active027""],[""desc"",""#nWhen the Fire Blow is active#nAll the enemies get fired.""],[""ability"",""#nMagic Attack Point+ %1!d!#nEnergy used : %2!d!""],[""parameter"",""1"",[""div"",[""plus"",[""div"",[""mul"",""char_level"",""5""],""3""],[""div"",[""mul"",""char_int"",[""mul"",""skill_level"",""6""]],""5""]],""2""]],[""parameter"",""2"",[""plus"",""32"",[""mul"",""skill_level"",""6""]]],[""maxparamvalue"",""1"",""500""],[""level"",""33"",""0""],[""grade"",""3"",""0""],[""maxlevel"",""5"",""0""],[""condition"",""2"",""10""],[""type"",""active"",""use""],[""compare"",""1"",[""plus"",""32"",[""mul"",""skill_level"",""6""]]],[""compare"",""2"",""180""],[""compare"",""3"",""2100""],[""compare"",""4"",""600""],[""motion"",""2"",""3"",""none""],[""ridemotion"",""2"",""3"",""none""],[""battleride"",""1""],[""effect"",""Skill_R_2_0"",""Skill_R_2_1"",""Skill_R_2_2""],[""sound"",""efs011_L"",""efs010_L"",""efs009""],[""explosion"",""10"",""4"",""5""],[""damagetype"",""1""],[""property"",""3"",""1"",""0"",""0"",""1"",""5""]]",bango-file,jobsystem.dat,2392
Speed Up,2,,#nRun faster for certain amount of time.#nIt can't be used on monsters.#nThis skill does not affect the riding animal.,,active028,,,#nContinuation Time : %1!d! Sec#nEnergy used : %2!d!,,,82 skill_level 8 * +,2300,600,160,,,mage-25,1,"[""mage""]","[""26""]","[""36"",""0""]","[""3"",""0""]","[""3"",""0""]","[""active"",""use""]","[""3"",""1"",""1"",""0"",""3"",""2""]","[[""parameter"",""1"",""1800""],[""parameter"",""2"",[""plus"",""82"",[""mul"",""skill_level"",""8""]]]]","[""1800"",""82 skill_level 8 * +""]","[[""compare"",""1"",[""plus"",""82"",[""mul"",""skill_level"",""8""]]],[""compare"",""2"",""160""],[""compare"",""3"",""2300""],[""compare"",""4"",""600""]]","[""82 skill_level 8 * +""]","[""160""]","[""2300""]","[""600""]","{""1"":""verified-ability-text-and-gitbook"",""2"":""gitbook-verified-for-class"",""3"":""gitbook-verified-for-class"",""4"":""gitbook-verified-for-class""}",[],"[""skill"",[""key"",""mage-25""],[""name"",""Speed Up""],[""limit"",""mage""],[""action"",""26""],[""image"",""active028""],[""desc"",""#nRun faster for certain amount of time.#nIt can't be used on monsters.#nThis skill does not affect the riding animal.""],[""ability"",""#nContinuation Time : %1!d! Sec#nEnergy used : %2!d!""],[""parameter"",""1"",""1800""],[""parameter"",""2"",[""plus"",""82"",[""mul"",""skill_level"",""8""]]],[""level"",""36"",""0""],[""grade"",""3"",""0""],[""maxlevel"",""3"",""0""],[""type"",""active"",""use""],[""compare"",""1"",[""plus"",""82"",[""mul"",""skill_level"",""8""]]],[""compare"",""2"",""160""],[""compare"",""3"",""2300""],[""compare"",""4"",""600""],[""motion"",""6"",""9"",""none""],[""battleride"",""0""],[""effect"","""","""",""""],[""sound"",""efs019_L"",""efs020_L"",""efs021""],[""damagetype"",""2""],[""targetkind"",""1""],[""property"",""3"",""1"",""1"",""0"",""3"",""2""]]",bango-file,jobsystem.dat,2419
Frost,2,,"#nFreeze the targeted enemy for a while of time.#nHowever, it canceled when it gets attacked.",,active029,,,#nContinuation Time 5 Sec#nEnergy used : 47,,,47,2000,600,230,,,mage-26,1,"[""mage""]","[""27""]","[""43"",""0""]","[""3"",""0""]","[""1"",""0""]","[""active"",""use""]","[""3"",""1"",""0"",""0"",""2"",""5""]",[],[],"[[""compare"",""1"",""47""],[""compare"",""2"",""230""],[""compare"",""3"",""2000""],[""compare"",""4"",""600""]]","[""47""]","[""230""]","[""2000""]","[""600""]","{""1"":""verified-ability-text-and-gitbook"",""2"":""gitbook-verified-for-class"",""3"":""gitbook-verified-for-class"",""4"":""gitbook-verified-for-class""}","[[""condition"",""24"",""1""]]","[""skill"",[""key"",""mage-26""],[""name"",""Frost""],[""limit"",""mage""],[""action"",""27""],[""image"",""active029""],[""desc"",""#nFreeze the targeted enemy for a while of time.#nHowever, it canceled when it gets attacked.""],[""ability"",""#nContinuation Time 5 Sec#nEnergy used : 47""],[""level"",""43"",""0""],[""grade"",""3"",""0""],[""maxlevel"",""1"",""0""],[""condition"",""24"",""1""],[""type"",""active"",""use""],[""compare"",""1"",""47""],[""compare"",""2"",""230""],[""compare"",""3"",""2000""],[""compare"",""4"",""600""],[""motion"",""2"",""3"",""none""],[""ridemotion"",""2"",""3"",""none""],[""battleride"",""1""],[""effect"",""Skill_R_3_0"",""Skill_R_3_1"",""Skill_R_3_2""],[""sound"",""efs013_L"",""efs015_L"",""efs017""],[""explosion"",""11"",""6"",""7""],[""damagetype"",""1""],[""property"",""3"",""1"",""0"",""0"",""2"",""5""]]",bango-file,jobsystem.dat,2444
Group Cure,2,,#nRecover the health point of all the group members.,,active030,,,#nRecovering Point : %1!d!#nEnergy used : %2!d!,,,58 skill_level 4 * +,1200,600,0,,,mage-27,1,"[""mage""]","[""28""]","[""47"",""0""]","[""3"",""0""]","[""3"",""0""]","[""active"",""once""]","[""3"",""1"",""1"",""0"",""9"",""3""]","[[""parameter"",""1"",[""plus"",[""plus"",[""div"",[""plus"",[""div"",""char_level"",""2""],[""div"",[""mul"",""char_wis"",[""mul"",""skill_level"",""8""]],""7""]],""2""],[""mul"",""skill_level"",""60""]],""100""]],[""parameter"",""2"",[""plus"",""58"",[""mul"",""skill_level"",""4""]]]]","[""char_level 2 / char_wis skill_level 8 * * 7 / + 2 / skill_level 60 * + 100 +"",""58 skill_level 4 * +""]","[[""compare"",""1"",[""plus"",""58"",[""mul"",""skill_level"",""4""]]],[""compare"",""2"",""0""],[""compare"",""3"",""1200""],[""compare"",""4"",""600""]]","[""58 skill_level 4 * +""]","[""0""]","[""1200""]","[""600""]","{""1"":""verified-ability-text-and-gitbook"",""2"":""gitbook-verified-for-class"",""3"":""gitbook-verified-for-class"",""4"":""gitbook-verified-for-class""}","[[""condition"",""22"",""5""]]","[""skill"",[""key"",""mage-27""],[""name"",""Group Cure""],[""limit"",""mage""],[""action"",""28""],[""image"",""active030""],[""desc"",""#nRecover the health point of all the group members.""],[""ability"",""#nRecovering Point : %1!d!#nEnergy used : %2!d!""],[""parameter"",""1"",[""plus"",[""plus"",[""div"",[""plus"",[""div"",""char_level"",""2""],[""div"",[""mul"",""char_wis"",[""mul"",""skill_level"",""8""]],""7""]],""2""],[""mul"",""skill_level"",""60""]],""100""]],[""parameter"",""2"",[""plus"",""58"",[""mul"",""skill_level"",""4""]]],[""maxparamvalue"",""1"",""540""],[""level"",""47"",""0""],[""grade"",""3"",""0""],[""maxlevel"",""3"",""0""],[""condition"",""22"",""5""],[""type"",""active"",""once""],[""compare"",""1"",[""plus"",""58"",[""mul"",""skill_level"",""4""]]],[""compare"",""2"",""0""],[""compare"",""3"",""1200""],[""compare"",""4"",""600""],[""motion"",""4"",""5"",""none""],[""ridemotion"",""14"",""15"",""none""],[""battleride"",""1""],[""effect"",""Skill_R_10_0"","""",""Skill_R_10_2""],[""explosion"",""4"",""0"",""0""],[""sound"","""","""",""""],[""damagetype"",""0""],[""property"",""3"",""1"",""1"",""0"",""9"",""3""]]",bango-file,jobsystem.dat,2468
Restore,2,,#nRecover the selected one's all health point instantly.#nIt can't be used on monsters.,,active039,,,#nRecovering Point : 25 %%#nEnergy used : 112,,,112,0,90000,180,,,mage-28,1,"[""mage""]","[""29""]","[""42"",""0""]","[""3"",""0""]","[""1"",""0""]","[""active"",""use""]","[""3"",""1"",""1"",""0"",""9"",""1""]",[],[],"[[""compare"",""1"",""112""],[""compare"",""2"",""180""],[""compare"",""3"",""0""],[""compare"",""4"",""90000""]]","[""112""]","[""180""]","[""0""]","[""90000""]","{""1"":""verified-ability-text-and-gitbook"",""2"":""gitbook-verified-for-class"",""3"":""gitbook-verified-for-class"",""4"":""gitbook-verified-for-class""}","[[""condition"",""16"",""1""]]","[""skill"",[""key"",""mage-28""],[""name"",""Restore""],[""limit"",""mage""],[""action"",""29""],[""image"",""active039""],[""desc"",""#nRecover the selected one's all health point instantly.#nIt can't be used on monsters.""],[""ability"",""#nRecovering Point : 25 %%#nEnergy used : 112""],[""level"",""42"",""0""],[""grade"",""3"",""0""],[""maxlevel"",""1"",""0""],[""maxparamvalue"",""1"",""500"",""500""],[""condition"",""16"",""1""],[""type"",""active"",""use""],[""compare"",""1"",""112""],[""compare"",""2"",""180""],[""compare"",""3"",""0""],[""compare"",""4"",""90000""],[""motion"",""4"",""5"",""none""],[""ridemotion"",""14"",""15"",""none""],[""battleride"",""1""],[""effect"",""Skill_R_10_0"","""",""Skill_R_10_2""],[""explosion"",""4"",""0"",""0""],[""damagetype"",""2""],[""targetkind"",""1""],[""property"",""3"",""1"",""1"",""0"",""9"",""1""]]",bango-file,jobsystem.dat,2495
Lightning Summons,2,,#nStriking the lightning to the selected object from the sky.,,active054,,,#nMin Magic Attack Point + %1!d!#nMax Magic Attack Point + %2!d!#nEnergy used : %3!d!,,,22 skill_level 4 * +,800,600,190,,,mage-29,1,"[""mage""]","[""31""]","[""53"",""57"",""0""]","[""7"",""0""]","[""1"",""2"",""0""]","[""active"",""use""]","[""3"",""2"",""0"",""0"",""1"",""5""]","[[""parameter"",""1"",[""plus"",[""plus"",[""mul"",""lightning_mastery"",""20""],[""div"",[""mul"",""char_level"",""3""],""2""]],[""plus"",[""div"",[""div"",[""mul"",""char_int"",[""mul"",""skill_level"",""2""]],""7""],""2""],""320""]]],[""parameter"",""2"",[""plus"",[""plus"",[""mul"",""lightning_mastery"",""20""],[""div"",[""mul"",""char_level"",""3""],""2""]],[""plus"",[""div"",[""div"",[""mul"",""char_int"",[""mul"",""skill_level"",""7""]],""4""],""2""],""320""]]],[""parameter"",""3"",[""plus"",""22"",[""mul"",""skill_level"",""4""]]]]","[""lightning_mastery 20 * char_level 3 * 2 / + char_int skill_level 2 * * 7 / 2 / 320 + +"",""lightning_mastery 20 * char_level 3 * 2 / + char_int skill_level 7 * * 4 / 2 / 320 + +"",""22 skill_level 4 * +""]","[[""compare"",""1"",[""plus"",""22"",[""mul"",""skill_level"",""4""]]],[""compare"",""2"",""190""],[""compare"",""3"",""800""],[""compare"",""4"",""600""]]","[""22 skill_level 4 * +""]","[""190""]","[""800""]","[""600""]","{""1"":""verified-ability-text-and-gitbook"",""2"":""gitbook-verified-for-class"",""3"":""gitbook-verified-for-class"",""4"":""gitbook-verified-for-class""}","[[""condition"",""23"",""10""]]","[""skill"",[""key"",""mage-29""],[""name"",""Lightning Summons""],[""limit"",""mage""],[""action"",""31""],[""image"",""active054""],[""desc"",""#nStriking the lightning to the selected object from the sky.""],[""ability"",""#nMin Magic Attack Point + %1!d!#nMax Magic Attack Point + %2!d!#nEnergy used : %3!d!""],[""parameter"",""1"",[""plus"",[""plus"",[""mul"",""lightning_mastery"",""20""],[""div"",[""mul"",""char_level"",""3""],""2""]],[""plus"",[""div"",[""div"",[""mul"",""char_int"",[""mul"",""skill_level"",""2""]],""7""],""2""],""320""]]],[""parameter"",""2"",[""plus"",[""plus"",[""mul"",""lightning_mastery"",""20""],[""div"",[""mul"",""char_level"",""3""],""2""]],[""plus"",[""div"",[""div"",[""mul"",""char_int"",[""mul"",""skill_level"",""7""]],""4""],""2""],""320""]]],[""parameter"",""3"",[""plus"",""22"",[""mul"",""skill_level"",""4""]]],[""level"",""53"",""57"",""0""],[""grade"",""7"",""0""],[""maxlevel"",""1"",""2"",""0""],[""maxparamvalue"",""1"",""452"",""452""],[""maxparamvalue"",""2"",""1100"",""1100""],[""condition"",""23"",""10""],[""type"",""active"",""use""],[""compare"",""1"",[""plus"",""22"",[""mul"",""skill_level"",""4""]]],[""compare"",""2"",""190""],[""compare"",""3"",""800""],[""compare"",""4"",""600""],[""motion"",""10"",""11"",""attackauto""],[""ridemotion"",""2"",""3"",""attackauto""],[""battleride"",""1""],[""damagetype"",""1""],[""property"",""3"",""2"",""0"",""0"",""1"",""5""]]",bango-file,jobsystem.dat,2521
Hail,2,,#nDrop pieces of sharp ice from the sky.,,active052,,,#nMagic Attack Point + %1!d!#nEnergy used : %2!d!,,,12 skill_level 4 * +,1000,600,210,,,mage-30,1,"[""mage""]","[""32""]","[""51"",""58"",""64"",""67"",""0""]","[""7"",""0""]","[""1"",""2"",""3"",""4"",""0""]","[""active"",""use""]","[""3"",""2"",""0"",""0"",""1"",""5""]","[[""parameter"",""1"",[""plus"",[""div"",[""mul"",""char_level"",""3""],""2""],[""plus"",[""div"",[""div"",[""mul"",""char_int"",[""mul"",""skill_level"",""5""]],""6""],""2""],""240""]]],[""parameter"",""2"",[""plus"",""12"",[""mul"",""skill_level"",""4""]]]]","[""char_level 3 * 2 / char_int skill_level 5 * * 6 / 2 / 240 + +"",""12 skill_level 4 * +""]","[[""compare"",""1"",[""plus"",""12"",[""mul"",""skill_level"",""4""]]],[""compare"",""2"",""210""],[""compare"",""3"",""1000""],[""compare"",""4"",""600""]]","[""12 skill_level 4 * +""]","[""210""]","[""1000""]","[""600""]","{""1"":""verified-ability-text-and-gitbook"",""2"":""gitbook-verified-for-class"",""3"":""gitbook-verified-for-class"",""4"":""gitbook-verified-for-class""}","[[""condition"",""3"",""20""]]","[""skill"",[""key"",""mage-30""],[""name"",""Hail""],[""limit"",""mage""],[""action"",""32""],[""image"",""active052""],[""desc"",""#nDrop pieces of sharp ice from the sky.""],[""ability"",""#nMagic Attack Point + %1!d!#nEnergy used : %2!d!""],[""parameter"",""1"",[""plus"",[""div"",[""mul"",""char_level"",""3""],""2""],[""plus"",[""div"",[""div"",[""mul"",""char_int"",[""mul"",""skill_level"",""5""]],""6""],""2""],""240""]]],[""parameter"",""2"",[""plus"",""12"",[""mul"",""skill_level"",""4""]]],[""level"",""51"",""58"",""64"",""67"",""0""],[""grade"",""7"",""0""],[""maxlevel"",""1"",""2"",""3"",""4"",""0""],[""maxparamvalue"",""1"",""1300"",""1300""],[""condition"",""3"",""20""],[""type"",""active"",""use""],[""compare"",""1"",[""plus"",""12"",[""mul"",""skill_level"",""4""]]],[""compare"",""2"",""210""],[""compare"",""3"",""1000""],[""compare"",""4"",""600""],[""motion"",""14"",""15"",""attackauto""],[""ridemotion"",""14"",""15"",""attackauto""],[""battleride"",""1""],[""damagetype"",""1""],[""property"",""3"",""2"",""0"",""0"",""1"",""5""]]",bango-file,jobsystem.dat,2547
Flame Bomb,2,,#nExplode and fire up the selected target.,,active053,,,#nMagic Attack Point + %1!d!#nEnergy used : %2!d!,,,16 skill_level 4 * +,1300,600,180,,,mage-31,1,"[""mage""]","[""33""]","[""52"",""59"",""0""]","[""7"",""0""]","[""1"",""2"",""0""]","[""active"",""use""]","[""3"",""2"",""0"",""0"",""1"",""5""]","[[""parameter"",""1"",[""plus"",[""div"",[""mul"",""char_level"",""3""],""2""],[""plus"",[""div"",[""div"",[""mul"",""char_int"",[""mul"",""skill_level"",""6""]],""6""],""2""],""380""]]],[""parameter"",""2"",[""plus"",""16"",[""mul"",""skill_level"",""4""]]]]","[""char_level 3 * 2 / char_int skill_level 6 * * 6 / 2 / 380 + +"",""16 skill_level 4 * +""]","[[""compare"",""1"",[""plus"",""16"",[""mul"",""skill_level"",""4""]]],[""compare"",""2"",""180""],[""compare"",""3"",""1300""],[""compare"",""4"",""600""]]","[""16 skill_level 4 * +""]","[""180""]","[""1300""]","[""600""]","{""1"":""verified-ability-text-and-gitbook"",""2"":""gitbook-verified-for-class"",""3"":""gitbook-verified-for-class"",""4"":""gitbook-verified-for-class""}","[[""condition"",""2"",""20""]]","[""skill"",[""key"",""mage-31""],[""name"",""Flame Bomb""],[""limit"",""mage""],[""action"",""33""],[""image"",""active053""],[""desc"",""#nExplode and fire up the selected target.""],[""ability"",""#nMagic Attack Point + %1!d!#nEnergy used : %2!d!""],[""parameter"",""1"",[""plus"",[""div"",[""mul"",""char_level"",""3""],""2""],[""plus"",[""div"",[""div"",[""mul"",""char_int"",[""mul"",""skill_level"",""6""]],""6""],""2""],""380""]]],[""parameter"",""2"",[""plus"",""16"",[""mul"",""skill_level"",""4""]]],[""level"",""52"",""59"",""0""],[""grade"",""7"",""0""],[""maxlevel"",""1"",""2"",""0""],[""maxparamvalue"",""1"",""800"",""800""],[""condition"",""2"",""20""],[""type"",""active"",""use""],[""compare"",""1"",[""plus"",""16"",[""mul"",""skill_level"",""4""]]],[""compare"",""2"",""180""],[""compare"",""3"",""1300""],[""compare"",""4"",""600""],[""motion"",""16"",""17"",""attackauto""],[""ridemotion"",""14"",""15"",""attackauto""],[""battleride"",""1""],[""damagetype"",""1""],[""property"",""3"",""2"",""0"",""0"",""1"",""5""]]",bango-file,jobsystem.dat,2572
Life Extension,1,,#nAdd more Health Points to your original HP forever.,,passive015,,,#nHp Revision: %1!d! %%,,,,,,,,,mage-32,1,"[""mage""]","[""30""]","[""50"",""55"",""60"",""65"",""70"",""0""]","[""11"",""1""]","[""1"",""2"",""3"",""4"",""5"",""0""]","[""passive"",""etc""]","[""0"",""0"",""1"",""0"",""9"",""0""]","[[""parameter"",""1"",[""plus"",""14"",[""mul"",""skill_level"",""10""]]]]","[""14 skill_level 10 * +""]",[],[],[],[],[],{},[],"[""skill"",[""key"",""mage-32""],[""name"",""Life Extension""],[""limit"",""mage""],[""action"",""30""],[""image"",""passive015""],[""desc"",""#nAdd more Health Points to your original HP forever.""],[""ability"",""#nHp Revision: %1!d! %%""],[""parameter"",""1"",[""plus"",""14"",[""mul"",""skill_level"",""10""]]],[""level"",""50"",""55"",""60"",""65"",""70"",""0""],[""grade"",""11"",""1""],[""maxlevel"",""1"",""2"",""3"",""4"",""5"",""0""],[""type"",""passive"",""etc""],[""property"",""0"",""0"",""1"",""0"",""9"",""0""]]",bango-file,jobsystem.dat,2598
Summons,2,,#nRevive one player who's not able to fight.#nRevived character will get only 50% of EXP loss.#nRevived character will be brought up to you.#nIt can't be used on monsters & Hell.,,active055,,,#nEnergy used : %1!d!,,,230 skill_level 30 * +,3000 skill_level 400 * -,5000,128 skill_level 16 * +,,,mage-33,1,"[""mage""]","[""34""]","[""50"",""61"",""68"",""0""]","[""11"",""0""]","[""1"",""2"",""3"",""0""]","[""active"",""use""]","[""3"",""3"",""1"",""0"",""9"",""1""]","[[""parameter"",""1"",[""plus"",""230"",[""mul"",""skill_level"",""30""]]]]","[""230 skill_level 30 * +""]","[[""compare"",""1"",[""plus"",""230"",[""mul"",""skill_level"",""30""]]],[""compare"",""2"",[""plus"",""128"",[""mul"",""skill_level"",""16""]]],[""compare"",""3"",[""minus"",""3000"",[""mul"",""skill_level"",""400""]]],[""compare"",""4"",""5000""]]","[""230 skill_level 30 * +""]","[""128 skill_level 16 * +""]","[""3000 skill_level 400 * -""]","[""5000""]","{""1"":""verified-ability-text-and-gitbook"",""2"":""gitbook-verified-for-class"",""3"":""gitbook-verified-for-class"",""4"":""gitbook-verified-for-class""}","[[""condition"",""16"",""1""]]","[""skill"",[""key"",""mage-33""],[""name"",""Summons""],[""limit"",""mage""],[""action"",""34""],[""image"",""active055""],[""desc"",""#nRevive one player who's not able to fight.#nRevived character will get only 50% of EXP loss.#nRevived character will be brought up to you.#nIt can't be used on monsters & Hell.""],[""ability"",""#nEnergy used : %1!d!""],[""parameter"",""1"",[""plus"",""230"",[""mul"",""skill_level"",""30""]]],[""level"",""50"",""61"",""68"",""0""],[""grade"",""11"",""0""],[""maxlevel"",""1"",""2"",""3"",""0""],[""condition"",""16"",""1""],[""type"",""active"",""use""],[""compare"",""1"",[""plus"",""230"",[""mul"",""skill_level"",""30""]]],[""compare"",""2"",[""plus"",""128"",[""mul"",""skill_level"",""16""]]],[""compare"",""3"",[""minus"",""3000"",[""mul"",""skill_level"",""400""]]],[""compare"",""4"",""5000""],[""motion"",""4"",""5"",""none""],[""ridemotion"",""14"",""15"",""none""],[""battleride"",""1""],[""damagetype"",""2""],[""targetkind"",""1""],[""property"",""3"",""3"",""1"",""0"",""9"",""1""]]",bango-file,jobsystem.dat,2614
Cure 3,2,,#nRecover the selected target's HP.#nThe amount of HP recovery cannot exceed 1600.#nIt can't be used on monsters.,,active056,,,#nRecovering Point : %1!d! and more#nEnergy used : %2!d!,,,39 skill_level 4 * +,1500,600,190,,,mage-34,1,"[""mage""]","[""35""]","[""51"",""60"",""66"",""0""]","[""11"",""0""]","[""1"",""2"",""3"",""0""]","[""active"",""use""]","[""3"",""3"",""1"",""0"",""9"",""2""]","[[""parameter"",""1"",[""plus"",[""plus"",""750"",[""mul"",""skill_level"",""100""]],[""div"",[""mul"",""char_wis"",""11""],""3""]]],[""parameter"",""2"",[""plus"",""39"",[""mul"",""skill_level"",""4""]]]]","[""750 skill_level 100 * + char_wis 11 * 3 / +"",""39 skill_level 4 * +""]","[[""compare"",""1"",[""plus"",""39"",[""mul"",""skill_level"",""4""]]],[""compare"",""2"",""190""],[""compare"",""3"",""1500""],[""compare"",""4"",""600""]]","[""39 skill_level 4 * +""]","[""190""]","[""1500""]","[""600""]","{""1"":""verified-ability-text-and-gitbook"",""2"":""gitbook-verified-for-class"",""3"":""gitbook-verified-for-class"",""4"":""gitbook-verified-for-class""}",[],"[""skill"",[""key"",""mage-34""],[""name"",""Cure 3""],[""limit"",""mage""],[""action"",""35""],[""image"",""active056""],[""desc"",""#nRecover the selected target's HP.#nThe amount of HP recovery cannot exceed 1600.#nIt can't be used on monsters.""],[""ability"",""#nRecovering Point : %1!d! and more#nEnergy used : %2!d!""],[""parameter"",""1"",[""plus"",[""plus"",""750"",[""mul"",""skill_level"",""100""]],[""div"",[""mul"",""char_wis"",""11""],""3""]]],[""parameter"",""2"",[""plus"",""39"",[""mul"",""skill_level"",""4""]]],[""maxparamvalue"",""1"",""1600"",""1600""],[""level"",""51"",""60"",""66"",""0""],[""grade"",""11"",""0""],[""maxlevel"",""1"",""2"",""3"",""0""],[""type"",""active"",""use""],[""compare"",""1"",[""plus"",""39"",[""mul"",""skill_level"",""4""]]],[""compare"",""2"",""190""],[""compare"",""3"",""1500""],[""compare"",""4"",""600""],[""motion"",""4"",""5"",""none""],[""ridemotion"",""14"",""15"",""none""],[""battleride"",""1""],[""damagetype"",""2""],[""targetkind"",""1""],[""property"",""3"",""3"",""1"",""0"",""9"",""2""]]",bango-file,jobsystem.dat,2638
Hypnotism,2,,"#nMake the enemies who are in the effective area to fall in a sleep.#nTarget can't do anything while it's under hypnosis#nbut when it get attacked, the effectiveness of magic will be gone away.",,active057,,,#nTime : %1!d! and more#nEnergy used : %2!d!,,,98 skill_level 4 * +,2500 skill_level 100 * -,600,190 skill_level 10 * +,,,mage-35,1,"[""mage""]","[""36""]","[""51"",""56"",""61"",""67"",""70"",""0""]","[""11"",""0""]","[""1"",""2"",""3"",""4"",""5"",""0""]","[""active"",""use""]","[""3"",""3"",""0"",""0"",""9"",""5""]","[[""parameter"",""1"",[""plus"",""4"",[""mul"",""skill_level"",""5""]]],[""parameter"",""2"",[""plus"",""98"",[""mul"",""skill_level"",""4""]]]]","[""4 skill_level 5 * +"",""98 skill_level 4 * +""]","[[""compare"",""1"",[""plus"",""98"",[""mul"",""skill_level"",""4""]]],[""compare"",""2"",[""plus"",""190"",[""mul"",""skill_level"",""10""]]],[""compare"",""3"",[""minus"",""2500"",[""mul"",""skill_level"",""100""]]],[""compare"",""4"",""600""]]","[""98 skill_level 4 * +""]","[""190 skill_level 10 * +""]","[""2500 skill_level 100 * -""]","[""600""]","{""1"":""verified-ability-text-and-gitbook"",""2"":""gitbook-verified-for-class"",""3"":""gitbook-verified-for-class"",""4"":""gitbook-verified-for-class""}",[],"[""skill"",[""key"",""mage-35""],[""name"",""Hypnotism""],[""limit"",""mage""],[""action"",""36""],[""image"",""active057""],[""desc"",""#nMake the enemies who are in the effective area to fall in a sleep.#nTarget can't do anything while it's under hypnosis#nbut when it get attacked, the effectiveness of magic will be gone away.""],[""ability"",""#nTime : %1!d! and more#nEnergy used : %2!d!""],[""parameter"",""1"",[""plus"",""4"",[""mul"",""skill_level"",""5""]]],[""parameter"",""2"",[""plus"",""98"",[""mul"",""skill_level"",""4""]]],[""level"",""51"",""56"",""61"",""67"",""70"",""0""],[""grade"",""11"",""0""],[""maxlevel"",""1"",""2"",""3"",""4"",""5"",""0""],[""type"",""active"",""use""],[""compare"",""1"",[""plus"",""98"",[""mul"",""skill_level"",""4""]]],[""compare"",""2"",[""plus"",""190"",[""mul"",""skill_level"",""10""]]],[""compare"",""3"",[""minus"",""2500"",[""mul"",""skill_level"",""100""]]],[""compare"",""4"",""600""],[""motion"",""18"",""20"",""none""],[""ridemotion"",""14"",""15"",""none""],[""battleride"",""1""],[""damagetype"",""3""],[""targetkind"",""1"",""2""],[""property"",""3"",""3"",""0"",""0"",""9"",""5""]]",bango-file,jobsystem.dat,2663
Cold Binding,2,,#nFreeze up to 5 enemies in the effective area#n with cold frost.,,active066,,,#nTime : %1!d!#nEnergy used : %2!d!,,,60 skill_level 6 * +,1200,800,210,,,mage-36,1,"[""mage""]","[""37""]","[""54"",""58"",""63"",""68"",""0""]","[""7"",""0""]","[""1"",""2"",""3"",""4"",""0""]","[""active"",""use""]","[""3"",""2"",""0"",""0"",""9"",""5""]","[[""parameter"",""1"",[""plus"",""6"",[""mul"",""skill_level"",""2""]]],[""parameter"",""2"",[""plus"",""60"",[""mul"",""skill_level"",""6""]]]]","[""6 skill_level 2 * +"",""60 skill_level 6 * +""]","[[""compare"",""1"",[""plus"",""60"",[""mul"",""skill_level"",""6""]]],[""compare"",""2"",""210""],[""compare"",""3"",""1200""],[""compare"",""4"",""800""]]","[""60 skill_level 6 * +""]","[""210""]","[""1200""]","[""800""]","{""1"":""verified-ability-text-and-gitbook"",""2"":""gitbook-verified-for-class"",""3"":""gitbook-verified-for-class"",""4"":""gitbook-verified-for-class""}","[[""condition"",""27"",""1""]]","[""skill"",[""key"",""mage-36""],[""name"",""Cold Binding""],[""limit"",""mage""],[""action"",""37""],[""image"",""active066""],[""desc"",""#nFreeze up to 5 enemies in the effective area#n with cold frost.""],[""ability"",""#nTime : %1!d!#nEnergy used : %2!d!""],[""parameter"",""1"",[""plus"",""6"",[""mul"",""skill_level"",""2""]]],[""parameter"",""2"",[""plus"",""60"",[""mul"",""skill_level"",""6""]]],[""level"",""54"",""58"",""63"",""68"",""0""],[""grade"",""7"",""0""],[""maxlevel"",""1"",""2"",""3"",""4"",""0""],[""condition"",""27"",""1""],[""type"",""active"",""use""],[""compare"",""1"",[""plus"",""60"",[""mul"",""skill_level"",""6""]]],[""compare"",""2"",""210""],[""compare"",""3"",""1200""],[""compare"",""4"",""800""],[""motion"",""14"",""15"",""none""],[""ridemotion"",""14"",""15"",""none""],[""battleride"",""1""],[""damagetype"",""3""],[""targetkind"",""1"",""2""],[""property"",""3"",""2"",""0"",""0"",""9"",""5""]]",bango-file,jobsystem.dat,2690
Refining Weapon,2,,#nGive additional Attack Point & Magic Attack Point on the selected target and its party for a while.,,active065,,,#nAdd. Attack Point & Magic Attack Point + %1!d!#nLasting Time : 1800 Sec#nEnergy used : %2!d!,,,50 skill_level 12 * +,1500,5000,100,,,mage-37,1,"[""mage""]","[""38""]","[""50"",""57"",""62"",""66"",""69"",""0""]","[""7"",""0""]","[""1"",""2"",""3"",""4"",""5"",""0""]","[""active"",""use""]","[""3"",""2"",""1"",""0"",""3"",""2""]","[[""parameter"",""1"",[""plus"",""16"",[""mul"",""skill_level"",""8""]]],[""parameter"",""2"",[""plus"",""50"",[""mul"",""skill_level"",""12""]]]]","[""16 skill_level 8 * +"",""50 skill_level 12 * +""]","[[""compare"",""1"",[""plus"",""50"",[""mul"",""skill_level"",""12""]]],[""compare"",""2"",""100""],[""compare"",""3"",""1500""],[""compare"",""4"",""5000""]]","[""50 skill_level 12 * +""]","[""100""]","[""1500""]","[""5000""]","{""1"":""verified-ability-text-and-gitbook"",""2"":""gitbook-verified-for-class"",""3"":""gitbook-verified-for-class"",""4"":""gitbook-verified-for-class""}",[],"[""skill"",[""key"",""mage-37""],[""name"",""Refining Weapon""],[""limit"",""mage""],[""action"",""38""],[""image"",""active065""],[""desc"",""#nGive additional Attack Point & Magic Attack Point on the selected target and its party for a while.""],[""ability"",""#nAdd. Attack Point & Magic Attack Point + %1!d!#nLasting Time : 1800 Sec#nEnergy used : %2!d!""],[""parameter"",""1"",[""plus"",""16"",[""mul"",""skill_level"",""8""]]],[""parameter"",""2"",[""plus"",""50"",[""mul"",""skill_level"",""12""]]],[""level"",""50"",""57"",""62"",""66"",""69"",""0""],[""grade"",""7"",""0""],[""maxlevel"",""1"",""2"",""3"",""4"",""5"",""0""],[""type"",""active"",""use""],[""compare"",""1"",[""plus"",""50"",[""mul"",""skill_level"",""12""]]],[""compare"",""2"",""100""],[""compare"",""3"",""1500""],[""compare"",""4"",""5000""],[""motion"",""18"",""19"",""none""],[""ridemotion"",""14"",""15"",""none""],[""battleride"",""1""],[""damagetype"",""2""],[""targetkind"",""1""],[""property"",""3"",""2"",""1"",""0"",""3"",""2""]]",bango-file,jobsystem.dat,2714
Defense Improvement,2,,#nIncrease the defense of selected target and its party members in range.#nIt can't be used on monsters.,,active068,,,#nAdd. Close Defense : %1!d!#nAdd. Long-range Defense : %2!d!#nLasting Time : 1800 Sec#nEnergy used : %3!d!,,,41 skill_level 31 * +,2000,5000,128,,,mage-38,1,"[""mage""]","[""39""]","[""53"",""62"",""0""]","[""11"",""0""]","[""1"",""2"",""0""]","[""active"",""use""]","[""3"",""3"",""1"",""0"",""3"",""2""]","[[""parameter"",""1"",[""plus"",""5"",[""mul"",""skill_level"",""30""]]],[""parameter"",""2"",[""plus"",""5"",[""mul"",""skill_level"",""20""]]],[""parameter"",""3"",[""plus"",""41"",[""mul"",""skill_level"",""31""]]]]","[""5 skill_level 30 * +"",""5 skill_level 20 * +"",""41 skill_level 31 * +""]","[[""compare"",""1"",[""plus"",""41"",[""mul"",""skill_level"",""31""]]],[""compare"",""2"",""128""],[""compare"",""3"",""2000""],[""compare"",""4"",""5000""]]","[""41 skill_level 31 * +""]","[""128""]","[""2000""]","[""5000""]","{""1"":""verified-ability-text-and-gitbook"",""2"":""gitbook-verified-for-class"",""3"":""gitbook-verified-for-class"",""4"":""gitbook-verified-for-class""}",[],"[""skill"",[""key"",""mage-38""],[""name"",""Defense Improvement""],[""limit"",""mage""],[""action"",""39""],[""image"",""active068""],[""desc"",""#nIncrease the defense of selected target and its party members in range.#nIt can't be used on monsters.""],[""ability"",""#nAdd. Close Defense : %1!d!#nAdd. Long-range Defense : %2!d!#nLasting Time : 1800 Sec#nEnergy used : %3!d!""],[""parameter"",""1"",[""plus"",""5"",[""mul"",""skill_level"",""30""]]],[""parameter"",""2"",[""plus"",""5"",[""mul"",""skill_level"",""20""]]],[""parameter"",""3"",[""plus"",""41"",[""mul"",""skill_level"",""31""]]],[""level"",""53"",""62"",""0""],[""grade"",""11"",""0""],[""maxlevel"",""1"",""2"",""0""],[""type"",""active"",""use""],[""compare"",""1"",[""plus"",""41"",[""mul"",""skill_level"",""31""]]],[""compare"",""2"",""128""],[""compare"",""3"",""2000""],[""compare"",""4"",""5000""],[""motion"",""18"",""19"",""none""],[""ridemotion"",""14"",""15"",""none""],[""battleride"",""1""],[""damagetype"",""2""],[""targetkind"",""1""],[""property"",""3"",""3"",""1"",""0"",""3"",""2""]]",bango-file,jobsystem.dat,2738
Soul Destruction,2,,#nThrow luminary to the selected target.,,active067,,,#nMagic Attack Point + %1!d!#nEnergy used : %2!d!,,,18 skill_level 22 * +,700,600,150,,,mage-39,1,"[""mage""]","[""40""]","[""52"",""57"",""62"",""67"",""72"",""0""]","[""11"",""0""]","[""1"",""2"",""3"",""4"",""5"",""0""]","[""active"",""use""]",[],"[[""parameter"",""1"",[""div"",[""plus"",[""div"",[""mul"",""char_level"",""9""],""2""],[""mul"",[""mul"",[""div"",""char_wis"",""2""],""skill_level""],""5""]],""2""]],[""parameter"",""2"",[""plus"",""18"",[""mul"",""skill_level"",""22""]]]]","[""char_level 9 * 2 / char_wis 2 / skill_level * 5 * + 2 /"",""18 skill_level 22 * +""]","[[""compare"",""1"",[""plus"",""18"",[""mul"",""skill_level"",""22""]]],[""compare"",""2"",""150""],[""compare"",""3"",""700""],[""compare"",""4"",""600""]]","[""18 skill_level 22 * +""]","[""150""]","[""700""]","[""600""]","{""1"":""verified-ability-text-and-gitbook"",""2"":""gitbook-verified-for-class"",""3"":""gitbook-verified-for-class"",""4"":""gitbook-verified-for-class""}",[],"[""skill"",[""key"",""mage-39""],[""name"",""Soul Destruction""],[""limit"",""mage""],[""action"",""40""],[""image"",""active067""],[""desc"",""#nThrow luminary to the selected target.""],[""ability"",""#nMagic Attack Point + %1!d!#nEnergy used : %2!d!""],[""parameter"",""1"",[""div"",[""plus"",[""div"",[""mul"",""char_level"",""9""],""2""],[""mul"",[""mul"",[""div"",""char_wis"",""2""],""skill_level""],""5""]],""2""]],[""parameter"",""2"",[""plus"",""18"",[""mul"",""skill_level"",""22""]]],[""level"",""52"",""57"",""62"",""67"",""72"",""0""],[""grade"",""11"",""0""],[""maxlevel"",""1"",""2"",""3"",""4"",""5"",""0""],[""type"",""active"",""use""],[""compare"",""1"",[""plus"",""18"",[""mul"",""skill_level"",""22""]]],[""compare"",""2"",""150""],[""compare"",""3"",""700""],[""compare"",""4"",""600""],[""motion"",""18"",""20"",""attackauto""],[""damagetype"",""1""]]",bango-file,jobsystem.dat,2762
Chain Lightning,2,,#nDeliver the lightning effect to the selected target and the near the target.,,active123,,,#nMin Magic Attack + %1!d!#nMax Magic Attack + %2!d!#nEnergy used : 174,,,174,2200,300,190,,,mage-40,1,"[""mage""]","[""41""]","[""59"",""0""]","[""7"",""0""]","[""1"",""0""]","[""active"",""use""]","[""3"",""2"",""0"",""0"",""1"",""5""]","[[""parameter"",""1"",[""div"",[""mul"",""2"",[""plus"",[""plus"",[""plus"",[""mul"",""lightning_mastery"",""20""],[""div"",[""mul"",""char_level"",""3""],""2""]],[""div"",[""div"",[""mul"",""char_int"",[""mul"",""skill_level"",""7""]],""3""],""2""]],""360""]],""2""]],[""parameter"",""2"",[""div"",[""mul"",""2"",[""plus"",[""plus"",[""plus"",[""mul"",""lightning_mastery"",""20""],[""div"",[""mul"",""char_level"",""3""],""2""]],[""div"",[""div"",[""mul"",""char_int"",[""mul"",""skill_level"",""10""]],""4""],""2""]],""700""]],""2""]]]","[""2 lightning_mastery 20 * char_level 3 * 2 / + char_int skill_level 7 * * 3 / 2 / + 360 + * 2 /"",""2 lightning_mastery 20 * char_level 3 * 2 / + char_int skill_level 10 * * 4 / 2 / + 700 + * 2 /""]","[[""compare"",""1"",""174""],[""compare"",""2"",""190""],[""compare"",""3"",""2200""],[""compare"",""4"",""300""]]","[""174""]","[""190""]","[""2200""]","[""300""]","{""1"":""verified-ability-text-and-gitbook"",""2"":""gitbook-verified-for-class"",""3"":""gitbook-verified-for-class"",""4"":""gitbook-verified-for-class""}","[[""condition"",""23"",""10""]]","[""skill"",[""key"",""mage-40""],[""name"",""Chain Lightning""],[""limit"",""mage""],[""action"",""41""],[""image"",""active123""],[""desc"",""#nDeliver the lightning effect to the selected target and the near the target.""],[""ability"",""#nMin Magic Attack + %1!d!#nMax Magic Attack + %2!d!#nEnergy used : 174""],[""parameter"",""1"",[""div"",[""mul"",""2"",[""plus"",[""plus"",[""plus"",[""mul"",""lightning_mastery"",""20""],[""div"",[""mul"",""char_level"",""3""],""2""]],[""div"",[""div"",[""mul"",""char_int"",[""mul"",""skill_level"",""7""]],""3""],""2""]],""360""]],""2""]],[""parameter"",""2"",[""div"",[""mul"",""2"",[""plus"",[""plus"",[""plus"",[""mul"",""lightning_mastery"",""20""],[""div"",[""mul"",""char_level"",""3""],""2""]],[""div"",[""div"",[""mul"",""char_int"",[""mul"",""skill_level"",""10""]],""4""],""2""]],""700""]],""2""]],[""level"",""59"",""0""],[""grade"",""7"",""0""],[""maxlevel"",""1"",""0""],[""maxparamvalue"",""1"",""700"",""700""],[""maxparamvalue"",""2"",""1000"",""1000""],[""condition"",""23"",""10""],[""type"",""active"",""use""],[""compare"",""1"",""174""],[""compare"",""2"",""190""],[""compare"",""3"",""2200""],[""compare"",""4"",""300""],[""motion"",""10"",""11"",""none""],[""ridemotion"",""2"",""3"",""none""],[""battleride"",""1""],[""damagetype"",""1""],[""property"",""3"",""2"",""0"",""0"",""1"",""5""]]",bango-file,jobsystem.dat,2795
Thunder,2,,#nDrop thunderbolt to the selected target.,,active075,,,#nMin Magic Attack + %1!d!#nMax Magic Attack + %2!d!#nEnergy used : %3!d!,,,30 skill_level 8 * +,1000,600,190,,,mage-41,1,"[""mage""]","[""42""]","[""63"",""66"",""0""]","[""7"",""0""]","[""1"",""2"",""0""]","[""active"",""use""]","[""3"",""2"",""0"",""0"",""1"",""5""]","[[""parameter"",""1"",[""mul"",[""plus"",[""plus"",[""plus"",[""mul"",""lightning_mastery"",""20""],[""div"",[""mul"",""char_level"",""3""],""2""]],[""div"",[""div"",[""mul"",[""div"",[""mul"",""char_int"",""3""],""2""],[""mul"",""skill_level"",""5""]],""3""],""2""]],""360""],""1""]],[""parameter"",""2"",[""mul"",[""plus"",[""plus"",[""plus"",[""mul"",""lightning_mastery"",""20""],[""div"",[""mul"",""char_level"",""3""],""2""]],[""div"",[""div"",[""mul"",[""div"",[""mul"",""char_int"",""3""],""2""],[""mul"",""skill_level"",""10""]],""2""],""2""]],""700""],""1""]],[""parameter"",""3"",[""plus"",""30"",[""mul"",""skill_level"",""8""]]]]","[""lightning_mastery 20 * char_level 3 * 2 / + char_int 3 * 2 / skill_level 5 * * 3 / 2 / + 360 + 1 *"",""lightning_mastery 20 * char_level 3 * 2 / + char_int 3 * 2 / skill_level 10 * * 2 / 2 / + 700 + 1 *"",""30 skill_level 8 * +""]","[[""compare"",""1"",[""plus"",""30"",[""mul"",""skill_level"",""8""]]],[""compare"",""2"",""190""],[""compare"",""3"",""1000""],[""compare"",""4"",""600""]]","[""30 skill_level 8 * +""]","[""190""]","[""1000""]","[""600""]","{""1"":""verified-ability-text-and-gitbook"",""2"":""gitbook-verified-for-class"",""3"":""gitbook-verified-for-class"",""4"":""gitbook-verified-for-class""}","[[""condition"",""31"",""2""]]","[""skill"",[""key"",""mage-41""],[""name"",""Thunder""],[""limit"",""mage""],[""action"",""42""],[""image"",""active075""],[""desc"",""#nDrop thunderbolt to the selected target.""],[""ability"",""#nMin Magic Attack + %1!d!#nMax Magic Attack + %2!d!#nEnergy used : %3!d!""],[""parameter"",""1"",[""mul"",[""plus"",[""plus"",[""plus"",[""mul"",""lightning_mastery"",""20""],[""div"",[""mul"",""char_level"",""3""],""2""]],[""div"",[""div"",[""mul"",[""div"",[""mul"",""char_int"",""3""],""2""],[""mul"",""skill_level"",""5""]],""3""],""2""]],""360""],""1""]],[""parameter"",""2"",[""mul"",[""plus"",[""plus"",[""plus"",[""mul"",""lightning_mastery"",""20""],[""div"",[""mul"",""char_level"",""3""],""2""]],[""div"",[""div"",[""mul"",[""div"",[""mul"",""char_int"",""3""],""2""],[""mul"",""skill_level"",""10""]],""2""],""2""]],""700""],""1""]],[""parameter"",""3"",[""plus"",""30"",[""mul"",""skill_level"",""8""]]],[""level"",""63"",""66"",""0""],[""grade"",""7"",""0""],[""maxlevel"",""1"",""2"",""0""],[""maxparamvalue"",""1"",""764"",""764""],[""maxparamvalue"",""2"",""1500"",""1500""],[""condition"",""31"",""2""],[""type"",""active"",""use""],[""compare"",""1"",[""plus"",""30"",[""mul"",""skill_level"",""8""]]],[""compare"",""2"",""190""],[""compare"",""3"",""1000""],[""compare"",""4"",""600""],[""motion"",""10"",""11"",""attackauto""],[""ridemotion"",""2"",""3"",""attackauto""],[""battleride"",""1""],[""damagetype"",""1""],[""property"",""3"",""2"",""0"",""0"",""1"",""5""]]",bango-file,jobsystem.dat,2832
Thunder Storm,2,,#nThunderbolts are droping for certain amount of time#non the selected area.#nAttack every target in the area every 2 seconds for 16 seconds.,,active076,,,#nMin Magic Attack + %1!d!#nMax Magic Attack + %2!d!#nEnergy used : 352,,,352,2000,120000,190,,,mage-42,1,"[""mage""]","[""43""]","[""65"",""0""]","[""7"",""0""]","[""1"",""0""]","[""active"",""once""]","[""3"",""2"",""0"",""0"",""1"",""5""]","[[""parameter"",""1"",[""mul"",[""plus"",[""plus"",[""mul"",""lightning_mastery"",""20""],[""plus"",[""div"",[""mul"",""char_level"",""3""],""2""],[""div"",[""div"",[""mul"",[""div"",[""mul"",""char_int"",""3""],""2""],[""mul"",""skill_level"",""5""]],""3""],""2""]]],""360""],[""div"",""6"",""10""]]],[""parameter"",""2"",[""mul"",[""plus"",[""plus"",[""mul"",""lightning_mastery"",""20""],[""plus"",[""div"",[""mul"",""char_level"",""3""],""2""],[""div"",[""div"",[""mul"",[""div"",[""mul"",""char_int"",""3""],""2""],[""mul"",""skill_level"",""10""]],""2""],""2""]]],""700""],[""div"",""6"",""10""]]]]","[""lightning_mastery 20 * char_level 3 * 2 / char_int 3 * 2 / skill_level 5 * * 3 / 2 / + + 360 + 6 10 / *"",""lightning_mastery 20 * char_level 3 * 2 / char_int 3 * 2 / skill_level 10 * * 2 / 2 / + + 700 + 6 10 / *""]","[[""compare"",""1"",""352""],[""compare"",""2"",""190""],[""compare"",""3"",""2000""],[""compare"",""4"",""120000""]]","[""352""]","[""190""]","[""2000""]","[""120000""]","{""1"":""verified-ability-text-and-gitbook"",""2"":""gitbook-verified-for-class"",""3"":""gitbook-verified-for-class"",""4"":""gitbook-verified-for-class""}","[[""condition"",""41"",""1""]]","[""skill"",[""key"",""mage-42""],[""name"",""Thunder Storm""],[""limit"",""mage""],[""action"",""43""],[""image"",""active076""],[""desc"",""#nThunderbolts are droping for certain amount of time#non the selected area.#nAttack every target in the area every 2 seconds for 16 seconds.""],[""ability"",""#nMin Magic Attack + %1!d!#nMax Magic Attack + %2!d!#nEnergy used : 352""],[""parameter"",""1"",[""mul"",[""plus"",[""plus"",[""mul"",""lightning_mastery"",""20""],[""plus"",[""div"",[""mul"",""char_level"",""3""],""2""],[""div"",[""div"",[""mul"",[""div"",[""mul"",""char_int"",""3""],""2""],[""mul"",""skill_level"",""5""]],""3""],""2""]]],""360""],[""div"",""6"",""10""]]],[""parameter"",""2"",[""mul"",[""plus"",[""plus"",[""mul"",""lightning_mastery"",""20""],[""plus"",[""div"",[""mul"",""char_level"",""3""],""2""],[""div"",[""div"",[""mul"",[""div"",[""mul"",""char_int"",""3""],""2""],[""mul"",""skill_level"",""10""]],""2""],""2""]]],""700""],[""div"",""6"",""10""]]],[""level"",""65"",""0""],[""grade"",""7"",""0""],[""maxlevel"",""1"",""0""],[""condition"",""41"",""1""],[""type"",""active"",""once""],[""compare"",""1"",""352""],[""compare"",""2"",""190""],[""compare"",""3"",""2000""],[""compare"",""4"",""120000""],[""motion"",""12"",""13"",""none""],[""ridemotion"",""14"",""15"",""none""],[""battleride"",""1""],[""damagetype"",""0""],[""property"",""3"",""2"",""0"",""0"",""1"",""5""]]",bango-file,jobsystem.dat,2872
Ice Restriction,2,,"#nCall the ice to the selected target, give the damage to the nearby targets#nand reduce its moving speed.",,active077,,,#nMin Magic Attack + %1!d!#nEnergy used : 126,,,126,800,600,190,,,mage-43,1,"[""mage""]","[""44""]","[""56"",""0""]","[""7"",""0""]","[""1"",""0""]","[""active"",""use""]","[""3"",""2"",""0"",""0"",""1"",""5""]","[[""parameter"",""1"",[""plus"",[""plus"",[""div"",[""mul"",""char_level"",""3""],""2""],[""div"",[""div"",[""mul"",""char_int"",[""mul"",""skill_level"",""2""]],""6""],""2""]],""480""]]]","[""char_level 3 * 2 / char_int skill_level 2 * * 6 / 2 / + 480 +""]","[[""compare"",""1"",""126""],[""compare"",""2"",""190""],[""compare"",""3"",""800""],[""compare"",""4"",""600""]]","[""126""]","[""190""]","[""800""]","[""600""]","{""1"":""verified-ability-text-and-gitbook"",""2"":""gitbook-verified-for-class"",""3"":""gitbook-verified-for-class"",""4"":""gitbook-verified-for-class""}","[[""condition"",""24"",""2""]]","[""skill"",[""key"",""mage-43""],[""name"",""Ice Restriction""],[""limit"",""mage""],[""action"",""44""],[""image"",""active077""],[""desc"",""#nCall the ice to the selected target, give the damage to the nearby targets#nand reduce its moving speed.""],[""ability"",""#nMin Magic Attack + %1!d!#nEnergy used : 126""],[""parameter"",""1"",[""plus"",[""plus"",[""div"",[""mul"",""char_level"",""3""],""2""],[""div"",[""div"",[""mul"",""char_int"",[""mul"",""skill_level"",""2""]],""6""],""2""]],""480""]],[""level"",""56"",""0""],[""grade"",""7"",""0""],[""maxlevel"",""1"",""0""],[""maxparamvalue"",""1"",""500"",""500""],[""condition"",""24"",""2""],[""type"",""active"",""use""],[""compare"",""1"",""126""],[""compare"",""2"",""190""],[""compare"",""3"",""800""],[""compare"",""4"",""600""],[""motion"",""14"",""15"",""none""],[""ridemotion"",""14"",""15"",""none""],[""battleride"",""1""],[""damagetype"",""1""],[""property"",""3"",""2"",""0"",""0"",""1"",""5""]]",bango-file,jobsystem.dat,2897
Ice Storm,2,,#nIce and snow are droping for certain amount of time#non the selected area.#nAttack every target in the area every 2 seconds for 16 seconds.,,active078,,,#nMagic Attack + %1!d!#nEnergy used : 396,,,396,2000,120000,190,,,mage-44,1,"[""mage""]","[""45""]","[""65"",""0""]","[""7"",""0""]","[""1"",""0""]","[""active"",""once""]","[""3"",""2"",""0"",""0"",""1"",""5""]","[[""parameter"",""1"",[""mul"",[""plus"",[""plus"",[""div"",[""mul"",""char_level"",""3""],""2""],[""div"",[""div"",[""mul"",""char_int"",[""mul"",""skill_level"",""10""]],""4""],""2""]],""240""],[""div"",""6"",""10""]]]]","[""char_level 3 * 2 / char_int skill_level 10 * * 4 / 2 / + 240 + 6 10 / *""]","[[""compare"",""1"",""396""],[""compare"",""2"",""190""],[""compare"",""3"",""2000""],[""compare"",""4"",""120000""]]","[""396""]","[""190""]","[""2000""]","[""120000""]","{""1"":""verified-ability-text-and-gitbook"",""2"":""gitbook-verified-for-class"",""3"":""gitbook-verified-for-class"",""4"":""gitbook-verified-for-class""}","[[""condition"",""44"",""1""]]","[""skill"",[""key"",""mage-44""],[""name"",""Ice Storm""],[""limit"",""mage""],[""action"",""45""],[""image"",""active078""],[""desc"",""#nIce and snow are droping for certain amount of time#non the selected area.#nAttack every target in the area every 2 seconds for 16 seconds.""],[""ability"",""#nMagic Attack + %1!d!#nEnergy used : 396""],[""parameter"",""1"",[""mul"",[""plus"",[""plus"",[""div"",[""mul"",""char_level"",""3""],""2""],[""div"",[""div"",[""mul"",""char_int"",[""mul"",""skill_level"",""10""]],""4""],""2""]],""240""],[""div"",""6"",""10""]]],[""level"",""65"",""0""],[""grade"",""7"",""0""],[""maxlevel"",""1"",""0""],[""condition"",""44"",""1""],[""type"",""active"",""once""],[""compare"",""1"",""396""],[""compare"",""2"",""190""],[""compare"",""3"",""2000""],[""compare"",""4"",""120000""],[""motion"",""14"",""15"",""none""],[""ridemotion"",""14"",""15"",""none""],[""battleride"",""1""],[""damagetype"",""0""],[""property"",""3"",""2"",""0"",""0"",""1"",""5""]]",bango-file,jobsystem.dat,2920
Explosion,2,,#nThe selected target gets hot wind and#nit's exploded and burned.,,active079,,,#nMagic Attack + %1!d!#nEnergy used : %2!d!,,,32 skill_level 4 * +,1400,600,180,,,mage-45,1,"[""mage""]","[""46""]","[""62"",""68"",""0""]","[""7"",""0""]","[""1"",""2"",""0""]","[""active"",""use""]","[""3"",""2"",""0"",""0"",""1"",""5""]","[[""parameter"",""1"",[""plus"",[""plus"",[""div"",[""mul"",""char_level"",""3""],""2""],[""div"",[""div"",[""mul"",""char_int"",[""mul"",""skill_level"",""14""]],""3""],""2""]],""380""]],[""parameter"",""2"",[""plus"",""32"",[""mul"",""skill_level"",""4""]]]]","[""char_level 3 * 2 / char_int skill_level 14 * * 3 / 2 / + 380 +"",""32 skill_level 4 * +""]","[[""compare"",""1"",[""plus"",""32"",[""mul"",""skill_level"",""4""]]],[""compare"",""2"",""180""],[""compare"",""3"",""1400""],[""compare"",""4"",""600""]]","[""32 skill_level 4 * +""]","[""180""]","[""1400""]","[""600""]","{""1"":""verified-ability-text-and-gitbook"",""2"":""gitbook-verified-for-class"",""3"":""gitbook-verified-for-class"",""4"":""gitbook-verified-for-class""}","[[""condition"",""33"",""2""]]","[""skill"",[""key"",""mage-45""],[""name"",""Explosion""],[""limit"",""mage""],[""action"",""46""],[""image"",""active079""],[""desc"",""#nThe selected target gets hot wind and#nit's exploded and burned.""],[""ability"",""#nMagic Attack + %1!d!#nEnergy used : %2!d!""],[""parameter"",""1"",[""plus"",[""plus"",[""div"",[""mul"",""char_level"",""3""],""2""],[""div"",[""div"",[""mul"",""char_int"",[""mul"",""skill_level"",""14""]],""3""],""2""]],""380""]],[""parameter"",""2"",[""plus"",""32"",[""mul"",""skill_level"",""4""]]],[""level"",""62"",""68"",""0""],[""grade"",""7"",""0""],[""maxlevel"",""1"",""2"",""0""],[""maxparamvalue"",""1"",""1200"",""1200""],[""condition"",""33"",""2""],[""type"",""active"",""use""],[""compare"",""1"",[""plus"",""32"",[""mul"",""skill_level"",""4""]]],[""compare"",""2"",""180""],[""compare"",""3"",""1400""],[""compare"",""4"",""600""],[""motion"",""16"",""17"",""none""],[""ridemotion"",""14"",""15"",""attackauto""],[""battleride"",""1""],[""damagetype"",""1""],[""property"",""3"",""2"",""0"",""0"",""1"",""5""]]",bango-file,jobsystem.dat,2944
Explosive Burst,2,,#nBig explosion is made on the selected area#nAll enemies nearby get damages.,,active080,,,#nMin Magic Attack + %1!d!#nEnergy used : 142,,,142,1800,2200,180,,,mage-46,1,"[""mage""]","[""47""]","[""64"",""0""]","[""7"",""0""]","[""1"",""0""]","[""active"",""once""]","[""3"",""2"",""0"",""0"",""1"",""5""]","[[""parameter"",""1"",[""plus"",[""plus"",[""div"",[""mul"",""char_level"",""6""],""2""],[""div"",[""div"",[""mul"",""char_int"",[""mul"",""skill_level"",""4""]],""5""],""2""]],""580""]]]","[""char_level 6 * 2 / char_int skill_level 4 * * 5 / 2 / + 580 +""]","[[""compare"",""1"",""142""],[""compare"",""2"",""180""],[""compare"",""3"",""1800""],[""compare"",""4"",""2200""]]","[""142""]","[""180""]","[""1800""]","[""2200""]","{""1"":""verified-ability-text-and-gitbook"",""2"":""gitbook-verified-for-class"",""3"":""gitbook-verified-for-class"",""4"":""gitbook-verified-for-class""}","[[""condition"",""25"",""5""]]","[""skill"",[""key"",""mage-46""],[""name"",""Explosive Burst""],[""limit"",""mage""],[""action"",""47""],[""image"",""active080""],[""desc"",""#nBig explosion is made on the selected area#nAll enemies nearby get damages.""],[""ability"",""#nMin Magic Attack + %1!d!#nEnergy used : 142""],[""parameter"",""1"",[""plus"",[""plus"",[""div"",[""mul"",""char_level"",""6""],""2""],[""div"",[""div"",[""mul"",""char_int"",[""mul"",""skill_level"",""4""]],""5""],""2""]],""580""]],[""level"",""64"",""0""],[""grade"",""7"",""0""],[""maxlevel"",""1"",""0""],[""maxparamvalue"",""1"",""900"",""900""],[""condition"",""25"",""5""],[""type"",""active"",""once""],[""compare"",""1"",""142""],[""compare"",""2"",""180""],[""compare"",""3"",""1800""],[""compare"",""4"",""2200""],[""motion"",""16"",""17"",""none""],[""ridemotion"",""14"",""15"",""none""],[""battleride"",""1""],[""damagetype"",""0""],[""property"",""3"",""2"",""0"",""0"",""1"",""5""]]",bango-file,jobsystem.dat,2968
Fire Storm,2,,#nFire is droping for certain amount of time#non the selected area.#nAttack every target in the area every 2 seconds for 16 seconds.,,active081,,,#nMagic Attack + %1!d!#nEnergy used : 327,,,327,2000,120000,180,,,mage-47,1,"[""mage""]","[""48""]","[""65"",""0""]","[""7"",""0""]","[""1"",""0""]","[""active"",""once""]","[""3"",""2"",""0"",""0"",""1"",""5""]","[[""parameter"",""1"",[""mul"",[""plus"",[""plus"",[""div"",[""mul"",""char_level"",""3""],""2""],[""div"",[""div"",[""mul"",""char_int"",[""mul"",""skill_level"",""14""]],""3""],""2""]],""380""],[""div"",""6"",""10""]]]]","[""char_level 3 * 2 / char_int skill_level 14 * * 3 / 2 / + 380 + 6 10 / *""]","[[""compare"",""1"",""327""],[""compare"",""2"",""180""],[""compare"",""3"",""2000""],[""compare"",""4"",""120000""]]","[""327""]","[""180""]","[""2000""]","[""120000""]","{""1"":""verified-ability-text-and-gitbook"",""2"":""gitbook-verified-for-class"",""3"":""gitbook-verified-for-class"",""4"":""gitbook-verified-for-class""}","[[""condition"",""47"",""1""]]","[""skill"",[""key"",""mage-47""],[""name"",""Fire Storm""],[""limit"",""mage""],[""action"",""48""],[""image"",""active081""],[""desc"",""#nFire is droping for certain amount of time#non the selected area.#nAttack every target in the area every 2 seconds for 16 seconds.""],[""ability"",""#nMagic Attack + %1!d!#nEnergy used : 327""],[""parameter"",""1"",[""mul"",[""plus"",[""plus"",[""div"",[""mul"",""char_level"",""3""],""2""],[""div"",[""div"",[""mul"",""char_int"",[""mul"",""skill_level"",""14""]],""3""],""2""]],""380""],[""div"",""6"",""10""]]],[""level"",""65"",""0""],[""grade"",""7"",""0""],[""maxlevel"",""1"",""0""],[""condition"",""47"",""1""],[""type"",""active"",""once""],[""compare"",""1"",""327""],[""compare"",""2"",""180""],[""compare"",""3"",""2000""],[""compare"",""4"",""120000""],[""motion"",""12"",""13"",""none""],[""ridemotion"",""14"",""15"",""none""],[""battleride"",""1""],[""damagetype"",""0""],[""property"",""3"",""2"",""0"",""0"",""1"",""5""]]",bango-file,jobsystem.dat,2991
Blessing of Strength,2,,#nIncrease the strength of selected target and its party members in range.#nIt can't be used on monsters.,,active082,,,#nStrength + %1!d!#nLasting Time : 1800 Sec#nEnergy used : %2!d!,,,64 32 skill_level * +,2000,5000,94,,,mage-48,1,"[""mage""]","[""49""]","[""54"",""63"",""0""]","[""11"",""0""]","[""1"",""2"",""0""]","[""active"",""use""]","[""3"",""3"",""1"",""0"",""3"",""2""]","[[""parameter"",""1"",[""plus"",""2"",[""mul"",""6"",""skill_level""]]],[""parameter"",""2"",[""plus"",""64"",[""mul"",""32"",""skill_level""]]]]","[""2 6 skill_level * +"",""64 32 skill_level * +""]","[[""compare"",""1"",[""plus"",""64"",[""mul"",""32"",""skill_level""]]],[""compare"",""2"",""94""],[""compare"",""3"",""2000""],[""compare"",""4"",""5000""]]","[""64 32 skill_level * +""]","[""94""]","[""2000""]","[""5000""]","{""1"":""verified-ability-text-and-gitbook"",""2"":""gitbook-verified-for-class"",""3"":""gitbook-verified-for-class"",""4"":""gitbook-verified-for-class""}",[],"[""skill"",[""key"",""mage-48""],[""name"",""Blessing of Strength""],[""limit"",""mage""],[""action"",""49""],[""image"",""active082""],[""desc"",""#nIncrease the strength of selected target and its party members in range.#nIt can't be used on monsters.""],[""ability"",""#nStrength + %1!d!#nLasting Time : 1800 Sec#nEnergy used : %2!d!""],[""parameter"",""1"",[""plus"",""2"",[""mul"",""6"",""skill_level""]]],[""parameter"",""2"",[""plus"",""64"",[""mul"",""32"",""skill_level""]]],[""level"",""54"",""63"",""0""],[""grade"",""11"",""0""],[""maxlevel"",""1"",""2"",""0""],[""type"",""active"",""use""],[""compare"",""1"",[""plus"",""64"",[""mul"",""32"",""skill_level""]]],[""compare"",""2"",""94""],[""compare"",""3"",""2000""],[""compare"",""4"",""5000""],[""motion"",""18"",""19"",""none""],[""ridemotion"",""14"",""15"",""none""],[""battleride"",""1""],[""damagetype"",""2""],[""targetkind"",""1""],[""property"",""3"",""3"",""1"",""0"",""3"",""2""]]",bango-file,jobsystem.dat,3017
Blessing of Health,2,,#nIncrease the health of selected target and its party members in range.#nIt can't be used on monsters.,,active083,,,#nHP + %1!d!#nLasting Time : 1800 Sec#nEnergy used : %2!d!,,,60 27 skill_level * +,2000,5000,94,,,mage-49,1,"[""mage""]","[""50""]","[""54"",""64"",""0""]","[""11"",""0""]","[""1"",""2"",""0""]","[""active"",""use""]","[""3"",""3"",""1"",""0"",""3"",""2""]","[[""parameter"",""1"",[""plus"",""3"",[""mul"",""8"",""skill_level""]]],[""parameter"",""2"",[""plus"",""60"",[""mul"",""27"",""skill_level""]]]]","[""3 8 skill_level * +"",""60 27 skill_level * +""]","[[""compare"",""1"",[""plus"",""60"",[""mul"",""27"",""skill_level""]]],[""compare"",""2"",""94""],[""compare"",""3"",""2000""],[""compare"",""4"",""5000""]]","[""60 27 skill_level * +""]","[""94""]","[""2000""]","[""5000""]","{""1"":""verified-ability-text-and-gitbook"",""2"":""gitbook-verified-for-class"",""3"":""gitbook-verified-for-class"",""4"":""gitbook-verified-for-class""}",[],"[""skill"",[""key"",""mage-49""],[""name"",""Blessing of Health""],[""limit"",""mage""],[""action"",""50""],[""image"",""active083""],[""desc"",""#nIncrease the health of selected target and its party members in range.#nIt can't be used on monsters.""],[""ability"",""#nHP + %1!d!#nLasting Time : 1800 Sec#nEnergy used : %2!d!""],[""parameter"",""1"",[""plus"",""3"",[""mul"",""8"",""skill_level""]]],[""parameter"",""2"",[""plus"",""60"",[""mul"",""27"",""skill_level""]]],[""level"",""54"",""64"",""0""],[""grade"",""11"",""0""],[""maxlevel"",""1"",""2"",""0""],[""type"",""active"",""use""],[""compare"",""1"",[""plus"",""60"",[""mul"",""27"",""skill_level""]]],[""compare"",""2"",""94""],[""compare"",""3"",""2000""],[""compare"",""4"",""5000""],[""motion"",""18"",""19"",""none""],[""ridemotion"",""14"",""15"",""none""],[""battleride"",""1""],[""damagetype"",""2""],[""targetkind"",""1""],[""property"",""3"",""3"",""1"",""0"",""3"",""2""]]",bango-file,jobsystem.dat,3041
Blessing of Agility,2,,#nIncrease the agility of selected target and its party members in range.#nIt can't be used on monsters.,,active084,,,#nAgility + %1!d!#nLasting Time : 1800 Sec#nEnergy used : %2!d!,,,67 26 skill_level * +,2000,5000,94,,,mage-50,1,"[""mage""]","[""51""]","[""55"",""64"",""0""]","[""11"",""0""]","[""1"",""2"",""0""]","[""active"",""use""]","[""3"",""3"",""1"",""0"",""3"",""2""]","[[""parameter"",""1"",[""plus"",""3"",[""mul"",""8"",""skill_level""]]],[""parameter"",""2"",[""plus"",""67"",[""mul"",""26"",""skill_level""]]]]","[""3 8 skill_level * +"",""67 26 skill_level * +""]","[[""compare"",""1"",[""plus"",""67"",[""mul"",""26"",""skill_level""]]],[""compare"",""2"",""94""],[""compare"",""3"",""2000""],[""compare"",""4"",""5000""]]","[""67 26 skill_level * +""]","[""94""]","[""2000""]","[""5000""]","{""1"":""verified-ability-text-and-gitbook"",""2"":""gitbook-verified-for-class"",""3"":""gitbook-verified-for-class"",""4"":""gitbook-verified-for-class""}",[],"[""skill"",[""key"",""mage-50""],[""name"",""Blessing of Agility""],[""limit"",""mage""],[""action"",""51""],[""image"",""active084""],[""desc"",""#nIncrease the agility of selected target and its party members in range.#nIt can't be used on monsters.""],[""ability"",""#nAgility + %1!d!#nLasting Time : 1800 Sec#nEnergy used : %2!d!""],[""parameter"",""1"",[""plus"",""3"",[""mul"",""8"",""skill_level""]]],[""parameter"",""2"",[""plus"",""67"",[""mul"",""26"",""skill_level""]]],[""level"",""55"",""64"",""0""],[""grade"",""11"",""0""],[""maxlevel"",""1"",""2"",""0""],[""type"",""active"",""use""],[""compare"",""1"",[""plus"",""67"",[""mul"",""26"",""skill_level""]]],[""compare"",""2"",""94""],[""compare"",""3"",""2000""],[""compare"",""4"",""5000""],[""motion"",""18"",""19"",""none""],[""ridemotion"",""14"",""15"",""none""],[""battleride"",""1""],[""damagetype"",""2""],[""targetkind"",""1""],[""property"",""3"",""3"",""1"",""0"",""3"",""2""]]",bango-file,jobsystem.dat,3066
Blessing of Intelligence,2,,#nIncrease the intelligence of selected target and its party members in range.#nIt can't be used on monsters.,,active085,,,#nIntelligence + %1!d!#nLasting Time : 1800 Sec#nEnergy used : %2!d!,,,64 36 skill_level * +,2000,5000,94,,,mage-51,1,"[""mage""]","[""52""]","[""56"",""65"",""0""]","[""11"",""0""]","[""1"",""2"",""0""]","[""active"",""use""]","[""3"",""3"",""1"",""0"",""3"",""2""]","[[""parameter"",""1"",[""plus"",""2"",[""mul"",""6"",""skill_level""]]],[""parameter"",""2"",[""plus"",""64"",[""mul"",""36"",""skill_level""]]]]","[""2 6 skill_level * +"",""64 36 skill_level * +""]","[[""compare"",""1"",[""plus"",""64"",[""mul"",""36"",""skill_level""]]],[""compare"",""2"",""94""],[""compare"",""3"",""2000""],[""compare"",""4"",""5000""]]","[""64 36 skill_level * +""]","[""94""]","[""2000""]","[""5000""]","{""1"":""verified-ability-text-and-gitbook"",""2"":""gitbook-verified-for-class"",""3"":""gitbook-verified-for-class"",""4"":""gitbook-verified-for-class""}",[],"[""skill"",[""key"",""mage-51""],[""name"",""Blessing of Intelligence""],[""limit"",""mage""],[""action"",""52""],[""image"",""active085""],[""desc"",""#nIncrease the intelligence of selected target and its party members in range.#nIt can't be used on monsters.""],[""ability"",""#nIntelligence + %1!d!#nLasting Time : 1800 Sec#nEnergy used : %2!d!""],[""parameter"",""1"",[""plus"",""2"",[""mul"",""6"",""skill_level""]]],[""parameter"",""2"",[""plus"",""64"",[""mul"",""36"",""skill_level""]]],[""level"",""56"",""65"",""0""],[""grade"",""11"",""0""],[""maxlevel"",""1"",""2"",""0""],[""type"",""active"",""use""],[""compare"",""1"",[""plus"",""64"",[""mul"",""36"",""skill_level""]]],[""compare"",""2"",""94""],[""compare"",""3"",""2000""],[""compare"",""4"",""5000""],[""motion"",""18"",""19"",""none""],[""ridemotion"",""14"",""15"",""none""],[""battleride"",""1""],[""damagetype"",""2""],[""targetkind"",""1""],[""property"",""3"",""3"",""1"",""0"",""3"",""2""]]",bango-file,jobsystem.dat,3089
Increase of Critical Hit,2,,#nIncrease the appearance of Critical Hit of selected target and its party members in range.#nIt can't be used on monsters.,,active086,,,#nCritical Hit + %1!d! %%#nLasting Time : 1800 Sec#nEnergy used : %2!d!,,,72 38 skill_level * +,2000,5000,94,,,mage-52,1,"[""mage""]","[""53""]","[""57"",""66"",""0""]","[""11"",""0""]","[""1"",""2"",""0""]","[""active"",""use""]","[""3"",""3"",""1"",""0"",""3"",""2""]","[[""parameter"",""1"",[""plus"",""2"",[""mul"",""skill_level"",""3""]]],[""parameter"",""2"",[""plus"",""72"",[""mul"",""38"",""skill_level""]]]]","[""2 skill_level 3 * +"",""72 38 skill_level * +""]","[[""compare"",""1"",[""plus"",""72"",[""mul"",""38"",""skill_level""]]],[""compare"",""2"",""94""],[""compare"",""3"",""2000""],[""compare"",""4"",""5000""]]","[""72 38 skill_level * +""]","[""94""]","[""2000""]","[""5000""]","{""1"":""verified-ability-text-and-gitbook"",""2"":""gitbook-verified-for-class"",""3"":""gitbook-verified-for-class"",""4"":""gitbook-verified-for-class""}",[],"[""skill"",[""key"",""mage-52""],[""name"",""Increase of Critical Hit""],[""limit"",""mage""],[""action"",""53""],[""image"",""active086""],[""desc"",""#nIncrease the appearance of Critical Hit of selected target and its party members in range.#nIt can't be used on monsters.""],[""ability"",""#nCritical Hit + %1!d! %%#nLasting Time : 1800 Sec#nEnergy used : %2!d!""],[""parameter"",""1"",[""plus"",""2"",[""mul"",""skill_level"",""3""]]],[""parameter"",""2"",[""plus"",""72"",[""mul"",""38"",""skill_level""]]],[""level"",""57"",""66"",""0""],[""grade"",""11"",""0""],[""maxlevel"",""1"",""2"",""0""],[""type"",""active"",""use""],[""compare"",""1"",[""plus"",""72"",[""mul"",""38"",""skill_level""]]],[""compare"",""2"",""94""],[""compare"",""3"",""2000""],[""compare"",""4"",""5000""],[""motion"",""18"",""19"",""none""],[""ridemotion"",""14"",""15"",""none""],[""battleride"",""1""],[""damagetype"",""2""],[""targetkind"",""1""],[""property"",""3"",""3"",""1"",""0"",""3"",""2""]]",bango-file,jobsystem.dat,3112
Purification,2,,#nDisable all debuffs of the selected target.#nExcept the Revival Sequela.#nIt can't be used on monsters.,,active087,,,#nEnergy used : 74,,,74,2000,5000,170,,,mage-53,1,"[""mage""]","[""54""]","[""50"",""0""]","[""11"",""0""]","[""1"",""0""]","[""active"",""use""]","[""3"",""3"",""1"",""0"",""9"",""2""]",[],[],"[[""compare"",""1"",""74""],[""compare"",""2"",""170""],[""compare"",""3"",""2000""],[""compare"",""4"",""5000""]]","[""74""]","[""170""]","[""2000""]","[""5000""]","{""1"":""verified-ability-text-and-gitbook"",""2"":""gitbook-verified-for-class"",""3"":""gitbook-verified-for-class"",""4"":""gitbook-verified-for-class""}",[],"[""skill"",[""key"",""mage-53""],[""name"",""Purification""],[""limit"",""mage""],[""action"",""54""],[""image"",""active087""],[""desc"",""#nDisable all debuffs of the selected target.#nExcept the Revival Sequela.#nIt can't be used on monsters.""],[""ability"",""#nEnergy used : 74""],[""level"",""50"",""0""],[""grade"",""11"",""0""],[""maxlevel"",""1"",""0""],[""type"",""active"",""use""],[""compare"",""1"",""74""],[""compare"",""2"",""170""],[""compare"",""3"",""2000""],[""compare"",""4"",""5000""],[""motion"",""18"",""19"",""none""],[""ridemotion"",""14"",""15"",""none""],[""battleride"",""1""],[""damagetype"",""2""],[""targetkind"",""1""],[""property"",""3"",""3"",""1"",""0"",""9"",""2""]]",bango-file,jobsystem.dat,3135
Perfect Cure,2,,#nRecover the health of the selected targe instantly.#nIt can't be used on monsters.,,active088,,,#nRecover %2!d! %% of Max Health.#nEnergy used : %1!d!,,,190 skill_level 30 * +,0,90000,180,,,mage-54,1,"[""mage""]","[""55""]","[""52"",""62"",""69"",""0""]","[""11"",""0""]","[""1"",""2"",""3"",""0""]","[""active"",""use""]","[""3"",""3"",""1"",""0"",""9"",""2""]","[[""parameter"",""1"",[""plus"",""190"",[""mul"",""skill_level"",""30""]]],[""parameter"",""2"",[""plus"",""15"",[""mul"",""skill_level"",""20""]]]]","[""190 skill_level 30 * +"",""15 skill_level 20 * +""]","[[""compare"",""1"",[""plus"",""190"",[""mul"",""skill_level"",""30""]]],[""compare"",""2"",""180""],[""compare"",""3"",""0""],[""compare"",""4"",""90000""]]","[""190 skill_level 30 * +""]","[""180""]","[""0""]","[""90000""]","{""1"":""verified-ability-text-and-gitbook"",""2"":""gitbook-verified-for-class"",""3"":""gitbook-verified-for-class"",""4"":""gitbook-verified-for-class""}","[[""condition"",""29"",""1""]]","[""skill"",[""key"",""mage-54""],[""name"",""Perfect Cure""],[""limit"",""mage""],[""action"",""55""],[""image"",""active088""],[""desc"",""#nRecover the health of the selected targe instantly.#nIt can't be used on monsters.""],[""ability"",""#nRecover %2!d! %% of Max Health.#nEnergy used : %1!d!""],[""parameter"",""1"",[""plus"",""190"",[""mul"",""skill_level"",""30""]]],[""parameter"",""2"",[""plus"",""15"",[""mul"",""skill_level"",""20""]]],[""level"",""52"",""62"",""69"",""0""],[""grade"",""11"",""0""],[""maxlevel"",""1"",""2"",""3"",""0""],[""condition"",""29"",""1""],[""type"",""active"",""use""],[""compare"",""1"",[""plus"",""190"",[""mul"",""skill_level"",""30""]]],[""compare"",""2"",""180""],[""compare"",""3"",""0""],[""compare"",""4"",""90000""],[""motion"",""0"",""7"",""none""],[""ridemotion"",""14"",""15"",""none""],[""battleride"",""1""],[""damagetype"",""2""],[""targetkind"",""1""],[""property"",""3"",""3"",""1"",""0"",""9"",""2""]]",bango-file,jobsystem.dat,3158
Increase of Target Range,1,,#nIncrease the range of all kinds of single target cure skills.,,passive019,,,"#nApplication of Magic  : [Cure, Cure 2, Cure 3, Restore]",,,0,0,0,0,,,mage-55,1,"[""mage""]","[""56""]","[""53"",""0""]","[""11"",""0""]","[""1"",""0""]","[""passive"",""etc""]","[""3"",""3"",""1"",""1"",""9"",""0""]",[],[],"[[""compare"",""1"",""0""],[""compare"",""2"",""0""],[""compare"",""3"",""0""],[""compare"",""4"",""0""]]","[""0""]","[""0""]","[""0""]","[""0""]","{""1"":""verified-ability-text-and-gitbook"",""2"":""gitbook-verified-for-class"",""3"":""gitbook-verified-for-class"",""4"":""gitbook-verified-for-class""}",[],"[""skill"",[""key"",""mage-55""],[""name"",""Increase of Target Range""],[""limit"",""mage""],[""action"",""56""],[""image"",""passive019""],[""desc"",""#nIncrease the range of all kinds of single target cure skills.""],[""ability"",""#nApplication of Magic  : [Cure, Cure 2, Cure 3, Restore]""],[""level"",""53"",""0""],[""grade"",""11"",""0""],[""maxlevel"",""1"",""0""],[""type"",""passive"",""etc""],[""compare"",""1"",""0""],[""compare"",""2"",""0""],[""compare"",""3"",""0""],[""compare"",""4"",""0""],[""motion"",""0"",""0"",""none""],[""property"",""3"",""3"",""1"",""1"",""9"",""0""]]",bango-file,jobsystem.dat,3183
Group Cure 2,2,,#nRecover the health point of all the group members.,,active089,,,#nEnergy used : %1!d!,,,72 skill_level 15 * +,1300,600,128,,,mage-56,1,"[""mage""]","[""57""]","[""58"",""67"",""0""]","[""11"",""0""]","[""1"",""2"",""0""]","[""active"",""once""]","[""3"",""3"",""1"",""0"",""9"",""4""]","[[""parameter"",""1"",[""plus"",""72"",[""mul"",""skill_level"",""15""]]]]","[""72 skill_level 15 * +""]","[[""compare"",""1"",[""plus"",""72"",[""mul"",""skill_level"",""15""]]],[""compare"",""2"",""128""],[""compare"",""3"",""1300""],[""compare"",""4"",""600""]]","[""72 skill_level 15 * +""]","[""128""]","[""1300""]","[""600""]","{""1"":""verified-ability-text-and-gitbook"",""2"":""gitbook-verified-for-class"",""3"":""gitbook-verified-for-class"",""4"":""gitbook-verified-for-class""}","[[""condition"",""28"",""3""]]","[""skill"",[""key"",""mage-56""],[""name"",""Group Cure 2""],[""limit"",""mage""],[""action"",""57""],[""image"",""active089""],[""desc"",""#nRecover the health point of all the group members.""],[""ability"",""#nEnergy used : %1!d!""],[""parameter"",""1"",[""plus"",""72"",[""mul"",""skill_level"",""15""]]],[""level"",""58"",""67"",""0""],[""grade"",""11"",""0""],[""maxlevel"",""1"",""2"",""0""],[""condition"",""28"",""3""],[""type"",""active"",""once""],[""compare"",""1"",[""plus"",""72"",[""mul"",""skill_level"",""15""]]],[""compare"",""2"",""128""],[""compare"",""3"",""1300""],[""compare"",""4"",""600""],[""motion"",""4"",""5"",""none""],[""ridemotion"",""14"",""15"",""none""],[""battleride"",""1""],[""damagetype"",""0""],[""property"",""3"",""3"",""1"",""0"",""9"",""4""]]",bango-file,jobsystem.dat,3202
Perfect Group Cure 2,2,,#nRecover the Health of your group memebers in the effective area#nRecover 100% of Max HP of all group members instantly,,active090,,,#nEnergy used : %1!d!,,,400 skill_level 40 * +,0,900000,128,,,mage-57,1,"[""mage""]","[""58""]","[""59"",""69"",""0""]","[""11"",""0""]","[""1"",""2"",""0""]","[""active"",""once""]","[""3"",""3"",""1"",""0"",""9"",""4""]","[[""parameter"",""1"",[""plus"",""400"",[""mul"",""skill_level"",""40""]]]]","[""400 skill_level 40 * +""]","[[""compare"",""1"",[""plus"",""400"",[""mul"",""skill_level"",""40""]]],[""compare"",""2"",""128""],[""compare"",""3"",""0""],[""compare"",""4"",""900000""]]","[""400 skill_level 40 * +""]","[""128""]","[""0""]","[""900000""]","{""1"":""verified-ability-text-and-gitbook"",""2"":""gitbook-verified-for-class"",""3"":""gitbook-verified-for-class"",""4"":""gitbook-verified-for-class""}","[[""condition"",""57"",""1""]]","[""skill"",[""key"",""mage-57""],[""name"",""Perfect Group Cure 2""],[""limit"",""mage""],[""action"",""58""],[""image"",""active090""],[""desc"",""#nRecover the Health of your group memebers in the effective area#nRecover 100% of Max HP of all group members instantly""],[""ability"",""#nEnergy used : %1!d!""],[""parameter"",""1"",[""plus"",""400"",[""mul"",""skill_level"",""40""]]],[""level"",""59"",""69"",""0""],[""grade"",""11"",""0""],[""maxlevel"",""1"",""2"",""0""],[""condition"",""57"",""1""],[""type"",""active"",""once""],[""compare"",""1"",[""plus"",""400"",[""mul"",""skill_level"",""40""]]],[""compare"",""2"",""128""],[""compare"",""3"",""0""],[""compare"",""4"",""900000""],[""motion"",""0"",""7"",""none""],[""ridemotion"",""14"",""15"",""none""],[""battleride"",""1""],[""damagetype"",""0""],[""property"",""3"",""3"",""1"",""0"",""9"",""4""]]",bango-file,jobsystem.dat,3224
Perfect Healing,2,,"#nRecover 100% of HP of selected target.#nBut, it takes a long tme to reactivate.#nIt can't be used on monsters.",,active091,,,#nEnergy used : 596,,,596,0,600000,210,,,mage-58,1,"[""mage""]","[""59""]","[""68"",""0""]","[""11"",""0""]","[""1"",""0""]","[""active"",""use""]","[""3"",""3"",""1"",""0"",""9"",""2""]",[],[],"[[""compare"",""1"",""596""],[""compare"",""2"",""210""],[""compare"",""3"",""0""],[""compare"",""4"",""600000""]]","[""596""]","[""210""]","[""0""]","[""600000""]","{""1"":""verified-ability-text-and-gitbook"",""2"":""gitbook-verified-for-class"",""3"":""gitbook-verified-for-class"",""4"":""gitbook-verified-for-class""}",[],"[""skill"",[""key"",""mage-58""],[""name"",""Perfect Healing""],[""limit"",""mage""],[""action"",""59""],[""image"",""active091""],[""desc"",""#nRecover 100% of HP of selected target.#nBut, it takes a long tme to reactivate.#nIt can't be used on monsters.""],[""ability"",""#nEnergy used : 596""],[""level"",""68"",""0""],[""grade"",""11"",""0""],[""maxlevel"",""1"",""0""],[""type"",""active"",""use""],[""compare"",""1"",""596""],[""compare"",""2"",""210""],[""compare"",""3"",""0""],[""compare"",""4"",""600000""],[""motion"",""0"",""7"",""none""],[""ridemotion"",""14"",""15"",""none""],[""battleride"",""1""],[""damagetype"",""2""],[""targetkind"",""1""],[""property"",""3"",""3"",""1"",""0"",""9"",""2""]]",bango-file,jobsystem.dat,3247
Distance Control,1,,#nIncrease the range of Soul Destruction.,,passive020,,,,,,0,0,0,0,,,mage-59,1,"[""mage""]","[""60""]","[""58"",""0""]","[""11"",""0""]","[""1"",""0""]","[""passive"",""etc""]","[""3"",""3"",""1"",""1"",""9"",""0""]",[],[],"[[""compare"",""1"",""0""],[""compare"",""2"",""0""],[""compare"",""3"",""0""],[""compare"",""4"",""0""]]","[""0""]","[""0""]","[""0""]","[""0""]","{""1"":""verified-ability-text-and-gitbook"",""2"":""gitbook-verified-for-class"",""3"":""gitbook-verified-for-class"",""4"":""gitbook-verified-for-class""}",[],"[""skill"",[""key"",""mage-59""],[""name"",""Distance Control""],[""limit"",""mage""],[""action"",""60""],[""image"",""passive020""],[""desc"",""#nIncrease the range of Soul Destruction.""],[""level"",""58"",""0""],[""grade"",""11"",""0""],[""maxlevel"",""1"",""0""],[""type"",""passive"",""etc""],[""compare"",""1"",""0""],[""compare"",""2"",""0""],[""compare"",""3"",""0""],[""compare"",""4"",""0""],[""motion"",""0"",""0"",""none""],[""property"",""3"",""3"",""1"",""1"",""9"",""0""]]",bango-file,jobsystem.dat,3269
Amnesia,2,,#nMake the anger point of selected target to zero.,,active092,,,#nEnergy used : 50,,,50,1500,5000,190,,,mage-60,1,"[""mage""]","[""61""]","[""59"",""0""]","[""11"",""0""]","[""1"",""0""]","[""active"",""use""]","[""3"",""3"",""0"",""0"",""9"",""5""]",[],[],"[[""compare"",""1"",""50""],[""compare"",""2"",""190""],[""compare"",""3"",""1500""],[""compare"",""4"",""5000""]]","[""50""]","[""190""]","[""1500""]","[""5000""]","{""1"":""verified-ability-text-and-gitbook"",""2"":""gitbook-verified-for-class"",""3"":""gitbook-verified-for-class"",""4"":""gitbook-verified-for-class""}",[],"[""skill"",[""key"",""mage-60""],[""name"",""Amnesia""],[""limit"",""mage""],[""action"",""61""],[""image"",""active092""],[""desc"",""#nMake the anger point of selected target to zero.""],[""ability"",""#nEnergy used : 50""],[""level"",""59"",""0""],[""grade"",""11"",""0""],[""maxlevel"",""1"",""0""],[""type"",""active"",""use""],[""compare"",""1"",""50""],[""compare"",""2"",""190""],[""compare"",""3"",""1500""],[""compare"",""4"",""5000""],[""motion"",""18"",""20"",""none""],[""ridemotion"",""14"",""15"",""none""],[""battleride"",""1""],[""damagetype"",""2""],[""targetkind"",""2""],[""property"",""3"",""3"",""0"",""0"",""9"",""5""]]",bango-file,jobsystem.dat,3287
[Defensive incantation 6],2,,"#nProtect one's body with power of earth.#nAbsortion Rate + 5, Defense + 100",,active124,,,,,,102,2200,0,,,,mage-62,1,"[""mage""]","[""63""]","[""50"",""0""]","[""3"",""1""]","[""1"",""0""]","[""active"",""once""]","[""3"",""1"",""1"",""0"",""3"",""0""]",[],[],"[[""compare"",""1"",""102""],[""compare"",""3"",""2200""],[""compare"",""4"",""0""]]","[""102""]",[],"[""2200""]","[""0""]","{""1"":""verified-ability-text-and-gitbook"",""3"":""gitbook-verified-for-class"",""4"":""gitbook-verified-for-class""}",[],"[""skill"",[""key"",""mage-62""],[""name"",""[Defensive incantation 6]""],[""limit"",""mage""],[""action"",""63""],[""image"",""active124""],[""desc"",""#nProtect one's body with power of earth.#nAbsortion Rate + 5, Defense + 100""],[""level"",""50"",""0""],[""grade"",""3"",""1""],[""maxlevel"",""1"",""0""],[""compare"",""1"",""102""],[""compare"",""3"",""2200""],[""compare"",""4"",""0""],[""type"",""active"",""once""],[""motion"",""4"",""5"",""none""],[""ridemotion"",""14"",""15"",""none""],[""battleride"",""1""],[""damagetype"",""0""],[""property"",""3"",""1"",""1"",""0"",""3"",""0""]]",bango-file,jobsystem.dat,3309
Healing Intensification,1,,#nIncrease the restorative effect of your healing skills..,,passive026,,,#nRecovering increase : %1!d!,,,,,,,,,mage-63,1,"[""mage""]","[""68""]","[""70"",""0""]","[""43"",""1""]","[""1"",""0""]","[""passive"",""etc""]","[""0"",""0"",""0"",""0"",""0"",""0"",""0""]","[[""parameter"",""1"",[""div"",[""mul"",""char_level"",""char_level""],""10""]]]","[""char_level char_level * 10 /""]",[],[],[],[],[],{},[],"[""skill"",[""key"",""mage-63""],[""name"",""Healing Intensification""],[""limit"",""mage""],[""action"",""68""],[""image"",""passive026""],[""desc"",""#nIncrease the restorative effect of your healing skills..""],[""ability"",""#nRecovering increase : %1!d!""],[""parameter"",""1"",[""div"",[""mul"",""char_level"",""char_level""],""10""]],[""level"",""70"",""0""],[""grade"",""43"",""1""],[""maxlevel"",""1"",""0""],[""type"",""passive"",""etc""],[""property"",""0"",""0"",""0"",""0"",""0"",""0"",""0""]]",bango-file,jobsystem.dat,3331
Blessing,2,,#nEndow invincibility to yourself and a friendly target.,,active129,,,#nContinuation Time : %1!d! #nEnergy used : %2!d!,,,400 skill_level 10 * +,0,300000 skill_level 20000 * 20000 - -,190,,,mage-64,1,"[""mage""]","[""69""]","[""70"",""0""]","[""43"",""0""]","[""6"",""0""]","[""active"",""use""]","[""0"",""0"",""0"",""0"",""0"",""0"",""0""]","[[""parameter"",""1"",[""plus"",""3"",[""mul"",""skill_level"",""3""]]],[""parameter"",""2"",[""plus"",""400"",[""mul"",""skill_level"",""10""]]]]","[""3 skill_level 3 * +"",""400 skill_level 10 * +""]","[[""compare"",""1"",[""plus"",""400"",[""mul"",""skill_level"",""10""]]],[""compare"",""2"",""190""],[""compare"",""3"",""0""],[""compare"",""4"",[""minus"",""300000"",[""minus"",[""mul"",""skill_level"",""20000""],""20000""]]]]","[""400 skill_level 10 * +""]","[""190""]","[""0""]","[""300000 skill_level 20000 * 20000 - -""]","{""1"":""verified-ability-text-and-gitbook"",""2"":""gitbook-verified-for-class"",""3"":""gitbook-verified-for-class"",""4"":""gitbook-verified-for-class""}",[],"[""skill"",[""key"",""mage-64""],[""name"",""Blessing""],[""limit"",""mage""],[""action"",""69""],[""image"",""active129""],[""desc"",""#nEndow invincibility to yourself and a friendly target.""],[""ability"",""#nContinuation Time : %1!d! #nEnergy used : %2!d!""],[""parameter"",""1"",[""plus"",""3"",[""mul"",""skill_level"",""3""]]],[""parameter"",""2"",[""plus"",""400"",[""mul"",""skill_level"",""10""]]],[""level"",""70"",""0""],[""grade"",""43"",""0""],[""maxlevel"",""6"",""0""],[""type"",""active"",""use""],[""compare"",""1"",[""plus"",""400"",[""mul"",""skill_level"",""10""]]],[""compare"",""2"",""190""],[""compare"",""3"",""0""],[""compare"",""4"",[""minus"",""300000"",[""minus"",[""mul"",""skill_level"",""20000""],""20000""]]],[""motion"",""0"",""0"",""none""],[""ridemotion"",""14"",""15"",""none""],[""battleride"",""1""],[""damagetype"",""2""],[""property"",""0"",""0"",""0"",""0"",""0"",""0"",""0""]]",bango-file,jobsystem.dat,3372
magic Intensification,2,,#nCast offensive spells whose powers are not limited by levels for a 25~45 second duration,,active130,,,#nEnergy used : %1!d!,,,char_level 5 *,0,"[""280000"",""260000"",""240000"",""220000"",""200000"",""180000""]",0,,,mage-65,1,"[""mage""]","[""64""]","[""70"",""0""]","[""23"",""1""]","[""6"",""0""]","[""active"",""once""]","[""0"",""0"",""0"",""0"",""0"",""0"",""0""]","[[""parameter"",""1"",[""mul"",""char_level"",""5""]]]","[""char_level 5 *""]","[[""compare"",""1"",[""mul"",""char_level"",""5""]],[""compare"",""2"",""0""],[""compare"",""3"",""0""],[""compare"",""4"",""280000"",""260000"",""240000"",""220000"",""200000"",""180000""]]","[""char_level 5 *""]","[""0""]","[""0""]","[""280000"",""260000"",""240000"",""220000"",""200000"",""180000""]","{""1"":""verified-ability-text-and-gitbook"",""2"":""gitbook-verified-for-class"",""3"":""gitbook-verified-for-class"",""4"":""gitbook-verified-for-class""}",[],"[""skill"",[""key"",""mage-65""],[""name"",""magic Intensification""],[""limit"",""mage""],[""action"",""64""],[""image"",""active130""],[""desc"",""#nCast offensive spells whose powers are not limited by levels for a 25~45 second duration""],[""ability"",""#nEnergy used : %1!d!""],[""parameter"",""1"",[""mul"",""char_level"",""5""]],[""level"",""70"",""0""],[""grade"",""23"",""1""],[""maxlevel"",""6"",""0""],[""type"",""active"",""once""],[""compare"",""1"",[""mul"",""char_level"",""5""]],[""compare"",""2"",""0""],[""compare"",""3"",""0""],[""compare"",""4"",""280000"",""260000"",""240000"",""220000"",""200000"",""180000""],[""motion"",""0"",""0"",""none""],[""ridemotion"",""14"",""15"",""none""],[""battleride"",""1""],[""damagetype"",""0""],[""property"",""0"",""0"",""0"",""0"",""0"",""0"",""0""]]",bango-file,jobsystem.dat,3398
Flame Injection,2,,"#nShoot flames whose attack range is limited to the area directly in front of the caster.#nThis skills effect lasts for a 10 second duration, but is canceled if you move.#nInflicts both initial and continuous damage.",,active131,,,#nEnergy used : %1!d!,,,120 char_level 4 * +,800,"[""300000"",""280000"",""260000"",""240000"",""220000"",""200000""]",120,,,mage-66,1,"[""mage""]","[""65""]","[""70"",""0""]","[""23"",""0""]","[""6"",""0""]","[""active"",""use""]","[""0"",""0"",""0"",""0"",""0"",""0"",""0""]","[[""parameter"",""1"",[""plus"",""120"",[""mul"",""char_level"",""4""]]]]","[""120 char_level 4 * +""]","[[""compare"",""1"",[""plus"",""120"",[""mul"",""char_level"",""4""]]],[""compare"",""2"",""120""],[""compare"",""3"",""800""],[""compare"",""4"",""300000"",""280000"",""260000"",""240000"",""220000"",""200000""]]","[""120 char_level 4 * +""]","[""120""]","[""800""]","[""300000"",""280000"",""260000"",""240000"",""220000"",""200000""]","{""1"":""verified-ability-text-and-gitbook"",""2"":""gitbook-verified-for-class"",""3"":""gitbook-verified-for-class"",""4"":""gitbook-verified-for-class""}","[[""condition"",""48"",""1""]]","[""skill"",[""key"",""mage-66""],[""name"",""Flame Injection""],[""limit"",""mage""],[""action"",""65""],[""image"",""active131""],[""desc"",""#nShoot flames whose attack range is limited to the area directly in front of the caster.#nThis skills effect lasts for a 10 second duration, but is canceled if you move.#nInflicts both initial and continuous damage.""],[""ability"",""#nEnergy used : %1!d!""],[""parameter"",""1"",[""plus"",""120"",[""mul"",""char_level"",""4""]]],[""level"",""70"",""0""],[""grade"",""23"",""0""],[""maxlevel"",""6"",""0""],[""condition"",""48"",""1""],[""type"",""active"",""use""],[""compare"",""1"",[""plus"",""120"",[""mul"",""char_level"",""4""]]],[""compare"",""2"",""120""],[""compare"",""3"",""800""],[""compare"",""4"",""300000"",""280000"",""260000"",""240000"",""220000"",""200000""],[""motion"",""25"",""26"",""none""],[""ridemotion"",""25"",""26"",""none""],[""battleride"",""1""],[""damagetype"",""1""],[""property"",""0"",""0"",""0"",""0"",""0"",""0"",""0""]]",bango-file,jobsystem.dat,3425
Icicle,2,,"#nSummon icicles on random areas on the ground that will damage enemies around you.#nThis skills effect lasts for a 10 second duration, but is canceled if you move.#nInflicts continuous damage.",,active132,,,#nEnergy used : %1!d!,,,120 char_level 4 * +,500,"[""300000"",""280000"",""260000"",""240000"",""220000"",""200000""]",210,,,mage-67,1,"[""mage""]","[""66""]","[""70"",""0""]","[""23"",""0""]","[""6"",""0""]","[""active"",""once""]","[""0"",""0"",""0"",""0"",""0"",""0"",""0""]","[[""parameter"",""1"",[""plus"",""120"",[""mul"",""char_level"",""4""]]]]","[""120 char_level 4 * +""]","[[""compare"",""1"",[""plus"",""120"",[""mul"",""char_level"",""4""]]],[""compare"",""2"",""210""],[""compare"",""3"",""500""],[""compare"",""4"",""300000"",""280000"",""260000"",""240000"",""220000"",""200000""]]","[""120 char_level 4 * +""]","[""210""]","[""500""]","[""300000"",""280000"",""260000"",""240000"",""220000"",""200000""]","{""1"":""verified-ability-text-and-gitbook"",""2"":""gitbook-verified-for-class"",""3"":""gitbook-verified-for-class"",""4"":""gitbook-verified-for-class""}","[[""condition"",""45"",""1""]]","[""skill"",[""key"",""mage-67""],[""name"",""Icicle""],[""limit"",""mage""],[""action"",""66""],[""image"",""active132""],[""desc"",""#nSummon icicles on random areas on the ground that will damage enemies around you.#nThis skills effect lasts for a 10 second duration, but is canceled if you move.#nInflicts continuous damage.""],[""ability"",""#nEnergy used : %1!d!""],[""parameter"",""1"",[""plus"",""120"",[""mul"",""char_level"",""4""]]],[""level"",""70"",""0""],[""grade"",""23"",""0""],[""maxlevel"",""6"",""0""],[""condition"",""45"",""1""],[""type"",""active"",""once""],[""compare"",""1"",[""plus"",""120"",[""mul"",""char_level"",""4""]]],[""compare"",""2"",""210""],[""compare"",""3"",""500""],[""compare"",""4"",""300000"",""280000"",""260000"",""240000"",""220000"",""200000""],[""explosion"",""11"",""6"",""7""],[""motion"",""23"",""24"",""none""],[""ridemotion"",""23"",""24"",""none""],[""battleride"",""1""],[""damagetype"",""1""],[""property"",""0"",""0"",""0"",""0"",""0"",""0"",""0""]]",bango-file,jobsystem.dat,3455
Lightning Arrow,2,,"#nShoot a lightning arrow that debuffs a target and inflicts damage #nIf a Lightning buff magic spell was cast on the target, the target receives more damage from this skill.",,active133,,,#nEnergy used : %1!d!,,,120 char_level 4 * +,800,"[""300000"",""280000"",""260000"",""240000"",""220000"",""200000""]",210,,,mage-68,1,"[""mage""]","[""67""]","[""70"",""0""]","[""23"",""0""]","[""6"",""0""]","[""active"",""use""]","[""0"",""0"",""0"",""0"",""0"",""0"",""0""]","[[""parameter"",""1"",[""plus"",""120"",[""mul"",""char_level"",""4""]]]]","[""120 char_level 4 * +""]","[[""compare"",""1"",[""plus"",""120"",[""mul"",""char_level"",""4""]]],[""compare"",""2"",""210""],[""compare"",""3"",""800""],[""compare"",""4"",""300000"",""280000"",""260000"",""240000"",""220000"",""200000""]]","[""120 char_level 4 * +""]","[""210""]","[""800""]","[""300000"",""280000"",""260000"",""240000"",""220000"",""200000""]","{""1"":""verified-ability-text-and-gitbook"",""2"":""gitbook-verified-for-class"",""3"":""gitbook-verified-for-class"",""4"":""gitbook-verified-for-class""}","[[""condition"",""43"",""1""]]","[""skill"",[""key"",""mage-68""],[""name"",""Lightning Arrow""],[""limit"",""mage""],[""action"",""67""],[""image"",""active133""],[""desc"",""#nShoot a lightning arrow that debuffs a target and inflicts damage #nIf a Lightning buff magic spell was cast on the target, the target receives more damage from this skill.""],[""ability"",""#nEnergy used : %1!d!""],[""parameter"",""1"",[""plus"",""120"",[""mul"",""char_level"",""4""]]],[""level"",""70"",""0""],[""grade"",""23"",""0""],[""maxlevel"",""6"",""0""],[""condition"",""43"",""1""],[""type"",""active"",""use""],[""compare"",""1"",[""plus"",""120"",[""mul"",""char_level"",""4""]]],[""compare"",""2"",""210""],[""compare"",""3"",""800""],[""compare"",""4"",""300000"",""280000"",""260000"",""240000"",""220000"",""200000""],[""motion"",""21"",""22"",""none""],[""ridemotion"",""21"",""22"",""none""],[""battleride"",""1""],[""damagetype"",""1""],[""property"",""0"",""0"",""0"",""0"",""0"",""0"",""0""]]",bango-file,jobsystem.dat,3484
Blessing of Son of the Sky,1,,#nPower(physical/magical) is increased,,passive027,,,#nPower is increased by %1!d! %%,,,0,0,0,0,,,mage-70,1,"[""mage""]","[""70""]","[""70"",""75"",""80"",""85"",""90"",""95"",""100"",""0""]","[""23"",""0""]","[""1"",""2"",""3"",""4"",""5"",""6"",""7"",""0""]","[""passive"",""etc""]","[""0"",""0"",""1"",""2"",""9"",""0"",""0"",""0""]","[[""parameter"",""1"",[""plus"",""8"",[""mul"",""4"",[""minus"",""skill_level"",""1""]]]]]","[""8 4 skill_level 1 - * +""]","[[""compare"",""1"",""0""],[""compare"",""2"",""0""],[""compare"",""3"",""0""],[""compare"",""4"",""0""]]","[""0""]","[""0""]","[""0""]","[""0""]","{""1"":""verified-ability-text-and-gitbook"",""2"":""gitbook-verified-for-class"",""3"":""gitbook-verified-for-class"",""4"":""gitbook-verified-for-class""}",[],"[""skill"",[""key"",""mage-70""],[""name"",""Blessing of Son of the Sky""],[""limit"",""mage""],[""action"",""70""],[""image"",""passive027""],[""desc"",""#nPower(physical/magical) is increased""],[""ability"",""#nPower is increased by %1!d! %%""],[""parameter"",""1"",[""plus"",""8"",[""mul"",""4"",[""minus"",""skill_level"",""1""]]]],[""level"",""70"",""75"",""80"",""85"",""90"",""95"",""100"",""0""],[""grade"",""23"",""0""],[""maxlevel"",""1"",""2"",""3"",""4"",""5"",""6"",""7"",""0""],[""type"",""passive"",""etc""],[""compare"",""1"",""0""],[""compare"",""2"",""0""],[""compare"",""3"",""0""],[""compare"",""4"",""0""],[""motion"",""0"",""0"",""none""],[""damagetype"",""0""],[""property"",""0"",""0"",""1"",""2"",""9"",""0"",""0"",""0""]]",bango-file,jobsystem.dat,3512
Blessing of Son of the Sky,1,,#nDefense is increased,,passive032,,,#nDefense is increased by %1!d! %%,,,0,0,0,0,,,mage-71,1,"[""mage""]","[""71""]","[""70"",""75"",""80"",""85"",""90"",""95"",""100"",""0""]","[""43"",""0""]","[""1"",""2"",""3"",""4"",""5"",""6"",""7"",""0""]","[""passive"",""etc""]","[""0"",""0"",""1"",""2"",""9"",""0"",""0"",""0""]","[[""parameter"",""1"",[""plus"",""12"",[""mul"",""4"",[""minus"",""skill_level"",""1""]]]]]","[""12 4 skill_level 1 - * +""]","[[""compare"",""1"",""0""],[""compare"",""2"",""0""],[""compare"",""3"",""0""],[""compare"",""4"",""0""]]","[""0""]","[""0""]","[""0""]","[""0""]","{""1"":""verified-ability-text-and-gitbook"",""2"":""gitbook-verified-for-class"",""3"":""gitbook-verified-for-class"",""4"":""gitbook-verified-for-class""}",[],"[""skill"",[""key"",""mage-71""],[""name"",""Blessing of Son of the Sky""],[""limit"",""mage""],[""action"",""71""],[""image"",""passive032""],[""desc"",""#nDefense is increased""],[""ability"",""#nDefense is increased by %1!d! %%""],[""parameter"",""1"",[""plus"",""12"",[""mul"",""4"",[""minus"",""skill_level"",""1""]]]],[""level"",""70"",""75"",""80"",""85"",""90"",""95"",""100"",""0""],[""grade"",""43"",""0""],[""maxlevel"",""1"",""2"",""3"",""4"",""5"",""6"",""7"",""0""],[""type"",""passive"",""etc""],[""compare"",""1"",""0""],[""compare"",""2"",""0""],[""compare"",""3"",""0""],[""compare"",""4"",""0""],[""motion"",""0"",""0"",""none""],[""damagetype"",""0""],[""property"",""0"",""0"",""1"",""2"",""9"",""0"",""0"",""0""]]",bango-file,jobsystem.dat,3534
Artillery,1,,#nYou may assemble and control the weapon of castle siege.,,passive021,,,,,,0,0,0,0,,,mage-80,1,"[""mage""]","[""80""]","[""50"",""0""]","[""7"",""0""]","[""1"",""0""]","[""passive"",""etc""]","[""0"",""0"",""1"",""1"",""9"",""0""]",[],[],"[[""compare"",""1"",""0""],[""compare"",""2"",""0""],[""compare"",""3"",""0""],[""compare"",""4"",""0""]]","[""0""]","[""0""]","[""0""]","[""0""]","{""1"":""verified-ability-text-and-gitbook"",""2"":""gitbook-verified-for-class"",""3"":""gitbook-verified-for-class"",""4"":""gitbook-verified-for-class""}",[],"[""skill"",[""key"",""mage-80""],[""name"",""Artillery""],[""limit"",""mage""],[""action"",""80""],[""image"",""passive021""],[""desc"",""#nYou may assemble and control the weapon of castle siege.""],[""level"",""50"",""0""],[""grade"",""7"",""0""],[""maxlevel"",""1"",""0""],[""type"",""passive"",""etc""],[""compare"",""1"",""0""],[""compare"",""2"",""0""],[""compare"",""3"",""0""],[""compare"",""4"",""0""],[""motion"",""0"",""0"",""none""],[""damagetype"",""0""],[""property"",""0"",""0"",""1"",""1"",""9"",""0""]]",bango-file,jobsystem.dat,3556
Artillery,1,,#nYou may assemble and control the weapon of castle siege.,,passive021,,,,,,0,0,0,0,,,mage-81,1,"[""mage""]","[""81""]","[""50"",""0""]","[""11"",""0""]","[""1"",""0""]","[""passive"",""etc""]","[""0"",""0"",""1"",""1"",""9"",""0""]",[],[],"[[""compare"",""1"",""0""],[""compare"",""2"",""0""],[""compare"",""3"",""0""],[""compare"",""4"",""0""]]","[""0""]","[""0""]","[""0""]","[""0""]","{""1"":""verified-ability-text-and-gitbook"",""2"":""gitbook-verified-for-class"",""3"":""gitbook-verified-for-class"",""4"":""gitbook-verified-for-class""}",[],"[""skill"",[""key"",""mage-81""],[""name"",""Artillery""],[""limit"",""mage""],[""action"",""81""],[""image"",""passive021""],[""desc"",""#nYou may assemble and control the weapon of castle siege.""],[""level"",""50"",""0""],[""grade"",""11"",""0""],[""maxlevel"",""1"",""0""],[""type"",""passive"",""etc""],[""compare"",""1"",""0""],[""compare"",""2"",""0""],[""compare"",""3"",""0""],[""compare"",""4"",""0""],[""motion"",""0"",""0"",""none""],[""damagetype"",""0""],[""property"",""0"",""0"",""1"",""1"",""9"",""0""]]",bango-file,jobsystem.dat,3575
Mana Circulation,1,,#nTo facilitate the flow of inside energy#n to help the recovery of Mana.,,passive038,,,,,,0,0,0,0,,,mage-82,1,"[""mage""]","[""82""]","[""50"",""0""]","[""7"",""1""]","[""1"",""0""]","[""passive"",""etc""]","[""0"",""0"",""1"",""1"",""9"",""0"",""0"",""0""]",[],[],"[[""compare"",""1"",""0""],[""compare"",""2"",""0""],[""compare"",""3"",""0""],[""compare"",""4"",""0""]]","[""0""]","[""0""]","[""0""]","[""0""]","{""1"":""verified-ability-text-and-gitbook"",""2"":""gitbook-verified-for-class"",""3"":""gitbook-verified-for-class"",""4"":""gitbook-verified-for-class""}",[],"[""skill"",[""key"",""mage-82""],[""name"",""Mana Circulation""],[""limit"",""mage""],[""action"",""82""],[""image"",""passive038""],[""desc"",""#nTo facilitate the flow of inside energy#n to help the recovery of Mana.""],[""level"",""50"",""0""],[""grade"",""7"",""1""],[""maxlevel"",""1"",""0""],[""type"",""passive"",""etc""],[""compare"",""1"",""0""],[""compare"",""2"",""0""],[""compare"",""3"",""0""],[""compare"",""4"",""0""],[""motion"",""0"",""0"",""none""],[""damagetype"",""0""],[""property"",""0"",""0"",""1"",""1"",""9"",""0"",""0"",""0""]]",bango-file,jobsystem.dat,3596
Mana Circulation,1,,#nTo facilitate the flow of inside energy#n to help the recovery of Mana.,,passive038,,,,,,0,0,0,0,,,mage-83,1,"[""mage""]","[""83""]","[""50"",""0""]","[""11"",""1""]","[""1"",""0""]","[""passive"",""etc""]","[""0"",""0"",""1"",""1"",""9"",""0"",""0"",""0""]",[],[],"[[""compare"",""1"",""0""],[""compare"",""2"",""0""],[""compare"",""3"",""0""],[""compare"",""4"",""0""]]","[""0""]","[""0""]","[""0""]","[""0""]","{""1"":""verified-ability-text-and-gitbook"",""2"":""gitbook-verified-for-class"",""3"":""gitbook-verified-for-class"",""4"":""gitbook-verified-for-class""}",[],"[""skill"",[""key"",""mage-83""],[""name"",""Mana Circulation""],[""limit"",""mage""],[""action"",""83""],[""image"",""passive038""],[""desc"",""#nTo facilitate the flow of inside energy#n to help the recovery of Mana.""],[""level"",""50"",""0""],[""grade"",""11"",""1""],[""maxlevel"",""1"",""0""],[""type"",""passive"",""etc""],[""compare"",""1"",""0""],[""compare"",""2"",""0""],[""compare"",""3"",""0""],[""compare"",""4"",""0""],[""motion"",""0"",""0"",""none""],[""damagetype"",""0""],[""property"",""0"",""0"",""1"",""1"",""9"",""0"",""0"",""0""]]",bango-file,jobsystem.dat,3616
Mystery Skill of Accuracy,1,,#nThe Mystery skills of Son of the sky which improves On-target.,,passive039,,,#nOn-target point increases by %1!d!.,,,0,0,0,0,,,mage-85,1,"[""mage""]","[""85""]","[""81"",""0""]","[""0"",""0""]","[""20"",""0""]","[""passive"",""etc""]","[""0"",""0"",""1"",""2"",""3"",""0"",""0"",""0"",""1""]","[[""parameter"",""1"",[""mul"",""skill_level"",""8""]]]","[""skill_level 8 *""]","[[""compare"",""1"",""0""],[""compare"",""2"",""0""],[""compare"",""3"",""0""],[""compare"",""4"",""0""]]","[""0""]","[""0""]","[""0""]","[""0""]","{""1"":""verified-ability-text-and-gitbook"",""2"":""gitbook-verified-for-class"",""3"":""gitbook-verified-for-class"",""4"":""gitbook-verified-for-class""}",[],"[""skill"",[""key"",""mage-85""],[""name"",""Mystery Skill of Accuracy""],[""action"",""85""],[""limit"",""mage""],[""image"",""passive039""],[""desc"",""#nThe Mystery skills of Son of the sky which improves On-target.""],[""ability"",""#nOn-target point increases by %1!d!.""],[""parameter"",""1"",[""mul"",""skill_level"",""8""]],[""level"",""81"",""0""],[""grade"",""0"",""0""],[""maxlevel"",""20"",""0""],[""type"",""passive"",""etc""],[""compare"",""1"",""0""],[""compare"",""2"",""0""],[""compare"",""3"",""0""],[""compare"",""4"",""0""],[""motion"",""0"",""0"",""none""],[""damagetype"",""0""],[""property"",""0"",""0"",""1"",""2"",""3"",""0"",""0"",""0"",""1""]]",bango-file,jobsystem.dat,3637
Mystery skill of Evasion,1,,#nThe Mystery skills of Son of the sky which improves Evasion.,,passive039,,,#nOn-evasion point increases by %1!d!.,,,0,0,0,0,,,mage-86,1,"[""mage""]","[""86""]","[""81"",""0""]","[""0"",""0""]","[""20"",""0""]","[""passive"",""etc""]","[""0"",""0"",""1"",""2"",""3"",""0"",""0"",""0"",""1""]","[[""parameter"",""1"",[""mul"",""skill_level"",""6""]]]","[""skill_level 6 *""]","[[""compare"",""1"",""0""],[""compare"",""2"",""0""],[""compare"",""3"",""0""],[""compare"",""4"",""0""]]","[""0""]","[""0""]","[""0""]","[""0""]","{""1"":""verified-ability-text-and-gitbook"",""2"":""gitbook-verified-for-class"",""3"":""gitbook-verified-for-class"",""4"":""gitbook-verified-for-class""}",[],"[""skill"",[""key"",""mage-86""],[""name"",""Mystery skill of Evasion""],[""limit"",""mage""],[""action"",""86""],[""image"",""passive039""],[""desc"",""#nThe Mystery skills of Son of the sky which improves Evasion.""],[""ability"",""#nOn-evasion point increases by %1!d!.""],[""parameter"",""1"",[""mul"",""skill_level"",""6""]],[""level"",""81"",""0""],[""grade"",""0"",""0""],[""maxlevel"",""20"",""0""],[""type"",""passive"",""etc""],[""compare"",""1"",""0""],[""compare"",""2"",""0""],[""compare"",""3"",""0""],[""compare"",""4"",""0""],[""motion"",""0"",""0"",""none""],[""damagetype"",""0""],[""property"",""0"",""0"",""1"",""2"",""3"",""0"",""0"",""0"",""1""]]",bango-file,jobsystem.dat,3659
Mystery skill of Defense,1,,#nThe Mystery skills of Son of the sky which improves Defense.,,passive039,,,#nOn-defense point increases by %1!d!.,,,0,0,0,0,,,mage-87,1,"[""mage""]","[""87""]","[""81"",""0""]","[""0"",""0""]","[""20"",""0""]","[""passive"",""etc""]","[""0"",""0"",""1"",""2"",""3"",""0"",""0"",""0"",""1""]","[[""parameter"",""1"",[""plus"",""31"",[""mul"",""7"",[""minus"",""skill_level"",""1""]]]]]","[""31 7 skill_level 1 - * +""]","[[""compare"",""1"",""0""],[""compare"",""2"",""0""],[""compare"",""3"",""0""],[""compare"",""4"",""0""]]","[""0""]","[""0""]","[""0""]","[""0""]","{""1"":""verified-ability-text-and-gitbook"",""2"":""gitbook-verified-for-class"",""3"":""gitbook-verified-for-class"",""4"":""gitbook-verified-for-class""}",[],"[""skill"",[""key"",""mage-87""],[""name"",""Mystery skill of Defense""],[""limit"",""mage""],[""action"",""87""],[""image"",""passive039""],[""desc"",""#nThe Mystery skills of Son of the sky which improves Defense.""],[""ability"",""#nOn-defense point increases by %1!d!.""],[""parameter"",""1"",[""plus"",""31"",[""mul"",""7"",[""minus"",""skill_level"",""1""]]]],[""level"",""81"",""0""],[""grade"",""0"",""0""],[""maxlevel"",""20"",""0""],[""type"",""passive"",""etc""],[""compare"",""1"",""0""],[""compare"",""2"",""0""],[""compare"",""3"",""0""],[""compare"",""4"",""0""],[""motion"",""0"",""0"",""none""],[""damagetype"",""0""],[""property"",""0"",""0"",""1"",""2"",""3"",""0"",""0"",""0"",""1""]]",bango-file,jobsystem.dat,3682
Walk on the Air,,,"#n It is faster than the Skill Run. Plus,#n its speed gets increased as well.#n When the player is in a situation of reiteration,#n use of this skill will be stopped.#n A situation that is not possible for the reiteration :#n Run, Speed Up, Emergency Escape, Potion of Increase#n Buff for Speed of Movement.",,active178,,,,,,6,,,,,,mage-88,1,"[""mage""]","[""88""]","[""91"",""0""]",[],"[""10"",""0""]","[""chant"",""once""]","[""1000"",""0"",""0"",""0"",""0"",""0"",""0"",""0""]",[],[],"[[""compare"",""1"",""6""]]","[""6""]",[],[],[],"{""1"":""verified-ability-text-and-gitbook""}",[],"[""skill"",[""key"",""mage-88""],[""name"",""Walk on the Air""],[""limit"",""mage""],[""action"",""88""],[""image"",""active178""],[""desc"",""#n It is faster than the Skill Run. Plus,#n its speed gets increased as well.#n When the player is in a situation of reiteration,#n use of this skill will be stopped.#n A situation that is not possible for the reiteration :#n Run, Speed Up, Emergency Escape, Potion of Increase#n Buff for Speed of Movement.""],[""level"",""91"",""0""],[""maxlevel"",""10"",""0""],[""property"",""1000"",""0"",""0"",""0"",""0"",""0"",""0"",""0""],[""type"",""chant"",""once""],[""battleride"",""0""],[""compare"",""1"",""6""],[""awakenskill"",""1""]]",bango-file,jobsystem.dat,3704
Evolution of Mana Circulation,1,,#n Health and energy recover faster#n than the Skill Rest.,,passive040,,,,,,0,0,0,0,,,mage-89,1,"[""mage""]","[""89""]","[""91"",""0""]","[""11"",""1""]","[""10"",""0""]","[""passive"",""etc""]","[""0"",""0"",""1"",""1"",""9"",""0"",""0"",""0""]",[],[],"[[""compare"",""1"",""0""],[""compare"",""2"",""0""],[""compare"",""3"",""0""],[""compare"",""4"",""0""]]","[""0""]","[""0""]","[""0""]","[""0""]","{""1"":""verified-ability-text-and-gitbook"",""2"":""gitbook-verified-for-class"",""3"":""gitbook-verified-for-class"",""4"":""gitbook-verified-for-class""}",[],"[""skill"",[""key"",""mage-89""],[""name"",""Evolution of Mana Circulation""],[""limit"",""mage""],[""action"",""89""],[""image"",""passive040""],[""desc"",""#n Health and energy recover faster#n than the Skill Rest.""],[""level"",""91"",""0""],[""grade"",""11"",""1""],[""maxlevel"",""10"",""0""],[""type"",""passive"",""etc""],[""compare"",""1"",""0""],[""compare"",""2"",""0""],[""compare"",""3"",""0""],[""compare"",""4"",""0""],[""motion"",""0"",""0"",""none""],[""damagetype"",""0""],[""property"",""0"",""0"",""1"",""1"",""9"",""0"",""0"",""0""],[""awakenskill"",""1""]]",bango-file,jobsystem.dat,3718
Punishment,2,,#nAttack the target of powerful Thundrstroke#n by using condensed awaken power.,,active183,,,,,,300 20 skill_level 1 - * -,0,1000 200 20 skill_level 1 - * - *,180,,,mage-90,1,"[""mage""]","[""90""]","[""91"",""96"",""101"",""0""]","[""23"",""1""]","[""1"",""2"",""3"",""0""]","[""active"",""use""]","[""1"",""1"",""0"",""0"",""0"",""0"",""5"",""0""]",[],[],"[[""compare"",""1"",[""minus"",""300"",[""mul"",""20"",[""minus"",""skill_level"",""1""]]]],[""compare"",""2"",""180""],[""compare"",""3"",""0""],[""compare"",""4"",[""mul"",""1000"",[""minus"",""200"",[""mul"",""20"",[""minus"",""skill_level"",""1""]]]]]]","[""300 20 skill_level 1 - * -""]","[""180""]","[""0""]","[""1000 200 20 skill_level 1 - * - *""]","{""1"":""verified-ability-text-and-gitbook"",""2"":""gitbook-verified-for-class"",""3"":""gitbook-verified-for-class"",""4"":""gitbook-verified-for-class""}",[],"[""skill"",[""key"",""mage-90""],[""name"",""Punishment""],[""limit"",""mage""],[""action"",""90""],[""image"",""active183""],[""desc"",""#nAttack the target of powerful Thundrstroke#n by using condensed awaken power.""],[""level"",""91"",""96"",""101"",""0""],[""grade"",""23"",""1""],[""maxlevel"",""1"",""2"",""3"",""0""],[""type"",""active"",""use""],[""compare"",""1"",[""minus"",""300"",[""mul"",""20"",[""minus"",""skill_level"",""1""]]]],[""compare"",""2"",""180""],[""compare"",""3"",""0""],[""compare"",""4"",[""mul"",""1000"",[""minus"",""200"",[""mul"",""20"",[""minus"",""skill_level"",""1""]]]]],[""motion"",""0"",""17"",""none""],[""ridemotion"",""14"",""15"",""none""],[""battleride"",""1""],[""effect"","""","""",""""],[""damagetype"",""1""],[""property"",""1"",""1"",""0"",""0"",""0"",""0"",""5"",""0""],[""awakenskill"",""1""]]",bango-file,jobsystem.dat,3739
Incapacitation,2,,"#n Decrease the defense within its range of#n the target. Then, incapacitate the buff#n skill that is already applied#n to the certain probability.#n (Exercised only through the characters.) ",,active184,,,,,,1.85 200 skill_level 20 skill_level 1 - + * + *,0,1000 200 20 skill_level 1 - * - *,64,,,mage-91,1,"[""mage""]","[""91""]","[""91"",""96"",""101"",""0""]","[""43"",""1""]","[""1"",""2"",""3"",""0""]","[""active"",""once""]","[""1"",""1"",""0"",""0"",""0"",""0"",""5"",""0""]",[],[],"[[""compare"",""1"",[""mul"",""1.85"",[""plus"",""200"",[""mul"",""skill_level"",[""plus"",""20"",[""minus"",""skill_level"",""1""]]]]]],[""compare"",""2"",""64""],[""compare"",""3"",""0""],[""compare"",""4"",[""mul"",""1000"",[""minus"",""200"",[""mul"",""20"",[""minus"",""skill_level"",""1""]]]]]]","[""1.85 200 skill_level 20 skill_level 1 - + * + *""]","[""64""]","[""0""]","[""1000 200 20 skill_level 1 - * - *""]","{""1"":""verified-ability-text-and-gitbook"",""2"":""gitbook-verified-for-class"",""3"":""gitbook-verified-for-class"",""4"":""gitbook-verified-for-class""}",[],"[""skill"",[""key"",""mage-91""],[""name"",""Incapacitation""],[""limit"",""mage""],[""action"",""91""],[""image"",""active184""],[""desc"",""#n Decrease the defense within its range of#n the target. Then, incapacitate the buff#n skill that is already applied#n to the certain probability.#n (Exercised only through the characters.) ""],[""level"",""91"",""96"",""101"",""0""],[""grade"",""43"",""1""],[""maxlevel"",""1"",""2"",""3"",""0""],[""type"",""active"",""once""],[""compare"",""1"",[""mul"",""1.85"",[""plus"",""200"",[""mul"",""skill_level"",[""plus"",""20"",[""minus"",""skill_level"",""1""]]]]]],[""compare"",""2"",""64""],[""compare"",""3"",""0""],[""compare"",""4"",[""mul"",""1000"",[""minus"",""200"",[""mul"",""20"",[""minus"",""skill_level"",""1""]]]]],[""motion"",""0"",""17"",""none""],[""ridemotion"",""14"",""15"",""none""],[""battleride"",""1""],[""effect"","""","""",""""],[""damagetype"",""1""],[""property"",""1"",""1"",""0"",""0"",""0"",""0"",""5"",""0""],[""awakenskill"",""1""]]",bango-file,jobsystem.dat,3761
Releasing the Energy,2,,#n Decrease Execution time of skill of fire type for a certain period of time.#nIncrease the rate of ice type skill freezing (Decrease the speed of movement) for a certain period of time.#nIncrease the attack power of lightning type for a certain period of time.,,active191,,,#nLasting Time: %1!d!,,,120 char_level 4 * +,0,1000 320 20 skill_level 1 - * - *,0,,,mage-92,1,"[""mage""]","[""92""]","[""91"",""96"",""101"",""0""]","[""23"",""1""]","[""1"",""2"",""3"",""0""]","[""active"",""once""]","[""1"",""1"",""0"",""0"",""0"",""0"",""5"",""0""]","[[""parameter"",""1"",[""plus"",""15"",[""mul"",""skill_level"",""5""]]]]","[""15 skill_level 5 * +""]","[[""compare"",""1"",[""plus"",""120"",[""mul"",""char_level"",""4""]]],[""compare"",""2"",""0""],[""compare"",""3"",""0""],[""compare"",""4"",[""mul"",""1000"",[""minus"",""320"",[""mul"",""20"",[""minus"",""skill_level"",""1""]]]]]]","[""120 char_level 4 * +""]","[""0""]","[""0""]","[""1000 320 20 skill_level 1 - * - *""]","{""1"":""verified-ability-text-and-gitbook"",""2"":""gitbook-verified-for-class"",""3"":""gitbook-verified-for-class"",""4"":""gitbook-verified-for-class""}",[],"[""skill"",[""key"",""mage-92""],[""name"",""Releasing the Energy""],[""limit"",""mage""],[""action"",""92""],[""image"",""active191""],[""desc"",""#n Decrease Execution time of skill of fire type for a certain period of time.#nIncrease the rate of ice type skill freezing (Decrease the speed of movement) for a certain period of time.#nIncrease the attack power of lightning type for a certain period of time.""],[""ability"",""#nLasting Time: %1!d!""],[""parameter"",""1"",[""plus"",""15"",[""mul"",""skill_level"",""5""]]],[""level"",""91"",""96"",""101"",""0""],[""grade"",""23"",""1""],[""maxlevel"",""1"",""2"",""3"",""0""],[""type"",""active"",""once""],[""compare"",""1"",[""plus"",""120"",[""mul"",""char_level"",""4""]]],[""compare"",""2"",""0""],[""compare"",""3"",""0""],[""compare"",""4"",[""mul"",""1000"",[""minus"",""320"",[""mul"",""20"",[""minus"",""skill_level"",""1""]]]]],[""motion"",""0"",""19"",""none""],[""ridemotion"",""14"",""15"",""none""],[""battleride"",""1""],[""effect"","""","""",""""],[""damagetype"",""1""],[""property"",""1"",""1"",""0"",""0"",""0"",""0"",""5"",""0""],[""awakenskill"",""1""]]",bango-file,jobsystem.dat,3783
Bombing,2,,#n Give damage of non-type that is under#n the certain magical attack power to#n designated target.,,active192,,,,,,180 1.25 skill_level char_level skill_level + * * +,0,1000 300 20 skill_level 1 - * - *,64,,,mage-93,1,"[""mage""]","[""93""]","[""91"",""96"",""101"",""0""]","[""43"",""1""]","[""1"",""2"",""3"",""0""]","[""active"",""once""]","[""1"",""1"",""0"",""0"",""0"",""0"",""5"",""0""]",[],[],"[[""compare"",""1"",[""plus"",""180"",[""mul"",""1.25"",[""mul"",""skill_level"",[""plus"",""char_level"",""skill_level""]]]]],[""compare"",""2"",""64""],[""compare"",""3"",""0""],[""compare"",""4"",[""mul"",""1000"",[""minus"",""300"",[""mul"",""20"",[""minus"",""skill_level"",""1""]]]]]]","[""180 1.25 skill_level char_level skill_level + * * +""]","[""64""]","[""0""]","[""1000 300 20 skill_level 1 - * - *""]","{""1"":""verified-ability-text-and-gitbook"",""2"":""gitbook-verified-for-class"",""3"":""gitbook-verified-for-class"",""4"":""gitbook-verified-for-class""}",[],"[""skill"",[""key"",""mage-93""],[""name"",""Bombing""],[""limit"",""mage""],[""action"",""93""],[""image"",""active192""],[""desc"",""#n Give damage of non-type that is under#n the certain magical attack power to#n designated target.""],[""level"",""91"",""96"",""101"",""0""],[""grade"",""43"",""1""],[""maxlevel"",""1"",""2"",""3"",""0""],[""type"",""active"",""once""],[""compare"",""1"",[""plus"",""180"",[""mul"",""1.25"",[""mul"",""skill_level"",[""plus"",""char_level"",""skill_level""]]]]],[""compare"",""2"",""64""],[""compare"",""3"",""0""],[""compare"",""4"",[""mul"",""1000"",[""minus"",""300"",[""mul"",""20"",[""minus"",""skill_level"",""1""]]]]],[""motion"",""0"",""8"",""none""],[""ridemotion"",""2"",""3"",""none""],[""battleride"",""1""],[""effect"","""","""",""""],[""damagetype"",""1""],[""property"",""1"",""1"",""0"",""0"",""0"",""0"",""5"",""0""],[""awakenskill"",""1""]]",bango-file,jobsystem.dat,3807
Attack of Dark Shadow,1,,#n Give the Critical Hit when you are#n satisfied with the certain number of hit ,,passive041,,,,,,0,0,0,0,,,mage-94,1,"[""mage""]","[""94""]","[""96"",""0""]","[""11"",""1""]","[""2"",""0""]","[""passive"",""etc""]","[""0"",""0"",""1"",""1"",""9"",""0"",""0"",""0""]",[],[],"[[""compare"",""1"",""0""],[""compare"",""2"",""0""],[""compare"",""3"",""0""],[""compare"",""4"",""0""]]","[""0""]","[""0""]","[""0""]","[""0""]","{""1"":""verified-ability-text-and-gitbook"",""2"":""gitbook-verified-for-class"",""3"":""gitbook-verified-for-class"",""4"":""gitbook-verified-for-class""}",[],"[""skill"",[""key"",""mage-94""],[""name"",""Attack of Dark Shadow""],[""limit"",""mage""],[""action"",""94""],[""image"",""passive041""],[""desc"",""#n Give the Critical Hit when you are#n satisfied with the certain number of hit ""],[""level"",""96"",""0""],[""grade"",""11"",""1""],[""maxlevel"",""2"",""0""],[""type"",""passive"",""etc""],[""compare"",""1"",""0""],[""compare"",""2"",""0""],[""compare"",""3"",""0""],[""compare"",""4"",""0""],[""motion"",""0"",""8"",""none""],[""damagetype"",""0""],[""property"",""0"",""0"",""1"",""1"",""9"",""0"",""0"",""0""],[""awakenskill"",""1""]]",bango-file,jobsystem.dat,3829
Bow Mastery,1,,#nUse a bow more effectively.,,passive005,,,#nMin Attack Point + %1!d! Max Attack Point + %2!d!,,,,,,,,,archer-2,1,"[""archer""]","[""2""]","[""1"",""0""]","[""1"",""0""]","[""10"",""0""]","[""passive"",""etc""]","[""2"",""1"",""1"",""1"",""9"",""0""]","[[""parameter"",""1"",[""div"",""skill_level"",""2""]],[""parameter"",""2"",""skill_level""]]","[""skill_level 2 /"",""skill_level""]",[],[],[],[],[],{},[],"[""skill"",[""key"",""archer-2""],[""name"",""Bow Mastery""],[""limit"",""archer""],[""action"",""2""],[""image"",""passive005""],[""desc"",""#nUse a bow more effectively.""],[""ability"",""#nMin Attack Point + %1!d! Max Attack Point + %2!d!""],[""parameter"",""1"",[""div"",""skill_level"",""2""]],[""parameter"",""2"",""skill_level""],[""level"",""1"",""0""],[""grade"",""1"",""0""],[""maxlevel"",""10"",""0""],[""type"",""passive"",""etc""],[""property"",""2"",""1"",""1"",""1"",""9"",""0""]]",bango-file,jobsystem.dat,3854
Staggering Blow,2,,#nDraw a bow longer#nfor more powful attack.,,active007,,,#nAdd. Attack Poit + %1!d!#nAdd. On-target Point + %2!d!#nHostility 100 %% Increase#nChance of Fatal Blow 10 %% Increase#nEnergy used : %3!d!,,,16 skill_level 3 * +,3000 skill_level 100 * -,0,weapon_range,,,archer-3,1,"[""archer""]","[""3""]","[""5"",""0""]","[""1"",""0""]","[""10"",""0""]","[""active"",""use""]","[""2"",""1"",""0"",""0"",""0"",""5""]","[[""parameter"",""1"",[""plus"",""50"",[""div"",[""mul"",""skill_level"",[""div"",[""mul"",""char_dex"",""7""],""4""]],""2""]]],[""parameter"",""2"",[""div"",""skill_level"",""2""]],[""parameter"",""3"",[""plus"",""16"",[""mul"",""skill_level"",""3""]]]]","[""50 skill_level char_dex 7 * 4 / * 2 / +"",""skill_level 2 /"",""16 skill_level 3 * +""]","[[""compare"",""1"",[""plus"",""16"",[""mul"",""skill_level"",""3""]]],[""compare"",""2"",""weapon_range""],[""compare"",""3"",[""minus"",""3000"",[""mul"",""skill_level"",""100""]]],[""compare"",""4"",""0""]]","[""16 skill_level 3 * +""]","[""weapon_range""]","[""3000 skill_level 100 * -""]","[""0""]","{""1"":""verified-ability-text-and-gitbook"",""2"":""gitbook-verified-for-class"",""3"":""gitbook-verified-for-class"",""4"":""gitbook-verified-for-class""}",[],"[""skill"",[""key"",""archer-3""],[""name"",""Staggering Blow""],[""limit"",""archer""],[""action"",""3""],[""image"",""active007""],[""desc"",""#nDraw a bow longer#nfor more powful attack.""],[""ability"",""#nAdd. Attack Poit + %1!d!#nAdd. On-target Point + %2!d!#nHostility 100 %% Increase#nChance of Fatal Blow 10 %% Increase#nEnergy used : %3!d!""],[""parameter"",""1"",[""plus"",""50"",[""div"",[""mul"",""skill_level"",[""div"",[""mul"",""char_dex"",""7""],""4""]],""2""]]],[""parameter"",""2"",[""div"",""skill_level"",""2""]],[""parameter"",""3"",[""plus"",""16"",[""mul"",""skill_level"",""3""]]],[""maxparamvalue"",""1"",""900""],[""level"",""5"",""0""],[""grade"",""1"",""0""],[""maxlevel"",""10"",""0""],[""type"",""active"",""use""],[""compare"",""1"",[""plus"",""16"",[""mul"",""skill_level"",""3""]]],[""compare"",""2"",""weapon_range""],[""compare"",""3"",[""minus"",""3000"",[""mul"",""skill_level"",""100""]]],[""compare"",""4"",""0""],[""motion"",""2"",""3"",""none""],[""ridemotion"",""2"",""3"",""none""],[""battleride"",""1""],[""effect"",""Skill_M_3_0"","""",""""],[""sound"",""efs016_L"","""",""""],[""damagetype"",""1""],[""property"",""2"",""1"",""0"",""0"",""0"",""5""]]",bango-file,jobsystem.dat,3870
Passive Attack,2,,#nSkill that decreases the opponent's hostility.,,active014,,,#nEnergy used : %1!d!,,,skill_level 2 *,0,800,weapon_range,,,archer-4,1,"[""archer""]","[""4""]","[""18"",""0""]","[""1"",""0""]","[""3"",""0""]","[""active"",""use""]","[""2"",""1"",""0"",""0"",""0"",""5""]","[[""parameter"",""1"",[""mul"",""skill_level"",""2""]]]","[""skill_level 2 *""]","[[""compare"",""1"",[""mul"",""skill_level"",""2""]],[""compare"",""2"",""weapon_range""],[""compare"",""3"",""0""],[""compare"",""4"",""800""]]","[""skill_level 2 *""]","[""weapon_range""]","[""0""]","[""800""]","{""1"":""verified-ability-text-and-gitbook"",""2"":""gitbook-verified-for-class"",""3"":""gitbook-verified-for-class"",""4"":""gitbook-verified-for-class""}",[],"[""skill"",[""key"",""archer-4""],[""name"",""Passive Attack""],[""limit"",""archer""],[""action"",""4""],[""image"",""active014""],[""desc"",""#nSkill that decreases the opponent's hostility.""],[""ability"",""#nEnergy used : %1!d!""],[""parameter"",""1"",[""mul"",""skill_level"",""2""]],[""level"",""18"",""0""],[""grade"",""1"",""0""],[""maxlevel"",""3"",""0""],[""type"",""active"",""use""],[""compare"",""1"",[""mul"",""skill_level"",""2""]],[""compare"",""2"",""weapon_range""],[""compare"",""3"",""0""],[""compare"",""4"",""800""],[""motion"",""0"",""4"",""attackauto""],[""ridemotion"",""2"",""3"",""none""],[""battleride"",""1""],[""effect"","""","""",""""],[""damagetype"",""1""],[""property"",""2"",""1"",""0"",""0"",""0"",""5""]]",bango-file,jobsystem.dat,3896
Concentration,1,,#nConcentrate mind for incresing the on-target point#npermanently.,,passive006,,,#nOn-target Point + %1!d!,,,,,,,,,archer-5,1,"[""archer""]","[""5""]","[""15"",""0""]","[""1"",""0""]","[""10"",""0""]","[""passive"",""etc""]","[""2"",""1"",""1"",""1"",""9"",""0""]","[[""parameter"",""1"",[""mul"",""skill_level"",""2""]]]","[""skill_level 2 *""]",[],[],[],[],[],{},[],"[""skill"",[""key"",""archer-5""],[""name"",""Concentration""],[""limit"",""archer""],[""action"",""5""],[""image"",""passive006""],[""desc"",""#nConcentrate mind for incresing the on-target point#npermanently.""],[""ability"",""#nOn-target Point + %1!d!""],[""parameter"",""1"",[""mul"",""skill_level"",""2""]],[""level"",""15"",""0""],[""grade"",""1"",""0""],[""maxlevel"",""10"",""0""],[""type"",""passive"",""etc""],[""property"",""2"",""1"",""1"",""1"",""9"",""0""]]",bango-file,jobsystem.dat,3918
Flamy Arrow,2,,#nShoot the arrow with flame#nto the opponent continuously.,,active011,,,#nAdd. Attack Point + %1!d!#nAdd. On-target Point + %2!d!#nEnergy used : %3!d!,,,4 skill_level +,800,0,weapon_range,,,archer-6,1,"[""archer""]","[""6""]","[""30"",""0""]","[""3"",""0""]","[""5"",""0""]","[""active"",""use""]","[""2"",""1"",""0"",""0"",""0"",""5""]","[[""parameter"",""1"",[""mul"",""skill_level"",""12""]],[""parameter"",""2"",[""mul"",""skill_level"",""2""]],[""parameter"",""3"",[""plus"",""4"",""skill_level""]]]","[""skill_level 12 *"",""skill_level 2 *"",""4 skill_level +""]","[[""compare"",""1"",[""plus"",""4"",""skill_level""]],[""compare"",""2"",""weapon_range""],[""compare"",""3"",""800""],[""compare"",""4"",""0""]]","[""4 skill_level +""]","[""weapon_range""]","[""800""]","[""0""]","{""1"":""verified-ability-text-and-gitbook"",""2"":""gitbook-verified-for-class"",""3"":""gitbook-verified-for-class"",""4"":""gitbook-verified-for-class""}",[],"[""skill"",[""key"",""archer-6""],[""name"",""Flamy Arrow""],[""limit"",""archer""],[""action"",""6""],[""image"",""active011""],[""desc"",""#nShoot the arrow with flame#nto the opponent continuously.""],[""ability"",""#nAdd. Attack Point + %1!d!#nAdd. On-target Point + %2!d!#nEnergy used : %3!d!""],[""parameter"",""1"",[""mul"",""skill_level"",""12""]],[""parameter"",""2"",[""mul"",""skill_level"",""2""]],[""parameter"",""3"",[""plus"",""4"",""skill_level""]],[""level"",""30"",""0""],[""grade"",""3"",""0""],[""maxlevel"",""5"",""0""],[""type"",""active"",""use""],[""compare"",""1"",[""plus"",""4"",""skill_level""]],[""compare"",""2"",""weapon_range""],[""compare"",""3"",""800""],[""compare"",""4"",""0""],[""motion"",""2"",""3"",""attackauto""],[""ridemotion"",""2"",""3"",""attackauto""],[""battleride"",""1""],[""effect"",""Skill_M_6_0"","""",""""],[""damagetype"",""1""],[""property"",""2"",""1"",""0"",""0"",""0"",""5""]]",bango-file,jobsystem.dat,3933
Chance Capture,2,,#nIncrease the chance of Fatal Blow#nwith its potential power.,,passive011,,,#nchance of Fatal Blow + %1!d! %%#nAdd. On-target Point + %2!d!,,,56,0,60000,,,,archer-7,1,"[""archer""]","[""7""]","[""30"",""35"",""40"",""45"",""50"",""0""]","[""3"",""1""]","[""1"",""2"",""3"",""4"",""5"",""0""]","[""active"",""once""]","[""2"",""1"",""1"",""0"",""3"",""0""]","[[""parameter"",""1"",[""plus"",""3"",[""mul"",""skill_level"",""2""]]],[""parameter"",""2"",""skill_level""]]","[""3 skill_level 2 * +"",""skill_level""]","[[""compare"",""1"",""56""],[""compare"",""3"",""0""],[""compare"",""4"",""60000""]]","[""56""]",[],"[""0""]","[""60000""]","{""1"":""verified-ability-text-and-gitbook"",""3"":""gitbook-verified-for-class"",""4"":""gitbook-verified-for-class""}",[],"[""skill"",[""key"",""archer-7""],[""name"",""Chance Capture""],[""limit"",""archer""],[""action"",""7""],[""image"",""passive011""],[""bmpname"",""passive011"",""passive011"",""passive011"",""passive011"",""passive011"",""""],[""desc"",""#nIncrease the chance of Fatal Blow#nwith its potential power.""],[""ability"",""#nchance of Fatal Blow + %1!d! %%#nAdd. On-target Point + %2!d!""],[""parameter"",""1"",[""plus"",""3"",[""mul"",""skill_level"",""2""]]],[""parameter"",""2"",""skill_level""],[""level"",""30"",""35"",""40"",""45"",""50"",""0""],[""grade"",""3"",""1""],[""maxlevel"",""1"",""2"",""3"",""4"",""5"",""0""],[""compare"",""1"",""56""],[""compare"",""3"",""0""],[""compare"",""4"",""60000""],[""type"",""active"",""once""],[""damagetype"",""0""],[""ridemotion"",""0"",""4"",""attackauto""],[""battleride"",""1""],[""property"",""2"",""1"",""1"",""0"",""3"",""0""]]",bango-file,jobsystem.dat,3957
Perfect Evasion,1,,#nEvade opponent's physical attack perfectly.,,passive012,,,#nChance Perfect Evasion+ %1!d! %%,,,,,,,,,archer-8,1,"[""archer""]","[""8""]","[""38"",""0""]","[""3"",""0""]","[""10"",""0""]","[""passive"",""etc""]","[""2"",""1"",""1"",""1"",""9"",""0""]","[[""parameter"",""1"",[""plus"",""skill_level"",""7""]]]","[""skill_level 7 +""]",[],[],[],[],[],{},[],"[""skill"",[""key"",""archer-8""],[""name"",""Perfect Evasion""],[""limit"",""archer""],[""action"",""8""],[""image"",""passive012""],[""desc"",""#nEvade opponent's physical attack perfectly.""],[""ability"",""#nChance Perfect Evasion+ %1!d! %%""],[""parameter"",""1"",[""plus"",""skill_level"",""7""]],[""level"",""38"",""0""],[""grade"",""3"",""0""],[""maxlevel"",""10"",""0""],[""type"",""passive"",""etc""],[""property"",""2"",""1"",""1"",""1"",""9"",""0""]]",bango-file,jobsystem.dat,3978
Heart Breaker,2,,#nPut the arrow deeply to stop the opponent for a while.,,active035,,,#nAdd. Attack Point + %1!d!#nAdd. On-target Point + %2!d!#nHostility 50 %% Increase#nEnergy used : %3!d!#n,,,50 skill_level +,3000 skill_level 100 * -,0,weapon_range,,,archer-9,1,"[""archer""]","[""9""]","[""26"",""0""]","[""1"",""0""]","[""5"",""0""]","[""active"",""use""]","[""2"",""1"",""0"",""0"",""4"",""5""]","[[""parameter"",""1"",[""mul"",""skill_level"",""12""]],[""parameter"",""2"",[""mul"",""skill_level"",""2""]],[""parameter"",""3"",[""plus"",""50"",""skill_level""]]]","[""skill_level 12 *"",""skill_level 2 *"",""50 skill_level +""]","[[""compare"",""1"",[""plus"",""50"",""skill_level""]],[""compare"",""2"",""weapon_range""],[""compare"",""3"",[""minus"",""3000"",[""mul"",""skill_level"",""100""]]],[""compare"",""4"",""0""]]","[""50 skill_level +""]","[""weapon_range""]","[""3000 skill_level 100 * -""]","[""0""]","{""1"":""verified-ability-text-and-gitbook"",""2"":""gitbook-verified-for-class"",""3"":""gitbook-verified-for-class"",""4"":""gitbook-verified-for-class""}","[[""condition"",""3"",""5""]]","[""skill"",[""key"",""archer-9""],[""name"",""Heart Breaker""],[""limit"",""archer""],[""action"",""9""],[""image"",""active035""],[""desc"",""#nPut the arrow deeply to stop the opponent for a while.""],[""ability"",""#nAdd. Attack Point + %1!d!#nAdd. On-target Point + %2!d!#nHostility 50 %% Increase#nEnergy used : %3!d!#n""],[""parameter"",""1"",[""mul"",""skill_level"",""12""]],[""parameter"",""2"",[""mul"",""skill_level"",""2""]],[""parameter"",""3"",[""plus"",""50"",""skill_level""]],[""level"",""26"",""0""],[""grade"",""1"",""0""],[""maxlevel"",""5"",""0""],[""condition"",""3"",""5""],[""compare"",""1"",[""plus"",""50"",""skill_level""]],[""compare"",""2"",""weapon_range""],[""compare"",""3"",[""minus"",""3000"",[""mul"",""skill_level"",""100""]]],[""compare"",""4"",""0""],[""type"",""active"",""use""],[""motion"",""2"",""4"",""none""],[""ridemotion"",""2"",""3"",""none""],[""battleride"",""1""],[""effect"",""Skill_M_3_0"","""",""""],[""sound"",""efs016_L"","""",""""],[""damagetype"",""1""],[""property"",""2"",""1"",""0"",""0"",""4"",""5""]]",bango-file,jobsystem.dat,3993
Muscle Solidation,2,,#nSolidate muscles for increasing Min attack point for a while.,,active036,,,#nMin Attack Point + 5#nEnergy used : 92,,,92,0,90000,,,,archer-10,1,"[""archer""]","[""10""]","[""42"",""0""]","[""3"",""0""]","[""1"",""0""]","[""active"",""once""]","[""2"",""1"",""1"",""0"",""3"",""0""]",[],[],"[[""compare"",""1"",""92""],[""compare"",""3"",""0""],[""compare"",""4"",""90000""]]","[""92""]",[],"[""0""]","[""90000""]","{""1"":""verified-ability-text-and-gitbook"",""3"":""gitbook-verified-for-class"",""4"":""gitbook-verified-for-class""}",[],"[""skill"",[""key"",""archer-10""],[""name"",""Muscle Solidation""],[""limit"",""archer""],[""action"",""10""],[""image"",""active036""],[""desc"",""#nSolidate muscles for increasing Min attack point for a while.""],[""ability"",""#nMin Attack Point + 5#nEnergy used : 92""],[""level"",""42"",""0""],[""grade"",""3"",""0""],[""maxlevel"",""1"",""0""],[""compare"",""1"",""92""],[""compare"",""3"",""0""],[""compare"",""4"",""90000""],[""type"",""active"",""once""],[""ridemotion"",""0"",""4"",""none""],[""battleride"",""1""],[""damagetype"",""0""],[""property"",""2"",""1"",""1"",""0"",""3"",""0""]]",bango-file,jobsystem.dat,4019
Fatal Blow,1,,#n Additional damage to the normal attack#nwill be operating.,,passive007,,,#n Chance of Operation : %1!d! %% Add. Attack : %2!d! %%,,,,,,,,,archer-11,1,"[""archer""]","[""12""]","[""10"",""34"",""47"",""0""]","[""1"",""0""]","[""5"",""10"",""15"",""0""]","[""passive"",""etc""]","[""2"",""1"",""1"",""1"",""9"",""0""]","[[""parameter"",""1"",""skill_level""],[""parameter"",""2"",[""plus"",""50"",[""mul"",""skill_level"",""2""]]]]","[""skill_level"",""50 skill_level 2 * +""]",[],[],[],[],[],{},[],"[""skill"",[""key"",""archer-11""],[""name"",""Fatal Blow""],[""limit"",""archer""],[""action"",""12""],[""image"",""passive007""],[""desc"",""#n Additional damage to the normal attack#nwill be operating.""],[""ability"",""#n Chance of Operation : %1!d! %% Add. Attack : %2!d! %%""],[""parameter"",""1"",""skill_level""],[""parameter"",""2"",[""plus"",""50"",[""mul"",""skill_level"",""2""]]],[""maxparamvalue"",""1"",""10""],[""level"",""10"",""34"",""47"",""0""],[""grade"",""1"",""0""],[""maxlevel"",""5"",""10"",""15"",""0""],[""type"",""passive"",""etc""],[""property"",""2"",""1"",""1"",""1"",""9"",""0""]]",bango-file,jobsystem.dat,4037
Poison Arrow,2,,#nUse poison on the end of the arrow.#nPoison item is needed for using.,,active037,,,#nAdd. Damage + %1!d!#nContinuous Time %2!d! Sec#nEnergy used : 15,,,15,1500,0,weapon_range,,,archer-12,1,"[""archer""]","[""13""]","[""43"",""0""]","[""3"",""0""]","[""5"",""0""]","[""active"",""use""]","[""2"",""1"",""0"",""0"",""4"",""5""]","[[""parameter"",""1"",[""plus"",""char_level"",[""mul"",""skill_level"",""10""]]],[""parameter"",""2"",[""plus"",""10"",[""mul"",""skill_level"",""10""]]]]","[""char_level skill_level 10 * +"",""10 skill_level 10 * +""]","[[""compare"",""1"",""15""],[""compare"",""2"",""weapon_range""],[""compare"",""3"",""1500""],[""compare"",""4"",""0""]]","[""15""]","[""weapon_range""]","[""1500""]","[""0""]","{""1"":""verified-ability-text-and-gitbook"",""2"":""gitbook-verified-for-class"",""3"":""gitbook-verified-for-class"",""4"":""gitbook-verified-for-class""}",[],"[""skill"",[""key"",""archer-12""],[""name"",""Poison Arrow""],[""limit"",""archer""],[""action"",""13""],[""image"",""active037""],[""desc"",""#nUse poison on the end of the arrow.#nPoison item is needed for using.""],[""ability"",""#nAdd. Damage + %1!d!#nContinuous Time %2!d! Sec#nEnergy used : 15""],[""parameter"",""1"",[""plus"",""char_level"",[""mul"",""skill_level"",""10""]]],[""parameter"",""2"",[""plus"",""10"",[""mul"",""skill_level"",""10""]]],[""level"",""43"",""0""],[""grade"",""3"",""0""],[""maxlevel"",""5"",""0""],[""compare"",""1"",""15""],[""compare"",""2"",""weapon_range""],[""compare"",""3"",""1500""],[""compare"",""4"",""0""],[""type"",""active"",""use""],[""motion"",""2"",""4"",""none""],[""ridemotion"",""2"",""3"",""none""],[""battleride"",""1""],[""damagetype"",""3""],[""targetkind"",""1"",""2""],[""property"",""2"",""1"",""0"",""0"",""4"",""5""]]",bango-file,jobsystem.dat,4054
Blow-up Arrow,2,,#nArrow blows up after the arrow gets on target.,,active038,,,#nAdd. Attack Point + %1!d!#nAdd. On-rarget Point + %2!d!#nHostility 75 %% Increase#nEnergy used : %3!d!,,,8 skill_level 3 * 2 / +,800,0,weapon_range,,,archer-13,1,"[""archer""]","[""14""]","[""46"",""0""]","[""3"",""0""]","[""5"",""0""]","[""active"",""use""]","[""2"",""1"",""0"",""0"",""0"",""5""]","[[""parameter"",""1"",[""mul"",""skill_level"",""19""]],[""parameter"",""2"",[""mul"",""skill_level"",""2""]],[""parameter"",""3"",[""plus"",""8"",[""div"",[""mul"",""skill_level"",""3""],""2""]]]]","[""skill_level 19 *"",""skill_level 2 *"",""8 skill_level 3 * 2 / +""]","[[""compare"",""1"",[""plus"",""8"",[""div"",[""mul"",""skill_level"",""3""],""2""]]],[""compare"",""2"",""weapon_range""],[""compare"",""3"",""800""],[""compare"",""4"",""0""]]","[""8 skill_level 3 * 2 / +""]","[""weapon_range""]","[""800""]","[""0""]","{""1"":""verified-ability-text-and-gitbook"",""2"":""gitbook-verified-for-class"",""3"":""gitbook-verified-for-class"",""4"":""gitbook-verified-for-class""}","[[""condition"",""6"",""5""]]","[""skill"",[""key"",""archer-13""],[""name"",""Blow-up Arrow""],[""limit"",""archer""],[""action"",""14""],[""image"",""active038""],[""desc"",""#nArrow blows up after the arrow gets on target.""],[""ability"",""#nAdd. Attack Point + %1!d!#nAdd. On-rarget Point + %2!d!#nHostility 75 %% Increase#nEnergy used : %3!d!""],[""parameter"",""1"",[""mul"",""skill_level"",""19""]],[""parameter"",""2"",[""mul"",""skill_level"",""2""]],[""parameter"",""3"",[""plus"",""8"",[""div"",[""mul"",""skill_level"",""3""],""2""]]],[""level"",""46"",""0""],[""grade"",""3"",""0""],[""maxlevel"",""5"",""0""],[""condition"",""6"",""5""],[""compare"",""1"",[""plus"",""8"",[""div"",[""mul"",""skill_level"",""3""],""2""]]],[""compare"",""2"",""weapon_range""],[""compare"",""3"",""800""],[""compare"",""4"",""0""],[""type"",""active"",""use""],[""motion"",""2"",""4"",""attackauto""],[""ridemotion"",""2"",""3"",""attackauto""],[""battleride"",""1""],[""effect"","""","""",""""],[""damagetype"",""1""],[""property"",""2"",""1"",""0"",""0"",""0"",""5""]]",bango-file,jobsystem.dat,4077
Arrow of Silence,2,,#nBlock the opponent's magic temporally.#nIt can't be used on monsters.,,active043,,,#nEnergy used : 72,,,72,2000,15000,weapon_range,,,archer-14,1,"[""archer""]","[""15""]","[""25"",""0""]","[""1"",""1""]","[""1"",""0""]","[""active"",""use""]","[""2"",""1"",""0"",""0"",""2"",""1""]",[],[],"[[""compare"",""1"",""72""],[""compare"",""2"",""weapon_range""],[""compare"",""3"",""2000""],[""compare"",""4"",""15000""]]","[""72""]","[""weapon_range""]","[""2000""]","[""15000""]","{""1"":""verified-ability-text-and-gitbook"",""2"":""gitbook-verified-for-class"",""3"":""gitbook-verified-for-class"",""4"":""gitbook-verified-for-class""}",[],"[""skill"",[""key"",""archer-14""],[""name"",""Arrow of Silence""],[""limit"",""archer""],[""action"",""15""],[""image"",""active043""],[""desc"",""#nBlock the opponent's magic temporally.#nIt can't be used on monsters.""],[""ability"",""#nEnergy used : 72""],[""level"",""25"",""0""],[""grade"",""1"",""1""],[""maxlevel"",""1"",""0""],[""compare"",""1"",""72""],[""compare"",""2"",""weapon_range""],[""compare"",""3"",""2000""],[""compare"",""4"",""15000""],[""type"",""active"",""use""],[""motion"",""2"",""4"",""none""],[""ridemotion"",""2"",""3"",""none""],[""battleride"",""1""],[""damagetype"",""3""],[""targetkind"",""1""],[""property"",""2"",""1"",""0"",""0"",""2"",""1""]]",bango-file,jobsystem.dat,4102
Life Extension,1,,#nAdd more Health Points to your original HP forever.,,passive015,,,#nHp Revision: %1!d! %%,,,,,,,,,archer-15,1,"[""archer""]","[""30""]","[""50"",""55"",""60"",""65"",""70"",""0""]","[""11"",""1""]","[""1"",""2"",""3"",""4"",""5"",""0""]","[""passive"",""etc""]","[""0"",""0"",""1"",""0"",""9"",""0""]","[[""parameter"",""1"",[""plus"",""14"",[""mul"",""skill_level"",""10""]]]]","[""14 skill_level 10 * +""]",[],[],[],[],[],{},[],"[""skill"",[""key"",""archer-15""],[""name"",""Life Extension""],[""limit"",""archer""],[""action"",""30""],[""image"",""passive015""],[""desc"",""#nAdd more Health Points to your original HP forever.""],[""ability"",""#nHp Revision: %1!d! %%""],[""parameter"",""1"",[""plus"",""14"",[""mul"",""skill_level"",""10""]]],[""level"",""50"",""55"",""60"",""65"",""70"",""0""],[""grade"",""11"",""1""],[""maxlevel"",""1"",""2"",""3"",""4"",""5"",""0""],[""type"",""passive"",""etc""],[""property"",""0"",""0"",""1"",""0"",""9"",""0""]]",bango-file,jobsystem.dat,4123
Focus Shot,2,,#nFocus the target slowly for more accurate and powerful attack.#nAttack Power is depend on the time you focus.,,active062,,,#nAdd Attack + %2!d! (low charge)#nAdd Attack + %3!d! (max charge)#nEnergy used : %1!d!,,,25 skill_level 5 * +,3300,1000,weapon_range 60 +,,,archer-16,1,"[""archer""]","[""16""]","[""50"",""56"",""60"",""66"",""69"",""0""]","[""7"",""0""]","[""1"",""2"",""3"",""4"",""5"",""0""]","[""active"",""once""]","[""2"",""2"",""0"",""0"",""0"",""5""]","[[""parameter"",""1"",[""plus"",""25"",[""mul"",""skill_level"",""5""]]],[""parameter"",""2"",[""div"",[""mul"",""char_damage"",[""plus"",""50"",[""plus"",""50"",[""mul"",""skill_level"",""25""]]]],""90""]],[""parameter"",""3"",[""div"",[""mul"",""char_damage"",[""plus"",""250"",[""plus"",""50"",[""mul"",""skill_level"",""55""]]]],""90""]]]","[""25 skill_level 5 * +"",""char_damage 50 50 skill_level 25 * + + * 90 /"",""char_damage 250 50 skill_level 55 * + + * 90 /""]","[[""compare"",""1"",[""plus"",""25"",[""mul"",""skill_level"",""5""]]],[""compare"",""2"",[""plus"",""weapon_range"",""60""]],[""compare"",""3"",""3300""],[""compare"",""4"",""1000""]]","[""25 skill_level 5 * +""]","[""weapon_range 60 +""]","[""3300""]","[""1000""]","{""1"":""verified-ability-text-and-gitbook"",""2"":""gitbook-verified-for-class"",""3"":""gitbook-verified-for-class"",""4"":""gitbook-verified-for-class""}",[],"[""skill"",[""key"",""archer-16""],[""name"",""Focus Shot""],[""limit"",""archer""],[""action"",""16""],[""image"",""active062""],[""desc"",""#nFocus the target slowly for more accurate and powerful attack.#nAttack Power is depend on the time you focus.""],[""ability"",""#nAdd Attack + %2!d! (low charge)#nAdd Attack + %3!d! (max charge)#nEnergy used : %1!d!""],[""parameter"",""1"",[""plus"",""25"",[""mul"",""skill_level"",""5""]]],[""parameter"",""2"",[""div"",[""mul"",""char_damage"",[""plus"",""50"",[""plus"",""50"",[""mul"",""skill_level"",""25""]]]],""90""]],[""parameter"",""3"",[""div"",[""mul"",""char_damage"",[""plus"",""250"",[""plus"",""50"",[""mul"",""skill_level"",""55""]]]],""90""]],[""maxparamvalue"",""2"",""2000""],[""maxparamvalue"",""3"",""2000""],[""level"",""50"",""56"",""60"",""66"",""69"",""0""],[""grade"",""7"",""0""],[""maxlevel"",""1"",""2"",""3"",""4"",""5"",""0""],[""pileskill"",""2"",""5""],[""compare"",""1"",[""plus"",""25"",[""mul"",""skill_level"",""5""]]],[""compare"",""2"",[""plus"",""weapon_range"",""60""]],[""compare"",""3"",""3300""],[""compare"",""4"",""1000""],[""type"",""active"",""once""],[""motion"",""7"",""8"",""none""],[""ridemotion"",""2"",""3"",""none""],[""battleride"",""1""],[""damagetype"",""0""],[""property"",""2"",""2"",""0"",""0"",""0"",""5""]]",bango-file,jobsystem.dat,4138
Range Extension,1,,#nAttack longer distance than the weapon's effective distance.,,passive016,,,#nAdd. Range : %1!d!,,,0,0,0,0,,,archer-17,1,"[""archer""]","[""17""]","[""51"",""58"",""67"",""0""]","[""7"",""0""]","[""1"",""2"",""3"",""0""]","[""passive"",""etc""]","[""2"",""2"",""1"",""1"",""9"",""0""]","[[""parameter"",""1"",[""mul"",""skill_level"",""20""]]]","[""skill_level 20 *""]","[[""compare"",""1"",""0""],[""compare"",""2"",""0""],[""compare"",""3"",""0""],[""compare"",""4"",""0""]]","[""0""]","[""0""]","[""0""]","[""0""]","{""1"":""verified-ability-text-and-gitbook"",""2"":""gitbook-verified-for-class"",""3"":""gitbook-verified-for-class"",""4"":""gitbook-verified-for-class""}",[],"[""skill"",[""key"",""archer-17""],[""name"",""Range Extension""],[""limit"",""archer""],[""action"",""17""],[""image"",""passive016""],[""desc"",""#nAttack longer distance than the weapon's effective distance.""],[""ability"",""#nAdd. Range : %1!d!""],[""parameter"",""1"",[""mul"",""skill_level"",""20""]],[""level"",""51"",""58"",""67"",""0""],[""grade"",""7"",""0""],[""maxlevel"",""1"",""2"",""3"",""0""],[""compare"",""1"",""0""],[""compare"",""2"",""0""],[""compare"",""3"",""0""],[""compare"",""4"",""0""],[""type"",""passive"",""etc""],[""motion"",""0"",""0"",""none""],[""ridemotion"",""2"",""3"",""none""],[""battleride"",""1""],[""property"",""2"",""2"",""1"",""1"",""9"",""0""]]",bango-file,jobsystem.dat,4167
Life Absorption,2,,#nReduce the target's HP and absorb some part of the HP.#nIgnores target defence.#Critical hit and explosive blow not applicable.,,active063,,,#nAdd Attack Point : %2!d! (PVE)#nAdd Attack Point : %4!d! (PVP)#nHP Regen : %3!d! %% of final damage#nAdd On-Target Point : 5#nEnergy used : %1!d!,,,20 skill_level 6 * +,0,6000,160,,,archer-18,1,"[""archer""]","[""18""]","[""50"",""57"",""66"",""0""]","[""11"",""0""]","[""1"",""2"",""3"",""0""]","[""active"",""use""]","[""2"",""3"",""0"",""0"",""0"",""5""]","[[""parameter"",""1"",[""plus"",""20"",[""mul"",""skill_level"",""6""]]],[""parameter"",""2"",[""div"",[""mul"",""char_damage"",[""plus"",""60"",[""mul"",""skill_level"",""60""]]],""50""]],[""parameter"",""3"",[""div"",[""mul"",""10"",[""plus"",""20"",[""mul"",""skill_level"",""10""]]],""5""]],[""parameter"",""4"",[""div"",[""mul"",""char_damage"",[""plus"",""60"",[""mul"",""skill_level"",""40""]]],""50""]]]","[""20 skill_level 6 * +"",""char_damage 60 skill_level 60 * + * 50 /"",""10 20 skill_level 10 * + * 5 /"",""char_damage 60 skill_level 40 * + * 50 /""]","[[""compare"",""1"",[""plus"",""20"",[""mul"",""skill_level"",""6""]]],[""compare"",""2"",""160""],[""compare"",""3"",""0""],[""compare"",""4"",""6000""]]","[""20 skill_level 6 * +""]","[""160""]","[""0""]","[""6000""]","{""1"":""verified-ability-text-and-gitbook"",""2"":""gitbook-verified-for-class"",""3"":""gitbook-verified-for-class"",""4"":""gitbook-verified-for-class""}",[],"[""skill"",[""key"",""archer-18""],[""name"",""Life Absorption""],[""limit"",""archer""],[""action"",""18""],[""image"",""active063""],[""desc"",""#nReduce the target's HP and absorb some part of the HP.#nIgnores target defence.#Critical hit and explosive blow not applicable.""],[""ability"",""#nAdd Attack Point : %2!d! (PVE)#nAdd Attack Point : %4!d! (PVP)#nHP Regen : %3!d! %% of final damage#nAdd On-Target Point : 5#nEnergy used : %1!d!""],[""parameter"",""1"",[""plus"",""20"",[""mul"",""skill_level"",""6""]]],[""parameter"",""2"",[""div"",[""mul"",""char_damage"",[""plus"",""60"",[""mul"",""skill_level"",""60""]]],""50""]],[""parameter"",""3"",[""div"",[""mul"",""10"",[""plus"",""20"",[""mul"",""skill_level"",""10""]]],""5""]],[""parameter"",""4"",[""div"",[""mul"",""char_damage"",[""plus"",""60"",[""mul"",""skill_level"",""40""]]],""50""]],[""level"",""50"",""57"",""66"",""0""],[""grade"",""11"",""0""],[""maxlevel"",""1"",""2"",""3"",""0""],[""compare"",""1"",[""plus"",""20"",[""mul"",""skill_level"",""6""]]],[""compare"",""2"",""160""],[""compare"",""3"",""0""],[""compare"",""4"",""6000""],[""type"",""active"",""use""],[""motion"",""0"",""11"",""none""],[""ridemotion"",""2"",""3"",""none""],[""battleride"",""1""],[""damagetype"",""1""],[""property"",""2"",""3"",""0"",""0"",""0"",""5""]]",bango-file,jobsystem.dat,4195
Pain,2,,#nGive mental pain to the selected target continuously.,,active064,,,#nSingle Wave Damage: %2!d!#nTarget's Non-Elemental Resistance Lowers Damage#nEnergy used : %1!d!,,,40 skill_level 8 * +,1500,30000,180,,,archer-19,1,"[""archer""]","[""19""]","[""51"",""56"",""62"",""68"",""0""]","[""11"",""0""]","[""1"",""2"",""3"",""4"",""0""]","[""active"",""use""]","[""2"",""3"",""0"",""0"",""2"",""5""]","[[""parameter"",""1"",[""plus"",""40"",[""mul"",""skill_level"",""8""]]],[""parameter"",""2"",[""div"",[""mul"",""char_damage"",[""plus"",""100"",[""mul"",""skill_level"",""150""]]],""600""]]]","[""40 skill_level 8 * +"",""char_damage 100 skill_level 150 * + * 600 /""]","[[""compare"",""1"",[""plus"",""40"",[""mul"",""skill_level"",""8""]]],[""compare"",""2"",""180""],[""compare"",""3"",""1500""],[""compare"",""4"",""30000""]]","[""40 skill_level 8 * +""]","[""180""]","[""1500""]","[""30000""]","{""1"":""verified-ability-text-and-gitbook"",""2"":""gitbook-verified-for-class"",""3"":""gitbook-verified-for-class"",""4"":""gitbook-verified-for-class""}",[],"[""skill"",[""key"",""archer-19""],[""name"",""Pain""],[""limit"",""archer""],[""action"",""19""],[""image"",""active064""],[""desc"",""#nGive mental pain to the selected target continuously.""],[""ability"",""#nSingle Wave Damage: %2!d!#nTarget's Non-Elemental Resistance Lowers Damage#nEnergy used : %1!d!""],[""parameter"",""1"",[""plus"",""40"",[""mul"",""skill_level"",""8""]]],[""parameter"",""2"",[""div"",[""mul"",""char_damage"",[""plus"",""100"",[""mul"",""skill_level"",""150""]]],""600""]],[""maxparamvalue"",""2"",""150""],[""level"",""51"",""56"",""62"",""68"",""0""],[""grade"",""11"",""0""],[""maxlevel"",""1"",""2"",""3"",""4"",""0""],[""compare"",""1"",[""plus"",""40"",[""mul"",""skill_level"",""8""]]],[""compare"",""2"",""180""],[""compare"",""3"",""1500""],[""compare"",""4"",""30000""],[""type"",""active"",""use""],[""motion"",""10"",""11"",""none""],[""ridemotion"",""2"",""3"",""none""],[""battleride"",""1""],[""damagetype"",""3""],[""targetkind"",""1"",""2""],[""property"",""2"",""3"",""0"",""0"",""2"",""5""]]",bango-file,jobsystem.dat,4222
Perfect Evasion 2,1,,#nEvade opponent's physical attack perfectly.,,passive018,,,#nChance Perfect Evasion + %1!d! %%,,,,,,,,,archer-20,1,"[""archer""]","[""20""]","[""54"",""62"",""68"",""0""]","[""7"",""0""]","[""1"",""2"",""3"",""0""]","[""passive"",""etc""]","[""2"",""2"",""1"",""1"",""9"",""0""]","[[""parameter"",""1"",[""plus"",[""plus"",""evade"",""7""],""skill_level""]]]","[""evade 7 + skill_level +""]",[],[],[],[],[],{},"[[""condition"",""8"",""10""]]","[""skill"",[""key"",""archer-20""],[""name"",""Perfect Evasion 2""],[""limit"",""archer""],[""action"",""20""],[""image"",""passive018""],[""desc"",""#nEvade opponent's physical attack perfectly.""],[""ability"",""#nChance Perfect Evasion + %1!d! %%""],[""parameter"",""1"",[""plus"",[""plus"",""evade"",""7""],""skill_level""]],[""level"",""54"",""62"",""68"",""0""],[""grade"",""7"",""0""],[""maxlevel"",""1"",""2"",""3"",""0""],[""condition"",""8"",""10""],[""type"",""passive"",""etc""],[""property"",""2"",""2"",""1"",""1"",""9"",""0""]]",bango-file,jobsystem.dat,4255
Mysterious Arrow,2,,"#nShoot several arrows to the target.#nWhen it hit the target, it explodes#nand the target gets continuous damage for 5 seconds.",,active072,,,#nShoot %1!d! arrows to the target continuously.#nAttack per arrow: 50%% of Normal Hit #nDebuff damage over time: 10%% of Normal Hit (5 waves)#nEnergy used : %2!d!,,,31 skill_level 11 * +,0,5000,weapon_range,,,archer-21,1,"[""archer""]","[""21""]","[""57"",""67"",""70"",""0""]","[""7"",""0""]","[""1"",""2"",""3"",""0""]","[""active"",""use""]","[""2"",""2"",""0"",""0"",""0"",""5""]","[[""parameter"",""1"",[""plus"",""skill_level"",""2""]],[""parameter"",""2"",[""plus"",""31"",[""mul"",""skill_level"",""11""]]]]","[""skill_level 2 +"",""31 skill_level 11 * +""]","[[""compare"",""1"",[""plus"",""31"",[""mul"",""skill_level"",""11""]]],[""compare"",""2"",""weapon_range""],[""compare"",""3"",""0""],[""compare"",""4"",""5000""]]","[""31 skill_level 11 * +""]","[""weapon_range""]","[""0""]","[""5000""]","{""1"":""verified-ability-text-and-gitbook"",""2"":""gitbook-verified-for-class"",""3"":""gitbook-verified-for-class"",""4"":""gitbook-verified-for-class""}",[],"[""skill"",[""key"",""archer-21""],[""name"",""Mysterious Arrow""],[""limit"",""archer""],[""action"",""21""],[""image"",""active072""],[""desc"",""#nShoot several arrows to the target.#nWhen it hit the target, it explodes#nand the target gets continuous damage for 5 seconds.""],[""ability"",""#nShoot %1!d! arrows to the target continuously.#nAttack per arrow: 50%% of Normal Hit #nDebuff damage over time: 10%% of Normal Hit (5 waves)#nEnergy used : %2!d!""],[""parameter"",""1"",[""plus"",""skill_level"",""2""]],[""parameter"",""2"",[""plus"",""31"",[""mul"",""skill_level"",""11""]]],[""level"",""57"",""67"",""70"",""0""],[""grade"",""7"",""0""],[""maxlevel"",""1"",""2"",""3"",""0""],[""compare"",""1"",[""plus"",""31"",[""mul"",""skill_level"",""11""]]],[""compare"",""2"",""weapon_range""],[""compare"",""3"",""0""],[""compare"",""4"",""5000""],[""type"",""active"",""use""],[""motion"",""0"",""12"",""none""],[""ridemotion"",""2"",""3"",""none""],[""battleride"",""1""],[""damagetype"",""1""],[""property"",""2"",""2"",""0"",""0"",""0"",""5""]]",bango-file,jobsystem.dat,4271
Speed of Attack Reducer,2,,#nReduce the target's speed of physical attack for a while.,,active073,,,#nSpeed of Attack reduces by %1!d! %%#nLasting Time : 15#nEnergy used : 20,,,20,0,30000,weapon_range,,,archer-22,1,"[""archer""]","[""22""]","[""52"",""61"",""0""]","[""11"",""0""]","[""1"",""2"",""0""]","[""active"",""use""]","[""2"",""3"",""0"",""0"",""2"",""5""]","[[""parameter"",""1"",[""mul"",""skill_level"",""30""]]]","[""skill_level 30 *""]","[[""compare"",""1"",""20""],[""compare"",""2"",""weapon_range""],[""compare"",""3"",""0""],[""compare"",""4"",""30000""]]","[""20""]","[""weapon_range""]","[""0""]","[""30000""]","{""1"":""verified-ability-text-and-gitbook"",""2"":""gitbook-verified-for-class"",""3"":""gitbook-verified-for-class"",""4"":""gitbook-verified-for-class""}",[],"[""skill"",[""key"",""archer-22""],[""name"",""Speed of Attack Reducer""],[""limit"",""archer""],[""action"",""22""],[""image"",""active073""],[""desc"",""#nReduce the target's speed of physical attack for a while.""],[""ability"",""#nSpeed of Attack reduces by %1!d! %%#nLasting Time : 15#nEnergy used : 20""],[""parameter"",""1"",[""mul"",""skill_level"",""30""]],[""level"",""52"",""61"",""0""],[""grade"",""11"",""0""],[""maxlevel"",""1"",""2"",""0""],[""compare"",""1"",""20""],[""compare"",""2"",""weapon_range""],[""compare"",""3"",""0""],[""compare"",""4"",""30000""],[""type"",""active"",""use""],[""motion"",""0"",""11"",""none""],[""ridemotion"",""2"",""3"",""none""],[""battleride"",""1""],[""damagetype"",""3""],[""targetkind"",""1"",""2""],[""property"",""2"",""3"",""0"",""0"",""2"",""5""]]",bango-file,jobsystem.dat,4304
Sight Interruption,2,,#nReduce the opponent's movement instantly by 50%.,,active074,,,#nTime : %1!d!#nEnergy used : %2!d!,,,57 skill_level 11 * +,1000,5000,weapon_range,,,archer-23,1,"[""archer""]","[""23""]","[""53"",""58"",""69"",""0""]","[""11"",""0""]","[""1"",""2"",""3"",""0""]","[""active"",""use""]","[""2"",""3"",""0"",""0"",""2"",""5""]","[[""parameter"",""1"",[""mul"",""skill_level"",""8""]],[""parameter"",""2"",[""plus"",""57"",[""mul"",""skill_level"",""11""]]]]","[""skill_level 8 *"",""57 skill_level 11 * +""]","[[""compare"",""1"",[""plus"",""57"",[""mul"",""skill_level"",""11""]]],[""compare"",""2"",""weapon_range""],[""compare"",""3"",""1000""],[""compare"",""4"",""5000""]]","[""57 skill_level 11 * +""]","[""weapon_range""]","[""1000""]","[""5000""]","{""1"":""verified-ability-text-and-gitbook"",""2"":""gitbook-verified-for-class"",""3"":""gitbook-verified-for-class"",""4"":""gitbook-verified-for-class""}",[],"[""skill"",[""key"",""archer-23""],[""name"",""Sight Interruption""],[""limit"",""archer""],[""action"",""23""],[""image"",""active074""],[""desc"",""#nReduce the opponent's movement instantly by 50%.""],[""ability"",""#nTime : %1!d!#nEnergy used : %2!d!""],[""parameter"",""1"",[""mul"",""skill_level"",""8""]],[""parameter"",""2"",[""plus"",""57"",[""mul"",""skill_level"",""11""]]],[""level"",""53"",""58"",""69"",""0""],[""grade"",""11"",""0""],[""maxlevel"",""1"",""2"",""3"",""0""],[""compare"",""1"",[""plus"",""57"",[""mul"",""skill_level"",""11""]]],[""compare"",""2"",""weapon_range""],[""compare"",""3"",""1000""],[""compare"",""4"",""5000""],[""type"",""active"",""use""],[""motion"",""10"",""11"",""none""],[""ridemotion"",""2"",""3"",""none""],[""battleride"",""1""],[""damagetype"",""3""],[""targetkind"",""1"",""2""],[""property"",""2"",""3"",""0"",""0"",""2"",""5""]]",bango-file,jobsystem.dat,4326
Lightning Resistance,2,,#nIncrease the resistance on Lightning.,,active103,,,#nLightning Resistance + %1!d! %%#nLasting Time : 900#nEnergy used : %2!d!,,,42 skill_level 11 * +,0,60000,weapon_range,,,archer-24,1,"[""archer""]","[""24""]","[""52"",""64"",""0""]","[""7"",""0""]","[""1"",""2"",""0""]","[""active"",""once""]","[""2"",""2"",""1"",""0"",""3"",""0""]","[[""parameter"",""1"",[""plus"",""10"",[""mul"",""skill_level"",""5""]]],[""parameter"",""2"",[""plus"",""42"",[""mul"",""skill_level"",""11""]]]]","[""10 skill_level 5 * +"",""42 skill_level 11 * +""]","[[""compare"",""1"",[""plus"",""42"",[""mul"",""skill_level"",""11""]]],[""compare"",""2"",""weapon_range""],[""compare"",""3"",""0""],[""compare"",""4"",""60000""]]","[""42 skill_level 11 * +""]","[""weapon_range""]","[""0""]","[""60000""]","{""1"":""verified-ability-text-and-gitbook"",""2"":""gitbook-verified-for-class"",""3"":""gitbook-verified-for-class"",""4"":""gitbook-verified-for-class""}",[],"[""skill"",[""key"",""archer-24""],[""name"",""Lightning Resistance""],[""limit"",""archer""],[""action"",""24""],[""image"",""active103""],[""desc"",""#nIncrease the resistance on Lightning.""],[""ability"",""#nLightning Resistance + %1!d! %%#nLasting Time : 900#nEnergy used : %2!d!""],[""parameter"",""1"",[""plus"",""10"",[""mul"",""skill_level"",""5""]]],[""parameter"",""2"",[""plus"",""42"",[""mul"",""skill_level"",""11""]]],[""level"",""52"",""64"",""0""],[""grade"",""7"",""0""],[""maxlevel"",""1"",""2"",""0""],[""compare"",""1"",[""plus"",""42"",[""mul"",""skill_level"",""11""]]],[""compare"",""2"",""weapon_range""],[""compare"",""3"",""0""],[""compare"",""4"",""60000""],[""type"",""active"",""once""],[""motion"",""0"",""9"",""none""],[""ridemotion"",""0"",""4"",""none""],[""battleride"",""1""],[""damagetype"",""0""],[""property"",""2"",""2"",""1"",""0"",""3"",""0""]]",bango-file,jobsystem.dat,4351
Ice Resistance,2,,#nIncrease the resistance on Ice.,,active104,,,#nIce Resistance + %1!d! %%#nLasting Time : 900#nEnergy used : %2!d!,,,42 skill_level 11 * +,0,60000,weapon_range,,,archer-25,1,"[""archer""]","[""25""]","[""52"",""64"",""0""]","[""7"",""0""]","[""1"",""2"",""0""]","[""active"",""once""]","[""2"",""2"",""1"",""0"",""3"",""0""]","[[""parameter"",""1"",[""plus"",""10"",[""mul"",""skill_level"",""5""]]],[""parameter"",""2"",[""plus"",""42"",[""mul"",""skill_level"",""11""]]]]","[""10 skill_level 5 * +"",""42 skill_level 11 * +""]","[[""compare"",""1"",[""plus"",""42"",[""mul"",""skill_level"",""11""]]],[""compare"",""2"",""weapon_range""],[""compare"",""3"",""0""],[""compare"",""4"",""60000""]]","[""42 skill_level 11 * +""]","[""weapon_range""]","[""0""]","[""60000""]","{""1"":""verified-ability-text-and-gitbook"",""2"":""gitbook-verified-for-class"",""3"":""gitbook-verified-for-class"",""4"":""gitbook-verified-for-class""}",[],"[""skill"",[""key"",""archer-25""],[""name"",""Ice Resistance""],[""limit"",""archer""],[""action"",""25""],[""image"",""active104""],[""desc"",""#nIncrease the resistance on Ice.""],[""ability"",""#nIce Resistance + %1!d! %%#nLasting Time : 900#nEnergy used : %2!d!""],[""parameter"",""1"",[""plus"",""10"",[""mul"",""skill_level"",""5""]]],[""parameter"",""2"",[""plus"",""42"",[""mul"",""skill_level"",""11""]]],[""level"",""52"",""64"",""0""],[""grade"",""7"",""0""],[""maxlevel"",""1"",""2"",""0""],[""compare"",""1"",[""plus"",""42"",[""mul"",""skill_level"",""11""]]],[""compare"",""2"",""weapon_range""],[""compare"",""3"",""0""],[""compare"",""4"",""60000""],[""type"",""active"",""once""],[""motion"",""0"",""9"",""none""],[""ridemotion"",""0"",""4"",""none""],[""battleride"",""1""],[""damagetype"",""0""],[""property"",""2"",""2"",""1"",""0"",""3"",""0""]]",bango-file,jobsystem.dat,4373
Fire Resistance,2,,#nIncrease the resistance on fire.,,active105,,,#nFire Resistance + %1!d! %%#nLasting Time : 900#nEnergy used : %2!d!,,,42 skill_level 11 * +,0,60000,weapon_range,,,archer-26,1,"[""archer""]","[""26""]","[""52"",""64"",""0""]","[""7"",""0""]","[""1"",""2"",""0""]","[""active"",""once""]","[""2"",""2"",""1"",""0"",""3"",""0""]","[[""parameter"",""1"",[""plus"",""10"",[""mul"",""skill_level"",""5""]]],[""parameter"",""2"",[""plus"",""42"",[""mul"",""skill_level"",""11""]]]]","[""10 skill_level 5 * +"",""42 skill_level 11 * +""]","[[""compare"",""1"",[""plus"",""42"",[""mul"",""skill_level"",""11""]]],[""compare"",""2"",""weapon_range""],[""compare"",""3"",""0""],[""compare"",""4"",""60000""]]","[""42 skill_level 11 * +""]","[""weapon_range""]","[""0""]","[""60000""]","{""1"":""verified-ability-text-and-gitbook"",""2"":""gitbook-verified-for-class"",""3"":""gitbook-verified-for-class"",""4"":""gitbook-verified-for-class""}",[],"[""skill"",[""key"",""archer-26""],[""name"",""Fire Resistance""],[""limit"",""archer""],[""action"",""26""],[""image"",""active105""],[""desc"",""#nIncrease the resistance on fire.""],[""ability"",""#nFire Resistance + %1!d! %%#nLasting Time : 900#nEnergy used : %2!d!""],[""parameter"",""1"",[""plus"",""10"",[""mul"",""skill_level"",""5""]]],[""parameter"",""2"",[""plus"",""42"",[""mul"",""skill_level"",""11""]]],[""level"",""52"",""64"",""0""],[""grade"",""7"",""0""],[""maxlevel"",""1"",""2"",""0""],[""compare"",""1"",[""plus"",""42"",[""mul"",""skill_level"",""11""]]],[""compare"",""2"",""weapon_range""],[""compare"",""3"",""0""],[""compare"",""4"",""60000""],[""type"",""active"",""once""],[""motion"",""0"",""9"",""none""],[""ridemotion"",""0"",""4"",""none""],[""battleride"",""1""],[""damagetype"",""0""],[""property"",""2"",""2"",""1"",""0"",""3"",""0""]]",bango-file,jobsystem.dat,4395
Powerful Arrow of Silence,2,,"#nBlock the opponent's magic,#nand consume the target's MP for 10 seconds.",,active106,,,#nMP Consumption per 1 sec : %1!d!#nLasting Time : 10#nEnergy used : %2!d!,,,80 skill_level 20 * +,2000,40000,weapon_range,,,archer-27,1,"[""archer""]","[""27""]","[""53"",""63"",""0""]","[""7"",""0""]","[""1"",""2"",""0""]","[""active"",""use""]","[""2"",""2"",""0"",""0"",""2"",""5""]","[[""parameter"",""1"",[""minus"",""120"",[""mul"",""70"",[""minus"",""2"",""skill_level""]]]],[""parameter"",""2"",[""plus"",""80"",[""mul"",""skill_level"",""20""]]]]","[""120 70 2 skill_level - * -"",""80 skill_level 20 * +""]","[[""compare"",""1"",[""plus"",""80"",[""mul"",""skill_level"",""20""]]],[""compare"",""2"",""weapon_range""],[""compare"",""3"",""2000""],[""compare"",""4"",""40000""]]","[""80 skill_level 20 * +""]","[""weapon_range""]","[""2000""]","[""40000""]","{""1"":""verified-ability-text-and-gitbook"",""2"":""gitbook-verified-for-class"",""3"":""gitbook-verified-for-class"",""4"":""gitbook-verified-for-class""}",[],"[""skill"",[""key"",""archer-27""],[""name"",""Powerful Arrow of Silence""],[""limit"",""archer""],[""action"",""27""],[""image"",""active106""],[""desc"",""#nBlock the opponent's magic,#nand consume the target's MP for 10 seconds.""],[""ability"",""#nMP Consumption per 1 sec : %1!d!#nLasting Time : 10#nEnergy used : %2!d!""],[""parameter"",""1"",[""minus"",""120"",[""mul"",""70"",[""minus"",""2"",""skill_level""]]]],[""parameter"",""2"",[""plus"",""80"",[""mul"",""skill_level"",""20""]]],[""level"",""53"",""63"",""0""],[""grade"",""7"",""0""],[""maxlevel"",""1"",""2"",""0""],[""compare"",""1"",[""plus"",""80"",[""mul"",""skill_level"",""20""]]],[""compare"",""2"",""weapon_range""],[""compare"",""3"",""2000""],[""compare"",""4"",""40000""],[""type"",""active"",""use""],[""motion"",""2"",""3"",""none""],[""ridemotion"",""2"",""3"",""none""],[""battleride"",""1""],[""damagetype"",""3""],[""targetkind"",""1""],[""property"",""2"",""2"",""0"",""0"",""2"",""5""]]",bango-file,jobsystem.dat,4417
Curse Resistance,2,,#nIncrease the resistance on Curse.,,active107,,,#nCurse Resistance + %1!d! %%#nLasting Time : 900#nEnergy used : %2!d!,,,22 skill_level 14 * +,0,60000,weapon_range,,,archer-28,1,"[""archer""]","[""28""]","[""55"",""65"",""0""]","[""7"",""0""]","[""1"",""2"",""0""]","[""active"",""once""]","[""2"",""2"",""1"",""0"",""3"",""0""]","[[""parameter"",""1"",[""plus"",""10"",[""mul"",""skill_level"",""5""]]],[""parameter"",""2"",[""plus"",""22"",[""mul"",""skill_level"",""14""]]]]","[""10 skill_level 5 * +"",""22 skill_level 14 * +""]","[[""compare"",""1"",[""plus"",""22"",[""mul"",""skill_level"",""14""]]],[""compare"",""2"",""weapon_range""],[""compare"",""3"",""0""],[""compare"",""4"",""60000""]]","[""22 skill_level 14 * +""]","[""weapon_range""]","[""0""]","[""60000""]","{""1"":""verified-ability-text-and-gitbook"",""2"":""gitbook-verified-for-class"",""3"":""gitbook-verified-for-class"",""4"":""gitbook-verified-for-class""}",[],"[""skill"",[""key"",""archer-28""],[""name"",""Curse Resistance""],[""limit"",""archer""],[""action"",""28""],[""image"",""active107""],[""desc"",""#nIncrease the resistance on Curse.""],[""ability"",""#nCurse Resistance + %1!d! %%#nLasting Time : 900#nEnergy used : %2!d!""],[""parameter"",""1"",[""plus"",""10"",[""mul"",""skill_level"",""5""]]],[""parameter"",""2"",[""plus"",""22"",[""mul"",""skill_level"",""14""]]],[""level"",""55"",""65"",""0""],[""grade"",""7"",""0""],[""maxlevel"",""1"",""2"",""0""],[""compare"",""1"",[""plus"",""22"",[""mul"",""skill_level"",""14""]]],[""compare"",""2"",""weapon_range""],[""compare"",""3"",""0""],[""compare"",""4"",""60000""],[""type"",""active"",""once""],[""motion"",""0"",""9"",""none""],[""ridemotion"",""0"",""4"",""none""],[""battleride"",""1""],[""damagetype"",""0""],[""property"",""2"",""2"",""1"",""0"",""3"",""0""]]",bango-file,jobsystem.dat,4440
Non-Attribution Resistance,2,,#nIncrease the resistance on Non-Attribution.,,active108,,,#nNon-Attribution Resistance + %1!d! %%#nLasting Time : 900#nEnergy used : %2!d!,,,22 skill_level 14 * +,0,60000,weapon_range,,,archer-29,1,"[""archer""]","[""29""]","[""56"",""65"",""0""]","[""7"",""0""]","[""1"",""2"",""0""]","[""active"",""once""]","[""2"",""2"",""1"",""0"",""3"",""0""]","[[""parameter"",""1"",[""plus"",""10"",[""mul"",""skill_level"",""5""]]],[""parameter"",""2"",[""plus"",""22"",[""mul"",""skill_level"",""14""]]]]","[""10 skill_level 5 * +"",""22 skill_level 14 * +""]","[[""compare"",""1"",[""plus"",""22"",[""mul"",""skill_level"",""14""]]],[""compare"",""2"",""weapon_range""],[""compare"",""3"",""0""],[""compare"",""4"",""60000""]]","[""22 skill_level 14 * +""]","[""weapon_range""]","[""0""]","[""60000""]","{""1"":""verified-ability-text-and-gitbook"",""2"":""gitbook-verified-for-class"",""3"":""gitbook-verified-for-class"",""4"":""gitbook-verified-for-class""}",[],"[""skill"",[""key"",""archer-29""],[""name"",""Non-Attribution Resistance""],[""limit"",""archer""],[""action"",""29""],[""image"",""active108""],[""desc"",""#nIncrease the resistance on Non-Attribution.""],[""ability"",""#nNon-Attribution Resistance + %1!d! %%#nLasting Time : 900#nEnergy used : %2!d!""],[""parameter"",""1"",[""plus"",""10"",[""mul"",""skill_level"",""5""]]],[""parameter"",""2"",[""plus"",""22"",[""mul"",""skill_level"",""14""]]],[""level"",""56"",""65"",""0""],[""grade"",""7"",""0""],[""maxlevel"",""1"",""2"",""0""],[""compare"",""1"",[""plus"",""22"",[""mul"",""skill_level"",""14""]]],[""compare"",""2"",""weapon_range""],[""compare"",""3"",""0""],[""compare"",""4"",""60000""],[""type"",""active"",""once""],[""motion"",""0"",""9"",""none""],[""ridemotion"",""0"",""4"",""none""],[""battleride"",""1""],[""damagetype"",""0""],[""property"",""2"",""2"",""1"",""0"",""3"",""0""]]",bango-file,jobsystem.dat,4462
Emergency Escape,2,,#nRun fastly to escape from the danger temporally#nIt effects on all your group members#nwho are near you.,,active109,,,#nLasting Time : 38,,,70,0,900000,weapon_range,,,archer-30,1,"[""archer""]","[""31""]","[""59"",""0""]","[""7"",""0""]","[""1"",""0""]","[""active"",""once""]","[""2"",""2"",""1"",""0"",""3"",""4""]",[],[],"[[""compare"",""1"",""70""],[""compare"",""2"",""weapon_range""],[""compare"",""3"",""0""],[""compare"",""4"",""900000""]]","[""70""]","[""weapon_range""]","[""0""]","[""900000""]","{""1"":""verified-ability-text-and-gitbook"",""2"":""gitbook-verified-for-class"",""3"":""gitbook-verified-for-class"",""4"":""gitbook-verified-for-class""}",[],"[""skill"",[""key"",""archer-30""],[""name"",""Emergency Escape""],[""limit"",""archer""],[""action"",""31""],[""image"",""active109""],[""desc"",""#nRun fastly to escape from the danger temporally#nIt effects on all your group members#nwho are near you.""],[""ability"",""#nLasting Time : 38""],[""level"",""59"",""0""],[""grade"",""7"",""0""],[""maxlevel"",""1"",""0""],[""compare"",""1"",""70""],[""compare"",""2"",""weapon_range""],[""compare"",""3"",""0""],[""compare"",""4"",""900000""],[""type"",""active"",""once""],[""motion"",""0"",""9"",""none""],[""battleride"",""0""],[""damagetype"",""0""],[""property"",""2"",""2"",""1"",""0"",""3"",""4""]]",bango-file,jobsystem.dat,4484
Critical Hit,1,,#nThe power of attack is increased.#n And the percentage of activation remains same as 15%,,passive007,,,,,,0,0,0,0,,,archer-31,1,"[""archer""]","[""32""]","[""61"",""0""]","[""7"",""0""]","[""1"",""0""]","[""passive"",""etc""]","[""2"",""2"",""1"",""1"",""9"",""0""]",[],[],"[[""compare"",""1"",""0""],[""compare"",""2"",""0""],[""compare"",""3"",""0""],[""compare"",""4"",""0""]]","[""0""]","[""0""]","[""0""]","[""0""]","{""1"":""verified-ability-text-and-gitbook"",""2"":""gitbook-verified-for-class"",""3"":""gitbook-verified-for-class"",""4"":""gitbook-verified-for-class""}",[],"[""skill"",[""key"",""archer-31""],[""name"",""Critical Hit""],[""limit"",""archer""],[""action"",""32""],[""image"",""passive007""],[""desc"",""#nThe power of attack is increased.#n And the percentage of activation remains same as 15%""],[""level"",""61"",""0""],[""grade"",""7"",""0""],[""maxlevel"",""1"",""0""],[""compare"",""1"",""0""],[""compare"",""2"",""0""],[""compare"",""3"",""0""],[""compare"",""4"",""0""],[""type"",""passive"",""etc""],[""motion"",""0"",""0"",""none""],[""property"",""2"",""2"",""1"",""1"",""9"",""0""]]",bango-file,jobsystem.dat,4505
Decrease of Target Range,2,,#nDecrease 50% of the range of selected target.,,active110,,,#nLasting Time : 15#nEnergy used : 50,,,50,0,30000,200,,,archer-32,1,"[""archer""]","[""33""]","[""52"",""0""]","[""11"",""0""]","[""1"",""0""]","[""active"",""use""]","[""2"",""3"",""0"",""0"",""2"",""5""]",[],[],"[[""compare"",""1"",""50""],[""compare"",""2"",""200""],[""compare"",""3"",""0""],[""compare"",""4"",""30000""]]","[""50""]","[""200""]","[""0""]","[""30000""]","{""1"":""verified-ability-text-and-gitbook"",""2"":""gitbook-verified-for-class"",""3"":""gitbook-verified-for-class"",""4"":""gitbook-verified-for-class""}",[],"[""skill"",[""key"",""archer-32""],[""name"",""Decrease of Target Range""],[""limit"",""archer""],[""action"",""33""],[""image"",""active110""],[""desc"",""#nDecrease 50% of the range of selected target.""],[""ability"",""#nLasting Time : 15#nEnergy used : 50""],[""level"",""52"",""0""],[""grade"",""11"",""0""],[""maxlevel"",""1"",""0""],[""compare"",""1"",""50""],[""compare"",""2"",""200""],[""compare"",""3"",""0""],[""compare"",""4"",""30000""],[""type"",""active"",""use""],[""motion"",""0"",""11"",""none""],[""ridemotion"",""0"",""4"",""none""],[""battleride"",""1""],[""damagetype"",""3""],[""targetkind"",""1"",""2""],[""property"",""2"",""3"",""0"",""0"",""2"",""5""]]",bango-file,jobsystem.dat,4525
MP Vaporization,2,,#nVaporize the target's MP for certain amount of time.,,active111,,,#nMP Consumption for %1!d!#nEnergy used : %2!d!,,,40 skill_level 16 * +,2400,30000,160,,,archer-33,1,"[""archer""]","[""34""]","[""53"",""65"",""0""]","[""11"",""0""]","[""1"",""2"",""0""]","[""active"",""use""]","[""2"",""3"",""0"",""0"",""2"",""5""]","[[""parameter"",""1"",[""plus"",""100"",[""mul"",""skill_level"",""250""]]],[""parameter"",""2"",[""plus"",""40"",[""mul"",""skill_level"",""16""]]]]","[""100 skill_level 250 * +"",""40 skill_level 16 * +""]","[[""compare"",""1"",[""plus"",""40"",[""mul"",""skill_level"",""16""]]],[""compare"",""2"",""160""],[""compare"",""3"",""2400""],[""compare"",""4"",""30000""]]","[""40 skill_level 16 * +""]","[""160""]","[""2400""]","[""30000""]","{""1"":""verified-ability-text-and-gitbook"",""2"":""gitbook-verified-for-class"",""3"":""gitbook-verified-for-class"",""4"":""gitbook-verified-for-class""}",[],"[""skill"",[""key"",""archer-33""],[""name"",""MP Vaporization""],[""limit"",""archer""],[""action"",""34""],[""image"",""active111""],[""desc"",""#nVaporize the target's MP for certain amount of time.""],[""ability"",""#nMP Consumption for %1!d!#nEnergy used : %2!d!""],[""parameter"",""1"",[""plus"",""100"",[""mul"",""skill_level"",""250""]]],[""parameter"",""2"",[""plus"",""40"",[""mul"",""skill_level"",""16""]]],[""level"",""53"",""65"",""0""],[""grade"",""11"",""0""],[""maxlevel"",""1"",""2"",""0""],[""compare"",""1"",[""plus"",""40"",[""mul"",""skill_level"",""16""]]],[""compare"",""2"",""160""],[""compare"",""3"",""2400""],[""compare"",""4"",""30000""],[""type"",""active"",""use""],[""motion"",""10"",""11"",""none""],[""ridemotion"",""2"",""3"",""none""],[""battleride"",""1""],[""damagetype"",""3""],[""targetkind"",""1""],[""property"",""2"",""3"",""0"",""0"",""2"",""5""]]",bango-file,jobsystem.dat,4546
Curse of Critical Hit,2,,#nDecrease the activation percentage of Cirtical Hit temporally.,,active112,,,#nPercentage of Cirtical Hit - %1!d! %%#nLasting Time : %2!d!#nEnergy used : 26,,,26,0,60000,200,,,archer-34,1,"[""archer""]","[""35""]","[""54"",""67"",""0""]","[""11"",""0""]","[""1"",""2"",""0""]","[""active"",""use""]","[""2"",""3"",""0"",""0"",""2"",""1""]","[[""parameter"",""1"",[""plus"",""25"",[""mul"",""skill_level"",""25""]]],[""parameter"",""2"",[""plus"",""50"",[""mul"",""skill_level"",""20""]]]]","[""25 skill_level 25 * +"",""50 skill_level 20 * +""]","[[""compare"",""1"",""26""],[""compare"",""2"",""200""],[""compare"",""3"",""0""],[""compare"",""4"",""60000""]]","[""26""]","[""200""]","[""0""]","[""60000""]","{""1"":""verified-ability-text-and-gitbook"",""2"":""gitbook-verified-for-class"",""3"":""gitbook-verified-for-class"",""4"":""gitbook-verified-for-class""}",[],"[""skill"",[""key"",""archer-34""],[""name"",""Curse of Critical Hit""],[""limit"",""archer""],[""action"",""35""],[""image"",""active112""],[""desc"",""#nDecrease the activation percentage of Cirtical Hit temporally.""],[""ability"",""#nPercentage of Cirtical Hit - %1!d! %%#nLasting Time : %2!d!#nEnergy used : 26""],[""parameter"",""1"",[""plus"",""25"",[""mul"",""skill_level"",""25""]]],[""parameter"",""2"",[""plus"",""50"",[""mul"",""skill_level"",""20""]]],[""level"",""54"",""67"",""0""],[""grade"",""11"",""0""],[""maxlevel"",""1"",""2"",""0""],[""compare"",""1"",""26""],[""compare"",""2"",""200""],[""compare"",""3"",""0""],[""compare"",""4"",""60000""],[""type"",""active"",""use""],[""motion"",""0"",""11"",""none""],[""ridemotion"",""0"",""4"",""none""],[""battleride"",""1""],[""damagetype"",""3""],[""targetkind"",""1"",""2""],[""property"",""2"",""3"",""0"",""0"",""2"",""1""]]",bango-file,jobsystem.dat,4569
Curse of Strength,2,,#nDecrease the target's strength temporally.,,active113,,,#nStrength - %1!d! %%#nLasting Time : %2!d!#nEnergy used : 38,,,38,0,60000,190,,,archer-35,1,"[""archer""]","[""36""]","[""55"",""63"",""0""]","[""11"",""0""]","[""1"",""2"",""0""]","[""active"",""use""]","[""2"",""3"",""0"",""0"",""2"",""5""]","[[""parameter"",""1"",[""mul"",""skill_level"",""24""]],[""parameter"",""2"",[""plus"",""50"",[""mul"",""skill_level"",""20""]]]]","[""skill_level 24 *"",""50 skill_level 20 * +""]","[[""compare"",""1"",""38""],[""compare"",""2"",""190""],[""compare"",""3"",""0""],[""compare"",""4"",""60000""]]","[""38""]","[""190""]","[""0""]","[""60000""]","{""1"":""verified-ability-text-and-gitbook"",""2"":""gitbook-verified-for-class"",""3"":""gitbook-verified-for-class"",""4"":""gitbook-verified-for-class""}",[],"[""skill"",[""key"",""archer-35""],[""name"",""Curse of Strength""],[""limit"",""archer""],[""action"",""36""],[""image"",""active113""],[""desc"",""#nDecrease the target's strength temporally.""],[""ability"",""#nStrength - %1!d! %%#nLasting Time : %2!d!#nEnergy used : 38""],[""parameter"",""1"",[""mul"",""skill_level"",""24""]],[""parameter"",""2"",[""plus"",""50"",[""mul"",""skill_level"",""20""]]],[""level"",""55"",""63"",""0""],[""grade"",""11"",""0""],[""maxlevel"",""1"",""2"",""0""],[""compare"",""1"",""38""],[""compare"",""2"",""190""],[""compare"",""3"",""0""],[""compare"",""4"",""60000""],[""type"",""active"",""use""],[""motion"",""0"",""11"",""none""],[""ridemotion"",""0"",""4"",""none""],[""battleride"",""1""],[""damagetype"",""3""],[""targetkind"",""1"",""2""],[""property"",""2"",""3"",""0"",""0"",""2"",""5""]]",bango-file,jobsystem.dat,4592
Curse of Health,2,,#nDecrease the target's health temporally.,,active114,,,#nHelath - %1!d! %%#nLasting Time : %2!d!#nEnergy used : 38,,,38,0,60000,190,,,archer-36,1,"[""archer""]","[""37""]","[""56"",""63"",""0""]","[""11"",""0""]","[""1"",""2"",""0""]","[""active"",""use""]","[""2"",""3"",""0"",""0"",""2"",""5""]","[[""parameter"",""1"",[""mul"",""skill_level"",""12""]],[""parameter"",""2"",[""plus"",""50"",[""mul"",""skill_level"",""20""]]]]","[""skill_level 12 *"",""50 skill_level 20 * +""]","[[""compare"",""1"",""38""],[""compare"",""2"",""190""],[""compare"",""3"",""0""],[""compare"",""4"",""60000""]]","[""38""]","[""190""]","[""0""]","[""60000""]","{""1"":""verified-ability-text-and-gitbook"",""2"":""gitbook-verified-for-class"",""3"":""gitbook-verified-for-class"",""4"":""gitbook-verified-for-class""}",[],"[""skill"",[""key"",""archer-36""],[""name"",""Curse of Health""],[""limit"",""archer""],[""action"",""37""],[""image"",""active114""],[""desc"",""#nDecrease the target's health temporally.""],[""ability"",""#nHelath - %1!d! %%#nLasting Time : %2!d!#nEnergy used : 38""],[""parameter"",""1"",[""mul"",""skill_level"",""12""]],[""parameter"",""2"",[""plus"",""50"",[""mul"",""skill_level"",""20""]]],[""level"",""56"",""63"",""0""],[""grade"",""11"",""0""],[""maxlevel"",""1"",""2"",""0""],[""compare"",""1"",""38""],[""compare"",""2"",""190""],[""compare"",""3"",""0""],[""compare"",""4"",""60000""],[""type"",""active"",""use""],[""motion"",""0"",""11"",""none""],[""ridemotion"",""0"",""4"",""none""],[""battleride"",""1""],[""damagetype"",""3""],[""targetkind"",""1"",""2""],[""property"",""2"",""3"",""0"",""0"",""2"",""5""]]",bango-file,jobsystem.dat,4615
Curse of Agility,2,,#nDecrease the target's Agility temporally.,,active115,,,#nAgility - %1!d! %%#nLasting Time : %2!d!#nEnergy used : 42,,,42,0,60000,200,,,archer-37,1,"[""archer""]","[""38""]","[""56"",""64"",""0""]","[""11"",""0""]","[""1"",""2"",""0""]","[""active"",""use""]","[""2"",""3"",""0"",""0"",""2"",""5""]","[[""parameter"",""1"",[""mul"",""skill_level"",""20""]],[""parameter"",""2"",[""plus"",""50"",[""mul"",""skill_level"",""20""]]]]","[""skill_level 20 *"",""50 skill_level 20 * +""]","[[""compare"",""1"",""42""],[""compare"",""2"",""200""],[""compare"",""3"",""0""],[""compare"",""4"",""60000""]]","[""42""]","[""200""]","[""0""]","[""60000""]","{""1"":""verified-ability-text-and-gitbook"",""2"":""gitbook-verified-for-class"",""3"":""gitbook-verified-for-class"",""4"":""gitbook-verified-for-class""}",[],"[""skill"",[""key"",""archer-37""],[""name"",""Curse of Agility""],[""limit"",""archer""],[""action"",""38""],[""image"",""active115""],[""desc"",""#nDecrease the target's Agility temporally.""],[""ability"",""#nAgility - %1!d! %%#nLasting Time : %2!d!#nEnergy used : 42""],[""parameter"",""1"",[""mul"",""skill_level"",""20""]],[""parameter"",""2"",[""plus"",""50"",[""mul"",""skill_level"",""20""]]],[""level"",""56"",""64"",""0""],[""grade"",""11"",""0""],[""maxlevel"",""1"",""2"",""0""],[""compare"",""1"",""42""],[""compare"",""2"",""200""],[""compare"",""3"",""0""],[""compare"",""4"",""60000""],[""type"",""active"",""use""],[""motion"",""0"",""11"",""none""],[""ridemotion"",""0"",""4"",""none""],[""battleride"",""1""],[""damagetype"",""3""],[""targetkind"",""1"",""2""],[""property"",""2"",""3"",""0"",""0"",""2"",""5""]]",bango-file,jobsystem.dat,4638
Curse of Intelligence,2,,#nDecrease the target's Intelligence temporally.,,active116,,,#nIntellegence - %1!d! %%#nLasting Time : %2!d!#nEnergy used : 42,,,42,0,60000,200,,,archer-38,1,"[""archer""]","[""39""]","[""57"",""64"",""0""]","[""11"",""0""]","[""1"",""2"",""0""]","[""active"",""use""]","[""2"",""3"",""0"",""0"",""2"",""5""]","[[""parameter"",""1"",[""mul"",""skill_level"",""24""]],[""parameter"",""2"",[""plus"",""50"",[""mul"",""skill_level"",""20""]]]]","[""skill_level 24 *"",""50 skill_level 20 * +""]","[[""compare"",""1"",""42""],[""compare"",""2"",""200""],[""compare"",""3"",""0""],[""compare"",""4"",""60000""]]","[""42""]","[""200""]","[""0""]","[""60000""]","{""1"":""verified-ability-text-and-gitbook"",""2"":""gitbook-verified-for-class"",""3"":""gitbook-verified-for-class"",""4"":""gitbook-verified-for-class""}",[],"[""skill"",[""key"",""archer-38""],[""name"",""Curse of Intelligence""],[""limit"",""archer""],[""action"",""39""],[""image"",""active116""],[""desc"",""#nDecrease the target's Intelligence temporally.""],[""ability"",""#nIntellegence - %1!d! %%#nLasting Time : %2!d!#nEnergy used : 42""],[""parameter"",""1"",[""mul"",""skill_level"",""24""]],[""parameter"",""2"",[""plus"",""50"",[""mul"",""skill_level"",""20""]]],[""level"",""57"",""64"",""0""],[""grade"",""11"",""0""],[""maxlevel"",""1"",""2"",""0""],[""compare"",""1"",""42""],[""compare"",""2"",""200""],[""compare"",""3"",""0""],[""compare"",""4"",""60000""],[""type"",""active"",""use""],[""motion"",""0"",""11"",""none""],[""ridemotion"",""0"",""4"",""none""],[""battleride"",""1""],[""damagetype"",""3""],[""targetkind"",""1"",""2""],[""property"",""2"",""3"",""0"",""0"",""2"",""5""]]",bango-file,jobsystem.dat,4661
Curse of Wisdom,2,,#nDecrease the target's Wisdom temporally.,,active117,,,#nWisdom - %1!d! %%#nLasting Time : %2!d!#nEnergy used : 38,,,38,0,60000,200,,,archer-39,1,"[""archer""]","[""40""]","[""58"",""66"",""0""]","[""11"",""0""]","[""1"",""2"",""0""]","[""active"",""use""]","[""2"",""3"",""0"",""0"",""2"",""5""]","[[""parameter"",""1"",[""mul"",""skill_level"",""16""]],[""parameter"",""2"",[""plus"",""50"",[""mul"",""skill_level"",""20""]]]]","[""skill_level 16 *"",""50 skill_level 20 * +""]","[[""compare"",""1"",""38""],[""compare"",""2"",""200""],[""compare"",""3"",""0""],[""compare"",""4"",""60000""]]","[""38""]","[""200""]","[""0""]","[""60000""]","{""1"":""verified-ability-text-and-gitbook"",""2"":""gitbook-verified-for-class"",""3"":""gitbook-verified-for-class"",""4"":""gitbook-verified-for-class""}",[],"[""skill"",[""key"",""archer-39""],[""name"",""Curse of Wisdom""],[""limit"",""archer""],[""action"",""40""],[""image"",""active117""],[""desc"",""#nDecrease the target's Wisdom temporally.""],[""ability"",""#nWisdom - %1!d! %%#nLasting Time : %2!d!#nEnergy used : 38""],[""parameter"",""1"",[""mul"",""skill_level"",""16""]],[""parameter"",""2"",[""plus"",""50"",[""mul"",""skill_level"",""20""]]],[""level"",""58"",""66"",""0""],[""grade"",""11"",""0""],[""maxlevel"",""1"",""2"",""0""],[""compare"",""1"",""38""],[""compare"",""2"",""200""],[""compare"",""3"",""0""],[""compare"",""4"",""60000""],[""type"",""active"",""use""],[""motion"",""0"",""11"",""none""],[""ridemotion"",""0"",""4"",""none""],[""battleride"",""1""],[""damagetype"",""3""],[""targetkind"",""1"",""2""],[""property"",""2"",""3"",""0"",""0"",""2"",""5""]]",bango-file,jobsystem.dat,4684
Curse of Defense,2,,#nDecrease the target's Defense temporally.,,active118,,,#nShort Range Defense - %1!d! %%#nLong-Range Defense - %2!d! %%#nLasting Time : %3!d!#nEnergy used : 83,,,83,0,60000,180,,,archer-40,1,"[""archer""]","[""41""]","[""59"",""67"",""0""]","[""11"",""0""]","[""1"",""2"",""0""]","[""active"",""use""]","[""2"",""3"",""0"",""0"",""2"",""5""]","[[""parameter"",""1"",[""plus"",""4"",[""mul"",""skill_level"",""8""]]],[""parameter"",""2"",[""plus"",""2"",[""mul"",""skill_level"",""6""]]],[""parameter"",""3"",[""plus"",""30"",[""mul"",""skill_level"",""10""]]]]","[""4 skill_level 8 * +"",""2 skill_level 6 * +"",""30 skill_level 10 * +""]","[[""compare"",""1"",""83""],[""compare"",""2"",""180""],[""compare"",""3"",""0""],[""compare"",""4"",""60000""]]","[""83""]","[""180""]","[""0""]","[""60000""]","{""1"":""verified-ability-text-and-gitbook"",""2"":""gitbook-verified-for-class"",""3"":""gitbook-verified-for-class"",""4"":""gitbook-verified-for-class""}",[],"[""skill"",[""key"",""archer-40""],[""name"",""Curse of Defense""],[""limit"",""archer""],[""action"",""41""],[""image"",""active118""],[""desc"",""#nDecrease the target's Defense temporally.""],[""ability"",""#nShort Range Defense - %1!d! %%#nLong-Range Defense - %2!d! %%#nLasting Time : %3!d!#nEnergy used : 83""],[""parameter"",""1"",[""plus"",""4"",[""mul"",""skill_level"",""8""]]],[""parameter"",""2"",[""plus"",""2"",[""mul"",""skill_level"",""6""]]],[""parameter"",""3"",[""plus"",""30"",[""mul"",""skill_level"",""10""]]],[""level"",""59"",""67"",""0""],[""grade"",""11"",""0""],[""maxlevel"",""1"",""2"",""0""],[""compare"",""1"",""83""],[""compare"",""2"",""180""],[""compare"",""3"",""0""],[""compare"",""4"",""60000""],[""type"",""active"",""use""],[""motion"",""0"",""11"",""none""],[""ridemotion"",""0"",""4"",""none""],[""battleride"",""1""],[""damagetype"",""3""],[""targetkind"",""1"",""2""],[""property"",""2"",""3"",""0"",""0"",""2"",""5""]]",bango-file,jobsystem.dat,4707
Poison Cloud,2,,#nSpread the poison cloud and give continous damage#nto the all player in the poison cloud.#nPoison cloud stays for 12 seconds.,,active119,,,#nDamage : %2!d! %% of Base Attack#nLasting Time : 12#nEnergy used : %1!d!,,,100 skill_level 16 * +,2000,180000,200,,,archer-41,1,"[""archer""]","[""42""]","[""59"",""70"",""0""]","[""11"",""0""]","[""1"",""2"",""0""]","[""active"",""once""]","[""2"",""3"",""0"",""0"",""9"",""5""]","[[""parameter"",""1"",[""plus"",""100"",[""mul"",""skill_level"",""16""]]],[""parameter"",""2"",[""plus"",""5"",[""mul"",""skill_level"",""20""]]]]","[""100 skill_level 16 * +"",""5 skill_level 20 * +""]","[[""compare"",""1"",[""plus"",""100"",[""mul"",""skill_level"",""16""]]],[""compare"",""2"",""200""],[""compare"",""3"",""2000""],[""compare"",""4"",""180000""]]","[""100 skill_level 16 * +""]","[""200""]","[""2000""]","[""180000""]","{""1"":""verified-ability-text-and-gitbook"",""2"":""gitbook-verified-for-class"",""3"":""gitbook-verified-for-class"",""4"":""gitbook-verified-for-class""}",[],"[""skill"",[""key"",""archer-41""],[""name"",""Poison Cloud""],[""limit"",""archer""],[""action"",""42""],[""image"",""active119""],[""desc"",""#nSpread the poison cloud and give continous damage#nto the all player in the poison cloud.#nPoison cloud stays for 12 seconds.""],[""ability"",""#nDamage : %2!d! %% of Base Attack#nLasting Time : 12#nEnergy used : %1!d!""],[""parameter"",""1"",[""plus"",""100"",[""mul"",""skill_level"",""16""]]],[""parameter"",""2"",[""plus"",""5"",[""mul"",""skill_level"",""20""]]],[""level"",""59"",""70"",""0""],[""grade"",""11"",""0""],[""maxlevel"",""1"",""2"",""0""],[""compare"",""1"",[""plus"",""100"",[""mul"",""skill_level"",""16""]]],[""compare"",""2"",""200""],[""compare"",""3"",""2000""],[""compare"",""4"",""180000""],[""type"",""active"",""once""],[""motion"",""10"",""11"",""none""],[""ridemotion"",""2"",""3"",""none""],[""battleride"",""1""],[""damagetype"",""0""],[""property"",""2"",""3"",""0"",""0"",""9"",""5""]]",bango-file,jobsystem.dat,4731
Loss of Confidence,2,,#nDecrease the target's On-Target Point temporally.,,active120,,,#n On-Target Point -50 %%#nLasting Time : 15#nEnergy used : 98,,,98,0,30000,90,,,archer-42,1,"[""archer""]","[""43""]","[""61"",""0""]","[""11"",""0""]","[""1"",""0""]","[""active"",""use""]","[""2"",""3"",""0"",""0"",""2"",""5""]",[],[],"[[""compare"",""1"",""98""],[""compare"",""2"",""90""],[""compare"",""3"",""0""],[""compare"",""4"",""30000""]]","[""98""]","[""90""]","[""0""]","[""30000""]","{""1"":""verified-ability-text-and-gitbook"",""2"":""gitbook-verified-for-class"",""3"":""gitbook-verified-for-class"",""4"":""gitbook-verified-for-class""}",[],"[""skill"",[""key"",""archer-42""],[""name"",""Loss of Confidence""],[""limit"",""archer""],[""action"",""43""],[""image"",""active120""],[""desc"",""#nDecrease the target's On-Target Point temporally.""],[""ability"",""#n On-Target Point -50 %%#nLasting Time : 15#nEnergy used : 98""],[""level"",""61"",""0""],[""grade"",""11"",""0""],[""maxlevel"",""1"",""0""],[""compare"",""1"",""98""],[""compare"",""2"",""90""],[""compare"",""3"",""0""],[""compare"",""4"",""30000""],[""type"",""active"",""use""],[""motion"",""0"",""11"",""none""],[""ridemotion"",""0"",""4"",""none""],[""battleride"",""1""],[""damagetype"",""3""],[""targetkind"",""1"",""2""],[""property"",""2"",""3"",""0"",""0"",""2"",""5""]]",bango-file,jobsystem.dat,4753
Sight Blockade,2,,#nBlock the target's sight and#nmake the target blind.,,active121,,,#nLasting Time : 10#nEnergy used : 100,,,100,1800,30000,170,,,archer-43,1,"[""archer""]","[""44""]","[""62"",""0""]","[""11"",""0""]","[""1"",""0""]","[""active"",""use""]","[""2"",""3"",""0"",""0"",""2"",""5""]",[],[],"[[""compare"",""1"",""100""],[""compare"",""2"",""170""],[""compare"",""3"",""1800""],[""compare"",""4"",""30000""]]","[""100""]","[""170""]","[""1800""]","[""30000""]","{""1"":""verified-ability-text-and-gitbook"",""2"":""gitbook-verified-for-class"",""3"":""gitbook-verified-for-class"",""4"":""gitbook-verified-for-class""}",[],"[""skill"",[""key"",""archer-43""],[""name"",""Sight Blockade""],[""limit"",""archer""],[""action"",""44""],[""image"",""active121""],[""desc"",""#nBlock the target's sight and#nmake the target blind.""],[""ability"",""#nLasting Time : 10#nEnergy used : 100""],[""level"",""62"",""0""],[""grade"",""11"",""0""],[""maxlevel"",""1"",""0""],[""compare"",""1"",""100""],[""compare"",""2"",""170""],[""compare"",""3"",""1800""],[""compare"",""4"",""30000""],[""type"",""active"",""use""],[""motion"",""10"",""11"",""none""],[""ridemotion"",""2"",""3"",""none""],[""battleride"",""1""],[""damagetype"",""3""],[""targetkind"",""1"",""2""],[""property"",""2"",""3"",""0"",""0"",""2"",""5""]]",bango-file,jobsystem.dat,4774
Buff Remover,2,,#nDisable all the buffs from the target.,,active122,,,#nEnergy used : 68,,,68,2300,15000,200,,,archer-44,1,"[""archer""]","[""45""]","[""63"",""0""]","[""11"",""0""]","[""1"",""0""]","[""active"",""use""]","[""2"",""3"",""0"",""0"",""9"",""5""]",[],[],"[[""compare"",""1"",""68""],[""compare"",""2"",""200""],[""compare"",""3"",""2300""],[""compare"",""4"",""15000""]]","[""68""]","[""200""]","[""2300""]","[""15000""]","{""1"":""verified-ability-text-and-gitbook"",""2"":""gitbook-verified-for-class"",""3"":""gitbook-verified-for-class"",""4"":""gitbook-verified-for-class""}",[],"[""skill"",[""key"",""archer-44""],[""name"",""Buff Remover""],[""limit"",""archer""],[""action"",""45""],[""image"",""active122""],[""desc"",""#nDisable all the buffs from the target.""],[""ability"",""#nEnergy used : 68""],[""level"",""63"",""0""],[""grade"",""11"",""0""],[""maxlevel"",""1"",""0""],[""compare"",""1"",""68""],[""compare"",""2"",""200""],[""compare"",""3"",""2300""],[""compare"",""4"",""15000""],[""type"",""active"",""use""],[""motion"",""10"",""11"",""none""],[""ridemotion"",""2"",""3"",""none""],[""battleride"",""1""],[""damagetype"",""3""],[""targetkind"",""1"",""2""],[""property"",""2"",""3"",""0"",""0"",""9"",""5""]]",bango-file,jobsystem.dat,4795
Shrewdness,1,,#nIncrease your basic Evasion Point.,,passive024,,,#nEvasion percent increase : %1!d! %%,,,,,,,,,archer-45,1,"[""archer""]","[""48""]","[""70"",""0""]","[""43"",""1""]","[""1"",""0""]","[""passive"",""etc""]","[""0"",""0"",""0"",""0"",""0"",""0"",""0""]","[[""parameter"",""1"",[""div"",""char_level"",""8""]]]","[""char_level 8 /""]",[],[],[],[],[],{},[],"[""skill"",[""key"",""archer-45""],[""name"",""Shrewdness""],[""limit"",""archer""],[""action"",""48""],[""image"",""passive024""],[""desc"",""#nIncrease your basic Evasion Point.""],[""ability"",""#nEvasion percent increase : %1!d! %%""],[""parameter"",""1"",[""div"",""char_level"",""8""]],[""level"",""70"",""0""],[""grade"",""43"",""1""],[""maxlevel"",""1"",""0""],[""type"",""passive"",""etc""],[""property"",""0"",""0"",""0"",""0"",""0"",""0"",""0""]]",bango-file,jobsystem.dat,4819
Arrow Explosion,2,,#nAttack a single target with an explosive arrow that detonates shortly after impact. #nEnemies within a certain radius around the target are#ninflicted with splashed damage upon explosion.,,active127,,,#nEnergy used : %1!d!,,,20 char_level 4 * +,1800,"[""300000"",""270000"",""240000"",""210000"",""180000"",""150000""]",weapon_range,,,archer-46,1,"[""archer""]","[""49""]","[""70"",""0""]","[""43"",""0""]","[""6"",""0""]","[""active"",""use""]","[""0"",""0"",""0"",""0"",""0"",""0"",""0""]","[[""parameter"",""1"",[""plus"",""20"",[""mul"",""char_level"",""4""]]]]","[""20 char_level 4 * +""]","[[""compare"",""1"",[""plus"",""20"",[""mul"",""char_level"",""4""]]],[""compare"",""2"",""weapon_range""],[""compare"",""3"",""1800""],[""compare"",""4"",""300000"",""270000"",""240000"",""210000"",""180000"",""150000""]]","[""20 char_level 4 * +""]","[""weapon_range""]","[""1800""]","[""300000"",""270000"",""240000"",""210000"",""180000"",""150000""]","{""1"":""verified-ability-text-and-gitbook"",""2"":""gitbook-verified-for-class"",""3"":""gitbook-verified-for-class"",""4"":""gitbook-verified-for-class""}",[],"[""skill"",[""key"",""archer-46""],[""name"",""Arrow Explosion""],[""limit"",""archer""],[""action"",""49""],[""image"",""active127""],[""desc"",""#nAttack a single target with an explosive arrow that detonates shortly after impact. #nEnemies within a certain radius around the target are#ninflicted with splashed damage upon explosion.""],[""ability"",""#nEnergy used : %1!d!""],[""parameter"",""1"",[""plus"",""20"",[""mul"",""char_level"",""4""]]],[""level"",""70"",""0""],[""grade"",""43"",""0""],[""maxlevel"",""6"",""0""],[""type"",""active"",""use""],[""compare"",""1"",[""plus"",""20"",[""mul"",""char_level"",""4""]]],[""compare"",""2"",""weapon_range""],[""compare"",""3"",""1800""],[""compare"",""4"",""300000"",""270000"",""240000"",""210000"",""180000"",""150000""],[""motion"",""16"",""13"",""none""],[""ridemotion"",""16"",""13"",""none""],[""battleride"",""1""],[""damagetype"",""1""],[""property"",""0"",""0"",""0"",""0"",""0"",""0"",""0""]]",bango-file,jobsystem.dat,4836
sharpness,2,,#nIncreases the movement speed of the Sprint skills.,,active154,,,"#nMove Speed Up : %1!d!, Maintaining Time : 30 sec",,,50,0,600000,weapon_range,,,archer-47,1,"[""archer""]","[""46""]","[""70"",""0""]","[""23"",""1""]","[""1"",""0""]","[""active"",""once""]","[""2"",""2"",""1"",""0"",""3"",""4""]","[[""parameter"",""1"",""90""]]","[""90""]","[[""compare"",""1"",""50""],[""compare"",""2"",""weapon_range""],[""compare"",""3"",""0""],[""compare"",""4"",""600000""]]","[""50""]","[""weapon_range""]","[""0""]","[""600000""]","{""1"":""verified-ability-text-and-gitbook"",""2"":""gitbook-verified-for-class"",""3"":""gitbook-verified-for-class"",""4"":""gitbook-verified-for-class""}",[],"[""skill"",[""key"",""archer-47""],[""name"",""sharpness""],[""limit"",""archer""],[""action"",""46""],[""image"",""active154""],[""desc"",""#nIncreases the movement speed of the Sprint skills.""],[""ability"",""#nMove Speed Up : %1!d!, Maintaining Time : 30 sec""],[""parameter"",""1"",""90""],[""level"",""70"",""0""],[""grade"",""23"",""1""],[""maxlevel"",""1"",""0""],[""type"",""active"",""once""],[""compare"",""1"",""50""],[""compare"",""2"",""weapon_range""],[""compare"",""3"",""0""],[""compare"",""4"",""600000""],[""motion"",""0"",""9"",""none""],[""damagetype"",""0""],[""property"",""2"",""2"",""1"",""0"",""3"",""4""]]",bango-file,jobsystem.dat,4862
Arrow rain,2,,#nShower an area with arrows for a 10 second duration.#nThe skill is canceled if you move during the casting of the skill.,,active128,,,#nEnergy used : %1!d!,,,20 char_level 4 * +,2000,"[""300000"",""270000"",""240000"",""210000"",""180000"",""150000""]",weapon_range,,,archer-48,1,"[""archer""]","[""47""]","[""70"",""0""]","[""23"",""0""]","[""6"",""0""]","[""active"",""once""]","[""0"",""0"",""0"",""0"",""0"",""0"",""0""]","[[""parameter"",""1"",[""plus"",""20"",[""mul"",""char_level"",""4""]]]]","[""20 char_level 4 * +""]","[[""compare"",""1"",[""plus"",""20"",[""mul"",""char_level"",""4""]]],[""compare"",""2"",""weapon_range""],[""compare"",""3"",""2000""],[""compare"",""4"",""300000"",""270000"",""240000"",""210000"",""180000"",""150000""]]","[""20 char_level 4 * +""]","[""weapon_range""]","[""2000""]","[""300000"",""270000"",""240000"",""210000"",""180000"",""150000""]","{""1"":""verified-ability-text-and-gitbook"",""2"":""gitbook-verified-for-class"",""3"":""gitbook-verified-for-class"",""4"":""gitbook-verified-for-class""}",[],"[""skill"",[""key"",""archer-48""],[""name"",""Arrow rain""],[""limit"",""archer""],[""action"",""47""],[""image"",""active128""],[""desc"",""#nShower an area with arrows for a 10 second duration.#nThe skill is canceled if you move during the casting of the skill.""],[""ability"",""#nEnergy used : %1!d!""],[""parameter"",""1"",[""plus"",""20"",[""mul"",""char_level"",""4""]]],[""level"",""70"",""0""],[""grade"",""23"",""0""],[""maxlevel"",""6"",""0""],[""type"",""active"",""once""],[""compare"",""1"",[""plus"",""20"",[""mul"",""char_level"",""4""]]],[""compare"",""2"",""weapon_range""],[""compare"",""3"",""2000""],[""compare"",""4"",""300000"",""270000"",""240000"",""210000"",""180000"",""150000""],[""motion"",""14"",""15"",""none""],[""ridemotion"",""16"",""13"",""none""],[""battleride"",""1""],[""damagetype"",""0""],[""property"",""0"",""0"",""0"",""0"",""0"",""0"",""0""]]",bango-file,jobsystem.dat,4886
Blessing of Son of the Sky,1,,#nPower(physical/magical) is increased,,passive027,,,#nPower is increased by %1!d! %%,,,0,0,0,0,,,archer-70,1,"[""archer""]","[""70""]","[""70"",""75"",""80"",""85"",""90"",""95"",""100"",""0""]","[""23"",""0""]","[""1"",""2"",""3"",""4"",""5"",""6"",""7"",""0""]","[""passive"",""etc""]","[""0"",""0"",""1"",""2"",""9"",""0"",""0"",""0""]","[[""parameter"",""1"",[""plus"",""8"",[""mul"",""4"",[""minus"",""skill_level"",""1""]]]]]","[""8 4 skill_level 1 - * +""]","[[""compare"",""1"",""0""],[""compare"",""2"",""0""],[""compare"",""3"",""0""],[""compare"",""4"",""0""]]","[""0""]","[""0""]","[""0""]","[""0""]","{""1"":""verified-ability-text-and-gitbook"",""2"":""gitbook-verified-for-class"",""3"":""gitbook-verified-for-class"",""4"":""gitbook-verified-for-class""}",[],"[""skill"",[""key"",""archer-70""],[""name"",""Blessing of Son of the Sky""],[""limit"",""archer""],[""action"",""70""],[""image"",""passive027""],[""desc"",""#nPower(physical/magical) is increased""],[""ability"",""#nPower is increased by %1!d! %%""],[""parameter"",""1"",[""plus"",""8"",[""mul"",""4"",[""minus"",""skill_level"",""1""]]]],[""level"",""70"",""75"",""80"",""85"",""90"",""95"",""100"",""0""],[""grade"",""23"",""0""],[""maxlevel"",""1"",""2"",""3"",""4"",""5"",""6"",""7"",""0""],[""type"",""passive"",""etc""],[""compare"",""1"",""0""],[""compare"",""2"",""0""],[""compare"",""3"",""0""],[""compare"",""4"",""0""],[""motion"",""0"",""0"",""none""],[""damagetype"",""0""],[""property"",""0"",""0"",""1"",""2"",""9"",""0"",""0"",""0""]]",bango-file,jobsystem.dat,4913
Blessing of Son of the Sky,1,,#nPower(physical/magical) is increased,,passive027,,,#nPower is increased by %1!d! %%,,,0,0,0,0,,,archer-71,1,"[""archer""]","[""71""]","[""70"",""75"",""80"",""85"",""90"",""95"",""100"",""0""]","[""43"",""0""]","[""1"",""2"",""3"",""4"",""5"",""6"",""7"",""0""]","[""passive"",""etc""]","[""0"",""0"",""1"",""2"",""9"",""0"",""0"",""0""]","[[""parameter"",""1"",[""plus"",""8"",[""mul"",""4"",[""minus"",""skill_level"",""1""]]]]]","[""8 4 skill_level 1 - * +""]","[[""compare"",""1"",""0""],[""compare"",""2"",""0""],[""compare"",""3"",""0""],[""compare"",""4"",""0""]]","[""0""]","[""0""]","[""0""]","[""0""]","{""1"":""verified-ability-text-and-gitbook"",""2"":""gitbook-verified-for-class"",""3"":""gitbook-verified-for-class"",""4"":""gitbook-verified-for-class""}",[],"[""skill"",[""key"",""archer-71""],[""name"",""Blessing of Son of the Sky""],[""limit"",""archer""],[""action"",""71""],[""image"",""passive027""],[""desc"",""#nPower(physical/magical) is increased""],[""ability"",""#nPower is increased by %1!d! %%""],[""parameter"",""1"",[""plus"",""8"",[""mul"",""4"",[""minus"",""skill_level"",""1""]]]],[""level"",""70"",""75"",""80"",""85"",""90"",""95"",""100"",""0""],[""grade"",""43"",""0""],[""maxlevel"",""1"",""2"",""3"",""4"",""5"",""6"",""7"",""0""],[""type"",""passive"",""etc""],[""compare"",""1"",""0""],[""compare"",""2"",""0""],[""compare"",""3"",""0""],[""compare"",""4"",""0""],[""motion"",""0"",""0"",""none""],[""damagetype"",""0""],[""property"",""0"",""0"",""1"",""2"",""9"",""0"",""0"",""0""]]",bango-file,jobsystem.dat,4935
Artillery,1,,#nYou may assemble and control the weapon of castle siege.,,passive021,,,,,,0,0,0,0,,,archer-80,1,"[""archer""]","[""80""]","[""50"",""0""]","[""7"",""0""]","[""1"",""0""]","[""passive"",""etc""]","[""0"",""0"",""1"",""1"",""9"",""0""]",[],[],"[[""compare"",""1"",""0""],[""compare"",""2"",""0""],[""compare"",""3"",""0""],[""compare"",""4"",""0""]]","[""0""]","[""0""]","[""0""]","[""0""]","{""1"":""verified-ability-text-and-gitbook"",""2"":""gitbook-verified-for-class"",""3"":""gitbook-verified-for-class"",""4"":""gitbook-verified-for-class""}",[],"[""skill"",[""key"",""archer-80""],[""name"",""Artillery""],[""limit"",""archer""],[""action"",""80""],[""image"",""passive021""],[""desc"",""#nYou may assemble and control the weapon of castle siege.""],[""level"",""50"",""0""],[""grade"",""7"",""0""],[""maxlevel"",""1"",""0""],[""type"",""passive"",""etc""],[""compare"",""1"",""0""],[""compare"",""2"",""0""],[""compare"",""3"",""0""],[""compare"",""4"",""0""],[""motion"",""0"",""0"",""none""],[""damagetype"",""0""],[""property"",""0"",""0"",""1"",""1"",""9"",""0""]]",bango-file,jobsystem.dat,4957
Artillery,1,,#nYou may assemble and control the weapon of castle siege.,,passive021,,,,,,0,0,0,0,,,archer-81,1,"[""archer""]","[""81""]","[""50"",""0""]","[""11"",""0""]","[""1"",""0""]","[""passive"",""etc""]","[""0"",""0"",""1"",""1"",""9"",""0""]",[],[],"[[""compare"",""1"",""0""],[""compare"",""2"",""0""],[""compare"",""3"",""0""],[""compare"",""4"",""0""]]","[""0""]","[""0""]","[""0""]","[""0""]","{""1"":""verified-ability-text-and-gitbook"",""2"":""gitbook-verified-for-class"",""3"":""gitbook-verified-for-class"",""4"":""gitbook-verified-for-class""}",[],"[""skill"",[""key"",""archer-81""],[""name"",""Artillery""],[""limit"",""archer""],[""action"",""81""],[""image"",""passive021""],[""desc"",""#nYou may assemble and control the weapon of castle siege.""],[""level"",""50"",""0""],[""grade"",""11"",""0""],[""maxlevel"",""1"",""0""],[""type"",""passive"",""etc""],[""compare"",""1"",""0""],[""compare"",""2"",""0""],[""compare"",""3"",""0""],[""compare"",""4"",""0""],[""motion"",""0"",""0"",""none""],[""damagetype"",""0""],[""property"",""0"",""0"",""1"",""1"",""9"",""0""]]",bango-file,jobsystem.dat,4976
Mana Circulation,1,,#nTo facilitate the flow of inside energy#n to help the recovery of Mana.,,passive038,,,,,,0,0,0,0,,,archer-82,1,"[""archer""]","[""82""]","[""50"",""0""]","[""11"",""1""]","[""1"",""0""]","[""passive"",""etc""]","[""0"",""0"",""1"",""1"",""9"",""0"",""0"",""0""]",[],[],"[[""compare"",""1"",""0""],[""compare"",""2"",""0""],[""compare"",""3"",""0""],[""compare"",""4"",""0""]]","[""0""]","[""0""]","[""0""]","[""0""]","{""1"":""verified-ability-text-and-gitbook"",""2"":""gitbook-verified-for-class"",""3"":""gitbook-verified-for-class"",""4"":""gitbook-verified-for-class""}",[],"[""skill"",[""key"",""archer-82""],[""name"",""Mana Circulation""],[""limit"",""archer""],[""action"",""82""],[""image"",""passive038""],[""desc"",""#nTo facilitate the flow of inside energy#n to help the recovery of Mana.""],[""level"",""50"",""0""],[""grade"",""11"",""1""],[""maxlevel"",""1"",""0""],[""type"",""passive"",""etc""],[""compare"",""1"",""0""],[""compare"",""2"",""0""],[""compare"",""3"",""0""],[""compare"",""4"",""0""],[""motion"",""0"",""0"",""none""],[""damagetype"",""0""],[""property"",""0"",""0"",""1"",""1"",""9"",""0"",""0"",""0""]]",bango-file,jobsystem.dat,4995
Mystery Skill of Accuracy,1,,#nThe Mystery skills of Son of the sky which improves On-target.,,passive039,,,#nOn-target point increases by %1!d!.,,,0,0,0,0,,,archer-85,1,"[""archer""]","[""85""]","[""81"",""0""]","[""0"",""0""]","[""20"",""0""]","[""passive"",""etc""]","[""0"",""0"",""1"",""2"",""3"",""0"",""0"",""0"",""1""]","[[""parameter"",""1"",[""mul"",""skill_level"",""8""]]]","[""skill_level 8 *""]","[[""compare"",""1"",""0""],[""compare"",""2"",""0""],[""compare"",""3"",""0""],[""compare"",""4"",""0""]]","[""0""]","[""0""]","[""0""]","[""0""]","{""1"":""verified-ability-text-and-gitbook"",""2"":""gitbook-verified-for-class"",""3"":""gitbook-verified-for-class"",""4"":""gitbook-verified-for-class""}",[],"[""skill"",[""key"",""archer-85""],[""name"",""Mystery Skill of Accuracy""],[""action"",""85""],[""limit"",""archer""],[""image"",""passive039""],[""desc"",""#nThe Mystery skills of Son of the sky which improves On-target.""],[""ability"",""#nOn-target point increases by %1!d!.""],[""parameter"",""1"",[""mul"",""skill_level"",""8""]],[""level"",""81"",""0""],[""grade"",""0"",""0""],[""maxlevel"",""20"",""0""],[""type"",""passive"",""etc""],[""compare"",""1"",""0""],[""compare"",""2"",""0""],[""compare"",""3"",""0""],[""compare"",""4"",""0""],[""motion"",""0"",""0"",""none""],[""damagetype"",""0""],[""property"",""0"",""0"",""1"",""2"",""3"",""0"",""0"",""0"",""1""]]",bango-file,jobsystem.dat,5016
Mystery skill of Evasion,1,,#nThe Mystery skills of Son of the sky which improves Evasion.,,passive039,,,#nOn-evasion point increases by %1!d!.,,,0,0,0,0,,,archer-86,1,"[""archer""]","[""86""]","[""81"",""0""]","[""0"",""0""]","[""20"",""0""]","[""passive"",""etc""]","[""0"",""0"",""1"",""2"",""3"",""0"",""0"",""0"",""1""]","[[""parameter"",""1"",[""mul"",""skill_level"",""6""]]]","[""skill_level 6 *""]","[[""compare"",""1"",""0""],[""compare"",""2"",""0""],[""compare"",""3"",""0""],[""compare"",""4"",""0""]]","[""0""]","[""0""]","[""0""]","[""0""]","{""1"":""verified-ability-text-and-gitbook"",""2"":""gitbook-verified-for-class"",""3"":""gitbook-verified-for-class"",""4"":""gitbook-verified-for-class""}",[],"[""skill"",[""key"",""archer-86""],[""name"",""Mystery skill of Evasion""],[""limit"",""archer""],[""action"",""86""],[""image"",""passive039""],[""desc"",""#nThe Mystery skills of Son of the sky which improves Evasion.""],[""ability"",""#nOn-evasion point increases by %1!d!.""],[""parameter"",""1"",[""mul"",""skill_level"",""6""]],[""level"",""81"",""0""],[""grade"",""0"",""0""],[""maxlevel"",""20"",""0""],[""type"",""passive"",""etc""],[""compare"",""1"",""0""],[""compare"",""2"",""0""],[""compare"",""3"",""0""],[""compare"",""4"",""0""],[""motion"",""0"",""0"",""none""],[""damagetype"",""0""],[""property"",""0"",""0"",""1"",""2"",""3"",""0"",""0"",""0"",""1""]]",bango-file,jobsystem.dat,5038
Mystery skill of Defense,1,,#nThe Mystery skills of Son of the sky which improves Defense.,,passive039,,,#nOn-defense point increases by %1!d!.,,,0,0,0,0,,,archer-87,1,"[""archer""]","[""87""]","[""81"",""0""]","[""0"",""0""]","[""20"",""0""]","[""passive"",""etc""]","[""0"",""0"",""1"",""2"",""3"",""0"",""0"",""0"",""1""]","[[""parameter"",""1"",[""plus"",""31"",[""mul"",""7"",[""minus"",""skill_level"",""1""]]]]]","[""31 7 skill_level 1 - * +""]","[[""compare"",""1"",""0""],[""compare"",""2"",""0""],[""compare"",""3"",""0""],[""compare"",""4"",""0""]]","[""0""]","[""0""]","[""0""]","[""0""]","{""1"":""verified-ability-text-and-gitbook"",""2"":""gitbook-verified-for-class"",""3"":""gitbook-verified-for-class"",""4"":""gitbook-verified-for-class""}",[],"[""skill"",[""key"",""archer-87""],[""name"",""Mystery skill of Defense""],[""limit"",""archer""],[""action"",""87""],[""image"",""passive039""],[""desc"",""#nThe Mystery skills of Son of the sky which improves Defense.""],[""ability"",""#nOn-defense point increases by %1!d!.""],[""parameter"",""1"",[""plus"",""31"",[""mul"",""7"",[""minus"",""skill_level"",""1""]]]],[""level"",""81"",""0""],[""grade"",""0"",""0""],[""maxlevel"",""20"",""0""],[""type"",""passive"",""etc""],[""compare"",""1"",""0""],[""compare"",""2"",""0""],[""compare"",""3"",""0""],[""compare"",""4"",""0""],[""motion"",""0"",""0"",""none""],[""damagetype"",""0""],[""property"",""0"",""0"",""1"",""2"",""3"",""0"",""0"",""0"",""1""]]",bango-file,jobsystem.dat,5061
Walk on the Air,,,"#n It is faster than the Skill Run. Plus,#n its speed gets increased as well.#n When the player is in a situation of reiteration,#n use of this skill will be stopped.#n A situation that is not possible for the reiteration :#n Run, Speed Up, Emergency Escape, Potion of Increase#n Buff for Speed of Movement.",,active178,,,,,,6,,,,,,archer-88,1,"[""archer""]","[""88""]","[""91"",""0""]",[],"[""10"",""0""]","[""chant"",""once""]","[""1000"",""0"",""0"",""0"",""0"",""0"",""0"",""0""]",[],[],"[[""compare"",""1"",""6""]]","[""6""]",[],[],[],"{""1"":""verified-ability-text-and-gitbook""}",[],"[""skill"",[""key"",""archer-88""],[""name"",""Walk on the Air""],[""limit"",""archer""],[""action"",""88""],[""image"",""active178""],[""desc"",""#n It is faster than the Skill Run. Plus,#n its speed gets increased as well.#n When the player is in a situation of reiteration,#n use of this skill will be stopped.#n A situation that is not possible for the reiteration :#n Run, Speed Up, Emergency Escape, Potion of Increase#n Buff for Speed of Movement.""],[""level"",""91"",""0""],[""maxlevel"",""10"",""0""],[""property"",""1000"",""0"",""0"",""0"",""0"",""0"",""0"",""0""],[""type"",""chant"",""once""],[""compare"",""1"",""6""],[""awakenskill"",""1""]]",bango-file,jobsystem.dat,5083
Evolution of Mana Circulation,1,,#n Health and energy recover faster#n than the Skill Rest.,,passive040,,,,,,0,0,0,0,,,archer-89,1,"[""archer""]","[""89""]","[""91"",""0""]","[""11"",""1""]","[""10"",""0""]","[""passive"",""etc""]","[""0"",""0"",""1"",""1"",""9"",""0"",""0"",""0""]",[],[],"[[""compare"",""1"",""0""],[""compare"",""2"",""0""],[""compare"",""3"",""0""],[""compare"",""4"",""0""]]","[""0""]","[""0""]","[""0""]","[""0""]","{""1"":""verified-ability-text-and-gitbook"",""2"":""gitbook-verified-for-class"",""3"":""gitbook-verified-for-class"",""4"":""gitbook-verified-for-class""}",[],"[""skill"",[""key"",""archer-89""],[""name"",""Evolution of Mana Circulation""],[""limit"",""archer""],[""action"",""89""],[""image"",""passive040""],[""desc"",""#n Health and energy recover faster#n than the Skill Rest.""],[""level"",""91"",""0""],[""grade"",""11"",""1""],[""maxlevel"",""10"",""0""],[""type"",""passive"",""etc""],[""compare"",""1"",""0""],[""compare"",""2"",""0""],[""compare"",""3"",""0""],[""compare"",""4"",""0""],[""motion"",""0"",""0"",""none""],[""damagetype"",""0""],[""property"",""0"",""0"",""1"",""1"",""9"",""0"",""0"",""0""],[""awakenskill"",""1""]]",bango-file,jobsystem.dat,5097
One Hit Strike,2,,#n Give the strong Physical Damage to#n the target that has been designated.,,active181,,,,,,1.85 200 skill_level 20 skill_level 1 - + * + *,0,1000 200 20 skill_level 1 - * - *,192,,,archer-90,1,"[""archer""]","[""90""]","[""91"",""96"",""101"",""0""]","[""23"",""1""]","[""1"",""2"",""3"",""0""]","[""active"",""use""]","[""1"",""1"",""0"",""0"",""0"",""0"",""5"",""0""]",[],[],"[[""compare"",""1"",[""mul"",""1.85"",[""plus"",""200"",[""mul"",""skill_level"",[""plus"",""20"",[""minus"",""skill_level"",""1""]]]]]],[""compare"",""2"",""192""],[""compare"",""3"",""0""],[""compare"",""4"",[""mul"",""1000"",[""minus"",""200"",[""mul"",""20"",[""minus"",""skill_level"",""1""]]]]]]","[""1.85 200 skill_level 20 skill_level 1 - + * + *""]","[""192""]","[""0""]","[""1000 200 20 skill_level 1 - * - *""]","{""1"":""verified-ability-text-and-gitbook"",""2"":""gitbook-verified-for-class"",""3"":""gitbook-verified-for-class"",""4"":""gitbook-verified-for-class""}",[],"[""skill"",[""key"",""archer-90""],[""name"",""One Hit Strike""],[""limit"",""archer""],[""action"",""90""],[""image"",""active181""],[""desc"",""#n Give the strong Physical Damage to#n the target that has been designated.""],[""level"",""91"",""96"",""101"",""0""],[""grade"",""23"",""1""],[""maxlevel"",""1"",""2"",""3"",""0""],[""type"",""active"",""use""],[""compare"",""1"",[""mul"",""1.85"",[""plus"",""200"",[""mul"",""skill_level"",[""plus"",""20"",[""minus"",""skill_level"",""1""]]]]]],[""compare"",""2"",""192""],[""compare"",""3"",""0""],[""compare"",""4"",[""mul"",""1000"",[""minus"",""200"",[""mul"",""20"",[""minus"",""skill_level"",""1""]]]]],[""motion"",""0"",""3"",""none""],[""ridemotion"",""2"",""3"",""none""],[""battleride"",""1""],[""effect"","""","""",""""],[""damagetype"",""1""],[""property"",""1"",""1"",""0"",""0"",""0"",""0"",""5"",""0""],[""awakenskill"",""1""]]",bango-file,jobsystem.dat,5118
Massive Fire,2,,#nAttack the strong Physical Damage#n to the target that has been designated.,,active182,,,,,,1.85 200 skill_level 20 skill_level 1 - + * + *,0,1000 200 20 skill_level 1 - * - *,176,,,archer-91,1,"[""archer""]","[""91""]","[""91"",""96"",""101"",""0""]","[""43"",""1""]","[""1"",""2"",""3"",""0""]","[""active"",""use""]","[""1"",""1"",""0"",""0"",""0"",""0"",""5"",""0""]",[],[],"[[""compare"",""1"",[""mul"",""1.85"",[""plus"",""200"",[""mul"",""skill_level"",[""plus"",""20"",[""minus"",""skill_level"",""1""]]]]]],[""compare"",""2"",""176""],[""compare"",""3"",""0""],[""compare"",""4"",[""mul"",""1000"",[""minus"",""200"",[""mul"",""20"",[""minus"",""skill_level"",""1""]]]]]]","[""1.85 200 skill_level 20 skill_level 1 - + * + *""]","[""176""]","[""0""]","[""1000 200 20 skill_level 1 - * - *""]","{""1"":""verified-ability-text-and-gitbook"",""2"":""gitbook-verified-for-class"",""3"":""gitbook-verified-for-class"",""4"":""gitbook-verified-for-class""}",[],"[""skill"",[""key"",""archer-91""],[""name"",""Massive Fire""],[""limit"",""archer""],[""action"",""91""],[""image"",""active182""],[""desc"",""#nAttack the strong Physical Damage#n to the target that has been designated.""],[""level"",""91"",""96"",""101"",""0""],[""grade"",""43"",""1""],[""maxlevel"",""1"",""2"",""3"",""0""],[""type"",""active"",""use""],[""compare"",""1"",[""mul"",""1.85"",[""plus"",""200"",[""mul"",""skill_level"",[""plus"",""20"",[""minus"",""skill_level"",""1""]]]]]],[""compare"",""2"",""176""],[""compare"",""3"",""0""],[""compare"",""4"",[""mul"",""1000"",[""minus"",""200"",[""mul"",""20"",[""minus"",""skill_level"",""1""]]]]],[""motion"",""0"",""3"",""none""],[""ridemotion"",""2"",""3"",""none""],[""battleride"",""1""],[""effect"","""","""",""""],[""damagetype"",""1""],[""property"",""1"",""1"",""0"",""0"",""0"",""0"",""5"",""0""],[""awakenskill"",""1""]]",bango-file,jobsystem.dat,5140
Arrows of the Master,2,,#nAttack the strong Physical Damage to#n the target that has been designated.,,active189,,,,,,1.85 200 skill_level 20 skill_level 1 - + * + *,0,1000 200 20 skill_level 1 - * - *,192,,,archer-92,1,"[""archer""]","[""92""]","[""91"",""96"",""101"",""0""]","[""23"",""1""]","[""1"",""2"",""3"",""0""]","[""active"",""use""]","[""1"",""1"",""0"",""0"",""0"",""0"",""5"",""0""]",[],[],"[[""compare"",""1"",[""mul"",""1.85"",[""plus"",""200"",[""mul"",""skill_level"",[""plus"",""20"",[""minus"",""skill_level"",""1""]]]]]],[""compare"",""2"",""192""],[""compare"",""3"",""0""],[""compare"",""4"",[""mul"",""1000"",[""minus"",""200"",[""mul"",""20"",[""minus"",""skill_level"",""1""]]]]]]","[""1.85 200 skill_level 20 skill_level 1 - + * + *""]","[""192""]","[""0""]","[""1000 200 20 skill_level 1 - * - *""]","{""1"":""verified-ability-text-and-gitbook"",""2"":""gitbook-verified-for-class"",""3"":""gitbook-verified-for-class"",""4"":""gitbook-verified-for-class""}",[],"[""skill"",[""key"",""archer-92""],[""name"",""Arrows of the Master""],[""limit"",""archer""],[""action"",""92""],[""image"",""active189""],[""desc"",""#nAttack the strong Physical Damage to#n the target that has been designated.""],[""level"",""91"",""96"",""101"",""0""],[""grade"",""23"",""1""],[""maxlevel"",""1"",""2"",""3"",""0""],[""type"",""active"",""use""],[""compare"",""1"",[""mul"",""1.85"",[""plus"",""200"",[""mul"",""skill_level"",[""plus"",""20"",[""minus"",""skill_level"",""1""]]]]]],[""compare"",""2"",""192""],[""compare"",""3"",""0""],[""compare"",""4"",[""mul"",""1000"",[""minus"",""200"",[""mul"",""20"",[""minus"",""skill_level"",""1""]]]]],[""motion"",""0"",""3"",""none""],[""ridemotion"",""2"",""3"",""none""],[""battleride"",""1""],[""effect"","""","""",""""],[""damagetype"",""1""],[""property"",""1"",""1"",""0"",""0"",""0"",""0"",""5"",""0""],[""awakenskill"",""1""]]",bango-file,jobsystem.dat,5162
Spirit of the Arrows,2,,#n Attack the designated target with the strong damage.,,active190,,,,,,1.85 200 skill_level 20 skill_level 1 - + * + *,0,1000 200 20 skill_level 1 - * - *,176,,,archer-93,1,"[""archer""]","[""93""]","[""91"",""96"",""101"",""0""]","[""43"",""1""]","[""1"",""2"",""3"",""0""]","[""active"",""use""]","[""1"",""1"",""0"",""0"",""0"",""0"",""5"",""0""]",[],[],"[[""compare"",""1"",[""mul"",""1.85"",[""plus"",""200"",[""mul"",""skill_level"",[""plus"",""20"",[""minus"",""skill_level"",""1""]]]]]],[""compare"",""2"",""176""],[""compare"",""3"",""0""],[""compare"",""4"",[""mul"",""1000"",[""minus"",""200"",[""mul"",""20"",[""minus"",""skill_level"",""1""]]]]]]","[""1.85 200 skill_level 20 skill_level 1 - + * + *""]","[""176""]","[""0""]","[""1000 200 20 skill_level 1 - * - *""]","{""1"":""verified-ability-text-and-gitbook"",""2"":""gitbook-verified-for-class"",""3"":""gitbook-verified-for-class"",""4"":""gitbook-verified-for-class""}",[],"[""skill"",[""key"",""archer-93""],[""name"",""Spirit of the Arrows""],[""limit"",""archer""],[""action"",""93""],[""image"",""active190""],[""desc"",""#n Attack the designated target with the strong damage.""],[""level"",""91"",""96"",""101"",""0""],[""grade"",""43"",""1""],[""maxlevel"",""1"",""2"",""3"",""0""],[""type"",""active"",""use""],[""compare"",""1"",[""mul"",""1.85"",[""plus"",""200"",[""mul"",""skill_level"",[""plus"",""20"",[""minus"",""skill_level"",""1""]]]]]],[""compare"",""2"",""176""],[""compare"",""3"",""0""],[""compare"",""4"",[""mul"",""1000"",[""minus"",""200"",[""mul"",""20"",[""minus"",""skill_level"",""1""]]]]],[""motion"",""0"",""3"",""none""],[""ridemotion"",""2"",""3"",""none""],[""battleride"",""1""],[""effect"","""","""",""""],[""damagetype"",""1""],[""property"",""1"",""1"",""0"",""0"",""0"",""0"",""5"",""0""],[""awakenskill"",""1""]]",bango-file,jobsystem.dat,5184
Attack of Dark Shadow,1,,#n Give the Critical Hit when you are#n satisfied with the certain number of hit ,,passive041,,,,,,0,0,0,0,,,archer-94,1,"[""archer""]","[""94""]","[""96"",""0""]","[""11"",""1""]","[""2"",""0""]","[""passive"",""etc""]","[""0"",""0"",""1"",""1"",""9"",""0"",""0"",""0""]",[],[],"[[""compare"",""1"",""0""],[""compare"",""2"",""0""],[""compare"",""3"",""0""],[""compare"",""4"",""0""]]","[""0""]","[""0""]","[""0""]","[""0""]","{""1"":""verified-ability-text-and-gitbook"",""2"":""gitbook-verified-for-class"",""3"":""gitbook-verified-for-class"",""4"":""gitbook-verified-for-class""}",[],"[""skill"",[""key"",""archer-94""],[""name"",""Attack of Dark Shadow""],[""limit"",""archer""],[""action"",""94""],[""image"",""passive041""],[""desc"",""#n Give the Critical Hit when you are#n satisfied with the certain number of hit ""],[""level"",""96"",""0""],[""grade"",""11"",""1""],[""maxlevel"",""2"",""0""],[""type"",""passive"",""etc""],[""compare"",""1"",""0""],[""compare"",""2"",""0""],[""compare"",""3"",""0""],[""compare"",""4"",""0""],[""motion"",""0"",""26"",""none""],[""damagetype"",""0""],[""property"",""0"",""0"",""1"",""1"",""9"",""0"",""0"",""0""],[""awakenskill"",""1""]]",bango-file,jobsystem.dat,5206
Provocation of Blow,2,,#nIncrease enemy's hostility by giving a strong blow#nHostility increases in proportion to its skill-level.#nRequires a shield.,,active165,,,#nAdd Attack + %2!d! %%#nHostility +%3!d! %%#nEnergy used : %1!d!,,,200 skill_level 20 skill_level 1 - + * +,0,50000,60,,,knight-42,1,"[""knight""]","[""42""]","[""75"",""0""]","[""43"",""0""]","[""5"",""0""]","[""active"",""use""]","[""1"",""2"",""0"",""0"",""0"",""0"",""5"",""0""]","[[""parameter"",""1"",[""plus"",""200"",[""mul"",""skill_level"",[""plus"",""20"",[""minus"",""skill_level"",""1""]]]]],[""parameter"",""2"",[""div"",[""mul"",""10"",[""plus"",[""mul"",""15"",""skill_level""],""200""]],""8""]],[""parameter"",""3"",[""plus"",""500"",[""mul"",""skill_level"",""100""]]]]","[""200 skill_level 20 skill_level 1 - + * +"",""10 15 skill_level * 200 + * 8 /"",""500 skill_level 100 * +""]","[[""compare"",""1"",[""plus"",""200"",[""mul"",""skill_level"",[""plus"",""20"",[""minus"",""skill_level"",""1""]]]]],[""compare"",""2"",""60""],[""compare"",""3"",""0""],[""compare"",""4"",""50000""]]","[""200 skill_level 20 skill_level 1 - + * +""]","[""60""]","[""0""]","[""50000""]","{""1"":""verified-ability-text-and-gitbook"",""2"":""gitbook-verified-for-class"",""3"":""gitbook-verified-for-class"",""4"":""gitbook-verified-for-class""}",[],"[""skill"",[""key"",""knight-42""],[""limit"",""knight""],[""action"",""42""],[""name"",""Provocation of Blow""],[""image"",""active165""],[""desc"",""#nIncrease enemy's hostility by giving a strong blow#nHostility increases in proportion to its skill-level.#nRequires a shield.""],[""ability"",""#nAdd Attack + %2!d! %%#nHostility +%3!d! %%#nEnergy used : %1!d!""],[""parameter"",""1"",[""plus"",""200"",[""mul"",""skill_level"",[""plus"",""20"",[""minus"",""skill_level"",""1""]]]]],[""parameter"",""2"",[""div"",[""mul"",""10"",[""plus"",[""mul"",""15"",""skill_level""],""200""]],""8""]],[""parameter"",""3"",[""plus"",""500"",[""mul"",""skill_level"",""100""]]],[""level"",""75"",""0""],[""grade"",""43"",""0""],[""maxlevel"",""5"",""0""],[""type"",""active"",""use""],[""compare"",""1"",[""plus"",""200"",[""mul"",""skill_level"",[""plus"",""20"",[""minus"",""skill_level"",""1""]]]]],[""compare"",""2"",""60""],[""compare"",""3"",""0""],[""compare"",""4"",""50000""],[""motion"",""0"",""44"",""none""],[""ridemotion"",""32"",""32"",""none""],[""battleride"",""1""],[""damagetype"",""1""],[""property"",""1"",""2"",""0"",""0"",""0"",""0"",""5"",""0""]]",bango-file,jobsystem.dat,5231
Sword Dance,2,,#nAttack in rapid succession with a rapid sword-wielding.#nRequires a two-handed weapon.,,active163,,,#nThe number of strikes : %1!d!#nEnergy used : %2!d!,,,120 skill_level 20 skill_level 1 - + * + 1.75 *,0,"[""170000"",""150000"",""130000"",""110000"",""90000""]",60,,,knight-43,1,"[""knight""]","[""43""]","[""75"",""0""]","[""23"",""0""]","[""5"",""0""]","[""active"",""use""]","[""1"",""3"",""0"",""0"",""0"",""0"",""5"",""0""]","[[""parameter"",""1"",[""plus"",""skill_level"",""1""]],[""parameter"",""2"",[""mul"",[""plus"",""120"",[""mul"",""skill_level"",[""plus"",""20"",[""minus"",""skill_level"",""1""]]]],""1.75""]]]","[""skill_level 1 +"",""120 skill_level 20 skill_level 1 - + * + 1.75 *""]","[[""compare"",""1"",[""mul"",[""plus"",""120"",[""mul"",""skill_level"",[""plus"",""20"",[""minus"",""skill_level"",""1""]]]],""1.75""]],[""compare"",""2"",""60""],[""compare"",""3"",""0""],[""compare"",""4"",""170000"",""150000"",""130000"",""110000"",""90000""]]","[""120 skill_level 20 skill_level 1 - + * + 1.75 *""]","[""60""]","[""0""]","[""170000"",""150000"",""130000"",""110000"",""90000""]","{""1"":""verified-ability-text-and-gitbook"",""2"":""gitbook-verified-for-class"",""3"":""gitbook-verified-for-class"",""4"":""gitbook-verified-for-class""}",[],"[""skill"",[""key"",""knight-43""],[""limit"",""knight""],[""action"",""43""],[""name"",""Sword Dance""],[""image"",""active163""],[""desc"",""#nAttack in rapid succession with a rapid sword-wielding.#nRequires a two-handed weapon.""],[""ability"",""#nThe number of strikes : %1!d!#nEnergy used : %2!d!""],[""parameter"",""1"",[""plus"",""skill_level"",""1""]],[""parameter"",""2"",[""mul"",[""plus"",""120"",[""mul"",""skill_level"",[""plus"",""20"",[""minus"",""skill_level"",""1""]]]],""1.75""]],[""level"",""75"",""0""],[""grade"",""23"",""0""],[""maxlevel"",""5"",""0""],[""type"",""active"",""use""],[""compare"",""1"",[""mul"",[""plus"",""120"",[""mul"",""skill_level"",[""plus"",""20"",[""minus"",""skill_level"",""1""]]]],""1.75""]],[""compare"",""2"",""60""],[""compare"",""3"",""0""],[""compare"",""4"",""170000"",""150000"",""130000"",""110000"",""90000""],[""motion"",""0"",""44"",""none""],[""ridemotion"",""25"",""26"",""none""],[""battleride"",""1""],[""damagetype"",""1""],[""property"",""1"",""3"",""0"",""0"",""0"",""0"",""5"",""0""]]",bango-file,jobsystem.dat,5255
Therapeutic touch,2,,#nHP is recovered every 2 seconds for 12 seconds.#nIt can't be used on monsters.,,active170,,,#nEnergy used : %1!d!,,,100 skill_level 50 skill_level 1 - + * + 1.98 *,1399,60000,180,,,mage-72,1,"[""mage""]","[""72""]","[""75"",""0""]","[""43"",""0""]","[""5"",""0""]","[""active"",""use""]","[""3"",""3"",""1"",""0"",""9"",""0"",""2"",""0""]","[[""parameter"",""1"",[""mul"",[""plus"",""100"",[""mul"",""skill_level"",[""plus"",""50"",[""minus"",""skill_level"",""1""]]]],""1.98""]]]","[""100 skill_level 50 skill_level 1 - + * + 1.98 *""]","[[""compare"",""1"",[""mul"",[""plus"",""100"",[""mul"",""skill_level"",[""plus"",""50"",[""minus"",""skill_level"",""1""]]]],""1.98""]],[""compare"",""2"",""180""],[""compare"",""3"",""1399""],[""compare"",""4"",""60000""]]","[""100 skill_level 50 skill_level 1 - + * + 1.98 *""]","[""180""]","[""1399""]","[""60000""]","{""1"":""verified-ability-text-and-gitbook"",""2"":""gitbook-verified-for-class"",""3"":""gitbook-verified-for-class"",""4"":""gitbook-verified-for-class""}",[],"[""skill"",[""key"",""mage-72""],[""limit"",""mage""],[""action"",""72""],[""name"",""Therapeutic touch""],[""image"",""active170""],[""desc"",""#nHP is recovered every 2 seconds for 12 seconds.#nIt can't be used on monsters.""],[""ability"",""#nEnergy used : %1!d!""],[""parameter"",""1"",[""mul"",[""plus"",""100"",[""mul"",""skill_level"",[""plus"",""50"",[""minus"",""skill_level"",""1""]]]],""1.98""]],[""level"",""75"",""0""],[""grade"",""43"",""0""],[""maxlevel"",""5"",""0""],[""type"",""active"",""use""],[""compare"",""1"",[""mul"",[""plus"",""100"",[""mul"",""skill_level"",[""plus"",""50"",[""minus"",""skill_level"",""1""]]]],""1.98""]],[""compare"",""2"",""180""],[""compare"",""3"",""1399""],[""compare"",""4"",""60000""],[""motion"",""34"",""35"",""none""],[""ridemotion"",""14"",""15"",""none""],[""battleride"",""1""],[""damagetype"",""2""],[""targetkind"",""1""],[""property"",""3"",""3"",""1"",""0"",""9"",""0"",""2"",""0""]]",bango-file,jobsystem.dat,5276
Fireball,2,,"#nGather fire energy and create a big mass of flame#nThe longer fire energy is gathered, the stronger Fireball is created.",,active169,,,#nEnergy used : %1!d!,,,300 skill_level 30 skill_level 1 - + * + 0.79 *,1399,"[""180000"",""160000"",""140000"",""120000"",""100000""]",180,,,mage-73,1,"[""mage""]","[""73""]","[""75"",""0""]","[""23"",""0""]","[""5"",""0""]","[""active"",""use""]","[""3"",""2"",""0"",""0"",""1"",""0"",""5"",""0""]","[[""parameter"",""1"",[""mul"",[""plus"",""300"",[""mul"",""skill_level"",[""plus"",""30"",[""minus"",""skill_level"",""1""]]]],""0.79""]]]","[""300 skill_level 30 skill_level 1 - + * + 0.79 *""]","[[""compare"",""1"",[""mul"",[""plus"",""300"",[""mul"",""skill_level"",[""plus"",""30"",[""minus"",""skill_level"",""1""]]]],""0.79""]],[""compare"",""2"",""180""],[""compare"",""3"",""1399""],[""compare"",""4"",""180000"",""160000"",""140000"",""120000"",""100000""]]","[""300 skill_level 30 skill_level 1 - + * + 0.79 *""]","[""180""]","[""1399""]","[""180000"",""160000"",""140000"",""120000"",""100000""]","{""1"":""verified-ability-text-and-gitbook"",""2"":""gitbook-verified-for-class"",""3"":""gitbook-verified-for-class"",""4"":""gitbook-verified-for-class""}","[[""condition"",""65"",""1""]]","[""skill"",[""key"",""mage-73""],[""limit"",""mage""],[""action"",""73""],[""name"",""Fireball""],[""image"",""active169""],[""desc"",""#nGather fire energy and create a big mass of flame#nThe longer fire energy is gathered, the stronger Fireball is created.""],[""ability"",""#nEnergy used : %1!d!""],[""parameter"",""1"",[""mul"",[""plus"",""300"",[""mul"",""skill_level"",[""plus"",""30"",[""minus"",""skill_level"",""1""]]]],""0.79""]],[""level"",""75"",""0""],[""grade"",""23"",""0""],[""maxlevel"",""5"",""0""],[""type"",""active"",""use""],[""compare"",""1"",[""mul"",[""plus"",""300"",[""mul"",""skill_level"",[""plus"",""30"",[""minus"",""skill_level"",""1""]]]],""0.79""]],[""compare"",""2"",""180""],[""compare"",""3"",""1399""],[""compare"",""4"",""180000"",""160000"",""140000"",""120000"",""100000""],[""motion"",""28"",""29"",""none""],[""ridemotion"",""28"",""29"",""none""],[""battleride"",""1""],[""damagetype"",""1""],[""property"",""3"",""2"",""0"",""0"",""1"",""0"",""5"",""0""],[""pileskill"",""2"",""5""],[""condition"",""65"",""1""]]",bango-file,jobsystem.dat,5297
Ice Arrow,2,,#nIce Arrows are brought up around your character#ncan be shot until they are used up.#n Each arrow lasts 18 seconds.,,active167,,,#nEnergy used : %1!d!,,,450 skill_level 100 skill_level 1 - + * + 0.42 *,1399,"[""180000"",""160000"",""140000"",""120000"",""100000""]",200,,,mage-74,1,"[""mage""]","[""74""]","[""75"",""0""]","[""23"",""0""]","[""5"",""0""]","[""active"",""once""]","[""3"",""2"",""1"",""0"",""3"",""0"",""5"",""0""]","[[""parameter"",""1"",[""mul"",[""plus"",""450"",[""mul"",""skill_level"",[""plus"",""100"",[""minus"",""skill_level"",""1""]]]],""0.42""]]]","[""450 skill_level 100 skill_level 1 - + * + 0.42 *""]","[[""compare"",""1"",[""mul"",[""plus"",""450"",[""mul"",""skill_level"",[""plus"",""100"",[""minus"",""skill_level"",""1""]]]],""0.42""]],[""compare"",""2"",""200""],[""compare"",""3"",""1399""],[""compare"",""4"",""180000"",""160000"",""140000"",""120000"",""100000""]]","[""450 skill_level 100 skill_level 1 - + * + 0.42 *""]","[""200""]","[""1399""]","[""180000"",""160000"",""140000"",""120000"",""100000""]","{""1"":""verified-ability-text-and-gitbook"",""2"":""gitbook-verified-for-class"",""3"":""gitbook-verified-for-class"",""4"":""gitbook-verified-for-class""}","[[""condition"",""66"",""1""]]","[""skill"",[""key"",""mage-74""],[""limit"",""mage""],[""action"",""74""],[""name"",""Ice Arrow""],[""image"",""active167""],[""desc"",""#nIce Arrows are brought up around your character#ncan be shot until they are used up.#n Each arrow lasts 18 seconds.""],[""ability"",""#nEnergy used : %1!d!""],[""parameter"",""1"",[""mul"",[""plus"",""450"",[""mul"",""skill_level"",[""plus"",""100"",[""minus"",""skill_level"",""1""]]]],""0.42""]],[""level"",""75"",""0""],[""grade"",""23"",""0""],[""maxlevel"",""5"",""0""],[""type"",""active"",""once""],[""compare"",""1"",[""mul"",[""plus"",""450"",[""mul"",""skill_level"",[""plus"",""100"",[""minus"",""skill_level"",""1""]]]],""0.42""]],[""compare"",""2"",""200""],[""compare"",""3"",""1399""],[""compare"",""4"",""180000"",""160000"",""140000"",""120000"",""100000""],[""motion"",""30"",""31"",""none""],[""ridemotion"",""28"",""29"",""none""],[""battleride"",""1""],[""damagetype"",""1""],[""property"",""3"",""2"",""1"",""0"",""3"",""0"",""5"",""0""],[""renewal"",""1""],[""condition"",""66"",""1""]]",bango-file,jobsystem.dat,5319
Thunderbolt,2,,#nShoot 6 lightening balls consecutively,,active164,,,#nEnergy used : %1!d!,,,280 skill_level 45 skill_level 1 - + * + 0.75 *,1000,"[""180000"",""160000"",""140000"",""120000"",""100000""]",180,,,mage-75,1,"[""mage""]","[""75""]","[""75"",""0""]","[""23"",""0""]","[""5"",""0""]","[""active"",""use""]","[""3"",""2"",""0"",""0"",""1"",""0"",""5"",""0""]","[[""parameter"",""1"",[""mul"",[""plus"",""280"",[""mul"",""skill_level"",[""plus"",""45"",[""minus"",""skill_level"",""1""]]]],""0.75""]]]","[""280 skill_level 45 skill_level 1 - + * + 0.75 *""]","[[""compare"",""1"",[""mul"",[""plus"",""280"",[""mul"",""skill_level"",[""plus"",""45"",[""minus"",""skill_level"",""1""]]]],""0.75""]],[""compare"",""2"",""180""],[""compare"",""3"",""1000""],[""compare"",""4"",""180000"",""160000"",""140000"",""120000"",""100000""]]","[""280 skill_level 45 skill_level 1 - + * + 0.75 *""]","[""180""]","[""1000""]","[""180000"",""160000"",""140000"",""120000"",""100000""]","{""1"":""verified-ability-text-and-gitbook"",""2"":""gitbook-verified-for-class"",""3"":""gitbook-verified-for-class"",""4"":""gitbook-verified-for-class""}","[[""condition"",""67"",""1""]]","[""skill"",[""key"",""mage-75""],[""limit"",""mage""],[""action"",""75""],[""name"",""Thunderbolt""],[""image"",""active164""],[""desc"",""#nShoot 6 lightening balls consecutively""],[""ability"",""#nEnergy used : %1!d!""],[""parameter"",""1"",[""mul"",[""plus"",""280"",[""mul"",""skill_level"",[""plus"",""45"",[""minus"",""skill_level"",""1""]]]],""0.75""]],[""level"",""75"",""0""],[""grade"",""23"",""0""],[""maxlevel"",""5"",""0""],[""type"",""active"",""use""],[""compare"",""1"",[""mul"",[""plus"",""280"",[""mul"",""skill_level"",[""plus"",""45"",[""minus"",""skill_level"",""1""]]]],""0.75""]],[""compare"",""2"",""180""],[""compare"",""3"",""1000""],[""compare"",""4"",""180000"",""160000"",""140000"",""120000"",""100000""],[""motion"",""32"",""33"",""none""],[""ridemotion"",""32"",""33"",""none""],[""battleride"",""1""],[""damagetype"",""1""],[""property"",""3"",""2"",""0"",""0"",""1"",""0"",""5"",""0""],[""condition"",""67"",""1""]]",bango-file,jobsystem.dat,5341
Virulent Arrow,2,,#nVenom explodes and its influence spreads around the moment that#nVirulent Arrow is striken.#nThe influence affects enemies within the range of it over a certain period of time.#n2 Poison item is needed for using,,active166,,,#nEnergy used : %1!d!,,,230 skill_level 25 skill_level 1 - + * + 0.98 *,1633,"[""180000"",""160000"",""140000"",""120000"",""100000""]",160,,,archer-50,1,"[""archer""]","[""50""]","[""75"",""0""]","[""43"",""0""]","[""5"",""0""]","[""active"",""use""]","[""2"",""3"",""0"",""0"",""0"",""0"",""5"",""0""]","[[""parameter"",""1"",[""mul"",[""plus"",""230"",[""mul"",""skill_level"",[""plus"",""25"",[""minus"",""skill_level"",""1""]]]],""0.98""]]]","[""230 skill_level 25 skill_level 1 - + * + 0.98 *""]","[[""compare"",""1"",[""mul"",[""plus"",""230"",[""mul"",""skill_level"",[""plus"",""25"",[""minus"",""skill_level"",""1""]]]],""0.98""]],[""compare"",""2"",""160""],[""compare"",""3"",""1633""],[""compare"",""4"",""180000"",""160000"",""140000"",""120000"",""100000""]]","[""230 skill_level 25 skill_level 1 - + * + 0.98 *""]","[""160""]","[""1633""]","[""180000"",""160000"",""140000"",""120000"",""100000""]","{""1"":""verified-ability-text-and-gitbook"",""2"":""gitbook-verified-for-class"",""3"":""gitbook-verified-for-class"",""4"":""gitbook-verified-for-class""}",[],"[""skill"",[""key"",""archer-50""],[""limit"",""archer""],[""action"",""50""],[""name"",""Virulent Arrow""],[""image"",""active166""],[""desc"",""#nVenom explodes and its influence spreads around the moment that#nVirulent Arrow is striken.#nThe influence affects enemies within the range of it over a certain period of time.#n2 Poison item is needed for using""],[""ability"",""#nEnergy used : %1!d!""],[""parameter"",""1"",[""mul"",[""plus"",""230"",[""mul"",""skill_level"",[""plus"",""25"",[""minus"",""skill_level"",""1""]]]],""0.98""]],[""level"",""75"",""0""],[""grade"",""43"",""0""],[""maxlevel"",""5"",""0""],[""type"",""active"",""use""],[""compare"",""1"",[""mul"",[""plus"",""230"",[""mul"",""skill_level"",[""plus"",""25"",[""minus"",""skill_level"",""1""]]]],""0.98""]],[""compare"",""2"",""160""],[""compare"",""3"",""1633""],[""compare"",""4"",""180000"",""160000"",""140000"",""120000"",""100000""],[""motion"",""20"",""21"",""none""],[""ridemotion"",""2"",""3"",""none""],[""battleride"",""1""],[""damagetype"",""1""],[""property"",""2"",""3"",""0"",""0"",""0"",""0"",""5"",""0""]]",bango-file,jobsystem.dat,5383
Combative Spirit,2,,"#nAdminister a severe blow, Enemies between a shooter and#na target are also shot through their bodies.",,active168,,,#nEnergy used : %1!d! #nPenetration Chance : %2!d!,,,200 skill_level 20 skill_level 1 - + * + 1.85 *,1399,"[""180000"",""160000"",""140000"",""120000"",""100000""]",80,,,archer-51,1,"[""archer""]","[""51""]","[""75"",""0""]","[""23"",""0""]","[""5"",""0""]","[""active"",""use""]","[""2"",""2"",""0"",""0"",""0"",""0"",""5"",""0""]","[[""parameter"",""1"",[""mul"",[""plus"",""200"",[""mul"",""skill_level"",[""plus"",""20"",[""minus"",""skill_level"",""1""]]]],""1.85""]],[""parameter"",""2"",[""mul"",""skill_level"",""20""]]]","[""200 skill_level 20 skill_level 1 - + * + 1.85 *"",""skill_level 20 *""]","[[""compare"",""1"",[""mul"",[""plus"",""200"",[""mul"",""skill_level"",[""plus"",""20"",[""minus"",""skill_level"",""1""]]]],""1.85""]],[""compare"",""2"",""80""],[""compare"",""3"",""1399""],[""compare"",""4"",""180000"",""160000"",""140000"",""120000"",""100000""]]","[""200 skill_level 20 skill_level 1 - + * + 1.85 *""]","[""80""]","[""1399""]","[""180000"",""160000"",""140000"",""120000"",""100000""]","{""1"":""verified-ability-text-and-gitbook"",""2"":""gitbook-verified-for-class"",""3"":""gitbook-verified-for-class"",""4"":""gitbook-verified-for-class""}",[],"[""skill"",[""key"",""archer-51""],[""limit"",""archer""],[""action"",""51""],[""name"",""Combative Spirit""],[""image"",""active168""],[""desc"",""#nAdminister a severe blow, Enemies between a shooter and#na target are also shot through their bodies.""],[""ability"",""#nEnergy used : %1!d! #nPenetration Chance : %2!d!""],[""parameter"",""1"",[""mul"",[""plus"",""200"",[""mul"",""skill_level"",[""plus"",""20"",[""minus"",""skill_level"",""1""]]]],""1.85""]],[""parameter"",""2"",[""mul"",""skill_level"",""20""]],[""level"",""75"",""0""],[""grade"",""23"",""0""],[""maxlevel"",""5"",""0""],[""type"",""active"",""use""],[""compare"",""1"",[""mul"",[""plus"",""200"",[""mul"",""skill_level"",[""plus"",""20"",[""minus"",""skill_level"",""1""]]]],""1.85""]],[""compare"",""2"",""80""],[""compare"",""3"",""1399""],[""compare"",""4"",""180000"",""160000"",""140000"",""120000"",""100000""],[""motion"",""25"",""26"",""none""],[""ridemotion"",""25"",""26"",""none""],[""battleride"",""1""],[""damagetype"",""1""],[""property"",""2"",""2"",""0"",""0"",""0"",""0"",""5"",""0""]]",bango-file,jobsystem.dat,5403
Shadow Slash,2,,"#nGive a penetrating attack to the enemy in line with your character,#nwith the effect of stunning.",,active159,,,#nFatal attack percentage is increased 50 %%.#nEnergy used : %1!d!,,,230 char_level skill_level + skill_level * 0.63 * +,566,"[""170000"",""150000"",""130000"",""110000"",""90000""]",weapon_range,,,thief-32,1,"[""thief""]","[""32""]","[""75"",""0""]","[""43"",""0""]","[""5"",""0""]","[""active"",""use""]","[""5"",""1"",""0"",""0"",""0"",""0"",""5"",""0""]","[[""parameter"",""1"",[""plus"",""230"",[""mul"",[""mul"",[""plus"",""char_level"",""skill_level""],""skill_level""],""0.63""]]]]","[""230 char_level skill_level + skill_level * 0.63 * +""]","[[""compare"",""1"",[""plus"",""230"",[""mul"",[""mul"",[""plus"",""char_level"",""skill_level""],""skill_level""],""0.63""]]],[""compare"",""2"",""weapon_range""],[""compare"",""3"",""566""],[""compare"",""4"",""170000"",""150000"",""130000"",""110000"",""90000""]]","[""230 char_level skill_level + skill_level * 0.63 * +""]","[""weapon_range""]","[""566""]","[""170000"",""150000"",""130000"",""110000"",""90000""]","{""1"":""verified-ability-text-and-gitbook"",""2"":""unverified-for-class"",""3"":""unverified-for-class"",""4"":""unverified-for-class""}",[],"[""skill"",[""key"",""thief-32""],[""name"",""Shadow Slash""],[""limit"",""thief""],[""action"",""32""],[""image"",""active159""],[""desc"",""#nGive a penetrating attack to the enemy in line with your character,#nwith the effect of stunning.""],[""ability"",""#nFatal attack percentage is increased 50 %%.#nEnergy used : %1!d!""],[""parameter"",""1"",[""plus"",""230"",[""mul"",[""mul"",[""plus"",""char_level"",""skill_level""],""skill_level""],""0.63""]]],[""level"",""75"",""0""],[""grade"",""43"",""0""],[""maxlevel"",""5"",""0""],[""type"",""active"",""use""],[""compare"",""1"",[""plus"",""230"",[""mul"",[""mul"",[""plus"",""char_level"",""skill_level""],""skill_level""],""0.63""]]],[""compare"",""2"",""weapon_range""],[""compare"",""3"",""566""],[""compare"",""4"",""170000"",""150000"",""130000"",""110000"",""90000""],[""property"",""5"",""1"",""0"",""0"",""0"",""0"",""5"",""0""],[""motion"",""29"",""30"",""none""],[""ridemotion"",""29"",""30"",""none""],[""riderange"",""10""],[""battleride"",""1""],[""effect"","""","""",""""],[""sound"","""","""",""""],[""damagetype"",""1""],[""exist"",""-6""]]",bango-file,jobsystem.dat,5425
Spin Blade,2,,"#nA kind of wide-ranging attack with a sword dance#nThe higher skill-level, the more number of hits at once.",,active162,,,#nFatal attack percentage is increased 50 %%.#nEnergy used : %1!d!,,,180 char_level skill_level + skill_level * 1.25 * +,399,180000,weapon_range,,,thief-36,1,"[""thief""]","[""36""]","[""75"",""0""]","[""23"",""0""]","[""5"",""0""]","[""active"",""once""]","[""5"",""1"",""1"",""1"",""1"",""0"",""5"",""0""]","[[""parameter"",""1"",[""plus"",""180"",[""mul"",[""mul"",[""plus"",""char_level"",""skill_level""],""skill_level""],""1.25""]]]]","[""180 char_level skill_level + skill_level * 1.25 * +""]","[[""compare"",""1"",[""plus"",""180"",[""mul"",[""mul"",[""plus"",""char_level"",""skill_level""],""skill_level""],""1.25""]]],[""compare"",""2"",""weapon_range""],[""compare"",""3"",""399""],[""compare"",""4"",""180000""]]","[""180 char_level skill_level + skill_level * 1.25 * +""]","[""weapon_range""]","[""399""]","[""180000""]","{""1"":""verified-ability-text-and-gitbook"",""2"":""unverified-for-class"",""3"":""unverified-for-class"",""4"":""unverified-for-class""}",[],"[""skill"",[""key"",""thief-36""],[""name"",""Spin Blade""],[""limit"",""thief""],[""action"",""36""],[""image"",""active162""],[""desc"",""#nA kind of wide-ranging attack with a sword dance#nThe higher skill-level, the more number of hits at once.""],[""ability"",""#nFatal attack percentage is increased 50 %%.#nEnergy used : %1!d!""],[""parameter"",""1"",[""plus"",""180"",[""mul"",[""mul"",[""plus"",""char_level"",""skill_level""],""skill_level""],""1.25""]]],[""level"",""75"",""0""],[""grade"",""23"",""0""],[""maxlevel"",""5"",""0""],[""type"",""active"",""once""],[""compare"",""1"",[""plus"",""180"",[""mul"",[""mul"",[""plus"",""char_level"",""skill_level""],""skill_level""],""1.25""]]],[""compare"",""2"",""weapon_range""],[""compare"",""3"",""399""],[""compare"",""4"",""180000""],[""property"",""5"",""1"",""1"",""1"",""1"",""0"",""5"",""0""],[""motion"",""36"",""37"",""none""],[""ridemotion"",""36"",""37"",""none""],[""battleride"",""1""],[""effect"","""","""",""""],[""sound"","""","""",""""],[""damagetype"",""1""],[""exist"",""-6""]]",bango-file,jobsystem.dat,5449
Ghost Blade,2,,#nAttack to the enemy by none elemental magic,,active196,,,Magic Attack: %1!d!#nMP : %2!d!,,,7 skill_level 2 * +,1800,1000,170 2 skill_level * +,,,shaman-13,1,"[""shaman""]","[""13""]","[""1"",""3"",""5"",""7"",""9"",""11"",""13"",""15"",""17"",""19""]","[""1"",""0""]","[""1"",""2"",""3"",""4"",""5"",""6"",""7"",""8"",""9"",""10""]","[""active"",""use""]","[""6"",""1"",""0"",""1"",""1"",""5""]","[[""parameter"",""1"",[""plus"",[""mul"",[""plus"",""char_base_min_magic"",[""plus"",[""plus"",[""div"",""weapon_magic"",""1""],[""div"",""char_int"",""1""]],[""plus"",[""div"",""char_wis"",""1""],[""mul"",""skill_level"",""25""]]]],""1""],[""mul"",""char_level"",""4""]]],[""parameter"",""2"",[""plus"",""7"",[""mul"",""skill_level"",""2""]]]]","[""char_base_min_magic weapon_magic 1 / char_int 1 / + char_wis 1 / skill_level 25 * + + + 1 * char_level 4 * +"",""7 skill_level 2 * +""]","[[""compare"",""1"",[""plus"",""7"",[""mul"",""skill_level"",""2""]]],[""compare"",""2"",[""plus"",""170"",[""mul"",""2"",""skill_level""]]],[""compare"",""3"",""1800""],[""compare"",""4"",""1000""]]","[""7 skill_level 2 * +""]","[""170 2 skill_level * +""]","[""1800""]","[""1000""]","{""1"":""verified-ability-text-and-gitbook"",""2"":""unverified-for-class"",""3"":""unverified-for-class"",""4"":""unverified-for-class""}",[],"[""skill"",[""key"",""shaman-13""],[""name"",""Ghost Blade""],[""limit"",""shaman""],[""action"",""13""],[""image"",""active196""],[""desc"",""#nAttack to the enemy by none elemental magic""],[""ability"",""Magic Attack: %1!d!#nMP : %2!d!""],[""parameter"",""1"",[""plus"",[""mul"",[""plus"",""char_base_min_magic"",[""plus"",[""plus"",[""div"",""weapon_magic"",""1""],[""div"",""char_int"",""1""]],[""plus"",[""div"",""char_wis"",""1""],[""mul"",""skill_level"",""25""]]]],""1""],[""mul"",""char_level"",""4""]]],[""parameter"",""2"",[""plus"",""7"",[""mul"",""skill_level"",""2""]]],[""maxparamvalue"",""1"",""50000""],[""level"",""1"",""3"",""5"",""7"",""9"",""11"",""13"",""15"",""17"",""19""],[""grade"",""1"",""0""],[""maxlevel"",""1"",""2"",""3"",""4"",""5"",""6"",""7"",""8"",""9"",""10""],[""type"",""active"",""use""],[""compare"",""1"",[""plus"",""7"",[""mul"",""skill_level"",""2""]]],[""compare"",""2"",[""plus"",""170"",[""mul"",""2"",""skill_level""]]],[""compare"",""3"",""1800""],[""compare"",""4"",""1000""],[""motion"",""1"",""0"",""attackauto""],[""ridemotion"",""1"",""0"",""attackauto""],[""battleride"",""1""],[""damagetype"",""1""],[""property"",""6"",""1"",""0"",""1"",""1"",""5""]]",bango-file,jobsystem.dat,5475
Ghost Flash,2,,#nAttack to the enemy by sprit power of none elemental magic,,active197,,,Magic Attack: %1!d!#nMP : %2!d!,,,13 skill_level 2 * +,1800,2000,170 2 skill_level * +,,,shaman-14,1,"[""shaman""]","[""14""]","[""6"",""8"",""10"",""12"",""14"",""16"",""26"",""27"",""29"",""30""]","[""1"",""0""]","[""1"",""2"",""3"",""4"",""5"",""6"",""7"",""8"",""9"",""10""]","[""active"",""use""]","[""6"",""1"",""0"",""1"",""1"",""5""]","[[""parameter"",""1"",[""plus"",[""mul"",[""plus"",""char_base_min_magic"",[""plus"",[""plus"",[""div"",""weapon_magic"",""1""],[""div"",""char_int"",""1""]],[""plus"",[""div"",""char_wis"",""1""],[""mul"",""skill_level"",""70""]]]],""1""],[""mul"",""char_level"",""7""]]],[""parameter"",""2"",[""plus"",""13"",[""mul"",""skill_level"",""2""]]]]","[""char_base_min_magic weapon_magic 1 / char_int 1 / + char_wis 1 / skill_level 70 * + + + 1 * char_level 7 * +"",""13 skill_level 2 * +""]","[[""compare"",""1"",[""plus"",""13"",[""mul"",""skill_level"",""2""]]],[""compare"",""2"",[""plus"",""170"",[""mul"",""2"",""skill_level""]]],[""compare"",""3"",""1800""],[""compare"",""4"",""2000""]]","[""13 skill_level 2 * +""]","[""170 2 skill_level * +""]","[""1800""]","[""2000""]","{""1"":""verified-ability-text-and-gitbook"",""2"":""unverified-for-class"",""3"":""unverified-for-class"",""4"":""unverified-for-class""}","[[""condition"",""13"",""5""]]","[""skill"",[""key"",""shaman-14""],[""name"",""Ghost Flash""],[""limit"",""shaman""],[""action"",""14""],[""image"",""active197""],[""desc"",""#nAttack to the enemy by sprit power of none elemental magic""],[""ability"",""Magic Attack: %1!d!#nMP : %2!d!""],[""parameter"",""1"",[""plus"",[""mul"",[""plus"",""char_base_min_magic"",[""plus"",[""plus"",[""div"",""weapon_magic"",""1""],[""div"",""char_int"",""1""]],[""plus"",[""div"",""char_wis"",""1""],[""mul"",""skill_level"",""70""]]]],""1""],[""mul"",""char_level"",""7""]]],[""parameter"",""2"",[""plus"",""13"",[""mul"",""skill_level"",""2""]]],[""maxparamvalue"",""1"",""50000""],[""condition"",""13"",""5""],[""level"",""6"",""8"",""10"",""12"",""14"",""16"",""26"",""27"",""29"",""30""],[""grade"",""1"",""0""],[""maxlevel"",""1"",""2"",""3"",""4"",""5"",""6"",""7"",""8"",""9"",""10""],[""type"",""active"",""use""],[""compare"",""1"",[""plus"",""13"",[""mul"",""skill_level"",""2""]]],[""compare"",""2"",[""plus"",""170"",[""mul"",""2"",""skill_level""]]],[""compare"",""3"",""1800""],[""compare"",""4"",""2000""],[""motion"",""1"",""0"",""attackauto""],[""ridemotion"",""1"",""0"",""attackauto""],[""battleride"",""1""],[""damagetype"",""1""],[""property"",""6"",""1"",""0"",""1"",""1"",""5""]]",bango-file,jobsystem.dat,5476
Soul Shield,2,,#nMake shield of soul for safe body#n#1(Ait + mouse character right click is selectable),,active198,,,DEF + %1!d!#nMP : %2!d!,,,50 skill_level 2 * +,1800,30000,170 2 skill_level * +,,,shaman-15,1,"[""shaman""]","[""15""]","[""11"",""13"",""15"",""17"",""19"",""21"",""23"",""25"",""27"",""29""]","[""1"",""0""]","[""1"",""2"",""3"",""4"",""5"",""6"",""7"",""8"",""9"",""10""]","[""active"",""use""]","[""6"",""1"",""1"",""1"",""3"",""0""]","[[""parameter"",""1"",[""mul"",""6"",""skill_level""]],[""parameter"",""2"",[""plus"",""50"",[""mul"",""skill_level"",""2""]]]]","[""6 skill_level *"",""50 skill_level 2 * +""]","[[""compare"",""1"",[""plus"",""50"",[""mul"",""skill_level"",""2""]]],[""compare"",""2"",[""plus"",""170"",[""mul"",""2"",""skill_level""]]],[""compare"",""3"",""1800""],[""compare"",""4"",""30000""]]","[""50 skill_level 2 * +""]","[""170 2 skill_level * +""]","[""1800""]","[""30000""]","{""1"":""verified-ability-text-and-gitbook"",""2"":""unverified-for-class"",""3"":""unverified-for-class"",""4"":""unverified-for-class""}",[],"[""skill"",[""key"",""shaman-15""],[""name"",""Soul Shield""],[""limit"",""shaman""],[""action"",""15""],[""image"",""active198""],[""desc"",""#nMake shield of soul for safe body#n#1(Ait + mouse character right click is selectable)""],[""ability"",""DEF + %1!d!#nMP : %2!d!""],[""parameter"",""1"",[""mul"",""6"",""skill_level""]],[""parameter"",""2"",[""plus"",""50"",[""mul"",""skill_level"",""2""]]],[""maxparamvalue"",""1"",""50000""],[""level"",""11"",""13"",""15"",""17"",""19"",""21"",""23"",""25"",""27"",""29""],[""grade"",""1"",""0""],[""maxlevel"",""1"",""2"",""3"",""4"",""5"",""6"",""7"",""8"",""9"",""10""],[""type"",""active"",""use""],[""compare"",""1"",[""plus"",""50"",[""mul"",""skill_level"",""2""]]],[""compare"",""2"",[""plus"",""170"",[""mul"",""2"",""skill_level""]]],[""compare"",""3"",""1800""],[""compare"",""4"",""30000""],[""motion"",""3"",""0"",""none""],[""ridemotion"",""3"",""0"",""none""],[""battleride"",""1""],[""damagetype"",""0""],[""property"",""6"",""1"",""1"",""1"",""3"",""0""],[""bufftime"",""120"",""180"",""240"",""300"",""360"",""420"",""480"",""540"",""600"",""660""]]",bango-file,jobsystem.dat,5477
Energy Recovery,1,,#nincrease to recover MP,,passive042,,,MP Recover + %1!d!,,,0,0,0,0,,,shaman-16,1,"[""shaman""]","[""16""]","[""1"",""3"",""5"",""7"",""9"",""11"",""13"",""15"",""17"",""19""]","[""1"",""0""]","[""1"",""2"",""3"",""4"",""5"",""6"",""7"",""8"",""9"",""10""]","[""passive"",""etc""]","[""6"",""1"",""1"",""2"",""9"",""0""]","[[""parameter"",""1"",[""mul"",""4"",""skill_level""]]]","[""4 skill_level *""]","[[""compare"",""1"",""0""],[""compare"",""2"",""0""],[""compare"",""3"",""0""],[""compare"",""4"",""0""]]","[""0""]","[""0""]","[""0""]","[""0""]","{""1"":""verified-ability-text-and-gitbook"",""2"":""unverified-for-class"",""3"":""unverified-for-class"",""4"":""unverified-for-class""}",[],"[""skill"",[""key"",""shaman-16""],[""name"",""Energy Recovery""],[""limit"",""shaman""],[""action"",""16""],[""image"",""passive042""],[""desc"",""#nincrease to recover MP""],[""ability"",""MP Recover + %1!d!""],[""parameter"",""1"",[""mul"",""4"",""skill_level""]],[""maxparamvalue"",""1"",""50000""],[""level"",""1"",""3"",""5"",""7"",""9"",""11"",""13"",""15"",""17"",""19""],[""grade"",""1"",""0""],[""maxlevel"",""1"",""2"",""3"",""4"",""5"",""6"",""7"",""8"",""9"",""10""],[""type"",""passive"",""etc""],[""compare"",""1"",""0""],[""compare"",""2"",""0""],[""compare"",""3"",""0""],[""compare"",""4"",""0""],[""motion"",""0"",""0"",""none""],[""property"",""6"",""1"",""1"",""2"",""9"",""0""]]",bango-file,jobsystem.dat,5478
Increase in Energy,1,,#nincrease Max MP,,passive043,,,Max MP + %1!d!,,,0,0,0,0,,,shaman-17,1,"[""shaman""]","[""17""]","[""1"",""3"",""5"",""7"",""9"",""11"",""13"",""15"",""17"",""19""]","[""1"",""0""]","[""1"",""2"",""3"",""4"",""5"",""6"",""7"",""8"",""9"",""10""]","[""passive"",""etc""]","[""6"",""1"",""1"",""2"",""9"",""0""]","[[""parameter"",""1"",[""mul"",""30"",""skill_level""]]]","[""30 skill_level *""]","[[""compare"",""1"",""0""],[""compare"",""2"",""0""],[""compare"",""3"",""0""],[""compare"",""4"",""0""]]","[""0""]","[""0""]","[""0""]","[""0""]","{""1"":""verified-ability-text-and-gitbook"",""2"":""unverified-for-class"",""3"":""unverified-for-class"",""4"":""unverified-for-class""}",[],"[""skill"",[""key"",""shaman-17""],[""name"",""Increase in Energy""],[""limit"",""shaman""],[""action"",""17""],[""image"",""passive043""],[""desc"",""#nincrease Max MP""],[""ability"",""Max MP + %1!d!""],[""parameter"",""1"",[""mul"",""30"",""skill_level""]],[""maxparamvalue"",""1"",""50000""],[""level"",""1"",""3"",""5"",""7"",""9"",""11"",""13"",""15"",""17"",""19""],[""grade"",""1"",""0""],[""maxlevel"",""1"",""2"",""3"",""4"",""5"",""6"",""7"",""8"",""9"",""10""],[""type"",""passive"",""etc""],[""compare"",""1"",""0""],[""compare"",""2"",""0""],[""compare"",""3"",""0""],[""compare"",""4"",""0""],[""motion"",""0"",""0"",""none""],[""property"",""6"",""1"",""1"",""2"",""9"",""0""]]",bango-file,jobsystem.dat,5479
Wave,2,,#nAttack to the enemy by none elemental magic,,active199,,,Magic Attack: %1!d!#nMP : %2!d!,,,35 skill_level 2 * +,1800,2000,170 2 skill_level * +,,,shaman-18,1,"[""shaman""]","[""18""]","[""30"",""0""]","[""3"",""0""]","[""10"",""0""]","[""active"",""use""]","[""6"",""1"",""0"",""1"",""1"",""5""]","[[""parameter"",""1"",[""plus"",[""mul"",[""plus"",""char_base_min_magic"",[""plus"",[""plus"",[""div"",""weapon_magic"",""9""],[""div"",""char_int"",""9""]],[""plus"",[""div"",""char_wis"",""9""],[""mul"",""skill_level"",""250""]]]],""1""],[""mul"",""char_level"",""6""]]],[""parameter"",""2"",[""plus"",""35"",[""mul"",""skill_level"",""2""]]]]","[""char_base_min_magic weapon_magic 9 / char_int 9 / + char_wis 9 / skill_level 250 * + + + 1 * char_level 6 * +"",""35 skill_level 2 * +""]","[[""compare"",""1"",[""plus"",""35"",[""mul"",""skill_level"",""2""]]],[""compare"",""2"",[""plus"",""170"",[""mul"",""2"",""skill_level""]]],[""compare"",""3"",""1800""],[""compare"",""4"",""2000""]]","[""35 skill_level 2 * +""]","[""170 2 skill_level * +""]","[""1800""]","[""2000""]","{""1"":""verified-ability-text-and-gitbook"",""2"":""unverified-for-class"",""3"":""unverified-for-class"",""4"":""unverified-for-class""}",[],"[""skill"",[""key"",""shaman-18""],[""name"",""Wave""],[""limit"",""shaman""],[""action"",""18""],[""image"",""active199""],[""desc"",""#nAttack to the enemy by none elemental magic""],[""ability"",""Magic Attack: %1!d!#nMP : %2!d!""],[""parameter"",""1"",[""plus"",[""mul"",[""plus"",""char_base_min_magic"",[""plus"",[""plus"",[""div"",""weapon_magic"",""9""],[""div"",""char_int"",""9""]],[""plus"",[""div"",""char_wis"",""9""],[""mul"",""skill_level"",""250""]]]],""1""],[""mul"",""char_level"",""6""]]],[""parameter"",""2"",[""plus"",""35"",[""mul"",""skill_level"",""2""]]],[""maxparamvalue"",""1"",""50000""],[""level"",""30"",""0""],[""grade"",""3"",""0""],[""maxlevel"",""10"",""0""],[""type"",""active"",""use""],[""compare"",""1"",[""plus"",""35"",[""mul"",""skill_level"",""2""]]],[""compare"",""2"",[""plus"",""170"",[""mul"",""2"",""skill_level""]]],[""compare"",""3"",""1800""],[""compare"",""4"",""2000""],[""motion"",""1"",""0"",""attackauto""],[""ridemotion"",""1"",""0"",""attackauto""],[""battleride"",""1""],[""damagetype"",""1""],[""property"",""6"",""1"",""0"",""1"",""1"",""5""]]",bango-file,jobsystem.dat,5480
Ghost Spear,2,,#nAttack to the enemy by none elemental magic,,active200,,,Magic Attack: %1!d!#nMP : %2!d!,,,55 skill_level 2 * +,1800,1200,170 2 skill_level * +,,,shaman-19,1,"[""shaman""]","[""19""]","[""35"",""0""]","[""3"",""0""]","[""10"",""0""]","[""active"",""use""]","[""6"",""1"",""0"",""1"",""1"",""5""]","[[""parameter"",""1"",[""plus"",[""mul"",[""plus"",""char_base_min_magic"",[""plus"",[""plus"",[""div"",""weapon_magic"",""9""],[""div"",""char_int"",""9""]],[""plus"",[""div"",""char_wis"",""9""],[""mul"",""skill_level"",""300""]]]],""1""],[""mul"",""char_level"",""2""]]],[""parameter"",""2"",[""plus"",""55"",[""mul"",""skill_level"",""2""]]]]","[""char_base_min_magic weapon_magic 9 / char_int 9 / + char_wis 9 / skill_level 300 * + + + 1 * char_level 2 * +"",""55 skill_level 2 * +""]","[[""compare"",""1"",[""plus"",""55"",[""mul"",""skill_level"",""2""]]],[""compare"",""2"",[""plus"",""170"",[""mul"",""2"",""skill_level""]]],[""compare"",""3"",""1800""],[""compare"",""4"",""1200""]]","[""55 skill_level 2 * +""]","[""170 2 skill_level * +""]","[""1800""]","[""1200""]","{""1"":""verified-ability-text-and-gitbook"",""2"":""unverified-for-class"",""3"":""unverified-for-class"",""4"":""unverified-for-class""}",[],"[""skill"",[""key"",""shaman-19""],[""name"",""Ghost Spear""],[""limit"",""shaman""],[""action"",""19""],[""image"",""active200""],[""desc"",""#nAttack to the enemy by none elemental magic""],[""ability"",""Magic Attack: %1!d!#nMP : %2!d!""],[""parameter"",""1"",[""plus"",[""mul"",[""plus"",""char_base_min_magic"",[""plus"",[""plus"",[""div"",""weapon_magic"",""9""],[""div"",""char_int"",""9""]],[""plus"",[""div"",""char_wis"",""9""],[""mul"",""skill_level"",""300""]]]],""1""],[""mul"",""char_level"",""2""]]],[""parameter"",""2"",[""plus"",""55"",[""mul"",""skill_level"",""2""]]],[""maxparamvalue"",""1"",""50000""],[""level"",""35"",""0""],[""grade"",""3"",""0""],[""maxlevel"",""10"",""0""],[""type"",""active"",""use""],[""compare"",""1"",[""plus"",""55"",[""mul"",""skill_level"",""2""]]],[""compare"",""2"",[""plus"",""170"",[""mul"",""2"",""skill_level""]]],[""compare"",""3"",""1800""],[""compare"",""4"",""1200""],[""motion"",""1"",""0"",""attackauto""],[""ridemotion"",""1"",""0"",""attackauto""],[""battleride"",""1""],[""damagetype"",""1""],[""property"",""6"",""1"",""0"",""1"",""1"",""5""]]",bango-file,jobsystem.dat,5481
Divine Shield,2,,#nMake shield of soul for safe body#n#1(Ait + mouse character right click is selectable),,active201,,,"DEF,Absorb + %1!d!#nMP : %2!d!",,,80 skill_level 2 * +,1800,30000,170 2 skill_level * +,,,shaman-20,1,"[""shaman""]","[""20""]","[""35"",""0""]","[""3"",""0""]","[""10"",""0""]","[""active"",""use""]","[""6"",""1"",""1"",""1"",""3"",""0""]","[[""parameter"",""1"",[""mul"",""1"",""skill_level""]],[""parameter"",""2"",[""plus"",""80"",[""mul"",""skill_level"",""2""]]]]","[""1 skill_level *"",""80 skill_level 2 * +""]","[[""compare"",""1"",[""plus"",""80"",[""mul"",""skill_level"",""2""]]],[""compare"",""2"",[""plus"",""170"",[""mul"",""2"",""skill_level""]]],[""compare"",""3"",""1800""],[""compare"",""4"",""30000""]]","[""80 skill_level 2 * +""]","[""170 2 skill_level * +""]","[""1800""]","[""30000""]","{""1"":""verified-ability-text-and-gitbook"",""2"":""unverified-for-class"",""3"":""unverified-for-class"",""4"":""unverified-for-class""}","[[""condition"",""15"",""3""]]","[""skill"",[""key"",""shaman-20""],[""name"",""Divine Shield""],[""limit"",""shaman""],[""action"",""20""],[""image"",""active201""],[""desc"",""#nMake shield of soul for safe body#n#1(Ait + mouse character right click is selectable)""],[""ability"",""DEF,Absorb + %1!d!#nMP : %2!d!""],[""parameter"",""1"",[""mul"",""1"",""skill_level""]],[""parameter"",""2"",[""plus"",""80"",[""mul"",""skill_level"",""2""]]],[""maxparamvalue"",""1"",""50000""],[""condition"",""15"",""3""],[""level"",""35"",""0""],[""grade"",""3"",""0""],[""maxlevel"",""10"",""0""],[""type"",""active"",""use""],[""compare"",""1"",[""plus"",""80"",[""mul"",""skill_level"",""2""]]],[""compare"",""2"",[""plus"",""170"",[""mul"",""2"",""skill_level""]]],[""compare"",""3"",""1800""],[""compare"",""4"",""30000""],[""motion"",""3"",""0"",""none""],[""ridemotion"",""3"",""0"",""none""],[""battleride"",""1""],[""damagetype"",""0""],[""property"",""6"",""1"",""1"",""1"",""3"",""0""],[""bufftime"",""60"",""120"",""180"",""240"",""300"",""360"",""420"",""480"",""540"",""600""]]",bango-file,jobsystem.dat,5482
Hurricane,2,,#nAttack to the enemies by area of effect none elemental magic,,active202,,,Magic Attack: %1!d!#nMP : %2!d!,,,60 skill_level 2 * +,1800,2000,170 2 skill_level * +,,,shaman-21,1,"[""shaman""]","[""21""]","[""40"",""0""]","[""3"",""0""]","[""10"",""0""]","[""active"",""use""]","[""6"",""1"",""0"",""1"",""1"",""5""]","[[""parameter"",""1"",[""plus"",[""mul"",[""plus"",""char_base_min_magic"",[""plus"",[""plus"",[""div"",""weapon_magic"",""2""],[""div"",""char_int"",""2""]],[""plus"",[""div"",""char_wis"",""2""],[""mul"",""skill_level"",""100""]]]],""1""],[""mul"",""char_level"",""1""]]],[""parameter"",""2"",[""plus"",""60"",[""mul"",""skill_level"",""2""]]]]","[""char_base_min_magic weapon_magic 2 / char_int 2 / + char_wis 2 / skill_level 100 * + + + 1 * char_level 1 * +"",""60 skill_level 2 * +""]","[[""compare"",""1"",[""plus"",""60"",[""mul"",""skill_level"",""2""]]],[""compare"",""2"",[""plus"",""170"",[""mul"",""2"",""skill_level""]]],[""compare"",""3"",""1800""],[""compare"",""4"",""2000""]]","[""60 skill_level 2 * +""]","[""170 2 skill_level * +""]","[""1800""]","[""2000""]","{""1"":""verified-ability-text-and-gitbook"",""2"":""unverified-for-class"",""3"":""unverified-for-class"",""4"":""unverified-for-class""}",[],"[""skill"",[""key"",""shaman-21""],[""name"",""Hurricane""],[""limit"",""shaman""],[""action"",""21""],[""image"",""active202""],[""desc"",""#nAttack to the enemies by area of effect none elemental magic""],[""ability"",""Magic Attack: %1!d!#nMP : %2!d!""],[""parameter"",""1"",[""plus"",[""mul"",[""plus"",""char_base_min_magic"",[""plus"",[""plus"",[""div"",""weapon_magic"",""2""],[""div"",""char_int"",""2""]],[""plus"",[""div"",""char_wis"",""2""],[""mul"",""skill_level"",""100""]]]],""1""],[""mul"",""char_level"",""1""]]],[""parameter"",""2"",[""plus"",""60"",[""mul"",""skill_level"",""2""]]],[""maxparamvalue"",""1"",""50000""],[""level"",""40"",""0""],[""grade"",""3"",""0""],[""maxlevel"",""10"",""0""],[""type"",""active"",""use""],[""compare"",""1"",[""plus"",""60"",[""mul"",""skill_level"",""2""]]],[""compare"",""2"",[""plus"",""170"",[""mul"",""2"",""skill_level""]]],[""compare"",""3"",""1800""],[""compare"",""4"",""2000""],[""motion"",""1"",""0"",""attackauto""],[""ridemotion"",""1"",""0"",""attackauto""],[""battleride"",""1""],[""damagetype"",""1""],[""property"",""6"",""1"",""0"",""1"",""1"",""5""]]",bango-file,jobsystem.dat,5483
Pain of Soul,2,,#nAttack to the enemies by area of effect curse,,active203,,,Magic Attack: %1!d!#nMP : %2!d!,,,60 skill_level 2 * +,1800,2000,170 2 skill_level * +,,,shaman-22,1,"[""shaman""]","[""22""]","[""41"",""0""]","[""3"",""0""]","[""10"",""0""]","[""active"",""use""]","[""6"",""1"",""0"",""1"",""2"",""5""]","[[""parameter"",""1"",[""plus"",[""mul"",[""plus"",""char_base_min_magic"",[""plus"",[""plus"",[""div"",""weapon_magic"",""1""],[""div"",""char_int"",""1""]],[""plus"",[""div"",""char_wis"",""1""],[""mul"",""skill_level"",""50""]]]],""1""],[""mul"",""char_level"",""1""]]],[""parameter"",""2"",[""plus"",""60"",[""mul"",""skill_level"",""2""]]]]","[""char_base_min_magic weapon_magic 1 / char_int 1 / + char_wis 1 / skill_level 50 * + + + 1 * char_level 1 * +"",""60 skill_level 2 * +""]","[[""compare"",""1"",[""plus"",""60"",[""mul"",""skill_level"",""2""]]],[""compare"",""2"",[""plus"",""170"",[""mul"",""2"",""skill_level""]]],[""compare"",""3"",""1800""],[""compare"",""4"",""2000""]]","[""60 skill_level 2 * +""]","[""170 2 skill_level * +""]","[""1800""]","[""2000""]","{""1"":""verified-ability-text-and-gitbook"",""2"":""unverified-for-class"",""3"":""unverified-for-class"",""4"":""unverified-for-class""}",[],"[""skill"",[""key"",""shaman-22""],[""name"",""Pain of Soul""],[""limit"",""shaman""],[""action"",""22""],[""image"",""active203""],[""desc"",""#nAttack to the enemies by area of effect curse""],[""ability"",""Magic Attack: %1!d!#nMP : %2!d!""],[""parameter"",""1"",[""plus"",[""mul"",[""plus"",""char_base_min_magic"",[""plus"",[""plus"",[""div"",""weapon_magic"",""1""],[""div"",""char_int"",""1""]],[""plus"",[""div"",""char_wis"",""1""],[""mul"",""skill_level"",""50""]]]],""1""],[""mul"",""char_level"",""1""]]],[""parameter"",""2"",[""plus"",""60"",[""mul"",""skill_level"",""2""]]],[""maxparamvalue"",""1"",""50000""],[""level"",""41"",""0""],[""grade"",""3"",""0""],[""maxlevel"",""10"",""0""],[""type"",""active"",""use""],[""compare"",""1"",[""plus"",""60"",[""mul"",""skill_level"",""2""]]],[""compare"",""2"",[""plus"",""170"",[""mul"",""2"",""skill_level""]]],[""compare"",""3"",""1800""],[""compare"",""4"",""2000""],[""motion"",""1"",""0"",""attackauto""],[""ridemotion"",""1"",""0"",""attackauto""],[""battleride"",""1""],[""damagetype"",""3""],[""property"",""6"",""1"",""0"",""1"",""2"",""5""]]",bango-file,jobsystem.dat,5484
Spell Power,1,,#nincrease Magic ATK,,passive044,,,INT + %1!d!,,,0,0,0,0,,,shaman-23,1,"[""shaman""]","[""23""]","[""30"",""32"",""34"",""36"",""38"",""40"",""42"",""44"",""46"",""48""]","[""3"",""0""]","[""1"",""2"",""3"",""4"",""5"",""6"",""7"",""8"",""9"",""10""]","[""passive"",""etc""]","[""6"",""1"",""1"",""2"",""9"",""0""]","[[""parameter"",""1"",[""mul"",""2"",""skill_level""]]]","[""2 skill_level *""]","[[""compare"",""1"",""0""],[""compare"",""2"",""0""],[""compare"",""3"",""0""],[""compare"",""4"",""0""]]","[""0""]","[""0""]","[""0""]","[""0""]","{""1"":""verified-ability-text-and-gitbook"",""2"":""unverified-for-class"",""3"":""unverified-for-class"",""4"":""unverified-for-class""}",[],"[""skill"",[""key"",""shaman-23""],[""name"",""Spell Power""],[""limit"",""shaman""],[""action"",""23""],[""image"",""passive044""],[""desc"",""#nincrease Magic ATK""],[""ability"",""INT + %1!d!""],[""parameter"",""1"",[""mul"",""2"",""skill_level""]],[""maxparamvalue"",""1"",""50000""],[""level"",""30"",""32"",""34"",""36"",""38"",""40"",""42"",""44"",""46"",""48""],[""grade"",""3"",""0""],[""maxlevel"",""1"",""2"",""3"",""4"",""5"",""6"",""7"",""8"",""9"",""10""],[""type"",""passive"",""etc""],[""compare"",""1"",""0""],[""compare"",""2"",""0""],[""compare"",""3"",""0""],[""compare"",""4"",""0""],[""motion"",""0"",""0"",""none""],[""property"",""6"",""1"",""1"",""2"",""9"",""0""]]",bango-file,jobsystem.dat,5485
Deep Curse,1,,#nincrease curse duration,,passive045,,,Curse Duration + %1!d!,,,0,0,0,0,,,shaman-24,1,"[""shaman""]","[""24""]","[""30"",""32"",""34"",""36"",""38"",""40"",""42"",""44"",""46"",""48""]","[""3"",""0""]","[""1"",""2"",""3"",""4"",""5"",""6"",""7"",""8"",""9"",""10""]","[""passive"",""etc""]","[""6"",""1"",""1"",""2"",""9"",""0""]","[[""parameter"",""1"",[""mul"",""1"",""skill_level""]]]","[""1 skill_level *""]","[[""compare"",""1"",""0""],[""compare"",""2"",""0""],[""compare"",""3"",""0""],[""compare"",""4"",""0""]]","[""0""]","[""0""]","[""0""]","[""0""]","{""1"":""verified-ability-text-and-gitbook"",""2"":""unverified-for-class"",""3"":""unverified-for-class"",""4"":""unverified-for-class""}",[],"[""skill"",[""key"",""shaman-24""],[""name"",""Deep Curse""],[""limit"",""shaman""],[""action"",""24""],[""image"",""passive045""],[""desc"",""#nincrease curse duration""],[""ability"",""Curse Duration + %1!d!""],[""parameter"",""1"",[""mul"",""1"",""skill_level""]],[""maxparamvalue"",""1"",""50000""],[""level"",""30"",""32"",""34"",""36"",""38"",""40"",""42"",""44"",""46"",""48""],[""grade"",""3"",""0""],[""maxlevel"",""1"",""2"",""3"",""4"",""5"",""6"",""7"",""8"",""9"",""10""],[""type"",""passive"",""etc""],[""compare"",""1"",""0""],[""compare"",""2"",""0""],[""compare"",""3"",""0""],[""compare"",""4"",""0""],[""motion"",""0"",""0"",""none""],[""property"",""6"",""1"",""1"",""2"",""9"",""0""]]",bango-file,jobsystem.dat,5486
Entangling,2,,#nImmobilizing a target enemy,,active204,,,Entangling + %1!d!,,,100 skill_level 2 * +,1800,50000,170 2 skill_level * +,,,shaman-25,1,"[""shaman""]","[""25""]","[""50"",""52"",""54"",""56"",""58"",""0""]","[""7"",""0""]","[""1"",""2"",""3"",""4"",""5"",""0""]","[""active"",""use""]","[""6"",""2"",""1"",""1"",""2"",""5""]","[[""parameter"",""1"",[""plus"",""2"",[""mul"",""skill_level"",""5""]]],[""parameter"",""2"",[""plus"",""100"",[""mul"",""skill_level"",""2""]]]]","[""2 skill_level 5 * +"",""100 skill_level 2 * +""]","[[""compare"",""1"",[""plus"",""100"",[""mul"",""skill_level"",""2""]]],[""compare"",""2"",[""plus"",""170"",[""mul"",""2"",""skill_level""]]],[""compare"",""3"",""1800""],[""compare"",""4"",""50000""]]","[""100 skill_level 2 * +""]","[""170 2 skill_level * +""]","[""1800""]","[""50000""]","{""1"":""verified-ability-text-and-gitbook"",""2"":""unverified-for-class"",""3"":""unverified-for-class"",""4"":""unverified-for-class""}","[[""condition"",""22"",""3""]]","[""skill"",[""key"",""shaman-25""],[""name"",""Entangling""],[""limit"",""shaman""],[""action"",""25""],[""image"",""active204""],[""desc"",""#nImmobilizing a target enemy""],[""ability"",""Entangling + %1!d!""],[""parameter"",""1"",[""plus"",""2"",[""mul"",""skill_level"",""5""]]],[""parameter"",""2"",[""plus"",""100"",[""mul"",""skill_level"",""2""]]],[""maxparamvalue"",""1"",""50000""],[""condition"",""22"",""3""],[""level"",""50"",""52"",""54"",""56"",""58"",""0""],[""grade"",""7"",""0""],[""maxlevel"",""1"",""2"",""3"",""4"",""5"",""0""],[""type"",""active"",""use""],[""compare"",""1"",[""plus"",""100"",[""mul"",""skill_level"",""2""]]],[""compare"",""2"",[""plus"",""170"",[""mul"",""2"",""skill_level""]]],[""compare"",""3"",""1800""],[""compare"",""4"",""50000""],[""motion"",""1"",""0"",""none""],[""ridemotion"",""1"",""0"",""none""],[""battleride"",""1""],[""damagetype"",""3""],[""property"",""6"",""2"",""1"",""1"",""2"",""5""]]",bango-file,jobsystem.dat,5487
Spear of Pain,2,,#nAttack to mental of the enemy by none elemental magic,,active205,,,Magic Attack: %1!d!#nMP : %2!d!,,,85 skill_level 2 * +,1800,20000,170 2 skill_level * +,,,shaman-26,1,"[""shaman""]","[""26""]","[""52"",""0""]","[""7"",""0""]","[""10"",""0""]","[""active"",""use""]","[""6"",""2"",""0"",""1"",""2"",""5""]","[[""parameter"",""1"",[""plus"",[""mul"",[""plus"",""char_base_min_magic"",[""plus"",[""plus"",[""div"",""weapon_magic"",""100""],[""div"",""char_int"",""4""]],[""plus"",[""div"",""char_wis"",""4""],[""mul"",""skill_level"",""1""]]]],""4""],[""mul"",""char_level"",""1""]]],[""parameter"",""2"",[""plus"",""85"",[""mul"",""skill_level"",""2""]]]]","[""char_base_min_magic weapon_magic 100 / char_int 4 / + char_wis 4 / skill_level 1 * + + + 4 * char_level 1 * +"",""85 skill_level 2 * +""]","[[""compare"",""1"",[""plus"",""85"",[""mul"",""skill_level"",""2""]]],[""compare"",""2"",[""plus"",""170"",[""mul"",""2"",""skill_level""]]],[""compare"",""3"",""1800""],[""compare"",""4"",""20000""]]","[""85 skill_level 2 * +""]","[""170 2 skill_level * +""]","[""1800""]","[""20000""]","{""1"":""verified-ability-text-and-gitbook"",""2"":""unverified-for-class"",""3"":""unverified-for-class"",""4"":""unverified-for-class""}",[],"[""skill"",[""key"",""shaman-26""],[""name"",""Spear of Pain""],[""limit"",""shaman""],[""action"",""26""],[""image"",""active205""],[""desc"",""#nAttack to mental of the enemy by none elemental magic""],[""ability"",""Magic Attack: %1!d!#nMP : %2!d!""],[""parameter"",""1"",[""plus"",[""mul"",[""plus"",""char_base_min_magic"",[""plus"",[""plus"",[""div"",""weapon_magic"",""100""],[""div"",""char_int"",""4""]],[""plus"",[""div"",""char_wis"",""4""],[""mul"",""skill_level"",""1""]]]],""4""],[""mul"",""char_level"",""1""]]],[""parameter"",""2"",[""plus"",""85"",[""mul"",""skill_level"",""2""]]],[""maxparamvalue"",""1"",""50000""],[""level"",""52"",""0""],[""grade"",""7"",""0""],[""maxlevel"",""10"",""0""],[""type"",""active"",""use""],[""compare"",""1"",[""plus"",""85"",[""mul"",""skill_level"",""2""]]],[""compare"",""2"",[""plus"",""170"",[""mul"",""2"",""skill_level""]]],[""compare"",""3"",""1800""],[""compare"",""4"",""20000""],[""motion"",""1"",""0"",""attackauto""],[""ridemotion"",""1"",""0"",""attackauto""],[""battleride"",""1""],[""damagetype"",""1""],[""property"",""6"",""2"",""0"",""1"",""2"",""5""]]",bango-file,jobsystem.dat,5488
Summoning Soul,2,,#nSummon powerful ghost#n#1(Ait + mouse character right click is selectable),,active206,,,summons Time + %1!d!#nMP : %2!d!,,,300 skill_level 2 * +,1800,100000,170 2 skill_level * +,,,shaman-27,1,"[""shaman""]","[""27""]","[""55"",""0""]","[""7"",""0""]","[""10"",""0""]","[""active"",""use""]","[""6"",""2"",""1"",""1"",""3"",""0""]","[[""parameter"",""1"",[""plus"",""300"",[""mul"",""skill_level"",""60""]]],[""parameter"",""2"",[""plus"",""300"",[""mul"",""skill_level"",""2""]]]]","[""300 skill_level 60 * +"",""300 skill_level 2 * +""]","[[""compare"",""1"",[""plus"",""300"",[""mul"",""skill_level"",""2""]]],[""compare"",""2"",[""plus"",""170"",[""mul"",""2"",""skill_level""]]],[""compare"",""3"",""1800""],[""compare"",""4"",""100000""]]","[""300 skill_level 2 * +""]","[""170 2 skill_level * +""]","[""1800""]","[""100000""]","{""1"":""verified-ability-text-and-gitbook"",""2"":""unverified-for-class"",""3"":""unverified-for-class"",""4"":""unverified-for-class""}",[],"[""skill"",[""key"",""shaman-27""],[""name"",""Summoning Soul""],[""limit"",""shaman""],[""action"",""27""],[""image"",""active206""],[""desc"",""#nSummon powerful ghost#n#1(Ait + mouse character right click is selectable)""],[""ability"",""summons Time + %1!d!#nMP : %2!d!""],[""parameter"",""1"",[""plus"",""300"",[""mul"",""skill_level"",""60""]]],[""parameter"",""2"",[""plus"",""300"",[""mul"",""skill_level"",""2""]]],[""maxparamvalue"",""1"",""50000""],[""level"",""55"",""0""],[""grade"",""7"",""0""],[""maxlevel"",""10"",""0""],[""type"",""active"",""use""],[""compare"",""1"",[""plus"",""300"",[""mul"",""skill_level"",""2""]]],[""compare"",""2"",[""plus"",""170"",[""mul"",""2"",""skill_level""]]],[""compare"",""3"",""1800""],[""compare"",""4"",""100000""],[""motion"",""4"",""0"",""none""],[""ridemotion"",""4"",""0"",""none""],[""battleride"",""1""],[""property"",""6"",""2"",""1"",""1"",""3"",""0""],[""bufftime"",""300"",""360"",""420"",""480"",""540"",""600"",""660"",""720"",""780"",""840""]]",bango-file,jobsystem.dat,5489
Drain Blood,2,,#nGain to HP from enemies by area of effect spell,,active207,,,Magic Attack: %1!d!#nMP : %2!d!,,,150 skill_level 2 * +,1800,90000,170 2 skill_level * +,,,shaman-28,1,"[""shaman""]","[""28""]","[""60"",""0""]","[""7"",""0""]","[""10"",""0""]","[""active"",""use""]","[""6"",""2"",""0"",""1"",""2"",""5""]","[[""parameter"",""1"",[""plus"",[""mul"",[""plus"",""char_base_min_magic"",[""plus"",[""plus"",[""div"",""weapon_magic"",""4""],[""div"",""char_int"",""4""]],[""plus"",[""div"",""char_wis"",""4""],[""mul"",""skill_level"",""200""]]]],""1""],[""mul"",""char_level"",""2""]]],[""parameter"",""2"",[""plus"",""150"",[""mul"",""skill_level"",""2""]]]]","[""char_base_min_magic weapon_magic 4 / char_int 4 / + char_wis 4 / skill_level 200 * + + + 1 * char_level 2 * +"",""150 skill_level 2 * +""]","[[""compare"",""1"",[""plus"",""150"",[""mul"",""skill_level"",""2""]]],[""compare"",""2"",[""plus"",""170"",[""mul"",""2"",""skill_level""]]],[""compare"",""3"",""1800""],[""compare"",""4"",""90000""]]","[""150 skill_level 2 * +""]","[""170 2 skill_level * +""]","[""1800""]","[""90000""]","{""1"":""verified-ability-text-and-gitbook"",""2"":""unverified-for-class"",""3"":""unverified-for-class"",""4"":""unverified-for-class""}","[[""condition"",""22"",""5""]]","[""skill"",[""key"",""shaman-28""],[""name"",""Drain Blood""],[""limit"",""shaman""],[""action"",""28""],[""image"",""active207""],[""desc"",""#nGain to HP from enemies by area of effect spell""],[""ability"",""Magic Attack: %1!d!#nMP : %2!d!""],[""parameter"",""1"",[""plus"",[""mul"",[""plus"",""char_base_min_magic"",[""plus"",[""plus"",[""div"",""weapon_magic"",""4""],[""div"",""char_int"",""4""]],[""plus"",[""div"",""char_wis"",""4""],[""mul"",""skill_level"",""200""]]]],""1""],[""mul"",""char_level"",""2""]]],[""parameter"",""2"",[""plus"",""150"",[""mul"",""skill_level"",""2""]]],[""maxparamvalue"",""1"",""50000""],[""condition"",""22"",""5""],[""level"",""60"",""0""],[""grade"",""7"",""0""],[""maxlevel"",""10"",""0""],[""type"",""active"",""use""],[""compare"",""1"",[""plus"",""150"",[""mul"",""skill_level"",""2""]]],[""compare"",""2"",[""plus"",""170"",[""mul"",""2"",""skill_level""]]],[""compare"",""3"",""1800""],[""compare"",""4"",""90000""],[""motion"",""1"",""0"",""none""],[""ridemotion"",""1"",""0"",""none""],[""battleride"",""1""],[""damagetype"",""3""],[""property"",""6"",""2"",""0"",""1"",""2"",""5""],[""bufftime"",""10"",""70"",""130"",""190"",""250"",""310"",""370"",""430"",""490"",""550""]]",bango-file,jobsystem.dat,5490
Mental Breakdown,2,,#nCurse to enemies by area of effect#nSummon powerful ghost need,,active208,,,Debuff + %1!d!,,,150 skill_level 2 * +,1800,90000,170 2 skill_level * +,,,shaman-29,1,"[""shaman""]","[""29""]","[""58"",""0""]","[""7"",""0""]","[""10"",""0""]","[""active"",""use""]","[""6"",""2"",""1"",""1"",""2"",""5""]","[[""parameter"",""1"",[""mul"",""20"",""skill_level""]],[""parameter"",""2"",[""plus"",""150"",[""mul"",""skill_level"",""2""]]]]","[""20 skill_level *"",""150 skill_level 2 * +""]","[[""compare"",""1"",[""plus"",""150"",[""mul"",""skill_level"",""2""]]],[""compare"",""2"",[""plus"",""170"",[""mul"",""2"",""skill_level""]]],[""compare"",""3"",""1800""],[""compare"",""4"",""90000""]]","[""150 skill_level 2 * +""]","[""170 2 skill_level * +""]","[""1800""]","[""90000""]","{""1"":""verified-ability-text-and-gitbook"",""2"":""unverified-for-class"",""3"":""unverified-for-class"",""4"":""unverified-for-class""}","[[""condition"",""27"",""2""]]","[""skill"",[""key"",""shaman-29""],[""name"",""Mental Breakdown""],[""limit"",""shaman""],[""action"",""29""],[""image"",""active208""],[""desc"",""#nCurse to enemies by area of effect#nSummon powerful ghost need""],[""ability"",""Debuff + %1!d!""],[""parameter"",""1"",[""mul"",""20"",""skill_level""]],[""parameter"",""2"",[""plus"",""150"",[""mul"",""skill_level"",""2""]]],[""maxparamvalue"",""1"",""50000""],[""condition"",""27"",""2""],[""level"",""58"",""0""],[""grade"",""7"",""0""],[""maxlevel"",""10"",""0""],[""type"",""active"",""use""],[""compare"",""1"",[""plus"",""150"",[""mul"",""skill_level"",""2""]]],[""compare"",""2"",[""plus"",""170"",[""mul"",""2"",""skill_level""]]],[""compare"",""3"",""1800""],[""compare"",""4"",""90000""],[""motion"",""3"",""0"",""none""],[""ridemotion"",""3"",""0"",""none""],[""battleride"",""1""],[""damagetype"",""3""],[""property"",""6"",""2"",""1"",""1"",""2"",""5""],[""bufftime"",""60"",""120"",""180"",""240"",""300"",""360"",""420"",""480"",""540"",""600""]]",bango-file,jobsystem.dat,5491
Magical Explosion,2,,#nAttack to the enemy by none elemental spell#nSummon powerful ghost need,,active209,,,Magic Attack: %1!d!#nMP : %2!d!,,,90 skill_level 2 * +,1800,90000,170 2 skill_level * +,,,shaman-54,1,"[""shaman""]","[""54""]","[""60"",""0""]","[""7"",""0""]","[""10"",""0""]","[""active"",""use""]","[""6"",""2"",""0"",""1"",""2"",""5""]","[[""parameter"",""1"",[""plus"",[""mul"",[""plus"",""char_base_min_magic"",[""plus"",[""plus"",[""div"",""weapon_magic"",""4""],[""div"",""char_int"",""4""]],[""plus"",[""div"",""char_wis"",""4""],[""mul"",""skill_level"",""350""]]]],""1""],[""mul"",""char_level"",""2""]]],[""parameter"",""2"",[""plus"",""90"",[""mul"",""skill_level"",""2""]]]]","[""char_base_min_magic weapon_magic 4 / char_int 4 / + char_wis 4 / skill_level 350 * + + + 1 * char_level 2 * +"",""90 skill_level 2 * +""]","[[""compare"",""1"",[""plus"",""90"",[""mul"",""skill_level"",""2""]]],[""compare"",""2"",[""plus"",""170"",[""mul"",""2"",""skill_level""]]],[""compare"",""3"",""1800""],[""compare"",""4"",""90000""]]","[""90 skill_level 2 * +""]","[""170 2 skill_level * +""]","[""1800""]","[""90000""]","{""1"":""verified-ability-text-and-gitbook"",""2"":""unverified-for-class"",""3"":""unverified-for-class"",""4"":""unverified-for-class""}","[[""condition"",""27"",""3""]]","[""skill"",[""key"",""shaman-54""],[""name"",""Magical Explosion""],[""limit"",""shaman""],[""action"",""54""],[""image"",""active209""],[""desc"",""#nAttack to the enemy by none elemental spell#nSummon powerful ghost need""],[""ability"",""Magic Attack: %1!d!#nMP : %2!d!""],[""parameter"",""1"",[""plus"",[""mul"",[""plus"",""char_base_min_magic"",[""plus"",[""plus"",[""div"",""weapon_magic"",""4""],[""div"",""char_int"",""4""]],[""plus"",[""div"",""char_wis"",""4""],[""mul"",""skill_level"",""350""]]]],""1""],[""mul"",""char_level"",""2""]]],[""parameter"",""2"",[""plus"",""90"",[""mul"",""skill_level"",""2""]]],[""maxparamvalue"",""1"",""50000""],[""condition"",""27"",""3""],[""level"",""60"",""0""],[""grade"",""7"",""0""],[""maxlevel"",""10"",""0""],[""type"",""active"",""use""],[""compare"",""1"",[""plus"",""90"",[""mul"",""skill_level"",""2""]]],[""compare"",""2"",[""plus"",""170"",[""mul"",""2"",""skill_level""]]],[""compare"",""3"",""1800""],[""compare"",""4"",""90000""],[""motion"",""1"",""0"",""none""],[""ridemotion"",""1"",""0"",""none""],[""battleride"",""1""],[""damagetype"",""1""],[""property"",""6"",""2"",""0"",""1"",""2"",""5""]]",bango-file,jobsystem.dat,5492
increase Entangling,1,,#nincrease Immobilizing duration,,passive046,,,Entangling Duration + %1!d!,,,0,0,0,0,,,shaman-31,1,"[""shaman""]","[""31""]","[""50"",""52"",""54"",""56"",""58"",""60"",""62"",""64"",""66"",""68""]","[""7"",""0""]","[""1"",""2"",""3"",""4"",""5"",""6"",""7"",""8"",""9"",""10""]","[""passive"",""etc""]","[""6"",""2"",""1"",""2"",""9"",""0""]","[[""parameter"",""1"",[""mul"",""1"",""skill_level""]]]","[""1 skill_level *""]","[[""compare"",""1"",""0""],[""compare"",""2"",""0""],[""compare"",""3"",""0""],[""compare"",""4"",""0""]]","[""0""]","[""0""]","[""0""]","[""0""]","{""1"":""verified-ability-text-and-gitbook"",""2"":""unverified-for-class"",""3"":""unverified-for-class"",""4"":""unverified-for-class""}",[],"[""skill"",[""key"",""shaman-31""],[""name"",""increase Entangling""],[""limit"",""shaman""],[""action"",""31""],[""image"",""passive046""],[""desc"",""#nincrease Immobilizing duration""],[""ability"",""Entangling Duration + %1!d!""],[""parameter"",""1"",[""mul"",""1"",""skill_level""]],[""maxparamvalue"",""1"",""50000""],[""level"",""50"",""52"",""54"",""56"",""58"",""60"",""62"",""64"",""66"",""68""],[""grade"",""7"",""0""],[""maxlevel"",""1"",""2"",""3"",""4"",""5"",""6"",""7"",""8"",""9"",""10""],[""type"",""passive"",""etc""],[""compare"",""1"",""0""],[""compare"",""2"",""0""],[""compare"",""3"",""0""],[""compare"",""4"",""0""],[""motion"",""0"",""0"",""none""],[""property"",""6"",""2"",""1"",""2"",""9"",""0""]]",bango-file,jobsystem.dat,5493
Ghost Fortification,1,,#nincrease ATK of the ghost,,passive047,,,summons ATK + %1!d!,,,0,0,0,0,,,shaman-32,1,"[""shaman""]","[""32""]","[""50"",""52"",""54"",""56"",""58"",""60"",""62"",""64"",""66"",""68""]","[""7"",""0""]","[""1"",""2"",""3"",""4"",""5"",""6"",""7"",""8"",""9"",""10""]","[""passive"",""etc""]","[""6"",""2"",""1"",""2"",""9"",""0""]","[[""parameter"",""1"",[""mul"",""5"",""skill_level""]]]","[""5 skill_level *""]","[[""compare"",""1"",""0""],[""compare"",""2"",""0""],[""compare"",""3"",""0""],[""compare"",""4"",""0""]]","[""0""]","[""0""]","[""0""]","[""0""]","{""1"":""verified-ability-text-and-gitbook"",""2"":""unverified-for-class"",""3"":""unverified-for-class"",""4"":""unverified-for-class""}",[],"[""skill"",[""key"",""shaman-32""],[""name"",""Ghost Fortification""],[""limit"",""shaman""],[""action"",""32""],[""image"",""passive047""],[""desc"",""#nincrease ATK of the ghost""],[""ability"",""summons ATK + %1!d!""],[""parameter"",""1"",[""mul"",""5"",""skill_level""]],[""maxparamvalue"",""1"",""50000""],[""level"",""50"",""52"",""54"",""56"",""58"",""60"",""62"",""64"",""66"",""68""],[""grade"",""7"",""0""],[""maxlevel"",""1"",""2"",""3"",""4"",""5"",""6"",""7"",""8"",""9"",""10""],[""type"",""passive"",""etc""],[""compare"",""1"",""0""],[""compare"",""2"",""0""],[""compare"",""3"",""0""],[""compare"",""4"",""0""],[""motion"",""0"",""0"",""none""],[""property"",""6"",""2"",""1"",""2"",""9"",""0""]]",bango-file,jobsystem.dat,5494
Artillery,1,,#nincrease ATK of summon,,passive049,,,,,,0,0,0,0,,,shaman-34,1,"[""shaman""]","[""34""]","[""50"",""0""]","[""7"",""0""]","[""1"",""0""]","[""passive"",""etc""]","[""6"",""2"",""1"",""1"",""9"",""0""]",[],[],"[[""compare"",""1"",""0""],[""compare"",""2"",""0""],[""compare"",""3"",""0""],[""compare"",""4"",""0""]]","[""0""]","[""0""]","[""0""]","[""0""]","{""1"":""verified-ability-text-and-gitbook"",""2"":""unverified-for-class"",""3"":""unverified-for-class"",""4"":""unverified-for-class""}",[],"[""skill"",[""key"",""shaman-34""],[""name"",""Artillery""],[""limit"",""shaman""],[""action"",""34""],[""image"",""passive049""],[""desc"",""#nincrease ATK of summon""],[""maxparamvalue"",""1"",""50000""],[""level"",""50"",""0""],[""grade"",""7"",""0""],[""maxlevel"",""1"",""0""],[""type"",""passive"",""etc""],[""compare"",""1"",""0""],[""compare"",""2"",""0""],[""compare"",""3"",""0""],[""compare"",""4"",""0""],[""motion"",""0"",""0"",""none""],[""property"",""6"",""2"",""1"",""1"",""9"",""0""]]",bango-file,jobsystem.dat,5495
Lucky Trick,1,,#nfor in body care#n increase to recover,,passive050,,,,,,0,0,0,0,,,shaman-35,1,"[""shaman""]","[""35""]","[""50"",""0""]","[""7"",""1""]","[""1"",""0""]","[""passive"",""etc""]","[""6"",""2"",""1"",""1"",""9"",""0""]",[],[],"[[""compare"",""1"",""0""],[""compare"",""2"",""0""],[""compare"",""3"",""0""],[""compare"",""4"",""0""]]","[""0""]","[""0""]","[""0""]","[""0""]","{""1"":""verified-ability-text-and-gitbook"",""2"":""unverified-for-class"",""3"":""unverified-for-class"",""4"":""unverified-for-class""}",[],"[""skill"",[""key"",""shaman-35""],[""name"",""Lucky Trick""],[""limit"",""shaman""],[""action"",""35""],[""image"",""passive050""],[""desc"",""#nfor in body care#n increase to recover""],[""maxparamvalue"",""1"",""50000""],[""level"",""50"",""0""],[""grade"",""7"",""1""],[""maxlevel"",""1"",""0""],[""type"",""passive"",""etc""],[""compare"",""1"",""0""],[""compare"",""2"",""0""],[""compare"",""3"",""0""],[""compare"",""4"",""0""],[""motion"",""0"",""0"",""none""],[""property"",""6"",""2"",""1"",""1"",""9"",""0""]]",bango-file,jobsystem.dat,5496
JigukKing,2,,"#nBy JihukKing of 4th Rising King, increase Max HP of team#n#1(Ait + mouse character right click is selectable)",,active210,,,Team Max HP + %1!d!#nMP : %2!d!,,,300 skill_level 2 * +,1800,300000,170 2 skill_level * +,,,shaman-36,1,"[""shaman""]","[""36""]","[""50"",""0""]","[""11"",""0""]","[""10"",""0""]","[""active"",""use""]","[""6"",""3"",""1"",""1"",""3"",""4""]","[[""parameter"",""1"",[""mul"",""150"",""skill_level""]],[""parameter"",""2"",[""plus"",""300"",[""mul"",""skill_level"",""2""]]]]","[""150 skill_level *"",""300 skill_level 2 * +""]","[[""compare"",""1"",[""plus"",""300"",[""mul"",""skill_level"",""2""]]],[""compare"",""2"",[""plus"",""170"",[""mul"",""2"",""skill_level""]]],[""compare"",""3"",""1800""],[""compare"",""4"",""300000""]]","[""300 skill_level 2 * +""]","[""170 2 skill_level * +""]","[""1800""]","[""300000""]","{""1"":""verified-ability-text-and-gitbook"",""2"":""unverified-for-class"",""3"":""unverified-for-class"",""4"":""unverified-for-class""}","[[""condition"",""20"",""3""]]","[""skill"",[""key"",""shaman-36""],[""name"",""JigukKing""],[""limit"",""shaman""],[""action"",""36""],[""image"",""active210""],[""desc"",""#nBy JihukKing of 4th Rising King, increase Max HP of team#n#1(Ait + mouse character right click is selectable)""],[""ability"",""Team Max HP + %1!d!#nMP : %2!d!""],[""parameter"",""1"",[""mul"",""150"",""skill_level""]],[""parameter"",""2"",[""plus"",""300"",[""mul"",""skill_level"",""2""]]],[""maxparamvalue"",""1"",""50000""],[""condition"",""20"",""3""],[""level"",""50"",""0""],[""grade"",""11"",""0""],[""maxlevel"",""10"",""0""],[""type"",""active"",""use""],[""compare"",""1"",[""plus"",""300"",[""mul"",""skill_level"",""2""]]],[""compare"",""2"",[""plus"",""170"",[""mul"",""2"",""skill_level""]]],[""compare"",""3"",""1800""],[""compare"",""4"",""300000""],[""motion"",""5"",""0"",""none""],[""ridemotion"",""5"",""0"",""none""],[""battleride"",""1""],[""damagetype"",""0""],[""property"",""6"",""3"",""1"",""1"",""3"",""4""],[""bufftime"",""60"",""120"",""180"",""240"",""300"",""360"",""420"",""480"",""540"",""600""]]",bango-file,jobsystem.dat,5497
JeungjangKing,2,,"#nBy JeungjangKing of 4th Rising King, increase ATK of team#n#1(Ait + mouse character right click is selectable)",,active211,,,Team ATK and Mg.ATK + %1!d!#nMP : %2!d!,,,300 skill_level 2 * +,1800,300000,170 2 skill_level * +,,,shaman-37,1,"[""shaman""]","[""37""]","[""52"",""0""]","[""11"",""0""]","[""10"",""0""]","[""active"",""use""]","[""6"",""3"",""1"",""1"",""3"",""4""]","[[""parameter"",""1"",[""mul"",""15"",""skill_level""]],[""parameter"",""2"",[""plus"",""300"",[""mul"",""skill_level"",""2""]]]]","[""15 skill_level *"",""300 skill_level 2 * +""]","[[""compare"",""1"",[""plus"",""300"",[""mul"",""skill_level"",""2""]]],[""compare"",""2"",[""plus"",""170"",[""mul"",""2"",""skill_level""]]],[""compare"",""3"",""1800""],[""compare"",""4"",""300000""]]","[""300 skill_level 2 * +""]","[""170 2 skill_level * +""]","[""1800""]","[""300000""]","{""1"":""verified-ability-text-and-gitbook"",""2"":""unverified-for-class"",""3"":""unverified-for-class"",""4"":""unverified-for-class""}","[[""condition"",""20"",""4""]]","[""skill"",[""key"",""shaman-37""],[""name"",""JeungjangKing""],[""limit"",""shaman""],[""action"",""37""],[""image"",""active211""],[""desc"",""#nBy JeungjangKing of 4th Rising King, increase ATK of team#n#1(Ait + mouse character right click is selectable)""],[""ability"",""Team ATK and Mg.ATK + %1!d!#nMP : %2!d!""],[""parameter"",""1"",[""mul"",""15"",""skill_level""]],[""parameter"",""2"",[""plus"",""300"",[""mul"",""skill_level"",""2""]]],[""maxparamvalue"",""1"",""50000""],[""condition"",""20"",""4""],[""level"",""52"",""0""],[""grade"",""11"",""0""],[""maxlevel"",""10"",""0""],[""type"",""active"",""use""],[""compare"",""1"",[""plus"",""300"",[""mul"",""skill_level"",""2""]]],[""compare"",""2"",[""plus"",""170"",[""mul"",""2"",""skill_level""]]],[""compare"",""3"",""1800""],[""compare"",""4"",""300000""],[""motion"",""5"",""0"",""none""],[""ridemotion"",""5"",""0"",""none""],[""battleride"",""1""],[""damagetype"",""0""],[""property"",""6"",""3"",""1"",""1"",""3"",""4""],[""bufftime"",""60"",""120"",""180"",""240"",""300"",""360"",""420"",""480"",""540"",""600""]]",bango-file,jobsystem.dat,5498
Amplification of Blood,2,,"#nBy HP 5%, attack to nearby enemies",,active212,,,Magic Attack: %1!d!#nMP : %2!d!,,,106 skill_level 2 * +,1400,20000,60 3 skill_level * +,,,shaman-38,1,"[""shaman""]","[""38""]","[""53"",""0""]","[""11"",""0""]","[""10"",""0""]","[""active"",""use""]","[""6"",""3"",""0"",""1"",""1"",""5""]","[[""parameter"",""1"",[""plus"",[""mul"",[""plus"",""char_base_min_magic"",[""plus"",[""plus"",[""div"",""weapon_magic"",""1""],[""div"",""char_int"",""1""]],[""plus"",[""div"",""char_wis"",""1""],[""mul"",""skill_level"",""350""]]]],""1""],[""mul"",""char_level"",""10""]]],[""parameter"",""2"",[""plus"",""106"",[""mul"",""skill_level"",""2""]]]]","[""char_base_min_magic weapon_magic 1 / char_int 1 / + char_wis 1 / skill_level 350 * + + + 1 * char_level 10 * +"",""106 skill_level 2 * +""]","[[""compare"",""1"",[""plus"",""106"",[""mul"",""skill_level"",""2""]]],[""compare"",""2"",[""plus"",""60"",[""mul"",""3"",""skill_level""]]],[""compare"",""3"",""1400""],[""compare"",""4"",""20000""]]","[""106 skill_level 2 * +""]","[""60 3 skill_level * +""]","[""1400""]","[""20000""]","{""1"":""verified-ability-text-and-gitbook"",""2"":""unverified-for-class"",""3"":""unverified-for-class"",""4"":""unverified-for-class""}","[[""condition"",""36"",""2""]]","[""skill"",[""key"",""shaman-38""],[""name"",""Amplification of Blood""],[""limit"",""shaman""],[""action"",""38""],[""image"",""active212""],[""desc"",""#nBy HP 5%, attack to nearby enemies""],[""ability"",""Magic Attack: %1!d!#nMP : %2!d!""],[""parameter"",""1"",[""plus"",[""mul"",[""plus"",""char_base_min_magic"",[""plus"",[""plus"",[""div"",""weapon_magic"",""1""],[""div"",""char_int"",""1""]],[""plus"",[""div"",""char_wis"",""1""],[""mul"",""skill_level"",""350""]]]],""1""],[""mul"",""char_level"",""10""]]],[""parameter"",""2"",[""plus"",""106"",[""mul"",""skill_level"",""2""]]],[""maxparamvalue"",""1"",""50000""],[""condition"",""36"",""2""],[""level"",""53"",""0""],[""grade"",""11"",""0""],[""maxlevel"",""10"",""0""],[""type"",""active"",""use""],[""compare"",""1"",[""plus"",""106"",[""mul"",""skill_level"",""2""]]],[""compare"",""2"",[""plus"",""60"",[""mul"",""3"",""skill_level""]]],[""compare"",""3"",""1400""],[""compare"",""4"",""20000""],[""motion"",""1"",""0"",""none""],[""ridemotion"",""1"",""0"",""none""],[""battleride"",""1""],[""damagetype"",""1""],[""property"",""6"",""3"",""0"",""1"",""1"",""5""]]",bango-file,jobsystem.dat,5499
Wave of Emperor,2,,#nAttack to the enemies with the power of king by area of effect none elemental magic,,active213,,,Magic Attack: %1!d!#nMP : %2!d!,,,77 skill_level 2 * +,1400,80000,60 3 skill_level * +,,,shaman-39,1,"[""shaman""]","[""39""]","[""60"",""0""]","[""11"",""0""]","[""10"",""0""]","[""active"",""use""]","[""6"",""3"",""0"",""1"",""1"",""5""]","[[""parameter"",""1"",[""plus"",[""mul"",[""plus"",""char_base_min_magic"",[""plus"",[""plus"",[""div"",""weapon_magic"",""1""],[""div"",""char_int"",""1""]],[""plus"",[""div"",""char_wis"",""1""],[""mul"",""skill_level"",""180""]]]],""1""],[""mul"",""char_level"",""10""]]],[""parameter"",""2"",[""plus"",""77"",[""mul"",""skill_level"",""2""]]]]","[""char_base_min_magic weapon_magic 1 / char_int 1 / + char_wis 1 / skill_level 180 * + + + 1 * char_level 10 * +"",""77 skill_level 2 * +""]","[[""compare"",""1"",[""plus"",""77"",[""mul"",""skill_level"",""2""]]],[""compare"",""2"",[""plus"",""60"",[""mul"",""3"",""skill_level""]]],[""compare"",""3"",""1400""],[""compare"",""4"",""80000""]]","[""77 skill_level 2 * +""]","[""60 3 skill_level * +""]","[""1400""]","[""80000""]","{""1"":""verified-ability-text-and-gitbook"",""2"":""unverified-for-class"",""3"":""unverified-for-class"",""4"":""unverified-for-class""}","[[""condition"",""37"",""2""]]","[""skill"",[""key"",""shaman-39""],[""name"",""Wave of Emperor""],[""limit"",""shaman""],[""action"",""39""],[""image"",""active213""],[""desc"",""#nAttack to the enemies with the power of king by area of effect none elemental magic""],[""ability"",""Magic Attack: %1!d!#nMP : %2!d!""],[""parameter"",""1"",[""plus"",[""mul"",[""plus"",""char_base_min_magic"",[""plus"",[""plus"",[""div"",""weapon_magic"",""1""],[""div"",""char_int"",""1""]],[""plus"",[""div"",""char_wis"",""1""],[""mul"",""skill_level"",""180""]]]],""1""],[""mul"",""char_level"",""10""]]],[""parameter"",""2"",[""plus"",""77"",[""mul"",""skill_level"",""2""]]],[""maxparamvalue"",""1"",""50000""],[""condition"",""37"",""2""],[""level"",""60"",""0""],[""grade"",""11"",""0""],[""maxlevel"",""10"",""0""],[""type"",""active"",""use""],[""compare"",""1"",[""plus"",""77"",[""mul"",""skill_level"",""2""]]],[""compare"",""2"",[""plus"",""60"",[""mul"",""3"",""skill_level""]]],[""compare"",""3"",""1400""],[""compare"",""4"",""80000""],[""motion"",""1"",""0"",""attackauto""],[""ridemotion"",""1"",""0"",""attackauto""],[""battleride"",""1""],[""damagetype"",""1""],[""property"",""6"",""3"",""0"",""1"",""1"",""5""]]",bango-file,jobsystem.dat,5500
Gangshin Fortification,1,,#nincrease Gangshin duration,,passive051,,,Curse Duration + %1!d!,,,0,0,0,0,,,shaman-40,1,"[""shaman""]","[""40""]","[""50"",""52"",""54"",""56"",""58"",""60"",""62"",""64"",""66"",""68""]","[""11"",""0""]","[""1"",""2"",""3"",""4"",""5"",""6"",""7"",""8"",""9"",""10""]","[""passive"",""etc""]","[""6"",""3"",""1"",""2"",""9"",""0""]","[[""parameter"",""1"",[""mul"",""10"",""skill_level""]]]","[""10 skill_level *""]","[[""compare"",""1"",""0""],[""compare"",""2"",""0""],[""compare"",""3"",""0""],[""compare"",""4"",""0""]]","[""0""]","[""0""]","[""0""]","[""0""]","{""1"":""verified-ability-text-and-gitbook"",""2"":""unverified-for-class"",""3"":""unverified-for-class"",""4"":""unverified-for-class""}",[],"[""skill"",[""key"",""shaman-40""],[""name"",""Gangshin Fortification""],[""limit"",""shaman""],[""action"",""40""],[""image"",""passive051""],[""desc"",""#nincrease Gangshin duration""],[""ability"",""Curse Duration + %1!d!""],[""parameter"",""1"",[""mul"",""10"",""skill_level""]],[""maxparamvalue"",""1"",""50000""],[""level"",""50"",""52"",""54"",""56"",""58"",""60"",""62"",""64"",""66"",""68""],[""grade"",""11"",""0""],[""maxlevel"",""1"",""2"",""3"",""4"",""5"",""6"",""7"",""8"",""9"",""10""],[""type"",""passive"",""etc""],[""compare"",""1"",""0""],[""compare"",""2"",""0""],[""compare"",""3"",""0""],[""compare"",""4"",""0""],[""motion"",""0"",""0"",""none""],[""property"",""6"",""3"",""1"",""2"",""9"",""0""]]",bango-file,jobsystem.dat,5501
Bleeding Fortification,1,,#nDecline to use HP,,passive052,,,,,,0,0,0,0,,,shaman-41,1,"[""shaman""]","[""41""]","[""50"",""52"",""54"",""0""]","[""11"",""0""]","[""1"",""2"",""3"",""0""]","[""passive"",""etc""]","[""6"",""3"",""1"",""2"",""9"",""0""]",[],[],"[[""compare"",""1"",""0""],[""compare"",""2"",""0""],[""compare"",""3"",""0""],[""compare"",""4"",""0""]]","[""0""]","[""0""]","[""0""]","[""0""]","{""1"":""verified-ability-text-and-gitbook"",""2"":""unverified-for-class"",""3"":""unverified-for-class"",""4"":""unverified-for-class""}",[],"[""skill"",[""key"",""shaman-41""],[""name"",""Bleeding Fortification""],[""limit"",""shaman""],[""action"",""41""],[""image"",""passive052""],[""desc"",""#nDecline to use HP""],[""maxparamvalue"",""1"",""50000""],[""level"",""50"",""52"",""54"",""0""],[""grade"",""11"",""0""],[""maxlevel"",""1"",""2"",""3"",""0""],[""type"",""passive"",""etc""],[""compare"",""1"",""0""],[""compare"",""2"",""0""],[""compare"",""3"",""0""],[""compare"",""4"",""0""],[""motion"",""0"",""0"",""none""],[""property"",""6"",""3"",""1"",""2"",""9"",""0""]]",bango-file,jobsystem.dat,5502
Artillery,1,,"#nCastle machine is possible to install, control and uninstall.#nIf you don't have an artillery skill, you cannot do that.",,passive053,,,,,,0,0,0,0,,,shaman-42,1,"[""shaman""]","[""42""]","[""50"",""0""]","[""11"",""0""]","[""1"",""0""]","[""passive"",""etc""]","[""6"",""3"",""1"",""1"",""9"",""0""]",[],[],"[[""compare"",""1"",""0""],[""compare"",""2"",""0""],[""compare"",""3"",""0""],[""compare"",""4"",""0""]]","[""0""]","[""0""]","[""0""]","[""0""]","{""1"":""verified-ability-text-and-gitbook"",""2"":""unverified-for-class"",""3"":""unverified-for-class"",""4"":""unverified-for-class""}",[],"[""skill"",[""key"",""shaman-42""],[""name"",""Artillery""],[""limit"",""shaman""],[""action"",""42""],[""image"",""passive053""],[""desc"",""#nCastle machine is possible to install, control and uninstall.#nIf you don't have an artillery skill, you cannot do that.""],[""maxparamvalue"",""1"",""50000""],[""level"",""50"",""0""],[""grade"",""11"",""0""],[""maxlevel"",""1"",""0""],[""type"",""passive"",""etc""],[""compare"",""1"",""0""],[""compare"",""2"",""0""],[""compare"",""3"",""0""],[""compare"",""4"",""0""],[""motion"",""0"",""0"",""none""],[""property"",""6"",""3"",""1"",""1"",""9"",""0""]]",bango-file,jobsystem.dat,5503
Lucky Trick,1,,#nfor in body care#n increase to recover,,passive054,,,,,,0,0,0,0,,,shaman-43,1,"[""shaman""]","[""43""]","[""50"",""0""]","[""11"",""1""]","[""1"",""0""]","[""passive"",""etc""]","[""6"",""3"",""1"",""1"",""9"",""0""]",[],[],"[[""compare"",""1"",""0""],[""compare"",""2"",""0""],[""compare"",""3"",""0""],[""compare"",""4"",""0""]]","[""0""]","[""0""]","[""0""]","[""0""]","{""1"":""verified-ability-text-and-gitbook"",""2"":""unverified-for-class"",""3"":""unverified-for-class"",""4"":""unverified-for-class""}",[],"[""skill"",[""key"",""shaman-43""],[""name"",""Lucky Trick""],[""limit"",""shaman""],[""action"",""43""],[""image"",""passive054""],[""desc"",""#nfor in body care#n increase to recover""],[""maxparamvalue"",""1"",""50000""],[""level"",""50"",""0""],[""grade"",""11"",""1""],[""maxlevel"",""1"",""0""],[""type"",""passive"",""etc""],[""compare"",""1"",""0""],[""compare"",""2"",""0""],[""compare"",""3"",""0""],[""compare"",""4"",""0""],[""motion"",""0"",""0"",""none""],[""property"",""6"",""3"",""1"",""1"",""9"",""0""]]",bango-file,jobsystem.dat,5504
Collapse,2,,#nAttack by powerful curse,,active214,,,Magic Attack: %1!d!#nMP : %2!d!,,,111 skill_level 2 * +,1800,90000,170 2 skill_level * +,,,shaman-44,1,"[""shaman""]","[""44""]","[""70"",""72"",""74"",""76"",""78"",""80"",""82"",""84"",""86"",""88""]","[""23"",""0""]","[""1"",""2"",""3"",""4"",""5"",""6"",""7"",""8"",""9"",""10""]","[""active"",""use""]","[""6"",""4"",""0"",""1"",""1"",""5""]","[[""parameter"",""1"",[""plus"",[""mul"",[""plus"",""char_base_min_magic"",[""plus"",[""plus"",[""div"",""weapon_magic"",""3""],[""div"",""char_int"",""3""]],[""plus"",[""div"",""char_wis"",""2""],[""mul"",""skill_level"",""500""]]]],""3""],[""mul"",""char_level"",""5""]]],[""parameter"",""2"",[""plus"",""111"",[""mul"",""skill_level"",""2""]]]]","[""char_base_min_magic weapon_magic 3 / char_int 3 / + char_wis 2 / skill_level 500 * + + + 3 * char_level 5 * +"",""111 skill_level 2 * +""]","[[""compare"",""1"",[""plus"",""111"",[""mul"",""skill_level"",""2""]]],[""compare"",""2"",[""plus"",""170"",[""mul"",""2"",""skill_level""]]],[""compare"",""3"",""1800""],[""compare"",""4"",""90000""]]","[""111 skill_level 2 * +""]","[""170 2 skill_level * +""]","[""1800""]","[""90000""]","{""1"":""verified-ability-text-and-gitbook"",""2"":""unverified-for-class"",""3"":""unverified-for-class"",""4"":""unverified-for-class""}","[[""condition"",""29"",""5""]]","[""skill"",[""key"",""shaman-44""],[""name"",""Collapse""],[""limit"",""shaman""],[""action"",""44""],[""image"",""active214""],[""desc"",""#nAttack by powerful curse""],[""ability"",""Magic Attack: %1!d!#nMP : %2!d!""],[""parameter"",""1"",[""plus"",[""mul"",[""plus"",""char_base_min_magic"",[""plus"",[""plus"",[""div"",""weapon_magic"",""3""],[""div"",""char_int"",""3""]],[""plus"",[""div"",""char_wis"",""2""],[""mul"",""skill_level"",""500""]]]],""3""],[""mul"",""char_level"",""5""]]],[""parameter"",""2"",[""plus"",""111"",[""mul"",""skill_level"",""2""]]],[""maxparamvalue"",""1"",""50000""],[""condition"",""29"",""5""],[""level"",""70"",""72"",""74"",""76"",""78"",""80"",""82"",""84"",""86"",""88""],[""grade"",""23"",""0""],[""maxlevel"",""1"",""2"",""3"",""4"",""5"",""6"",""7"",""8"",""9"",""10""],[""type"",""active"",""use""],[""compare"",""1"",[""plus"",""111"",[""mul"",""skill_level"",""2""]]],[""compare"",""2"",[""plus"",""170"",[""mul"",""2"",""skill_level""]]],[""compare"",""3"",""1800""],[""compare"",""4"",""90000""],[""motion"",""1"",""0"",""attackauto""],[""ridemotion"",""1"",""0"",""attackauto""],[""battleride"",""1""],[""damagetype"",""1""],[""property"",""6"",""4"",""0"",""1"",""1"",""5""]]",bango-file,jobsystem.dat,5505
Ruler,2,,#nIncrease the summon state,,active215,,,Attack: %1!d!#nMP : %2!d!,,,200 skill_level 2 * +,1800,300000,170 2 skill_level * +,,,shaman-45,1,"[""shaman""]","[""45""]","[""72"",""74"",""76"",""78"",""80"",""82"",""84"",""86"",""88"",""90""]","[""23"",""0""]","[""1"",""2"",""3"",""4"",""5"",""6"",""7"",""8"",""9"",""10""]","[""active"",""use""]","[""6"",""4"",""1"",""1"",""3"",""0""]","[[""parameter"",""1"",[""mul"",""15"",""skill_level""]],[""parameter"",""2"",[""plus"",""200"",[""mul"",""skill_level"",""2""]]]]","[""15 skill_level *"",""200 skill_level 2 * +""]","[[""compare"",""1"",[""plus"",""200"",[""mul"",""skill_level"",""2""]]],[""compare"",""2"",[""plus"",""170"",[""mul"",""2"",""skill_level""]]],[""compare"",""3"",""1800""],[""compare"",""4"",""300000""]]","[""200 skill_level 2 * +""]","[""170 2 skill_level * +""]","[""1800""]","[""300000""]","{""1"":""verified-ability-text-and-gitbook"",""2"":""unverified-for-class"",""3"":""unverified-for-class"",""4"":""unverified-for-class""}","[[""condition"",""27"",""5""]]","[""skill"",[""key"",""shaman-45""],[""name"",""Ruler""],[""limit"",""shaman""],[""action"",""45""],[""image"",""active215""],[""desc"",""#nIncrease the summon state""],[""ability"",""Attack: %1!d!#nMP : %2!d!""],[""parameter"",""1"",[""mul"",""15"",""skill_level""]],[""parameter"",""2"",[""plus"",""200"",[""mul"",""skill_level"",""2""]]],[""maxparamvalue"",""1"",""50000""],[""condition"",""27"",""5""],[""level"",""72"",""74"",""76"",""78"",""80"",""82"",""84"",""86"",""88"",""90""],[""grade"",""23"",""0""],[""maxlevel"",""1"",""2"",""3"",""4"",""5"",""6"",""7"",""8"",""9"",""10""],[""type"",""active"",""use""],[""compare"",""1"",[""plus"",""200"",[""mul"",""skill_level"",""2""]]],[""compare"",""2"",[""plus"",""170"",[""mul"",""2"",""skill_level""]]],[""compare"",""3"",""1800""],[""compare"",""4"",""300000""],[""motion"",""3"",""0"",""attackauto""],[""ridemotion"",""3"",""0"",""none""],[""battleride"",""1""],[""damagetype"",""0""],[""property"",""6"",""4"",""1"",""1"",""3"",""0""]]",bango-file,jobsystem.dat,5506
Six Souls,2,,#nAttack to enemy by summons 6 souls,,active216,,,Magic Attack: %1!d!#nMP : %2!d!,,,120 skill_level 2 * +,1800,90000,170 2 skill_level * +,,,shaman-46,1,"[""shaman""]","[""46""]","[""73"",""75"",""77"",""79"",""81"",""83"",""85"",""87"",""89"",""91""]","[""23"",""0""]","[""1"",""2"",""3"",""4"",""5"",""6"",""7"",""8"",""9"",""10""]","[""active"",""use""]","[""6"",""4"",""0"",""1"",""1"",""5""]","[[""parameter"",""1"",[""plus"",[""mul"",[""plus"",""char_base_min_magic"",[""plus"",[""plus"",[""div"",""weapon_magic"",""1""],[""div"",""char_int"",""1""]],[""plus"",[""div"",""char_wis"",""1""],[""mul"",""skill_level"",""500""]]]],""3""],[""mul"",""char_level"",""20""]]],[""parameter"",""2"",[""plus"",""120"",[""mul"",""skill_level"",""2""]]]]","[""char_base_min_magic weapon_magic 1 / char_int 1 / + char_wis 1 / skill_level 500 * + + + 3 * char_level 20 * +"",""120 skill_level 2 * +""]","[[""compare"",""1"",[""plus"",""120"",[""mul"",""skill_level"",""2""]]],[""compare"",""2"",[""plus"",""170"",[""mul"",""2"",""skill_level""]]],[""compare"",""3"",""1800""],[""compare"",""4"",""90000""]]","[""120 skill_level 2 * +""]","[""170 2 skill_level * +""]","[""1800""]","[""90000""]","{""1"":""verified-ability-text-and-gitbook"",""2"":""unverified-for-class"",""3"":""unverified-for-class"",""4"":""unverified-for-class""}","[[""condition"",""54"",""3""]]","[""skill"",[""key"",""shaman-46""],[""name"",""Six Souls""],[""limit"",""shaman""],[""action"",""46""],[""image"",""active216""],[""desc"",""#nAttack to enemy by summons 6 souls""],[""ability"",""Magic Attack: %1!d!#nMP : %2!d!""],[""parameter"",""1"",[""plus"",[""mul"",[""plus"",""char_base_min_magic"",[""plus"",[""plus"",[""div"",""weapon_magic"",""1""],[""div"",""char_int"",""1""]],[""plus"",[""div"",""char_wis"",""1""],[""mul"",""skill_level"",""500""]]]],""3""],[""mul"",""char_level"",""20""]]],[""parameter"",""2"",[""plus"",""120"",[""mul"",""skill_level"",""2""]]],[""maxparamvalue"",""1"",""50000""],[""condition"",""54"",""3""],[""level"",""73"",""75"",""77"",""79"",""81"",""83"",""85"",""87"",""89"",""91""],[""grade"",""23"",""0""],[""maxlevel"",""1"",""2"",""3"",""4"",""5"",""6"",""7"",""8"",""9"",""10""],[""type"",""active"",""use""],[""compare"",""1"",[""plus"",""120"",[""mul"",""skill_level"",""2""]]],[""compare"",""2"",[""plus"",""170"",[""mul"",""2"",""skill_level""]]],[""compare"",""3"",""1800""],[""compare"",""4"",""90000""],[""motion"",""2"",""0"",""attackauto""],[""ridemotion"",""2"",""0"",""attackauto""],[""battleride"",""1""],[""damagetype"",""1""],[""property"",""6"",""4"",""0"",""1"",""1"",""5""]]",bango-file,jobsystem.dat,5507
Exploding Spirit,2,,#nThe summon attacks to enemies by area of effect#nSummon powerful ghost need,,active217,,,Magic Attack: %1!d!#nMP : %2!d!,,,120 skill_level 2 * +,1800,90000,170 2 skill_level * +,,,shaman-47,1,"[""shaman""]","[""47""]","[""74"",""76"",""78"",""80"",""82"",""84"",""86"",""88"",""90"",""92""]","[""23"",""0""]","[""1"",""2"",""3"",""4"",""5"",""6"",""7"",""8"",""9"",""10""]","[""active"",""use""]","[""6"",""4"",""0"",""1"",""1"",""5""]","[[""parameter"",""1"",[""plus"",[""mul"",[""plus"",""char_base_min_magic"",[""plus"",[""plus"",[""div"",""weapon_magic"",""1""],[""div"",""char_int"",""1""]],[""plus"",[""div"",""char_wis"",""1""],[""mul"",""skill_level"",""500""]]]],""3""],[""mul"",""char_level"",""10""]]],[""parameter"",""2"",[""plus"",""120"",[""mul"",""skill_level"",""2""]]]]","[""char_base_min_magic weapon_magic 1 / char_int 1 / + char_wis 1 / skill_level 500 * + + + 3 * char_level 10 * +"",""120 skill_level 2 * +""]","[[""compare"",""1"",[""plus"",""120"",[""mul"",""skill_level"",""2""]]],[""compare"",""2"",[""plus"",""170"",[""mul"",""2"",""skill_level""]]],[""compare"",""3"",""1800""],[""compare"",""4"",""90000""]]","[""120 skill_level 2 * +""]","[""170 2 skill_level * +""]","[""1800""]","[""90000""]","{""1"":""verified-ability-text-and-gitbook"",""2"":""unverified-for-class"",""3"":""unverified-for-class"",""4"":""unverified-for-class""}","[[""condition"",""27"",""7""]]","[""skill"",[""key"",""shaman-47""],[""name"",""Exploding Spirit""],[""limit"",""shaman""],[""action"",""47""],[""image"",""active217""],[""desc"",""#nThe summon attacks to enemies by area of effect#nSummon powerful ghost need""],[""ability"",""Magic Attack: %1!d!#nMP : %2!d!""],[""parameter"",""1"",[""plus"",[""mul"",[""plus"",""char_base_min_magic"",[""plus"",[""plus"",[""div"",""weapon_magic"",""1""],[""div"",""char_int"",""1""]],[""plus"",[""div"",""char_wis"",""1""],[""mul"",""skill_level"",""500""]]]],""3""],[""mul"",""char_level"",""10""]]],[""parameter"",""2"",[""plus"",""120"",[""mul"",""skill_level"",""2""]]],[""maxparamvalue"",""1"",""50000""],[""condition"",""27"",""7""],[""level"",""74"",""76"",""78"",""80"",""82"",""84"",""86"",""88"",""90"",""92""],[""grade"",""23"",""0""],[""maxlevel"",""1"",""2"",""3"",""4"",""5"",""6"",""7"",""8"",""9"",""10""],[""type"",""active"",""use""],[""compare"",""1"",[""plus"",""120"",[""mul"",""skill_level"",""2""]]],[""compare"",""2"",[""plus"",""170"",[""mul"",""2"",""skill_level""]]],[""compare"",""3"",""1800""],[""compare"",""4"",""90000""],[""motion"",""2"",""0"",""none""],[""ridemotion"",""2"",""0"",""none""],[""battleride"",""1""],[""damagetype"",""1""],[""property"",""6"",""4"",""0"",""1"",""1"",""5""]]",bango-file,jobsystem.dat,5508
Curse Amplification,1,,#nincrease curse spell,,passive055,,,Curse damage + %1!d!,,,0,0,0,0,,,shaman-48,1,"[""shaman""]","[""48""]","[""70"",""72"",""74"",""76"",""78"",""80"",""82"",""84"",""86"",""88""]","[""23"",""0""]","[""1"",""2"",""3"",""4"",""5"",""6"",""7"",""8"",""9"",""10""]","[""passive"",""etc""]","[""6"",""4"",""1"",""2"",""9"",""0""]","[[""parameter"",""1"",[""mul"",""50"",""skill_level""]]]","[""50 skill_level *""]","[[""compare"",""1"",""0""],[""compare"",""2"",""0""],[""compare"",""3"",""0""],[""compare"",""4"",""0""]]","[""0""]","[""0""]","[""0""]","[""0""]","{""1"":""verified-ability-text-and-gitbook"",""2"":""unverified-for-class"",""3"":""unverified-for-class"",""4"":""unverified-for-class""}",[],"[""skill"",[""key"",""shaman-48""],[""name"",""Curse Amplification""],[""limit"",""shaman""],[""action"",""48""],[""image"",""passive055""],[""desc"",""#nincrease curse spell""],[""ability"",""Curse damage + %1!d!""],[""parameter"",""1"",[""mul"",""50"",""skill_level""]],[""maxparamvalue"",""1"",""50000""],[""level"",""70"",""72"",""74"",""76"",""78"",""80"",""82"",""84"",""86"",""88""],[""grade"",""23"",""0""],[""maxlevel"",""1"",""2"",""3"",""4"",""5"",""6"",""7"",""8"",""9"",""10""],[""type"",""passive"",""etc""],[""compare"",""1"",""0""],[""compare"",""2"",""0""],[""compare"",""3"",""0""],[""compare"",""4"",""0""],[""motion"",""0"",""0"",""none""],[""property"",""6"",""4"",""1"",""2"",""9"",""0""]]",bango-file,jobsystem.dat,5509
None elemental Amplification,1,,#nincrease none elemental spell,,passive056,,,None elemental ATK + %1!d!,,,0,0,0,0,,,shaman-49,1,"[""shaman""]","[""49""]","[""70"",""72"",""74"",""76"",""78"",""80"",""82"",""84"",""86"",""88""]","[""23"",""0""]","[""1"",""2"",""3"",""4"",""5"",""6"",""7"",""8"",""9"",""10""]","[""passive"",""etc""]","[""6"",""4"",""1"",""2"",""9"",""0""]","[[""parameter"",""1"",[""mul"",""50"",""skill_level""]]]","[""50 skill_level *""]","[[""compare"",""1"",""0""],[""compare"",""2"",""0""],[""compare"",""3"",""0""],[""compare"",""4"",""0""]]","[""0""]","[""0""]","[""0""]","[""0""]","{""1"":""verified-ability-text-and-gitbook"",""2"":""unverified-for-class"",""3"":""unverified-for-class"",""4"":""unverified-for-class""}",[],"[""skill"",[""key"",""shaman-49""],[""name"",""None elemental Amplification""],[""limit"",""shaman""],[""action"",""49""],[""image"",""passive056""],[""desc"",""#nincrease none elemental spell""],[""ability"",""None elemental ATK + %1!d!""],[""parameter"",""1"",[""mul"",""50"",""skill_level""]],[""maxparamvalue"",""1"",""50000""],[""level"",""70"",""72"",""74"",""76"",""78"",""80"",""82"",""84"",""86"",""88""],[""grade"",""23"",""0""],[""maxlevel"",""1"",""2"",""3"",""4"",""5"",""6"",""7"",""8"",""9"",""10""],[""type"",""passive"",""etc""],[""compare"",""1"",""0""],[""compare"",""2"",""0""],[""compare"",""3"",""0""],[""compare"",""4"",""0""],[""motion"",""0"",""0"",""none""],[""property"",""6"",""4"",""1"",""2"",""9"",""0""]]",bango-file,jobsystem.dat,5510
JigukKing of Taein,2,,"#nAfter summon JihukKing of 4th Rising King, increase Max HP and recover HP.#n#1(Ait + mouse character right click is selectable)",,active218,,,Team Max HP + %1!d!#nMP : %2!d!,,,500 skill_level 2 * +,1800,300000,170 2 skill_level * +,,,shaman-50,1,"[""shaman""]","[""50""]","[""70"",""72"",""74"",""76"",""78"",""80"",""82"",""84"",""86"",""88""]","[""43"",""0""]","[""1"",""2"",""3"",""4"",""5"",""6"",""7"",""8"",""9"",""10""]","[""active"",""use""]","[""6"",""5"",""1"",""1"",""3"",""4""]","[[""parameter"",""1"",[""mul"",""1000"",""skill_level""]],[""parameter"",""2"",[""plus"",""500"",[""mul"",""skill_level"",""2""]]]]","[""1000 skill_level *"",""500 skill_level 2 * +""]","[[""compare"",""1"",[""plus"",""500"",[""mul"",""skill_level"",""2""]]],[""compare"",""2"",[""plus"",""170"",[""mul"",""2"",""skill_level""]]],[""compare"",""3"",""1800""],[""compare"",""4"",""300000""]]","[""500 skill_level 2 * +""]","[""170 2 skill_level * +""]","[""1800""]","[""300000""]","{""1"":""verified-ability-text-and-gitbook"",""2"":""unverified-for-class"",""3"":""unverified-for-class"",""4"":""unverified-for-class""}","[[""condition"",""36"",""3""]]","[""skill"",[""key"",""shaman-50""],[""name"",""JigukKing of Taein""],[""limit"",""shaman""],[""action"",""50""],[""image"",""active218""],[""desc"",""#nAfter summon JihukKing of 4th Rising King, increase Max HP and recover HP.#n#1(Ait + mouse character right click is selectable)""],[""ability"",""Team Max HP + %1!d!#nMP : %2!d!""],[""parameter"",""1"",[""mul"",""1000"",""skill_level""]],[""parameter"",""2"",[""plus"",""500"",[""mul"",""skill_level"",""2""]]],[""maxparamvalue"",""1"",""50000""],[""condition"",""36"",""3""],[""level"",""70"",""72"",""74"",""76"",""78"",""80"",""82"",""84"",""86"",""88""],[""grade"",""43"",""0""],[""maxlevel"",""1"",""2"",""3"",""4"",""5"",""6"",""7"",""8"",""9"",""10""],[""type"",""active"",""use""],[""compare"",""1"",[""plus"",""500"",[""mul"",""skill_level"",""2""]]],[""compare"",""2"",[""plus"",""170"",[""mul"",""2"",""skill_level""]]],[""compare"",""3"",""1800""],[""compare"",""4"",""300000""],[""motion"",""5"",""0"",""none""],[""ridemotion"",""5"",""0"",""none""],[""battleride"",""1""],[""damagetype"",""0""],[""property"",""6"",""5"",""1"",""1"",""3"",""4""],[""bufftime"",""60"",""120"",""180"",""240"",""300"",""360"",""420"",""480"",""540"",""600""]]",bango-file,jobsystem.dat,5511
JeungjangKing of Taein,2,,"#nAfter summon JeungjangKing of 4th Rising King, increase ATK.#n#1(Ait + mouse character right click is selectable)",,active219,,,Team ATK and Mg.ATK + %1!d!#nMP : %2!d!,,,500 skill_level 2 * +,1800,300000,170 2 skill_level * +,,,shaman-51,1,"[""shaman""]","[""51""]","[""72"",""74"",""76"",""78"",""80"",""82"",""84"",""86"",""88"",""90""]","[""43"",""0""]","[""1"",""2"",""3"",""4"",""5"",""6"",""7"",""8"",""9"",""10""]","[""active"",""use""]","[""6"",""5"",""1"",""1"",""3"",""4""]","[[""parameter"",""1"",[""mul"",""50"",""skill_level""]],[""parameter"",""2"",[""plus"",""500"",[""mul"",""skill_level"",""2""]]]]","[""50 skill_level *"",""500 skill_level 2 * +""]","[[""compare"",""1"",[""plus"",""500"",[""mul"",""skill_level"",""2""]]],[""compare"",""2"",[""plus"",""170"",[""mul"",""2"",""skill_level""]]],[""compare"",""3"",""1800""],[""compare"",""4"",""300000""]]","[""500 skill_level 2 * +""]","[""170 2 skill_level * +""]","[""1800""]","[""300000""]","{""1"":""verified-ability-text-and-gitbook"",""2"":""unverified-for-class"",""3"":""unverified-for-class"",""4"":""unverified-for-class""}","[[""condition"",""37"",""5""]]","[""skill"",[""key"",""shaman-51""],[""name"",""JeungjangKing of Taein""],[""limit"",""shaman""],[""action"",""51""],[""image"",""active219""],[""desc"",""#nAfter summon JeungjangKing of 4th Rising King, increase ATK.#n#1(Ait + mouse character right click is selectable)""],[""ability"",""Team ATK and Mg.ATK + %1!d!#nMP : %2!d!""],[""parameter"",""1"",[""mul"",""50"",""skill_level""]],[""parameter"",""2"",[""plus"",""500"",[""mul"",""skill_level"",""2""]]],[""maxparamvalue"",""1"",""50000""],[""condition"",""37"",""5""],[""level"",""72"",""74"",""76"",""78"",""80"",""82"",""84"",""86"",""88"",""90""],[""grade"",""43"",""0""],[""maxlevel"",""1"",""2"",""3"",""4"",""5"",""6"",""7"",""8"",""9"",""10""],[""type"",""active"",""use""],[""compare"",""1"",[""plus"",""500"",[""mul"",""skill_level"",""2""]]],[""compare"",""2"",[""plus"",""170"",[""mul"",""2"",""skill_level""]]],[""compare"",""3"",""1800""],[""compare"",""4"",""300000""],[""motion"",""5"",""0"",""none""],[""ridemotion"",""5"",""0"",""none""],[""battleride"",""1""],[""damagetype"",""0""],[""property"",""6"",""5"",""1"",""1"",""3"",""4""],[""bufftime"",""60"",""120"",""180"",""240"",""300"",""360"",""420"",""480"",""540"",""600""]]",bango-file,jobsystem.dat,5512
Soul Blow,2,,#nPowerful attack to a soul of enemy,,active220,,,Magic Attack: %1!d!#nMP : %2!d!,,,130 skill_level 2 * +,1400,80000,60 3 skill_level * +,,,shaman-52,1,"[""shaman""]","[""52""]","[""73"",""75"",""77"",""79"",""81"",""83"",""85"",""87"",""89"",""91""]","[""43"",""0""]","[""1"",""2"",""3"",""4"",""5"",""6"",""7"",""8"",""9"",""10""]","[""active"",""use""]","[""6"",""5"",""0"",""1"",""1"",""5""]","[[""parameter"",""1"",[""plus"",[""mul"",[""plus"",""char_base_min_magic"",[""plus"",[""plus"",[""div"",""weapon_magic"",""1""],[""div"",""char_int"",""1""]],[""plus"",[""div"",""char_wis"",""1""],[""mul"",""skill_level"",""500""]]]],""4""],[""mul"",""char_level"",""30""]]],[""parameter"",""2"",[""plus"",""130"",[""mul"",""skill_level"",""2""]]]]","[""char_base_min_magic weapon_magic 1 / char_int 1 / + char_wis 1 / skill_level 500 * + + + 4 * char_level 30 * +"",""130 skill_level 2 * +""]","[[""compare"",""1"",[""plus"",""130"",[""mul"",""skill_level"",""2""]]],[""compare"",""2"",[""plus"",""60"",[""mul"",""3"",""skill_level""]]],[""compare"",""3"",""1400""],[""compare"",""4"",""80000""]]","[""130 skill_level 2 * +""]","[""60 3 skill_level * +""]","[""1400""]","[""80000""]","{""1"":""verified-ability-text-and-gitbook"",""2"":""unverified-for-class"",""3"":""unverified-for-class"",""4"":""unverified-for-class""}","[[""condition"",""39"",""5""]]","[""skill"",[""key"",""shaman-52""],[""name"",""Soul Blow""],[""limit"",""shaman""],[""action"",""52""],[""image"",""active220""],[""desc"",""#nPowerful attack to a soul of enemy""],[""ability"",""Magic Attack: %1!d!#nMP : %2!d!""],[""parameter"",""1"",[""plus"",[""mul"",[""plus"",""char_base_min_magic"",[""plus"",[""plus"",[""div"",""weapon_magic"",""1""],[""div"",""char_int"",""1""]],[""plus"",[""div"",""char_wis"",""1""],[""mul"",""skill_level"",""500""]]]],""4""],[""mul"",""char_level"",""30""]]],[""parameter"",""2"",[""plus"",""130"",[""mul"",""skill_level"",""2""]]],[""maxparamvalue"",""1"",""50000""],[""condition"",""39"",""5""],[""level"",""73"",""75"",""77"",""79"",""81"",""83"",""85"",""87"",""89"",""91""],[""grade"",""43"",""0""],[""maxlevel"",""1"",""2"",""3"",""4"",""5"",""6"",""7"",""8"",""9"",""10""],[""type"",""active"",""use""],[""compare"",""1"",[""plus"",""130"",[""mul"",""skill_level"",""2""]]],[""compare"",""2"",[""plus"",""60"",[""mul"",""3"",""skill_level""]]],[""compare"",""3"",""1400""],[""compare"",""4"",""80000""],[""motion"",""2"",""0"",""attackauto""],[""ridemotion"",""2"",""0"",""attackauto""],[""battleride"",""1""],[""damagetype"",""1""],[""property"",""6"",""5"",""0"",""1"",""1"",""5""]]",bango-file,jobsystem.dat,5513
Gangshin Ruling,1,,#nincrease the state when use Gangshin,,passive057,,,Magic Attack: %1!d!,,,0,0,0,0,,,shaman-53,1,"[""shaman""]","[""53""]","[""70"",""72"",""74"",""76"",""78"",""80"",""82"",""84"",""86"",""88""]","[""43"",""0""]","[""1"",""2"",""3"",""4"",""5"",""6"",""7"",""8"",""9"",""10""]","[""passive"",""etc""]","[""6"",""5"",""1"",""2"",""9"",""0""]","[[""parameter"",""1"",[""mul"",""10"",""skill_level""]]]","[""10 skill_level *""]","[[""compare"",""1"",""0""],[""compare"",""2"",""0""],[""compare"",""3"",""0""],[""compare"",""4"",""0""]]","[""0""]","[""0""]","[""0""]","[""0""]","{""1"":""verified-ability-text-and-gitbook"",""2"":""unverified-for-class"",""3"":""unverified-for-class"",""4"":""unverified-for-class""}",[],"[""skill"",[""key"",""shaman-53""],[""name"",""Gangshin Ruling""],[""limit"",""shaman""],[""action"",""53""],[""image"",""passive057""],[""desc"",""#nincrease the state when use Gangshin""],[""ability"",""Magic Attack: %1!d!""],[""parameter"",""1"",[""mul"",""10"",""skill_level""]],[""maxparamvalue"",""1"",""50000""],[""level"",""70"",""72"",""74"",""76"",""78"",""80"",""82"",""84"",""86"",""88""],[""grade"",""43"",""0""],[""maxlevel"",""1"",""2"",""3"",""4"",""5"",""6"",""7"",""8"",""9"",""10""],[""type"",""passive"",""etc""],[""compare"",""1"",""0""],[""compare"",""2"",""0""],[""compare"",""3"",""0""],[""compare"",""4"",""0""],[""motion"",""2"",""0"",""none""],[""property"",""6"",""5"",""1"",""2"",""9"",""0""]]",bango-file,jobsystem.dat,5514
Spirit Wave,2,,#nAttack to the enemies with sprit power by area of effect,,active221,,,,,,1,500,1000 200 20 skill_level 1 - * - *,170 2 skill_level * +,,,shaman-90,1,"[""shaman""]","[""90""]","[""91"",""96"",""101"",""0""]","[""23"",""1""]","[""1"",""2"",""3"",""0""]","[""active"",""use""]","[""6"",""4"",""0"",""1"",""1"",""5""]",[],[],"[[""compare"",""1"",""1""],[""compare"",""2"",[""plus"",""170"",[""mul"",""2"",""skill_level""]]],[""compare"",""3"",""500""],[""compare"",""4"",[""mul"",""1000"",[""minus"",""200"",[""mul"",""20"",[""minus"",""skill_level"",""1""]]]]]]","[""1""]","[""170 2 skill_level * +""]","[""500""]","[""1000 200 20 skill_level 1 - * - *""]","{""1"":""verified-ability-text-and-gitbook"",""2"":""unverified-for-class"",""3"":""unverified-for-class"",""4"":""unverified-for-class""}",[],"[""skill"",[""key"",""shaman-90""],[""name"",""Spirit Wave""],[""limit"",""shaman""],[""action"",""90""],[""image"",""active221""],[""desc"",""#nAttack to the enemies with sprit power by area of effect""],[""maxparamvalue"",""1"",""50000""],[""level"",""91"",""96"",""101"",""0""],[""grade"",""23"",""1""],[""maxlevel"",""1"",""2"",""3"",""0""],[""type"",""active"",""use""],[""awakenskill"",""1""],[""compare"",""1"",""1""],[""compare"",""2"",[""plus"",""170"",[""mul"",""2"",""skill_level""]]],[""compare"",""3"",""500""],[""compare"",""4"",[""mul"",""1000"",[""minus"",""200"",[""mul"",""20"",[""minus"",""skill_level"",""1""]]]]],[""motion"",""5"",""0"",""none""],[""ridemotion"",""5"",""0"",""none""],[""battleride"",""1""],[""damagetype"",""1""],[""property"",""6"",""4"",""0"",""1"",""1"",""5""]]",bango-file,jobsystem.dat,5515
Doggebi,2,,#nSummoned Ddoggebi attack to enemy at the moment.,,active222,,,,,,1,500,1000 200 20 skill_level 1 - * - *,170 2 skill_level * +,,,shaman-92,1,"[""shaman""]","[""92""]","[""91"",""96"",""101"",""0""]","[""23"",""1""]","[""1"",""2"",""3"",""0""]","[""active"",""use""]","[""6"",""4"",""0"",""1"",""1"",""5""]",[],[],"[[""compare"",""1"",""1""],[""compare"",""2"",[""plus"",""170"",[""mul"",""2"",""skill_level""]]],[""compare"",""3"",""500""],[""compare"",""4"",[""mul"",""1000"",[""minus"",""200"",[""mul"",""20"",[""minus"",""skill_level"",""1""]]]]]]","[""1""]","[""170 2 skill_level * +""]","[""500""]","[""1000 200 20 skill_level 1 - * - *""]","{""1"":""verified-ability-text-and-gitbook"",""2"":""unverified-for-class"",""3"":""unverified-for-class"",""4"":""unverified-for-class""}",[],"[""skill"",[""key"",""shaman-92""],[""name"",""Doggebi""],[""limit"",""shaman""],[""action"",""92""],[""image"",""active222""],[""desc"",""#nSummoned Ddoggebi attack to enemy at the moment.""],[""maxparamvalue"",""1"",""50000""],[""level"",""91"",""96"",""101"",""0""],[""grade"",""23"",""1""],[""maxlevel"",""1"",""2"",""3"",""0""],[""type"",""active"",""use""],[""awakenskill"",""1""],[""compare"",""1"",""1""],[""compare"",""2"",[""plus"",""170"",[""mul"",""2"",""skill_level""]]],[""compare"",""3"",""500""],[""compare"",""4"",[""mul"",""1000"",[""minus"",""200"",[""mul"",""20"",[""minus"",""skill_level"",""1""]]]]],[""motion"",""4"",""0"",""none""],[""ridemotion"",""4"",""0"",""none""],[""battleride"",""1""],[""damagetype"",""1""],[""property"",""6"",""4"",""0"",""1"",""1"",""5""]]",bango-file,jobsystem.dat,5516
4th Rising King,2,,"#nBy 4th Rising King, attack to the enemies by area of effect",,active223,,,,,,1,500,1000 200 20 skill_level 1 - * - *,60 3 skill_level * +,,,shaman-91,1,"[""shaman""]","[""91""]","[""91"",""96"",""101"",""0""]","[""43"",""1""]","[""1"",""2"",""3"",""0""]","[""active"",""use""]","[""6"",""5"",""0"",""1"",""1"",""5""]",[],[],"[[""compare"",""1"",""1""],[""compare"",""2"",[""plus"",""60"",[""mul"",""3"",""skill_level""]]],[""compare"",""3"",""500""],[""compare"",""4"",[""mul"",""1000"",[""minus"",""200"",[""mul"",""20"",[""minus"",""skill_level"",""1""]]]]]]","[""1""]","[""60 3 skill_level * +""]","[""500""]","[""1000 200 20 skill_level 1 - * - *""]","{""1"":""verified-ability-text-and-gitbook"",""2"":""unverified-for-class"",""3"":""unverified-for-class"",""4"":""unverified-for-class""}",[],"[""skill"",[""key"",""shaman-91""],[""name"",""4th Rising King""],[""limit"",""shaman""],[""action"",""91""],[""image"",""active223""],[""desc"",""#nBy 4th Rising King, attack to the enemies by area of effect""],[""maxparamvalue"",""1"",""50000""],[""level"",""91"",""96"",""101"",""0""],[""grade"",""43"",""1""],[""maxlevel"",""1"",""2"",""3"",""0""],[""type"",""active"",""use""],[""awakenskill"",""1""],[""compare"",""1"",""1""],[""compare"",""2"",[""plus"",""60"",[""mul"",""3"",""skill_level""]]],[""compare"",""3"",""500""],[""compare"",""4"",[""mul"",""1000"",[""minus"",""200"",[""mul"",""20"",[""minus"",""skill_level"",""1""]]]]],[""motion"",""5"",""0"",""none""],[""ridemotion"",""5"",""0"",""none""],[""battleride"",""1""],[""damagetype"",""1""],[""property"",""6"",""5"",""0"",""1"",""1"",""5""]]",bango-file,jobsystem.dat,5517
4th Gangshin,2,,"#nBy 4th Rising King, increase state of team",,active224,,,Ability + %1!d!,,,1,500,1000 200 20 skill_level 1 - * - *,10,,,shaman-93,1,"[""shaman""]","[""93""]","[""91"",""96"",""101"",""0""]","[""43"",""1""]","[""1"",""2"",""3"",""0""]","[""active"",""use""]","[""6"",""5"",""1"",""1"",""3"",""0""]","[[""parameter"",""1"",[""mul"",""60"",""skill_level""]]]","[""60 skill_level *""]","[[""compare"",""1"",""1""],[""compare"",""2"",""10""],[""compare"",""3"",""500""],[""compare"",""4"",[""mul"",""1000"",[""minus"",""200"",[""mul"",""20"",[""minus"",""skill_level"",""1""]]]]]]","[""1""]","[""10""]","[""500""]","[""1000 200 20 skill_level 1 - * - *""]","{""1"":""verified-ability-text-and-gitbook"",""2"":""unverified-for-class"",""3"":""unverified-for-class"",""4"":""unverified-for-class""}",[],"[""skill"",[""key"",""shaman-93""],[""name"",""4th Gangshin""],[""limit"",""shaman""],[""action"",""93""],[""image"",""active224""],[""desc"",""#nBy 4th Rising King, increase state of team""],[""ability"",""Ability + %1!d!""],[""parameter"",""1"",[""mul"",""60"",""skill_level""]],[""maxparamvalue"",""1"",""50000""],[""level"",""91"",""96"",""101"",""0""],[""grade"",""43"",""1""],[""maxlevel"",""1"",""2"",""3"",""0""],[""type"",""active"",""use""],[""awakenskill"",""1""],[""compare"",""1"",""1""],[""compare"",""2"",""10""],[""compare"",""3"",""500""],[""compare"",""4"",[""mul"",""1000"",[""minus"",""200"",[""mul"",""20"",[""minus"",""skill_level"",""1""]]]]],[""motion"",""5"",""0"",""none""],[""ridemotion"",""5"",""0"",""none""],[""battleride"",""1""],[""damagetype"",""0""],[""property"",""6"",""5"",""1"",""1"",""3"",""0""],[""bufftime"",""300"",""360"",""420"",""480"",""600""]]",bango-file,jobsystem.dat,5518
Cloud Move,,,#nIt's possible to move fast.#nby speed up skill.#n#n#1(Ait + mouse character right click is selectable),,active178,,,,,,6,,,,,,shaman-88,1,"[""shaman""]","[""88""]","[""91"",""0""]",[],"[""1"",""0""]","[""chant"",""once""]","[""1000"",""0"",""0"",""0"",""0"",""0"",""0"",""0""]",[],[],"[[""compare"",""1"",""6""]]","[""6""]",[],[],[],"{""1"":""verified-ability-text-and-gitbook""}",[],"[""skill"",[""key"",""shaman-88""],[""name"",""Cloud Move""],[""limit"",""shaman""],[""action"",""88""],[""image"",""active178""],[""desc"",""#nIt's possible to move fast.#nby speed up skill.#n#n#1(Ait + mouse character right click is selectable)""],[""level"",""91"",""0""],[""maxlevel"",""1"",""0""],[""type"",""chant"",""once""],[""battleride"",""0""],[""awakenskill"",""1""],[""compare"",""1"",""6""],[""property"",""1000"",""0"",""0"",""0"",""0"",""0"",""0"",""0""]]",bango-file,jobsystem.dat,5519
Devil Lucky Trick,1,,#nfor in body care#n increase to recover,,passive040,,,,,,0,0,0,0,,,shaman-89,1,"[""shaman""]","[""89""]","[""91"",""0""]","[""11"",""1""]","[""1"",""0""]","[""passive"",""etc""]","[""0"",""0"",""1"",""0"",""9"",""0""]",[],[],"[[""compare"",""1"",""0""],[""compare"",""2"",""0""],[""compare"",""3"",""0""],[""compare"",""4"",""0""]]","[""0""]","[""0""]","[""0""]","[""0""]","{""1"":""verified-ability-text-and-gitbook"",""2"":""unverified-for-class"",""3"":""unverified-for-class"",""4"":""unverified-for-class""}",[],"[""skill"",[""key"",""shaman-89""],[""name"",""Devil Lucky Trick""],[""limit"",""shaman""],[""action"",""89""],[""image"",""passive040""],[""desc"",""#nfor in body care#n increase to recover""],[""level"",""91"",""0""],[""grade"",""11"",""1""],[""maxlevel"",""1"",""0""],[""type"",""passive"",""etc""],[""awakenskill"",""1""],[""compare"",""1"",""0""],[""compare"",""2"",""0""],[""compare"",""3"",""0""],[""compare"",""4"",""0""],[""motion"",""0"",""0"",""none""],[""damagetype"",""0""],[""property"",""0"",""0"",""1"",""0"",""9"",""0""]]",bango-file,jobsystem.dat,5520
Attack of Dark Shadow,1,,#nIt's possible to attack by critical hit when stacked hit count,,passive041,,,,,,0,0,0,0,,,shaman-94,1,"[""shaman""]","[""94""]","[""96"",""0""]","[""11"",""1""]","[""2"",""0""]","[""passive"",""etc""]","[""1"",""1"",""0"",""0"",""0"",""0"",""5"",""0""]",[],[],"[[""compare"",""1"",""0""],[""compare"",""2"",""0""],[""compare"",""3"",""0""],[""compare"",""4"",""0""]]","[""0""]","[""0""]","[""0""]","[""0""]","{""1"":""verified-ability-text-and-gitbook"",""2"":""unverified-for-class"",""3"":""unverified-for-class"",""4"":""unverified-for-class""}",[],"[""skill"",[""key"",""shaman-94""],[""name"",""Attack of Dark Shadow""],[""limit"",""shaman""],[""action"",""94""],[""image"",""passive041""],[""desc"",""#nIt's possible to attack by critical hit when stacked hit count""],[""level"",""96"",""0""],[""grade"",""11"",""1""],[""maxlevel"",""2"",""0""],[""type"",""passive"",""etc""],[""awakenskill"",""1""],[""compare"",""1"",""0""],[""compare"",""2"",""0""],[""compare"",""3"",""0""],[""compare"",""4"",""0""],[""motion"",""0"",""6"",""none""],[""damagetype"",""0""],[""property"",""1"",""1"",""0"",""0"",""0"",""0"",""5"",""0""]]",bango-file,jobsystem.dat,5521
Blessing of Son of the Sky,1,,#nPower(physical/magical) is increased,,passive027,,,#nPower is increased by %1!d! %%,,,0,0,0,0,,,shaman-70,1,"[""shaman""]","[""70""]","[""70"",""75"",""80"",""85"",""90"",""95"",""100"",""0""]","[""23"",""1""]","[""1"",""2"",""3"",""4"",""5"",""6"",""7"",""0""]","[""passive"",""etc""]","[""0"",""0"",""1"",""2"",""9"",""0"",""0"",""0""]","[[""parameter"",""1"",[""plus"",""8"",[""mul"",""4"",[""minus"",""skill_level"",""1""]]]]]","[""8 4 skill_level 1 - * +""]","[[""compare"",""1"",""0""],[""compare"",""2"",""0""],[""compare"",""3"",""0""],[""compare"",""4"",""0""]]","[""0""]","[""0""]","[""0""]","[""0""]","{""1"":""verified-ability-text-and-gitbook"",""2"":""unverified-for-class"",""3"":""unverified-for-class"",""4"":""unverified-for-class""}",[],"[""skill"",[""key"",""shaman-70""],[""name"",""Blessing of Son of the Sky""],[""limit"",""shaman""],[""action"",""70""],[""image"",""passive027""],[""desc"",""#nPower(physical/magical) is increased""],[""ability"",""#nPower is increased by %1!d! %%""],[""parameter"",""1"",[""plus"",""8"",[""mul"",""4"",[""minus"",""skill_level"",""1""]]]],[""level"",""70"",""75"",""80"",""85"",""90"",""95"",""100"",""0""],[""grade"",""23"",""1""],[""maxlevel"",""1"",""2"",""3"",""4"",""5"",""6"",""7"",""0""],[""type"",""passive"",""etc""],[""compare"",""1"",""0""],[""compare"",""2"",""0""],[""compare"",""3"",""0""],[""compare"",""4"",""0""],[""motion"",""0"",""0"",""none""],[""damagetype"",""0""],[""property"",""0"",""0"",""1"",""2"",""9"",""0"",""0"",""0""]]",bango-file,jobsystem.dat,5522
Blessing of Son of the Sky,1,,#nPower(physical/magical) is increased,,passive027,,,#nPower is increased by %1!d! %%,,,0,0,0,0,,,shaman-71,1,"[""shaman""]","[""71""]","[""70"",""75"",""80"",""85"",""90"",""95"",""100"",""0""]","[""43"",""1""]","[""1"",""2"",""3"",""4"",""5"",""6"",""7"",""0""]","[""passive"",""etc""]","[""0"",""0"",""1"",""2"",""9"",""0"",""0"",""0""]","[[""parameter"",""1"",[""plus"",""8"",[""mul"",""4"",[""minus"",""skill_level"",""1""]]]]]","[""8 4 skill_level 1 - * +""]","[[""compare"",""1"",""0""],[""compare"",""2"",""0""],[""compare"",""3"",""0""],[""compare"",""4"",""0""]]","[""0""]","[""0""]","[""0""]","[""0""]","{""1"":""verified-ability-text-and-gitbook"",""2"":""unverified-for-class"",""3"":""unverified-for-class"",""4"":""unverified-for-class""}",[],"[""skill"",[""key"",""shaman-71""],[""name"",""Blessing of Son of the Sky""],[""limit"",""shaman""],[""action"",""71""],[""image"",""passive027""],[""desc"",""#nPower(physical/magical) is increased""],[""ability"",""#nPower is increased by %1!d! %%""],[""parameter"",""1"",[""plus"",""8"",[""mul"",""4"",[""minus"",""skill_level"",""1""]]]],[""level"",""70"",""75"",""80"",""85"",""90"",""95"",""100"",""0""],[""grade"",""43"",""1""],[""maxlevel"",""1"",""2"",""3"",""4"",""5"",""6"",""7"",""0""],[""type"",""passive"",""etc""],[""compare"",""1"",""0""],[""compare"",""2"",""0""],[""compare"",""3"",""0""],[""compare"",""4"",""0""],[""motion"",""0"",""0"",""none""],[""damagetype"",""0""],[""property"",""0"",""0"",""1"",""2"",""9"",""0"",""0"",""0""]]",bango-file,jobsystem.dat,5523
Life Extension,1,,#nAdd more Health Points to your original HP forever.,,passive015,,,#nHp Revision: %1!d! %%,,,,,,,,,shaman-30,1,"[""shaman""]","[""30""]","[""50"",""55"",""60"",""65"",""70"",""0""]","[""11"",""1""]","[""1"",""2"",""3"",""4"",""5"",""0""]","[""passive"",""etc""]","[""5"",""0"",""1"",""0"",""9"",""0""]","[[""parameter"",""1"",[""plus"",""14"",[""mul"",""skill_level"",""10""]]]]","[""14 skill_level 10 * +""]",[],[],[],[],[],{},[],"[""skill"",[""key"",""shaman-30""],[""name"",""Life Extension""],[""limit"",""shaman""],[""action"",""30""],[""image"",""passive015""],[""desc"",""#nAdd more Health Points to your original HP forever.""],[""ability"",""#nHp Revision: %1!d! %%""],[""parameter"",""1"",[""plus"",""14"",[""mul"",""skill_level"",""10""]]],[""level"",""50"",""55"",""60"",""65"",""70"",""0""],[""grade"",""11"",""1""],[""maxlevel"",""1"",""2"",""3"",""4"",""5"",""0""],[""type"",""passive"",""etc""],[""property"",""5"",""0"",""1"",""0"",""9"",""0""]]",bango-file,jobsystem.dat,5524
Mystery Skill of Accuracy,1,,#nThe Mystery skills of Son of the sky which improves On-target.,,passive039,,,#nOn-target point increases by %1!d!.,,,0,0,0,0,,,shaman-85,1,"[""shaman""]","[""85""]","[""81"",""0""]","[""0"",""0""]","[""20"",""0""]","[""passive"",""etc""]","[""0"",""0"",""1"",""2"",""3"",""0"",""0"",""0"",""1""]","[[""parameter"",""1"",[""mul"",""skill_level"",""8""]]]","[""skill_level 8 *""]","[[""compare"",""1"",""0""],[""compare"",""2"",""0""],[""compare"",""3"",""0""],[""compare"",""4"",""0""]]","[""0""]","[""0""]","[""0""]","[""0""]","{""1"":""verified-ability-text-and-gitbook"",""2"":""unverified-for-class"",""3"":""unverified-for-class"",""4"":""unverified-for-class""}",[],"[""skill"",[""key"",""shaman-85""],[""name"",""Mystery Skill of Accuracy""],[""limit"",""shaman""],[""action"",""85""],[""image"",""passive039""],[""desc"",""#nThe Mystery skills of Son of the sky which improves On-target.""],[""ability"",""#nOn-target point increases by %1!d!.""],[""parameter"",""1"",[""mul"",""skill_level"",""8""]],[""level"",""81"",""0""],[""grade"",""0"",""0""],[""maxlevel"",""20"",""0""],[""type"",""passive"",""etc""],[""compare"",""1"",""0""],[""compare"",""2"",""0""],[""compare"",""3"",""0""],[""compare"",""4"",""0""],[""motion"",""0"",""0"",""none""],[""damagetype"",""0""],[""property"",""0"",""0"",""1"",""2"",""3"",""0"",""0"",""0"",""1""],[""skillteacher"",""0""]]",bango-file,jobsystem.dat,5525
Mystery skill of Evasion,1,,#nThe Mystery skills of Son of the sky which improves Evasion.,,passive039,,,#nOn-evasion point increases by %1!d!.,,,0,0,0,0,,,shaman-86,1,"[""shaman""]","[""86""]","[""81"",""0""]","[""0"",""0""]","[""20"",""0""]","[""passive"",""etc""]","[""0"",""0"",""1"",""2"",""3"",""0"",""0"",""0"",""1""]","[[""parameter"",""1"",[""mul"",""skill_level"",""6""]]]","[""skill_level 6 *""]","[[""compare"",""1"",""0""],[""compare"",""2"",""0""],[""compare"",""3"",""0""],[""compare"",""4"",""0""]]","[""0""]","[""0""]","[""0""]","[""0""]","{""1"":""verified-ability-text-and-gitbook"",""2"":""unverified-for-class"",""3"":""unverified-for-class"",""4"":""unverified-for-class""}",[],"[""skill"",[""key"",""shaman-86""],[""name"",""Mystery skill of Evasion""],[""limit"",""shaman""],[""action"",""86""],[""image"",""passive039""],[""desc"",""#nThe Mystery skills of Son of the sky which improves Evasion.""],[""ability"",""#nOn-evasion point increases by %1!d!.""],[""parameter"",""1"",[""mul"",""skill_level"",""6""]],[""level"",""81"",""0""],[""grade"",""0"",""0""],[""maxlevel"",""20"",""0""],[""type"",""passive"",""etc""],[""compare"",""1"",""0""],[""compare"",""2"",""0""],[""compare"",""3"",""0""],[""compare"",""4"",""0""],[""motion"",""0"",""0"",""none""],[""damagetype"",""0""],[""property"",""0"",""0"",""1"",""2"",""3"",""0"",""0"",""0"",""1""],[""skillteacher"",""0""]]",bango-file,jobsystem.dat,5526
Mystery skill of Defense,1,,#nThe Mystery skills of Son of the sky which improves Defense.,,passive039,,,#nOn-defense point increases by %1!d!.,,,0,0,0,0,,,shaman-87,1,"[""shaman""]","[""87""]","[""81"",""0""]","[""0"",""0""]","[""20"",""0""]","[""passive"",""etc""]","[""0"",""0"",""1"",""2"",""3"",""0"",""0"",""0"",""1""]","[[""parameter"",""1"",[""plus"",""31"",[""mul"",""7"",[""minus"",""skill_level"",""1""]]]]]","[""31 7 skill_level 1 - * +""]","[[""compare"",""1"",""0""],[""compare"",""2"",""0""],[""compare"",""3"",""0""],[""compare"",""4"",""0""]]","[""0""]","[""0""]","[""0""]","[""0""]","{""1"":""verified-ability-text-and-gitbook"",""2"":""unverified-for-class"",""3"":""unverified-for-class"",""4"":""unverified-for-class""}",[],"[""skill"",[""key"",""shaman-87""],[""name"",""Mystery skill of Defense""],[""limit"",""shaman""],[""action"",""87""],[""image"",""passive039""],[""desc"",""#nThe Mystery skills of Son of the sky which improves Defense.""],[""ability"",""#nOn-defense point increases by %1!d!.""],[""parameter"",""1"",[""plus"",""31"",[""mul"",""7"",[""minus"",""skill_level"",""1""]]]],[""level"",""81"",""0""],[""grade"",""0"",""0""],[""maxlevel"",""20"",""0""],[""type"",""passive"",""etc""],[""compare"",""1"",""0""],[""compare"",""2"",""0""],[""compare"",""3"",""0""],[""compare"",""4"",""0""],[""motion"",""0"",""0"",""none""],[""damagetype"",""0""],[""property"",""0"",""0"",""1"",""2"",""3"",""0"",""0"",""0"",""1""],[""skillteacher"",""0""]]",bango-file,jobsystem.dat,5527
High Class Hiding,2,,#nConceal yourself from the detection of enemy. and nomal move speed,,active151,,,#nMaintaining Time : 30sec #nRage Gauge used : 9,,,0,1300,60000,0,,,gale-73,1,"[""gale""]","[""110""]","[""1"",""0""]","[""1"",""1""]","[""1"",""0""]","[""active"",""once""]","[""4"",""4"",""1"",""0"",""9"",""5""]",[],[],"[[""compare"",""1"",""0""],[""compare"",""2"",""0""],[""compare"",""3"",""1300""],[""compare"",""4"",""60000""],[""compare"",""5"",""9""]]","[""0""]","[""0""]","[""1300""]","[""60000""]","{""1"":""verified-ability-text-and-gitbook"",""2"":""unverified-for-class"",""3"":""unverified-for-class"",""4"":""unverified-for-class""}",[],"[""skill"",[""key"",""gale-73""],[""name"",""High Class Hiding""],[""limit"",""gale""],[""action"",""110""],[""image"",""active151""],[""level"",""1"",""0""],[""grade"",""1"",""1""],[""maxlevel"",""1"",""0""],[""type"",""active"",""once""],[""motion"",""1"",""0""],[""damagetype"",""0""],[""property"",""4"",""4"",""1"",""0"",""9"",""5""],[""compare"",""1"",""0""],[""compare"",""2"",""0""],[""compare"",""3"",""1300""],[""compare"",""4"",""60000""],[""compare"",""5"",""9""],[""ability"",""#nMaintaining Time : 30sec #nRage Gauge used : 9""],[""desc"",""#nConceal yourself from the detection of enemy. and nomal move speed""]]",bango-file,jobsystem.dat,5569
ZilPoong,2,,#nAttack 3 times rapidly.,,active152,,,#nRage Gauge used : 400,,,0,0,60000,7,,,gale-74,1,"[""gale""]","[""111""]","[""1"",""0""]","[""2"",""1""]","[""1"",""0""]","[""active"",""use""]","[""4"",""4"",""0"",""1"",""0"",""5""]",[],[],"[[""compare"",""1"",""0""],[""compare"",""2"",""7""],[""compare"",""3"",""0""],[""compare"",""4"",""60000""],[""compare"",""5"",""400""]]","[""0""]","[""7""]","[""0""]","[""60000""]","{""1"":""verified-ability-text-and-gitbook"",""2"":""unverified-for-class"",""3"":""unverified-for-class"",""4"":""unverified-for-class""}",[],"[""skill"",[""key"",""gale-74""],[""name"",""ZilPoong""],[""limit"",""gale""],[""action"",""111""],[""image"",""active152""],[""level"",""1"",""0""],[""grade"",""2"",""1""],[""maxlevel"",""1"",""0""],[""type"",""active"",""use""],[""motion"",""0"",""3"",""attackauto""],[""damagetype"",""1""],[""property"",""4"",""4"",""0"",""1"",""0"",""5""],[""compare"",""1"",""0""],[""compare"",""2"",""7""],[""compare"",""3"",""0""],[""compare"",""4"",""60000""],[""compare"",""5"",""400""],[""ability"",""#nRage Gauge used : 400""],[""desc"",""#nAttack 3 times rapidly.""]]",bango-file,jobsystem.dat,5570
ShinRhoe,2,,#nSummon Lightening in surrounding area.,,active153,,,#nRage Gauge used : 4800,,,0,900,1800000,0,,,gale-75,1,"[""gale""]","[""112""]","[""1"",""0""]","[""3"",""1""]","[""1"",""0""]","[""active"",""once""]","[""4"",""4"",""0"",""0"",""0"",""5""]",[],[],"[[""compare"",""1"",""0""],[""compare"",""2"",""0""],[""compare"",""3"",""900""],[""compare"",""4"",""1800000""],[""compare"",""5"",""4800""]]","[""0""]","[""0""]","[""900""]","[""1800000""]","{""1"":""verified-ability-text-and-gitbook"",""2"":""unverified-for-class"",""3"":""unverified-for-class"",""4"":""unverified-for-class""}",[],"[""skill"",[""key"",""gale-75""],[""name"",""ShinRhoe""],[""limit"",""gale""],[""action"",""112""],[""image"",""active153""],[""level"",""1"",""0""],[""grade"",""3"",""1""],[""maxlevel"",""1"",""0""],[""type"",""active"",""once""],[""motion"",""4"",""5""],[""damagetype"",""0""],[""property"",""4"",""4"",""0"",""0"",""0"",""5""],[""compare"",""1"",""0""],[""compare"",""2"",""0""],[""compare"",""3"",""900""],[""compare"",""4"",""1800000""],[""compare"",""5"",""4800""],[""ability"",""#nRage Gauge used : 4800""],[""desc"",""#nSummon Lightening in surrounding area.""]]",bango-file,jobsystem.dat,5571
Lightning Wave,2,,#nConcentrate the lightning on the beak for shooting.,,tskill001,,,#nRage Gauge used : 4,,,0,900,600,200,,,gunchi-64,1,"[""gunchi""]","[""101""]","[""1"",""0""]","[""1"",""1""]","[""1"",""0""]","[""active"",""use""]","[""4"",""1"",""0"",""0"",""0"",""5""]",[],[],"[[""compare"",""1"",""0""],[""compare"",""2"",""200""],[""compare"",""3"",""900""],[""compare"",""4"",""600""],[""compare"",""5"",""4""]]","[""0""]","[""200""]","[""900""]","[""600""]","{""1"":""verified-ability-text-and-gitbook"",""2"":""unverified-for-class"",""3"":""unverified-for-class"",""4"":""unverified-for-class""}",[],"[""skill"",[""key"",""gunchi-64""],[""name"",""Lightning Wave""],[""limit"",""gunchi""],[""action"",""101""],[""image"",""tskill001""],[""desc"",""#nConcentrate the lightning on the beak for shooting.""],[""ability"",""#nRage Gauge used : 4""],[""level"",""1"",""0""],[""grade"",""1"",""1""],[""maxlevel"",""1"",""0""],[""compare"",""1"",""0""],[""compare"",""2"",""200""],[""compare"",""3"",""900""],[""compare"",""4"",""600""],[""compare"",""5"",""4""],[""type"",""active"",""use""],[""motion"",""2"",""3"",""attackauto""],[""damagetype"",""1""],[""property"",""4"",""1"",""0"",""0"",""0"",""5""]]",bango-file,jobsystem.dat,5573
Icy Storm,2,,#nMake the frost falling to the enemies get reduced 50% of attacking & moving speed#n for a certain amount of time.,,active047,,,#nRage Gauge used : 400,,,0,1200,80000,0,,,gunchi-65,1,"[""gunchi""]","[""102""]","[""1"",""0""]","[""2"",""1""]","[""1"",""0""]","[""active"",""once""]","[""4"",""1"",""0"",""0"",""2"",""5""]",[],[],"[[""compare"",""1"",""0""],[""compare"",""2"",""0""],[""compare"",""3"",""1200""],[""compare"",""4"",""80000""],[""compare"",""5"",""400""]]","[""0""]","[""0""]","[""1200""]","[""80000""]","{""1"":""verified-ability-text-and-gitbook"",""2"":""unverified-for-class"",""3"":""unverified-for-class"",""4"":""unverified-for-class""}",[],"[""skill"",[""key"",""gunchi-65""],[""name"",""Icy Storm""],[""limit"",""gunchi""],[""action"",""102""],[""image"",""active047""],[""desc"",""#nMake the frost falling to the enemies get reduced 50% of attacking & moving speed#n for a certain amount of time.""],[""ability"",""#nRage Gauge used : 400""],[""level"",""1"",""0""],[""grade"",""2"",""1""],[""maxlevel"",""1"",""0""],[""compare"",""1"",""0""],[""compare"",""2"",""0""],[""compare"",""3"",""1200""],[""compare"",""4"",""80000""],[""compare"",""5"",""400""],[""type"",""active"",""once""],[""motion"",""4"",""5""],[""damagetype"",""0""],[""property"",""4"",""1"",""0"",""0"",""2"",""5""]]",bango-file,jobsystem.dat,5595
Phoenix,2,,"#nGet invincible from any types of attack for 15 seconds.#nbut, it can't not be performed when you get silence magic #nthat make you not to use magic.",,active048,,,#nRage Gauge used : 4800,,,0,0,1800000,0,,,gunchi-66,1,"[""gunchi""]","[""103""]","[""1"",""0""]","[""3"",""1""]","[""1"",""0""]","[""active"",""once""]","[""4"",""1"",""1"",""0"",""3"",""0""]",[],[],"[[""compare"",""1"",""0""],[""compare"",""2"",""0""],[""compare"",""3"",""0""],[""compare"",""4"",""1800000""],[""compare"",""5"",""4800""]]","[""0""]","[""0""]","[""0""]","[""1800000""]","{""1"":""verified-ability-text-and-gitbook"",""2"":""unverified-for-class"",""3"":""unverified-for-class"",""4"":""unverified-for-class""}",[],"[""skill"",[""key"",""gunchi-66""],[""name"",""Phoenix""],[""limit"",""gunchi""],[""action"",""103""],[""image"",""active048""],[""desc"",""#nGet invincible from any types of attack for 15 seconds.#nbut, it can't not be performed when you get silence magic #nthat make you not to use magic.""],[""ability"",""#nRage Gauge used : 4800""],[""level"",""1"",""0""],[""grade"",""3"",""1""],[""maxlevel"",""1"",""0""],[""compare"",""1"",""0""],[""compare"",""2"",""0""],[""compare"",""3"",""0""],[""compare"",""4"",""1800000""],[""compare"",""5"",""4800""],[""type"",""active"",""once""],[""motion"",""0"",""6"",""attackauto""],[""damagetype"",""0""],[""property"",""4"",""1"",""1"",""0"",""3"",""0""]]",bango-file,jobsystem.dat,5617
Hard Hit,2,,#nHit the selected opponent hardly with the palm.,,active044,,,#nRage Gauge used : 7,,,0,800,600,28,,,yungsang-67,1,"[""yungsang""]","[""104""]","[""1"",""0""]","[""1"",""1""]","[""1"",""0""]","[""active"",""use""]","[""4"",""2"",""0"",""0"",""0"",""5""]",[],[],"[[""compare"",""1"",""0""],[""compare"",""2"",""28""],[""compare"",""3"",""800""],[""compare"",""4"",""600""],[""compare"",""5"",""7""]]","[""0""]","[""28""]","[""800""]","[""600""]","{""1"":""verified-ability-text-and-gitbook"",""2"":""unverified-for-class"",""3"":""unverified-for-class"",""4"":""unverified-for-class""}",[],"[""skill"",[""key"",""yungsang-67""],[""name"",""Hard Hit""],[""limit"",""yungsang""],[""action"",""104""],[""image"",""active044""],[""desc"",""#nHit the selected opponent hardly with the palm.""],[""ability"",""#nRage Gauge used : 7""],[""level"",""1"",""0""],[""grade"",""1"",""1""],[""maxlevel"",""1"",""0""],[""compare"",""1"",""0""],[""compare"",""2"",""28""],[""compare"",""3"",""800""],[""compare"",""4"",""600""],[""compare"",""5"",""7""],[""type"",""active"",""use""],[""motion"",""2"",""3"",""attackauto""],[""damagetype"",""1""],[""property"",""4"",""2"",""0"",""0"",""0"",""5""]]",bango-file,jobsystem.dat,5639
Destruction,2,,"#nHit the target with two hands.#nwhen hit succeede, the target get faint.",,active045,,,#nRage Gauge used : 400,,,0,1200,15000,28,,,yungsang-68,1,"[""yungsang""]","[""105""]","[""1"",""0""]","[""2"",""1""]","[""1"",""0""]","[""active"",""use""]","[""4"",""2"",""0"",""0"",""4"",""5""]",[],[],"[[""compare"",""1"",""0""],[""compare"",""2"",""28""],[""compare"",""3"",""1200""],[""compare"",""4"",""15000""],[""compare"",""5"",""400""]]","[""0""]","[""28""]","[""1200""]","[""15000""]","{""1"":""verified-ability-text-and-gitbook"",""2"":""unverified-for-class"",""3"":""unverified-for-class"",""4"":""unverified-for-class""}",[],"[""skill"",[""key"",""yungsang-68""],[""name"",""Destruction""],[""limit"",""yungsang""],[""action"",""105""],[""image"",""active045""],[""desc"",""#nHit the target with two hands.#nwhen hit succeede, the target get faint.""],[""ability"",""#nRage Gauge used : 400""],[""level"",""1"",""0""],[""grade"",""2"",""1""],[""maxlevel"",""1"",""0""],[""compare"",""1"",""0""],[""compare"",""2"",""28""],[""compare"",""3"",""1200""],[""compare"",""4"",""15000""],[""compare"",""5"",""400""],[""type"",""active"",""use""],[""motion"",""4"",""5""],[""damagetype"",""1""],[""property"",""4"",""2"",""0"",""0"",""4"",""5""]]",bango-file,jobsystem.dat,5661
Rage,2,,#nGet 100% accuracy for 15 seconds#nwhen it performed.,,active046,,,#nRage Gauge used : 4800,,,0,0,1800000,0,,,yungsang-69,1,"[""yungsang""]","[""106""]","[""1"",""0""]","[""3"",""1""]","[""1"",""0""]","[""active"",""once""]","[""4"",""2"",""1"",""0"",""3"",""0""]",[],[],"[[""compare"",""1"",""0""],[""compare"",""2"",""0""],[""compare"",""3"",""0""],[""compare"",""4"",""1800000""],[""compare"",""5"",""4800""]]","[""0""]","[""0""]","[""0""]","[""1800000""]","{""1"":""verified-ability-text-and-gitbook"",""2"":""unverified-for-class"",""3"":""unverified-for-class"",""4"":""unverified-for-class""}",[],"[""skill"",[""key"",""yungsang-69""],[""name"",""Rage""],[""limit"",""yungsang""],[""action"",""106""],[""image"",""active046""],[""desc"",""#nGet 100% accuracy for 15 seconds#nwhen it performed.""],[""ability"",""#nRage Gauge used : 4800""],[""level"",""1"",""0""],[""grade"",""3"",""1""],[""maxlevel"",""1"",""0""],[""compare"",""1"",""0""],[""compare"",""2"",""0""],[""compare"",""3"",""0""],[""compare"",""4"",""1800000""],[""compare"",""5"",""4800""],[""type"",""active"",""once""],[""motion"",""0"",""6""],[""damagetype"",""0""],[""property"",""4"",""2"",""1"",""0"",""3"",""0""]]",bango-file,jobsystem.dat,5683
Earth Thorn,2,,#nPut its horn on the ground to attack#n the target object.,,active049,,,#nRage Gauge used : 9,,,0,900,600,weapon_range,,,tuguk-70,1,"[""tuguk""]","[""107""]","[""1"",""0""]","[""1"",""1""]","[""1"",""0""]","[""active"",""use""]","[""4"",""3"",""0"",""0"",""0"",""5""]",[],[],"[[""compare"",""1"",""0""],[""compare"",""2"",""weapon_range""],[""compare"",""3"",""900""],[""compare"",""4"",""600""],[""compare"",""5"",""9""]]","[""0""]","[""weapon_range""]","[""900""]","[""600""]","{""1"":""verified-ability-text-and-gitbook"",""2"":""unverified-for-class"",""3"":""unverified-for-class"",""4"":""unverified-for-class""}",[],"[""skill"",[""key"",""tuguk-70""],[""name"",""Earth Thorn""],[""limit"",""tuguk""],[""action"",""107""],[""image"",""active049""],[""desc"",""#nPut its horn on the ground to attack#n the target object.""],[""ability"",""#nRage Gauge used : 9""],[""level"",""1"",""0""],[""grade"",""1"",""1""],[""maxlevel"",""1"",""0""],[""compare"",""1"",""0""],[""compare"",""2"",""weapon_range""],[""compare"",""3"",""900""],[""compare"",""4"",""600""],[""compare"",""5"",""9""],[""type"",""active"",""use""],[""motion"",""2"",""3"",""attackauto""],[""damagetype"",""1""],[""property"",""4"",""3"",""0"",""0"",""0"",""5""]]",bango-file,jobsystem.dat,5706
Shadow Canine,2,,"#nTeleport to front of the enemy and attack.#nWhen when the attack succeede, opponent's accuracy of attack reduced by 50%.",,active050,,,"#nAfter succesful attack, ignore the defensive point for 10 seconds#nRage Gauge used : 400",,,0,600,60000,100,,,tuguk-71,1,"[""tuguk""]","[""108""]","[""1"",""0""]","[""2"",""1""]","[""1"",""0""]","[""active"",""use""]","[""4"",""3"",""0"",""0"",""4"",""5""]","[[""parameter"",""1"",[""mul"",""char_dex"",""5""]]]","[""char_dex 5 *""]","[[""compare"",""1"",""0""],[""compare"",""2"",""100""],[""compare"",""3"",""600""],[""compare"",""4"",""60000""],[""compare"",""5"",""400""]]","[""0""]","[""100""]","[""600""]","[""60000""]","{""1"":""verified-ability-text-and-gitbook"",""2"":""unverified-for-class"",""3"":""unverified-for-class"",""4"":""unverified-for-class""}",[],"[""skill"",[""key"",""tuguk-71""],[""name"",""Shadow Canine""],[""limit"",""tuguk""],[""action"",""108""],[""image"",""active050""],[""desc"",""#nTeleport to front of the enemy and attack.#nWhen when the attack succeede, opponent's accuracy of attack reduced by 50%.""],[""ability"",""#nAfter succesful attack, ignore the defensive point for 10 seconds#nRage Gauge used : 400""],[""parameter"",""1"",[""mul"",""char_dex"",""5""]],[""level"",""1"",""0""],[""grade"",""2"",""1""],[""maxlevel"",""1"",""0""],[""compare"",""1"",""0""],[""compare"",""2"",""100""],[""compare"",""3"",""600""],[""compare"",""4"",""60000""],[""compare"",""5"",""400""],[""type"",""active"",""use""],[""motion"",""2"",""5""],[""damagetype"",""1""],[""property"",""4"",""3"",""0"",""0"",""4"",""5""]]",bango-file,jobsystem.dat,5728
Adamant,2,,"#nWhen it performs, all attacks get Fatal Blow 100%#n for 15 seconds.",,active051,,,#nRage Gauge used : 4800,,,0,0,1800000,0,,,tuguk-72,1,"[""tuguk""]","[""109""]","[""1"",""0""]","[""3"",""1""]","[""1"",""0""]","[""active"",""once""]","[""4"",""3"",""1"",""0"",""3"",""0""]",[],[],"[[""compare"",""1"",""0""],[""compare"",""2"",""0""],[""compare"",""3"",""0""],[""compare"",""4"",""1800000""],[""compare"",""5"",""4800""]]","[""0""]","[""0""]","[""0""]","[""1800000""]","{""1"":""verified-ability-text-and-gitbook"",""2"":""unverified-for-class"",""3"":""unverified-for-class"",""4"":""unverified-for-class""}",[],"[""skill"",[""key"",""tuguk-72""],[""name"",""Adamant""],[""limit"",""tuguk""],[""action"",""109""],[""image"",""active051""],[""desc"",""#nWhen it performs, all attacks get Fatal Blow 100%#n for 15 seconds.""],[""ability"",""#nRage Gauge used : 4800""],[""level"",""1"",""0""],[""grade"",""3"",""1""],[""maxlevel"",""1"",""0""],[""compare"",""1"",""0""],[""compare"",""2"",""0""],[""compare"",""3"",""0""],[""compare"",""4"",""1800000""],[""compare"",""5"",""4800""],[""type"",""active"",""once""],[""motion"",""0"",""6""],[""damagetype"",""0""],[""property"",""4"",""3"",""1"",""0"",""3"",""0""]]",bango-file,jobsystem.dat,5751
Revolve Attack,2,,#nAttack enemies around with strong force of flame.,,Active174,,,#nRage Gauge used : 15000,,,0,0,300000,0,,,yungsang-73,1,"[""yungsang""]","[""113""]","[""1"",""0""]","[""4"",""1""]","[""1"",""0""]","[""active"",""once""]","[""4"",""2"",""0"",""0"",""1"",""5""]",[],[],"[[""compare"",""1"",""0""],[""compare"",""2"",""0""],[""compare"",""3"",""0""],[""compare"",""4"",""300000""],[""compare"",""5"",""300000""]]","[""0""]","[""0""]","[""0""]","[""300000""]","{""1"":""verified-ability-text-and-gitbook"",""2"":""unverified-for-class"",""3"":""unverified-for-class"",""4"":""unverified-for-class""}",[],"[""skill"",[""key"",""yungsang-73""],[""name"",""Revolve Attack""],[""limit"",""yungsang""],[""action"",""113""],[""image"",""Active174""],[""desc"",""#nAttack enemies around with strong force of flame.""],[""ability"",""#nRage Gauge used : 15000""],[""level"",""1"",""0""],[""grade"",""4"",""1""],[""maxlevel"",""1"",""0""],[""compare"",""1"",""0""],[""compare"",""2"",""0""],[""compare"",""3"",""0""],[""compare"",""4"",""300000""],[""compare"",""5"",""300000""],[""type"",""active"",""once""],[""motion"",""0"",""7""],[""damagetype"",""1""],[""property"",""4"",""2"",""0"",""0"",""1"",""5""]]",bango-file,jobsystem.dat,5774
Whirlwind Feather,2,,#nAttack enemies around with whirlwind and feathers.,,Active176,,,#nRage Gauge used : 15000,,,0,700,300000,0,,,gale-74,2,"[""gale""]","[""114""]","[""1"",""0""]","[""4"",""1""]","[""1"",""0""]","[""active"",""once""]","[""4"",""4"",""0"",""0"",""1"",""5""]",[],[],"[[""compare"",""1"",""0""],[""compare"",""2"",""0""],[""compare"",""3"",""700""],[""compare"",""4"",""300000""],[""compare"",""5"",""300000""]]","[""0""]","[""0""]","[""700""]","[""300000""]","{""1"":""verified-ability-text-and-gitbook"",""2"":""unverified-for-class"",""3"":""unverified-for-class"",""4"":""unverified-for-class""}",[],"[""skill"",[""key"",""gale-74""],[""name"",""Whirlwind Feather""],[""limit"",""gale""],[""action"",""114""],[""image"",""Active176""],[""desc"",""#nAttack enemies around with whirlwind and feathers.""],[""ability"",""#nRage Gauge used : 15000""],[""level"",""1"",""0""],[""grade"",""4"",""1""],[""maxlevel"",""1"",""0""],[""compare"",""1"",""0""],[""compare"",""2"",""0""],[""compare"",""3"",""700""],[""compare"",""4"",""300000""],[""compare"",""5"",""300000""],[""type"",""active"",""once""],[""motion"",""6"",""7""],[""damagetype"",""1""],[""property"",""4"",""4"",""0"",""0"",""1"",""5""]]",bango-file,jobsystem.dat,5798
Blood Suction,2,,#nAbsorb an enemy's HP recovering oneself.,,Active177,,,#nRage Gauge used : 15000,,,0,1200,300000,weapon_range,,,tuguk-75,1,"[""tuguk""]","[""115""]","[""1"",""0""]","[""4"",""1""]","[""1"",""0""]","[""active"",""use""]","[""4"",""3"",""0"",""0"",""1"",""5""]",[],[],"[[""compare"",""1"",""0""],[""compare"",""2"",""weapon_range""],[""compare"",""3"",""1200""],[""compare"",""4"",""300000""],[""compare"",""5"",""300000""]]","[""0""]","[""weapon_range""]","[""1200""]","[""300000""]","{""1"":""verified-ability-text-and-gitbook"",""2"":""unverified-for-class"",""3"":""unverified-for-class"",""4"":""unverified-for-class""}",[],"[""skill"",[""key"",""tuguk-75""],[""name"",""Blood Suction""],[""limit"",""tuguk""],[""action"",""115""],[""image"",""Active177""],[""desc"",""#nAbsorb an enemy's HP recovering oneself.""],[""ability"",""#nRage Gauge used : 15000""],[""level"",""1"",""0""],[""grade"",""4"",""1""],[""maxlevel"",""1"",""0""],[""compare"",""1"",""0""],[""compare"",""2"",""weapon_range""],[""compare"",""3"",""1200""],[""compare"",""4"",""300000""],[""compare"",""5"",""300000""],[""type"",""active"",""use""],[""motion"",""7"",""8""],[""damagetype"",""1""],[""property"",""4"",""3"",""0"",""0"",""1"",""5""]]",bango-file,jobsystem.dat,5822
Thunderbolt,2,,#nAttack enemies around with thunderbolt.,,Active175,,,#nRage Gauge used : 15000,,,0,2100,300000,0,,,gunchie-76,1,"[""gunchi""]","[""116""]","[""1"",""0""]","[""4"",""1""]","[""1"",""0""]","[""active"",""once""]","[""4"",""1"",""0"",""0"",""0"",""5""]",[],[],"[[""compare"",""1"",""0""],[""compare"",""2"",""0""],[""compare"",""3"",""2100""],[""compare"",""4"",""300000""],[""compare"",""5"",""300000""]]","[""0""]","[""0""]","[""2100""]","[""300000""]","{""1"":""verified-ability-text-and-gitbook"",""2"":""unverified-for-class"",""3"":""unverified-for-class"",""4"":""unverified-for-class""}",[],"[""skill"",[""key"",""gunchie-76""],[""name"",""Thunderbolt""],[""limit"",""gunchi""],[""action"",""116""],[""image"",""Active175""],[""desc"",""#nAttack enemies around with thunderbolt.""],[""ability"",""#nRage Gauge used : 15000""],[""level"",""1"",""0""],[""grade"",""4"",""1""],[""maxlevel"",""1"",""0""],[""compare"",""1"",""0""],[""compare"",""2"",""0""],[""compare"",""3"",""2100""],[""compare"",""4"",""300000""],[""compare"",""5"",""300000""],[""type"",""active"",""once""],[""motion"",""7"",""8""],[""damagetype"",""1""],[""property"",""4"",""1"",""0"",""0"",""0"",""5""]]",bango-file,jobsystem.dat,5846
占쏙옙占쏙옙占쏙옙占쏙옙 占싻놂옙,,,#n占쏙옙占쏙옙占쌘몌옙 占쌩쏙옙占쏙옙占쏙옙 22.4m 占싱놂옙占쏙옙 占쏙옙占\xbd? 占쏙옙占쏙옙占쏙옙 화占쏙옙占쏙옙占쏙옙,,,,,,,,,,,,,,monster-0,1,"[""monster""]","[""0""]",[],[],[],[],[],[],[],[],[],[],[],[],{},[],"[""skill"",[""key"",""monster-0""],[""name"",""占쏙옙占쏙옙占쏙옙占쏙옙 占싻놂옙""],[""desc"",""#n占쏙옙占쏙옙占쌘몌옙 占쌩쏙옙占쏙옙占쏙옙 22.4m 占싱놂옙占쏙옙 占쏙옙占\\xbd? 占쏙옙占쏙옙占쏙옙 화占쏙옙占쏙옙占쏙옙""],[""limit"",""monster""],[""action"",""0""],[""motion"",""2"",""3"",""none""]]",bango-file,jobsystem.dat,5874
占쏙옙占쏙옙占쏙옙占쏙옙 占쏙옙占쏙옙,,,#n占쏙옙占쏙옙占쌘몌옙 占쌩쏙옙占쏙옙占쏙옙 28.8m 占싱놂옙占쏙옙 占쏙옙占\xbd? 占쏙옙占쏙옙占쏙옙 화占쏙옙占쏙옙占쏙옙,,,,,,,,,,,,,,monster-1,1,"[""monster""]","[""1""]",[],[],[],[],[],[],[],[],[],[],[],[],{},[],"[""skill"",[""key"",""monster-1""],[""name"",""占쏙옙占쏙옙占쏙옙占쏙옙 占쏙옙占쏙옙""],[""desc"",""#n占쏙옙占쏙옙占쌘몌옙 占쌩쏙옙占쏙옙占쏙옙 28.8m 占싱놂옙占쏙옙 占쏙옙占\\xbd? 占쏙옙占쏙옙占쏙옙 화占쏙옙占쏙옙占쏙옙""],[""limit"",""monster""],[""action"",""1""],[""motion"",""4"",""5"",""none""]]",bango-file,jobsystem.dat,5883
占쏙옙占쏙옙占쏙옙 占쏙옙환,,,#n占쏙옙占쏙옙占쌘몌옙 占쌩쏙옙占쏙옙占쏙옙 64m 占싱놂옙占쏙옙 占쏙옙占쏙옙占쏙옙 占쏙옙치占쏙옙 占쏙옙占쏙옙占쏙옙 占쏙옙占쏙옙 占쏙옙환,,,,,,,,,,,,,,monster-2,1,"[""monster""]","[""2""]",[],[],[],[],[],[],[],[],[],[],[],[],{},[],"[""skill"",[""key"",""monster-2""],[""name"",""占쏙옙占쏙옙占쏙옙 占쏙옙환""],[""desc"",""#n占쏙옙占쏙옙占쌘몌옙 占쌩쏙옙占쏙옙占쏙옙 64m 占싱놂옙占쏙옙 占쏙옙占쏙옙占쏙옙 占쏙옙치占쏙옙 占쏙옙占쏙옙占쏙옙 占쏙옙占쏙옙 占쏙옙환""],[""limit"",""monster""],[""action"",""2""],[""motion"",""6"",""7"",""none""]]",bango-file,jobsystem.dat,5892
占쏙옙占쏙옙占쏙옙 占쏙옙占쏙림,,,#n占쏙옙占쏙옙占쌘몌옙 占쌩쏙옙占쏙옙占쏙옙 43.2m 占싱놂옙占쏙옙 占쏙옙占\xbd? 占쏙옙占쏙옙占쏙옙 占쏙옙占쌈쇽옙占쏙옙占쏙옙. 占쏙옙占쏙옙占쏙옙占쏙옙[sturn] 효占쏙옙 占쏙옙占쏙옙,,,,,,,,,,,,,,monster-3,1,"[""monster""]","[""3""]",[],[],[],[],[],[],[],[],[],[],[],[],{},[],"[""skill"",[""key"",""monster-3""],[""name"",""占쏙옙占쏙옙占쏙옙 占쏙옙占쏙림""],[""desc"",""#n占쏙옙占쏙옙占쌘몌옙 占쌩쏙옙占쏙옙占쏙옙 43.2m 占싱놂옙占쏙옙 占쏙옙占\\xbd? 占쏙옙占쏙옙占쏙옙 占쏙옙占쌈쇽옙占쏙옙占쏙옙. 占쏙옙占쏙옙占쏙옙占쏙옙[sturn] 효占쏙옙 占쏙옙占쏙옙""],[""limit"",""monster""],[""action"",""3""],[""motion"",""8"",""9"",""none""]]",bango-file,jobsystem.dat,5901
占쏙옙占쏙옙占싱듸옙,,,#n占쏙옙표占쏙옙占쏙옙 占쏙옙표占쏙옙 占쌩쏙옙占쏙옙占쏙옙 6.4m 占싱놂옙占쏙옙 占쏙옙占쏙옙 占시뤄옙占싱억옙[占쏙옙표占쏙옙 占쏙옙占쏙옙]占쏙옙 특占쏙옙 占쏙옙치占쏙옙 占쏙옙占쏙옙占싱듸옙 占쏙옙킴,,,,,,,,,,,,,,monster-4,1,"[""monster""]","[""4""]",[],[],[],[],[],[],[],[],[],[],[],[],{},[],"[""skill"",[""key"",""monster-4""],[""name"",""占쏙옙占쏙옙占싱듸옙""],[""desc"",""#n占쏙옙표占쏙옙占쏙옙 占쏙옙표占쏙옙 占쌩쏙옙占쏙옙占쏙옙 6.4m 占싱놂옙占쏙옙 占쏙옙占쏙옙 占시뤄옙占싱억옙[占쏙옙표占쏙옙 占쏙옙占쏙옙]占쏙옙 특占쏙옙 占쏙옙치占쏙옙 占쏙옙占쏙옙占싱듸옙 占쏙옙킴""],[""limit"",""monster""],[""action"",""4""],[""motion"",""10"",""11"",""none""]]",bango-file,jobsystem.dat,5910
혼占쏙옙 占쏙옙占쏙옙,,,#n占쏙옙占쏙옙占쏙옙 占쌩쏙옙 16M 占쏙옙 혼占쏙옙[占쏙옙占쏙옙 index X]占쏙옙 占쏙옙占쏙옙 占싯삼옙 혼占쏙옙占쏙옙 占쏙옙占쏙옙 占쏙옙占\xbd? 占싣뱄옙占쏙옙 占썅동占쏙옙 占쏙옙占쏙옙占쏙옙 占쏙옙占쏙옙,,,,,,,,,,,,,,monster-5,1,"[""monster""]","[""5""]",[],[],[],[],[],[],[],[],[],[],[],[],{},[],"[""skill"",[""key"",""monster-5""],[""name"",""혼占쏙옙 占쏙옙占쏙옙""],[""desc"",""#n占쏙옙占쏙옙占쏙옙 占쌩쏙옙 16M 占쏙옙 혼占쏙옙[占쏙옙占쏙옙 index X]占쏙옙 占쏙옙占쏙옙 占싯삼옙 혼占쏙옙占쏙옙 占쏙옙占쏙옙 占쏙옙占\\xbd? 占싣뱄옙占쏙옙 占썅동占쏙옙 占쏙옙占쏙옙占쏙옙 占쏙옙占쏙옙""],[""limit"",""monster""],[""action"",""5""],[""motion"",""12"",""13"",""none""]]",bango-file,jobsystem.dat,5919
占쏙옙占쏙옙占쏙옙占쏙옙 占쏙옙占쏙옙,,,#n占쏙옙占쏙옙 占실댐옙 占쏙옙占쏙옙 占쏙옙占쏙옙占쏙옙占쌥울옙 占쏙옙占쏙옙 占쏙옙占쏙옙占쏙옙 占쏙옙占\xbd?,,,,,,,,,,,,,,monster-6,1,"[""monster""]","[""6""]",[],[],[],[],[],[],[],[],[],[],[],[],{},[],"[""skill"",[""key"",""monster-6""],[""name"",""占쏙옙占쏙옙占쏙옙占쏙옙 占쏙옙占쏙옙""],[""desc"",""#n占쏙옙占쏙옙 占실댐옙 占쏙옙占쏙옙 占쏙옙占쏙옙占쏙옙占쌥울옙 占쏙옙占쏙옙 占쏙옙占쏙옙占쏙옙 占쏙옙占\\xbd?""],[""limit"",""monster""],[""action"",""6""],[""motion"",""14"",""15"",""none""]]",bango-file,jobsystem.dat,5928
占쏙옙占쏙옙占쏙옙 占쏙옙占쏙옙 占쏙옙호,,,#n占쏙옙占쏙옙 占실댐옙 占쏙옙占쏙옙 占쏙옙占\xbd? 占쏙옙占쏙옙 占쏙옙占쌓뤄옙 占쏙옙占\xbd?,,,,,,,,,,,,,,monster-7,1,"[""monster""]","[""7""]",[],[],[],[],[],[],[],[],[],[],[],[],{},[],"[""skill"",[""key"",""monster-7""],[""name"",""占쏙옙占쏙옙占쏙옙 占쏙옙占쏙옙 占쏙옙호""],[""desc"",""#n占쏙옙占쏙옙 占실댐옙 占쏙옙占쏙옙 占쏙옙占\\xbd? 占쏙옙占쏙옙 占쏙옙占쌓뤄옙 占쏙옙占\\xbd?""],[""limit"",""monster""],[""action"",""7""],[""motion"",""16"",""17"",""none""]]",bango-file,jobsystem.dat,5937
占쏙옙화,,,#n占쏙옙占쏙옙 占쏙옙 5占십몌옙占쏙옙 占쌥곤옙 32m 占쏙옙 占쏙옙占\xbd? 占시뤄옙占싱어에占쏙옙 화占쏙옙占쏙옙占쏙옙,,,,,,,,,,,,,,monster-8,1,"[""monster""]","[""8""]",[],[],[],[],[],[],[],[],[],[],[],[],{},[],"[""skill"",[""key"",""monster-8""],[""name"",""占쏙옙화""],[""desc"",""#n占쏙옙占쏙옙 占쏙옙 5占십몌옙占쏙옙 占쌥곤옙 32m 占쏙옙 占쏙옙占\\xbd? 占시뤄옙占싱어에占쏙옙 화占쏙옙占쏙옙占쏙옙""],[""limit"",""monster""],[""action"",""8""],[""motion"",""18"",""19"",""none""]]",bango-file,jobsystem.dat,5946
占쏙옙占쏙옙占쏙옙풍,,,#n占쏙옙占쏙옙占쏙옙풍,,,,,,,,,,,,,,monster-9,1,"[""monster""]","[""9""]",[],[],[],[],[],[],[],[],[],[],[],[],{},[],"[""skill"",[""key"",""monster-9""],[""name"",""占쏙옙占쏙옙占쏙옙풍""],[""desc"",""#n占쏙옙占쏙옙占쏙옙풍""],[""limit"",""monster""],[""action"",""9""],[""motion"",""0"",""1"",""none""]]",bango-file,jobsystem.dat,5955
占쏙옙占쏙옙占쏙옙풍,,,#n占쏙옙占쏙옙占쏙옙풍,,,,,,,,,,,,,,monster-10,1,"[""monster""]","[""10""]",[],[],[],[],[],[],[],[],[],[],[],[],{},[],"[""skill"",[""key"",""monster-10""],[""name"",""占쏙옙占쏙옙占쏙옙풍""],[""desc"",""#n占쏙옙占쏙옙占쏙옙풍""],[""limit"",""monster""],[""action"",""10""],[""motion"",""0"",""1"",""none""]]",bango-file,jobsystem.dat,5964
화占쏙옙占쏙옙풍,,,#n화占쏙옙占쏙옙풍,,,,,,,,,,,,,,monster-11,1,"[""monster""]","[""11""]",[],[],[],[],[],[],[],[],[],[],[],[],{},[],"[""skill"",[""key"",""monster-11""],[""name"",""화占쏙옙占쏙옙풍""],[""desc"",""#n화占쏙옙占쏙옙풍""],[""limit"",""monster""],[""action"",""11""],[""motion"",""0"",""1"",""none""]]",bango-file,jobsystem.dat,5973
占쏙옙占쏙옙占쏙옙占쏙옙 占쏙옙占쏙옙,,,#n占쏙옙占쏙옙占쏙옙占쏙옙 占쏙옙占쏙옙,,,,,,,,,,,,,,monster-13,1,"[""monster""]","[""13""]",[],[],[],[],[],[],[],[],[],[],[],[],{},[],"[""skill"",[""key"",""monster-13""],[""name"",""占쏙옙占쏙옙占쏙옙占쏙옙 占쏙옙占쏙옙""],[""desc"",""#n占쏙옙占쏙옙占쏙옙占쏙옙 占쏙옙占쏙옙""],[""limit"",""monster""],[""action"",""13""],[""motion"",""20"",""21"",""none""]]",bango-file,jobsystem.dat,5982
占쏙옙占쏙옙占쏙옙화,,,#n占쏙옙占쏙옙占쏙옙화,,,,,,,,,,,,,,monster-14,1,"[""monster""]","[""14""]",[],[],[],[],[],[],[],[],[],[],[],[],{},[],"[""skill"",[""key"",""monster-14""],[""name"",""占쏙옙占쏙옙占쏙옙화""],[""desc"",""#n占쏙옙占쏙옙占쏙옙화""],[""limit"",""monster""],[""action"",""14""],[""motion"",""0"",""1"",""none""]]",bango-file,jobsystem.dat,5991
占쏙옙占쏙옙占쏙옙?,,,#n占쏙옙占쏙옙占쏙옙?,,,,,,,,,,,,,,monster-15,1,"[""monster""]","[""15""]",[],[],[],[],[],[],[],[],[],[],[],[],{},[],"[""skill"",[""key"",""monster-15""],[""name"",""占쏙옙占쏙옙占쏙옙?""],[""desc"",""#n占쏙옙占쏙옙占쏙옙?""],[""limit"",""monster""],[""action"",""15""],[""motion"",""0"",""1"",""none""]]",bango-file,jobsystem.dat,6000
占쏙옙 占쏙옙환,,,#n占쏙옙 占쏙옙환,,,,,,,,,,,,,,monster-16,1,"[""monster""]","[""16""]",[],[],[],[],[],[],[],[],[],[],[],[],{},[],"[""skill"",[""key"",""monster-16""],[""name"",""占쏙옙 占쏙옙환""],[""desc"",""#n占쏙옙 占쏙옙환""],[""limit"",""monster""],[""action"",""16""],[""motion"",""1"",""1"",""none""]]",bango-file,jobsystem.dat,6009
占쏙옙占쏙옙占쏙옙 占쏙옙占쏙옙,,,#n占쏙옙占쏙옙占쏙옙 占쏙옙占쏙옙,,,,,,,,,,,,,,monster-17,1,"[""monster""]","[""17""]",[],[],[],[],[],[],[],[],[],[],[],[],{},[],"[""skill"",[""key"",""monster-17""],[""name"",""占쏙옙占쏙옙占쏙옙 占쏙옙占쏙옙""],[""desc"",""#n占쏙옙占쏙옙占쏙옙 占쏙옙占쏙옙""],[""limit"",""monster""],[""action"",""17""],[""motion"",""1"",""2"",""none""]]",bango-file,jobsystem.dat,6018
占쌍두몌옙占쏙옙1,,,#n占쌍두몌옙占쏙옙1,,,,,,,,,,,,,,monster-18,1,"[""monster""]","[""18""]",[],[],[],[],[],[],[],[],[],[],[],[],{},[],"[""skill"",[""key"",""monster-18""],[""name"",""占쌍두몌옙占쏙옙1""],[""desc"",""#n占쌍두몌옙占쏙옙1""],[""limit"",""monster""],[""action"",""18""],[""motion"",""3"",""4"",""none""]]",bango-file,jobsystem.dat,6027
占쌍두몌옙占쏙옙2,,,#n占쌍두몌옙占쏙옙2,,,,,,,,,,,,,,monster-19,1,"[""monster""]","[""19""]",[],[],[],[],[],[],[],[],[],[],[],[],{},[],"[""skill"",[""key"",""monster-19""],[""name"",""占쌍두몌옙占쏙옙2""],[""desc"",""#n占쌍두몌옙占쏙옙2""],[""limit"",""monster""],[""action"",""19""],[""motion"",""5"",""6"",""none""]]",bango-file,jobsystem.dat,6036
占쏙옙占쏙옙占쏙옙 占쏙옙占쏙림,,,#n占쏙옙占쏙옙占쏙옙 占쏙옙占쏙림,,,,,,,,,,,,,,monster-20,1,"[""monster""]","[""20""]",[],[],[],[],[],[],[],[],[],[],[],[],{},[],"[""skill"",[""key"",""monster-20""],[""name"",""占쏙옙占쏙옙占쏙옙 占쏙옙占쏙림""],[""desc"",""#n占쏙옙占쏙옙占쏙옙 占쏙옙占쏙림""],[""limit"",""monster""],[""action"",""20""],[""motion"",""7"",""8"",""none""]]",bango-file,jobsystem.dat,6045
화占쏙옙占쏙옙 占쏙옙환,,,#n화占쏙옙占쏙옙 占쏙옙환,,,,,,,,,,,,,,monster-21,1,"[""monster""]","[""21""]",[],[],[],[],[],[],[],[],[],[],[],[],{},[],"[""skill"",[""key"",""monster-21""],[""name"",""화占쏙옙占쏙옙 占쏙옙환""],[""desc"",""#n화占쏙옙占쏙옙 占쏙옙환""],[""limit"",""monster""],[""action"",""21""],[""motion"",""1"",""2"",""none""]]",bango-file,jobsystem.dat,6054
占쏙옙占쏙옙 占쏙옙占쏘리,,,#n占쏙옙占쏙옙 占쏙옙占쏘리,,,,,,,,,,,,,,monster-22,1,"[""monster""]","[""22""]",[],[],[],[],[],[],[],[],[],[],[],[],{},[],"[""skill"",[""key"",""monster-22""],[""name"",""占쏙옙占쏙옙 占쏙옙占쏘리""],[""desc"",""#n占쏙옙占쏙옙 占쏙옙占쏘리""],[""limit"",""monster""],[""action"",""22""],[""motion"",""3"",""4"",""none""]]",bango-file,jobsystem.dat,6063
占쏙옙占쏙옙占쏙옙화,,,#n占쏙옙占쏙옙占쏙옙화,,,,,,,,,,,,,,monster-23,1,"[""monster""]","[""23""]",[],[],[],[],[],[],[],[],[],[],[],[],{},[],"[""skill"",[""key"",""monster-23""],[""name"",""占쏙옙占쏙옙占쏙옙화""],[""desc"",""#n占쏙옙占쏙옙占쏙옙화""],[""limit"",""monster""],[""action"",""23""],[""motion"",""5"",""6"",""none""]]",bango-file,jobsystem.dat,6072
占싻몌옙,,,#n占싻몌옙,,,,,,,,,,,,,,monster-24,1,"[""monster""]","[""24""]",[],[],[],[],[],[],[],[],[],[],[],[],{},[],"[""skill"",[""key"",""monster-24""],[""name"",""占싻몌옙""],[""desc"",""#n占싻몌옙""],[""limit"",""monster""],[""action"",""24""],[""motion"",""7"",""8"",""none""]]",bango-file,jobsystem.dat,6081
占쌀듸옙占쏙옙 占쌩삼옙,,,#n占쌀듸옙占쏙옙 占쌩삼옙,,,,,,,,,,,,,,monster-25,1,"[""monster""]","[""25""]",[],[],[],[],[],[],[],[],[],[],[],[],{},[],"[""skill"",[""key"",""monster-25""],[""name"",""占쌀듸옙占쏙옙 占쌩삼옙""],[""desc"",""#n占쌀듸옙占쏙옙 占쌩삼옙""],[""limit"",""monster""],[""action"",""25""],[""motion"",""1"",""2"",""none""]]",bango-file,jobsystem.dat,6090
占쏙옙占쏙옙占쏙옙 占쌀깍옙,,,#n占쏙옙占쏙옙占쏙옙 占쌀깍옙,,,,,,,,,,,,,,monster-26,1,"[""monster""]","[""26""]",[],[],[],[],[],[],[],[],[],[],[],[],{},[],"[""skill"",[""key"",""monster-26""],[""name"",""占쏙옙占쏙옙占쏙옙 占쌀깍옙""],[""desc"",""#n占쏙옙占쏙옙占쏙옙 占쌀깍옙""],[""limit"",""monster""],[""action"",""26""],[""motion"",""2"",""3"",""none""]]",bango-file,jobsystem.dat,6099
占쏙옙占쏙옙占쏙옙 占쌀깍옙,,,#n占쏙옙占쏙옙占쏙옙 占쌀깍옙,,,,,,,,,,,,,,monster-27,1,"[""monster""]","[""27""]",[],[],[],[],[],[],[],[],[],[],[],[],{},[],"[""skill"",[""key"",""monster-27""],[""name"",""占쏙옙占쏙옙占쏙옙 占쌀깍옙""],[""desc"",""#n占쏙옙占쏙옙占쏙옙 占쌀깍옙""],[""limit"",""monster""],[""action"",""27""],[""motion"",""4"",""5"",""none""]]",bango-file,jobsystem.dat,6108
占쏙옙占쏙옙 占쏙옙환,,,#n占쏙옙占쏙옙 占쏙옙환,,,,,,,,,,,,,,monster-28,1,"[""monster""]","[""28""]",[],[],[],[],[],[],[],[],[],[],[],[],{},[],"[""skill"",[""key"",""monster-28""],[""name"",""占쏙옙占쏙옙 占쏙옙환""],[""desc"",""#n占쏙옙占쏙옙 占쏙옙환""],[""limit"",""monster""],[""action"",""28""],[""motion"",""6"",""7"",""none""]]",bango-file,jobsystem.dat,6117
占쏙옙占쌘쇽옙,,,#n占쏙옙占쌘쇽옙,,,,,,,,,,,,,,monster-29,1,"[""monster""]","[""29""]",[],[],[],[],[],[],[],[],[],[],[],[],{},[],"[""skill"",[""key"",""monster-29""],[""name"",""占쏙옙占쌘쇽옙""],[""desc"",""#n占쏙옙占쌘쇽옙""],[""limit"",""monster""],[""action"",""29""],[""motion"",""1"",""2"",""none""]]",bango-file,jobsystem.dat,6126
환占쌘쇽옙,,,#n환占쌘쇽옙,,,,,,,,,,,,,,monster-30,1,"[""monster""]","[""30""]",[],[],[],[],[],[],[],[],[],[],[],[],{},[],"[""skill"",[""key"",""monster-30""],[""name"",""환占쌘쇽옙""],[""desc"",""#n환占쌘쇽옙""],[""limit"",""monster""],[""action"",""30""],[""motion"",""1"",""2"",""none""]]",bango-file,jobsystem.dat,6135
화占쏙옙占쏙옙,,,#n화占쏙옙占쏙옙,,,,,,,,,,,,,,monster-31,1,"[""monster""]","[""31""]",[],[],[],[],[],[],[],[],[],[],[],[],{},[],"[""skill"",[""key"",""monster-31""],[""name"",""화占쏙옙占쏙옙""],[""desc"",""#n화占쏙옙占쏙옙""],[""limit"",""monster""],[""action"",""31""],[""motion"",""1"",""2"",""none""]]",bango-file,jobsystem.dat,6144
占쏙옙釜占\xbd?,,,#n占쏙옙釜占\xbd?,,,,,,,,,,,,,,monster-32,1,"[""monster""]","[""32""]",[],[],[],[],[],[],[],[],[],[],[],[],{},[],"[""skill"",[""key"",""monster-32""],[""name"",""占쏙옙釜占\\xbd?""],[""desc"",""#n占쏙옙釜占\\xbd?""],[""limit"",""monster""],[""action"",""32""],[""motion"",""1"",""2"",""none""]]",bango-file,jobsystem.dat,6153
占쏙옙화占쏙옙,,,#n占쏙옙화占쏙옙,,,,,,,,,,,,,,monster-33,1,"[""monster""]","[""33""]",[],[],[],[],[],[],[],[],[],[],[],[],{},[],"[""skill"",[""key"",""monster-33""],[""name"",""占쏙옙화占쏙옙""],[""desc"",""#n占쏙옙화占쏙옙""],[""limit"",""monster""],[""action"",""33""],[""motion"",""1"",""2"",""none""]]",bango-file,jobsystem.dat,6162
화占쏙옙占쏙옙占쏙옙占쏙옙,,,#n화占쏙옙占쏙옙占쏙옙占쏙옙,,,,,,,,,,,,,,monster-34,1,"[""monster""]","[""34""]",[],[],[],[],[],[],[],[],[],[],[],[],{},[],"[""skill"",[""key"",""monster-34""],[""name"",""화占쏙옙占쏙옙占쏙옙占쏙옙""],[""desc"",""#n화占쏙옙占쏙옙占쏙옙占쏙옙""],[""limit"",""monster""],[""action"",""34""],[""motion"",""1"",""2"",""none""]]",bango-file,jobsystem.dat,6171
占쏙옙占쏙옙占쏙옙占쏙옙 占쌩삼옙,,,#n占쏙옙占쏙옙占쏙옙占쏙옙 占쌩삼옙,,,,,,,,,,,,,,monster-35,1,"[""monster""]","[""35""]",[],[],[],[],[],[],[],[],[],[],[],[],{},[],"[""skill"",[""key"",""monster-35""],[""name"",""占쏙옙占쏙옙占쏙옙占쏙옙 占쌩삼옙""],[""desc"",""#n占쏙옙占쏙옙占쏙옙占쏙옙 占쌩삼옙""],[""limit"",""monster""],[""action"",""35""],[""motion"",""1"",""2"",""none""]]",bango-file,jobsystem.dat,6180
占쏙옙호占쏙옙천占쏙옙 占쏙옙탄 占쏙옙占쏙옙,,,#n占쏙옙호占쏙옙천占쏙옙 占쏙옙탄 占쏙옙占쏙옙,,,,,,,,,,,,,,monster-36,1,"[""monster""]","[""36""]",[],[],[],[],[],[],[],[],[],[],[],[],{},[],"[""skill"",[""key"",""monster-36""],[""name"",""占쏙옙호占쏙옙천占쏙옙 占쏙옙탄 占쏙옙占쏙옙""],[""desc"",""#n占쏙옙호占쏙옙천占쏙옙 占쏙옙탄 占쏙옙占쏙옙""],[""limit"",""monster""],[""action"",""36""],[""motion"",""1"",""2"",""none""]]",bango-file,jobsystem.dat,6189
占쌩몌옙占쏙옙 占쏙옙占쏙옙,,,#n占쌩몌옙占쏙옙 占쏙옙占쏙옙,,,,,,,,,,,,,,monster-41,1,"[""monster""]","[""41""]",[],[],[],[],[],[],[],[],[],[],[],[],{},[],"[""skill"",[""key"",""monster-41""],[""name"",""占쌩몌옙占쏙옙 占쏙옙占쏙옙""],[""desc"",""#n占쌩몌옙占쏙옙 占쏙옙占쏙옙""],[""limit"",""monster""],[""action"",""41""],[""motion"",""1"",""2"",""none""]]",bango-file,jobsystem.dat,6198
占쏙옙혼占쏙옙,,,#n占쏙옙혼占쏙옙[占쏙옙占쏙옙 占쏙옙占쏙옙 15占쏙옙],,,,,,,,,,,,,,monster-42,1,"[""monster""]","[""42""]",[],[],[],[],[],[],[],[],[],[],[],[],{},[],"[""skill"",[""key"",""monster-42""],[""name"",""占쏙옙혼占쏙옙""],[""desc"",""#n占쏙옙혼占쏙옙[占쏙옙占쏙옙 占쏙옙占쏙옙 15占쏙옙]""],[""limit"",""monster""],[""action"",""42""],[""motion"",""3"",""4"",""none""]]",bango-file,jobsystem.dat,6207
占쌩몌옙占쏙옙 占쏙옙占쏙옙_占쏙옙占쏙옙,,,#n占쌩몌옙占쏙옙 占쏙옙占쏙옙_占쏙옙占쏙옙,,,,,,,,,,,,,,monster-43,1,"[""monster""]","[""43""]",[],[],[],[],[],[],[],[],[],[],[],[],{},[],"[""skill"",[""key"",""monster-43""],[""name"",""占쌩몌옙占쏙옙 占쏙옙占쏙옙_占쏙옙占쏙옙""],[""desc"",""#n占쌩몌옙占쏙옙 占쏙옙占쏙옙_占쏙옙占쏙옙""],[""limit"",""monster""],[""action"",""43""],[""motion"",""0"",""0"",""none""]]",bango-file,jobsystem.dat,6218
占쏙옙占쏙옙占쏙옙 혼,,,#n占쏙옙占쏙옙占쏙옙 혼,,,,,,,,,,,,,,monster-44,1,"[""monster""]","[""44""]",[],[],[],[],[],[],[],[],[],[],[],[],{},[],"[""skill"",[""key"",""monster-44""],[""name"",""占쏙옙占쏙옙占쏙옙 혼""],[""desc"",""#n占쏙옙占쏙옙占쏙옙 혼""],[""limit"",""monster""],[""action"",""44""],[""motion"",""5"",""6"",""none""]]",bango-file,jobsystem.dat,6228
 占쏙옙효 ,,,#占신댐옙占쏙옙 占쏙옙占쏙옙 占쏙옙占쏙옙占쏙옙占쏙옙효 ,,,,,,,,,,,,,,monster-45,1,"[""monster""]","[""45""]",[],[],[],[],[],[],[],[],[],[],[],[],{},[],"[""skill"",[""key"",""monster-45""],[""name"","" 占쏙옙효 ""],[""desc"",""#占신댐옙占쏙옙 占쏙옙占쏙옙 占쏙옙占쏙옙占쏙옙占쏙옙효 ""],[""limit"",""monster""],[""action"",""45""],[""motion"",""1"",""2"",""none""]]",bango-file,jobsystem.dat,6237
占쏙옙占쏙옙치占쏙옙 ,,,#n占쏙옙占쏙옙 占쏙옙占쏙옙占쏙옙 占쏙옙占쏙옙치占쏙옙 占쏙옙占\xbd? ,,,,,,,,,,,,,,monster-46,1,"[""monster""]","[""46""]",[],[],[],[],[],[],[],[],[],[],[],[],{},[],"[""skill"",[""key"",""monster-46""],[""name"",""占쏙옙占쏙옙치占쏙옙 ""],[""desc"",""#n占쏙옙占쏙옙 占쏙옙占쏙옙占쏙옙 占쏙옙占쏙옙치占쏙옙 占쏙옙占\\xbd? ""],[""limit"",""monster""],[""action"",""46""],[""motion"",""1"",""2"",""none""]]",bango-file,jobsystem.dat,6247
占쌨댐옙占\xbd? 占쏙옙천占쏙옙,,,#n占쏙옙占쏙옙 占쏙옙占쏙옙求占\xbd? 占쏙옙킬占쏙옙 占싣댐옙占쏙옙占쏙옙 占쏙옙킬 占쏙옙占쏙옙트 占싹댐옙 占쏙옙틴占쏙옙 占쏙옙占쏙옙占쏙옙占쌔쇽옙 占쌩곤옙 ,,,,,,,,,,,,,,monster-47,1,"[""monster""]","[""47""]",[],[],[],[],[],[],[],[],[],[],[],[],{},[],"[""skill"",[""key"",""monster-47""],[""name"",""占쌨댐옙占\\xbd? 占쏙옙천占쏙옙""],[""desc"",""#n占쏙옙占쏙옙 占쏙옙占쏙옙求占\\xbd? 占쏙옙킬占쏙옙 占싣댐옙占쏙옙占쏙옙 占쏙옙킬 占쏙옙占쏙옙트 占싹댐옙 占쏙옙틴占쏙옙 占쏙옙占쏙옙占쏙옙占쌔쇽옙 占쌩곤옙 ""],[""limit"",""monster""],[""action"",""47""],[""motion"",""1"",""2"",""none""]]",bango-file,jobsystem.dat,6256
占쏙옙틀占쏙옙 占쏙옙占\xbd? 占싱뱄옙占쏙옙,,,#n체占쏙옙 占쏙옙占쏙옙,,,,,,,,,,,,,,monster-48,1,"[""monster""]","[""48""]",[],[],[],[],[],[],[],[],[],[],[],[],{},[],"[""skill"",[""key"",""monster-48""],[""name"",""占쏙옙틀占쏙옙 占쏙옙占\\xbd? 占싱뱄옙占쏙옙""],[""desc"",""#n체占쏙옙 占쏙옙占쏙옙""],[""limit"",""monster""],[""action"",""48""],[""motion"",""1"",""2"",""none""]]",bango-file,jobsystem.dat,6267
천占쏙옙占\xbd? 占싱뱄옙占쏙옙: 占쏙옙첩占실댐옙 占쏙옙占쏙옙占쏙옙(占싱쇽옙 占쏙옙占쏙옙),,,#n占쏙옙占쏙옙 占쏙옙占쏙옙占쏙옙 크占쏙옙 占쌍둘뤄옙 占쏙옙占쏙옙 占쏙옙틂占쏙옙求占\xbd?.,,,,,,,,,,,,,,monster-49,1,"[""monster""]","[""49""]",[],[],[],[],[],[],[],[],[],[],[],[],{},[],"[""skill"",[""key"",""monster-49""],[""name"",""천占쏙옙占\\xbd? 占싱뱄옙占쏙옙: 占쏙옙첩占실댐옙 占쏙옙占쏙옙占쏙옙(占싱쇽옙 占쏙옙占쏙옙)""],[""desc"",""#n占쏙옙占쏙옙 占쏙옙占쏙옙占쏙옙 크占쏙옙 占쌍둘뤄옙 占쏙옙占쏙옙 占쏙옙틂占쏙옙求占\\xbd?.""],[""limit"",""monster""],[""action"",""49""],[""motion"",""3"",""4"",""none""]]",bango-file,jobsystem.dat,6276
천占쏙옙占\xbd? 占싱뱄옙占쏙옙: 占쏙옙첩占실댐옙 占쏙옙占쏙옙占쏙옙(체占쏙옙 占쏙옙占쏙옙),,,#n占쌉울옙占쏙옙 占쏙옙占\xbd? 占쏙옙占쏙옙 占쏙옙틂占쏙옙求占\xbd?. 占쏙옙占쏙옙 占쏙옙占쏙옙 占쏙옙占쏙옙占쏙옙 占쏙옙占쏙옙占쏙옙 占쏙옙占쏙옙 占쏙옙占쏙옙화占싯니댐옙,,,,,,,,,,,,,,monster-50,1,"[""monster""]","[""50""]",[],[],[],[],[],[],[],[],[],[],[],[],{},[],"[""skill"",[""key"",""monster-50""],[""name"",""천占쏙옙占\\xbd? 占싱뱄옙占쏙옙: 占쏙옙첩占실댐옙 占쏙옙占쏙옙占쏙옙(체占쏙옙 占쏙옙占쏙옙)""],[""desc"",""#n占쌉울옙占쏙옙 占쏙옙占\\xbd? 占쏙옙占쏙옙 占쏙옙틂占쏙옙求占\\xbd?. 占쏙옙占쏙옙 占쏙옙占쏙옙 占쏙옙占쏙옙占쏙옙 占쏙옙占쏙옙占쏙옙 占쏙옙占쏙옙 占쏙옙占쏙옙화占싯니댐옙""],[""limit"",""monster""],[""action"",""50""],[""motion"",""3"",""4"",""none""]]",bango-file,jobsystem.dat,6285
천占쏙옙占\xbd? 占싱뱄옙占쏙옙: 占쏙옙占쏙옙占쏙옙 占쌩억옙,,,#n占쏙옙占쏙옙 占쏙옙占쏙옙 占쏙옙占쏙옙占쏙옙占\xbd? 占쏙옙占쏙옙占\xbd? 占쌩삼옙,,,,,,,,,,,,,,monster-51,1,"[""monster""]","[""51""]",[],[],[],[],[],[],[],[],[],[],[],[],{},[],"[""skill"",[""key"",""monster-51""],[""name"",""천占쏙옙占\\xbd? 占싱뱄옙占쏙옙: 占쏙옙占쏙옙占쏙옙 占쌩억옙""],[""desc"",""#n占쏙옙占쏙옙 占쏙옙占쏙옙 占쏙옙占쏙옙占쏙옙占\\xbd? 占쏙옙占쏙옙占\\xbd? 占쌩삼옙""],[""limit"",""monster""],[""action"",""51""],[""motion"",""1"",""2"",""none""]]",bango-file,jobsystem.dat,6294
천占쏙옙占\xbd? 占싱뱄옙占쏙옙: 占쏙옙占쏙옙 占쏙옙환,,,#n占쌈몌옙占쏙옙 占싹늘뤄옙 占쏙옙占\xbd? 占쏙옙占쏙옙 占쏙옙占쏙옙체占쏙옙 占쌩삼옙占쌌니댐옙.,,,,,,,,,,,,,,monster-52,1,"[""monster""]","[""52""]",[],[],[],[],[],[],[],[],[],[],[],[],{},[],"[""skill"",[""key"",""monster-52""],[""name"",""천占쏙옙占\\xbd? 占싱뱄옙占쏙옙: 占쏙옙占쏙옙 占쏙옙환""],[""desc"",""#n占쌈몌옙占쏙옙 占싹늘뤄옙 占쏙옙占\\xbd? 占쏙옙占쏙옙 占쏙옙占쏙옙체占쏙옙 占쌩삼옙占쌌니댐옙.""],[""limit"",""monster""],[""action"",""52""],[""motion"",""7"",""8"",""none""]]",bango-file,jobsystem.dat,6303
占쏙옙틀占쏙옙 占쏙옙占쏙옙 占싱뱄옙占쏙옙,,,#n占싱쇽옙 占쏙옙占쏙옙,,,,,,,,,,,,,,monster-53,1,"[""monster""]","[""53""]",[],[],[],[],[],[],[],[],[],[],[],[],{},[],"[""skill"",[""key"",""monster-53""],[""name"",""占쏙옙틀占쏙옙 占쏙옙占쏙옙 占싱뱄옙占쏙옙""],[""desc"",""#n占싱쇽옙 占쏙옙占쏙옙""],[""limit"",""monster""],[""action"",""53""],[""motion"",""1"",""2"",""none""]]",bango-file,jobsystem.dat,6312
占쏙옙틀占쏙옙 占쏙옙占쏙옙占쏙옙 占쏙옙占쏙옙占쏙옙占\xbd?,,,#n占쏙옙占쏙옙치占쏙옙 占쏙옙占쏙옙占\xbd?,,,,,,,,,,,,,,monster-54,1,"[""monster""]","[""54""]",[],[],[],[],[],[],[],[],[],[],[],[],{},[],"[""skill"",[""key"",""monster-54""],[""name"",""占쏙옙틀占쏙옙 占쏙옙占쏙옙占쏙옙 占쏙옙占쏙옙占쏙옙占\\xbd?""],[""desc"",""#n占쏙옙占쏙옙치占쏙옙 占쏙옙占쏙옙占\\xbd?""],[""limit"",""monster""],[""action"",""54""],[""motion"",""1"",""2"",""none""]]",bango-file,jobsystem.dat,6321
占쏙옙틀占쏙옙 占쏙옙占쏙옙占쏙옙,,,#n占쌍두뤄옙占\xbd?,,,,,,,,,,,,,,monster-55,1,"[""monster""]","[""55""]",[],[],[],[],[],[],[],[],[],[],[],[],{},[],"[""skill"",[""key"",""monster-55""],[""name"",""占쏙옙틀占쏙옙 占쏙옙占쏙옙占쏙옙""],[""desc"",""#n占쌍두뤄옙占\\xbd?""],[""limit"",""monster""],[""action"",""55""],[""motion"",""1"",""2"",""none""]]",bango-file,jobsystem.dat,6330
占쏙옙틀占쏙옙 占쏙옙占쏙옙占쏙옙,,,#크占쏙옙티占쏙옙 占쏙옙占쏙옙,,,,,,,,,,,,,,monster-56,1,"[""monster""]","[""56""]",[],[],[],[],[],[],[],[],[],[],[],[],{},[],"[""skill"",[""key"",""monster-56""],[""name"",""占쏙옙틀占쏙옙 占쏙옙占쏙옙占쏙옙""],[""desc"",""#크占쏙옙티占쏙옙 占쏙옙占쏙옙""],[""limit"",""monster""],[""action"",""56""],[""motion"",""1"",""2"",""none""]]",bango-file,jobsystem.dat,6339
占쏙옙틀占쏙옙 占쏙옙占쏙옙占쏙옙,,,#n占쏙옙치占쏙옙,,,,,,,,,,,,,,monster-57,1,"[""monster""]","[""57""]",[],[],[],[],[],[],[],[],[],[],[],[],{},[],"[""skill"",[""key"",""monster-57""],[""name"",""占쏙옙틀占쏙옙 占쏙옙占쏙옙占쏙옙""],[""desc"",""#n占쏙옙치占쏙옙""],[""limit"",""monster""],[""action"",""57""],[""motion"",""1"",""2"",""none""]]",bango-file,jobsystem.dat,6348
占쏙옙틀占쏙옙 占쏙옙占쏙옙占쏙옙,,,#n占쏙옙占\xbd? 占쏙옙占쏙옙,,,,,,,,,,,,,,monster-58,1,"[""monster""]","[""58""]",[],[],[],[],[],[],[],[],[],[],[],[],{},[],"[""skill"",[""key"",""monster-58""],[""name"",""占쏙옙틀占쏙옙 占쏙옙占쏙옙占쏙옙""],[""desc"",""#n占쏙옙占\\xbd? 占쏙옙占쏙옙""],[""limit"",""monster""],[""action"",""58""],[""motion"",""1"",""2"",""none""]]",bango-file,jobsystem.dat,6357
占쏙옙 占쏙옙占쏙옙 占쏙옙占쏙옙,,,#n占싱듸옙,,,,,,,,,,,,,,monster-59,1,"[""monster""]","[""59""]",[],[],[],[],[],[],[],[],[],[],[],[],{},[],"[""skill"",[""key"",""monster-59""],[""name"",""占쏙옙 占쏙옙占쏙옙 占쏙옙占쏙옙""],[""desc"",""#n占싱듸옙""],[""limit"",""monster""],[""action"",""59""],[""motion"",""7"",""8"",""none""]]",bango-file,jobsystem.dat,6375
천占쏙옙占\xbd? 占싱뱄옙占쏙옙,,,#n占쎄레占쏙옙,,,,,,,,,,,,,,monster-60,1,"[""monster""]","[""60""]",[],[],[],[],[],[],[],[],[],[],[],[],{},[],"[""skill"",[""key"",""monster-60""],[""name"",""천占쏙옙占\\xbd? 占싱뱄옙占쏙옙""],[""desc"",""#n占쎄레占쏙옙""],[""limit"",""monster""],[""action"",""60""],[""motion"",""5"",""6"",""none""]]",bango-file,jobsystem.dat,6384
천占쏙옙占\xbd? 占싱뱄옙占쏙옙,,,#n占쏙옙占쏙옙 占쏙옙占쏙옙,,,,,,,,,,,,,,monster-61,1,"[""monster""]","[""61""]",[],[],[],[],[],[],[],[],[],[],[],[],{},[],"[""skill"",[""key"",""monster-61""],[""name"",""천占쏙옙占\\xbd? 占싱뱄옙占쏙옙""],[""desc"",""#n占쏙옙占쏙옙 占쏙옙占쏙옙""],[""limit"",""monster""],[""action"",""61""],[""motion"",""1"",""2"",""none""]]",bango-file,jobsystem.dat,6393
占쏙옙 占쏙옙占쏙옙 占쏙옙占쏙옙,,,#n占쏙옙占쏙옙占\xbd?,,,,,,,,,,,,,,monster-62,1,"[""monster""]","[""62""]",[],[],[],[],[],[],[],[],[],[],[],[],{},[],"[""skill"",[""key"",""monster-62""],[""name"",""占쏙옙 占쏙옙占쏙옙 占쏙옙占쏙옙""],[""desc"",""#n占쏙옙占쏙옙占\\xbd?""],[""limit"",""monster""],[""action"",""62""],[""motion"",""5"",""6"",""none""]]",bango-file,jobsystem.dat,6402
占쏙옙 占쏙옙占쏙옙 占쏙옙占쏙옙,,,#n占쏙옙환,,,,,,,,,,,,,,monster-64,1,"[""monster""]","[""64""]",[],[],[],[],[],[],[],[],[],[],[],[],{},[],"[""skill"",[""key"",""monster-64""],[""name"",""占쏙옙 占쏙옙占쏙옙 占쏙옙占쏙옙""],[""desc"",""#n占쏙옙환""],[""limit"",""monster""],[""action"",""64""],[""motion"",""3"",""4"",""none""]]",bango-file,jobsystem.dat,6421
占쏙옙 占쏙옙占쏙옙 占쏙옙占쏙옙,,,#n占쏙옙첩 占쏙옙 占싱쇽옙 占쏙옙占쏙옙,,,,,,,,,,,,,,monster-65,1,"[""monster""]","[""65""]",[],[],[],[],[],[],[],[],[],[],[],[],{},[],"[""skill"",[""key"",""monster-65""],[""name"",""占쏙옙 占쏙옙占쏙옙 占쏙옙占쏙옙""],[""desc"",""#n占쏙옙첩 占쏙옙 占싱쇽옙 占쏙옙占쏙옙""],[""limit"",""monster""],[""action"",""65""],[""motion"",""1"",""2"",""none""]]",bango-file,jobsystem.dat,6430
占쏙옙 占쏙옙占쏙옙 占쏙옙占쏙옙,,,#n占쏙옙첩 占쏙옙 HP 占쏙옙占쏙옙,,,,,,,,,,,,,,monster-66,1,"[""monster""]","[""66""]",[],[],[],[],[],[],[],[],[],[],[],[],{},[],"[""skill"",[""key"",""monster-66""],[""name"",""占쏙옙 占쏙옙占쏙옙 占쏙옙占쏙옙""],[""desc"",""#n占쏙옙첩 占쏙옙 HP 占쏙옙占쏙옙""],[""limit"",""monster""],[""action"",""66""],[""motion"",""1"",""2"",""none""]]",bango-file,jobsystem.dat,6439
占쏙옙 占쏙옙풍,,,A,,,,,,,,,,,,,,monster-67,1,"[""monster""]","[""67""]",[],[],[],[],[],[],[],[],[],[],[],[],{},[],"[""skill"",[""key"",""monster-67""],[""name"",""占쏙옙 占쏙옙풍""],[""desc"",""A""],[""limit"",""monster""],[""action"",""67""],[""motion"",""1"",""2"",""none""]]",bango-file,jobsystem.dat,6449
占쏙옙占쏙옙占\xbd? 占쌕댐옙 占쏙옙占\xbd?,,,B,,,,,,,,,,,,,,monster-68,1,"[""monster""]","[""68""]",[],[],[],[],[],[],[],[],[],[],[],[],{},[],"[""skill"",[""key"",""monster-68""],[""name"",""占쏙옙占쏙옙占\\xbd? 占쌕댐옙 占쏙옙占\\xbd?""],[""desc"",""B""],[""limit"",""monster""],[""action"",""68""],[""motion"",""1"",""2"",""none""]]",bango-file,jobsystem.dat,6450
占쏙옙占쏙옙 占쏙옙占쏙옙占\xbd? 占쏙옙占쏙옙占쏙옙 占쏙옙占쏙옙치占쏙옙,,,C,,,,,,,,,,,,,,monster-69,1,"[""monster""]","[""69""]",[],[],[],[],[],[],[],[],[],[],[],[],{},[],"[""skill"",[""key"",""monster-69""],[""name"",""占쏙옙占쏙옙 占쏙옙占쏙옙占\\xbd? 占쏙옙占쏙옙占쏙옙 占쏙옙占쏙옙치占쏙옙""],[""desc"",""C""],[""limit"",""monster""],[""action"",""69""],[""motion"",""3"",""4"",""none""]]",bango-file,jobsystem.dat,6451
占썰병 占쏙옙占쏙옙 占쏙옙占쏙옙 占쏙옙환,,,D,,,,,,,,,,,,,,monster-70,1,"[""monster""]","[""70""]",[],[],[],[],[],[],[],[],[],[],[],[],{},[],"[""skill"",[""key"",""monster-70""],[""name"",""占썰병 占쏙옙占쏙옙 占쏙옙占쏙옙 占쏙옙환""],[""desc"",""D""],[""limit"",""monster""],[""action"",""70""],[""motion"",""5"",""6"",""none""]]",bango-file,jobsystem.dat,6452
占쏙옙占쏙옙 환占쌥쇽옙,,,E,,,,,,,,,,,,,,monster-71,1,"[""monster""]","[""71""]",[],[],[],[],[],[],[],[],[],[],[],[],{},[],"[""skill"",[""key"",""monster-71""],[""name"",""占쏙옙占쏙옙 환占쌥쇽옙""],[""desc"",""E""],[""limit"",""monster""],[""action"",""71""],[""motion"",""1"",""2"",""none""]]",bango-file,jobsystem.dat,6453
占쏙옙占쏙옙 占싸신쇽옙,,,F,,,,,,,,,,,,,,monster-72,1,"[""monster""]","[""72""]",[],[],[],[],[],[],[],[],[],[],[],[],{},[],"[""skill"",[""key"",""monster-72""],[""name"",""占쏙옙占쏙옙 占싸신쇽옙""],[""desc"",""F""],[""limit"",""monster""],[""action"",""72""],[""motion"",""1"",""2"",""none""]]",bango-file,jobsystem.dat,6454
황占쏙옙 占쏙옙치 占쏙옙占쏙옙치占쏙옙,,,G,,,,,,,,,,,,,,monster-73,1,"[""monster""]","[""73""]",[],[],[],[],[],[],[],[],[],[],[],[],{},[],"[""skill"",[""key"",""monster-73""],[""name"",""황占쏙옙 占쏙옙치 占쏙옙占쏙옙치占쏙옙""],[""desc"",""G""],[""limit"",""monster""],[""action"",""73""],[""motion"",""1"",""2"",""none""]]",bango-file,jobsystem.dat,6455
占쏙옙침 占쏙옙占쏙옙,,,H,,,,,,,,,,,,,,monster-74,1,"[""monster""]","[""74""]",[],[],[],[],[],[],[],[],[],[],[],[],{},[],"[""skill"",[""key"",""monster-74""],[""name"",""占쏙옙침 占쏙옙占쏙옙""],[""desc"",""H""],[""limit"",""monster""],[""action"",""74""],[""motion"",""3"",""4"",""none""]]",bango-file,jobsystem.dat,6456
占쏙옙占\xbd? 占썲군 占쏙옙환,,,I,,,,,,,,,,,,,,monster-75,1,"[""monster""]","[""75""]",[],[],[],[],[],[],[],[],[],[],[],[],{},[],"[""skill"",[""key"",""monster-75""],[""name"",""占쏙옙占\\xbd? 占썲군 占쏙옙환""],[""desc"",""I""],[""limit"",""monster""],[""action"",""75""],[""motion"",""5"",""6"",""none""]]",bango-file,jobsystem.dat,6457
占쏙옙占쏙옙 占쏙옙占쏙옙 창,,,J,,,,,,,,,,,,,,monster-76,1,"[""monster""]","[""76""]",[],[],[],[],[],[],[],[],[],[],[],[],{},[],"[""skill"",[""key"",""monster-76""],[""name"",""占쏙옙占쏙옙 占쏙옙占쏙옙 창""],[""desc"",""J""],[""limit"",""monster""],[""action"",""76""],[""motion"",""1"",""2"",""none""]]",bango-file,jobsystem.dat,6458
占썩마占쏙옙 占쏙옙占쏙옙 占쏙옙占쏙옙창,,,K,,,,,,,,,,,,,,monster-77,1,"[""monster""]","[""77""]",[],[],[],[],[],[],[],[],[],[],[],[],{},[],"[""skill"",[""key"",""monster-77""],[""name"",""占썩마占쏙옙 占쏙옙占쏙옙 占쏙옙占쏙옙창""],[""desc"",""K""],[""limit"",""monster""],[""action"",""77""],[""motion"",""1"",""2"",""none""]]",bango-file,jobsystem.dat,6459
占썩마占쏙옙 占쏙옙占쏙옙 占쏙옙占쏙옙 ,,,L,,,,,,,,,,,,,,monster-78,1,"[""monster""]","[""78""]",[],[],[],[],[],[],[],[],[],[],[],[],{},[],"[""skill"",[""key"",""monster-78""],[""name"",""占썩마占쏙옙 占쏙옙占쏙옙 占쏙옙占쏙옙 ""],[""desc"",""L""],[""limit"",""monster""],[""action"",""78""],[""motion"",""5"",""6"",""none""]]",bango-file,jobsystem.dat,6460
占썩마占쏙옙 占쏙옙占쏙옙 화占쏙옙 占쏙옙,,,M,,,,,,,,,,,,,,monster-79,1,"[""monster""]","[""79""]",[],[],[],[],[],[],[],[],[],[],[],[],{},[],"[""skill"",[""key"",""monster-79""],[""name"",""占썩마占쏙옙 占쏙옙占쏙옙 화占쏙옙 占쏙옙""],[""desc"",""M""],[""limit"",""monster""],[""action"",""79""],[""motion"",""3"",""4"",""none""]]",bango-file,jobsystem.dat,6461
占쏙옙창 占쏙옙환,,,A,,,,,,,,,,,,,,monster-80,1,"[""monster""]","[""80""]",[],[],[],[],[],[],[],[],[],[],[],[],{},[],"[""skill"",[""key"",""monster-80""],[""name"",""占쏙옙창 占쏙옙환""],[""desc"",""A""],[""limit"",""monster""],[""action"",""80""],[""motion"",""1"",""2"",""none""]]",bango-file,jobsystem.dat,6464
占쌀용돌占쏙옙,,,B,,,,,,,,,,,,,,monster-81,1,"[""monster""]","[""81""]",[],[],[],[],[],[],[],[],[],[],[],[],{},[],"[""skill"",[""key"",""monster-81""],[""name"",""占쌀용돌占쏙옙""],[""desc"",""B""],[""limit"",""monster""],[""action"",""81""],[""motion"",""3"",""4"",""none""]]",bango-file,jobsystem.dat,6465
천占쏙옙占쏙옙 占쏙옙환,,,C,,,,,,,,,,,,,,monster-82,1,"[""monster""]","[""82""]",[],[],[],[],[],[],[],[],[],[],[],[],{},[],"[""skill"",[""key"",""monster-82""],[""name"",""천占쏙옙占쏙옙 占쏙옙환""],[""desc"",""C""],[""limit"",""monster""],[""action"",""82""],[""motion"",""1"",""2"",""none""]]",bango-file,jobsystem.dat,6466
占쌩쏙옙회占쏙옙,,,D,,,,,,,,,,,,,,monster-83,1,"[""monster""]","[""83""]",[],[],[],[],[],[],[],[],[],[],[],[],{},[],"[""skill"",[""key"",""monster-83""],[""name"",""占쌩쏙옙회占쏙옙""],[""desc"",""D""],[""limit"",""monster""],[""action"",""83""],[""motion"",""3"",""4"",""none""]]",bango-file,jobsystem.dat,6467
占쏙옙占썸섬,,,E,,,,,,,,,,,,,,monster-84,1,"[""monster""]","[""84""]",[],[],[],[],[],[],[],[],[],[],[],[],{},[],"[""skill"",[""key"",""monster-84""],[""name"",""占쏙옙占썸섬""],[""desc"",""E""],[""limit"",""monster""],[""action"",""84""],[""motion"",""1"",""2"",""none""]]",bango-file,jobsystem.dat,6468
占쏙옙占썅선,,,F,,,,,,,,,,,,,,monster-85,1,"[""monster""]","[""85""]",[],[],[],[],[],[],[],[],[],[],[],[],{},[],"[""skill"",[""key"",""monster-85""],[""name"",""占쏙옙占썅선""],[""desc"",""F""],[""limit"",""monster""],[""action"",""85""],[""motion"",""3"",""4"",""none""]]",bango-file,jobsystem.dat,6469
占쏙옙占쏙옙풍,,,A,,,,,,,,,,,,,,monster-86,1,"[""monster""]","[""86""]",[],[],[],[],[],[],[],[],[],[],[],[],{},[],"[""skill"",[""key"",""monster-86""],[""name"",""占쏙옙占쏙옙풍""],[""desc"",""A""],[""limit"",""monster""],[""action"",""86""],[""motion"",""1"",""2"",""none""]]",bango-file,jobsystem.dat,6472
占쌀븝옙占쏙옙,,,B,,,,,,,,,,,,,,monster-87,1,"[""monster""]","[""87""]",[],[],[],[],[],[],[],[],[],[],[],[],{},[],"[""skill"",[""key"",""monster-87""],[""name"",""占쌀븝옙占쏙옙""],[""desc"",""B""],[""limit"",""monster""],[""action"",""87""],[""motion"",""1"",""2"",""none""]]",bango-file,jobsystem.dat,6473
占쏙옙占쏙옙占쏙옙,,,C,,,,,,,,,,,,,,monster-88,1,"[""monster""]","[""88""]",[],[],[],[],[],[],[],[],[],[],[],[],{},[],"[""skill"",[""key"",""monster-88""],[""name"",""占쏙옙占쏙옙占쏙옙""],[""desc"",""C""],[""limit"",""monster""],[""action"",""88""],[""motion"",""1"",""2"",""none""]]",bango-file,jobsystem.dat,6474
천占쌌븝옙占쏙옙,,,D,,,,,,,,,,,,,,monster-89,1,"[""monster""]","[""89""]",[],[],[],[],[],[],[],[],[],[],[],[],{},[],"[""skill"",[""key"",""monster-89""],[""name"",""천占쌌븝옙占쏙옙""],[""desc"",""D""],[""limit"",""monster""],[""action"",""89""],[""motion"",""1"",""2"",""none""]]",bango-file,jobsystem.dat,6475
占쏙옙占쏙옙 占싼몌옙,,,E,,,,,,,,,,,,,,monster-90,1,"[""monster""]","[""90""]",[],[],[],[],[],[],[],[],[],[],[],[],{},[],"[""skill"",[""key"",""monster-90""],[""name"",""占쏙옙占쏙옙 占싼몌옙""],[""desc"",""E""],[""limit"",""monster""],[""action"",""90""],[""motion"",""1"",""2"",""none""]]",bango-file,jobsystem.dat,6476
화占쏙옙占\xbd?,,,A,,,,,,,,,,,,,,monster-231,1,"[""monster""]","[""91""]",[],[],[],[],[],[],[],[],[],[],[],[],{},[],"[""skill"",[""key"",""monster-231""],[""name"",""화占쏙옙占\\xbd?""],[""desc"",""A""],[""limit"",""monster""],[""action"",""91""],[""motion"",""1"",""2"",""none""]]",bango-file,jobsystem.dat,6480
화占쏙옙占싻삼옙,,,B,,,,,,,,,,,,,,monster-232,1,"[""monster""]","[""92""]",[],[],[],[],[],[],[],[],[],[],[],[],{},[],"[""skill"",[""key"",""monster-232""],[""name"",""화占쏙옙占싻삼옙""],[""desc"",""B""],[""limit"",""monster""],[""action"",""92""],[""motion"",""1"",""2"",""none""]]",bango-file,jobsystem.dat,6481
占쏙옙占쏙옙占쏙옙占쏙옙,,,C,,,,,,,,,,,,,,monster-233,1,"[""monster""]","[""93""]",[],[],[],[],[],[],[],[],[],[],[],[],{},[],"[""skill"",[""key"",""monster-233""],[""name"",""占쏙옙占쏙옙占쏙옙占쏙옙""],[""desc"",""C""],[""limit"",""monster""],[""action"",""93""],[""motion"",""1"",""2"",""none""]]",bango-file,jobsystem.dat,6482
占쏙옙占쏙옙占쏙옙占쏙옙,,,占쏙옙占쏙옙 占쏙옙占쏙옙 占쏙옙占쏙옙,,,,,,,,,,,,,,monster-96,1,"[""monster""]","[""96""]",[],[],[],[],[],[],[],[],[],[],[],[],{},[],"[""skill"",[""key"",""monster-96""],[""name"",""占쏙옙占쏙옙占쏙옙占쏙옙""],[""desc"",""占쏙옙占쏙옙 占쏙옙占쏙옙 占쏙옙占쏙옙""],[""limit"",""monster""],[""action"",""96""],[""motion"",""5"",""6"",""none""]]",bango-file,jobsystem.dat,6485
占쏙옙占쏙옙풍,,,占쏙옙占쏙옙 占쏙옙占쏙옙 占쏙옙占쏙옙,,,,,,,,,,,,,,monster-97,1,"[""monster""]","[""97""]",[],[],[],[],[],[],[],[],[],[],[],[],{},[],"[""skill"",[""key"",""monster-97""],[""name"",""占쏙옙占쏙옙풍""],[""desc"",""占쏙옙占쏙옙 占쏙옙占쏙옙 占쏙옙占쏙옙""],[""limit"",""monster""],[""action"",""97""],[""motion"",""3"",""4"",""none""]]",bango-file,jobsystem.dat,6486
占쏙옙占쏙옙풍,,,占쏙옙占쏙옙 占쏙옙占쏙옙 占쏙옙占쏙옙,,,,,,,,,,,,,,monster-98,1,"[""monster""]","[""98""]",[],[],[],[],[],[],[],[],[],[],[],[],{},[],"[""skill"",[""key"",""monster-98""],[""name"",""占쏙옙占쏙옙풍""],[""desc"",""占쏙옙占쏙옙 占쏙옙占쏙옙 占쏙옙占쏙옙""],[""limit"",""monster""],[""action"",""98""],[""motion"",""1"",""2"",""none""]]",bango-file,jobsystem.dat,6487
화占쏙옙占쏙옙풍,,,占쏙옙占쏙옙 占쏙옙占쏙옙 占쏙옙占쏙옙,,,,,,,,,,,,,,monster-99,1,"[""monster""]","[""99""]",[],[],[],[],[],[],[],[],[],[],[],[],{},[],"[""skill"",[""key"",""monster-99""],[""name"",""화占쏙옙占쏙옙풍""],[""desc"",""占쏙옙占쏙옙 占쏙옙占쏙옙 占쏙옙占쏙옙""],[""limit"",""monster""],[""action"",""99""],[""motion"",""1"",""2"",""none""]]",bango-file,jobsystem.dat,6489
占쌀바댐옙,,,占쏙옙占쏙옙 占쏙옙占쏙옙 占쏙옙占쏙옙,,,,,,,,,,,,,,monster-100,1,"[""monster""]","[""100""]",[],[],[],[],[],[],[],[],[],[],[],[],{},[],"[""skill"",[""key"",""monster-100""],[""name"",""占쌀바댐옙""],[""desc"",""占쏙옙占쏙옙 占쏙옙占쏙옙 占쏙옙占쏙옙""],[""limit"",""monster""],[""action"",""100""],[""motion"",""5"",""6"",""none""]]",bango-file,jobsystem.dat,6490
占쏙옙占쏙옙占쏙옙화占쏙옙占쏙옙,,,占쏙옙占쏙옙 占쏙옙占쏙옙 占쏙옙占쏙옙,,,,,,,,,,,,,,monster-101,1,"[""monster""]","[""101""]",[],[],[],[],[],[],[],[],[],[],[],[],{},[],"[""skill"",[""key"",""monster-101""],[""name"",""占쏙옙占쏙옙占쏙옙화占쏙옙占쏙옙""],[""desc"",""占쏙옙占쏙옙 占쏙옙占쏙옙 占쏙옙占쏙옙""],[""limit"",""monster""],[""action"",""101""],[""motion"",""3"",""4"",""none""]]",bango-file,jobsystem.dat,6491
占쏙옙占쏙옙占쏙옙풍,,,占쏙옙占쏙옙 占쏙옙占쏙옙 占쏙옙占쏙옙,,,,,,,,,,,,,,monster-102,1,"[""monster""]","[""102""]",[],[],[],[],[],[],[],[],[],[],[],[],{},[],"[""skill"",[""key"",""monster-102""],[""name"",""占쏙옙占쏙옙占쏙옙풍""],[""desc"",""占쏙옙占쏙옙 占쏙옙占쏙옙 占쏙옙占쏙옙""],[""limit"",""monster""],[""action"",""102""],[""motion"",""1"",""2"",""none""]]",bango-file,jobsystem.dat,6493
占쏙옙占쏙옙화占쏙옙,,,占쏙옙占쏙옙 占쏙옙占쏙옙 占쏙옙占쏙옙,,,,,,,,,,,,,,monster-103,1,"[""monster""]","[""103""]",[],[],[],[],[],[],[],[],[],[],[],[],{},[],"[""skill"",[""key"",""monster-103""],[""name"",""占쏙옙占쏙옙화占쏙옙""],[""desc"",""占쏙옙占쏙옙 占쏙옙占쏙옙 占쏙옙占쏙옙""],[""limit"",""monster""],[""action"",""103""],[""motion"",""3"",""4"",""none""]]",bango-file,jobsystem.dat,6494
占쌈뱄옙,,,占쏙옙占쏙옙 占쏙옙占쏙옙 占쏙옙占쏙옙,,,,,,,,,,,,,,monster-104,1,"[""monster""]","[""104""]",[],[],[],[],[],[],[],[],[],[],[],[],{},[],"[""skill"",[""key"",""monster-104""],[""name"",""占쌈뱄옙""],[""desc"",""占쏙옙占쏙옙 占쏙옙占쏙옙 占쏙옙占쏙옙""],[""limit"",""monster""],[""action"",""104""],[""motion"",""5"",""6"",""none""]]",bango-file,jobsystem.dat,6495
占쏙옙占쏙옙占쏙옙풍,,,占쏙옙占쏙옙 占쏙옙占쏙옙 占쏙옙占쏙옙,,,,,,,,,,,,,,monster-105,1,"[""monster""]","[""105""]",[],[],[],[],[],[],[],[],[],[],[],[],{},[],"[""skill"",[""key"",""monster-105""],[""name"",""占쏙옙占쏙옙占쏙옙풍""],[""desc"",""占쏙옙占쏙옙 占쏙옙占쏙옙 占쏙옙占쏙옙""],[""limit"",""monster""],[""action"",""105""],[""motion"",""1"",""2"",""none""]]",bango-file,jobsystem.dat,6497
占쏙옙占쏙옙占쏙옙占쏙옙,,,占쏙옙占쏙옙 占쏙옙占쏙옙 占쏙옙占쏙옙,,,,,,,,,,,,,,monster-106,1,"[""monster""]","[""106""]",[],[],[],[],[],[],[],[],[],[],[],[],{},[],"[""skill"",[""key"",""monster-106""],[""name"",""占쏙옙占쏙옙占쏙옙占쏙옙""],[""desc"",""占쏙옙占쏙옙 占쏙옙占쏙옙 占쏙옙占쏙옙""],[""limit"",""monster""],[""action"",""106""],[""motion"",""3"",""4"",""none""]]",bango-file,jobsystem.dat,6498
占쏙옙占쏙옙占쏙옙,,,占쏙옙占쏙옙 占쏙옙占쏙옙 占쏙옙占쏙옙,,,,,,,,,,,,,,monster-107,1,"[""monster""]","[""107""]",[],[],[],[],[],[],[],[],[],[],[],[],{},[],"[""skill"",[""key"",""monster-107""],[""name"",""占쏙옙占쏙옙占쏙옙""],[""desc"",""占쏙옙占쏙옙 占쏙옙占쏙옙 占쏙옙占쏙옙""],[""limit"",""monster""],[""action"",""107""],[""motion"",""5"",""6"",""none""]]",bango-file,jobsystem.dat,6499
占싼몌옙占쏙옙占쏙옙,,,占쏙옙占쏙옙占쏙옙 占쏙옙占쏙옙 占쏙옙占쏙옙,,,,,,,,,,,,,,monster-108,1,"[""monster""]","[""108""]",[],[],[],[],[],[],[],[],[],[],[],[],{},[],"[""skill"",[""key"",""monster-108""],[""name"",""占싼몌옙占쏙옙占쏙옙""],[""desc"",""占쏙옙占쏙옙占쏙옙 占쏙옙占쏙옙 占쏙옙占쏙옙""],[""limit"",""monster""],[""action"",""108""],[""motion"",""1"",""2"",""none""]]",bango-file,jobsystem.dat,6501
占싼몌옙채占쏙옙,,,占쏙옙占쏙옙占쏙옙 占쏙옙占쏙옙 占쏙옙占쏙옙,,,,,,,,,,,,,,monster-109,1,"[""monster""]","[""109""]",[],[],[],[],[],[],[],[],[],[],[],[],{},[],"[""skill"",[""key"",""monster-109""],[""name"",""占싼몌옙채占쏙옙""],[""desc"",""占쏙옙占쏙옙占쏙옙 占쏙옙占쏙옙 占쏙옙占쏙옙""],[""limit"",""monster""],[""action"",""109""],[""motion"",""3"",""4"",""none""]]",bango-file,jobsystem.dat,6502
占싱속곤옙占쏙옙,,,占쏙옙占쏙옙占쏙옙 占쏙옙占쏙옙 占쏙옙占쏙옙,,,,,,,,,,,,,,monster-110,1,"[""monster""]","[""110""]",[],[],[],[],[],[],[],[],[],[],[],[],{},[],"[""skill"",[""key"",""monster-110""],[""name"",""占싱속곤옙占쏙옙""],[""desc"",""占쏙옙占쏙옙占쏙옙 占쏙옙占쏙옙 占쏙옙占쏙옙""],[""limit"",""monster""],[""action"",""110""],[""motion"",""5"",""6"",""none""]]",bango-file,jobsystem.dat,6503
占쏙옙占쏙옙 占쏙옙占쏙옙,,,占쏙옙占\xbd? 占쌔곤옙 占쏙옙占쏙옙,,,,,,,,,,,,,,monster-111,1,"[""monster""]","[""111""]",[],[],[],[],[],[],[],[],[],[],[],[],{},[],"[""skill"",[""key"",""monster-111""],[""name"",""占쏙옙占쏙옙 占쏙옙占쏙옙""],[""desc"",""占쏙옙占\\xbd? 占쌔곤옙 占쏙옙占쏙옙""],[""limit"",""monster""],[""action"",""111""],[""motion"",""0"",""1"",""none""]]",bango-file,jobsystem.dat,6505
占쏙옙청占쏙옙,,,占쌔곤옙 占쏙옙占쏙옙,,,,,,,,,,,,,,monster-112,1,"[""monster""]","[""112""]",[],[],[],[],[],[],[],[],[],[],[],[],{},[],"[""skill"",[""key"",""monster-112""],[""name"",""占쏙옙청占쏙옙""],[""desc"",""占쌔곤옙 占쏙옙占쏙옙""],[""limit"",""monster""],[""action"",""112""],[""motion"",""1"",""2"",""none""]]",bango-file,jobsystem.dat,6507
占쏙옙占쏙림,,,占쌔곤옙 占쏙옙占쏙옙,,,,,,,,,,,,,,monster-113,1,"[""monster""]","[""113""]",[],[],[],[],[],[],[],[],[],[],[],[],{},[],"[""skill"",[""key"",""monster-113""],[""name"",""占쏙옙占쏙림""],[""desc"",""占쌔곤옙 占쏙옙占쏙옙""],[""limit"",""monster""],[""action"",""113""],[""motion"",""0"",""3"",""none""]]",bango-file,jobsystem.dat,6508
占쏙옙占쏙옙占\xbd? 占쏙옙占쏙옙,,,占쏙옙占싱쏙옙,,,,,,,,,,,,,,monster-114,1,"[""monster""]","[""114""]",[],[],[],[],[],[],[],[],[],[],[],[],{},[],"[""skill"",[""key"",""monster-114""],[""name"",""占쏙옙占쏙옙占\\xbd? 占쏙옙占쏙옙""],[""desc"",""占쏙옙占싱쏙옙""],[""limit"",""monster""],[""action"",""114""],[""motion"",""0"",""1"",""none""]]",bango-file,jobsystem.dat,6510
占쏙옙占쏙옙,,,占쏙옙占싱쏙옙,,,,,,,,,,,,,,monster-115,1,"[""monster""]","[""115""]",[],[],[],[],[],[],[],[],[],[],[],[],{},[],"[""skill"",[""key"",""monster-115""],[""name"",""占쏙옙占쏙옙""],[""desc"",""占쏙옙占싱쏙옙""],[""limit"",""monster""],[""action"",""115""],[""motion"",""0"",""2"",""none""]]",bango-file,jobsystem.dat,6511
占쏙옙占쏙옙,,,占싹띰옙占싱억옙占쏙옙 占쏙옙호占쏙옙,,,,,,,,,,,,,,monster-116,1,"[""monster""]","[""116""]",[],[],[],[],[],[],[],[],[],[],[],[],{},[],"[""skill"",[""key"",""monster-116""],[""name"",""占쏙옙占쏙옙""],[""desc"",""占싹띰옙占싱억옙占쏙옙 占쏙옙호占쏙옙""],[""limit"",""monster""],[""action"",""116""],[""motion"",""0"",""1"",""none""]]",bango-file,jobsystem.dat,6513
占쏙옙占쏙림,,,占싹띰옙占싱억옙占쏙옙 占쏙옙호占쏙옙,,,,,,,,,,,,,,monster-117,1,"[""monster""]","[""117""]",[],[],[],[],[],[],[],[],[],[],[],[],{},[],"[""skill"",[""key"",""monster-117""],[""name"",""占쏙옙占쏙림""],[""desc"",""占싹띰옙占싱억옙占쏙옙 占쏙옙호占쏙옙""],[""limit"",""monster""],[""action"",""117""],[""motion"",""0"",""2"",""none""]]",bango-file,jobsystem.dat,6514
占쏙옙占쏙옙占\xbd? 占쏙옙占쏙옙,,,占싹띰옙占싱억옙占쏙옙 占쏙옙호占쏙옙,,,,,,,,,,,,,,monster-118,1,"[""monster""]","[""118""]",[],[],[],[],[],[],[],[],[],[],[],[],{},[],"[""skill"",[""key"",""monster-118""],[""name"",""占쏙옙占쏙옙占\\xbd? 占쏙옙占쏙옙""],[""desc"",""占싹띰옙占싱억옙占쏙옙 占쏙옙호占쏙옙""],[""limit"",""monster""],[""action"",""118""],[""motion"",""0"",""3"",""none""]]",bango-file,jobsystem.dat,6515
占쏙옙占쏙옙,,,占싹띰옙占싱억옙占쏙옙 占쏙옙호占쏙옙,,,,,,,,,,,,,,monster-119,1,"[""monster""]","[""119""]",[],[],[],[],[],[],[],[],[],[],[],[],{},[],"[""skill"",[""key"",""monster-119""],[""name"",""占쏙옙占쏙옙""],[""desc"",""占싹띰옙占싱억옙占쏙옙 占쏙옙호占쏙옙""],[""limit"",""monster""],[""action"",""119""],[""motion"",""0"",""4"",""none""]]",bango-file,jobsystem.dat,6516
占쌀바댐옙,,,占싹띰옙占싱억옙占쏙옙 占쏙옙호占쏙옙,,,,,,,,,,,,,,monster-120,1,"[""monster""]","[""120""]",[],[],[],[],[],[],[],[],[],[],[],[],{},[],"[""skill"",[""key"",""monster-120""],[""name"",""占쌀바댐옙""],[""desc"",""占싹띰옙占싱억옙占쏙옙 占쏙옙호占쏙옙""],[""limit"",""monster""],[""action"",""120""],[""motion"",""5"",""6"",""none""]]",bango-file,jobsystem.dat,6517
占쏙옙占쏙옙占쏙옙占쏙옙 占쏙옙占쏙옙 짝占쏙옙,,,占싹띰옙占싱억옙 占쏙옙환占쏙옙-占쏙옙占쏙옙占쏙옙,,,,,,,,,,,,,,monster-121,1,"[""monster""]","[""121""]",[],[],[],[],[],[],[],[],[],[],[],[],{},[],"[""skill"",[""key"",""monster-121""],[""name"",""占쏙옙占쏙옙占쏙옙占쏙옙 占쏙옙占쏙옙 짝占쏙옙""],[""desc"",""占싹띰옙占싱억옙 占쏙옙환占쏙옙-占쏙옙占쏙옙占쏙옙""],[""limit"",""monster""],[""action"",""121""],[""motion"",""1"",""2"",""none""]]",bango-file,jobsystem.dat,6519
占쏙옙占쏙옙占쏙옙 칼占쏙옙,,,占싹띰옙占싱억옙 占쏙옙환占쏙옙-占쏙옙占쏙옙占쏙옙,,,,,,,,,,,,,,monster-122,1,"[""monster""]","[""122""]",[],[],[],[],[],[],[],[],[],[],[],[],{},[],"[""skill"",[""key"",""monster-122""],[""name"",""占쏙옙占쏙옙占쏙옙 칼占쏙옙""],[""desc"",""占싹띰옙占싱억옙 占쏙옙환占쏙옙-占쏙옙占쏙옙占쏙옙""],[""limit"",""monster""],[""action"",""122""],[""motion"",""3"",""4"",""none""]]",bango-file,jobsystem.dat,6520
占싣몌옙占쌓띰옙,,,占싹띰옙占싱억옙 占쏙옙환占쏙옙-占쏙옙占쏙옙占쏙옙,,,,,,,,,,,,,,monster-123,1,"[""monster""]","[""123""]",[],[],[],[],[],[],[],[],[],[],[],[],{},[],"[""skill"",[""key"",""monster-123""],[""name"",""占싣몌옙占쌓띰옙""],[""desc"",""占싹띰옙占싱억옙 占쏙옙환占쏙옙-占쏙옙占쏙옙占쏙옙""],[""limit"",""monster""],[""action"",""123""],[""motion"",""0"",""5"",""none""]]",bango-file,jobsystem.dat,6521
占쏙옙占쏙옙,,,占싹띰옙占싱억옙 占쏙옙환占쏙옙-占쏙옙占쏙옙占\xbd?,,,,,,,,,,,,,,monster-124,1,"[""monster""]","[""124""]",[],[],[],[],[],[],[],[],[],[],[],[],{},[],"[""skill"",[""key"",""monster-124""],[""name"",""占쏙옙占쏙옙""],[""desc"",""占싹띰옙占싱억옙 占쏙옙환占쏙옙-占쏙옙占쏙옙占\\xbd?""],[""limit"",""monster""],[""action"",""124""],[""motion"",""0"",""1"",""none""]]",bango-file,jobsystem.dat,6523
占쏙옙호占쏙옙 占쏙옙환,,,占싹띰옙占싱억옙 占쏙옙환占쏙옙-占쏙옙占쏙옙占\xbd?,,,,,,,,,,,,,,monster-125,1,"[""monster""]","[""125""]",[],[],[],[],[],[],[],[],[],[],[],[],{},[],"[""skill"",[""key"",""monster-125""],[""name"",""占쏙옙호占쏙옙 占쏙옙환""],[""desc"",""占싹띰옙占싱억옙 占쏙옙환占쏙옙-占쏙옙占쏙옙占\\xbd?""],[""limit"",""monster""],[""action"",""125""],[""motion"",""2"",""3"",""none""]]",bango-file,jobsystem.dat,6524
"占쏙옙占쏙옙占\xbd?-占싱쇽옙, 회占쏙옙",,,占싹띰옙占싱억옙 占쏙옙환占쏙옙-占쏙옙占쏙옙占\xbd?,,,,,,,,,,,,,,monster-126,1,"[""monster""]","[""126""]",[],[],[],[],[],[],[],[],[],[],[],[],{},[],"[""skill"",[""key"",""monster-126""],[""name"",""占쏙옙占쏙옙占\\xbd?-占싱쇽옙, 회占쏙옙""],[""desc"",""占싹띰옙占싱억옙 占쏙옙환占쏙옙-占쏙옙占쏙옙占\\xbd?""],[""limit"",""monster""],[""action"",""126""],[""motion"",""6"",""7"",""none""]]",bango-file,jobsystem.dat,6525
占쏙옙占쏙옙占쏙옙 占쏙옙환,,,占싹띰옙占싱억옙 占쏙옙환占쏙옙-占쏙옙占쏙옙占\xbd?,,,,,,,,,,,,,,monster-127,1,"[""monster""]","[""127""]",[],[],[],[],[],[],[],[],[],[],[],[],{},[],"[""skill"",[""key"",""monster-127""],[""name"",""占쏙옙占쏙옙占쏙옙 占쏙옙환""],[""desc"",""占싹띰옙占싱억옙 占쏙옙환占쏙옙-占쏙옙占쏙옙占\\xbd?""],[""limit"",""monster""],[""action"",""127""],[""motion"",""4"",""5"",""none""]]",bango-file,jobsystem.dat,6526
占쏙옙화,,,占싹띰옙占싱억옙占쏙옙 占쏙옙혼,,,,,,,,,,,,,,monster-128,1,"[""monster""]","[""128""]",[],[],[],[],[],[],[],[],[],[],[],[],{},[],"[""skill"",[""key"",""monster-128""],[""name"",""占쏙옙화""],[""desc"",""占싹띰옙占싱억옙占쏙옙 占쏙옙혼""],[""limit"",""monster""],[""action"",""128""],[""motion"",""0"",""1"",""none""]]",bango-file,jobsystem.dat,6528
占쏙옙환,,,占싹띰옙占싱억옙占쏙옙 占쏙옙혼,,,,,,,,,,,,,,monster-129,1,"[""monster""]","[""129""]",[],[],[],[],[],[],[],[],[],[],[],[],{},[],"[""skill"",[""key"",""monster-129""],[""name"",""占쏙옙환""],[""desc"",""占싹띰옙占싱억옙占쏙옙 占쏙옙혼""],[""limit"",""monster""],[""action"",""129""],[""motion"",""2"",""3"",""none""]]",bango-file,jobsystem.dat,6529
占쏙옙호占쏙옙,,,占싹띰옙占싱억옙占쏙옙 占쏙옙혼,,,,,,,,,,,,,,monster-130,1,"[""monster""]","[""130""]",[],[],[],[],[],[],[],[],[],[],[],[],{},[],"[""skill"",[""key"",""monster-130""],[""name"",""占쏙옙호占쏙옙""],[""desc"",""占싹띰옙占싱억옙占쏙옙 占쏙옙혼""],[""limit"",""monster""],[""action"",""130""],[""motion"",""4"",""5"",""none""]]",bango-file,jobsystem.dat,6530
占쏙옙占쏙옙 占쏙옙화(占쏙옙占쏙옙),,,占싹띰옙占싱억옙占쏙옙 占쏙옙혼,,,,,,,,,,,,,,monster-131,1,"[""monster""]","[""131""]",[],[],[],[],[],[],[],[],[],[],[],[],{},[],"[""skill"",[""key"",""monster-131""],[""name"",""占쏙옙占쏙옙 占쏙옙화(占쏙옙占쏙옙)""],[""desc"",""占싹띰옙占싱억옙占쏙옙 占쏙옙혼""],[""limit"",""monster""],[""action"",""131""],[""motion"",""0"",""6"",""none""]]",bango-file,jobsystem.dat,6531
占쏙옙占쏙옙 占쏙옙화(占쏙옙占\xbd?),,,占싹띰옙占싱억옙占쏙옙 占쏙옙혼,,,,,,,,,,,,,,monster-132,1,"[""monster""]","[""132""]",[],[],[],[],[],[],[],[],[],[],[],[],{},[],"[""skill"",[""key"",""monster-132""],[""name"",""占쏙옙占쏙옙 占쏙옙화(占쏙옙占\\xbd?)""],[""desc"",""占싹띰옙占싱억옙占쏙옙 占쏙옙혼""],[""limit"",""monster""],[""action"",""132""],[""motion"",""0"",""7"",""none""]]",bango-file,jobsystem.dat,6532
占쎌슨 칼占쏙옙,,,회占쏙옙 칼占쏙옙,,,,,,,,,,,,,,monster-134,1,"[""monster""]","[""134""]",[],[],[],[],[],[],[],[],[],[],[],[],{},[],"[""skill"",[""key"",""monster-134""],[""name"",""占쎌슨 칼占쏙옙""],[""desc"",""회占쏙옙 칼占쏙옙""],[""limit"",""monster""],[""action"",""134""],[""motion"",""0"",""2"",""none""]]",bango-file,jobsystem.dat,6534
占쏙옙占쏙옙 占쏙옙占쏙옙,,,占쏙옙占쏙옙占쏙옙 占쏙옙占쏙옙,,,,,,,,,,,,,,monster-135,1,"[""monster""]","[""135""]",[],[],[],[],[],[],[],[],[],[],[],[],{},[],"[""skill"",[""key"",""monster-135""],[""name"",""占쏙옙占쏙옙 占쏙옙占쏙옙""],[""desc"",""占쏙옙占쏙옙占쏙옙 占쏙옙占쏙옙""],[""limit"",""monster""],[""action"",""135""],[""motion"",""1"",""2"",""none""]]",bango-file,jobsystem.dat,6535
占쏙옙占쏙옙占\xbd?,,,占쏙옙占쏙옙占\xbd? 占쏙옙혼,,,,,,,,,,,,,,monster-136,1,"[""monster""]","[""136""]",[],[],[],[],[],[],[],[],[],[],[],[],{},[],"[""skill"",[""key"",""monster-136""],[""name"",""占쏙옙占쏙옙占\\xbd?""],[""desc"",""占쏙옙占쏙옙占\\xbd? 占쏙옙혼""],[""limit"",""monster""],[""action"",""136""],[""motion"",""1"",""2"",""none""]]",bango-file,jobsystem.dat,6536
占쏙옙철화占쏙옙,,,占쏙옙占\xbd? 화占쏙옙,,,,,,,,,,,,,,monster-137,1,"[""monster""]","[""137""]",[],[],[],[],[],[],[],[],[],[],[],[],{},[],"[""skill"",[""key"",""monster-137""],[""name"",""占쏙옙철화占쏙옙""],[""desc"",""占쏙옙占\\xbd? 화占쏙옙""],[""limit"",""monster""],[""action"",""137""],[""motion"",""1"",""2"",""none""]]",bango-file,jobsystem.dat,6537
화占쏙옙 占싻삼옙,,,占쏙옙占쏙옙 화占쏙옙,,,,,,,,,,,,,,monster-138,1,"[""monster""]","[""138""]",[],[],[],[],[],[],[],[],[],[],[],[],{},[],"[""skill"",[""key"",""monster-138""],[""name"",""화占쏙옙 占싻삼옙""],[""desc"",""占쏙옙占쏙옙 화占쏙옙""],[""limit"",""monster""],[""action"",""138""],[""motion"",""1"",""2"",""none""]]",bango-file,jobsystem.dat,6538
화占쏙옙 占싻쇽옙,,,화占쏙옙 占싻쇽옙,,,,,,,,,,,,,,monster-139,1,"[""monster""]","[""139""]",[],[],[],[],[],[],[],[],[],[],[],[],{},[],"[""skill"",[""key"",""monster-139""],[""name"",""화占쏙옙 占싻쇽옙""],[""desc"",""화占쏙옙 占싻쇽옙""],[""limit"",""monster""],[""action"",""139""],[""motion"",""0"",""2"",""none""]]",bango-file,jobsystem.dat,6539
占쏙옙占쏙옙 占싻쇽옙,,,占쏙옙占쏙옙 占싻쇽옙,,,,,,,,,,,,,,monster-140,1,"[""monster""]","[""140""]",[],[],[],[],[],[],[],[],[],[],[],[],{},[],"[""skill"",[""key"",""monster-140""],[""name"",""占쏙옙占쏙옙 占싻쇽옙""],[""desc"",""占쏙옙占쏙옙 占싻쇽옙""],[""limit"",""monster""],[""action"",""140""],[""motion"",""0"",""2"",""none""]]",bango-file,jobsystem.dat,6540
占쏙옙占쏙옙 占싻쇽옙,,,占쏙옙占쏙옙 占싻쇽옙,,,,,,,,,,,,,,monster-141,1,"[""monster""]","[""141""]",[],[],[],[],[],[],[],[],[],[],[],[],{},[],"[""skill"",[""key"",""monster-141""],[""name"",""占쏙옙占쏙옙 占싻쇽옙""],[""desc"",""占쏙옙占쏙옙 占싻쇽옙""],[""limit"",""monster""],[""action"",""141""],[""motion"",""0"",""2"",""none""]]",bango-file,jobsystem.dat,6541
占쏙옙치 占싱듸옙,,,占쏙옙치 占싱듸옙占쏙옙,,,,,,,,,,,,,,monster-142,1,"[""monster""]","[""142""]",[],[],[],[],[],[],[],[],[],[],[],[],{},[],"[""skill"",[""key"",""monster-142""],[""name"",""占쏙옙치 占싱듸옙""],[""desc"",""占쏙옙치 占싱듸옙占쏙옙""],[""limit"",""monster""],[""action"",""142""],[""motion"",""0"",""2"",""none""]]",bango-file,jobsystem.dat,6542
占쏙옙占싶쇽옙환,,,占쏙옙환占쏙옙,,,,,,,,,,,,,,monster-143,1,"[""monster""]","[""143""]",[],[],[],[],[],[],[],[],[],[],[],[],{},[],"[""skill"",[""key"",""monster-143""],[""name"",""占쏙옙占싶쇽옙환""],[""desc"",""占쏙옙환占쏙옙""],[""limit"",""monster""],[""action"",""143""],[""motion"",""0"",""2"",""none""]]",bango-file,jobsystem.dat,6543
占쏙옙占쏙옙,,,占쏙옙占쏙옙占쏙옙 占쏙옙占쏙옙占쏙옙,,,,,,,,,,,,,,monster-144,1,"[""monster""]","[""144""]",[],[],[],[],[],[],[],[],[],[],[],[],{},[],"[""skill"",[""key"",""monster-144""],[""name"",""占쏙옙占쏙옙""],[""desc"",""占쏙옙占쏙옙占쏙옙 占쏙옙占쏙옙占쏙옙""],[""limit"",""monster""],[""action"",""144""],[""motion"",""1"",""2"",""none""]]",bango-file,jobsystem.dat,6544
占식욕감占쏙옙,,,占쏙옙占쏙옙占쏙옙 占쏙옙占쏙옙占쏙옙,,,,,,,,,,,,,,monster-145,1,"[""monster""]","[""145""]",[],[],[],[],[],[],[],[],[],[],[],[],{},[],"[""skill"",[""key"",""monster-145""],[""name"",""占식욕감占쏙옙""],[""desc"",""占쏙옙占쏙옙占쏙옙 占쏙옙占쏙옙占쏙옙""],[""limit"",""monster""],[""action"",""145""],[""motion"",""3"",""4"",""none""]]",bango-file,jobsystem.dat,6545
占쏙옙占쏙옙占쌀바댐옙,,,占쏙옙占쏙옙占쏙옙 占쏙옙占쏙옙占쏙옙,,,,,,,,,,,,,,monster-146,1,"[""monster""]","[""146""]",[],[],[],[],[],[],[],[],[],[],[],[],{},[],"[""skill"",[""key"",""monster-146""],[""name"",""占쏙옙占쏙옙占쌀바댐옙""],[""desc"",""占쏙옙占쏙옙占쏙옙 占쏙옙占쏙옙占쏙옙""],[""limit"",""monster""],[""action"",""146""],[""motion"",""5"",""6"",""none""]]",bango-file,jobsystem.dat,6546
占쏙옙占쏙옙,,,占쏙옙占\xbd? 占쌔곤옙 占쏙옙占쏙옙,,,,,,,,,,,,,,monster-155,1,"[""monster""]","[""155""]",[],[],[],[],[],[],[],[],[],[],[],[],{},[],"[""skill"",[""key"",""monster-155""],[""name"",""占쏙옙占쏙옙""],[""desc"",""占쏙옙占\\xbd? 占쌔곤옙 占쏙옙占쏙옙""],[""limit"",""monster""],[""action"",""155""],[""motion"",""0"",""1"",""none""]]",bango-file,jobsystem.dat,6550
占쏙옙占\xbd?,,,占쏙옙占\xbd? 占쌔곤옙 占쏙옙占쏙옙,,,,,,,,,,,,,,monster-156,1,"[""monster""]","[""156""]",[],[],[],[],[],[],[],[],[],[],[],[],{},[],"[""skill"",[""key"",""monster-156""],[""name"",""占쏙옙占\\xbd?""],[""desc"",""占쏙옙占\\xbd? 占쌔곤옙 占쏙옙占쏙옙""],[""limit"",""monster""],[""action"",""156""],[""motion"",""1"",""2"",""none""]]",bango-file,jobsystem.dat,6553
占쏙옙占쏙림,,,占쏙옙占\xbd? 占쌔곤옙 占쏙옙占쏙옙,,,,,,,,,,,,,,monster-157,1,"[""monster""]","[""157""]",[],[],[],[],[],[],[],[],[],[],[],[],{},[],"[""skill"",[""key"",""monster-157""],[""name"",""占쏙옙占쏙림""],[""desc"",""占쏙옙占\\xbd? 占쌔곤옙 占쏙옙占쏙옙""],[""limit"",""monster""],[""action"",""157""],[""motion"",""0"",""1"",""none""]]",bango-file,jobsystem.dat,6554
占쏙옙占쏙옙占\xbd? 占쏙옙占쏙옙,,,占쏙옙占\xbd? 占쏙옙占싱쏙옙,,,,,,,,,,,,,,monster-158,1,"[""monster""]","[""158""]",[],[],[],[],[],[],[],[],[],[],[],[],{},[],"[""skill"",[""key"",""monster-158""],[""name"",""占쏙옙占쏙옙占\\xbd? 占쏙옙占쏙옙""],[""desc"",""占쏙옙占\\xbd? 占쏙옙占싱쏙옙""],[""limit"",""monster""],[""action"",""158""],[""motion"",""0"",""1"",""none""]]",bango-file,jobsystem.dat,6557
占쏙옙占쏙옙,,,占쏙옙占\xbd? 占쏙옙占싱쏙옙,,,,,,,,,,,,,,monster-159,1,"[""monster""]","[""159""]",[],[],[],[],[],[],[],[],[],[],[],[],{},[],"[""skill"",[""key"",""monster-159""],[""name"",""占쏙옙占쏙옙""],[""desc"",""占쏙옙占\\xbd? 占쏙옙占싱쏙옙""],[""limit"",""monster""],[""action"",""159""],[""motion"",""0"",""2"",""none""]]",bango-file,jobsystem.dat,6558
占쏙옙占쏙옙화,,,占쏙옙친 占쏙옙占쏙옙占쏙옙 占쎈역占쏙옙,,,,,,,,,,,,,,monster-160,1,"[""monster""]","[""160""]",[],[],[],[],[],[],[],[],[],[],[],[],{},[],"[""skill"",[""key"",""monster-160""],[""name"",""占쏙옙占쏙옙화""],[""desc"",""占쏙옙친 占쏙옙占쏙옙占쏙옙 占쎈역占쏙옙""],[""limit"",""monster""],[""action"",""160""],[""motion"",""0"",""1"",""none""]]",bango-file,jobsystem.dat,6561
占쏙옙占쏙옙占쏙옙占쏙옙,,,占쏙옙화占쏙옙 占쏙옙占쏙옙占쏙옙占쏙옙 占쏙옙占쏙옙占쏙옙,,,,,,,,,,,,,,monster-161,1,"[""monster""]","[""161""]",[],[],[],[],[],[],[],[],[],[],[],[],{},[],"[""skill"",[""key"",""monster-161""],[""name"",""占쏙옙占쏙옙占쏙옙占쏙옙""],[""desc"",""占쏙옙화占쏙옙 占쏙옙占쏙옙占쏙옙占쏙옙 占쏙옙占쏙옙占쏙옙""],[""limit"",""monster""],[""action"",""161""],[""motion"",""0"",""1"",""none""]]",bango-file,jobsystem.dat,6564
占썸돌,,,占쏙옙占쏙옙占\xbd?,,,,,,,,,,,,,,monster-162,1,"[""monster""]","[""162""]",[],[],[],[],[],[],[],[],[],[],[],[],{},[],"[""skill"",[""key"",""monster-162""],[""name"",""占썸돌""],[""desc"",""占쏙옙占쏙옙占\\xbd?""],[""limit"",""monster""],[""action"",""162""],[""motion"",""1"",""2"",""none""]]",bango-file,jobsystem.dat,6567
占쎌갗占쏙옙占쏙옙,,,占쏙옙占쏙옙,,,,,,,,,,,,,,monster-163,1,"[""monster""]","[""163""]",[],[],[],[],[],[],[],[],[],[],[],[],{},[],"[""skill"",[""key"",""monster-163""],[""name"",""占쎌갗占쏙옙占쏙옙""],[""desc"",""占쏙옙占쏙옙""],[""limit"",""monster""],[""action"",""163""],[""motion"",""0"",""1"",""none""]]",bango-file,jobsystem.dat,6570
占싱삼옙 占싹곤옙,,,占쏙옙,,,,,,,,,,,,,,monster-164,1,"[""monster""]","[""164""]",[],[],[],[],[],[],[],[],[],[],[],[],{},[],"[""skill"",[""key"",""monster-164""],[""name"",""占싱삼옙 占싹곤옙""],[""desc"",""占쏙옙""],[""limit"",""monster""],[""action"",""164""],[""motion"",""0"",""1"",""none""]]",bango-file,jobsystem.dat,6573
占쏙옙침,,,占쏙옙占쏙옙,,,,,,,,,,,,,,monster-165,1,"[""monster""]","[""165""]",[],[],[],[],[],[],[],[],[],[],[],[],{},[],"[""skill"",[""key"",""monster-165""],[""name"",""占쏙옙침""],[""desc"",""占쏙옙占쏙옙""],[""limit"",""monster""],[""action"",""165""],[""motion"",""0"",""1"",""none""]]",bango-file,jobsystem.dat,6576
占쌍몌옙,,,占쏙옙占쏙옙占쏙옙 占쌍쇽옙占쏙옙,,,,,,,,,,,,,,monster-166,1,"[""monster""]","[""166""]",[],[],[],[],[],[],[],[],[],[],[],[],{},[],"[""skill"",[""key"",""monster-166""],[""name"",""占쌍몌옙""],[""desc"",""占쏙옙占쏙옙占쏙옙 占쌍쇽옙占쏙옙""],[""limit"",""monster""],[""action"",""166""],[""motion"",""1"",""2"",""none""]]",bango-file,jobsystem.dat,6579
占쏙옙占쏙옙占쏙옙,,,占쏙옙화占쏙옙 占쏙옙占쏙옙,,,,,,,,,,,,,,monster-167,1,"[""monster""]","[""167""]",[],[],[],[],[],[],[],[],[],[],[],[],{},[],"[""skill"",[""key"",""monster-167""],[""name"",""占쏙옙占쏙옙占쏙옙""],[""desc"",""占쏙옙화占쏙옙 占쏙옙占쏙옙""],[""limit"",""monster""],[""action"",""167""],[""motion"",""0"",""1"",""none""]]",bango-file,jobsystem.dat,6582
占쌨쇽옙 占싹곤옙,,,占쏙옙화占쏙옙 占쏙옙占쏙옙,,,,,,,,,,,,,,monster-168,1,"[""monster""]","[""168""]",[],[],[],[],[],[],[],[],[],[],[],[],{},[],"[""skill"",[""key"",""monster-168""],[""name"",""占쌨쇽옙 占싹곤옙""],[""desc"",""占쏙옙화占쏙옙 占쏙옙占쏙옙""],[""limit"",""monster""],[""action"",""168""],[""motion"",""0"",""2"",""none""]]",bango-file,jobsystem.dat,6583
占쏙옙占쏙옙占쏙옙 占쏙옙占쏙옙,,,占쏙옙占쏙옙 占쌍쇽옙占쏙옙,,,,,,,,,,,,,,monster-169,1,"[""monster""]","[""169""]",[],[],[],[],[],[],[],[],[],[],[],[],{},[],"[""skill"",[""key"",""monster-169""],[""name"",""占쏙옙占쏙옙占쏙옙 占쏙옙占쏙옙""],[""desc"",""占쏙옙占쏙옙 占쌍쇽옙占쏙옙""],[""limit"",""monster""],[""action"",""169""],[""motion"",""1"",""2"",""none""]]",bango-file,jobsystem.dat,6586
占쏙옙占쏙옙 占쏘르占쏙옙,,,占쏙옙占쏙옙占쏙옙 占쏙옙占쏙옙,,,,,,,,,,,,,,monster-170,1,"[""monster""]","[""170""]",[],[],[],[],[],[],[],[],[],[],[],[],{},[],"[""skill"",[""key"",""monster-170""],[""name"",""占쏙옙占쏙옙 占쏘르占쏙옙""],[""desc"",""占쏙옙占쏙옙占쏙옙 占쏙옙占쏙옙""],[""limit"",""monster""],[""action"",""170""],[""motion"",""1"",""2"",""none""]]",bango-file,jobsystem.dat,6589
占쏙옙占쏙옙화,,,占쏙옙,,,,,,,,,,,,,,monster-171,1,"[""monster""]","[""171""]",[],[],[],[],[],[],[],[],[],[],[],[],{},[],"[""skill"",[""key"",""monster-171""],[""name"",""占쏙옙占쏙옙화""],[""desc"",""占쏙옙""],[""limit"",""monster""],[""action"",""171""],[""motion"",""0"",""1"",""none""]]",bango-file,jobsystem.dat,6592
홀占쏙옙占쏙옙,,,처占쏙옙枯占\xbd?,,,,,,,,,,,,,,monster-172,1,"[""monster""]","[""172""]",[],[],[],[],[],[],[],[],[],[],[],[],{},[],"[""skill"",[""key"",""monster-172""],[""name"",""홀占쏙옙占쏙옙""],[""desc"",""처占쏙옙枯占\\xbd?""],[""limit"",""monster""],[""action"",""172""],[""motion"",""0"",""1"",""none""]]",bango-file,jobsystem.dat,6595
占쏙옙占쏙옙占쏙옙 占싹곤옙,,,占쌤다몌옙 占싶쏙옙,,,,,,,,,,,,,,monster-173,1,"[""monster""]","[""173""]",[],[],[],[],[],[],[],[],[],[],[],[],{},[],"[""skill"",[""key"",""monster-173""],[""name"",""占쏙옙占쏙옙占쏙옙 占싹곤옙""],[""desc"",""占쌤다몌옙 占싶쏙옙""],[""limit"",""monster""],[""action"",""173""],[""motion"",""0"",""1"",""none""]]",bango-file,jobsystem.dat,6597
占싫몌옙 占쏙옙타,,,占쏙옙占쏙옙占쏙옙티(占쏙옙占싱억옙트),,,,,,,,,,,,,,monster-174,1,"[""monster""]","[""174""]",[],[],[],[],[],[],[],[],[],[],[],[],{},[],"[""skill"",[""key"",""monster-174""],[""name"",""占싫몌옙 占쏙옙타""],[""desc"",""占쏙옙占쏙옙占쏙옙티(占쏙옙占싱억옙트)""],[""limit"",""monster""],[""action"",""174""],[""motion"",""1"",""2"",""none""]]",bango-file,jobsystem.dat,6599
占쏙옙占쏙옙 占쏙옙占\xbd?,,,占쏙옙占쏙옙占쏙옙 占쏙옙占쏙옙占쏙옙,,,,,,,,,,,,,,monster-175,1,"[""monster""]","[""175""]",[],[],[],[],[],[],[],[],[],[],[],[],{},[],"[""skill"",[""key"",""monster-175""],[""name"",""占쏙옙占쏙옙 占쏙옙占\\xbd?""],[""desc"",""占쏙옙占쏙옙占쏙옙 占쏙옙占쏙옙占쏙옙""],[""limit"",""monster""],[""action"",""175""],[""motion"",""1"",""2"",""none""]]",bango-file,jobsystem.dat,6602
占쏙옙占쏙옙 占쏙옙환,,,占쏙옙占쏙옙占쏙옙 占쏙옙占쏙옙占쏙옙,,,,,,,,,,,,,,monster-176,1,"[""monster""]","[""176""]",[],[],[],[],[],[],[],[],[],[],[],[],{},[],"[""skill"",[""key"",""monster-176""],[""name"",""占쏙옙占쏙옙 占쏙옙환""],[""desc"",""占쏙옙占쏙옙占쏙옙 占쏙옙占쏙옙占쏙옙""],[""limit"",""monster""],[""action"",""176""],[""motion"",""3"",""4"",""none""]]",bango-file,jobsystem.dat,6603
占쏙옙占쏙옙풍,,,占쏙옙占쏙옙占쏙옙 占쏙옙占쏙옙占쏙옙,,,,,,,,,,,,,,monster-177,1,"[""monster""]","[""177""]",[],[],[],[],[],[],[],[],[],[],[],[],{},[],"[""skill"",[""key"",""monster-177""],[""name"",""占쏙옙占쏙옙풍""],[""desc"",""占쏙옙占쏙옙占쏙옙 占쏙옙占쏙옙占쏙옙""],[""limit"",""monster""],[""action"",""177""],[""motion"",""5"",""6"",""none""]]",bango-file,jobsystem.dat,6604
占쏙옙占쏙옙占쏙옙 占쏙옙占쏙옙,,,占쏙옙占쏙옙占쏙옙 占쏙옙占쏙옙占쏙옙,,,,,,,,,,,,,,monster-178,1,"[""monster""]","[""178""]",[],[],[],[],[],[],[],[],[],[],[],[],{},[],"[""skill"",[""key"",""monster-178""],[""name"",""占쏙옙占쏙옙占쏙옙 占쏙옙占쏙옙""],[""desc"",""占쏙옙占쏙옙占쏙옙 占쏙옙占쏙옙占쏙옙""],[""limit"",""monster""],[""action"",""178""],[""motion"",""7"",""8"",""none""]]",bango-file,jobsystem.dat,6605
占쏙옙환占쏙옙 占쏙옙환,,,占쏙옙占쏙옙占쏙옙티(占쏙옙占쏙옙占쏙옙),,,,,,,,,,,,,,monster-179,1,"[""monster""]","[""179""]",[],[],[],[],[],[],[],[],[],[],[],[],{},[],"[""skill"",[""key"",""monster-179""],[""name"",""占쏙옙환占쏙옙 占쏙옙환""],[""desc"",""占쏙옙占쏙옙占쏙옙티(占쏙옙占쏙옙占쏙옙)""],[""limit"",""monster""],[""action"",""179""],[""motion"",""1"",""2"",""none""]]",bango-file,jobsystem.dat,6608
占쏙옙占쏙옙占쏙옙 占쏙옙(占쏙옙),,,占쏙옙占쏙옙占쏙옙 占실귀놂옙,,,,,,,,,,,,,,monster-180,1,"[""monster""]","[""180""]",[],[],[],[],[],[],[],[],[],[],[],[],{},[],"[""skill"",[""key"",""monster-180""],[""name"",""占쏙옙占쏙옙占쏙옙 占쏙옙(占쏙옙)""],[""desc"",""占쏙옙占쏙옙占쏙옙 占실귀놂옙""],[""limit"",""monster""],[""action"",""180""],[""motion"",""1"",""2"",""none""]]",bango-file,jobsystem.dat,6611
占싶듸옙占쏙옙占쏙옙(占쏙옙),,,占쏙옙占쏙옙占쏙옙 占실귀놂옙,,,,,,,,,,,,,,monster-181,1,"[""monster""]","[""181""]",[],[],[],[],[],[],[],[],[],[],[],[],{},[],"[""skill"",[""key"",""monster-181""],[""name"",""占싶듸옙占쏙옙占쏙옙(占쏙옙)""],[""desc"",""占쏙옙占쏙옙占쏙옙 占실귀놂옙""],[""limit"",""monster""],[""action"",""181""],[""motion"",""3"",""4"",""none""]]",bango-file,jobsystem.dat,6612
화占쏙옙占쏙옙(占쏙옙),,,占쏙옙占쏙옙占쏙옙 占실귀놂옙,,,,,,,,,,,,,,monster-182,1,"[""monster""]","[""182""]",[],[],[],[],[],[],[],[],[],[],[],[],{},[],"[""skill"",[""key"",""monster-182""],[""name"",""화占쏙옙占쏙옙(占쏙옙)""],[""desc"",""占쏙옙占쏙옙占쏙옙 占실귀놂옙""],[""limit"",""monster""],[""action"",""182""],[""motion"",""5"",""6"",""none""]]",bango-file,jobsystem.dat,6613
占쏙옙占쏙옙占쏙옙 占쏙옙(占쏙옙),,,占쏙옙占쏙옙占쏙옙 占실귀놂옙,,,,,,,,,,,,,,monster-183,1,"[""monster""]","[""183""]",[],[],[],[],[],[],[],[],[],[],[],[],{},[],"[""skill"",[""key"",""monster-183""],[""name"",""占쏙옙占쏙옙占쏙옙 占쏙옙(占쏙옙)""],[""desc"",""占쏙옙占쏙옙占쏙옙 占실귀놂옙""],[""limit"",""monster""],[""action"",""183""],[""motion"",""1"",""2"",""none""]]",bango-file,jobsystem.dat,6614
占싶듸옙占쏙옙占쏙옙(占쏙옙),,,占쏙옙占쏙옙占쏙옙 占실귀놂옙,,,,,,,,,,,,,,monster-184,1,"[""monster""]","[""184""]",[],[],[],[],[],[],[],[],[],[],[],[],{},[],"[""skill"",[""key"",""monster-184""],[""name"",""占싶듸옙占쏙옙占쏙옙(占쏙옙)""],[""desc"",""占쏙옙占쏙옙占쏙옙 占실귀놂옙""],[""limit"",""monster""],[""action"",""184""],[""motion"",""3"",""4"",""none""]]",bango-file,jobsystem.dat,6615
화占쏙옙占쏙옙(占쏙옙),,,占쏙옙占쏙옙占쏙옙 占실귀놂옙,,,,,,,,,,,,,,monster-185,1,"[""monster""]","[""185""]",[],[],[],[],[],[],[],[],[],[],[],[],{},[],"[""skill"",[""key"",""monster-185""],[""name"",""화占쏙옙占쏙옙(占쏙옙)""],[""desc"",""占쏙옙占쏙옙占쏙옙 占실귀놂옙""],[""limit"",""monster""],[""action"",""185""],[""motion"",""5"",""6"",""none""]]",bango-file,jobsystem.dat,6616
占쏙옙占쏙옙占쏙옙 占쏙옙(占쏙옙),,,占쏙옙占쏙옙占쏙옙 占실귀놂옙,,,,,,,,,,,,,,monster-186,1,"[""monster""]","[""186""]",[],[],[],[],[],[],[],[],[],[],[],[],{},[],"[""skill"",[""key"",""monster-186""],[""name"",""占쏙옙占쏙옙占쏙옙 占쏙옙(占쏙옙)""],[""desc"",""占쏙옙占쏙옙占쏙옙 占실귀놂옙""],[""limit"",""monster""],[""action"",""186""],[""motion"",""1"",""2"",""none""]]",bango-file,jobsystem.dat,6617
占싶듸옙占쏙옙占쏙옙(占쏙옙),,,占쏙옙占쏙옙占쏙옙 占실귀놂옙,,,,,,,,,,,,,,monster-187,1,"[""monster""]","[""187""]",[],[],[],[],[],[],[],[],[],[],[],[],{},[],"[""skill"",[""key"",""monster-187""],[""name"",""占싶듸옙占쏙옙占쏙옙(占쏙옙)""],[""desc"",""占쏙옙占쏙옙占쏙옙 占실귀놂옙""],[""limit"",""monster""],[""action"",""187""],[""motion"",""3"",""4"",""none""]]",bango-file,jobsystem.dat,6618
화占쏙옙占쏙옙(占쏙옙),,,占쏙옙占쏙옙占쏙옙 占실귀놂옙,,,,,,,,,,,,,,monster-188,1,"[""monster""]","[""188""]",[],[],[],[],[],[],[],[],[],[],[],[],{},[],"[""skill"",[""key"",""monster-188""],[""name"",""화占쏙옙占쏙옙(占쏙옙)""],[""desc"",""占쏙옙占쏙옙占쏙옙 占실귀놂옙""],[""limit"",""monster""],[""action"",""188""],[""motion"",""5"",""6"",""none""]]",bango-file,jobsystem.dat,6619
占쏘쓰占쏙옙占쏙옙크,,,占쏙옙占쌕쏙옙 占쏙옙占쏙옙占\xbd?,,,,,,,,,,,,,,monster-190,1,"[""monster""]","[""190""]",[],[],[],[],[],[],[],[],[],[],[],[],{},[],"[""skill"",[""key"",""monster-190""],[""name"",""占쏘쓰占쏙옙占쏙옙크""],[""desc"",""占쏙옙占쌕쏙옙 占쏙옙占쏙옙占\\xbd?""],[""limit"",""monster""],[""action"",""190""],[""motion"",""1"",""2"",""none""]]",bango-file,jobsystem.dat,6623
占쏙옙환,,,占쏙옙占쌕쏙옙 占쏙옙占쏙옙占\xbd?,,,,,,,,,,,,,,monster-191,1,"[""monster""]","[""191""]",[],[],[],[],[],[],[],[],[],[],[],[],{},[],"[""skill"",[""key"",""monster-191""],[""name"",""占쏙옙환""],[""desc"",""占쏙옙占쌕쏙옙 占쏙옙占쏙옙占\\xbd?""],[""limit"",""monster""],[""action"",""191""],[""motion"",""3"",""4"",""none""]]",bango-file,jobsystem.dat,6624
占싹울링,,,占쏙옙占쌕쏙옙 占쏙옙占쏙옙占\xbd?,,,,,,,,,,,,,,monster-192,1,"[""monster""]","[""192""]",[],[],[],[],[],[],[],[],[],[],[],[],{},[],"[""skill"",[""key"",""monster-192""],[""name"",""占싹울링""],[""desc"",""占쏙옙占쌕쏙옙 占쏙옙占쏙옙占\\xbd?""],[""limit"",""monster""],[""action"",""192""],[""motion"",""0"",""5"",""none""]]",bango-file,jobsystem.dat,6625
占쏙옙효,,,황占쏙옙占쏙옙 占쏙옙占쏙옙占쏙옙,,,,,,,,,,,,,,monster-193,1,"[""monster""]","[""193""]",[],[],[],[],[],[],[],[],[],[],[],[],{},[],"[""skill"",[""key"",""monster-193""],[""name"",""占쏙옙효""],[""desc"",""황占쏙옙占쏙옙 占쏙옙占쏙옙占쏙옙""],[""limit"",""monster""],[""action"",""193""],[""motion"",""1"",""2"",""none""]]",bango-file,jobsystem.dat,6630
占쏙옙타,,,황占쏙옙占쏙옙 占쏙옙占쏙옙占쏙옙,,,,,,,,,,,,,,monster-194,1,"[""monster""]","[""194""]",[],[],[],[],[],[],[],[],[],[],[],[],{},[],"[""skill"",[""key"",""monster-194""],[""name"",""占쏙옙타""],[""desc"",""황占쏙옙占쏙옙 占쏙옙占쏙옙占쏙옙""],[""limit"",""monster""],[""action"",""194""],[""motion"",""0"",""3"",""none""]]",bango-file,jobsystem.dat,6631
占식뤄옙치占쏙옙,,,占쏙옙占쏙옙占쏙옙 占쏙옙占\xbd?,,,,,,,,,,,,,,monster-195,1,"[""monster""]","[""195""]",[],[],[],[],[],[],[],[],[],[],[],[],{},[],"[""skill"",[""key"",""monster-195""],[""name"",""占식뤄옙치占쏙옙""],[""desc"",""占쏙옙占쏙옙占쏙옙 占쏙옙占\\xbd?""],[""limit"",""monster""],[""action"",""195""],[""motion"",""0"",""1"",""none""]]",bango-file,jobsystem.dat,6635
占썹날占실곤옙,,,占쏙옙占쏙옙占쏙옙 占쏙옙占\xbd?,,,,,,,,,,,,,,monster-196,1,"[""monster""]","[""196""]",[],[],[],[],[],[],[],[],[],[],[],[],{},[],"[""skill"",[""key"",""monster-196""],[""name"",""占썹날占실곤옙""],[""desc"",""占쏙옙占쏙옙占쏙옙 占쏙옙占\\xbd?""],[""limit"",""monster""],[""action"",""196""],[""motion"",""0"",""2"",""none""]]",bango-file,jobsystem.dat,6636
占쏙옙환占쏙옙,,,占쏙옙占쏙옙占쏙옙 占쌍쇽옙占쏙옙,,,,,,,,,,,,,,monster-200,1,"[""monster""]","[""166""]",[],[],[],[],[],[],[],[],[],[],[],[],{},[],"[""skill"",[""key"",""monster-200""],[""name"",""占쏙옙환占쏙옙""],[""desc"",""占쏙옙占쏙옙占쏙옙 占쌍쇽옙占쏙옙""],[""limit"",""monster""],[""action"",""166""],[""motion"",""1"",""2"",""none""]]",bango-file,jobsystem.dat,6640
占쏙옙환占쏙옙,,,占쏙옙占쏙옙占쏙옙 占쌍쇽옙占쏙옙,,,,,,,,,,,,,,monster-201,1,"[""monster""]","[""166""]",[],[],[],[],[],[],[],[],[],[],[],[],{},[],"[""skill"",[""key"",""monster-201""],[""name"",""占쏙옙환占쏙옙""],[""desc"",""占쏙옙占쏙옙占쏙옙 占쌍쇽옙占쏙옙""],[""limit"",""monster""],[""action"",""166""],[""motion"",""1"",""2"",""none""]]",bango-file,jobsystem.dat,6641
占쏙옙환占쏙옙,,,占쏙옙占쏙옙占쏙옙 占쌍쇽옙占쏙옙,,,,,,,,,,,,,,monster-202,1,"[""monster""]","[""166""]",[],[],[],[],[],[],[],[],[],[],[],[],{},[],"[""skill"",[""key"",""monster-202""],[""name"",""占쏙옙환占쏙옙""],[""desc"",""占쏙옙占쏙옙占쏙옙 占쌍쇽옙占쏙옙""],[""limit"",""monster""],[""action"",""166""],[""motion"",""1"",""2"",""none""]]",bango-file,jobsystem.dat,6642
占쏙옙환占쏙옙,,,占쏙옙친 占쏙옙占쏙옙占쏙옙 占쌍쇽옙占쏙옙,,,,,,,,,,,,,,monster-203,1,"[""monster""]","[""179""]",[],[],[],[],[],[],[],[],[],[],[],[],{},[],"[""skill"",[""key"",""monster-203""],[""name"",""占쏙옙환占쏙옙""],[""desc"",""占쏙옙친 占쏙옙占쏙옙占쏙옙 占쌍쇽옙占쏙옙""],[""limit"",""monster""],[""action"",""179""],[""motion"",""1"",""2"",""none""]]",bango-file,jobsystem.dat,6644
占쏙옙환占쏙옙,,,占쏙옙친 占쏙옙占쏙옙占쏙옙 占쌍쇽옙占쏙옙,,,,,,,,,,,,,,monster-204,1,"[""monster""]","[""179""]",[],[],[],[],[],[],[],[],[],[],[],[],{},[],"[""skill"",[""key"",""monster-204""],[""name"",""占쏙옙환占쏙옙""],[""desc"",""占쏙옙친 占쏙옙占쏙옙占쏙옙 占쌍쇽옙占쏙옙""],[""limit"",""monster""],[""action"",""179""],[""motion"",""1"",""2"",""none""]]",bango-file,jobsystem.dat,6645
占쌓몌옙占쏙옙 占쏙옙占쏙옙,,,占쏙옙占쏙옙占쏙옙 占쌓몌옙占쏙옙,,,,,,,,,,,,,,monster-213,1,"[""monster""]","[""213""]",[],[],[],[],[],[],[],[],[],[],[],[],{},[],"[""skill"",[""key"",""monster-213""],[""name"",""占쌓몌옙占쏙옙 占쏙옙占쏙옙""],[""desc"",""占쏙옙占쏙옙占쏙옙 占쌓몌옙占쏙옙""],[""limit"",""monster""],[""action"",""213""],[""motion"",""4"",""5"",""none""]]",bango-file,jobsystem.dat,6648
占쏙옙占쏙옙占쏙옙 占시쇽옙,,,占쏙옙占쏙옙占쏙옙 占쌓몌옙占쏙옙,,,,,,,,,,,,,,monster-214,1,"[""monster""]","[""214""]",[],[],[],[],[],[],[],[],[],[],[],[],{},[],"[""skill"",[""key"",""monster-214""],[""name"",""占쏙옙占쏙옙占쏙옙 占시쇽옙""],[""desc"",""占쏙옙占쏙옙占쏙옙 占쌓몌옙占쏙옙""],[""limit"",""monster""],[""action"",""214""],[""motion"",""0"",""6"",""none""]]",bango-file,jobsystem.dat,6649
占쏙옙占쏙옙 占쏙옙占쏙옙 占쏙옙占쏙옙,,,占쏙옙占쏙옙占쏙옙 占쌓몌옙占쏙옙,,,,,,,,,,,,,,monster-215,1,"[""monster""]","[""215""]",[],[],[],[],[],[],[],[],[],[],[],[],{},[],"[""skill"",[""key"",""monster-215""],[""name"",""占쏙옙占쏙옙 占쏙옙占쏙옙 占쏙옙占쏙옙""],[""desc"",""占쏙옙占쏙옙占쏙옙 占쌓몌옙占쏙옙""],[""limit"",""monster""],[""action"",""215""],[""motion"",""2"",""3"",""none""]]",bango-file,jobsystem.dat,6650
Single Stun,,,Dungeon Guard ,,,,,,,,,,,,,,monster-216,1,"[""monster""]","[""216""]",[],[],[],[],[],[],[],[],[],[],[],[],{},[],"[""skill"",[""key"",""monster-216""],[""name"",""Single Stun""],[""desc"",""Dungeon Guard ""],[""limit"",""monster""],[""action"",""216""],[""motion"",""0"",""0"",""none""]]",bango-file,jobsystem.dat,6654
Single Stun,,,Dungeon Scout Soldier,,,,,,,,,,,,,,monster-217,1,"[""monster""]","[""217""]",[],[],[],[],[],[],[],[],[],[],[],[],{},[],"[""skill"",[""key"",""monster-217""],[""name"",""Single Stun""],[""desc"",""Dungeon Scout Soldier""],[""limit"",""monster""],[""action"",""217""],[""motion"",""1"",""2"",""none""]]",bango-file,jobsystem.dat,6656
Rampage,,,Dungeon Shock Trooper,,,,,,,,,,,,,,monster-218,1,"[""monster""]","[""218""]",[],[],[],[],[],[],[],[],[],[],[],[],{},[],"[""skill"",[""key"",""monster-218""],[""name"",""Rampage""],[""desc"",""Dungeon Shock Trooper""],[""limit"",""monster""],[""action"",""218""],[""motion"",""0"",""1"",""none""]]",bango-file,jobsystem.dat,6658
Incising,,,Dungeon Ax Soldier,,,,,,,,,,,,,,monster-219,1,"[""monster""]","[""219""]",[],[],[],[],[],[],[],[],[],[],[],[],{},[],"[""skill"",[""key"",""monster-219""],[""name"",""Incising""],[""desc"",""Dungeon Ax Soldier""],[""limit"",""monster""],[""action"",""219""],[""motion"",""0"",""0"",""none""]]",bango-file,jobsystem.dat,6660
Incising,,,Dungeon Mad Knight,,,,,,,,,,,,,,monster-220,1,"[""monster""]","[""220""]",[],[],[],[],[],[],[],[],[],[],[],[],{},[],"[""skill"",[""key"",""monster-220""],[""name"",""Incising""],[""desc"",""Dungeon Mad Knight""],[""limit"",""monster""],[""action"",""220""],[""motion"",""0"",""0"",""none""]]",bango-file,jobsystem.dat,6662
Multiple stun,,,Dungeon Mighty Knight,,,,,,,,,,,,,,monster-221,1,"[""monster""]","[""221""]",[],[],[],[],[],[],[],[],[],[],[],[],{},[],"[""skill"",[""key"",""monster-221""],[""name"",""Multiple stun""],[""desc"",""Dungeon Mighty Knight""],[""limit"",""monster""],[""action"",""221""],[""motion"",""0"",""0"",""none""]]",bango-file,jobsystem.dat,6664
占쏙옙占쏙림,,,占쏙옙占쏙옙 占식깍옙占쏙옙,,,,,,,,,,,,,,monster-222,1,"[""monster""]","[""222""]",[],[],[],[],[],[],[],[],[],[],[],[],{},[],"[""skill"",[""key"",""monster-222""],[""name"",""占쏙옙占쏙림""],[""desc"",""占쏙옙占쏙옙 占식깍옙占쏙옙""],[""limit"",""monster""],[""action"",""222""],[""motion"",""0"",""2"",""none""]]",bango-file,jobsystem.dat,6668
占쏙옙占쌘쇽옙,,,占쏙옙占쏙옙 占쏙옙치,,,,,,,,,,,,,,monster-223,1,"[""monster""]","[""223""]",[],[],[],[],[],[],[],[],[],[],[],[],{},[],"[""skill"",[""key"",""monster-223""],[""name"",""占쏙옙占쌘쇽옙""],[""desc"",""占쏙옙占쏙옙 占쏙옙치""],[""limit"",""monster""],[""action"",""223""],[""motion"",""1"",""2"",""none""]]",bango-file,jobsystem.dat,6670
占싫몌옙 占쏙옙타,,,占쏙옙占쏙옙 占쏙옙占쏙옙占\xbd?,,,,,,,,,,,,,,monster-224,1,"[""monster""]","[""224""]",[],[],[],[],[],[],[],[],[],[],[],[],{},[],"[""skill"",[""key"",""monster-224""],[""name"",""占싫몌옙 占쏙옙타""],[""desc"",""占쏙옙占쏙옙 占쏙옙占쏙옙占\\xbd?""],[""limit"",""monster""],[""action"",""224""],[""motion"",""1"",""2"",""none""]]",bango-file,jobsystem.dat,6672
占썸돌,,,占쏙옙占쏙옙占\xbd?,,,,,,,,,,,,,,monster-225,1,"[""monster""]","[""225""]",[],[],[],[],[],[],[],[],[],[],[],[],{},[],"[""skill"",[""key"",""monster-225""],[""name"",""占썸돌""],[""desc"",""占쏙옙占쏙옙占\\xbd?""],[""limit"",""monster""],[""action"",""225""],[""motion"",""1"",""2"",""none""]]",bango-file,jobsystem.dat,6675
占썸돌,,,占쏙옙占쏙옙占\xbd?,,,,,,,,,,,,,,monster-226,1,"[""monster""]","[""226""]",[],[],[],[],[],[],[],[],[],[],[],[],{},[],"[""skill"",[""key"",""monster-226""],[""name"",""占썸돌""],[""desc"",""占쏙옙占쏙옙占\\xbd?""],[""limit"",""monster""],[""action"",""226""],[""motion"",""1"",""2"",""none""]]",bango-file,jobsystem.dat,6676
占썸돌,,,占쏙옙占쏙옙占\xbd?,,,,,,,,,,,,,,monster-227,1,"[""monster""]","[""227""]",[],[],[],[],[],[],[],[],[],[],[],[],{},[],"[""skill"",[""key"",""monster-227""],[""name"",""占썸돌""],[""desc"",""占쏙옙占쏙옙占\\xbd?""],[""limit"",""monster""],[""action"",""227""],[""motion"",""0"",""1"",""none""]]",bango-file,jobsystem.dat,6677
占썸돌,,,占쏙옙占쏙옙占\xbd?,,,,,,,,,,,,,,monster-228,1,"[""monster""]","[""228""]",[],[],[],[],[],[],[],[],[],[],[],[],{},[],"[""skill"",[""key"",""monster-228""],[""name"",""占썸돌""],[""desc"",""占쏙옙占쏙옙占\\xbd?""],[""limit"",""monster""],[""action"",""228""],[""motion"",""1"",""2"",""none""]]",bango-file,jobsystem.dat,6680
占썸돌,,,占쏙옙占쏙옙占\xbd?,,,,,,,,,,,,,,monster-229,1,"[""monster""]","[""229""]",[],[],[],[],[],[],[],[],[],[],[],[],{},[],"[""skill"",[""key"",""monster-229""],[""name"",""占썸돌""],[""desc"",""占쏙옙占쏙옙占\\xbd?""],[""limit"",""monster""],[""action"",""229""],[""motion"",""1"",""2"",""none""]]",bango-file,jobsystem.dat,6681
占썸돌,,,占쏙옙占쏙옙占\xbd?,,,,,,,,,,,,,,monster-230,1,"[""monster""]","[""230""]",[],[],[],[],[],[],[],[],[],[],[],[],{},[],"[""skill"",[""key"",""monster-230""],[""name"",""占썸돌""],[""desc"",""占쏙옙占쏙옙占\\xbd?""],[""limit"",""monster""],[""action"",""230""],[""motion"",""0"",""1"",""none""]]",bango-file,jobsystem.dat,6684
占썸돌,,,占쏙옙占쏙옙占\xbd?,,,,,,,,,,,,,,monster-234,1,"[""monster""]","[""234""]",[],[],[],[],[],[],[],[],[],[],[],[],{},[],"[""skill"",[""key"",""monster-234""],[""name"",""占썸돌""],[""desc"",""占쏙옙占쏙옙占\\xbd?""],[""limit"",""monster""],[""action"",""234""],[""motion"",""0"",""2"",""none""]]",bango-file,jobsystem.dat,6686
占식뤄옙치占쏙옙,,,占쏙옙占쏙옙占쏙옙 占쏙옙占\xbd?,,,,,,,,,,,,,,monster-235,1,"[""monster""]","[""235""]",[],[],[],[],[],[],[],[],[],[],[],[],{},[],"[""skill"",[""key"",""monster-235""],[""name"",""占식뤄옙치占쏙옙""],[""desc"",""占쏙옙占쏙옙占쏙옙 占쏙옙占\\xbd?""],[""limit"",""monster""],[""action"",""235""],[""motion"",""1"",""2"",""none""]]",bango-file,jobsystem.dat,6689
占식뤄옙치占쏙옙,,,占쏙옙占쏙옙占쏙옙 占쏙옙占\xbd?,,,,,,,,,,,,,,monster-236,1,"[""monster""]","[""236""]",[],[],[],[],[],[],[],[],[],[],[],[],{},[],"[""skill"",[""key"",""monster-236""],[""name"",""占식뤄옙치占쏙옙""],[""desc"",""占쏙옙占쏙옙占쏙옙 占쏙옙占\\xbd?""],[""limit"",""monster""],[""action"",""236""],[""motion"",""0"",""1"",""none""]]",bango-file,jobsystem.dat,6692
